Step,ue0_x,ue0_y,ue0_direction,ue0_connected_bs,ue0_current_rsrp,ue0_sinr,ue0_speed,ue0_handover,ue0_rsrp_bs0,ue0_sinr_bs0,ue0_rsrp_bs1,ue0_sinr_bs1,ue0_rsrp_bs2,ue0_sinr_bs2,ue0_rsrp_bs3,ue0_sinr_bs3,ue0_rsrp_bs4,ue0_sinr_bs4,ue0_rsrp_bs5,ue0_sinr_bs5,ue0_rsrp_bs6,ue0_sinr_bs6
0,5300.25,5366.50,0,6,-72.68,13.66,90.00,0,-107.37,-34.87,-109.34,-36.84,-101.42,-28.92,-88.19,-15.58,-98.97,-26.46,-93.21,-20.68,-72.68,13.66
1,5300.50,5366.50,0,6,-72.80,14.40,90.00,0,-105.09,-32.44,-106.38,-33.73,-101.40,-28.74,-88.76,-16.01,-100.10,-27.45,-95.99,-23.33,-72.80,14.40
2,5300.75,5366.50,0,6,-75.28,11.95,90.00,0,-105.94,-30.93,-107.57,-32.56,-101.58,-26.57,-88.93,-13.74,-99.03,-24.01,-95.59,-20.54,-75.28,11.95
3,5301.00,5366.50,0,6,-77.36,10.94,90.00,0,-107.67,-30.65,-106.84,-29.81,-101.20,-24.16,-90.42,-13.20,-101.28,-24.24,-95.49,-18.40,-77.36,10.94
4,5301.25,5366.50,0,6,-75.42,11.69,90.00,0,-109.57,-34.43,-106.36,-31.22,-101.40,-26.26,-88.46,-13.11,-100.74,-25.59,-96.43,-21.26,-75.42,11.69
5,5301.50,5366.50,0,6,-73.87,12.90,90.00,0,-112.40,-inf,-107.19,-33.54,-99.44,-25.77,-88.60,-14.80,-96.63,-22.95,-95.65,-21.97,-73.87,12.90
6,5301.75,5366.50,0,6,-74.94,11.05,90.00,0,-112.30,-inf,-107.86,-33.24,-97.26,-22.62,-87.50,-12.66,-97.62,-22.99,-95.85,-21.20,-74.94,11.05
7,5302.00,5366.50,0,6,-74.67,10.70,90.00,0,-112.41,-inf,-107.12,-32.81,-100.76,-26.43,-86.32,-11.72,-98.14,-23.80,-96.70,-22.36,-74.67,10.70
8,5302.25,5366.50,0,6,-71.88,14.56,90.00,0,-110.61,-inf,-108.07,-36.34,-98.52,-26.78,-87.66,-15.82,-98.69,-26.95,-97.84,-26.10,-71.88,14.56
9,5302.50,5366.50,0,6,-71.93,13.97,90.00,0,-113.77,-inf,-108.28,-36.52,-98.41,-26.65,-87.17,-15.28,-95.23,-23.46,-100.41,-28.64,-71.93,13.97
10,5302.75,5366.50,0,6,-71.28,15.04,90.00,0,-114.89,-inf,-106.53,-35.38,-100.26,-29.11,-87.58,-16.33,-95.81,-24.65,-99.75,-28.59,-71.28,15.04
11,5303.00,5366.50,0,6,-71.18,16.70,90.00,0,-114.75,-inf,-107.84,-36.76,-98.39,-27.30,-90.07,-18.93,-97.60,-26.50,-96.79,-25.69,-71.18,16.70
12,5303.25,5366.50,0,6,-74.58,12.87,90.00,0,-116.02,-inf,-107.96,-33.60,-96.05,-21.66,-89.50,-15.00,-98.43,-24.05,-97.77,-23.38,-74.58,12.87
13,5303.50,5366.50,0,6,-74.81,13.15,90.00,0,-116.18,-inf,-104.89,-30.28,-97.27,-22.64,-90.09,-15.36,-97.80,-23.17,-98.73,-24.11,-74.81,13.15
14,5303.75,5366.50,0,6,-76.43,12.80,90.00,0,-117.27,-inf,-104.10,-27.88,-100.58,-24.36,-92.07,-15.74,-96.95,-20.70,-98.45,-22.21,-76.43,12.80
15,5304.00,5366.50,0,6,-76.27,12.33,90.00,0,-119.33,-inf,-103.11,-27.07,-98.92,-22.88,-90.79,-14.62,-97.29,-21.24,-100.74,-24.70,-76.27,12.33
16,5304.25,5366.50,0,6,-76.94,11.47,90.00,0,-118.44,-inf,-104.60,-27.95,-100.12,-23.46,-90.48,-13.65,-95.97,-19.27,-102.21,-25.55,-76.94,11.47
17,5304.50,5366.50,0,6,-75.55,11.21,90.00,0,-115.91,-inf,-101.97,-26.73,-99.28,-24.03,-88.09,-12.62,-96.76,-21.50,-102.13,-26.89,-75.55,11.21
18,5304.75,5366.50,0,6,-76.91,9.82,90.00,0,-117.05,-inf,-103.94,-27.46,-98.27,-21.77,-88.13,-11.35,-96.34,-19.82,-101.73,-25.24,-76.91,9.82
19,5305.00,5366.50,0,6,-78.62,8.56,90.00,0,-115.91,-inf,-104.40,-26.33,-98.52,-20.42,-88.73,-10.28,-96.25,-18.12,-102.26,-24.18,-78.62,8.56
20,5305.25,5366.50,0,6,-80.29,5.56,90.00,0,-117.79,-inf,-105.35,-26.11,-98.35,-19.07,-86.93,-6.90,-96.46,-17.15,-101.46,-22.21,-80.29,5.56
21,5305.50,5366.50,0,6,-79.54,6.02,90.00,0,-115.89,-inf,-104.46,-25.88,-98.83,-20.22,-86.70,-7.41,-94.85,-16.18,-103.00,-24.42,-79.54,6.02
22,5305.75,5366.50,0,6,-78.76,6.29,90.00,0,-114.72,-inf,-105.68,-27.83,-100.58,-22.71,-85.82,-7.23,-96.37,-18.46,-101.81,-23.95,-78.76,6.29
23,5306.00,5366.50,0,6,-77.77,5.80,90.00,0,-111.29,-inf,-106.75,-29.99,-103.64,-26.88,-84.04,-6.39,-96.50,-19.70,-102.00,-25.23,-77.77,5.80
24,5306.25,5366.50,0,6,-77.50,4.81,90.00,0,-108.93,-32.67,-105.14,-28.87,-102.90,-26.63,-82.68,-5.29,-97.01,-20.71,-101.13,-24.85,-77.50,4.81
25,5306.50,5366.50,0,6,-76.31,6.35,90.00,0,-106.45,-31.05,-103.10,-27.70,-102.20,-26.79,-83.24,-7.05,-94.53,-19.08,-100.02,-24.61,-76.31,6.35
26,5306.75,5366.50,0,6,-78.09,2.06,90.00,0,-105.00,-29.01,-103.88,-27.89,-102.06,-26.06,-80.57,-2.72,-92.60,-16.52,-99.89,-23.88,-78.09,2.06
27,5307.00,5366.50,0,6,-78.57,1.70,90.00,0,-105.33,-29.00,-103.95,-27.62,-100.44,-24.09,-80.64,-2.30,-93.92,-17.52,-100.41,-24.07,-78.57,1.70
28,5307.25,5366.50,0,6,-79.06,3.14,90.00,0,-106.34,-28.99,-103.59,-26.24,-97.30,-19.92,-82.99,-4.27,-92.44,-14.96,-100.89,-23.53,-79.06,3.14
29,5307.50,5366.50,0,6,-79.17,6.39,90.00,0,-105.22,-26.94,-103.59,-25.31,-94.45,-16.08,-87.69,-8.89,-93.29,-14.88,-101.13,-22.84,-79.17,6.39
30,5307.75,5366.50,0,6,-81.49,1.96,90.00,0,-105.76,-26.40,-101.02,-21.64,-96.99,-17.57,-86.55,-6.28,-87.57,-7.51,-98.24,-18.83,-81.49,1.96
31,5308.00,5366.50,0,6,-78.87,2.48,90.00,0,-106.97,-30.04,-102.45,-25.51,-95.20,-18.21,-86.62,-9.20,-83.39,-5.36,-100.52,-23.58,-78.87,2.48
32,5308.25,5366.50,0,6,-78.37,2.42,90.00,0,-105.99,-29.58,-101.91,-25.50,-96.26,-19.81,-85.88,-8.96,-82.80,-5.27,-100.81,-24.39,-78.37,2.42
33,5308.50,5366.50,0,6,-83.24,-2.25,90.00,0,-108.00,-29.03,-104.55,-25.58,-95.55,-16.49,-84.76,-4.47,-83.82,-3.14,-103.73,-24.75,-83.24,-2.25
34,5308.75,5366.50,0,6,-80.92,0.95,90.00,0,-108.39,-30.03,-104.90,-26.53,-97.52,-19.11,-84.53,-4.97,-85.86,-6.64,-102.34,-23.96,-80.92,0.95
35,5309.00,5366.50,0,6,-79.90,3.08,90.00,0,-107.22,-29.06,-105.65,-27.48,-96.43,-18.20,-85.04,-5.88,-88.24,-9.63,-105.24,-27.07,-79.90,3.08
36,5309.25,5366.50,0,6,-78.42,6.07,90.00,0,-105.74,-28.28,-105.41,-27.95,-99.57,-22.09,-86.80,-8.80,-89.32,-11.57,-104.48,-27.01,-78.42,6.07
37,5309.50,5366.50,0,6,-76.71,8.00,90.00,0,-104.38,-28.31,-103.13,-27.05,-99.61,-23.52,-86.37,-9.88,-91.20,-14.99,-106.29,-30.22,-76.71,8.00
38,5309.75,5366.50,0,6,-77.97,6.57,90.00,0,-106.25,-29.14,-104.70,-27.59,-97.84,-20.69,-85.49,-7.70,-94.65,-17.46,-106.79,-29.68,-77.97,6.57
39,5310.00,5366.50,0,6,-78.98,7.51,90.00,0,-107.92,-29.65,-104.10,-25.82,-99.49,-21.19,-88.19,-9.45,-93.61,-15.21,-106.51,-28.24,-78.98,7.51
40,5310.25,5366.50,0,6,-77.71,8.73,90.00,0,-106.38,-29.21,-101.55,-24.37,-99.25,-22.06,-88.06,-10.53,-94.30,-17.06,-106.24,-29.07,-77.71,8.73
41,5310.50,5366.50,0,6,-79.42,5.99,90.00,0,-108.42,-29.96,-99.44,-20.96,-97.91,-19.41,-86.84,-7.71,-94.08,-15.51,-106.18,-27.73,-79.42,5.99
42,5310.75,5366.50,0,6,-77.17,6.18,90.00,0,-108.71,-32.47,-100.28,-24.03,-95.84,-19.55,-84.57,-7.64,-92.06,-15.71,-104.20,-27.96,-77.17,6.18
43,5311.00,5366.50,0,6,-77.50,6.72,90.00,0,-107.85,-31.18,-99.99,-23.31,-96.69,-19.98,-85.61,-8.35,-92.48,-15.70,-104.31,-27.64,-77.50,6.72
44,5311.25,5366.50,0,6,-78.04,5.20,90.00,0,-107.16,-30.27,-99.16,-22.25,-96.87,-19.94,-85.03,-7.41,-89.56,-12.42,-102.71,-25.81,-78.04,5.20
45,5311.50,5366.50,0,6,-77.55,5.59,90.00,0,-107.13,-30.64,-101.41,-24.91,-94.38,-17.82,-85.58,-8.52,-88.35,-11.57,-101.80,-25.30,-77.55,5.59
46,5311.75,5366.50,0,6,-77.28,4.79,90.00,0,-107.51,-31.48,-98.90,-22.85,-94.05,-17.95,-85.03,-8.41,-86.31,-9.84,-100.64,-24.59,-77.28,4.79
47,5312.00,5366.50,0,6,-78.56,4.47,90.00,0,-107.32,-30.08,-98.85,-21.58,-95.00,-17.69,-85.99,-8.13,-87.50,-9.84,-99.56,-22.29,-78.56,4.47
48,5312.25,5366.50,0,6,-77.93,4.58,90.00,0,-107.31,-30.68,-98.56,-21.90,-94.83,-18.13,-85.20,-7.92,-87.08,-10.04,-103.47,-26.83,-77.93,4.58
49,5312.50,5366.50,0,6,-79.93,3.07,90.00,0,-105.14,-26.94,-97.64,-19.41,-98.45,-20.22,-85.29,-6.16,-88.08,-9.42,-102.95,-24.75,-79.93,3.07
50,5312.75,5366.50,0,6,-78.71,4.03,90.00,0,-102.76,-25.49,-98.63,-21.34,-99.50,-22.21,-84.69,-6.56,-88.31,-10.69,-102.81,-25.54,-78.71,4.03
51,5313.00,5366.50,0,6,-79.89,4.71,90.00,0,-102.22,-23.58,-98.95,-20.29,-98.56,-19.89,-87.62,-8.41,-89.02,-9.98,-102.33,-23.69,-79.89,4.71
52,5313.25,5366.50,0,6,-79.18,3.66,90.00,0,-103.37,-25.73,-97.60,-19.93,-97.45,-19.78,-86.96,-8.80,-85.83,-7.49,-101.31,-23.67,-79.18,3.66
53,5313.50,5366.50,0,6,-81.77,3.40,90.00,0,-102.97,-22.81,-99.30,-19.11,-97.88,-17.67,-90.00,-9.40,-88.08,-7.19,-102.43,-22.27,-81.77,3.40
54,5313.75,5366.50,0,6,-82.02,4.03,90.00,0,-107.56,-26.98,-100.62,-20.01,-96.54,-15.86,-89.78,-8.65,-90.24,-9.18,-102.05,-21.45,-82.02,4.03
55,5314.00,5366.50,0,6,-82.75,3.37,90.00,0,-106.96,-25.84,-105.20,-24.07,-94.48,-13.16,-88.72,-6.78,-92.81,-11.40,-101.65,-20.50,-82.75,3.37
56,5314.25,5366.50,0,6,-85.10,0.40,90.00,0,-106.07,-23.76,-103.33,-21.00,-93.54,-10.92,-88.17,-4.58,-92.58,-9.86,-99.05,-16.67,-85.10,0.40
57,5314.50,5366.50,0,6,-83.95,1.45,90.00,0,-104.89,-23.26,-102.59,-20.95,-93.17,-11.25,-88.29,-5.63,-92.04,-10.02,-99.72,-18.05,-83.95,1.45
58,5314.75,5366.50,0,6,-81.50,2.80,90.00,0,-103.64,-23.96,-101.68,-21.99,-93.22,-13.36,-87.71,-7.30,-89.19,-9.01,-98.82,-19.10,-81.50,2.80
59,5315.00,5366.50,0,6,-80.46,3.19,90.00,0,-104.11,-25.34,-101.25,-22.46,-89.82,-10.71,-86.86,-7.37,-90.89,-11.86,-97.41,-18.60,-80.46,3.19
60,5315.25,5366.50,0,6,-81.47,2.49,90.00,0,-104.56,-25.02,-102.25,-22.70,-90.35,-10.45,-88.73,-8.64,-89.49,-9.50,-93.61,-13.91,-81.47,2.49
61,5315.50,5366.50,0,6,-78.40,5.96,90.00,0,-104.42,-26.99,-101.13,-23.69,-90.49,-12.85,-88.31,-10.52,-91.82,-14.24,-93.72,-16.20,-78.40,5.96
62,5315.75,5366.50,0,6,-78.36,7.30,90.00,0,-104.99,-27.37,-102.22,-24.59,-93.29,-15.56,-88.60,-10.62,-94.45,-16.75,-94.98,-17.28,-78.36,7.30
63,5316.00,5366.50,0,6,-75.35,11.49,90.00,0,-105.60,-30.55,-100.97,-25.90,-91.60,-16.45,-92.27,-17.14,-94.98,-19.88,-95.83,-20.74,-75.35,11.49
64,5316.25,5366.50,0,6,-75.09,11.52,90.00,0,-104.39,-29.60,-105.02,-30.22,-91.89,-17.01,-90.81,-15.91,-93.46,-18.60,-100.52,-25.71,-75.09,11.52
65,5316.50,5366.50,0,6,-76.26,8.99,90.00,0,-106.84,-31.09,-104.16,-28.41,-90.04,-14.13,-89.56,-13.63,-91.80,-15.95,-101.53,-25.78,-76.26,8.99
66,5316.75,5366.50,0,6,-75.53,8.78,90.00,0,-107.58,-32.59,-104.69,-29.69,-88.52,-13.34,-90.02,-14.89,-89.77,-14.64,-100.02,-25.02,-75.53,8.78
67,5317.00,5366.50,0,6,-78.34,6.10,90.00,0,-109.55,-32.17,-103.07,-25.67,-90.97,-13.39,-89.25,-11.57,-88.76,-11.05,-99.28,-21.86,-78.34,6.10
68,5317.25,5366.50,0,6,-80.18,5.92,90.00,0,-108.01,-28.81,-100.08,-20.85,-93.20,-13.83,-89.52,-9.90,-92.68,-13.28,-99.83,-20.59,-80.18,5.92
69,5317.50,5366.50,0,6,-80.70,5.87,90.00,0,-105.60,-25.89,-99.37,-19.63,-93.81,-13.93,-90.29,-10.19,-92.75,-12.83,-101.07,-21.34,-80.70,5.87
70,5317.75,5366.50,0,6,-79.94,6.69,90.00,0,-103.78,-24.67,-98.69,-19.54,-93.22,-13.95,-91.17,-11.79,-92.53,-13.23,-100.13,-21.00,-79.94,6.69
71,5318.00,5366.50,0,6,-79.62,7.63,90.00,0,-106.30,-27.36,-100.58,-21.62,-95.36,-16.33,-91.13,-11.93,-92.76,-13.65,-100.81,-21.86,-79.62,7.63
72,5318.25,5366.50,0,6,-80.09,7.75,90.00,0,-109.05,-29.63,-100.14,-20.69,-98.10,-18.63,-92.54,-12.91,-92.05,-12.39,-99.97,-20.52,-80.09,7.75
73,5318.50,5366.50,0,6,-78.58,7.16,90.00,0,-107.97,-30.16,-100.15,-22.31,-97.30,-19.44,-91.08,-13.06,-88.44,-10.24,-102.30,-24.47,-78.58,7.16
74,5318.75,5366.50,0,6,-77.75,8.84,90.00,0,-108.57,-31.35,-98.23,-20.97,-96.58,-19.31,-91.13,-13.73,-90.65,-13.23,-101.26,-24.03,-77.75,8.84
75,5319.00,5366.50,0,6,-78.23,8.13,90.00,0,-107.74,-30.13,-97.53,-19.88,-97.02,-19.36,-92.28,-14.53,-89.46,-11.56,-100.07,-22.44,-78.23,8.13
76,5319.25,5366.50,0,6,-75.07,11.88,90.00,0,-105.81,-31.01,-96.11,-21.28,-97.09,-22.26,-92.47,-17.60,-90.92,-16.02,-101.27,-26.46,-75.07,11.88
77,5319.50,5366.50,0,6,-75.67,9.19,90.00,0,-105.38,-30.20,-93.34,-18.09,-94.88,-19.66,-87.90,-12.48,-91.73,-16.46,-102.80,-27.62,-75.67,9.19
78,5319.75,5366.50,0,6,-75.74,8.10,90.00,0,-105.74,-30.61,-90.93,-15.69,-93.61,-18.43,-87.76,-12.39,-90.03,-14.77,-100.50,-25.36,-75.74,8.10
79,5320.00,5366.50,0,6,-76.23,7.25,90.00,0,-104.87,-29.38,-91.80,-16.22,-92.27,-16.70,-87.68,-11.93,-88.83,-13.15,-100.52,-25.02,-76.23,7.25
80,5320.25,5366.50,0,6,-72.95,11.26,90.00,0,-106.25,-33.62,-93.64,-20.97,-91.64,-18.95,-89.31,-16.58,-89.08,-16.34,-98.30,-25.66,-72.95,11.26
81,5320.50,5366.50,0,6,-73.67,9.43,90.00,0,-104.93,-31.73,-95.22,-21.99,-91.64,-18.38,-89.14,-15.83,-86.17,-12.75,-98.33,-25.12,-73.67,9.43
82,5320.75,5366.50,0,6,-75.29,8.45,90.00,0,-104.42,-29.70,-96.67,-21.93,-90.31,-15.47,-88.98,-14.10,-88.20,-13.28,-97.88,-23.14,-75.29,8.45
83,5321.00,5366.50,0,6,-74.75,9.41,90.00,0,-105.10,-30.82,-95.22,-20.91,-91.10,-16.73,-87.58,-13.10,-91.11,-16.74,-99.53,-25.24,-74.75,9.41
84,5321.25,5366.50,0,6,-74.45,10.41,90.00,0,-104.87,-30.79,-93.32,-19.20,-92.06,-17.92,-88.31,-14.07,-93.03,-18.90,-101.50,-27.42,-74.45,10.41
85,5321.50,5366.50,0,6,-72.68,12.54,90.00,0,-106.87,-34.43,-93.06,-20.57,-93.65,-21.17,-89.24,-16.70,-91.64,-19.14,-100.72,-28.27,-72.68,12.54
86,5321.75,5366.50,0,6,-71.58,12.50,90.00,0,-104.92,-33.58,-92.95,-21.58,-93.63,-22.27,-86.86,-15.39,-92.00,-20.62,-98.46,-27.11,-71.58,12.50
87,5322.00,5366.50,0,6,-70.32,13.54,90.00,0,-102.34,-32.21,-91.32,-21.16,-94.77,-24.62,-86.87,-16.65,-91.27,-21.10,-100.73,-30.59,-70.32,13.54
88,5322.25,5366.50,0,6,-68.46,13.85,90.00,0,-102.17,-33.88,-89.15,-20.83,-95.80,-27.51,-84.66,-16.27,-91.36,-23.06,-101.01,-32.73,-68.46,13.85
89,5322.50,5366.50,0,6,-67.89,14.55,90.00,0,-102.31,-34.57,-86.69,-18.90,-98.62,-30.88,-86.13,-18.33,-91.13,-23.37,-102.89,-35.15,-67.89,14.55
90,5322.75,5366.50,0,6,-69.04,13.43,90.00,0,-101.14,-32.30,-87.76,-18.86,-96.22,-27.37,-86.60,-17.68,-88.85,-19.96,-100.66,-31.82,-69.04,13.43
91,5323.00,5366.50,0,6,-69.38,13.34,90.00,0,-101.03,-31.85,-90.72,-21.51,-98.08,-28.90,-87.56,-18.31,-86.31,-17.04,-101.40,-32.22,-69.38,13.34
92,5323.25,5366.50,0,6,-69.10,14.55,90.00,0,-102.57,-33.62,-90.33,-21.35,-99.49,-30.54,-89.90,-20.92,-87.02,-18.01,-99.47,-30.52,-69.10,14.55
93,5323.50,5366.50,0,6,-68.70,13.57,90.00,0,-102.12,-33.60,-91.14,-22.60,-99.34,-30.82,-90.21,-21.67,-84.41,-15.78,-95.23,-26.71,-68.70,13.57
94,5323.75,5366.50,0,6,-70.51,12.65,90.00,0,-100.98,-30.70,-91.87,-21.56,-97.89,-27.61,-91.61,-21.30,-85.37,-14.95,-96.09,-25.80,-70.51,12.65
95,5324.00,5366.50,0,6,-70.77,12.56,90.00,0,-98.74,-28.20,-93.56,-23.00,-98.83,-28.29,-92.86,-22.30,-85.28,-14.59,-94.47,-23.91,-70.77,12.56
96,5324.25,5366.50,0,6,-72.72,9.47,90.00,0,-97.32,-25.06,-93.59,-21.30,-100.56,-28.30,-91.52,-19.21,-83.75,-11.18,-95.15,-22.87,-72.72,9.47
97,5324.50,5366.50,0,6,-72.65,10.58,90.00,0,-99.37,-27.08,-94.88,-22.57,-101.68,-29.39,-93.50,-21.19,-84.72,-12.19,-94.86,-22.55,-72.65,10.58
98,5324.75,5366.50,0,6,-74.69,8.39,90.00,0,-100.37,-26.25,-93.53,-19.38,-102.27,-28.16,-95.20,-21.07,-84.32,-9.79,-96.53,-22.40,-74.69,8.39
99,5325.00,5366.50,0,6,-75.98,6.90,90.00,0,-100.70,-25.52,-94.16,-18.93,-102.65,-27.47,-96.05,-20.85,-83.91,-8.12,-96.52,-21.32,-75.98,6.90
100,5325.25,5366.50,0,6,-73.99,8.55,90.00,0,-99.95,-26.52,-95.06,-21.61,-102.34,-28.91,-96.33,-22.88,-83.47,-9.60,-95.73,-22.28,-73.99,8.55
101,5325.50,5366.50,0,6,-74.88,10.28,90.00,0,-101.43,-26.93,-95.15,-20.62,-101.43,-26.93,-97.04,-22.52,-87.04,-12.30,-94.90,-20.37,-74.88,10.28
102,5325.75,5366.50,0,6,-74.42,10.08,90.00,0,-99.34,-25.31,-97.00,-22.97,-102.26,-28.23,-100.19,-26.16,-86.33,-12.05,-91.92,-17.83,-74.42,10.08
103,5326.00,5366.50,0,6,-74.20,8.88,90.00,0,-101.53,-27.86,-96.51,-22.82,-102.09,-28.42,-99.92,-26.24,-84.14,-10.07,-92.86,-19.14,-74.20,8.88
104,5326.25,5366.50,0,6,-74.59,8.57,90.00,0,-102.68,-28.65,-97.88,-23.83,-101.70,-27.67,-96.88,-22.83,-84.48,-10.04,-91.74,-17.64,-74.59,8.57
105,5326.50,5366.50,0,6,-75.38,5.99,90.00,0,-100.48,-26.07,-98.05,-23.63,-101.80,-27.39,-96.45,-22.02,-82.13,-6.93,-92.65,-18.19,-75.38,5.99
106,5326.75,5366.50,0,6,-77.44,3.76,90.00,0,-100.73,-24.80,-97.17,-21.22,-101.38,-25.45,-95.97,-20.00,-82.11,-5.00,-91.41,-15.36,-77.44,3.76
107,5327.00,5366.50,0,6,-77.27,3.84,90.00,0,-101.57,-25.79,-98.37,-22.58,-100.03,-24.25,-96.22,-20.42,-81.73,-4.69,-94.24,-18.40,-77.27,3.84
108,5327.25,5366.50,0,6,-79.34,3.76,90.00,0,-101.96,-24.13,-96.74,-18.87,-98.49,-20.64,-94.91,-17.01,-84.37,-5.48,-93.93,-16.01,-79.34,3.76
109,5327.50,5366.50,0,6,-79.59,3.31,90.00,0,-106.07,-28.14,-98.48,-20.52,-98.18,-20.21,-93.65,-15.61,-84.07,-4.94,-94.36,-16.33,-79.59,3.31
110,5327.75,5366.50,0,6,-79.23,3.85,90.00,0,-104.25,-26.51,-98.24,-20.47,-97.17,-19.39,-93.19,-15.33,-84.49,-5.73,-93.90,-16.06,-79.23,3.85
111,5328.00,5366.50,0,6,-80.07,2.82,90.00,0,-104.13,-25.88,-97.59,-19.30,-98.27,-19.99,-91.54,-13.09,-84.42,-4.98,-94.41,-16.06,-80.07,2.82
112,5328.25,5366.50,0,6,-79.76,3.73,90.00,0,-102.66,-24.42,-97.28,-19.00,-99.26,-21.01,-89.44,-10.87,-85.81,-6.75,-95.88,-17.58,-79.76,3.73
113,5328.50,5366.50,0,6,-78.14,2.87,90.00,0,-103.92,-27.58,-94.21,-17.81,-100.07,-23.72,-87.01,-10.29,-83.06,-5.69,-94.34,-17.93,-78.14,2.87
114,5328.75,5366.50,0,6,-75.90,5.48,90.00,0,-104.49,-29.67,-95.87,-21.03,-100.19,-25.36,-85.77,-10.59,-84.98,-9.73,-90.11,-15.16,-75.90,5.48
115,5329.00,5366.50,0,6,-75.04,5.40,90.00,0,-103.45,-29.50,-96.30,-22.33,-98.11,-24.15,-84.29,-9.93,-83.71,-9.28,-92.99,-18.99,-75.04,5.40
116,5329.25,5366.50,0,6,-75.83,3.47,90.00,0,-104.40,-30.18,-98.02,-23.79,-100.94,-26.72,-82.42,-7.49,-83.02,-8.20,-91.77,-17.48,-75.83,3.47
117,5329.50,5366.50,0,6,-77.87,1.62,90.00,0,-103.80,-28.20,-98.71,-23.09,-98.56,-22.94,-81.97,-5.24,-84.13,-7.88,-92.11,-16.42,-77.87,1.62
118,5329.75,5366.50,0,6,-79.85,-1.34,90.00,0,-103.14,-27.01,-98.42,-22.27,-98.38,-22.24,-80.44,-2.31,-84.01,-7.12,-91.94,-15.71,-79.85,-1.34
119,5330.00,5366.50,0,6,-78.37,1.24,90.00,0,-98.83,-22.87,-100.03,-24.07,-99.03,-23.07,-81.64,-4.34,-85.65,-9.22,-90.46,-14.36,-78.37,1.24
120,5330.25,5366.50,0,6,-78.94,0.85,90.00,0,-100.05,-23.69,-100.09,-23.73,-101.72,-25.37,-82.21,-4.57,-85.56,-8.67,-88.77,-12.18,-78.94,0.85
121,5330.50,5366.50,0,6,-81.16,0.60,90.00,0,-100.99,-22.52,-102.84,-24.38,-100.14,-21.67,-83.81,-3.88,-88.73,-9.85,-90.80,-12.09,-81.16,0.60
122,5330.75,5366.50,0,6,-78.76,3.16,90.00,0,-98.71,-21.63,-101.22,-24.15,-102.33,-25.26,-84.24,-6.26,-88.35,-10.96,-90.87,-13.63,-78.76,3.16
123,5331.00,5366.50,0,6,-80.79,0.49,90.00,0,-97.31,-19.24,-99.75,-21.70,-101.02,-22.98,-83.16,-3.55,-88.71,-10.30,-91.02,-12.78,-80.79,0.49
124,5331.25,5366.50,0,6,-83.52,-2.55,90.00,0,-97.94,-18.83,-100.31,-21.22,-101.35,-22.27,-82.99,-1.69,-88.73,-9.18,-89.18,-9.69,-83.52,-2.55
125,5331.50,5366.50,0,6,-81.23,-0.53,90.00,0,-95.13,-17.10,-99.62,-21.64,-103.45,-25.50,-83.32,-3.89,-86.93,-8.40,-88.95,-10.64,-81.23,-0.53
126,5331.75,5366.50,0,6,-81.71,-0.73,90.00,0,-93.89,-15.44,-100.29,-21.94,-104.87,-26.54,-83.44,-3.52,-88.67,-9.93,-88.38,-9.60,-81.71,-0.73
127,5332.00,5366.50,0,6,-80.86,-0.40,90.00,0,-93.37,-15.62,-99.58,-21.91,-106.15,-28.50,-82.62,-3.32,-87.20,-9.04,-90.29,-12.41,-80.86,-0.40
128,5332.25,5366.50,0,6,-80.22,0.80,90.00,0,-94.78,-17.11,-100.39,-22.77,-107.54,-29.95,-83.74,-4.94,-85.63,-7.29,-93.97,-16.27,-80.22,0.80
129,5332.50,5366.50,0,6,-80.35,0.46,90.00,0,-94.88,-17.23,-98.18,-20.57,-107.13,-29.56,-83.54,-4.70,-85.80,-7.53,-91.96,-14.23,-80.35,0.46
130,5332.75,5366.50,0,6,-79.51,1.92,90.00,0,-93.63,-16.18,-101.27,-23.90,-106.77,-29.41,-83.96,-5.53,-86.57,-8.66,-94.66,-17.23,-79.51,1.92
131,5333.00,5366.50,0,6,-78.65,1.83,90.00,0,-94.29,-17.75,-101.18,-24.70,-106.61,-30.15,-83.07,-5.53,-85.30,-8.23,-93.07,-16.51,-78.65,1.83
132,5333.25,5366.50,0,6,-80.12,-2.43,90.00,0,-96.06,-20.29,-102.14,-26.40,-107.21,-31.47,-79.52,-1.45,-83.09,-6.48,-92.81,-16.99,-80.12,-2.43
133,5333.50,5366.50,0,6,-79.20,-1.36,90.00,0,-97.42,-21.93,-102.76,-27.29,-105.44,-29.98,-79.82,-2.39,-82.68,-6.32,-95.57,-20.08,-79.20,-1.36
134,5333.75,5366.50,0,6,-81.25,-3.68,90.00,0,-96.84,-20.78,-99.65,-23.60,-103.53,-27.50,-78.90,0.28,-84.08,-7.31,-96.70,-20.64,-81.25,-3.68
135,5334.00,5366.50,0,3,-80.19,-0.70,90.00,1,-97.76,-20.91,-96.54,-19.67,-103.07,-26.24,-80.19,-0.70,-82.45,-4.24,-94.61,-17.72,-83.31,-5.39
136,5334.25,5366.50,0,3,-79.99,-0.66,90.00,0,-98.62,-21.95,-96.77,-20.10,-102.40,-25.75,-79.99,-0.66,-83.29,-5.60,-93.17,-16.44,-82.21,-4.17
137,5334.50,5366.50,0,3,-79.53,-0.15,90.00,0,-98.56,-22.09,-93.00,-16.46,-101.69,-25.23,-79.53,-0.15,-84.15,-6.91,-93.75,-17.23,-81.90,-4.00
138,5334.75,5366.50,0,3,-78.98,0.65,90.00,0,-98.73,-22.42,-95.39,-19.06,-101.83,-25.54,-78.98,0.65,-83.10,-5.81,-93.97,-17.62,-82.99,-5.68
139,5335.00,5366.50,0,3,-79.63,0.40,90.00,0,-98.94,-22.10,-95.41,-18.53,-101.56,-24.74,-79.63,0.40,-85.07,-7.55,-94.23,-17.34,-82.33,-4.08
140,5335.25,5366.50,0,3,-81.76,-2.30,90.00,0,-101.04,-23.57,-95.79,-18.28,-101.32,-23.85,-81.76,-2.30,-83.76,-5.15,-95.04,-17.51,-82.02,-2.70
141,5335.50,5366.50,0,3,-82.82,-1.33,90.00,0,-100.51,-21.39,-96.23,-17.05,-101.26,-22.14,-82.82,-1.33,-84.79,-4.34,-94.10,-14.87,-85.39,-5.14
142,5335.75,5366.50,0,3,-81.94,0.54,90.00,0,-100.54,-21.32,-96.69,-17.43,-103.78,-24.58,-81.94,0.54,-86.84,-6.84,-96.06,-16.79,-85.38,-5.00
143,5336.00,5366.50,0,3,-82.79,-2.09,90.00,0,-101.53,-22.90,-96.26,-17.58,-105.57,-26.96,-82.79,-2.09,-82.70,-1.95,-96.67,-18.00,-86.01,-6.54
144,5336.25,5366.50,0,3,-82.69,-1.46,90.00,0,-101.02,-22.11,-95.88,-16.91,-106.18,-27.29,-82.69,-1.46,-83.63,-2.98,-95.63,-16.65,-86.07,-6.26
145,5336.50,5366.50,0,3,-82.23,-1.29,90.00,0,-99.79,-21.23,-97.76,-19.18,-104.39,-25.85,-82.23,-1.29,-82.79,-2.23,-97.83,-19.25,-86.54,-7.26
146,5336.75,5366.50,0,3,-85.97,-4.22,90.00,0,-100.46,-20.05,-97.75,-17.31,-102.48,-22.10,-85.97,-4.22,-83.57,-0.39,-96.61,-16.14,-87.83,-6.61
147,5337.00,5366.50,0,3,-84.79,-1.34,90.00,0,-101.28,-20.18,-100.37,-19.26,-101.80,-20.70,-84.79,-1.34,-85.48,-2.46,-96.32,-15.13,-89.53,-7.80
148,5337.25,5366.50,0,3,-85.32,-1.41,90.00,0,-99.46,-17.84,-97.63,-15.97,-101.59,-19.99,-85.32,-1.41,-86.67,-3.53,-98.17,-16.53,-88.86,-6.41
149,5337.50,5366.50,0,3,-85.74,-1.56,90.00,0,-99.05,-17.09,-94.43,-12.31,-102.41,-20.50,-85.74,-1.56,-87.24,-3.87,-102.49,-20.58,-89.07,-6.28
150,5337.75,5366.50,0,3,-87.22,-2.07,90.00,0,-100.13,-17.00,-96.63,-13.39,-103.35,-20.26,-87.22,-2.07,-87.20,-2.05,-100.99,-17.88,-92.10,-8.48
151,5338.00,5366.50,0,3,-86.28,-1.88,90.00,0,-100.27,-17.98,-98.45,-16.11,-105.06,-22.81,-86.28,-1.88,-86.10,-1.59,-99.96,-17.66,-91.48,-8.70
152,5338.25,5366.50,0,3,-86.51,-2.18,90.00,0,-100.58,-18.24,-97.84,-15.44,-104.40,-22.10,-86.51,-2.18,-87.50,-3.67,-98.30,-15.91,-88.63,-5.21
153,5338.50,5366.50,0,3,-83.31,1.05,90.00,0,-99.31,-18.46,-98.40,-17.53,-102.42,-21.59,-83.31,1.05,-87.71,-5.93,-100.08,-19.23,-88.37,-6.75
154,5338.75,5366.50,0,3,-80.93,4.21,90.00,0,-98.58,-19.00,-97.15,-17.54,-102.57,-23.02,-80.93,4.21,-87.54,-7.26,-98.28,-18.70,-91.75,-11.96
155,5339.00,5366.50,0,3,-80.86,4.14,90.00,0,-101.17,-21.70,-96.10,-16.56,-108.23,-28.78,-80.86,4.14,-87.74,-7.60,-97.86,-18.36,-90.56,-10.77
156,5339.25,5366.50,0,3,-84.58,1.49,90.00,0,-102.96,-20.68,-95.73,-13.28,-107.69,-25.43,-84.58,1.49,-89.21,-5.99,-97.66,-15.29,-91.74,-8.98
157,5339.50,5366.50,0,3,-82.93,3.21,90.00,0,-105.33,-24.07,-97.26,-15.91,-108.34,-27.09,-82.93,3.21,-88.97,-6.93,-98.72,-17.40,-91.58,-9.92
158,5339.75,5366.50,0,3,-84.24,1.76,90.00,0,-105.90,-23.86,-96.27,-14.08,-105.23,-23.19,-84.24,1.76,-88.36,-5.19,-99.91,-17.82,-92.53,-10.10
159,5340.00,5366.50,0,3,-86.32,-3.04,90.00,0,-106.72,-25.18,-97.26,-15.60,-104.93,-23.37,-86.32,-3.04,-84.13,0.87,-100.26,-18.67,-94.03,-12.25
160,5340.25,5366.50,0,3,-85.29,-2.07,90.00,0,-109.13,-28.00,-96.38,-15.12,-106.11,-24.97,-85.29,-2.07,-84.26,-0.25,-98.78,-17.58,-92.89,-11.47
161,5340.50,5366.50,0,3,-82.29,0.80,90.00,0,-108.63,-28.97,-95.05,-15.27,-105.46,-25.79,-82.29,0.80,-84.34,-2.88,-97.59,-17.87,-92.16,-12.25
162,5340.75,5366.50,0,3,-83.78,-2.24,90.00,0,-108.79,-29.28,-93.37,-13.67,-105.09,-25.57,-83.78,-2.24,-82.50,0.03,-99.25,-19.69,-91.76,-11.98
163,5341.00,5366.50,0,3,-82.00,1.22,90.00,0,-107.83,-28.27,-93.01,-13.25,-105.44,-25.87,-82.00,1.22,-84.75,-3.63,-98.57,-18.96,-91.99,-12.18
164,5341.25,5366.50,0,3,-83.34,-0.30,90.00,0,-107.50,-27.32,-91.03,-10.49,-104.81,-24.62,-83.34,-0.30,-84.75,-2.71,-98.40,-18.16,-92.68,-12.26
165,5341.50,5366.50,0,3,-82.69,2.27,90.00,0,-108.15,-27.48,-94.29,-13.43,-104.01,-23.33,-82.69,2.27,-87.28,-5.55,-95.69,-14.88,-92.79,-11.85
166,5341.75,5366.50,0,3,-81.02,3.37,90.00,0,-108.82,-29.44,-93.69,-14.16,-104.44,-25.05,-81.02,3.37,-86.49,-6.17,-96.27,-16.81,-92.34,-12.74
167,5342.00,5366.50,0,3,-80.01,5.56,90.00,0,-109.91,-30.96,-94.99,-15.94,-103.55,-24.59,-80.01,5.56,-88.04,-8.53,-95.52,-16.48,-93.44,-14.35
168,5342.25,5366.50,0,3,-81.73,3.13,90.00,0,-110.29,-inf,-92.35,-12.08,-102.69,-22.66,-81.73,3.13,-87.34,-6.45,-95.81,-15.69,-93.70,-13.51
169,5342.50,5366.50,0,3,-82.60,2.65,90.00,0,-110.18,-inf,-91.12,-9.99,-103.04,-22.30,-82.60,2.65,-88.68,-7.21,-95.62,-14.76,-93.63,-12.68
170,5342.75,5366.50,0,3,-82.42,2.14,90.00,0,-108.90,-28.55,-92.89,-12.30,-100.02,-19.63,-82.42,2.14,-88.06,-6.91,-92.20,-11.56,-92.15,-11.51
171,5343.00,5366.50,0,3,-83.69,-0.80,90.00,0,-108.29,-28.02,-91.07,-10.43,-104.02,-23.74,-83.69,-0.80,-86.57,-5.14,-92.73,-12.21,-88.35,-7.35
172,5343.25,5366.50,0,3,-84.61,-2.11,90.00,0,-108.36,-27.93,-91.77,-11.02,-105.67,-25.24,-84.61,-2.11,-85.48,-3.43,-91.13,-10.32,-89.18,-8.14
173,5343.50,5366.50,0,3,-83.16,-2.26,90.00,0,-109.01,-30.13,-92.58,-13.52,-105.64,-26.76,-83.16,-2.26,-83.45,-2.71,-91.19,-12.05,-86.67,-7.01
174,5343.75,5366.50,0,3,-84.51,-2.04,90.00,0,-108.14,-27.77,-95.18,-14.67,-106.66,-26.28,-84.51,-2.04,-84.91,-2.66,-92.32,-11.67,-88.54,-7.46
175,5344.00,5366.50,0,3,-83.29,-1.16,90.00,0,-109.73,-30.06,-93.38,-13.53,-108.44,-28.77,-83.29,-1.16,-84.29,-2.79,-91.60,-11.64,-89.51,-9.36
176,5344.25,5366.50,0,3,-86.03,-3.66,90.00,0,-109.10,-28.28,-94.02,-12.99,-107.94,-27.11,-86.03,-3.66,-84.21,-0.73,-91.84,-10.67,-90.87,-9.61
177,5344.50,5366.50,0,3,-85.85,-2.21,90.00,0,-108.78,-27.18,-95.29,-13.50,-108.00,-26.39,-85.85,-2.21,-87.40,-4.47,-92.81,-10.87,-88.10,-5.40
178,5344.75,5366.50,0,3,-85.85,-2.61,90.00,0,-106.00,-24.64,-98.23,-16.80,-106.20,-24.84,-85.85,-2.61,-88.77,-6.56,-93.31,-11.68,-85.78,-2.49
179,5345.00,5366.50,0,3,-83.61,-0.51,90.00,0,-104.68,-24.33,-98.07,-17.66,-106.79,-26.45,-83.61,-0.51,-90.30,-9.51,-93.31,-12.75,-84.96,-2.79
180,5345.25,5366.50,0,3,-84.92,-2.41,90.00,0,-107.26,-26.71,-99.96,-19.37,-105.30,-24.75,-84.92,-2.41,-91.16,-10.23,-91.70,-10.82,-84.06,-0.98
181,5345.50,5366.50,0,3,-84.28,-2.72,90.00,0,-105.54,-25.83,-100.23,-20.50,-105.26,-25.55,-84.28,-2.72,-93.43,-13.55,-92.64,-12.72,-82.41,0.61
182,5345.75,5366.50,0,3,-84.55,-2.77,90.00,0,-104.62,-24.66,-102.74,-22.78,-105.71,-25.76,-84.55,-2.77,-95.71,-15.65,-95.17,-15.10,-82.34,1.34
183,5346.00,5366.50,0,3,-85.24,-3.28,90.00,0,-108.20,-27.91,-102.81,-22.50,-105.53,-25.23,-85.24,-3.28,-95.44,-15.02,-92.83,-12.29,-82.70,1.28
184,5346.25,5366.50,0,6,-80.90,2.95,90.00,1,-109.89,-30.77,-102.65,-23.51,-104.75,-25.62,-84.85,-4.38,-96.02,-16.81,-93.98,-14.71,-80.90,2.95
185,5346.50,5366.50,0,6,-76.65,4.99,90.00,0,-108.26,-32.80,-104.46,-29.00,-105.32,-29.86,-82.38,-5.94,-96.33,-20.84,-91.76,-16.20,-76.65,4.99
186,5346.75,5366.50,0,6,-76.03,5.36,90.00,0,-109.27,-34.34,-105.31,-30.38,-104.17,-29.24,-82.48,-6.72,-92.60,-17.60,-90.58,-15.54,-76.03,5.36
187,5347.00,5366.50,0,6,-77.78,3.32,90.00,0,-111.45,-inf,-104.86,-28.74,-104.00,-27.88,-82.86,-5.71,-90.34,-14.05,-88.27,-11.88,-77.78,3.32
188,5347.25,5366.50,0,6,-79.88,3.30,90.00,0,-112.22,-inf,-103.37,-25.14,-104.80,-26.57,-85.95,-6.94,-88.67,-10.05,-91.35,-12.92,-79.88,3.30
189,5347.50,5366.50,0,6,-78.46,5.17,90.00,0,-109.53,-32.22,-100.47,-23.14,-104.79,-27.48,-85.74,-7.76,-90.50,-12.99,-92.62,-15.19,-78.46,5.17
190,5347.75,5366.50,0,6,-78.82,4.45,90.00,0,-108.89,-31.40,-99.17,-21.65,-104.24,-26.75,-84.69,-6.29,-91.00,-13.32,-96.06,-18.52,-78.82,4.45
191,5348.00,5366.50,0,6,-80.71,4.24,90.00,0,-111.50,-inf,-97.55,-18.16,-104.68,-25.34,-86.93,-6.78,-91.66,-12.08,-97.39,-18.01,-80.71,4.24
192,5348.25,5366.50,0,6,-83.45,1.59,90.00,0,-109.98,-28.81,-96.26,-14.96,-106.33,-25.15,-86.51,-3.84,-93.74,-12.32,-99.90,-18.67,-83.45,1.59
193,5348.50,5366.50,0,6,-82.22,1.89,90.00,0,-108.63,-28.56,-95.59,-15.41,-106.77,-26.71,-85.30,-3.70,-93.66,-13.41,-100.71,-20.62,-82.22,1.89
194,5348.75,5366.50,0,6,-83.83,1.00,90.00,0,-109.63,-28.34,-95.01,-13.53,-106.18,-24.88,-86.27,-3.32,-93.90,-12.36,-101.47,-20.14,-83.83,1.00
195,5349.00,5366.50,0,6,-81.69,4.19,90.00,0,-107.27,-26.98,-96.98,-16.60,-105.79,-25.49,-87.14,-5.85,-95.77,-15.36,-103.80,-23.49,-81.69,4.19
196,5349.25,5366.50,0,6,-82.23,4.08,90.00,0,-108.03,-27.22,-96.96,-16.05,-103.96,-23.14,-88.02,-6.30,-94.31,-13.31,-105.08,-24.26,-82.23,4.08
197,5349.50,5366.50,0,6,-82.38,4.55,90.00,0,-106.78,-25.70,-95.05,-13.81,-105.99,-24.91,-89.16,-7.36,-94.77,-13.51,-105.83,-24.75,-82.38,4.55
198,5349.75,5366.50,0,6,-82.25,6.09,90.00,0,-106.64,-25.33,-96.16,-14.72,-108.19,-26.89,-91.48,-9.74,-94.83,-13.34,-103.53,-22.21,-82.25,6.09
199,5350.00,5366.50,0,6,-83.95,4.30,90.00,0,-106.76,-24.16,-97.07,-14.33,-107.55,-24.95,-90.68,-7.36,-96.26,-13.49,-101.78,-19.14,-83.95,4.30
200,5350.25,5366.50,0,6,-81.79,7.35,90.00,0,-109.41,-28.34,-99.65,-18.53,-105.33,-24.25,-92.39,-10.99,-94.76,-13.52,-102.38,-21.29,-81.79,7.35
201,5350.50,5366.50,0,6,-82.02,5.97,90.00,0,-110.27,-inf,-98.31,-17.18,-105.24,-24.19,-90.24,-8.64,-95.51,-14.30,-100.88,-19.79,-82.02,5.97
202,5350.75,5366.50,0,6,-78.84,8.62,90.00,0,-107.74,-29.46,-100.40,-22.09,-107.15,-28.86,-89.01,-10.34,-96.58,-18.23,-100.45,-22.14,-78.84,8.62
203,5351.00,5366.50,0,6,-76.47,12.97,90.00,0,-108.70,-32.44,-98.95,-22.67,-105.02,-28.76,-93.15,-16.81,-95.52,-19.22,-99.91,-23.64,-76.47,12.97
204,5351.25,5366.50,0,6,-78.89,10.34,90.00,0,-110.94,-inf,-99.48,-20.95,-105.62,-27.11,-92.49,-13.82,-94.71,-16.11,-102.65,-24.13,-78.89,10.34
205,5351.50,5366.50,0,6,-79.52,10.07,90.00,0,-109.77,-30.66,-99.76,-20.61,-106.83,-27.71,-92.60,-13.29,-96.02,-16.81,-102.06,-22.93,-79.52,10.07
206,5351.75,5366.50,0,6,-81.49,7.65,90.00,0,-107.88,-27.06,-97.48,-16.59,-104.21,-23.38,-93.25,-12.19,-94.70,-13.71,-101.30,-20.45,-81.49,7.65
207,5352.00,5366.50,0,6,-83.03,5.52,90.00,0,-103.36,-21.37,-96.43,-14.32,-105.86,-23.88,-93.05,-10.74,-93.70,-11.44,-101.26,-19.26,-83.03,5.52
208,5352.25,5366.50,0,6,-80.91,7.18,90.00,0,-101.21,-21.02,-96.30,-16.05,-104.53,-24.36,-91.81,-11.35,-94.04,-13.71,-102.61,-22.44,-80.91,7.18
209,5352.50,5366.50,0,6,-82.84,4.83,90.00,0,-98.20,-16.49,-96.42,-14.66,-103.86,-22.23,-91.68,-9.62,-93.28,-11.36,-104.30,-22.66,-82.84,4.83
210,5352.75,5366.50,0,6,-80.17,6.53,90.00,0,-99.39,-20.05,-96.54,-17.16,-105.42,-26.11,-89.57,-9.85,-92.83,-13.33,-103.11,-23.80,-80.17,6.53
211,5353.00,5366.50,0,6,-79.79,6.40,90.00,0,-93.73,-14.69,-97.44,-18.48,-107.05,-28.14,-89.63,-10.36,-92.62,-13.54,-103.61,-24.70,-79.79,6.40
212,5353.25,5366.50,0,6,-79.49,6.36,90.00,0,-94.59,-15.89,-98.28,-19.65,-107.19,-28.60,-88.87,-9.87,-91.83,-13.03,-104.28,-25.69,-79.49,6.36
213,5353.50,5366.50,0,6,-76.59,8.44,90.00,0,-97.48,-21.45,-94.68,-18.62,-107.13,-31.12,-87.24,-10.89,-92.89,-16.80,-99.94,-23.91,-76.59,8.44
214,5353.75,5366.50,0,6,-76.42,9.02,90.00,0,-99.78,-23.85,-96.18,-20.23,-105.59,-29.67,-87.24,-11.00,-94.02,-18.04,-100.00,-24.07,-76.42,9.02
215,5354.00,5366.50,0,6,-76.79,7.48,90.00,0,-97.19,-21.09,-96.16,-20.05,-107.42,-31.34,-86.02,-9.48,-92.75,-16.58,-97.96,-21.86,-76.79,7.48
216,5354.25,5366.50,0,6,-78.13,7.46,90.00,0,-98.84,-21.39,-97.02,-19.56,-110.10,-inf,-88.34,-10.56,-91.86,-14.28,-96.69,-19.23,-78.13,7.46
217,5354.50,5366.50,0,6,-76.87,8.27,90.00,0,-99.25,-22.96,-98.61,-22.32,-109.34,-33.07,-87.58,-10.99,-91.53,-15.14,-96.09,-19.78,-76.87,8.27
218,5354.75,5366.50,0,6,-75.93,7.65,90.00,0,-101.59,-26.34,-100.01,-24.76,-109.02,-33.78,-84.94,-9.21,-91.12,-15.77,-98.89,-23.64,-75.93,7.65
219,5355.00,5366.50,0,6,-76.29,9.57,90.00,0,-100.59,-24.74,-101.10,-25.26,-110.83,-inf,-87.41,-11.26,-93.32,-17.41,-103.09,-27.25,-76.29,9.57
220,5355.25,5366.50,0,6,-74.70,11.80,90.00,0,-101.95,-27.52,-102.43,-28.00,-108.56,-34.14,-87.76,-13.14,-95.50,-21.04,-102.95,-28.52,-74.70,11.80
221,5355.50,5366.50,0,6,-72.46,15.05,90.00,0,-103.26,-30.93,-104.18,-31.85,-106.84,-34.51,-88.83,-16.40,-97.44,-25.10,-101.03,-28.70,-72.46,15.05
222,5355.75,5366.50,0,6,-72.53,13.30,90.00,0,-102.15,-29.81,-104.57,-32.23,-106.40,-34.07,-86.49,-13.98,-99.39,-27.05,-104.76,-32.43,-72.53,13.30
223,5356.00,5366.50,0,6,-71.01,14.96,90.00,0,-105.09,-34.21,-106.54,-35.66,-105.62,-34.74,-86.63,-15.64,-99.43,-28.55,-102.40,-31.52,-71.01,14.96
224,5356.25,5366.50,0,6,-71.37,14.24,90.00,0,-106.53,-35.32,-104.54,-33.32,-104.14,-32.93,-86.26,-14.91,-98.62,-27.40,-103.41,-32.20,-71.37,14.24
225,5356.50,5366.50,0,6,-69.97,17.06,90.00,0,-105.92,-36.04,-105.04,-35.15,-106.64,-36.76,-87.83,-17.88,-99.07,-29.18,-104.65,-34.77,-69.97,17.06
226,5356.75,5366.50,0,6,-67.97,19.75,90.00,0,-105.36,-37.43,-104.23,-36.30,-106.40,-38.47,-88.65,-20.69,-99.40,-31.46,-106.76,-38.83,-67.97,19.75
227,5357.00,5366.50,0,6,-67.26,21.28,90.00,0,-104.33,-37.10,-106.16,-38.93,-107.10,-39.87,-89.61,-22.36,-99.53,-32.30,-108.29,-41.06,-67.26,21.28
228,5357.25,5366.50,0,6,-68.96,17.74,90.00,0,-101.42,-32.53,-105.35,-36.46,-107.92,-39.04,-87.44,-18.49,-99.89,-31.00,-108.37,-39.48,-68.96,17.74
229,5357.50,5366.50,0,6,-71.10,16.18,90.00,0,-102.93,-31.93,-105.47,-34.46,-109.46,-38.46,-88.25,-17.16,-98.27,-27.26,-104.89,-33.88,-71.10,16.18
230,5357.75,5366.50,0,6,-69.18,18.73,90.00,0,-103.21,-34.09,-105.56,-36.44,-110.74,-inf,-88.95,-19.78,-99.75,-30.63,-102.12,-33.00,-69.18,18.73
231,5358.00,5366.50,0,6,-69.05,19.74,90.00,0,-104.76,-35.76,-105.79,-36.79,-111.25,-inf,-90.02,-20.99,-99.84,-30.83,-101.93,-32.93,-69.05,19.74
232,5358.25,5366.50,0,6,-70.17,18.07,90.00,0,-105.09,-34.99,-104.89,-34.79,-108.80,-38.70,-89.56,-19.41,-100.08,-29.98,-99.23,-29.13,-70.17,18.07
233,5358.50,5366.50,0,6,-70.54,15.06,90.00,0,-106.84,-36.44,-105.24,-34.83,-108.41,-38.00,-86.57,-16.06,-96.61,-26.20,-97.78,-27.37,-70.54,15.06
234,5358.75,5366.50,0,6,-70.70,14.40,90.00,0,-109.08,-38.53,-107.86,-37.32,-109.49,-38.95,-86.16,-15.49,-95.42,-24.87,-96.17,-25.62,-70.70,14.40
235,5359.00,5366.50,0,6,-71.45,14.54,90.00,0,-107.15,-35.85,-107.76,-36.46,-109.30,-38.00,-87.45,-16.04,-95.78,-24.46,-95.16,-23.84,-71.45,14.54
236,5359.25,5366.50,0,6,-70.57,13.51,90.00,0,-105.74,-35.36,-105.68,-35.30,-107.83,-37.45,-84.96,-14.43,-96.41,-26.02,-94.97,-24.58,-70.57,13.51
237,5359.50,5366.50,0,6,-71.36,12.95,90.00,0,-104.23,-33.07,-104.97,-33.82,-106.85,-35.70,-85.49,-14.17,-93.76,-22.58,-95.83,-24.66,-71.36,12.95
238,5359.75,5366.50,0,6,-69.31,15.30,90.00,0,-103.68,-34.49,-108.10,-38.91,-107.57,-38.39,-85.76,-16.48,-94.34,-25.14,-95.85,-26.66,-69.31,15.30
239,5360.00,5366.50,0,6,-70.11,13.44,90.00,0,-104.24,-34.32,-105.48,-35.56,-105.97,-36.06,-84.89,-14.83,-91.86,-21.92,-94.78,-24.85,-70.11,13.44
240,5360.25,5366.50,0,6,-69.10,14.99,90.00,0,-104.56,-35.59,-104.04,-35.07,-107.34,-38.37,-85.83,-16.78,-91.88,-22.89,-93.49,-24.50,-69.10,14.99
241,5360.50,5366.50,0,6,-69.53,13.54,90.00,0,-103.17,-33.83,-103.24,-33.90,-107.87,-38.53,-85.12,-15.66,-89.47,-20.08,-92.87,-23.51,-69.53,13.54
242,5360.75,5366.50,0,6,-69.01,13.52,90.00,0,-103.60,-34.77,-106.08,-37.25,-109.11,-40.29,-84.87,-15.94,-87.81,-18.93,-93.15,-24.31,-69.01,13.52
243,5361.00,5366.50,0,6,-69.58,12.15,90.00,0,-103.16,-33.83,-108.66,-39.33,-111.36,-inf,-83.56,-14.06,-87.65,-18.26,-93.82,-24.48,-69.58,12.15
244,5361.25,5366.50,0,6,-71.34,8.79,90.00,0,-104.26,-33.46,-108.95,-38.15,-111.26,-inf,-80.97,-9.73,-89.16,-18.29,-94.73,-23.91,-71.34,8.79
245,5361.50,5366.50,0,6,-71.03,8.57,90.00,0,-102.66,-32.20,-108.23,-37.76,-109.60,-39.13,-80.68,-9.78,-87.27,-16.71,-94.49,-24.00,-71.03,8.57
246,5361.75,5366.50,0,6,-73.11,6.97,90.00,0,-102.72,-30.40,-106.92,-34.60,-110.54,-inf,-82.70,-9.96,-84.15,-11.54,-93.82,-21.48,-73.11,6.97
247,5362.00,5366.50,0,6,-75.51,5.19,90.00,0,-103.53,-29.16,-106.75,-32.39,-110.58,-inf,-84.85,-10.09,-83.44,-8.50,-92.68,-18.25,-75.51,5.19
248,5362.25,5366.50,0,6,-75.09,5.83,90.00,0,-105.40,-31.32,-103.74,-29.66,-109.90,-35.82,-84.82,-10.35,-84.01,-9.46,-91.92,-17.77,-75.09,5.83
249,5362.50,5366.50,0,6,-74.38,7.95,90.00,0,-104.74,-31.01,-107.09,-33.36,-109.60,-35.86,-87.44,-13.51,-84.88,-10.80,-91.96,-18.16,-74.38,7.95
250,5362.75,5366.50,0,6,-75.29,5.46,90.00,0,-102.06,-27.86,-107.14,-32.94,-107.55,-33.35,-85.72,-11.21,-83.45,-8.70,-89.87,-15.55,-75.29,5.46
251,5363.00,5366.50,0,6,-73.51,7.25,90.00,0,-101.88,-29.11,-106.71,-33.95,-107.90,-35.13,-85.86,-12.88,-83.45,-10.29,-89.70,-16.85,-73.51,7.25
252,5363.25,5366.50,0,6,-72.63,7.05,90.00,0,-102.51,-30.66,-108.74,-36.89,-105.44,-33.59,-86.74,-14.76,-81.28,-8.91,-89.95,-18.04,-72.63,7.05
253,5363.50,5366.50,0,6,-74.77,6.50,90.00,0,-102.14,-28.24,-108.27,-34.37,-104.47,-30.57,-88.20,-14.14,-82.93,-8.46,-91.92,-17.96,-74.77,6.50
254,5363.75,5366.50,0,6,-74.25,6.65,90.00,0,-102.57,-29.16,-108.12,-34.71,-104.60,-31.19,-87.88,-14.32,-82.73,-8.79,-90.20,-16.71,-74.25,6.65
255,5364.00,5366.50,0,6,-73.10,5.96,90.00,0,-99.87,-27.75,-107.06,-34.94,-104.23,-32.11,-84.20,-11.81,-81.18,-8.48,-91.42,-19.26,-73.10,5.96
256,5364.25,5366.50,0,6,-74.36,3.14,90.00,0,-99.71,-27.05,-106.78,-34.14,-104.52,-31.87,-84.50,-11.56,-78.87,-5.04,-90.05,-17.32,-74.36,3.14
257,5364.50,5366.50,0,6,-74.17,3.69,90.00,0,-98.62,-25.98,-106.23,-33.60,-104.76,-32.13,-84.33,-11.40,-79.35,-5.69,-91.14,-18.45,-74.17,3.69
258,5364.75,5366.50,0,6,-76.45,2.86,90.00,0,-97.26,-22.60,-106.47,-31.83,-106.15,-31.51,-85.87,-10.89,-80.81,-4.97,-92.97,-18.27,-76.45,2.86
259,5365.00,5366.50,0,6,-76.18,3.02,90.00,0,-96.46,-22.01,-106.59,-32.17,-107.17,-32.75,-85.07,-10.26,-80.94,-5.43,-92.99,-18.50,-76.18,3.02
260,5365.25,5366.50,0,6,-77.14,0.41,90.00,0,-96.59,-22.23,-107.04,-32.70,-105.85,-31.52,-81.22,-5.90,-80.40,-4.83,-92.84,-18.44,-77.14,0.41
261,5365.50,5366.50,0,6,-75.32,4.66,90.00,0,-97.03,-22.97,-106.79,-32.74,-106.75,-32.70,-83.44,-8.87,-83.27,-8.68,-93.15,-19.06,-75.32,4.66
262,5365.75,5366.50,0,6,-76.83,1.01,90.00,0,-98.84,-24.54,-108.47,-34.18,-108.08,-33.79,-82.16,-7.09,-80.09,-4.47,-95.02,-20.69,-76.83,1.01
263,5366.00,5366.50,0,6,-76.13,0.73,90.00,0,-98.39,-24.91,-108.45,-34.98,-107.77,-34.30,-80.77,-6.41,-79.36,-4.60,-94.26,-20.75,-76.13,0.73
264,5366.25,5366.50,0,6,-75.35,0.67,90.00,0,-95.83,-23.14,-105.73,-33.07,-108.05,-35.39,-81.09,-7.75,-77.83,-3.58,-95.17,-22.48,-75.35,0.67
265,5366.50,5366.50,0,6,-74.48,0.39,90.00,0,-97.78,-26.11,-108.61,-36.95,-108.64,-36.98,-78.23,-5.48,-77.69,-4.79,-96.15,-24.47,-74.48,0.39
266,5366.75,5366.50,0,6,-72.22,1.81,90.00,0,-97.14,-27.10,-108.39,-38.36,-108.31,-38.28,-78.13,-7.37,-76.28,-5.08,-96.54,-26.51,-72.22,1.81
267,5367.00,5366.50,0,6,-71.97,0.57,90.00,0,-95.79,-26.54,-106.16,-36.92,-109.38,-40.14,-76.71,-6.62,-74.72,-4.03,-97.61,-28.37,-71.97,0.57
268,5367.25,5366.50,0,6,-73.20,-1.06,90.00,0,-96.51,-26.87,-107.71,-38.08,-110.38,-inf,-77.14,-6.66,-73.84,-2.14,-99.57,-29.93,-73.20,-1.06
269,5367.50,5366.50,0,6,-75.24,-4.60,90.00,0,-95.75,-26.40,-108.72,-39.38,-108.35,-39.01,-77.09,-6.95,-71.78,1.23,-98.16,-28.81,-75.24,-4.60
270,5367.75,5366.50,0,6,-74.53,-3.55,90.00,0,-94.71,-25.31,-110.13,-inf,-107.04,-37.65,-75.68,-5.13,-72.84,-0.83,-96.22,-26.82,-74.53,-3.55
271,5368.00,5366.50,0,6,-74.73,-2.90,90.00,0,-95.18,-25.14,-109.15,-39.12,-107.03,-37.00,-75.63,-4.19,-74.25,-2.16,-95.36,-25.31,-74.73,-2.90
272,5368.25,5366.50,0,6,-74.19,-2.10,90.00,0,-96.98,-26.97,-110.70,-inf,-107.80,-37.79,-75.97,-4.69,-74.45,-2.51,-95.35,-25.33,-74.19,-2.10
273,5368.50,5366.50,0,6,-73.27,-1.25,90.00,0,-94.08,-24.47,-111.22,-inf,-108.34,-38.75,-74.50,-3.22,-75.80,-5.02,-93.22,-23.60,-73.27,-1.25
274,5368.75,5366.50,0,6,-76.50,-5.20,90.00,0,-95.94,-25.77,-112.45,-inf,-110.13,-inf,-75.76,-4.20,-73.30,-0.27,-93.24,-23.06,-76.50,-5.20
275,5369.00,5366.50,0,6,-76.49,-5.03,90.00,0,-95.83,-25.54,-111.31,-inf,-106.52,-36.24,-74.75,-2.55,-74.34,-1.90,-91.50,-21.19,-76.49,-5.03
276,5369.25,5366.50,0,6,-76.77,-3.94,90.00,0,-96.24,-24.88,-111.26,-inf,-106.70,-35.35,-76.13,-3.03,-75.78,-2.49,-89.69,-18.28,-76.77,-3.94
277,5369.50,5366.50,0,6,-75.99,-4.49,90.00,0,-96.73,-26.53,-111.90,-inf,-105.81,-35.63,-77.09,-5.92,-73.04,0.31,-89.40,-19.16,-75.99,-4.49
278,5369.75,5366.50,0,3,-74.91,-1.82,90.00,1,-100.28,-29.38,-111.54,-inf,-104.91,-34.02,-74.91,-1.82,-74.59,-1.27,-90.21,-19.26,-78.82,-7.17
279,5370.00,5366.50,0,3,-74.46,-1.78,90.00,0,-97.67,-27.19,-110.08,-inf,-107.25,-36.78,-74.46,-1.78,-74.20,-1.34,-89.64,-19.12,-78.37,-7.13
280,5370.25,5366.50,0,3,-75.33,-2.44,90.00,0,-99.09,-28.15,-108.82,-37.89,-107.00,-36.07,-75.33,-2.44,-73.92,0.04,-90.67,-19.69,-80.11,-8.62
281,5370.50,5366.50,0,3,-76.89,-1.52,90.00,0,-99.04,-25.97,-108.17,-35.11,-105.74,-32.68,-76.89,-1.52,-77.03,-1.74,-92.40,-19.29,-80.80,-6.94
282,5370.75,5366.50,0,3,-78.03,-4.49,90.00,0,-99.00,-26.76,-108.51,-36.28,-105.95,-33.72,-78.03,-4.49,-75.84,-1.13,-91.23,-18.95,-77.68,-4.00
283,5371.00,5366.50,0,3,-78.21,-4.80,90.00,0,-96.45,-24.26,-106.82,-34.64,-105.23,-33.06,-78.21,-4.80,-74.98,0.41,-88.93,-16.66,-79.16,-6.02
284,5371.25,5366.50,0,3,-78.58,-4.08,90.00,0,-97.58,-24.50,-108.68,-35.62,-104.76,-31.69,-78.58,-4.08,-78.04,-3.33,-90.06,-16.92,-77.31,-2.21
285,5371.50,5366.50,0,6,-74.72,0.36,90.00,1,-98.37,-26.47,-108.07,-36.18,-105.96,-34.07,-79.81,-7.16,-77.21,-3.81,-88.88,-16.91,-74.72,0.36
286,5371.75,5366.50,0,6,-74.97,1.07,90.00,0,-95.82,-23.35,-110.24,-inf,-107.04,-34.58,-79.43,-6.00,-79.39,-5.94,-87.96,-15.38,-74.97,1.07
287,5372.00,5366.50,0,6,-75.08,-0.29,90.00,0,-95.25,-23.31,-109.07,-37.15,-106.80,-34.88,-79.30,-6.50,-77.50,-4.16,-84.93,-12.78,-75.08,-0.29
288,5372.25,5366.50,0,6,-77.35,-1.80,90.00,0,-96.22,-22.85,-110.06,-inf,-106.95,-33.60,-78.48,-3.54,-80.11,-5.74,-84.49,-10.80,-77.35,-1.80
289,5372.50,5366.50,0,6,-77.33,-3.02,90.00,0,-95.97,-23.40,-110.01,-inf,-108.54,-35.99,-76.13,-1.09,-79.90,-6.47,-86.63,-13.91,-77.33,-3.02
290,5372.75,5366.50,0,6,-76.56,-1.38,90.00,0,-98.89,-26.07,-110.55,-inf,-108.32,-35.52,-77.41,-2.77,-80.80,-7.25,-84.35,-11.24,-76.56,-1.38
291,5373.00,5366.50,0,6,-73.25,3.43,90.00,0,-100.05,-28.42,-108.55,-36.92,-107.03,-35.40,-79.05,-6.55,-82.15,-10.12,-85.71,-13.91,-73.25,3.43
292,5373.25,5366.50,0,6,-73.42,3.89,90.00,0,-101.28,-29.35,-109.25,-37.32,-106.44,-34.51,-80.51,-7.93,-82.54,-10.22,-84.09,-11.89,-73.42,3.89
293,5373.50,5366.50,0,6,-73.40,5.06,90.00,0,-103.68,-31.45,-110.16,-inf,-106.59,-34.37,-81.19,-8.37,-83.76,-11.22,-86.44,-14.04,-73.40,5.06
294,5373.75,5366.50,0,6,-75.65,2.46,90.00,0,-102.21,-28.51,-109.83,-36.14,-105.09,-31.39,-80.54,-5.84,-83.26,-9.05,-87.67,-13.80,-75.65,2.46
295,5374.00,5366.50,0,6,-78.65,0.12,90.00,0,-101.03,-25.32,-111.04,-inf,-104.42,-28.71,-81.03,-3.83,-85.94,-9.81,-85.82,-9.68,-78.65,0.12
296,5374.25,5366.50,0,6,-75.63,3.25,90.00,0,-101.20,-27.25,-113.11,-inf,-107.07,-33.12,-80.97,-6.06,-87.62,-13.48,-85.20,-10.91,-75.63,3.25
297,5374.50,5366.50,0,6,-73.83,3.22,90.00,0,-100.14,-27.99,-111.23,-inf,-106.51,-34.36,-78.15,-4.75,-85.76,-13.42,-88.20,-15.95,-73.83,3.22
298,5374.75,5366.50,0,6,-76.40,-1.08,90.00,0,-101.30,-28.48,-109.97,-37.14,-104.95,-32.13,-76.23,-0.77,-85.27,-12.19,-86.34,-13.32,-76.40,-1.08
299,5375.00,5366.50,0,6,-76.13,-0.97,90.00,0,-98.43,-25.80,-110.26,-inf,-104.74,-32.13,-76.54,-1.68,-82.74,-9.69,-85.72,-12.89,-76.13,-0.97
300,5375.25,5366.50,0,6,-77.31,-2.09,90.00,0,-99.31,-26.16,-110.48,-inf,-106.21,-33.07,-76.39,-0.46,-83.21,-9.62,-87.00,-13.68,-77.31,-2.09
301,5375.50,5366.50,0,6,-77.19,-2.64,90.00,0,-96.82,-24.15,-109.05,-36.39,-108.23,-35.57,-76.33,-1.24,-80.10,-6.57,-87.61,-14.81,-77.19,-2.64
302,5375.75,5366.50,0,6,-77.77,-1.81,90.00,0,-95.35,-21.56,-108.57,-34.81,-111.96,-inf,-77.95,-2.10,-81.95,-7.47,-85.98,-11.95,-77.77,-1.81
303,5376.00,5366.50,0,6,-74.66,2.44,90.00,0,-95.75,-23.03,-108.41,-35.71,-111.14,-inf,-79.54,-5.84,-84.04,-11.02,-83.89,-10.85,-74.66,2.44
304,5376.25,5366.50,0,6,-76.29,1.45,90.00,0,-99.18,-25.22,-108.08,-34.13,-108.84,-34.89,-81.17,-6.31,-83.05,-8.54,-84.00,-9.60,-76.29,1.45
305,5376.50,5366.50,0,6,-76.04,2.14,90.00,0,-99.58,-25.60,-110.56,-inf,-108.36,-34.39,-80.17,-5.02,-86.13,-11.89,-85.32,-11.02,-76.04,2.14
306,5376.75,5366.50,0,6,-76.29,3.03,90.00,0,-99.36,-24.82,-111.96,-inf,-108.02,-33.48,-81.32,-5.77,-87.92,-13.18,-86.03,-11.18,-76.29,3.03
307,5377.00,5366.50,0,6,-75.28,4.65,90.00,0,-101.31,-27.31,-109.68,-35.68,-104.80,-30.80,-82.48,-7.82,-89.49,-15.37,-84.97,-10.61,-75.28,4.65
308,5377.25,5366.50,0,6,-77.37,2.96,90.00,0,-101.70,-26.10,-107.71,-32.12,-104.48,-28.89,-83.95,-7.68,-88.31,-12.49,-84.49,-8.31,-77.37,2.96
309,5377.50,5366.50,0,6,-77.89,2.43,90.00,0,-103.17,-27.23,-107.72,-31.79,-104.66,-28.72,-84.27,-7.65,-85.95,-9.57,-85.53,-9.09,-77.89,2.43
310,5377.75,5366.50,0,6,-78.27,2.21,90.00,0,-103.03,-26.80,-110.22,-inf,-105.73,-29.50,-83.83,-6.78,-85.14,-8.32,-87.99,-11.47,-78.27,2.21
311,5378.00,5366.50,0,6,-77.77,2.21,90.00,0,-105.84,-30.12,-112.17,-inf,-105.77,-30.04,-82.76,-6.08,-85.34,-9.12,-87.72,-11.72,-77.77,2.21
312,5378.25,5366.50,0,6,-78.13,2.75,90.00,0,-104.85,-28.57,-111.04,-inf,-106.05,-29.77,-84.20,-7.16,-86.38,-9.66,-87.17,-10.53,-78.13,2.75
313,5378.50,5366.50,0,6,-76.24,3.29,90.00,0,-104.57,-29.99,-112.72,-inf,-107.54,-32.96,-81.81,-6.32,-89.20,-14.48,-84.98,-9.99,-76.24,3.29
314,5378.75,5366.50,0,6,-76.51,3.71,90.00,0,-107.84,-32.87,-115.02,-inf,-105.54,-30.56,-82.73,-6.97,-89.62,-14.49,-85.32,-9.93,-76.51,3.71
315,5379.00,5366.50,0,6,-77.88,1.63,90.00,0,-110.49,-inf,-114.49,-inf,-108.23,-32.62,-81.72,-4.90,-89.57,-13.78,-84.88,-8.72,-77.88,1.63
316,5379.25,5366.50,0,6,-78.79,0.18,90.00,0,-110.01,-inf,-116.02,-inf,-107.87,-31.99,-81.15,-3.75,-89.43,-13.37,-84.28,-7.73,-78.79,0.18
317,5379.50,5366.50,0,6,-80.11,-1.28,90.00,0,-109.21,-32.79,-114.50,-inf,-105.78,-29.36,-80.99,-2.71,-87.64,-10.89,-84.86,-7.78,-80.11,-1.28
318,5379.75,5366.50,0,6,-81.44,-1.85,90.00,0,-110.35,-inf,-112.82,-inf,-105.77,-28.35,-82.24,-3.09,-87.86,-10.04,-84.90,-6.63,-81.44,-1.85
319,5380.00,5366.50,0,6,-80.83,-1.55,90.00,0,-111.30,-inf,-115.07,-inf,-104.94,-27.95,-84.64,-6.84,-86.53,-9.04,-82.22,-3.69,-80.83,-1.55
320,5380.25,5366.50,0,6,-82.90,-3.14,90.00,0,-109.01,-30.96,-114.74,-inf,-106.27,-28.22,-84.87,-5.81,-86.79,-8.13,-82.94,-3.21,-82.90,-3.14
321,5380.50,5366.50,0,6,-83.47,-2.81,90.00,0,-107.50,-28.66,-115.16,-inf,-107.18,-28.34,-86.32,-6.64,-87.59,-8.13,-83.59,-2.99,-83.47,-2.81
322,5380.75,5366.50,0,6,-84.34,-2.26,90.00,0,-107.51,-27.44,-113.80,-inf,-106.68,-26.61,-86.96,-5.92,-88.07,-7.26,-86.07,-4.75,-84.34,-2.26
323,5381.00,5366.50,0,6,-84.89,-2.39,90.00,0,-106.40,-25.87,-110.05,-inf,-107.77,-27.24,-85.99,-4.01,-87.63,-6.17,-89.08,-7.90,-84.89,-2.39
324,5381.25,5366.50,0,6,-84.59,-1.97,90.00,0,-107.23,-26.74,-108.60,-28.10,-109.73,-29.24,-86.04,-4.13,-87.67,-6.26,-89.50,-8.44,-84.59,-1.97
325,5381.50,5366.50,0,6,-85.74,-3.64,90.00,0,-106.62,-26.06,-107.31,-26.76,-109.54,-29.00,-86.75,-5.02,-85.23,-2.89,-90.46,-9.45,-85.74,-3.64
326,5381.75,5366.50,0,6,-86.70,-4.11,90.00,0,-105.43,-24.25,-107.68,-26.51,-107.79,-26.62,-87.27,-4.88,-86.05,-3.18,-90.04,-8.28,-86.70,-4.11
327,5382.00,5366.50,0,6,-86.79,-3.68,90.00,0,-107.09,-25.52,-108.77,-27.20,-109.15,-27.59,-89.09,-6.69,-86.49,-3.24,-88.98,-6.55,-86.79,-3.68
328,5382.25,5366.50,0,6,-86.26,-3.17,90.00,0,-109.08,-27.69,-108.75,-27.37,-107.52,-26.13,-88.97,-6.76,-86.53,-3.56,-88.94,-6.72,-86.26,-3.17
329,5382.50,5366.50,0,6,-85.42,-2.32,90.00,0,-109.50,-28.40,-109.47,-28.38,-105.06,-23.95,-90.32,-8.67,-85.26,-2.08,-90.73,-9.14,-85.42,-2.32
330,5382.75,5366.50,0,6,-84.90,-1.98,90.00,0,-108.55,-27.75,-108.64,-27.85,-103.05,-22.24,-88.76,-7.22,-86.34,-4.13,-88.94,-7.44,-84.90,-1.98
331,5383.00,5366.50,0,6,-84.28,-1.50,90.00,0,-108.31,-27.84,-108.23,-27.77,-104.10,-23.63,-88.77,-7.62,-85.62,-3.59,-89.83,-8.85,-84.28,-1.50
332,5383.25,5366.50,0,6,-83.39,-0.31,90.00,0,-108.28,-28.05,-107.54,-27.32,-104.14,-23.91,-89.99,-9.29,-85.29,-3.46,-90.98,-10.39,-83.39,-0.31
333,5383.50,5366.50,0,6,-85.16,-3.08,90.00,0,-111.43,-inf,-107.85,-27.51,-103.39,-23.03,-89.64,-8.76,-84.38,-1.87,-88.84,-7.84,-85.16,-3.08
334,5383.75,5366.50,0,6,-84.50,-2.29,90.00,0,-112.57,-inf,-105.38,-25.18,-102.00,-21.78,-89.44,-8.70,-84.73,-2.66,-88.78,-7.94,-84.50,-2.29
335,5384.00,5366.50,0,6,-82.35,-0.04,90.00,0,-113.61,-inf,-104.82,-25.49,-98.66,-19.29,-89.61,-9.87,-86.82,-6.65,-86.13,-5.80,-82.35,-0.04
336,5384.25,5366.50,0,6,-80.67,2.26,90.00,0,-113.18,-inf,-105.40,-26.75,-97.44,-18.75,-92.44,-13.61,-86.74,-7.37,-86.78,-7.42,-80.67,2.26
337,5384.50,5366.50,0,6,-79.88,1.63,90.00,0,-110.88,-inf,-104.55,-26.93,-94.79,-17.10,-88.89,-10.95,-85.21,-6.78,-86.39,-8.16,-79.88,1.63
338,5384.75,5366.50,0,6,-81.24,-0.49,90.00,0,-110.69,-inf,-106.53,-28.54,-97.23,-19.20,-88.35,-9.95,-86.10,-7.39,-83.80,-4.49,-81.24,-0.49
339,5385.00,5366.50,0,6,-79.54,-0.90,90.00,0,-112.10,-inf,-105.68,-29.62,-98.18,-22.10,-86.06,-9.55,-84.80,-8.13,-81.18,-3.53,-79.54,-0.90
340,5385.25,5366.50,0,6,-78.73,-3.09,90.00,0,-110.26,-inf,-102.84,-28.93,-96.21,-22.29,-85.54,-11.32,-84.20,-9.87,-76.92,-0.01,-78.73,-3.09
341,5385.50,5366.50,0,6,-78.85,-2.37,90.00,0,-109.87,-35.38,-103.13,-28.63,-95.64,-21.11,-86.35,-11.57,-82.34,-7.07,-78.56,-1.91,-78.85,-2.37
342,5385.75,5366.50,0,6,-78.26,-3.56,90.00,0,-108.21,-35.09,-105.71,-32.60,-93.88,-20.74,-86.80,-13.50,-84.69,-11.27,-75.55,1.24,-78.26,-3.56
343,5386.00,5366.50,0,6,-78.83,-3.34,90.00,0,-106.44,-32.61,-105.02,-31.19,-92.49,-18.60,-84.21,-9.96,-85.84,-11.73,-76.74,0.20,-78.83,-3.34
344,5386.25,5366.50,0,6,-77.61,-1.56,90.00,0,-105.98,-32.23,-107.72,-33.98,-92.37,-18.56,-83.89,-9.70,-87.33,-13.39,-77.40,-1.20,-77.61,-1.56
345,5386.50,5366.50,0,6,-77.06,-3.19,90.00,0,-104.14,-31.97,-106.77,-34.60,-93.61,-21.41,-80.97,-8.18,-88.34,-16.07,-75.09,0.18,-77.06,-3.19
346,5386.75,5366.50,0,6,-79.95,-5.38,90.00,0,-104.12,-30.65,-106.18,-32.71,-92.86,-19.34,-80.63,-6.24,-87.07,-13.41,-76.27,0.43,-79.95,-5.38
347,5387.00,5366.50,0,6,-80.98,-6.93,90.00,0,-102.77,-29.51,-109.89,-36.64,-95.01,-21.73,-79.89,-5.58,-86.25,-12.78,-75.81,0.95,-80.98,-6.93
348,5387.25,5366.50,0,6,-80.38,-6.42,90.00,0,-104.19,-31.12,-110.34,-inf,-96.80,-23.72,-80.10,-6.08,-87.60,-14.38,-75.47,1.30,-80.38,-6.42
349,5387.50,5366.50,0,6,-79.19,-5.51,90.00,0,-102.49,-29.87,-109.63,-37.02,-94.40,-21.76,-81.40,-8.18,-87.52,-14.77,-74.78,1.88,-79.19,-5.51
350,5387.75,5366.50,0,6,-79.53,-4.45,90.00,0,-102.07,-28.31,-107.91,-34.16,-95.10,-21.32,-82.22,-7.80,-85.71,-11.67,-76.60,0.32,-79.53,-4.45
351,5388.00,5366.50,0,6,-78.09,-1.69,90.00,0,-101.22,-27.05,-106.52,-32.36,-94.17,-19.97,-84.90,-10.36,-86.41,-11.99,-77.76,-1.10,-78.09,-1.69
352,5388.25,5366.50,0,6,-76.79,-0.23,90.00,0,-103.39,-29.72,-105.99,-32.32,-97.11,-23.43,-86.07,-12.15,-86.85,-12.97,-77.65,-1.78,-76.79,-0.23
353,5388.50,5366.50,0,6,-75.09,3.85,90.00,0,-105.33,-31.74,-104.26,-30.67,-97.02,-23.41,-89.34,-15.64,-89.02,-15.30,-80.00,-5.29,-75.09,3.85
354,5388.75,5366.50,0,6,-75.36,3.26,90.00,0,-104.32,-30.63,-104.50,-30.81,-95.45,-21.74,-91.04,-17.27,-90.35,-16.57,-79.37,-4.32,-75.36,3.26
355,5389.00,5366.50,0,6,-76.32,-0.85,90.00,0,-103.24,-30.38,-105.67,-32.80,-95.30,-22.42,-90.42,-17.48,-89.64,-16.69,-75.86,0.02,-76.32,-0.85
356,5389.25,5366.50,0,6,-74.85,2.64,90.00,0,-105.36,-32.40,-103.19,-30.23,-93.85,-20.85,-92.27,-19.25,-91.99,-18.97,-77.96,-3.35,-74.85,2.64
357,5389.50,5366.50,0,6,-75.26,2.05,90.00,0,-103.48,-30.33,-103.51,-30.36,-92.96,-19.76,-93.32,-20.13,-93.24,-20.04,-77.71,-2.68,-75.26,2.05
358,5389.75,5366.50,0,6,-72.08,7.19,90.00,0,-104.00,-32.68,-102.55,-31.23,-90.75,-19.39,-92.24,-20.89,-93.67,-22.33,-80.10,-8.16,-72.08,7.19
359,5390.00,5366.50,0,6,-72.29,6.98,90.00,0,-105.22,-33.72,-101.48,-29.98,-91.60,-20.06,-89.17,-17.59,-93.56,-22.03,-80.33,-8.22,-72.29,6.98
360,5390.25,5366.50,0,6,-74.03,7.55,90.00,0,-108.06,-34.73,-101.56,-28.23,-91.28,-17.89,-88.16,-14.69,-94.40,-21.05,-83.84,-10.11,-74.03,7.55
361,5390.50,5366.50,0,6,-74.47,7.00,90.00,0,-109.74,-36.06,-100.00,-26.31,-89.72,-15.93,-90.88,-17.12,-93.19,-19.47,-83.41,-9.24,-74.47,7.00
362,5390.75,5366.50,0,6,-76.46,5.44,90.00,0,-107.68,-32.31,-99.92,-24.54,-89.28,-13.73,-91.72,-16.25,-92.62,-17.17,-84.16,-8.18,-76.46,5.44
363,5391.00,5366.50,0,6,-75.89,7.00,90.00,0,-107.52,-32.42,-100.43,-25.32,-89.80,-14.55,-92.75,-17.58,-92.90,-17.73,-85.46,-9.94,-75.89,7.00
364,5391.25,5366.50,0,6,-76.00,8.09,90.00,0,-106.15,-30.77,-102.33,-26.94,-89.94,-14.42,-94.00,-18.57,-92.90,-17.44,-87.47,-11.82,-76.00,8.09
365,5391.50,5366.50,0,6,-77.79,5.76,90.00,0,-104.50,-27.73,-103.41,-26.63,-87.78,-10.65,-96.29,-19.48,-93.29,-16.43,-87.30,-10.13,-77.79,5.76
366,5391.75,5366.50,0,6,-78.14,5.47,90.00,0,-103.78,-26.72,-103.76,-26.70,-87.20,-9.71,-94.28,-17.15,-91.53,-14.32,-89.22,-11.90,-78.14,5.47
367,5392.00,5366.50,0,6,-79.32,5.90,90.00,0,-102.70,-24.35,-102.60,-24.26,-89.24,-10.54,-92.54,-14.04,-95.00,-16.58,-91.36,-12.81,-79.32,5.90
368,5392.25,5366.50,0,6,-80.17,5.66,90.00,0,-101.77,-22.62,-105.27,-26.14,-89.50,-9.95,-93.49,-14.21,-95.30,-16.07,-92.58,-13.25,-80.17,5.66
369,5392.50,5366.50,0,6,-80.69,6.86,90.00,0,-100.45,-20.53,-105.37,-25.48,-93.42,-13.34,-92.42,-12.29,-96.71,-16.74,-95.28,-15.28,-80.69,6.86
370,5392.75,5366.50,0,6,-80.24,7.85,90.00,0,-100.46,-20.85,-104.86,-25.26,-92.74,-12.94,-93.22,-13.44,-96.83,-17.17,-99.47,-19.85,-80.24,7.85
371,5393.00,5366.50,0,6,-79.75,7.92,90.00,0,-99.85,-20.72,-106.92,-27.82,-92.38,-13.08,-91.51,-12.16,-98.69,-19.54,-101.54,-22.42,-79.75,7.92
372,5393.25,5366.50,0,6,-76.87,9.99,90.00,0,-100.11,-23.63,-107.43,-30.97,-91.01,-14.40,-90.70,-14.08,-99.60,-23.12,-100.40,-23.93,-76.87,9.99
373,5393.50,5366.50,0,6,-79.18,8.02,90.00,0,-99.41,-20.83,-106.90,-28.35,-90.58,-11.76,-91.89,-13.14,-100.18,-21.60,-102.85,-24.28,-79.18,8.02
374,5393.75,5366.50,0,6,-79.01,8.52,90.00,0,-102.35,-23.89,-105.60,-27.15,-91.24,-12.57,-91.43,-12.77,-101.78,-23.32,-103.77,-25.32,-79.01,8.52
375,5394.00,5366.50,0,6,-81.94,7.00,90.00,0,-105.43,-24.26,-104.40,-23.22,-93.00,-11.55,-93.04,-11.60,-103.90,-22.72,-101.46,-20.27,-81.94,7.00
376,5394.25,5366.50,0,6,-81.92,6.91,90.00,0,-103.32,-22.19,-104.99,-23.86,-92.96,-11.55,-92.75,-11.32,-104.36,-23.23,-102.45,-21.31,-81.92,6.91
377,5394.50,5366.50,0,6,-80.26,8.52,90.00,0,-103.24,-23.53,-106.05,-26.34,-92.52,-12.60,-93.09,-13.20,-104.23,-24.53,-101.93,-22.22,-80.26,8.52
378,5394.75,5366.50,0,6,-79.19,8.18,90.00,0,-103.94,-25.35,-105.00,-26.41,-89.32,-10.36,-94.19,-15.49,-105.08,-26.49,-101.11,-22.51,-79.19,8.18
379,5395.00,5366.50,0,6,-80.83,7.02,90.00,0,-104.92,-24.86,-104.38,-24.32,-91.79,-11.44,-91.54,-11.17,-104.55,-24.49,-101.50,-21.42,-80.83,7.02
380,5395.25,5366.50,0,6,-81.65,6.36,90.00,0,-102.98,-22.20,-105.02,-24.25,-91.77,-10.66,-92.14,-11.06,-107.07,-26.31,-100.02,-19.22,-81.65,6.36
381,5395.50,5366.50,0,6,-78.67,9.21,90.00,0,-102.92,-24.73,-103.96,-25.77,-90.76,-12.33,-93.00,-14.67,-104.30,-26.11,-102.27,-24.07,-78.67,9.21
382,5395.75,5366.50,0,6,-78.54,8.93,90.00,0,-103.71,-25.69,-102.47,-24.44,-90.67,-12.42,-91.97,-13.78,-102.61,-24.58,-103.47,-25.45,-78.54,8.93
383,5396.00,5366.50,0,6,-79.53,7.68,90.00,0,-103.20,-24.34,-102.23,-23.36,-89.75,-10.54,-92.66,-13.62,-102.05,-23.19,-105.24,-26.38,-79.53,7.68
384,5396.25,5366.50,0,6,-78.81,8.48,90.00,0,-102.27,-24.02,-100.97,-22.72,-89.64,-11.08,-93.53,-15.17,-101.31,-23.05,-106.20,-27.96,-78.81,8.48
385,5396.50,5366.50,0,6,-80.78,6.33,90.00,0,-104.43,-24.54,-102.21,-22.31,-89.76,-9.42,-92.23,-12.10,-101.18,-21.28,-107.73,-27.85,-80.78,6.33
386,5396.75,5366.50,0,6,-79.51,6.61,90.00,0,-104.29,-25.63,-100.47,-21.79,-90.88,-11.96,-88.99,-9.92,-99.05,-20.36,-108.46,-29.80,-79.51,6.61
387,5397.00,5366.50,0,6,-76.93,9.84,90.00,0,-106.57,-30.06,-98.69,-22.16,-91.19,-14.53,-90.15,-13.45,-99.78,-23.25,-108.63,-32.12,-76.93,9.84
388,5397.25,5366.50,0,6,-76.18,11.93,90.00,0,-111.81,-inf,-101.22,-25.30,-91.87,-15.84,-92.38,-16.37,-99.07,-23.13,-108.24,-32.32,-76.18,11.93
389,5397.50,5366.50,0,6,-76.83,9.88,90.00,0,-112.07,-inf,-101.71,-25.30,-88.85,-12.19,-92.98,-16.48,-98.54,-22.11,-107.86,-31.46,-76.83,9.88
390,5397.75,5366.50,0,6,-77.21,9.44,90.00,0,-109.11,-32.36,-101.15,-24.38,-89.76,-12.79,-91.54,-14.64,-97.40,-20.62,-105.31,-28.56,-77.21,9.44
391,5398.00,5366.50,0,6,-77.07,10.11,90.00,0,-108.37,-31.70,-101.33,-24.65,-92.84,-16.07,-90.04,-13.18,-97.09,-20.39,-106.48,-29.82,-77.07,10.11
392,5398.25,5366.50,0,6,-79.09,9.13,90.00,0,-107.89,-29.29,-101.89,-23.28,-94.55,-15.84,-91.34,-12.51,-96.56,-17.90,-106.98,-28.38,-79.09,9.13
393,5398.50,5366.50,0,6,-78.00,10.52,90.00,0,-105.49,-27.85,-102.61,-24.97,-94.92,-17.21,-91.07,-13.24,-99.79,-22.14,-108.07,-30.44,-78.00,10.52
394,5398.75,5366.50,0,6,-76.67,11.96,90.00,0,-104.88,-28.47,-103.08,-26.67,-94.93,-18.46,-91.82,-15.29,-97.06,-20.62,-108.83,-32.42,-76.67,11.96
395,5399.00,5366.50,0,6,-75.67,12.40,90.00,0,-102.62,-27.18,-101.48,-26.04,-98.48,-23.03,-89.87,-14.29,-98.37,-22.92,-107.70,-32.27,-75.67,12.40
396,5399.25,5366.50,0,6,-76.45,9.17,90.00,0,-100.14,-24.17,-100.77,-24.80,-98.43,-22.45,-86.60,-10.25,-99.29,-23.32,-108.92,-32.97,-76.45,9.17
397,5399.50,5366.50,0,6,-79.57,5.80,90.00,0,-99.25,-20.65,-100.06,-21.47,-99.56,-20.96,-86.25,-6.88,-99.78,-21.19,-110.13,-inf,-79.57,5.80
398,5399.75,5366.50,0,6,-82.71,3.55,90.00,0,-99.18,-17.99,-98.12,-16.92,-99.98,-18.81,-87.50,-5.25,-99.33,-18.14,-110.27,-inf,-82.71,3.55
399,5400.00,5366.50,0,6,-80.78,6.28,90.00,0,-97.96,-18.04,-99.07,-19.16,-98.52,-18.60,-88.57,-8.08,-102.68,-22.80,-111.21,-inf,-80.78,6.28
400,5400.25,5366.50,0,6,-79.26,8.65,90.00,0,-96.77,-18.00,-98.89,-20.14,-99.32,-20.57,-90.06,-11.02,-101.41,-22.68,-113.05,-inf,-79.26,8.65
401,5400.50,5366.50,0,6,-79.37,10.29,90.00,0,-98.58,-19.56,-101.62,-22.61,-99.32,-20.30,-92.43,-13.25,-100.65,-21.64,-111.16,-inf,-79.37,10.29
402,5400.75,5366.50,0,6,-80.13,10.23,90.00,0,-97.98,-18.18,-100.57,-20.80,-101.20,-21.44,-94.23,-14.33,-99.70,-19.93,-108.86,-29.12,-80.13,10.23
403,5401.00,5366.50,0,6,-80.81,10.16,90.00,0,-98.91,-18.44,-100.21,-19.76,-100.89,-20.44,-95.09,-14.53,-101.53,-21.09,-108.33,-27.91,-80.81,10.16
404,5401.25,5366.50,0,6,-80.77,11.14,90.00,0,-100.38,-19.89,-102.45,-21.97,-100.33,-19.83,-96.03,-15.46,-105.38,-24.91,-106.28,-25.81,-80.77,11.14
405,5401.50,5366.50,0,6,-82.17,10.49,90.00,0,-99.89,-18.03,-104.96,-23.14,-102.77,-20.94,-97.15,-15.23,-106.62,-24.81,-103.93,-22.11,-82.17,10.49
406,5401.75,5366.50,0,6,-82.82,8.68,90.00,0,-99.48,-17.14,-103.56,-21.27,-99.91,-17.58,-95.91,-13.45,-103.52,-21.22,-103.03,-20.73,-82.82,8.68
407,5402.00,5366.50,0,6,-81.80,8.92,90.00,0,-98.54,-17.18,-104.35,-23.05,-99.73,-18.39,-94.05,-12.54,-103.28,-21.97,-106.26,-24.97,-81.80,8.92
408,5402.25,5366.50,0,6,-81.97,8.38,90.00,0,-99.24,-17.79,-102.29,-20.86,-102.48,-21.06,-92.75,-11.03,-104.21,-22.80,-107.56,-26.17,-81.97,8.38
409,5402.50,5366.50,0,6,-83.46,4.42,90.00,0,-98.62,-16.40,-101.36,-19.18,-101.10,-18.92,-89.26,-6.21,-103.77,-21.62,-108.97,-26.84,-83.46,4.42
410,5402.75,5366.50,0,6,-83.27,3.26,90.00,0,-96.17,-14.42,-100.38,-18.74,-102.25,-20.63,-87.76,-4.97,-103.97,-22.35,-107.38,-25.78,-83.27,3.26
411,5403.00,5366.50,0,6,-83.27,2.66,90.00,0,-92.91,-11.20,-103.12,-21.70,-100.77,-19.33,-87.61,-5.03,-106.25,-24.84,-103.13,-21.71,-83.27,2.66
412,5403.25,5366.50,0,6,-83.30,2.79,90.00,0,-94.40,-12.72,-104.44,-22.95,-100.75,-19.24,-87.46,-4.74,-105.73,-24.25,-102.47,-20.97,-83.30,2.79
413,5403.50,5366.50,0,6,-86.59,-2.32,90.00,0,-92.91,-10.25,-105.23,-22.94,-100.77,-18.44,-85.35,-0.13,-102.67,-20.36,-103.89,-21.59,-86.59,-2.32
414,5403.75,5366.50,0,6,-85.93,-3.45,90.00,0,-95.53,-14.51,-104.10,-23.21,-100.81,-19.91,-82.99,1.99,-101.86,-20.97,-102.36,-21.46,-85.93,-3.45
415,5404.00,5366.50,0,6,-85.64,-1.76,90.00,0,-94.07,-12.15,-104.72,-23.05,-102.02,-20.32,-84.70,-0.07,-102.52,-20.83,-102.01,-20.31,-85.64,-1.76
416,5404.25,5366.50,0,6,-84.62,-0.86,90.00,0,-95.51,-14.18,-104.99,-23.81,-101.93,-20.73,-84.42,-0.49,-101.24,-20.03,-104.27,-23.08,-84.62,-0.86
417,5404.50,5366.50,0,6,-83.36,-2.59,90.00,0,-96.90,-17.97,-105.38,-26.51,-98.65,-19.74,-81.06,1.81,-103.15,-24.27,-105.79,-26.92,-83.36,-2.59
418,5404.75,5366.50,0,6,-84.06,-3.10,90.00,0,-97.53,-18.23,-104.85,-25.61,-98.46,-19.17,-81.26,2.25,-102.22,-22.96,-107.60,-28.36,-84.06,-3.10
419,5405.00,5366.50,0,6,-83.69,-1.34,90.00,0,-95.86,-15.79,-105.70,-25.73,-99.26,-19.24,-82.83,0.28,-100.95,-20.96,-106.21,-26.24,-83.69,-1.34
420,5405.25,5366.50,0,6,-83.85,-2.12,90.00,0,-92.49,-12.60,-104.14,-24.47,-99.25,-19.54,-82.43,0.48,-98.12,-18.40,-106.97,-27.31,-83.85,-2.12
421,5405.50,5366.50,0,6,-85.01,-3.36,90.00,0,-90.94,-10.58,-103.18,-23.16,-97.99,-17.93,-82.58,0.89,-97.75,-17.68,-102.67,-22.65,-85.01,-3.36
422,5405.75,5366.50,0,6,-83.81,0.02,90.00,0,-91.04,-9.80,-101.02,-20.16,-100.31,-19.45,-85.55,-2.96,-96.45,-15.52,-101.93,-21.08,-83.81,0.02
423,5406.00,5366.50,0,6,-86.51,-2.04,90.00,0,-91.56,-8.65,-103.54,-21.15,-98.49,-16.03,-86.29,-1.68,-97.28,-14.78,-102.79,-20.39,-86.51,-2.04
424,5406.25,5366.50,0,3,-83.19,2.65,90.00,1,-94.73,-13.22,-103.28,-21.95,-98.62,-17.24,-83.19,2.65,-97.04,-15.62,-102.52,-21.18,-87.61,-5.15
425,5406.50,5366.50,0,3,-83.74,4.19,90.00,0,-97.04,-14.56,-102.24,-19.86,-99.74,-17.33,-83.74,4.19,-100.10,-17.69,-103.64,-21.27,-89.97,-6.81
426,5406.75,5366.50,0,3,-82.62,6.60,90.00,0,-101.43,-19.62,-104.97,-23.18,-103.33,-21.53,-82.62,6.60,-100.45,-18.62,-103.26,-21.47,-90.93,-8.60
427,5407.00,5366.50,0,3,-82.31,7.02,90.00,0,-104.83,-23.29,-106.94,-25.41,-102.45,-20.90,-82.31,7.02,-104.10,-22.56,-103.20,-21.65,-90.59,-8.50
428,5407.25,5366.50,0,3,-81.30,7.94,90.00,0,-102.84,-22.16,-106.83,-26.17,-101.62,-20.93,-81.30,7.94,-106.40,-25.74,-102.62,-21.94,-90.59,-9.47
429,5407.50,5366.50,0,3,-81.18,8.82,90.00,0,-104.88,-24.23,-107.28,-26.63,-100.31,-19.62,-81.18,8.82,-107.43,-26.78,-102.09,-21.41,-91.69,-10.70
430,5407.75,5366.50,0,3,-81.79,7.57,90.00,0,-104.60,-23.49,-110.04,-inf,-102.02,-20.89,-81.79,7.57,-107.44,-26.34,-101.86,-20.74,-90.56,-8.95
431,5408.00,5366.50,0,3,-81.23,7.71,90.00,0,-101.06,-20.47,-109.18,-28.63,-102.47,-21.89,-81.23,7.71,-106.31,-25.75,-103.81,-23.25,-90.16,-9.11
432,5408.25,5366.50,0,3,-81.90,8.01,90.00,0,-99.59,-18.26,-107.57,-26.30,-104.25,-22.96,-81.90,8.01,-109.79,-28.52,-101.42,-20.12,-91.72,-10.05
433,5408.50,5366.50,0,3,-81.19,7.38,90.00,0,-99.42,-18.91,-106.66,-26.18,-104.61,-24.13,-81.19,7.38,-110.42,-inf,-99.69,-19.17,-89.94,-8.96
434,5408.75,5366.50,0,3,-81.86,7.35,90.00,0,-99.94,-18.75,-105.60,-24.45,-104.21,-23.06,-81.86,7.35,-109.93,-28.79,-101.14,-19.97,-90.74,-9.11
435,5409.00,5366.50,0,3,-78.16,11.48,90.00,0,-98.81,-20.91,-107.21,-29.34,-101.98,-24.10,-78.16,11.48,-109.30,-31.43,-100.63,-22.75,-91.72,-13.68
436,5409.25,5366.50,0,3,-79.30,10.58,90.00,0,-99.06,-20.08,-104.50,-25.55,-101.47,-22.51,-79.30,10.58,-106.67,-27.73,-102.16,-23.20,-92.12,-12.97
437,5409.50,5366.50,0,3,-79.12,11.45,90.00,0,-99.34,-20.48,-105.87,-27.04,-102.96,-24.12,-79.12,11.45,-103.10,-24.27,-101.46,-22.62,-93.34,-14.36
438,5409.75,5366.50,0,3,-78.80,10.77,90.00,0,-99.76,-21.28,-106.60,-28.14,-102.00,-23.53,-78.80,10.77,-102.40,-23.93,-104.14,-25.67,-91.44,-12.76
439,5410.00,5366.50,0,3,-83.79,6.44,90.00,0,-103.99,-21.05,-104.50,-21.57,-102.55,-19.60,-83.79,6.44,-102.64,-19.68,-103.18,-20.23,-92.12,-8.66
440,5410.25,5366.50,0,3,-83.47,7.43,90.00,0,-103.97,-21.19,-104.29,-21.51,-103.40,-20.62,-83.47,7.43,-101.61,-18.80,-102.61,-19.82,-93.31,-10.17
441,5410.50,5366.50,0,3,-82.91,8.33,90.00,0,-103.70,-21.36,-103.15,-20.80,-103.16,-20.80,-82.91,8.33,-103.18,-20.83,-103.84,-21.49,-93.75,-11.11
442,5410.75,5366.50,0,3,-83.55,8.03,90.00,0,-105.57,-22.63,-101.53,-18.55,-103.03,-20.07,-83.55,8.03,-102.10,-19.13,-104.58,-21.64,-94.55,-11.32
443,5411.00,5366.50,0,3,-83.80,7.05,90.00,0,-100.79,-17.70,-101.77,-18.70,-102.70,-19.64,-83.80,7.05,-101.73,-18.65,-104.99,-21.94,-93.77,-10.37
444,5411.25,5366.50,0,3,-85.31,4.28,90.00,0,-100.53,-16.50,-102.59,-18.60,-102.78,-18.79,-85.31,4.28,-102.91,-18.92,-103.51,-19.53,-91.50,-6.74
445,5411.50,5366.50,0,3,-84.98,4.97,90.00,0,-104.73,-20.92,-101.30,-17.44,-102.52,-18.68,-84.98,4.97,-103.39,-19.57,-103.34,-19.52,-91.83,-7.31
446,5411.75,5366.50,0,3,-83.06,7.78,90.00,0,-105.15,-22.74,-101.92,-19.48,-104.27,-21.85,-83.06,7.78,-101.91,-19.47,-102.96,-20.53,-93.22,-10.46
447,5412.00,5366.50,0,3,-81.48,9.09,90.00,0,-104.75,-23.75,-101.24,-20.23,-106.38,-25.39,-81.48,9.09,-101.62,-20.60,-102.36,-21.35,-92.85,-11.59
448,5412.25,5366.50,0,3,-80.86,8.31,90.00,0,-103.07,-22.78,-99.39,-19.07,-106.59,-26.32,-80.86,8.31,-98.77,-18.44,-103.39,-23.10,-91.28,-10.66
449,5412.50,5366.50,0,3,-82.43,6.87,90.00,0,-101.81,-20.15,-96.38,-14.61,-104.73,-23.09,-82.43,6.87,-98.65,-16.95,-103.37,-21.72,-92.49,-10.51
450,5412.75,5366.50,0,3,-83.29,5.40,90.00,0,-98.93,-16.65,-95.81,-13.43,-104.76,-22.55,-83.29,5.40,-94.00,-11.52,-104.52,-22.31,-94.01,-11.53
451,5413.00,5366.50,0,3,-84.33,2.96,90.00,0,-98.05,-15.37,-93.95,-11.07,-106.42,-23.85,-84.33,2.96,-90.97,-7.74,-102.00,-19.39,-94.93,-12.12
452,5413.25,5366.50,0,3,-82.63,5.02,90.00,0,-97.86,-16.31,-94.91,-13.27,-107.40,-25.95,-82.63,5.02,-91.16,-9.23,-102.70,-21.23,-95.33,-13.71
453,5413.50,5366.50,0,3,-80.43,7.11,90.00,0,-98.60,-18.89,-95.78,-16.02,-108.65,-28.99,-80.43,7.11,-91.11,-11.13,-102.48,-22.80,-93.81,-13.98
454,5413.75,5366.50,0,3,-79.13,8.11,90.00,0,-98.97,-20.42,-93.50,-14.85,-108.98,-30.47,-79.13,8.11,-91.59,-12.87,-101.15,-22.62,-93.66,-15.02
455,5414.00,5366.50,0,3,-79.27,8.40,90.00,0,-101.16,-22.45,-94.21,-15.40,-111.22,-inf,-79.27,8.40,-91.12,-12.18,-100.92,-22.21,-95.26,-16.48
456,5414.25,5366.50,0,3,-78.80,8.57,90.00,0,-98.25,-19.97,-93.86,-15.51,-114.68,-inf,-78.80,8.57,-91.17,-12.71,-101.98,-23.73,-94.62,-16.29
457,5414.50,5366.50,0,3,-77.38,10.00,90.00,0,-98.33,-21.33,-94.06,-17.01,-114.38,-inf,-77.38,10.00,-90.65,-13.49,-101.85,-24.86,-95.84,-18.82
458,5414.75,5366.50,0,3,-77.86,10.02,90.00,0,-99.00,-21.52,-95.77,-18.26,-114.49,-inf,-77.86,10.02,-91.38,-13.75,-103.95,-26.49,-94.32,-16.78
459,5415.00,5366.50,0,3,-77.35,8.56,90.00,0,-100.62,-23.81,-95.40,-18.55,-113.58,-inf,-77.35,8.56,-89.25,-12.21,-104.30,-27.50,-90.65,-13.68
460,5415.25,5366.50,0,3,-77.74,8.24,90.00,0,-98.75,-21.58,-94.40,-17.18,-112.16,-inf,-77.74,8.24,-90.11,-12.75,-107.27,-30.13,-90.30,-12.95
461,5415.50,5366.50,0,3,-79.40,7.29,90.00,0,-96.87,-18.15,-95.40,-16.65,-113.99,-inf,-79.40,7.29,-91.01,-12.09,-107.37,-28.70,-91.32,-12.41
462,5415.75,5366.50,0,3,-80.31,4.89,90.00,0,-99.40,-20.27,-93.16,-13.90,-114.37,-inf,-80.31,4.89,-87.89,-8.19,-109.16,-30.06,-91.64,-12.31
463,5416.00,5366.50,0,3,-83.78,2.06,90.00,0,-101.10,-19.37,-94.02,-12.08,-114.13,-inf,-83.78,2.06,-88.20,-5.43,-109.95,-28.27,-92.91,-10.90
464,5416.25,5366.50,0,3,-82.27,3.09,90.00,0,-101.96,-21.39,-93.30,-12.52,-113.05,-inf,-82.27,3.09,-87.79,-6.34,-108.22,-27.68,-92.25,-11.41
465,5416.50,5366.50,0,3,-82.08,2.75,90.00,0,-102.12,-21.86,-94.01,-13.59,-113.76,-inf,-82.08,2.75,-86.49,-5.08,-108.12,-27.87,-93.32,-12.87
466,5416.75,5366.50,0,3,-83.07,2.21,90.00,0,-104.23,-23.18,-94.35,-13.12,-111.55,-inf,-83.07,2.21,-87.12,-4.86,-108.09,-27.05,-92.99,-11.67
467,5417.00,5366.50,0,3,-84.14,-0.35,90.00,0,-103.84,-22.86,-94.42,-13.27,-110.40,-inf,-84.14,-0.35,-84.97,-1.83,-107.63,-26.66,-93.23,-12.01
468,5417.25,5366.50,0,3,-83.61,0.36,90.00,0,-106.85,-26.06,-92.02,-10.90,-109.18,-28.39,-83.61,0.36,-85.71,-3.25,-106.46,-25.67,-92.69,-11.63
469,5417.50,5366.50,0,3,-83.63,0.66,90.00,0,-106.25,-25.30,-91.08,-9.70,-111.71,-inf,-83.63,0.66,-86.70,-4.42,-108.82,-27.87,-91.75,-10.44
470,5417.75,5366.50,0,3,-82.95,0.81,90.00,0,-107.20,-26.86,-94.73,-14.24,-111.46,-inf,-82.95,0.81,-85.94,-4.23,-108.91,-28.58,-89.23,-8.31
471,5418.00,5366.50,0,3,-82.63,0.48,90.00,0,-104.48,-24.61,-96.15,-16.20,-110.20,-inf,-82.63,0.48,-84.93,-3.46,-108.33,-28.47,-88.93,-8.50
472,5418.25,5366.50,0,3,-81.59,1.29,90.00,0,-103.49,-24.29,-97.49,-18.25,-110.47,-inf,-81.59,1.29,-84.81,-4.24,-107.81,-28.62,-88.24,-8.48
473,5418.50,5366.50,0,3,-82.49,-0.58,90.00,0,-104.15,-24.96,-95.54,-16.26,-108.78,-29.60,-82.49,-0.58,-83.81,-2.80,-108.22,-29.04,-87.36,-7.46
474,5418.75,5366.50,0,3,-81.11,0.10,90.00,0,-104.90,-26.74,-94.52,-16.27,-109.49,-31.34,-81.11,0.10,-82.75,-2.75,-107.37,-29.22,-87.57,-8.89
475,5419.00,5366.50,0,3,-80.02,1.54,90.00,0,-106.54,-28.83,-96.43,-18.67,-113.76,-inf,-80.02,1.54,-83.54,-4.52,-109.53,-31.82,-86.57,-8.26
476,5419.25,5366.50,0,3,-79.05,3.64,90.00,0,-104.37,-26.87,-93.63,-16.03,-113.31,-inf,-79.05,3.64,-85.32,-7.05,-110.91,-inf,-87.27,-9.29
477,5419.50,5366.50,0,3,-79.02,1.91,90.00,0,-106.17,-29.31,-92.08,-15.09,-113.07,-inf,-79.02,1.91,-84.02,-6.23,-111.77,-inf,-84.73,-7.09
478,5419.75,5366.50,0,3,-78.82,1.44,90.00,0,-106.70,-30.22,-92.50,-15.91,-112.84,-inf,-78.82,1.44,-82.13,-4.27,-109.21,-32.73,-85.88,-8.88
479,5420.00,5366.50,0,3,-79.19,1.99,90.00,0,-107.73,-30.66,-93.63,-16.47,-114.41,-inf,-79.19,1.99,-83.68,-5.55,-108.65,-31.58,-85.57,-7.84
480,5420.25,5366.50,0,3,-76.41,4.79,90.00,0,-111.14,-inf,-91.95,-16.69,-111.86,-inf,-76.41,4.79,-85.48,-9.90,-108.51,-33.34,-83.97,-8.19
481,5420.50,5366.50,0,3,-74.25,4.12,90.00,0,-110.50,-inf,-91.78,-18.89,-114.18,-inf,-74.25,4.12,-84.89,-11.78,-108.60,-35.77,-79.78,-5.97
482,5420.75,5366.50,0,3,-73.33,5.73,90.00,0,-110.64,-inf,-91.57,-19.22,-112.72,-inf,-73.33,5.73,-86.14,-13.66,-109.76,-37.46,-80.37,-7.33
483,5421.00,5366.50,0,3,-70.45,8.50,90.00,0,-110.36,-inf,-90.06,-20.14,-112.19,-inf,-70.45,8.50,-87.29,-17.34,-109.87,-39.99,-80.10,-9.80
484,5421.25,5366.50,0,3,-69.49,10.36,90.00,0,-108.11,-39.00,-90.72,-21.58,-112.07,-inf,-69.49,10.36,-88.72,-19.56,-108.16,-39.05,-80.96,-11.55
485,5421.50,5366.50,0,3,-70.55,9.30,90.00,0,-107.30,-37.23,-90.85,-20.74,-110.18,-inf,-70.55,9.30,-88.09,-17.95,-108.12,-38.06,-81.06,-10.63
486,5421.75,5366.50,0,3,-68.66,11.48,90.00,0,-103.73,-35.37,-92.63,-24.26,-108.76,-40.40,-68.66,11.48,-86.49,-18.07,-108.55,-40.19,-81.71,-13.15
487,5422.00,5366.50,0,3,-70.57,9.44,90.00,0,-102.87,-32.76,-92.75,-22.63,-106.04,-35.93,-70.57,9.44,-85.67,-15.44,-107.02,-36.92,-81.85,-11.45
488,5422.25,5366.50,0,3,-70.25,9.15,90.00,0,-102.14,-32.39,-93.25,-23.47,-105.14,-35.39,-70.25,9.15,-85.80,-15.93,-106.85,-37.10,-80.89,-10.79
489,5422.50,5366.50,0,3,-71.78,6.76,90.00,0,-103.17,-32.23,-95.18,-24.22,-106.92,-35.97,-71.78,6.76,-84.92,-13.79,-106.65,-35.71,-79.87,-8.33
490,5422.75,5366.50,0,3,-73.82,6.15,90.00,0,-101.65,-28.78,-95.14,-22.25,-106.68,-33.81,-73.82,6.15,-85.93,-12.84,-105.39,-32.52,-81.54,-8.04
491,5423.00,5366.50,0,3,-74.20,4.48,90.00,0,-101.67,-28.79,-97.04,-24.15,-105.56,-32.68,-74.20,4.48,-86.75,-13.69,-103.94,-31.06,-79.58,-5.66
492,5423.25,5366.50,0,3,-73.59,6.21,90.00,0,-101.18,-28.51,-95.76,-23.09,-105.39,-32.73,-73.59,6.21,-88.20,-15.42,-105.93,-33.27,-80.72,-7.33
493,5423.50,5366.50,0,3,-73.76,5.75,90.00,0,-100.77,-28.03,-95.68,-22.92,-103.68,-30.94,-73.76,5.75,-88.15,-15.29,-103.49,-30.75,-80.40,-6.84
494,5423.75,5366.50,0,3,-72.13,5.21,90.00,0,-100.99,-30.00,-96.98,-25.98,-104.32,-33.34,-72.13,5.21,-85.59,-14.46,-105.07,-34.08,-78.17,-6.26
495,5424.00,5366.50,0,3,-70.63,3.88,90.00,0,-99.09,-29.95,-98.66,-29.52,-104.56,-35.43,-70.63,3.88,-85.03,-15.78,-104.31,-35.18,-74.96,-4.51
496,5424.25,5366.50,0,3,-70.20,6.02,90.00,0,-99.64,-30.40,-96.89,-27.65,-103.52,-34.28,-70.20,6.02,-85.13,-15.78,-106.44,-37.20,-76.92,-6.88
497,5424.50,5366.50,0,3,-69.76,6.17,90.00,0,-100.05,-31.23,-93.05,-24.21,-101.97,-33.14,-69.76,6.17,-85.53,-16.62,-105.15,-36.32,-76.59,-6.97
498,5424.75,5366.50,0,3,-70.41,6.56,90.00,0,-99.22,-29.66,-94.73,-25.17,-101.26,-31.71,-70.41,6.56,-88.23,-18.63,-101.98,-32.43,-77.48,-7.17
499,5425.00,5366.50,0,3,-70.65,5.30,90.00,0,-99.05,-29.52,-94.20,-24.66,-99.45,-29.92,-70.65,5.30,-84.94,-15.29,-102.26,-32.73,-76.69,-6.24
500,5425.25,5366.50,0,3,-72.59,3.07,90.00,0,-97.78,-26.92,-96.54,-25.68,-98.36,-27.51,-72.59,3.07,-82.94,-11.81,-101.64,-30.79,-76.70,-4.54
501,5425.50,5366.50,0,3,-73.74,1.75,90.00,0,-96.61,-25.08,-95.80,-24.27,-99.19,-27.66,-73.74,1.75,-82.89,-11.05,-100.76,-29.24,-76.51,-3.35
502,5425.75,5366.50,0,3,-76.84,-2.91,90.00,0,-100.90,-28.77,-97.51,-25.37,-97.03,-24.89,-76.84,-2.91,-81.27,-8.57,-101.19,-29.06,-74.89,0.51
503,5426.00,5366.50,0,6,-73.88,2.54,90.00,1,-99.94,-27.98,-99.05,-27.09,-95.44,-23.47,-77.89,-4.65,-82.30,-9.92,-103.51,-31.55,-73.88,2.54
504,5426.25,5366.50,0,6,-72.93,4.94,90.00,0,-100.40,-28.67,-97.66,-25.93,-99.43,-27.70,-79.43,-6.90,-83.56,-11.54,-104.90,-33.18,-72.93,4.94
505,5426.50,5366.50,0,6,-72.53,5.50,90.00,0,-101.41,-29.95,-100.55,-29.09,-99.71,-28.25,-78.89,-6.57,-86.16,-14.56,-105.32,-33.86,-72.53,5.50
506,5426.75,5366.50,0,6,-71.56,6.24,90.00,0,-101.31,-30.66,-100.95,-30.30,-100.50,-29.86,-78.80,-7.45,-85.20,-14.41,-105.12,-34.48,-71.56,6.24
507,5427.00,5366.50,0,6,-69.94,7.63,90.00,0,-100.39,-31.13,-101.25,-32.00,-100.59,-31.33,-78.69,-8.92,-84.44,-15.05,-105.30,-36.05,-69.94,7.63
508,5427.25,5366.50,0,6,-69.82,7.28,90.00,0,-97.91,-28.84,-102.96,-33.89,-100.22,-31.14,-78.23,-8.60,-83.92,-14.70,-107.60,-38.53,-69.82,7.28
509,5427.50,5366.50,0,6,-67.70,9.19,90.00,0,-96.96,-29.76,-105.49,-38.29,-100.56,-33.35,-77.95,-10.36,-83.96,-16.66,-110.10,-inf,-67.70,9.19
510,5427.75,5366.50,0,6,-66.99,10.90,90.00,0,-96.46,-29.80,-104.94,-38.28,-99.69,-33.03,-79.60,-12.72,-83.20,-16.45,-109.76,-43.10,-66.99,10.90
511,5428.00,5366.50,0,6,-65.84,13.96,90.00,0,-97.28,-31.60,-103.71,-38.04,-100.83,-35.15,-81.66,-15.88,-84.94,-19.22,-108.14,-42.47,-65.84,13.96
512,5428.25,5366.50,0,6,-66.79,13.68,90.00,0,-96.32,-29.70,-106.14,-39.53,-101.04,-34.43,-81.59,-14.84,-88.02,-21.38,-108.00,-41.39,-66.79,13.68
513,5428.50,5366.50,0,6,-67.85,12.61,90.00,0,-95.45,-27.83,-106.85,-39.23,-99.19,-31.57,-82.09,-14.32,-86.43,-18.76,-105.56,-37.94,-67.85,12.61
514,5428.75,5366.50,0,6,-68.20,11.87,90.00,0,-94.18,-26.24,-105.72,-37.79,-100.62,-32.69,-81.92,-13.82,-85.52,-17.52,-104.81,-36.89,-68.20,11.87
515,5429.00,5366.50,0,6,-70.99,9.40,90.00,0,-95.39,-24.86,-106.95,-36.43,-99.82,-29.30,-81.75,-10.90,-87.16,-16.55,-106.46,-35.95,-70.99,9.40
516,5429.25,5366.50,0,6,-73.80,5.44,90.00,0,-96.78,-24.05,-108.12,-35.41,-102.88,-30.17,-80.73,-7.27,-85.14,-12.18,-107.12,-34.41,-73.80,5.44
517,5429.50,5366.50,0,6,-74.46,1.75,90.00,0,-95.22,-22.96,-106.51,-34.27,-104.82,-32.57,-77.07,-3.10,-84.21,-11.68,-107.51,-35.27,-74.46,1.75
518,5429.75,5366.50,0,6,-74.99,3.54,90.00,0,-95.26,-21.84,-105.25,-31.85,-103.23,-29.83,-79.61,-5.03,-85.84,-12.19,-109.24,-35.84,-74.99,3.54
519,5430.00,5366.50,0,6,-76.74,2.01,90.00,0,-96.26,-21.61,-105.87,-31.25,-100.69,-26.06,-79.35,-2.96,-88.89,-14.11,-110.36,-inf,-76.74,2.01
520,5430.25,5366.50,0,6,-76.75,-0.40,90.00,0,-94.96,-21.39,-108.01,-34.47,-102.93,-29.39,-76.71,-0.33,-88.64,-14.97,-107.62,-34.08,-76.75,-0.40
521,5430.50,5366.50,0,6,-76.56,0.75,90.00,0,-94.94,-20.99,-107.02,-33.10,-104.96,-31.05,-77.80,-1.62,-88.26,-14.19,-107.24,-33.33,-76.56,0.75
522,5430.75,5366.50,0,6,-75.83,2.02,90.00,0,-90.93,-17.14,-106.69,-32.97,-104.99,-31.27,-78.65,-3.26,-87.42,-13.52,-110.21,-inf,-75.83,2.02
523,5431.00,5366.50,0,6,-76.23,2.83,90.00,0,-91.95,-17.47,-105.65,-31.25,-103.50,-29.09,-79.76,-3.86,-89.77,-15.24,-113.17,-inf,-76.23,2.83
524,5431.25,5366.50,0,6,-77.47,2.39,90.00,0,-91.21,-15.59,-107.58,-32.09,-103.61,-28.11,-80.61,-3.52,-91.47,-15.86,-113.21,-inf,-77.47,2.39
525,5431.50,5366.50,0,6,-76.54,0.60,90.00,0,-88.99,-15.03,-104.92,-31.10,-107.29,-33.47,-77.56,-1.36,-94.42,-20.56,-114.96,-inf,-76.54,0.60
526,5431.75,5366.50,0,6,-76.04,4.24,90.00,0,-89.56,-14.77,-105.26,-30.61,-104.64,-29.99,-81.22,-5.50,-92.42,-17.70,-115.03,-inf,-76.04,4.24
527,5432.00,5366.50,0,6,-75.96,5.33,90.00,0,-88.96,-13.95,-107.66,-32.82,-104.95,-30.10,-82.66,-7.04,-92.17,-17.25,-113.72,-inf,-75.96,5.33
528,5432.25,5366.50,0,6,-76.46,3.92,90.00,0,-89.14,-13.99,-109.27,-34.28,-106.98,-32.00,-81.28,-5.14,-94.34,-19.30,-114.43,-inf,-76.46,3.92
529,5432.50,5366.50,0,6,-79.24,3.09,90.00,0,-89.27,-11.46,-108.35,-30.85,-106.21,-28.71,-83.62,-4.90,-97.29,-19.74,-113.79,-inf,-79.24,3.09
530,5432.75,5366.50,0,6,-78.75,4.99,90.00,0,-88.07,-10.10,-108.62,-31.06,-106.87,-29.31,-86.21,-8.01,-98.72,-21.12,-114.82,-inf,-78.75,4.99
531,5433.00,5366.50,0,6,-78.47,4.84,90.00,0,-87.00,-9.28,-109.28,-32.04,-108.14,-30.90,-86.30,-8.49,-97.05,-19.77,-114.86,-inf,-78.47,4.84
532,5433.25,5366.50,0,6,-77.51,5.92,90.00,0,-88.77,-11.98,-108.96,-32.43,-106.91,-30.39,-85.37,-8.24,-97.76,-21.20,-114.92,-inf,-77.51,5.92
533,5433.50,5366.50,0,6,-77.83,6.16,90.00,0,-88.11,-10.88,-109.86,-32.97,-106.29,-29.39,-86.65,-9.27,-98.45,-21.52,-113.75,-inf,-77.83,6.16
534,5433.75,5366.50,0,6,-79.01,4.32,90.00,0,-87.62,-9.51,-112.74,-inf,-106.27,-28.61,-85.70,-7.31,-100.17,-22.50,-110.81,-inf,-79.01,4.32
535,5434.00,5366.50,0,6,-81.24,2.73,90.00,0,-88.12,-8.12,-113.08,-inf,-106.01,-26.62,-86.46,-6.13,-101.06,-21.65,-109.66,-30.28,-81.24,2.73
536,5434.25,5366.50,0,6,-80.45,3.91,90.00,0,-90.56,-11.28,-112.32,-inf,-102.99,-24.00,-85.90,-5.96,-101.41,-22.42,-111.45,-inf,-80.45,3.91
537,5434.50,5366.50,0,6,-84.19,-0.59,90.00,0,-91.38,-10.10,-110.99,-inf,-104.95,-24.05,-84.67,-1.45,-100.92,-20.01,-109.46,-28.58,-84.19,-0.59
538,5434.75,5366.50,0,6,-84.55,0.96,90.00,0,-90.96,-8.38,-110.58,-inf,-103.39,-21.37,-87.41,-3.95,-103.89,-21.87,-109.75,-27.75,-84.55,0.96
539,5435.00,5366.50,0,6,-86.35,-1.51,90.00,0,-91.11,-7.95,-111.64,-inf,-101.28,-18.71,-86.49,-1.75,-101.14,-18.56,-108.44,-25.92,-86.35,-1.51
540,5435.25,5366.50,0,6,-85.57,0.30,90.00,0,-92.75,-9.59,-112.24,-inf,-101.40,-18.64,-87.45,-2.97,-101.76,-19.00,-106.86,-24.14,-85.57,0.30
541,5435.50,5366.50,0,6,-83.50,3.15,90.00,0,-94.30,-12.26,-109.48,-27.69,-103.92,-22.11,-88.39,-5.53,-97.63,-15.73,-108.09,-26.29,-83.50,3.15
542,5435.75,5366.50,0,6,-83.86,3.52,90.00,0,-95.16,-12.66,-111.59,-inf,-102.09,-19.79,-89.01,-5.71,-101.18,-18.86,-105.65,-23.37,-83.86,3.52
543,5436.00,5366.50,0,6,-84.74,3.65,90.00,0,-95.28,-11.81,-110.86,-inf,-101.17,-17.92,-90.67,-6.63,-100.29,-17.02,-106.46,-23.26,-84.74,3.65
544,5436.25,5366.50,0,6,-84.17,1.82,90.00,0,-92.49,-10.12,-113.15,-inf,-98.53,-16.46,-87.85,-4.58,-103.61,-21.61,-104.76,-22.76,-84.17,1.82
545,5436.50,5366.50,0,6,-85.17,1.47,90.00,0,-94.16,-11.00,-112.62,-inf,-99.96,-17.04,-88.30,-4.02,-101.71,-18.82,-104.45,-21.59,-85.17,1.47
546,5436.75,5366.50,0,6,-83.46,0.33,90.00,0,-91.70,-10.73,-110.79,-inf,-100.78,-20.13,-84.91,-2.28,-102.07,-21.42,-105.56,-24.93,-83.46,0.33
547,5437.00,5366.50,0,6,-83.58,-2.32,90.00,0,-91.32,-11.79,-109.15,-29.89,-102.27,-22.99,-81.89,0.79,-101.16,-21.87,-106.20,-26.94,-83.58,-2.32
548,5437.25,5366.50,0,6,-84.13,-3.22,90.00,0,-91.25,-11.75,-112.70,-inf,-101.40,-22.16,-81.48,1.65,-102.65,-23.41,-107.27,-28.05,-84.13,-3.22
549,5437.50,5366.50,0,6,-80.18,1.81,90.00,0,-92.37,-14.23,-112.08,-inf,-103.05,-25.05,-82.60,-2.77,-101.76,-23.75,-105.24,-27.24,-80.18,1.81
550,5437.75,5366.50,0,6,-78.60,3.94,90.00,0,-92.69,-15.44,-112.03,-inf,-105.23,-28.09,-83.18,-4.82,-102.14,-25.00,-104.20,-27.06,-78.60,3.94
551,5438.00,5366.50,0,6,-77.61,3.68,90.00,0,-94.36,-18.23,-113.08,-inf,-105.68,-29.62,-81.65,-4.19,-101.12,-25.04,-106.57,-30.51,-77.61,3.68
552,5438.25,5366.50,0,6,-79.26,3.51,90.00,0,-94.98,-17.24,-110.38,-inf,-105.91,-28.24,-83.28,-4.23,-99.14,-21.45,-106.43,-28.76,-79.26,3.51
553,5438.50,5366.50,0,6,-76.25,5.92,90.00,0,-92.77,-17.43,-112.64,-inf,-105.22,-29.95,-82.90,-6.82,-96.17,-20.87,-103.96,-28.70,-76.25,5.92
554,5438.75,5366.50,0,6,-78.77,1.59,90.00,0,-92.85,-16.27,-113.57,-inf,-106.20,-29.71,-80.81,-2.33,-96.47,-19.94,-103.89,-27.40,-78.77,1.59
555,5439.00,5366.50,0,6,-76.72,3.72,90.00,0,-91.33,-16.04,-112.40,-inf,-103.78,-28.58,-81.02,-4.52,-96.73,-21.51,-105.01,-29.82,-76.72,3.72
556,5439.25,5366.50,0,6,-75.64,3.37,90.00,0,-92.99,-18.93,-111.94,-inf,-104.17,-30.17,-79.39,-3.90,-94.30,-20.26,-105.93,-31.93,-75.64,3.37
557,5439.50,5366.50,0,6,-78.60,-0.02,90.00,0,-94.86,-19.24,-111.27,-inf,-103.99,-28.41,-78.87,-0.55,-93.90,-18.26,-103.62,-28.04,-78.60,-0.02
558,5439.75,5366.50,0,6,-79.84,-1.79,90.00,0,-94.53,-18.63,-111.87,-inf,-103.51,-27.66,-78.37,1.04,-92.65,-16.72,-102.58,-26.73,-79.84,-1.79
559,5440.00,5366.50,0,6,-79.57,0.53,90.00,0,-97.42,-20.57,-111.33,-inf,-104.05,-27.23,-80.51,-1.29,-92.67,-15.74,-104.14,-27.32,-79.57,0.53
560,5440.25,5366.50,0,6,-80.25,-0.43,90.00,0,-96.51,-19.44,-109.79,-32.77,-104.56,-27.53,-80.32,-0.57,-91.46,-14.28,-102.61,-25.58,-80.25,-0.43
561,5440.50,5366.50,0,6,-79.66,-1.66,90.00,0,-97.59,-21.81,-108.61,-32.86,-99.80,-24.03,-78.41,0.73,-90.56,-14.67,-99.16,-23.39,-79.66,-1.66
562,5440.75,5366.50,0,6,-81.66,-3.55,90.00,0,-97.27,-20.71,-108.85,-32.33,-98.52,-21.98,-78.70,1.85,-88.48,-11.68,-99.31,-22.78,-81.66,-3.55
563,5441.00,5366.50,0,6,-80.68,-2.73,90.00,0,-99.46,-23.35,-109.43,-33.33,-98.98,-22.86,-78.43,1.48,-89.11,-12.80,-100.63,-24.52,-80.68,-2.73
564,5441.25,5366.50,0,6,-80.21,-1.03,90.00,0,-98.20,-21.52,-107.29,-30.63,-100.73,-24.06,-79.96,-0.58,-88.06,-11.08,-101.07,-24.40,-80.21,-1.03
565,5441.50,5366.50,0,6,-79.28,0.61,90.00,0,-97.75,-21.15,-107.10,-30.54,-98.66,-22.07,-81.35,-3.03,-86.14,-9.07,-101.63,-25.05,-79.28,0.61
566,5441.75,5366.50,0,6,-78.84,0.26,90.00,0,-97.12,-21.13,-109.08,-33.12,-98.65,-22.67,-80.09,-2.01,-87.00,-10.69,-101.89,-25.92,-78.84,0.26
567,5442.00,5366.50,0,3,-78.99,2.24,90.00,1,-94.91,-17.88,-108.28,-31.31,-101.11,-24.13,-78.99,2.24,-86.62,-9.16,-100.89,-23.91,-83.23,-5.10
568,5442.25,5366.50,0,3,-78.28,2.35,90.00,0,-96.71,-20.38,-110.49,-inf,-101.46,-25.16,-78.28,2.35,-86.30,-9.56,-97.46,-21.14,-82.40,-4.90
569,5442.50,5366.50,0,3,-75.62,5.28,90.00,0,-95.41,-20.88,-110.63,-inf,-97.22,-22.70,-75.62,5.28,-89.83,-15.21,-96.41,-21.88,-82.03,-6.68
570,5442.75,5366.50,0,3,-75.71,5.33,90.00,0,-92.67,-18.01,-107.55,-32.96,-96.98,-22.36,-75.71,5.33,-89.68,-14.95,-98.01,-23.40,-82.38,-7.00
571,5443.00,5366.50,0,3,-78.60,1.79,90.00,0,-91.23,-14.70,-107.82,-31.43,-94.82,-18.37,-78.60,1.79,-88.43,-11.76,-97.66,-21.24,-81.98,-4.19
572,5443.25,5366.50,0,3,-80.32,1.96,90.00,0,-92.43,-14.09,-106.94,-28.76,-94.71,-16.44,-80.32,1.96,-89.41,-10.90,-97.37,-19.14,-84.48,-5.15
573,5443.50,5366.50,0,3,-76.05,5.36,90.00,0,-92.33,-17.31,-106.59,-31.64,-97.07,-22.10,-76.05,5.36,-91.06,-16.01,-96.35,-21.38,-82.75,-7.02
574,5443.75,5366.50,0,3,-74.27,6.99,90.00,0,-92.26,-18.72,-105.98,-32.50,-95.73,-22.23,-74.27,6.99,-91.64,-18.09,-97.25,-23.76,-82.50,-8.44
575,5444.00,5366.50,0,3,-75.26,7.16,90.00,0,-92.65,-18.09,-106.30,-31.80,-97.62,-23.11,-75.26,7.16,-91.30,-16.71,-97.18,-22.67,-84.03,-9.02
576,5444.25,5366.50,0,3,-73.10,9.10,90.00,0,-92.07,-19.43,-105.71,-33.11,-96.69,-24.09,-73.10,9.10,-89.47,-16.79,-96.69,-24.08,-84.29,-11.40
577,5444.50,5366.50,0,3,-74.38,7.47,90.00,0,-94.65,-20.95,-103.91,-30.25,-95.68,-21.99,-74.38,7.47,-88.22,-14.41,-97.51,-23.83,-83.87,-9.77
578,5444.75,5366.50,0,3,-73.59,7.82,90.00,0,-92.42,-19.45,-104.98,-32.05,-96.34,-23.40,-73.59,7.82,-87.17,-14.08,-97.98,-25.04,-83.74,-10.44
579,5445.00,5366.50,0,3,-75.96,5.33,90.00,0,-92.52,-17.61,-101.20,-26.35,-95.93,-21.06,-75.96,5.33,-86.28,-11.11,-95.84,-20.96,-84.17,-8.79
580,5445.25,5366.50,0,3,-78.93,2.03,90.00,0,-92.09,-15.14,-101.41,-24.58,-95.70,-18.82,-78.93,2.03,-87.10,-9.85,-97.23,-20.37,-83.17,-5.21
581,5445.50,5366.50,0,3,-80.21,2.16,90.00,0,-93.27,-14.99,-100.62,-22.46,-96.08,-17.87,-80.21,2.16,-88.28,-9.69,-96.96,-18.76,-84.94,-5.78
582,5445.75,5366.50,0,3,-77.96,4.53,90.00,0,-93.08,-16.33,-99.87,-23.21,-93.13,-16.39,-77.96,4.53,-88.91,-12.00,-98.35,-21.67,-85.18,-7.88
583,5446.00,5366.50,0,3,-79.02,3.47,90.00,0,-94.25,-16.75,-102.63,-25.22,-92.64,-15.11,-79.02,3.47,-89.16,-11.46,-96.50,-19.05,-85.04,-6.82
584,5446.25,5366.50,0,3,-76.61,5.21,90.00,0,-97.42,-21.92,-102.60,-27.13,-92.91,-17.36,-76.61,5.21,-87.89,-12.17,-97.56,-22.07,-84.05,-7.94
585,5446.50,5366.50,0,3,-74.57,6.91,90.00,0,-96.54,-22.75,-101.05,-27.28,-93.37,-19.55,-74.57,6.91,-88.89,-14.98,-95.50,-21.70,-83.31,-9.03
586,5446.75,5366.50,0,3,-72.37,8.06,90.00,0,-100.34,-28.59,-101.63,-29.89,-93.75,-21.98,-72.37,8.06,-90.55,-18.74,-95.03,-23.27,-81.45,-9.21
587,5447.00,5366.50,0,3,-71.08,10.34,90.00,0,-99.73,-29.03,-104.63,-33.93,-94.39,-23.67,-71.08,10.34,-89.92,-19.17,-97.00,-26.29,-82.68,-11.70
588,5447.25,5366.50,0,3,-72.71,8.96,90.00,0,-100.37,-28.17,-105.62,-33.42,-94.44,-22.22,-72.71,8.96,-89.60,-17.33,-95.14,-22.92,-83.17,-10.62
589,5447.50,5366.50,0,3,-73.00,8.93,90.00,0,-101.06,-28.58,-104.93,-32.46,-93.57,-21.06,-73.00,8.93,-86.78,-14.15,-96.70,-24.21,-84.62,-11.87
590,5447.75,5366.50,0,3,-71.30,11.96,90.00,0,-100.55,-29.52,-103.62,-32.59,-93.13,-22.08,-71.30,11.96,-89.20,-18.10,-96.52,-25.48,-85.88,-14.71
591,5448.00,5366.50,0,3,-69.41,14.10,90.00,0,-100.28,-31.03,-103.99,-34.75,-93.14,-23.88,-69.41,14.10,-89.92,-20.64,-97.88,-28.64,-85.92,-16.58
592,5448.25,5366.50,0,3,-67.73,16.05,90.00,0,-98.27,-30.64,-104.18,-36.56,-93.44,-25.80,-67.73,16.05,-89.63,-21.98,-97.75,-30.12,-86.60,-18.92
593,5448.50,5366.50,0,3,-68.61,14.08,90.00,0,-97.23,-28.78,-104.71,-36.27,-93.27,-24.82,-68.61,14.08,-87.14,-18.64,-96.24,-27.79,-86.16,-17.65
594,5448.75,5366.50,0,3,-68.12,14.48,90.00,0,-95.29,-27.32,-105.12,-37.15,-92.99,-25.02,-68.12,14.48,-89.42,-21.43,-96.18,-28.21,-84.96,-16.91
595,5449.00,5366.50,0,3,-69.10,12.66,90.00,0,-95.63,-26.75,-107.00,-38.13,-94.95,-26.07,-69.10,12.66,-88.36,-19.44,-94.02,-25.14,-83.88,-14.87
596,5449.25,5366.50,0,3,-69.86,10.60,90.00,0,-97.27,-27.77,-106.80,-37.31,-94.56,-25.05,-69.86,10.60,-87.94,-18.38,-93.20,-23.69,-82.04,-12.30
597,5449.50,5366.50,0,3,-71.54,9.19,90.00,0,-99.46,-28.40,-107.27,-36.22,-94.82,-23.75,-71.54,9.19,-83.75,-12.46,-95.68,-24.61,-84.69,-13.45
598,5449.75,5366.50,0,3,-71.36,10.51,90.00,0,-98.85,-27.85,-108.43,-37.43,-95.28,-24.27,-71.36,10.51,-87.65,-16.56,-95.18,-24.18,-84.05,-12.84
599,5450.00,5366.50,0,3,-72.84,7.75,90.00,0,-97.98,-25.81,-106.63,-34.47,-94.60,-22.41,-72.84,7.75,-88.70,-16.44,-92.46,-20.25,-82.08,-9.45
600,5450.25,5366.50,0,3,-71.56,8.70,90.00,0,-94.80,-23.77,-107.46,-36.45,-95.22,-24.19,-71.56,8.70,-87.41,-16.30,-92.62,-21.58,-82.00,-10.63
601,5450.50,5366.50,0,3,-72.03,7.23,90.00,0,-95.27,-23.98,-105.54,-34.27,-93.85,-22.55,-72.03,7.23,-87.89,-16.52,-93.22,-21.91,-80.50,-8.67
602,5450.75,5366.50,0,3,-69.74,9.41,90.00,0,-96.37,-27.10,-105.71,-36.44,-91.27,-21.97,-69.74,9.41,-87.25,-17.91,-95.22,-25.94,-80.52,-10.92
603,5451.00,5366.50,0,3,-66.02,12.33,90.00,0,-96.16,-30.38,-106.54,-40.76,-91.87,-26.09,-66.02,12.33,-87.54,-21.73,-96.96,-31.19,-79.34,-13.37
604,5451.25,5366.50,0,3,-66.93,10.50,90.00,0,-98.23,-31.67,-105.63,-39.07,-88.45,-21.86,-66.93,10.50,-87.73,-21.13,-95.00,-28.44,-78.43,-11.57
605,5451.50,5366.50,0,3,-65.32,11.51,90.00,0,-97.22,-32.19,-107.63,-42.60,-88.56,-23.51,-65.32,11.51,-88.37,-23.32,-96.52,-31.49,-77.61,-12.34
606,5451.75,5366.50,0,3,-65.33,12.11,90.00,0,-97.54,-32.47,-106.19,-41.12,-89.52,-24.43,-65.33,12.11,-90.05,-24.97,-97.34,-32.26,-78.12,-12.83
607,5452.00,5366.50,0,3,-67.24,11.40,90.00,0,-96.07,-29.12,-105.03,-38.09,-90.08,-23.12,-67.24,11.40,-90.86,-23.90,-97.06,-30.12,-79.47,-12.28
608,5452.25,5366.50,0,3,-67.60,10.98,90.00,0,-98.33,-31.06,-103.84,-36.58,-92.01,-24.73,-67.60,10.98,-92.37,-25.09,-96.08,-28.81,-79.16,-11.61
609,5452.50,5366.50,0,3,-68.76,10.34,90.00,0,-96.80,-28.42,-103.34,-34.96,-90.51,-22.11,-68.76,10.34,-90.77,-22.37,-96.29,-27.91,-80.01,-11.32
610,5452.75,5366.50,0,3,-67.74,9.14,90.00,0,-96.68,-29.44,-101.55,-34.31,-88.74,-21.47,-67.74,9.14,-90.35,-23.09,-95.27,-28.03,-77.54,-9.88
611,5453.00,5366.50,0,3,-65.40,9.88,90.00,0,-98.57,-33.59,-101.47,-36.50,-89.63,-24.64,-65.40,9.88,-90.03,-25.05,-94.59,-29.62,-75.70,-10.34
612,5453.25,5366.50,0,3,-65.36,9.94,90.00,0,-99.89,-34.94,-102.40,-37.45,-90.77,-25.82,-65.36,9.94,-90.55,-25.60,-96.21,-31.26,-75.64,-10.31
613,5453.50,5366.50,0,3,-65.84,11.00,90.00,0,-100.32,-34.81,-101.46,-35.96,-89.58,-24.06,-65.84,11.00,-89.74,-24.22,-95.29,-29.78,-77.44,-11.65
614,5453.75,5366.50,0,3,-67.91,11.15,90.00,0,-99.84,-32.25,-100.30,-32.72,-90.30,-22.69,-67.91,11.15,-90.38,-22.77,-93.68,-26.08,-80.07,-12.23
615,5454.00,5366.50,0,3,-68.80,10.15,90.00,0,-100.92,-32.52,-98.52,-30.12,-91.06,-22.64,-68.80,10.15,-89.57,-21.13,-94.62,-26.20,-79.93,-11.21
616,5454.25,5366.50,0,3,-66.31,13.10,90.00,0,-101.10,-35.00,-97.95,-31.85,-91.86,-25.75,-66.31,13.10,-90.84,-24.73,-95.22,-29.12,-80.29,-14.03
617,5454.50,5366.50,0,3,-68.06,11.78,90.00,0,-103.03,-35.24,-99.72,-31.94,-92.56,-24.76,-68.06,11.78,-88.47,-20.65,-93.98,-26.18,-81.11,-13.12
618,5454.75,5366.50,0,3,-67.90,11.10,90.00,0,-104.69,-37.11,-101.99,-34.41,-94.21,-26.63,-67.90,11.10,-91.55,-23.96,-94.12,-26.53,-79.62,-11.76
619,5455.00,5366.50,0,3,-66.68,13.94,90.00,0,-103.85,-37.35,-102.68,-36.17,-95.23,-28.72,-66.68,13.94,-91.73,-25.21,-93.64,-27.13,-81.50,-14.86
620,5455.25,5366.50,0,3,-67.75,14.57,90.00,0,-102.31,-34.71,-101.07,-33.47,-94.64,-27.03,-67.75,14.57,-92.43,-24.82,-92.85,-25.24,-83.79,-16.08
621,5455.50,5366.50,0,3,-71.24,9.99,90.00,0,-102.89,-32.06,-101.03,-30.19,-95.12,-24.27,-71.24,9.99,-92.30,-21.44,-92.71,-21.86,-82.32,-11.17
622,5455.75,5366.50,0,3,-70.34,11.24,90.00,0,-102.32,-32.29,-104.46,-34.43,-95.32,-25.28,-70.34,11.24,-89.48,-19.41,-93.01,-22.96,-83.16,-12.92
623,5456.00,5366.50,0,3,-70.32,10.12,90.00,0,-103.11,-33.19,-104.07,-34.15,-93.51,-23.57,-70.32,10.12,-88.31,-18.33,-94.18,-24.25,-81.85,-11.64
624,5456.25,5366.50,0,3,-72.02,8.02,90.00,0,-103.44,-32.05,-105.31,-33.92,-91.25,-19.81,-72.02,8.02,-88.22,-16.74,-93.22,-21.80,-81.56,-9.73
625,5456.50,5366.50,0,3,-75.99,4.68,90.00,0,-104.46,-29.73,-104.28,-29.56,-91.18,-16.35,-75.99,4.68,-89.06,-14.17,-93.76,-18.99,-82.25,-6.68
626,5456.75,5366.50,0,3,-75.36,3.24,90.00,0,-102.21,-28.52,-104.10,-30.42,-90.54,-16.77,-75.36,3.24,-88.57,-14.75,-94.59,-20.88,-79.60,-4.64
627,5457.00,5366.50,0,3,-77.01,2.58,90.00,0,-101.57,-26.46,-104.70,-29.59,-89.24,-13.96,-77.01,2.58,-85.21,-9.65,-95.29,-20.14,-82.03,-5.94
628,5457.25,5366.50,0,3,-75.54,3.58,90.00,0,-99.31,-25.34,-104.45,-30.49,-91.98,-17.95,-75.54,3.58,-83.29,-8.79,-94.53,-20.54,-81.98,-7.28
629,5457.50,5366.50,0,3,-77.10,2.78,90.00,0,-101.42,-26.15,-100.16,-24.89,-92.97,-17.63,-77.10,2.78,-85.49,-9.80,-92.87,-17.53,-82.09,-5.82
630,5457.75,5366.50,0,3,-77.95,2.81,90.00,0,-98.38,-22.23,-100.70,-24.57,-92.47,-16.25,-77.95,2.81,-86.36,-9.81,-92.51,-16.29,-83.34,-6.31
631,5458.00,5366.50,0,3,-78.34,2.20,90.00,0,-96.13,-19.79,-98.72,-22.40,-94.18,-17.82,-78.34,2.20,-86.07,-9.29,-93.65,-17.27,-82.95,-5.60
632,5458.25,5366.50,0,3,-76.81,3.53,90.00,0,-98.99,-23.75,-99.09,-23.85,-93.96,-18.68,-76.81,3.53,-86.89,-11.37,-92.64,-17.34,-82.30,-6.13
633,5458.50,5366.50,0,3,-78.95,-0.27,90.00,0,-99.48,-23.65,-99.20,-23.38,-92.25,-16.35,-78.95,-0.27,-86.93,-10.78,-93.89,-18.02,-79.92,-1.98
634,5458.75,5366.50,0,6,-79.69,1.61,90.00,1,-100.32,-22.89,-98.69,-21.24,-93.79,-16.28,-83.30,-4.60,-87.64,-9.79,-95.67,-18.19,-79.69,1.61
635,5459.00,5366.50,0,6,-80.29,0.33,90.00,0,-101.34,-23.89,-98.60,-21.13,-93.95,-16.42,-81.94,-2.60,-88.56,-10.78,-97.59,-20.11,-80.29,0.33
636,5459.25,5366.50,0,6,-82.92,-1.67,90.00,0,-102.19,-23.17,-100.67,-21.65,-96.83,-17.76,-82.52,-0.98,-88.86,-9.39,-98.15,-19.11,-82.92,-1.67
637,5459.50,5366.50,0,6,-82.93,-0.99,90.00,0,-101.08,-21.65,-100.25,-20.82,-98.50,-19.05,-83.61,-2.14,-88.29,-8.29,-98.38,-18.93,-82.93,-0.99
638,5459.75,5366.50,0,6,-85.01,-3.23,90.00,0,-103.42,-23.31,-100.17,-20.05,-98.49,-18.34,-83.44,-0.65,-87.99,-7.14,-98.55,-18.40,-85.01,-3.23
639,5460.00,5366.50,0,6,-84.76,-4.06,90.00,0,-101.73,-22.44,-101.16,-21.87,-100.99,-21.70,-81.95,0.66,-87.78,-7.86,-98.42,-19.10,-84.76,-4.06
640,5460.25,5366.50,0,6,-83.98,-3.56,90.00,0,-100.86,-22.00,-99.62,-20.75,-100.70,-21.83,-81.71,0.27,-87.77,-8.34,-95.41,-16.48,-83.98,-3.56
641,5460.50,5366.50,0,3,-80.37,2.79,90.00,1,-101.85,-23.30,-101.61,-23.05,-100.62,-22.07,-80.37,2.79,-87.77,-8.69,-94.86,-16.23,-85.99,-6.60
642,5460.75,5366.50,0,3,-80.49,2.65,90.00,0,-100.63,-21.99,-102.62,-24.00,-100.09,-21.45,-80.49,2.65,-88.52,-9.44,-94.08,-15.34,-85.67,-6.11
643,5461.00,5366.50,0,3,-80.39,3.09,90.00,0,-102.62,-23.95,-101.69,-23.01,-98.98,-20.28,-80.39,3.09,-88.58,-9.45,-92.85,-14.02,-86.52,-7.08
644,5461.25,5366.50,0,3,-82.30,1.60,90.00,0,-101.03,-20.98,-100.06,-20.01,-99.45,-19.39,-82.30,1.60,-87.43,-6.55,-92.88,-12.63,-88.66,-8.01
645,5461.50,5366.50,0,3,-83.32,1.70,90.00,0,-101.36,-20.24,-99.27,-18.13,-97.44,-16.26,-83.32,1.70,-88.78,-6.89,-93.06,-11.70,-90.67,-9.09
646,5461.75,5366.50,0,3,-81.47,4.05,90.00,0,-100.75,-20.69,-101.02,-20.96,-96.60,-16.48,-81.47,4.05,-90.29,-9.83,-92.10,-11.79,-91.11,-10.73
647,5462.00,5366.50,0,3,-83.59,-0.20,90.00,0,-100.84,-20.32,-100.28,-19.76,-97.83,-17.27,-83.59,-0.20,-86.58,-4.88,-91.45,-10.61,-89.12,-8.00
648,5462.25,5366.50,0,3,-84.75,-0.03,90.00,0,-101.45,-19.68,-99.63,-17.84,-96.26,-14.38,-84.75,-0.03,-89.43,-6.90,-92.15,-10.01,-89.56,-7.06
649,5462.50,5366.50,0,3,-86.30,-0.95,90.00,0,-102.45,-19.62,-99.82,-16.94,-97.02,-14.07,-86.30,-0.95,-91.48,-8.06,-90.81,-7.27,-90.38,-6.76
650,5462.75,5366.50,0,3,-86.01,-0.20,90.00,0,-103.14,-20.20,-97.47,-14.42,-98.18,-15.15,-86.01,-0.20,-91.83,-8.34,-94.00,-10.75,-89.62,-5.69
651,5463.00,5366.50,0,3,-84.74,0.91,90.00,0,-102.97,-20.76,-99.37,-17.12,-99.80,-17.56,-84.74,0.91,-92.31,-9.71,-91.58,-8.89,-89.72,-6.71
652,5463.25,5366.50,0,3,-86.78,-1.95,90.00,0,-100.88,-18.13,-100.46,-17.70,-101.62,-18.88,-86.78,-1.95,-91.74,-8.48,-90.30,-6.79,-88.72,-4.79
653,5463.50,5366.50,0,3,-86.51,-2.16,90.00,0,-101.05,-18.70,-99.34,-16.97,-100.89,-18.54,-86.51,-2.16,-91.83,-9.03,-92.68,-9.98,-86.77,-2.57
654,5463.75,5366.50,0,3,-85.65,-1.62,90.00,0,-102.18,-20.38,-100.79,-18.98,-104.94,-23.16,-85.65,-1.62,-91.56,-9.32,-94.25,-12.25,-85.85,-1.94
655,5464.00,5366.50,0,3,-84.52,-0.35,90.00,0,-102.08,-20.72,-102.09,-20.73,-104.25,-22.90,-84.52,-0.35,-92.46,-10.79,-95.62,-14.13,-85.63,-2.30
656,5464.25,5366.50,0,3,-83.34,0.85,90.00,0,-103.19,-22.44,-103.24,-22.48,-103.14,-22.38,-83.34,0.85,-89.11,-7.70,-96.60,-15.76,-86.74,-4.75
657,5464.50,5366.50,0,3,-84.40,0.67,90.00,0,-102.54,-20.79,-102.06,-20.31,-104.06,-22.32,-84.40,0.67,-90.50,-8.17,-94.82,-12.90,-87.86,-4.94
658,5464.75,5366.50,0,3,-85.27,-0.75,90.00,0,-103.10,-21.19,-103.57,-21.67,-102.15,-20.24,-85.27,-0.75,-89.66,-7.00,-95.25,-13.18,-87.22,-3.85
659,5465.00,5366.50,0,3,-86.59,-2.96,90.00,0,-105.86,-24.00,-103.66,-21.78,-100.97,-19.07,-86.59,-2.96,-86.65,-3.06,-94.37,-12.27,-88.06,-5.02
660,5465.25,5366.50,0,3,-86.87,-3.59,90.00,0,-107.74,-26.02,-106.50,-24.78,-101.17,-19.42,-86.87,-3.59,-84.74,-0.06,-93.76,-11.78,-91.50,-9.32
661,5465.50,5366.50,0,3,-86.39,-2.75,90.00,0,-106.57,-24.78,-108.04,-26.25,-99.49,-17.63,-86.39,-2.75,-85.63,-1.54,-93.07,-10.95,-90.67,-8.29
662,5465.75,5366.50,0,3,-88.15,-3.69,90.00,0,-105.84,-22.91,-109.55,-26.62,-98.79,-15.77,-88.15,-3.69,-86.24,-0.61,-94.30,-11.06,-92.50,-9.08
663,5466.00,5366.50,0,3,-87.38,-3.41,90.00,0,-107.77,-25.42,-106.92,-24.56,-97.80,-15.34,-87.38,-3.41,-85.91,-1.05,-93.08,-10.36,-91.89,-9.04
664,5466.25,5366.50,0,3,-86.32,-3.24,90.00,0,-108.90,-27.50,-105.39,-23.98,-96.46,-14.93,-86.32,-3.24,-84.85,-0.85,-90.95,-9.05,-93.23,-11.54
665,5466.50,5366.50,0,3,-85.52,-2.49,90.00,0,-108.01,-26.92,-105.91,-24.81,-98.54,-17.37,-85.52,-2.49,-84.52,-0.81,-92.41,-10.99,-92.30,-10.87
666,5466.75,5366.50,0,3,-86.21,-3.17,90.00,0,-109.77,-28.43,-104.28,-22.92,-98.21,-16.79,-86.21,-3.17,-84.13,0.43,-93.46,-11.86,-94.50,-12.96
667,5467.00,5366.50,0,3,-89.77,-7.06,90.00,0,-107.11,-25.16,-104.87,-22.92,-96.14,-14.04,-89.77,-7.06,-83.57,3.38,-95.85,-13.74,-95.12,-12.98
668,5467.25,5366.50,0,3,-93.60,-12.30,90.00,0,-108.57,-27.51,-106.29,-25.22,-93.39,-12.07,-93.60,-12.30,-81.94,6.48,-96.83,-15.65,-96.99,-15.82
669,5467.50,5366.50,0,3,-92.85,-10.79,90.00,0,-106.67,-24.95,-104.95,-23.22,-91.25,-9.03,-92.85,-10.79,-83.14,4.09,-97.51,-15.69,-95.35,-13.45
670,5467.75,5366.50,0,3,-92.37,-9.61,90.00,0,-107.06,-24.73,-106.60,-24.28,-91.23,-8.33,-92.37,-9.61,-84.25,2.49,-96.78,-14.32,-93.62,-10.98
671,5468.00,5366.50,0,3,-90.21,-7.96,90.00,0,-107.54,-25.92,-104.18,-22.55,-89.22,-6.79,-90.21,-7.96,-84.20,0.87,-95.00,-13.19,-93.11,-11.19
672,5468.25,5366.50,0,3,-91.35,-8.87,90.00,0,-108.48,-26.52,-104.24,-22.27,-91.31,-8.83,-91.35,-8.87,-84.15,1.81,-94.04,-11.82,-92.86,-10.54
673,5468.50,5366.50,0,3,-90.06,-6.80,90.00,0,-109.24,-26.80,-105.48,-23.03,-91.42,-8.40,-90.06,-6.80,-85.71,-0.52,-93.18,-10.36,-91.56,-8.56
674,5468.75,5366.50,0,3,-89.19,-4.96,90.00,0,-107.70,-24.66,-102.77,-19.70,-92.35,-8.78,-89.19,-4.96,-86.71,-1.25,-94.52,-11.18,-92.71,-9.18
675,5469.00,5366.50,0,3,-91.62,-6.91,90.00,0,-105.88,-21.94,-103.93,-19.98,-92.89,-8.40,-91.62,-6.91,-87.86,-1.71,-96.29,-12.13,-90.84,-5.94
676,5469.25,5366.50,0,3,-91.11,-5.95,90.00,0,-108.04,-23.84,-102.40,-18.15,-94.57,-9.97,-91.11,-5.95,-87.67,-0.92,-95.95,-11.48,-92.51,-7.65
677,5469.50,5366.50,0,3,-92.87,-7.61,90.00,0,-108.51,-23.93,-101.11,-16.45,-93.04,-7.82,-92.87,-7.61,-88.35,-1.44,-98.55,-13.81,-91.60,-6.08
678,5469.75,5366.50,0,3,-92.26,-6.70,90.00,0,-110.20,-inf,-98.80,-13.90,-92.89,-7.45,-92.26,-6.70,-89.09,-2.38,-98.15,-13.23,-91.91,-6.27
679,5470.00,5366.50,0,3,-91.60,-5.64,90.00,0,-112.50,-inf,-99.42,-14.36,-92.18,-6.37,-91.60,-5.64,-89.73,-3.08,-97.85,-12.71,-93.10,-7.48
680,5470.25,5366.50,0,3,-92.85,-7.70,90.00,0,-111.79,-inf,-100.37,-15.80,-95.29,-10.46,-92.85,-7.70,-87.14,0.70,-96.68,-11.95,-93.72,-8.71
681,5470.50,5366.50,0,3,-93.88,-7.95,90.00,0,-110.85,-inf,-100.54,-15.13,-95.08,-9.32,-93.88,-7.95,-87.66,1.36,-99.17,-13.71,-96.52,-10.90
682,5470.75,5366.50,0,3,-92.31,-5.93,90.00,0,-111.19,-inf,-99.94,-14.39,-95.78,-9.98,-92.31,-5.93,-88.71,-0.60,-96.83,-11.11,-95.47,-9.63
683,5471.00,5366.50,0,3,-93.70,-7.07,90.00,0,-112.21,-inf,-98.97,-12.90,-98.24,-12.13,-93.70,-7.07,-89.35,-0.93,-97.11,-10.91,-93.58,-6.92
684,5471.25,5366.50,0,3,-95.58,-9.63,90.00,0,-112.92,-inf,-96.81,-10.97,-96.46,-10.60,-95.58,-9.63,-88.16,0.73,-98.32,-12.59,-94.78,-8.74
685,5471.50,5366.50,0,3,-94.23,-9.61,90.00,0,-110.66,-inf,-98.57,-14.25,-95.89,-11.43,-94.23,-9.61,-85.90,3.09,-102.68,-18.45,-94.77,-10.21
686,5471.75,5366.50,0,3,-94.15,-9.67,90.00,0,-110.85,-inf,-94.78,-10.37,-96.04,-11.73,-94.15,-9.67,-85.67,3.39,-102.78,-18.69,-99.09,-14.92
687,5472.00,5366.50,0,3,-96.07,-11.93,90.00,0,-113.67,-inf,-94.94,-10.71,-96.99,-12.90,-96.07,-11.93,-85.11,4.82,-104.38,-20.47,-99.53,-15.53
688,5472.25,5366.50,0,3,-97.18,-15.05,90.00,0,-113.82,-inf,-95.50,-13.31,-97.45,-15.33,-97.18,-15.05,-82.74,7.31,-105.95,-23.93,-96.79,-14.64
689,5472.50,5366.50,0,3,-95.31,-14.17,90.00,0,-114.00,-inf,-97.23,-16.15,-95.04,-13.89,-95.31,-14.17,-81.66,7.68,-105.66,-24.67,-96.22,-15.11
690,5472.75,5366.50,0,3,-94.29,-12.38,90.00,0,-116.04,-inf,-97.95,-16.18,-96.85,-15.05,-94.29,-12.38,-82.51,6.71,-107.38,-25.70,-94.69,-12.80
691,5473.00,5366.50,0,3,-92.62,-10.74,90.00,0,-115.15,-inf,-98.57,-16.95,-96.45,-14.77,-92.62,-10.74,-82.51,6.00,-108.54,-27.00,-94.16,-12.38
692,5473.25,5366.50,0,3,-93.96,-12.25,90.00,0,-112.84,-inf,-97.57,-16.00,-98.30,-16.75,-93.96,-12.25,-82.24,7.09,-107.65,-26.18,-94.86,-13.19
693,5473.50,5366.50,0,3,-93.65,-11.88,90.00,0,-111.96,-inf,-96.46,-14.83,-96.56,-14.93,-93.65,-11.88,-82.33,6.74,-108.80,-27.30,-96.07,-14.42
694,5473.75,5366.50,0,3,-94.84,-12.76,90.00,0,-108.72,-26.86,-95.79,-13.75,-97.39,-15.41,-94.84,-12.76,-82.88,5.76,-106.90,-25.03,-93.38,-11.20
695,5474.00,5366.50,0,3,-92.69,-8.97,90.00,0,-109.14,-25.92,-96.27,-12.85,-94.76,-11.24,-92.69,-8.97,-84.84,3.38,-105.42,-22.19,-95.93,-12.49
696,5474.25,5366.50,0,3,-93.49,-10.06,90.00,0,-110.27,-inf,-95.61,-12.34,-94.64,-11.31,-93.49,-10.06,-84.53,3.81,-104.20,-21.15,-95.84,-12.59
697,5474.50,5366.50,0,3,-93.58,-11.63,90.00,0,-109.37,-27.71,-94.17,-12.26,-93.60,-11.67,-93.58,-11.63,-82.92,4.69,-103.71,-22.03,-94.94,-13.08
698,5474.75,5366.50,0,3,-94.92,-12.68,90.00,0,-107.75,-25.73,-94.22,-11.95,-94.32,-12.05,-94.92,-12.68,-83.18,5.12,-104.90,-22.87,-95.81,-13.61
699,5475.00,5366.50,0,3,-95.57,-14.81,90.00,0,-109.65,-29.03,-95.77,-15.02,-91.26,-10.25,-95.57,-14.81,-81.58,6.06,-106.73,-26.10,-95.23,-14.45
700,5475.25,5366.50,0,3,-96.51,-17.05,90.00,0,-106.72,-27.33,-97.30,-17.85,-93.55,-14.00,-96.51,-17.05,-79.90,8.94,-105.52,-26.13,-95.14,-15.64
701,5475.50,5366.50,0,6,-95.15,-14.42,90.00,1,-106.27,-25.68,-97.84,-17.18,-92.23,-11.34,-98.25,-17.60,-81.32,7.31,-105.13,-24.54,-95.15,-14.42
702,5475.75,5366.50,0,6,-93.15,-13.25,90.00,0,-101.68,-21.97,-97.97,-18.22,-92.21,-12.27,-98.16,-18.41,-80.39,7.60,-106.15,-26.45,-93.15,-13.25
703,5476.00,5366.50,0,6,-91.19,-10.82,90.00,0,-101.26,-21.21,-98.49,-18.41,-92.97,-12.72,-98.61,-18.53,-80.85,6.75,-107.32,-27.29,-91.19,-10.82
704,5476.25,5366.50,0,6,-88.50,-5.77,90.00,0,-100.30,-18.53,-99.19,-17.40,-92.16,-10.03,-98.10,-16.28,-83.74,2.26,-106.44,-24.71,-88.50,-5.77
705,5476.50,5366.50,0,6,-86.34,-1.83,90.00,0,-101.29,-18.92,-100.57,-18.19,-92.87,-10.16,-97.42,-14.97,-85.90,-1.09,-107.87,-25.54,-86.34,-1.83
706,5476.75,5366.50,0,6,-83.15,1.74,90.00,0,-101.38,-20.42,-102.25,-21.30,-93.96,-12.81,-99.18,-18.19,-86.07,-3.55,-108.45,-27.52,-83.15,1.74
707,5477.00,5366.50,0,6,-82.83,4.66,90.00,0,-101.09,-19.49,-102.24,-20.66,-96.78,-15.10,-97.31,-15.65,-89.45,-7.13,-108.08,-26.52,-82.83,4.66
708,5477.25,5366.50,0,6,-83.56,3.99,90.00,0,-101.75,-19.60,-102.45,-20.30,-96.70,-14.44,-96.13,-13.85,-89.76,-6.84,-107.13,-25.01,-83.56,3.99
709,5477.50,5366.50,0,6,-85.87,0.08,90.00,0,-102.13,-19.18,-98.04,-15.01,-95.60,-12.47,-93.30,-9.98,-88.35,-4.00,-107.04,-24.12,-85.87,0.08
710,5477.75,5366.50,0,6,-87.11,-1.86,90.00,0,-103.03,-19.92,-99.88,-16.73,-96.12,-12.83,-93.97,-10.53,-86.84,-1.42,-106.58,-23.49,-87.11,-1.86
711,5478.00,5366.50,0,6,-87.59,-2.19,90.00,0,-99.96,-16.52,-102.69,-19.29,-97.08,-13.55,-93.79,-10.04,-86.99,-1.18,-108.45,-25.09,-87.59,-2.19
712,5478.25,5366.50,0,6,-86.05,1.24,90.00,0,-102.18,-18.51,-104.94,-21.29,-100.41,-16.70,-92.68,-8.49,-89.92,-5.15,-105.88,-22.24,-86.05,1.24
713,5478.50,5366.50,0,6,-86.41,0.35,90.00,0,-101.77,-18.13,-106.55,-22.96,-98.88,-15.19,-91.47,-7.14,-89.79,-5.04,-105.19,-21.59,-86.41,0.35
714,5478.75,5366.50,0,6,-88.16,-0.93,90.00,0,-102.90,-18.18,-107.38,-22.70,-100.72,-15.96,-93.86,-8.65,-89.22,-2.69,-104.93,-20.24,-88.16,-0.93
715,5479.00,5366.50,0,6,-87.20,0.18,90.00,0,-100.68,-16.30,-105.51,-21.20,-102.56,-18.22,-91.36,-6.14,-90.94,-5.61,-106.29,-21.99,-87.20,0.18
716,5479.25,5366.50,0,6,-85.73,2.34,90.00,0,-100.72,-16.89,-105.46,-21.69,-101.07,-17.25,-93.06,-8.78,-91.33,-6.76,-104.60,-20.83,-85.73,2.34
717,5479.50,5366.50,0,6,-84.04,4.23,90.00,0,-102.12,-19.42,-106.19,-23.53,-100.05,-17.32,-92.57,-9.46,-92.03,-8.85,-105.71,-23.04,-84.04,4.23
718,5479.75,5366.50,0,6,-85.40,3.28,90.00,0,-101.94,-18.15,-105.76,-22.00,-101.50,-17.70,-93.68,-9.49,-91.97,-7.53,-105.63,-21.87,-85.40,3.28
719,5480.00,5366.50,0,6,-84.08,4.74,90.00,0,-102.93,-20.07,-105.73,-22.89,-101.59,-18.71,-92.93,-9.66,-92.70,-9.41,-107.13,-24.29,-84.08,4.74
720,5480.25,5366.50,0,6,-82.83,6.29,90.00,0,-102.71,-20.76,-106.07,-24.14,-101.88,-19.93,-92.79,-10.51,-93.63,-11.42,-106.15,-24.22,-82.83,6.29
721,5480.50,5366.50,0,6,-81.38,8.53,90.00,0,-102.46,-21.62,-106.67,-25.84,-101.14,-20.28,-94.84,-13.86,-94.05,-13.02,-103.54,-22.71,-81.38,8.53
722,5480.75,5366.50,0,6,-80.52,9.18,90.00,0,-102.46,-22.42,-103.82,-23.78,-102.93,-22.89,-94.79,-14.62,-93.41,-13.19,-104.38,-24.34,-80.52,9.18
723,5481.00,5366.50,0,6,-80.11,10.90,90.00,0,-103.01,-23.21,-104.41,-24.62,-101.27,-21.46,-96.65,-16.79,-95.66,-15.77,-103.67,-23.88,-80.11,10.90
724,5481.25,5366.50,0,6,-81.22,10.11,90.00,0,-102.92,-22.08,-105.30,-24.47,-103.77,-22.93,-97.54,-16.63,-95.10,-14.12,-105.47,-24.64,-81.22,10.11
725,5481.50,5366.50,0,6,-81.42,9.91,90.00,0,-102.37,-21.34,-107.14,-26.13,-103.51,-22.49,-99.18,-18.12,-94.63,-13.44,-103.06,-22.04,-81.42,9.91
726,5481.75,5366.50,0,6,-80.93,11.01,90.00,0,-101.91,-21.29,-103.96,-23.35,-104.70,-24.09,-97.81,-17.13,-96.87,-16.17,-105.11,-24.50,-80.93,11.01
727,5482.00,5366.50,0,6,-80.94,11.85,90.00,0,-103.77,-23.09,-104.92,-24.24,-105.54,-24.86,-99.40,-18.68,-97.29,-16.53,-106.52,-25.85,-80.94,11.85
728,5482.25,5366.50,0,6,-82.50,9.95,90.00,0,-103.89,-21.77,-105.59,-23.49,-106.02,-23.92,-99.08,-16.90,-96.62,-14.38,-104.75,-22.64,-82.50,9.95
729,5482.50,5366.50,0,6,-81.35,9.47,90.00,0,-103.08,-22.16,-104.79,-23.88,-107.02,-26.12,-99.65,-18.70,-93.12,-11.96,-105.31,-24.40,-81.35,9.47
730,5482.75,5366.50,0,6,-81.96,8.89,90.00,0,-104.13,-22.68,-105.37,-23.92,-106.20,-24.76,-102.03,-20.57,-92.72,-10.95,-104.80,-23.35,-81.96,8.89
731,5483.00,5366.50,0,6,-82.84,6.63,90.00,0,-105.12,-23.11,-104.80,-22.79,-105.73,-23.73,-99.69,-17.63,-91.03,-8.46,-103.91,-21.90,-82.84,6.63
732,5483.25,5366.50,0,6,-81.16,6.77,90.00,0,-104.75,-24.40,-103.70,-23.35,-108.23,-27.89,-98.35,-17.95,-89.11,-8.16,-103.34,-22.98,-81.16,6.77
733,5483.50,5366.50,0,6,-79.01,8.77,90.00,0,-105.27,-26.79,-103.62,-25.14,-107.55,-29.07,-99.54,-21.03,-88.89,-10.01,-101.27,-22.78,-79.01,8.77
734,5483.75,5366.50,0,6,-79.39,8.30,90.00,0,-106.39,-27.59,-105.97,-27.16,-106.27,-27.46,-98.28,-19.43,-88.84,-9.59,-101.28,-22.47,-79.39,8.30
735,5484.00,5366.50,0,6,-79.22,9.33,90.00,0,-108.31,-29.57,-108.92,-30.18,-106.20,-27.46,-98.41,-19.63,-89.84,-10.75,-101.81,-23.05,-79.22,9.33
736,5484.25,5366.50,0,6,-77.62,10.27,90.00,0,-111.86,-inf,-109.84,-32.61,-106.19,-28.96,-97.84,-20.57,-89.03,-11.50,-101.15,-23.90,-77.62,10.27
737,5484.50,5366.50,0,6,-76.42,12.41,90.00,0,-112.64,-inf,-111.67,-inf,-107.02,-30.84,-100.33,-24.14,-89.87,-13.50,-101.80,-25.61,-76.42,12.41
738,5484.75,5366.50,0,6,-74.53,14.51,90.00,0,-111.02,-inf,-110.17,-inf,-105.47,-31.09,-98.97,-24.57,-90.35,-15.86,-101.65,-27.27,-74.53,14.51
739,5485.00,5366.50,0,6,-75.87,13.85,90.00,0,-112.33,-inf,-110.20,-inf,-106.13,-30.44,-99.87,-24.16,-91.17,-15.36,-101.17,-25.46,-75.87,13.85
740,5485.25,5366.50,0,6,-76.23,12.46,90.00,0,-111.11,-inf,-109.65,-33.66,-104.29,-28.29,-98.87,-22.85,-90.02,-13.85,-101.11,-25.10,-76.23,12.46
741,5485.50,5366.50,0,6,-74.89,11.38,90.00,0,-114.18,-inf,-111.19,-inf,-106.74,-32.16,-96.01,-21.40,-87.23,-12.41,-100.07,-25.47,-74.89,11.38
742,5485.75,5366.50,0,6,-74.78,11.20,90.00,0,-116.78,-inf,-107.80,-33.33,-104.72,-30.26,-97.57,-23.09,-86.79,-12.07,-99.69,-25.21,-74.78,11.20
743,5486.00,5366.50,0,6,-75.70,9.93,90.00,0,-115.54,-inf,-106.15,-30.87,-103.23,-27.94,-96.68,-21.37,-86.45,-10.83,-100.84,-25.55,-75.70,9.93
744,5486.25,5366.50,0,6,-77.22,9.49,90.00,0,-114.63,-inf,-105.36,-28.60,-103.98,-27.21,-98.86,-22.08,-87.59,-10.46,-100.15,-23.38,-77.22,9.49
745,5486.50,5366.50,0,6,-77.30,10.14,90.00,0,-114.74,-inf,-105.78,-28.87,-103.94,-27.04,-98.04,-21.12,-88.67,-11.47,-99.18,-22.26,-77.30,10.14
746,5486.75,5366.50,0,6,-78.31,8.94,90.00,0,-112.36,-inf,-103.66,-25.86,-104.64,-26.84,-95.92,-18.07,-88.69,-10.53,-100.01,-22.20,-78.31,8.94
747,5487.00,5366.50,0,6,-76.30,12.42,90.00,0,-113.64,-inf,-102.55,-26.48,-102.34,-26.27,-95.25,-19.14,-91.26,-15.07,-100.92,-24.84,-76.30,12.42
748,5487.25,5366.50,0,6,-76.61,12.44,90.00,0,-110.60,-inf,-103.48,-27.10,-100.04,-23.65,-94.04,-17.59,-92.71,-16.24,-101.57,-25.19,-76.61,12.44
749,5487.50,5366.50,0,6,-79.17,10.57,90.00,0,-111.48,-inf,-105.15,-26.33,-99.91,-21.07,-93.94,-15.00,-94.60,-15.68,-101.02,-22.19,-79.17,10.57
750,5487.75,5366.50,0,6,-78.89,11.13,90.00,0,-110.74,-inf,-104.62,-26.05,-102.17,-23.59,-94.06,-15.37,-94.92,-16.25,-100.69,-22.10,-78.89,11.13
751,5488.00,5366.50,0,6,-78.07,12.04,90.00,0,-110.76,-inf,-105.58,-27.77,-102.50,-24.68,-93.43,-15.50,-95.94,-18.07,-100.81,-22.98,-78.07,12.04
752,5488.25,5366.50,0,6,-78.08,13.11,90.00,0,-110.82,-inf,-104.89,-27.00,-100.89,-22.99,-94.66,-16.69,-99.18,-21.27,-100.83,-22.93,-78.08,13.11
753,5488.50,5366.50,0,6,-78.89,11.34,90.00,0,-111.04,-inf,-106.70,-28.10,-98.98,-20.35,-93.27,-14.54,-98.48,-19.85,-100.61,-22.00,-78.89,11.34
754,5488.75,5366.50,0,6,-79.59,11.17,90.00,0,-107.66,-28.39,-108.38,-29.11,-97.22,-17.89,-94.31,-14.90,-100.69,-21.39,-102.01,-22.72,-79.59,11.17
755,5489.00,5366.50,0,6,-79.96,11.08,90.00,0,-107.43,-27.79,-106.64,-26.99,-98.62,-18.93,-94.79,-15.02,-100.86,-21.19,-100.19,-20.52,-79.96,11.08
756,5489.25,5366.50,0,6,-78.75,11.72,90.00,0,-108.37,-29.89,-107.28,-28.80,-96.70,-18.17,-93.97,-15.38,-100.58,-22.08,-102.18,-23.69,-78.75,11.72
757,5489.50,5366.50,0,6,-80.10,10.37,90.00,0,-110.91,-inf,-105.00,-25.27,-98.70,-18.93,-93.06,-13.13,-101.05,-21.31,-102.39,-22.65,-80.10,10.37
758,5489.75,5366.50,0,6,-79.65,8.73,90.00,0,-109.90,-30.79,-107.02,-27.90,-96.05,-16.85,-90.83,-11.42,-97.23,-18.05,-102.50,-23.37,-79.65,8.73
759,5490.00,5366.50,0,6,-79.87,8.31,90.00,0,-108.93,-29.65,-106.84,-27.56,-94.45,-15.04,-91.12,-11.55,-98.12,-18.79,-100.03,-20.72,-79.87,8.31
760,5490.25,5366.50,0,6,-79.34,8.78,90.00,0,-109.47,-30.66,-107.18,-28.37,-95.55,-16.66,-90.53,-11.43,-98.09,-19.24,-100.43,-21.59,-79.34,8.78
761,5490.50,5366.50,0,6,-81.97,5.78,90.00,0,-111.31,-inf,-107.87,-26.91,-97.24,-16.19,-89.78,-8.22,-96.61,-15.54,-99.78,-18.77,-81.97,5.78
762,5490.75,5366.50,0,6,-82.14,5.66,90.00,0,-110.59,-inf,-109.34,-28.23,-98.37,-17.19,-90.30,-8.64,-94.30,-12.99,-100.16,-19.01,-82.14,5.66
763,5491.00,5366.50,0,6,-82.45,5.84,90.00,0,-111.80,-inf,-108.32,-26.87,-99.78,-18.27,-91.12,-9.18,-95.35,-13.72,-97.05,-15.48,-82.45,5.84
764,5491.25,5366.50,0,6,-81.65,6.77,90.00,0,-113.18,-inf,-106.73,-25.90,-99.78,-18.91,-91.04,-9.78,-96.03,-15.08,-97.54,-16.63,-81.65,6.77
765,5491.50,5366.50,0,6,-81.87,7.25,90.00,0,-113.80,-inf,-106.95,-25.83,-97.71,-16.50,-92.55,-11.11,-95.86,-14.59,-99.15,-17.96,-81.87,7.25
766,5491.75,5366.50,0,6,-82.69,6.54,90.00,0,-112.05,-inf,-107.07,-25.24,-97.97,-16.05,-92.15,-9.91,-97.62,-15.69,-98.76,-16.86,-82.69,6.54
767,5492.00,5366.50,0,6,-82.35,6.74,90.00,0,-110.50,-inf,-107.73,-26.21,-98.51,-16.91,-92.06,-10.15,-96.92,-15.28,-98.22,-16.61,-82.35,6.74
768,5492.25,5366.50,0,6,-80.95,7.17,90.00,0,-111.04,-inf,-110.02,-inf,-96.17,-15.87,-91.34,-10.81,-96.23,-15.93,-96.43,-16.13,-80.95,7.17
769,5492.50,5366.50,0,6,-80.37,7.51,90.00,0,-112.10,-inf,-111.62,-inf,-99.99,-20.28,-91.25,-11.27,-94.26,-14.44,-95.18,-15.40,-80.37,7.51
770,5492.75,5366.50,0,6,-80.26,6.88,90.00,0,-110.51,-inf,-111.27,-inf,-97.93,-18.42,-91.58,-11.86,-91.85,-12.14,-94.90,-15.33,-80.26,6.88
771,5493.00,5366.50,0,6,-79.67,8.17,90.00,0,-110.48,-inf,-109.02,-29.96,-100.09,-21.00,-91.68,-12.39,-94.30,-15.12,-94.15,-14.97,-79.67,8.17
772,5493.25,5366.50,0,6,-79.00,9.29,90.00,0,-113.43,-inf,-110.55,-inf,-99.50,-20.95,-92.65,-13.96,-93.25,-14.59,-95.97,-17.38,-79.00,9.29
773,5493.50,5366.50,0,6,-79.62,8.50,90.00,0,-113.52,-inf,-109.07,-30.02,-96.87,-17.75,-92.80,-13.56,-94.23,-15.05,-94.95,-15.79,-79.62,8.50
774,5493.75,5366.50,0,6,-79.94,8.77,90.00,0,-112.48,-inf,-108.91,-29.51,-96.33,-16.84,-93.12,-13.54,-96.87,-17.39,-95.10,-15.59,-79.94,8.77
775,5494.00,5366.50,0,6,-80.96,7.42,90.00,0,-114.89,-inf,-109.95,-29.71,-96.64,-16.30,-93.02,-12.54,-95.29,-14.91,-94.82,-14.43,-80.96,7.42
776,5494.25,5366.50,0,6,-80.38,8.98,90.00,0,-116.22,-inf,-111.22,-inf,-96.14,-16.18,-94.97,-14.98,-96.23,-16.27,-95.86,-15.89,-80.38,8.98
777,5494.50,5366.50,0,6,-77.90,11.41,90.00,0,-116.01,-inf,-111.10,-inf,-93.65,-15.95,-95.10,-17.43,-97.70,-20.07,-97.89,-20.26,-77.90,11.41
778,5494.75,5366.50,0,6,-78.73,8.76,90.00,0,-115.32,-inf,-109.70,-31.50,-89.93,-11.44,-95.61,-17.33,-97.17,-18.92,-97.32,-19.07,-78.73,8.76
779,5495.00,5366.50,0,6,-79.44,8.22,90.00,0,-114.67,-inf,-109.79,-30.96,-90.05,-10.88,-96.89,-18.00,-95.87,-16.95,-98.22,-19.34,-79.44,8.22
780,5495.25,5366.50,0,6,-80.18,7.26,90.00,0,-114.15,-inf,-108.67,-29.23,-90.06,-10.24,-96.55,-17.03,-94.97,-15.41,-97.88,-18.38,-80.18,7.26
781,5495.50,5366.50,0,6,-78.90,7.94,90.00,0,-115.12,-inf,-109.86,-31.60,-88.70,-10.04,-95.99,-17.66,-95.79,-17.47,-100.11,-21.83,-78.90,7.94
782,5495.75,5366.50,0,6,-79.80,6.34,90.00,0,-114.63,-inf,-107.99,-29.09,-87.59,-8.08,-99.17,-20.24,-94.10,-15.08,-101.58,-22.67,-79.80,6.34
783,5496.00,5366.50,0,6,-79.87,6.15,90.00,0,-113.81,-inf,-108.79,-29.86,-87.61,-8.06,-101.47,-22.52,-93.07,-13.97,-100.42,-21.46,-79.87,6.15
784,5496.25,5366.50,0,6,-82.53,3.69,90.00,0,-114.74,-inf,-109.06,-28.07,-88.41,-6.55,-100.33,-19.29,-92.17,-10.84,-98.85,-17.79,-82.53,3.69
785,5496.50,5366.50,0,6,-83.03,3.61,90.00,0,-113.54,-inf,-108.47,-27.00,-88.86,-6.52,-100.51,-19.00,-92.55,-10.74,-99.66,-18.13,-83.03,3.61
786,5496.75,5366.50,0,6,-83.19,3.65,90.00,0,-112.76,-inf,-108.22,-26.58,-89.89,-7.55,-97.69,-15.95,-92.26,-10.24,-97.79,-16.05,-83.19,3.65
787,5497.00,5366.50,0,6,-81.54,5.07,90.00,0,-115.56,-inf,-108.72,-28.34,-89.00,-8.00,-97.15,-16.69,-93.44,-12.86,-97.81,-17.37,-81.54,5.07
788,5497.25,5366.50,0,6,-80.49,5.43,90.00,0,-116.17,-inf,-109.03,-29.63,-88.63,-8.68,-97.18,-17.71,-91.52,-11.85,-97.44,-17.98,-80.49,5.43
789,5497.50,5366.50,0,6,-81.48,3.25,90.00,0,-116.11,-inf,-107.40,-27.60,-87.31,-6.66,-96.69,-16.81,-90.14,-9.92,-96.89,-17.01,-81.48,3.25
790,5497.75,5366.50,0,6,-82.99,1.36,90.00,0,-115.28,-inf,-107.08,-26.46,-87.24,-5.57,-96.73,-16.02,-89.14,-7.87,-96.36,-15.63,-82.99,1.36
791,5498.00,5366.50,0,6,-82.07,1.23,90.00,0,-119.80,-inf,-106.28,-26.63,-86.88,-6.34,-97.76,-18.06,-86.56,-5.94,-99.09,-19.41,-82.07,1.23
792,5498.25,5366.50,0,6,-83.66,0.48,90.00,0,-120.15,-inf,-105.89,-24.99,-88.46,-6.75,-96.49,-15.48,-87.07,-4.98,-99.53,-18.59,-83.66,0.48
793,5498.50,5366.50,0,6,-82.80,0.77,90.00,0,-119.64,-inf,-104.26,-24.08,-87.91,-6.94,-98.61,-18.39,-86.34,-4.98,-97.57,-17.33,-82.80,0.77
794,5498.75,5366.50,0,6,-87.33,-3.33,90.00,0,-120.12,-inf,-103.86,-21.49,-88.14,-4.47,-98.41,-15.96,-86.96,-2.79,-98.17,-15.72,-87.33,-3.33
795,5499.00,5366.50,0,6,-88.17,-4.94,90.00,0,-119.72,-inf,-101.86,-19.80,-87.41,-3.91,-99.54,-17.45,-86.26,-2.19,-95.22,-12.99,-88.17,-4.94
796,5499.25,5366.50,0,6,-89.00,-4.53,90.00,0,-119.23,-inf,-101.29,-18.06,-88.24,-3.45,-101.12,-17.89,-88.04,-3.16,-96.13,-12.74,-89.00,-4.53
797,5499.50,5366.50,0,6,-87.28,-3.14,90.00,0,-117.90,-inf,-99.44,-16.93,-88.04,-4.22,-99.36,-16.85,-87.77,-3.84,-95.51,-12.87,-87.28,-3.14
798,5499.75,5366.50,0,6,-87.40,-2.83,90.00,0,-116.28,-inf,-97.23,-14.32,-87.97,-3.67,-96.50,-13.57,-89.63,-5.89,-95.32,-12.32,-87.40,-2.83
799,5500.00,5366.50,2,6,-75.35,7.84,90.00,0,-108.35,-27.52,-107.89,-27.07,-98.48,-17.59,-97.00,-16.08,-94.51,-13.51,-89.91,-8.53,-81.91,5.43
800,5499.75,5366.50,2,6,-82.50,4.95,90.00,0,-110.76,-inf,-108.82,-27.52,-98.88,-17.51,-97.36,-15.95,-92.29,-10.64,-91.06,-9.28,-82.50,4.95
801,5499.50,5366.50,2,6,-81.81,4.70,90.00,0,-110.29,-inf,-110.44,-inf,-98.89,-18.29,-95.86,-15.19,-90.39,-9.38,-90.79,-9.82,-81.81,4.70
802,5499.25,5366.50,2,6,-81.27,5.20,90.00,0,-109.28,-29.15,-109.80,-29.67,-98.80,-18.61,-96.38,-16.15,-91.99,-11.57,-89.45,-8.79,-81.27,5.20
803,5499.00,5366.50,2,6,-82.47,2.46,90.00,0,-108.65,-28.13,-113.67,-inf,-99.69,-19.13,-97.37,-16.77,-93.56,-12.83,-86.24,-4.38,-82.47,2.46
804,5498.75,5366.50,2,6,-81.30,2.92,90.00,0,-107.54,-28.03,-112.98,-inf,-100.26,-20.72,-96.93,-17.34,-94.29,-14.63,-85.23,-4.37,-81.30,2.92
805,5498.50,5366.50,2,6,-78.08,5.94,90.00,0,-106.16,-29.06,-112.45,-inf,-100.28,-23.16,-99.85,-22.73,-95.60,-18.44,-84.73,-6.82,-78.08,5.94
806,5498.25,5366.50,2,6,-76.98,6.99,90.00,0,-105.21,-29.02,-112.33,-inf,-99.98,-23.77,-102.65,-26.45,-93.47,-17.20,-84.85,-8.02,-76.98,6.99
807,5498.00,5366.50,2,6,-75.39,6.47,90.00,0,-104.90,-30.38,-111.00,-inf,-98.21,-23.68,-101.40,-26.88,-95.12,-20.57,-82.34,-7.04,-75.39,6.47
808,5497.75,5366.50,2,6,-77.13,2.60,90.00,0,-102.78,-27.54,-107.36,-32.13,-99.44,-24.20,-101.92,-26.68,-95.90,-20.64,-79.98,-2.99,-77.13,2.60
809,5497.50,5366.50,2,6,-76.38,-0.78,90.00,0,-99.85,-26.88,-106.29,-33.33,-100.76,-27.79,-102.79,-29.82,-97.94,-24.96,-75.68,0.60,-76.38,-0.78
810,5497.25,5366.50,2,6,-73.52,2.66,90.00,0,-98.55,-26.90,-104.79,-33.14,-100.47,-28.82,-101.01,-29.37,-97.25,-25.60,-76.30,-2.84,-73.52,2.66
811,5497.00,5366.50,2,6,-71.29,8.02,90.00,0,-96.42,-25.75,-107.31,-36.65,-101.59,-30.93,-100.67,-30.00,-98.65,-27.99,-79.56,-8.30,-71.29,8.02
812,5496.75,5366.50,2,6,-71.62,5.97,90.00,0,-97.91,-27.27,-107.45,-36.81,-104.43,-33.79,-99.18,-28.53,-98.95,-28.31,-77.73,-6.15,-71.62,5.97
813,5496.50,5366.50,2,6,-71.95,5.79,90.00,0,-98.73,-27.79,-108.67,-37.74,-103.67,-32.73,-96.91,-25.96,-98.68,-27.74,-77.91,-6.00,-71.95,5.79
814,5496.25,5366.50,2,6,-71.85,5.72,90.00,0,-97.35,-26.52,-109.22,-38.40,-103.49,-32.66,-99.03,-28.20,-98.26,-27.43,-77.73,-5.92,-71.85,5.72
815,5496.00,5366.50,2,6,-70.62,5.72,90.00,0,-96.94,-27.35,-106.61,-37.02,-101.99,-32.40,-97.60,-28.01,-99.15,-29.56,-76.47,-5.89,-70.62,5.72
816,5495.75,5366.50,2,6,-70.06,3.50,90.00,0,-96.27,-27.81,-105.03,-36.58,-102.13,-33.67,-95.98,-27.52,-98.55,-30.10,-73.64,-3.61,-70.06,3.50
817,5495.50,5366.50,2,6,-65.97,9.82,90.00,0,-95.44,-29.89,-105.27,-39.73,-103.20,-37.66,-95.00,-29.46,-99.99,-34.45,-75.93,-9.98,-65.97,9.82
818,5495.25,5366.50,2,6,-64.21,11.93,90.00,0,-95.68,-31.74,-106.31,-42.37,-103.48,-39.54,-93.14,-29.20,-99.68,-35.75,-76.32,-12.13,-64.21,11.93
819,5495.00,5366.50,2,6,-67.04,8.62,90.00,0,-94.16,-27.67,-105.87,-39.38,-101.78,-35.29,-90.85,-24.35,-96.77,-30.28,-75.93,-8.92,-67.04,8.62
820,5494.75,5366.50,2,6,-68.92,6.95,90.00,0,-93.16,-25.02,-105.16,-37.03,-100.31,-32.18,-91.27,-23.12,-93.28,-25.14,-76.21,-7.35,-68.92,6.95
821,5494.50,5366.50,2,6,-71.06,5.08,90.00,0,-94.66,-24.76,-105.09,-35.20,-101.50,-31.62,-89.95,-20.02,-94.14,-24.24,-76.50,-5.55,-71.06,5.08
822,5494.25,5366.50,2,6,-71.84,5.67,90.00,0,-92.41,-21.58,-102.63,-31.83,-102.93,-32.13,-89.32,-18.46,-93.69,-22.87,-78.13,-6.45,-71.84,5.67
823,5494.00,5366.50,2,6,-73.72,4.56,90.00,0,-91.28,-18.80,-103.58,-31.15,-103.93,-31.51,-85.42,-12.78,-93.92,-21.47,-79.73,-6.41,-73.72,4.56
824,5493.75,5366.50,2,6,-73.49,4.62,90.00,0,-92.24,-20.00,-101.71,-29.50,-106.10,-33.90,-82.55,-9.93,-92.80,-20.57,-80.66,-7.79,-73.49,4.62
825,5493.50,5366.50,2,6,-71.49,6.19,90.00,0,-91.14,-20.55,-102.50,-31.94,-103.73,-33.17,-83.70,-12.93,-91.81,-21.22,-79.53,-8.38,-71.49,6.19
826,5493.25,5366.50,2,6,-69.53,9.88,90.00,0,-89.50,-20.36,-102.18,-33.08,-103.62,-34.51,-85.95,-16.76,-91.76,-22.63,-81.59,-12.23,-69.53,9.88
827,5493.00,5366.50,2,6,-71.91,8.29,90.00,0,-90.54,-19.18,-103.90,-32.59,-102.72,-31.41,-85.73,-14.25,-89.12,-17.73,-83.40,-11.81,-71.91,8.29
828,5492.75,5366.50,2,6,-71.97,8.07,90.00,0,-89.77,-18.36,-104.12,-32.77,-104.31,-32.96,-86.07,-14.58,-89.91,-18.51,-82.87,-11.20,-71.97,8.07
829,5492.50,5366.50,2,6,-71.30,9.59,90.00,0,-89.88,-18.98,-103.63,-32.78,-104.62,-33.77,-87.92,-16.99,-89.52,-18.62,-83.75,-12.67,-71.30,9.59
830,5492.25,5366.50,2,6,-70.49,9.06,90.00,0,-89.24,-19.21,-101.18,-31.20,-106.01,-36.03,-87.77,-17.72,-89.53,-19.50,-81.60,-11.31,-70.49,9.06
831,5492.00,5366.50,2,6,-70.34,11.72,90.00,0,-90.34,-20.24,-99.67,-29.60,-102.67,-32.61,-89.20,-19.09,-90.12,-20.02,-85.43,-15.25,-70.34,11.72
832,5491.75,5366.50,2,6,-70.65,10.61,90.00,0,-89.08,-18.73,-101.48,-31.19,-102.21,-31.92,-87.75,-17.38,-89.06,-18.71,-85.11,-14.68,-70.65,10.61
833,5491.50,5366.50,2,6,-72.03,8.39,90.00,0,-88.61,-17.08,-101.49,-30.04,-100.98,-29.53,-85.56,-13.94,-88.24,-16.70,-85.00,-13.36,-72.03,8.39
834,5491.25,5366.50,2,6,-72.36,8.29,90.00,0,-88.51,-16.66,-101.23,-29.46,-100.33,-28.56,-85.62,-13.68,-89.57,-17.74,-85.10,-13.14,-72.36,8.29
835,5491.00,5366.50,2,6,-71.30,9.71,90.00,0,-88.49,-17.55,-98.72,-27.85,-102.09,-31.23,-85.24,-14.22,-87.98,-17.03,-87.89,-16.94,-71.30,9.71
836,5490.75,5366.50,2,6,-71.38,10.66,90.00,0,-87.91,-16.79,-98.54,-27.51,-102.05,-31.02,-87.53,-16.41,-90.69,-19.62,-87.68,-16.57,-71.38,10.66
837,5490.50,5366.50,2,6,-69.89,11.28,90.00,0,-87.49,-17.85,-99.72,-30.14,-102.68,-33.10,-86.76,-17.10,-90.27,-20.66,-85.93,-16.26,-69.89,11.28
838,5490.25,5366.50,2,6,-69.75,11.81,90.00,0,-90.19,-20.69,-98.85,-29.38,-105.27,-35.80,-85.94,-16.37,-89.58,-20.07,-86.73,-17.18,-69.75,11.81
839,5490.00,5366.50,2,6,-68.71,11.39,90.00,0,-89.58,-21.15,-98.85,-30.44,-104.85,-36.44,-82.07,-13.47,-90.75,-22.32,-88.70,-20.25,-68.71,11.39
840,5489.75,5366.50,2,6,-69.59,11.72,90.00,0,-89.96,-20.62,-98.44,-29.13,-104.52,-35.22,-83.97,-14.51,-89.08,-19.73,-90.63,-21.29,-69.59,11.72
841,5489.50,5366.50,2,6,-71.27,11.02,90.00,0,-90.33,-19.34,-97.89,-26.95,-105.62,-34.69,-85.40,-14.31,-89.47,-18.47,-91.67,-20.70,-71.27,11.02
842,5489.25,5366.50,2,6,-70.19,10.93,90.00,0,-92.42,-22.55,-98.46,-28.60,-103.16,-33.31,-82.77,-12.69,-91.01,-21.12,-91.01,-21.12,-70.19,10.93
843,5489.00,5366.50,2,6,-68.28,10.63,90.00,0,-92.43,-24.49,-94.94,-27.01,-102.67,-34.75,-80.17,-11.98,-90.01,-22.05,-89.28,-21.33,-68.28,10.63
844,5488.75,5366.50,2,6,-67.27,12.32,90.00,0,-90.67,-23.63,-95.54,-28.52,-104.04,-37.02,-81.15,-13.97,-90.72,-23.68,-89.15,-22.11,-67.27,12.32
845,5488.50,5366.50,2,6,-67.35,13.11,90.00,0,-89.78,-22.61,-94.45,-27.29,-105.29,-38.14,-82.72,-15.45,-90.46,-23.30,-89.20,-22.03,-67.35,13.11
846,5488.25,5366.50,2,6,-67.03,13.89,90.00,0,-88.74,-21.85,-93.09,-26.22,-104.45,-37.59,-84.11,-17.17,-89.69,-22.81,-89.35,-22.46,-67.03,13.89
847,5488.00,5366.50,2,6,-64.75,15.45,90.00,0,-88.01,-23.36,-93.17,-28.54,-104.26,-39.62,-82.79,-18.09,-90.74,-26.10,-89.07,-24.43,-64.75,15.45
848,5487.75,5366.50,2,6,-65.15,14.93,90.00,0,-86.30,-21.26,-92.76,-27.75,-104.71,-39.70,-82.80,-17.71,-91.38,-26.36,-90.71,-25.69,-65.15,14.93
849,5487.50,5366.50,2,6,-64.13,15.66,90.00,0,-86.85,-22.82,-92.82,-28.80,-105.14,-41.13,-82.02,-17.94,-90.89,-26.87,-91.72,-27.70,-64.13,15.66
850,5487.25,5366.50,2,6,-63.90,17.66,90.00,0,-86.77,-22.92,-94.62,-30.78,-103.47,-39.64,-84.80,-20.93,-92.16,-28.32,-93.33,-29.50,-63.90,17.66
851,5487.00,5366.50,2,6,-63.63,16.94,90.00,0,-86.67,-23.11,-94.66,-31.12,-103.56,-40.02,-82.98,-19.39,-91.63,-28.09,-93.76,-30.21,-63.63,16.94
852,5486.75,5366.50,2,6,-62.83,18.41,90.00,0,-90.22,-27.45,-95.31,-32.54,-105.02,-42.26,-83.09,-20.28,-90.06,-27.28,-96.07,-33.30,-62.83,18.41
853,5486.50,5366.50,2,6,-62.40,18.22,90.00,0,-89.82,-27.47,-95.40,-33.06,-103.34,-41.00,-82.85,-20.48,-87.32,-24.97,-98.09,-35.75,-62.40,18.22
854,5486.25,5366.50,2,6,-65.16,15.26,90.00,0,-90.10,-25.06,-94.79,-29.75,-107.46,-42.43,-83.01,-17.91,-86.05,-20.98,-97.67,-32.64,-65.16,15.26
855,5486.00,5366.50,2,6,-64.65,16.53,90.00,0,-87.78,-23.20,-97.78,-33.22,-106.52,-41.96,-84.32,-19.72,-87.39,-22.81,-98.72,-34.16,-64.65,16.53
856,5485.75,5366.50,2,6,-66.16,14.24,90.00,0,-90.07,-24.05,-95.98,-29.98,-105.77,-39.77,-82.97,-16.88,-85.90,-19.85,-98.42,-32.41,-66.16,14.24
857,5485.50,5366.50,2,6,-67.13,14.61,90.00,0,-89.98,-22.98,-95.43,-28.44,-106.45,-39.47,-84.10,-17.03,-88.88,-21.87,-99.88,-32.89,-67.13,14.61
858,5485.25,5366.50,2,6,-69.97,11.62,90.00,0,-90.01,-20.29,-96.35,-26.66,-107.82,-38.14,-83.73,-13.87,-88.88,-19.15,-102.09,-32.41,-69.97,11.62
859,5485.00,5366.50,2,6,-69.32,11.58,90.00,0,-92.11,-23.06,-96.97,-27.93,-109.61,-40.58,-82.41,-13.17,-88.64,-19.56,-100.58,-31.55,-69.32,11.58
860,5484.75,5366.50,2,6,-69.64,10.94,90.00,0,-92.09,-22.77,-97.11,-27.80,-110.25,-inf,-81.78,-12.23,-89.65,-20.31,-99.08,-29.77,-69.64,10.94
861,5484.50,5366.50,2,6,-68.25,11.12,90.00,0,-88.83,-20.86,-98.19,-30.25,-109.37,-41.44,-80.55,-12.37,-89.78,-21.83,-99.21,-31.28,-68.25,11.12
862,5484.25,5366.50,2,6,-67.22,11.05,90.00,0,-90.07,-23.16,-98.96,-32.06,-110.53,-inf,-78.87,-11.69,-91.98,-25.08,-100.87,-33.97,-67.22,11.05
863,5484.00,5366.50,2,6,-64.84,12.69,90.00,0,-91.13,-26.50,-97.44,-32.82,-107.71,-43.09,-78.02,-13.20,-91.46,-26.83,-100.69,-36.07,-64.84,12.69
864,5483.75,5366.50,2,6,-65.03,13.87,90.00,0,-91.62,-26.75,-98.77,-33.91,-106.12,-41.27,-79.46,-14.45,-93.14,-28.28,-99.56,-34.70,-65.03,13.87
865,5483.50,5366.50,2,6,-64.26,14.99,90.00,0,-90.62,-26.48,-99.82,-35.69,-108.50,-44.37,-79.99,-15.75,-92.69,-28.55,-96.43,-32.30,-64.26,14.99
866,5483.25,5366.50,2,6,-65.52,11.76,90.00,0,-89.54,-24.28,-99.64,-34.40,-107.47,-42.24,-77.76,-12.27,-95.81,-30.57,-94.46,-29.21,-65.52,11.76
867,5483.00,5366.50,2,6,-63.79,13.85,90.00,0,-87.02,-23.38,-101.77,-38.15,-108.45,-44.84,-78.44,-14.68,-94.91,-31.29,-93.97,-30.35,-63.79,13.85
868,5482.75,5366.50,2,6,-63.53,15.36,90.00,0,-88.33,-24.91,-100.50,-37.09,-109.12,-45.71,-79.72,-16.21,-95.23,-31.82,-95.72,-32.31,-63.53,15.36
869,5482.50,5366.50,2,6,-65.97,13.75,90.00,0,-86.02,-20.18,-102.21,-36.41,-109.82,-44.03,-81.37,-15.46,-93.10,-27.30,-96.90,-31.11,-65.97,13.75
870,5482.25,5366.50,2,6,-67.42,11.44,90.00,0,-84.98,-17.79,-104.37,-37.24,-108.61,-41.49,-80.44,-13.11,-94.60,-27.47,-95.35,-28.23,-67.42,11.44
871,5482.00,5366.50,2,6,-67.71,11.02,90.00,0,-82.61,-15.10,-101.48,-34.09,-109.84,-42.46,-81.31,-13.75,-98.45,-31.07,-97.20,-29.81,-67.71,11.02
872,5481.75,5366.50,2,6,-69.69,8.61,90.00,0,-81.61,-12.23,-100.89,-31.76,-108.07,-38.94,-81.46,-12.08,-98.24,-29.11,-93.95,-24.80,-69.69,8.61
873,5481.50,5366.50,2,6,-71.18,6.92,90.00,0,-81.03,-10.26,-99.98,-29.60,-109.49,-39.12,-81.74,-11.03,-98.63,-28.25,-92.74,-22.34,-71.18,6.92
874,5481.25,5366.50,2,6,-72.08,6.22,90.00,0,-81.02,-9.41,-102.12,-30.97,-110.96,-inf,-82.11,-10.60,-100.14,-28.99,-93.08,-21.91,-72.08,6.22
875,5481.00,5366.50,2,6,-72.58,5.77,90.00,0,-81.27,-9.22,-101.51,-29.95,-110.16,-inf,-81.76,-9.76,-99.64,-28.07,-97.07,-25.50,-72.58,5.77
876,5480.75,5366.50,2,6,-72.21,6.72,90.00,0,-81.02,-9.15,-99.46,-28.09,-110.47,-inf,-83.58,-11.95,-98.91,-27.53,-97.34,-25.96,-72.21,6.72
877,5480.50,5366.50,2,6,-72.41,7.09,90.00,0,-81.02,-8.85,-100.27,-28.63,-110.93,-inf,-85.47,-13.65,-100.27,-28.63,-97.57,-25.92,-72.41,7.09
878,5480.25,5366.50,2,6,-72.25,7.18,90.00,0,-81.01,-9.01,-97.76,-26.26,-110.78,-inf,-85.32,-13.65,-100.99,-29.49,-97.16,-25.66,-72.25,7.18
879,5480.00,5366.50,2,6,-73.12,7.56,90.00,0,-83.14,-10.34,-97.22,-24.79,-111.84,-inf,-84.92,-12.25,-103.84,-31.41,-98.16,-25.73,-73.12,7.56
880,5479.75,5366.50,2,6,-72.89,8.93,90.00,0,-84.38,-11.74,-99.02,-26.64,-109.51,-37.15,-86.00,-13.44,-103.82,-31.45,-98.28,-25.91,-72.89,8.93
881,5479.50,5366.50,2,6,-75.94,6.20,90.00,0,-83.94,-8.34,-101.03,-26.01,-108.77,-33.76,-87.67,-12.42,-103.68,-28.67,-98.77,-23.74,-75.94,6.20
882,5479.25,5366.50,2,6,-78.86,3.67,90.00,0,-84.35,-6.09,-101.05,-23.72,-104.98,-27.66,-88.11,-10.42,-102.17,-24.85,-100.16,-22.83,-78.86,3.67
883,5479.00,5366.50,2,6,-81.11,1.59,90.00,0,-85.68,-5.86,-103.10,-24.26,-104.66,-25.83,-86.31,-6.64,-101.71,-22.86,-100.83,-21.98,-81.11,1.59
884,5478.75,5366.50,2,6,-79.98,3.57,90.00,0,-87.74,-8.81,-104.38,-25.97,-104.17,-25.77,-86.18,-6.99,-101.34,-22.92,-101.15,-22.73,-79.98,3.57
885,5478.50,5366.50,2,6,-83.08,0.41,90.00,0,-88.15,-7.11,-103.80,-23.52,-104.54,-24.25,-85.83,-4.14,-101.41,-21.10,-100.69,-20.39,-83.08,0.41
886,5478.25,5366.50,2,6,-84.07,-0.10,90.00,0,-94.52,-13.32,-103.00,-21.97,-102.78,-21.74,-84.83,-1.50,-101.86,-20.82,-99.91,-18.84,-84.07,-0.10
887,5478.00,5366.50,2,6,-85.17,-1.57,90.00,0,-94.97,-13.48,-104.09,-22.76,-101.48,-20.14,-84.38,-0.12,-102.14,-20.80,-99.01,-17.63,-85.17,-1.57
888,5477.75,5366.50,2,6,-83.62,0.40,90.00,0,-93.18,-12.11,-103.51,-22.68,-100.32,-19.46,-85.11,-2.28,-102.05,-21.20,-100.51,-19.65,-83.62,0.40
889,5477.50,5366.50,2,6,-82.30,0.75,90.00,0,-92.90,-13.03,-102.15,-22.47,-100.67,-20.98,-83.97,-2.30,-101.15,-21.46,-100.03,-20.34,-82.30,0.75
890,5477.25,5366.50,2,6,-82.11,-0.12,90.00,0,-95.76,-16.62,-102.21,-23.14,-101.45,-22.39,-82.46,-0.79,-102.00,-22.94,-100.62,-21.55,-82.11,-0.12
891,5477.00,5366.50,2,6,-82.00,-2.51,90.00,0,-96.81,-19.21,-101.51,-23.94,-102.66,-25.09,-79.72,1.89,-101.50,-23.93,-100.50,-22.93,-82.00,-2.51
892,5476.75,5366.50,2,6,-82.91,-4.23,90.00,0,-96.69,-19.35,-103.45,-26.15,-101.35,-24.04,-78.88,3.55,-102.74,-25.44,-99.25,-21.93,-82.91,-4.23
893,5476.50,5366.50,2,6,-82.30,-3.20,90.00,0,-98.98,-21.55,-103.78,-26.37,-100.44,-23.01,-79.29,2.65,-103.09,-25.68,-99.70,-22.27,-82.30,-3.20
894,5476.25,5366.50,2,6,-83.21,-3.48,90.00,0,-99.67,-21.52,-103.71,-25.58,-101.81,-23.68,-79.90,2.93,-102.19,-24.05,-102.87,-24.74,-83.21,-3.48
895,5476.00,5366.50,2,6,-81.98,-0.37,90.00,0,-100.59,-21.78,-103.56,-24.76,-101.65,-22.85,-81.87,-0.15,-103.18,-24.39,-103.10,-24.31,-81.98,-0.37
896,5475.75,5366.50,2,6,-82.56,-2.73,90.00,0,-100.93,-22.93,-104.83,-26.85,-102.15,-24.16,-79.98,2.30,-103.03,-25.04,-103.52,-25.54,-82.56,-2.73
897,5475.50,5366.50,2,6,-81.42,-0.77,90.00,0,-102.86,-24.84,-104.57,-26.55,-101.53,-23.50,-80.82,0.40,-105.20,-27.18,-103.54,-25.52,-81.42,-0.77
898,5475.25,5366.50,2,6,-80.33,0.47,90.00,0,-103.27,-25.70,-104.48,-26.92,-100.16,-22.59,-80.98,-0.80,-105.69,-28.14,-105.08,-27.52,-80.33,0.47
899,5475.00,5366.50,2,6,-80.17,0.29,90.00,0,-104.98,-27.67,-102.81,-25.49,-101.84,-24.52,-80.61,-0.57,-106.34,-29.02,-105.47,-28.15,-80.17,0.29
900,5474.75,5366.50,2,6,-80.01,1.38,90.00,0,-103.65,-26.01,-101.54,-23.89,-101.20,-23.55,-81.59,-1.73,-106.40,-28.76,-106.18,-28.54,-80.01,1.38
901,5474.50,5366.50,2,6,-80.24,0.37,90.00,0,-104.82,-27.40,-101.71,-24.28,-100.32,-22.89,-80.78,-0.69,-106.46,-29.05,-106.41,-29.00,-80.24,0.37
902,5474.25,5366.50,2,6,-81.61,-1.15,90.00,0,-105.23,-27.24,-102.20,-24.20,-99.97,-21.96,-80.62,0.78,-107.95,-29.96,-106.15,-28.16,-81.61,-1.15
903,5474.00,5366.50,2,6,-80.13,-1.38,90.00,0,-102.27,-25.89,-103.04,-26.66,-102.93,-26.55,-78.85,1.15,-107.96,-31.58,-107.29,-30.91,-80.13,-1.38
904,5473.75,5366.50,2,6,-76.95,1.48,90.00,0,-101.39,-26.77,-103.94,-29.32,-104.03,-29.41,-78.52,-1.63,-107.50,-32.88,-107.42,-32.80,-76.95,1.48
905,5473.50,5366.50,2,6,-76.55,4.11,90.00,0,-101.29,-26.16,-103.18,-28.05,-103.66,-28.53,-80.82,-4.33,-106.15,-31.03,-107.82,-32.70,-76.55,4.11
906,5473.25,5366.50,2,6,-75.91,3.96,90.00,0,-103.47,-29.02,-102.40,-27.95,-104.57,-30.12,-79.99,-4.12,-106.21,-31.77,-108.49,-34.05,-75.91,3.96
907,5473.00,5366.50,2,6,-74.96,5.93,90.00,0,-102.41,-28.43,-102.59,-28.61,-103.97,-30.00,-81.04,-6.11,-107.18,-33.21,-110.54,-inf,-74.96,5.93
908,5472.75,5366.50,2,6,-75.59,3.56,90.00,0,-101.78,-27.77,-102.57,-28.55,-103.79,-29.78,-79.27,-3.72,-106.12,-32.11,-108.07,-34.06,-75.59,3.56
909,5472.50,5366.50,2,6,-76.25,2.72,90.00,0,-105.12,-30.73,-101.21,-26.81,-102.35,-27.95,-79.09,-2.89,-103.55,-29.15,-106.42,-32.02,-76.25,2.72
910,5472.25,5366.50,2,6,-73.98,4.37,90.00,0,-103.69,-31.05,-101.32,-28.69,-101.25,-28.61,-78.46,-4.52,-103.91,-31.27,-105.63,-33.00,-73.98,4.37
911,5472.00,5366.50,2,6,-74.30,3.87,90.00,0,-106.00,-33.20,-103.40,-30.59,-101.18,-28.36,-78.25,-3.99,-105.37,-32.56,-106.90,-34.09,-74.30,3.87
912,5471.75,5366.50,2,6,-74.35,4.06,90.00,0,-108.20,-35.29,-103.39,-30.48,-100.54,-27.62,-78.50,-4.19,-106.08,-33.17,-104.30,-31.39,-74.35,4.06
913,5471.50,5366.50,2,6,-73.94,4.59,90.00,0,-108.97,-36.33,-104.01,-31.36,-100.12,-27.46,-78.63,-4.73,-103.13,-30.48,-106.27,-33.62,-73.94,4.59
914,5471.25,5366.50,2,6,-76.67,4.67,90.00,0,-110.14,-inf,-102.41,-27.01,-101.42,-26.01,-81.52,-4.92,-102.67,-27.27,-107.01,-31.61,-76.67,4.67
915,5471.00,5366.50,2,6,-75.63,5.19,90.00,0,-112.59,-inf,-102.40,-27.91,-102.64,-28.15,-80.98,-5.40,-101.52,-27.03,-105.75,-31.27,-75.63,5.19
916,5470.75,5366.50,2,6,-75.68,3.40,90.00,0,-113.35,-inf,-102.09,-28.03,-103.57,-29.52,-79.19,-3.56,-102.04,-27.98,-103.79,-29.74,-75.68,3.40
917,5470.50,5366.50,2,6,-76.77,2.23,90.00,0,-113.26,-inf,-101.56,-26.82,-103.82,-29.08,-79.10,-2.39,-103.11,-28.37,-106.04,-31.31,-76.77,2.23
918,5470.25,5366.50,2,6,-75.53,4.02,90.00,0,-110.48,-inf,-100.46,-26.37,-104.19,-30.10,-79.68,-4.19,-102.78,-28.69,-105.13,-31.04,-75.53,4.02
919,5470.00,5366.50,2,6,-70.51,7.92,90.00,0,-112.90,-inf,-100.42,-30.56,-104.47,-34.61,-78.52,-8.03,-101.77,-31.91,-105.21,-35.35,-70.51,7.92
920,5469.75,5366.50,2,6,-68.70,10.51,90.00,0,-110.99,-inf,-97.81,-29.48,-104.37,-36.04,-79.36,-10.67,-102.25,-33.92,-102.45,-34.12,-68.70,10.51
921,5469.50,5366.50,2,6,-68.84,10.07,90.00,0,-111.47,-inf,-95.82,-27.37,-101.39,-32.96,-79.10,-10.28,-103.67,-35.23,-101.17,-32.73,-68.84,10.07
922,5469.25,5366.50,2,6,-66.95,11.28,90.00,0,-110.06,-inf,-98.22,-31.59,-100.50,-33.86,-78.38,-11.45,-101.68,-35.04,-99.88,-33.24,-66.95,11.28
923,5469.00,5366.50,2,6,-65.74,13.77,90.00,0,-109.70,-44.13,-98.76,-33.20,-101.34,-35.77,-79.73,-13.99,-100.36,-34.80,-99.18,-33.61,-65.74,13.77
924,5468.75,5366.50,2,6,-64.97,15.65,90.00,0,-110.57,-inf,-98.45,-33.59,-101.96,-37.10,-80.87,-15.91,-101.25,-36.40,-100.02,-35.17,-64.97,15.65
925,5468.50,5366.50,2,6,-67.14,13.74,90.00,0,-109.91,-42.95,-97.57,-30.61,-99.65,-32.69,-81.24,-14.11,-98.80,-31.84,-98.98,-32.02,-67.14,13.74
926,5468.25,5366.50,2,6,-65.44,15.96,90.00,0,-109.10,-43.76,-99.29,-33.96,-101.04,-35.71,-81.77,-16.33,-100.86,-35.53,-97.25,-31.91,-65.44,15.96
927,5468.00,5366.50,2,6,-67.17,15.15,90.00,0,-110.24,-inf,-99.27,-32.24,-101.82,-34.78,-82.71,-15.56,-101.33,-34.30,-98.32,-31.28,-67.17,15.15
928,5467.75,5366.50,2,6,-66.24,16.77,90.00,0,-109.34,-43.19,-99.14,-32.99,-105.86,-39.71,-83.38,-17.15,-103.30,-37.15,-99.49,-33.34,-66.24,16.77
929,5467.50,5366.50,2,6,-67.29,17.08,90.00,0,-107.65,-40.45,-97.86,-30.65,-104.85,-37.64,-84.94,-17.66,-102.03,-34.83,-101.29,-34.08,-67.29,17.08
930,5467.25,5366.50,2,6,-67.72,16.26,90.00,0,-108.27,-40.65,-101.06,-33.44,-106.52,-38.90,-84.35,-16.64,-101.31,-33.69,-103.45,-35.83,-67.72,16.26
931,5467.00,5366.50,2,6,-68.31,13.58,90.00,0,-105.43,-37.30,-100.59,-32.46,-105.68,-37.55,-82.14,-13.84,-102.44,-34.31,-101.64,-33.51,-68.31,13.58
932,5466.75,5366.50,2,6,-69.87,11.30,90.00,0,-106.23,-36.67,-98.84,-29.27,-106.59,-37.03,-81.43,-11.57,-100.61,-31.04,-101.49,-31.92,-69.87,11.30
933,5466.50,5366.50,2,6,-69.25,14.56,90.00,0,-106.88,-37.79,-97.40,-28.30,-109.62,-40.52,-84.33,-15.10,-101.54,-32.44,-100.51,-31.41,-69.25,14.56
934,5466.25,5366.50,2,6,-70.10,12.66,90.00,0,-107.14,-37.27,-99.64,-29.76,-110.56,-inf,-83.11,-13.03,-100.27,-30.40,-100.63,-30.76,-70.10,12.66
935,5466.00,5366.50,2,6,-68.12,14.51,90.00,0,-107.92,-39.95,-99.17,-31.20,-108.93,-40.96,-83.02,-14.91,-100.05,-32.08,-99.34,-31.37,-68.12,14.51
936,5465.75,5366.50,2,6,-68.10,14.34,90.00,0,-109.11,-41.17,-99.60,-31.65,-108.82,-40.88,-82.99,-14.91,-98.09,-30.14,-95.39,-27.43,-68.10,14.34
937,5465.50,5366.50,2,6,-68.73,13.56,90.00,0,-105.68,-37.14,-99.85,-31.30,-107.93,-39.38,-82.75,-14.04,-97.68,-29.13,-97.57,-29.02,-68.73,13.56
938,5465.25,5366.50,2,6,-68.68,15.18,90.00,0,-104.41,-35.86,-100.47,-31.91,-108.79,-40.24,-84.54,-15.87,-99.47,-30.92,-96.17,-27.61,-68.68,15.18
939,5465.00,5366.50,2,6,-69.60,14.47,90.00,0,-105.42,-35.97,-100.30,-30.85,-108.23,-38.78,-84.75,-15.18,-100.29,-30.84,-96.28,-26.82,-69.60,14.47
940,5464.75,5366.50,2,6,-72.14,11.01,90.00,0,-105.71,-33.90,-102.18,-30.37,-108.22,-36.41,-83.81,-11.71,-100.31,-28.50,-94.14,-22.31,-72.14,11.01
941,5464.50,5366.50,2,6,-73.43,11.25,90.00,0,-102.59,-29.46,-102.58,-29.45,-106.24,-33.12,-85.63,-12.26,-99.77,-26.64,-94.84,-21.69,-73.43,11.25
942,5464.25,5366.50,2,6,-73.72,11.54,90.00,0,-104.63,-31.21,-104.05,-30.62,-104.59,-31.16,-86.51,-12.86,-98.37,-24.93,-94.12,-20.65,-73.72,11.54
943,5464.00,5366.50,2,6,-72.16,13.55,90.00,0,-102.77,-30.80,-101.02,-29.05,-104.31,-32.34,-88.03,-15.95,-97.86,-25.88,-91.69,-19.67,-72.16,13.55
944,5463.75,5366.50,2,6,-70.82,14.28,90.00,0,-102.45,-31.78,-100.57,-29.90,-104.38,-33.72,-87.32,-16.56,-99.16,-28.49,-90.81,-20.10,-70.82,14.28
945,5463.50,5366.50,2,6,-71.12,16.10,90.00,0,-102.01,-30.99,-99.61,-28.59,-104.84,-33.82,-90.94,-19.89,-100.20,-29.18,-91.60,-20.54,-71.12,16.10
946,5463.25,5366.50,2,6,-71.48,12.88,90.00,0,-99.27,-28.00,-101.34,-30.07,-102.66,-31.39,-87.02,-15.63,-97.20,-25.92,-89.44,-18.11,-71.48,12.88
947,5463.00,5366.50,2,6,-70.46,14.25,90.00,0,-99.58,-29.27,-101.48,-31.18,-101.91,-31.60,-87.42,-17.03,-98.86,-28.55,-89.61,-19.26,-70.46,14.25
948,5462.75,5366.50,2,6,-70.48,14.25,90.00,0,-99.05,-28.72,-101.00,-30.68,-102.14,-31.81,-87.57,-17.16,-98.99,-28.66,-89.49,-19.12,-70.48,14.25
949,5462.50,5366.50,2,6,-70.27,14.99,90.00,0,-100.60,-30.46,-102.78,-32.64,-101.40,-31.27,-87.85,-17.65,-99.60,-29.46,-90.35,-20.18,-70.27,14.99
950,5462.25,5366.50,2,6,-70.76,13.14,90.00,0,-99.83,-29.27,-103.35,-32.79,-100.87,-30.32,-88.15,-17.52,-101.56,-31.01,-86.69,-16.03,-70.76,13.14
951,5462.00,5366.50,2,6,-72.71,12.64,90.00,0,-98.59,-26.10,-105.40,-32.92,-101.90,-29.42,-90.44,-17.89,-101.46,-28.97,-87.93,-15.32,-72.71,12.64
952,5461.75,5366.50,2,6,-72.09,13.28,90.00,0,-101.82,-29.93,-103.84,-31.95,-100.92,-29.02,-90.74,-18.79,-102.89,-31.00,-87.63,-15.63,-72.09,13.28
953,5461.50,5366.50,2,6,-70.72,15.10,90.00,0,-102.58,-31.99,-104.08,-33.49,-102.14,-31.55,-89.99,-19.35,-100.62,-30.03,-88.94,-18.29,-70.72,15.10
954,5461.25,5366.50,2,6,-70.31,14.22,90.00,0,-101.44,-31.29,-103.64,-33.49,-101.44,-31.29,-89.23,-19.03,-102.13,-31.99,-87.03,-16.79,-70.31,14.22
955,5461.00,5366.50,2,6,-69.41,14.50,90.00,0,-102.81,-33.55,-104.00,-34.74,-100.56,-31.30,-86.93,-17.60,-101.14,-31.88,-87.74,-18.43,-69.41,14.50
956,5460.75,5366.50,2,6,-70.59,13.50,90.00,0,-101.88,-31.48,-105.98,-35.58,-98.97,-28.56,-87.81,-17.33,-98.96,-28.55,-87.45,-16.96,-70.59,13.50
957,5460.50,5366.50,2,6,-72.91,11.97,90.00,0,-100.92,-28.27,-107.66,-35.01,-100.07,-27.42,-88.51,-15.75,-97.17,-24.51,-88.70,-15.95,-72.91,11.97
958,5460.25,5366.50,2,6,-71.47,12.65,90.00,0,-102.45,-31.21,-106.90,-35.66,-103.39,-32.15,-87.23,-15.88,-97.25,-26.01,-88.05,-16.72,-71.47,12.65
959,5460.00,5366.50,2,6,-70.37,13.78,90.00,0,-102.16,-31.96,-105.21,-35.02,-101.92,-31.72,-88.35,-18.08,-96.03,-25.83,-87.28,-17.00,-70.37,13.78
960,5459.75,5366.50,2,6,-69.57,13.12,90.00,0,-104.08,-34.72,-102.83,-33.47,-99.11,-29.75,-87.69,-18.27,-95.59,-26.21,-85.10,-15.62,-69.57,13.12
961,5459.50,5366.50,2,6,-68.93,14.41,90.00,0,-102.34,-33.57,-101.93,-33.16,-99.05,-30.28,-88.09,-19.27,-92.63,-23.84,-86.59,-17.74,-68.93,14.41
962,5459.25,5366.50,2,6,-68.16,15.13,90.00,0,-100.28,-32.25,-101.70,-33.67,-99.32,-31.29,-88.38,-20.31,-92.72,-24.67,-86.33,-18.24,-68.16,15.13
963,5459.00,5366.50,2,6,-69.27,14.47,90.00,0,-101.62,-32.50,-102.05,-32.93,-98.10,-28.97,-89.18,-20.02,-94.47,-25.34,-86.43,-17.23,-69.27,14.47
964,5458.75,5366.50,2,6,-68.13,16.49,90.00,0,-101.12,-33.09,-101.52,-33.49,-97.41,-29.37,-91.28,-23.22,-94.99,-26.95,-87.08,-18.99,-68.13,16.49
965,5458.50,5366.50,2,6,-70.03,14.50,90.00,0,-100.89,-31.00,-101.10,-31.21,-97.17,-27.28,-90.93,-21.02,-95.91,-26.02,-86.98,-17.01,-70.03,14.50
966,5458.25,5366.50,2,6,-69.02,16.54,90.00,0,-102.29,-33.37,-100.81,-31.88,-98.64,-29.71,-90.56,-21.60,-96.69,-27.75,-88.83,-19.86,-69.02,16.54
967,5458.00,5366.50,2,6,-71.98,14.24,90.00,0,-102.81,-30.99,-100.71,-28.88,-98.36,-26.54,-90.24,-18.36,-95.71,-23.87,-91.03,-19.16,-71.98,14.24
968,5457.75,5366.50,2,6,-72.05,14.50,90.00,0,-104.33,-32.44,-100.19,-28.28,-99.20,-27.29,-89.51,-17.54,-97.38,-25.48,-92.51,-20.57,-72.05,14.50
969,5457.50,5366.50,2,6,-72.69,13.88,90.00,0,-104.40,-31.88,-100.07,-27.55,-100.27,-27.75,-89.73,-17.13,-98.01,-25.48,-91.86,-19.30,-72.69,13.88
970,5457.25,5366.50,2,6,-71.92,15.15,90.00,0,-103.59,-31.80,-100.64,-28.85,-100.59,-28.80,-89.54,-17.68,-98.43,-26.63,-94.07,-22.26,-71.92,15.15
971,5457.00,5366.50,2,6,-70.78,16.40,90.00,0,-104.54,-33.86,-98.39,-27.70,-100.79,-30.10,-89.96,-19.23,-95.74,-25.05,-95.58,-24.89,-70.78,16.40
972,5456.75,5366.50,2,6,-72.90,14.80,90.00,0,-104.39,-31.62,-98.00,-25.23,-100.80,-28.03,-91.01,-18.19,-95.11,-22.33,-96.55,-23.77,-72.90,14.80
973,5456.50,5366.50,2,6,-72.92,15.44,90.00,0,-104.21,-31.41,-96.25,-23.43,-103.90,-31.09,-92.48,-19.63,-96.04,-23.22,-96.39,-23.58,-72.92,15.44
974,5456.25,5366.50,2,6,-73.68,15.46,90.00,0,-103.88,-30.32,-96.93,-23.36,-104.74,-31.19,-92.99,-19.38,-97.72,-24.15,-97.64,-24.07,-73.68,15.46
975,5456.00,5366.50,2,6,-74.27,14.40,90.00,0,-102.69,-28.57,-97.34,-23.20,-106.57,-32.45,-93.64,-19.48,-96.28,-22.14,-94.81,-20.66,-74.27,14.40
976,5455.75,5366.50,2,6,-74.14,14.62,90.00,0,-103.83,-29.83,-95.33,-21.30,-106.88,-32.89,-94.01,-19.98,-98.38,-24.37,-94.77,-20.74,-74.14,14.62
977,5455.50,5366.50,2,6,-74.46,14.03,90.00,0,-105.39,-31.09,-94.88,-20.55,-106.99,-32.70,-94.68,-20.35,-94.72,-20.39,-95.77,-21.45,-74.46,14.03
978,5455.25,5366.50,2,6,-74.54,13.77,90.00,0,-102.94,-28.57,-92.53,-18.09,-105.52,-31.16,-96.81,-22.42,-96.71,-22.32,-95.01,-20.60,-74.54,13.77
979,5455.00,5366.50,2,6,-75.14,13.26,90.00,0,-103.41,-28.46,-93.59,-18.59,-106.09,-31.14,-94.92,-19.93,-96.80,-21.82,-95.16,-20.17,-75.14,13.26
980,5454.75,5366.50,2,6,-71.77,16.76,90.00,0,-100.28,-28.59,-93.94,-22.24,-107.75,-36.07,-94.93,-23.23,-96.14,-24.44,-96.47,-24.78,-71.77,16.76
981,5454.50,5366.50,2,6,-70.93,16.39,90.00,0,-99.85,-29.01,-93.87,-23.01,-107.58,-36.75,-94.49,-23.64,-92.11,-21.25,-95.98,-25.13,-70.93,16.39
982,5454.25,5366.50,2,6,-69.63,18.36,90.00,0,-99.30,-29.73,-94.13,-24.55,-107.24,-37.67,-95.64,-26.06,-93.08,-23.49,-96.98,-27.41,-69.63,18.36
983,5454.00,5366.50,2,6,-68.43,18.43,90.00,0,-98.14,-29.77,-93.12,-24.73,-103.90,-35.52,-95.50,-27.12,-91.74,-23.34,-94.92,-26.54,-68.43,18.43
984,5453.75,5366.50,2,6,-68.81,17.62,90.00,0,-96.55,-27.80,-94.01,-25.26,-103.61,-34.87,-93.96,-25.20,-91.73,-22.97,-93.57,-24.82,-68.81,17.62
985,5453.50,5366.50,2,6,-68.61,17.55,90.00,0,-96.00,-27.46,-93.32,-24.77,-104.53,-35.99,-92.96,-24.41,-93.35,-24.80,-92.22,-23.67,-68.61,17.55
986,5453.25,5366.50,2,6,-69.76,16.23,90.00,0,-92.63,-22.95,-93.25,-23.58,-102.67,-33.01,-95.70,-26.03,-91.46,-21.78,-94.44,-24.77,-69.76,16.23
987,5453.00,5366.50,2,6,-70.80,13.59,90.00,0,-92.80,-22.16,-92.94,-22.30,-105.85,-35.23,-94.49,-23.85,-87.34,-16.63,-95.54,-24.91,-70.80,13.59
988,5452.75,5366.50,2,6,-70.81,13.09,90.00,0,-94.51,-23.89,-93.67,-23.05,-105.15,-34.54,-92.21,-21.58,-86.24,-15.52,-97.33,-26.72,-70.81,13.09
989,5452.50,5366.50,2,6,-72.97,12.08,90.00,0,-96.63,-23.90,-95.91,-23.19,-108.18,-35.48,-94.08,-21.34,-87.19,-14.33,-96.18,-23.45,-72.97,12.08
990,5452.25,5366.50,2,6,-73.02,10.41,90.00,0,-95.42,-22.75,-96.32,-23.66,-105.37,-32.73,-95.08,-22.41,-84.76,-11.84,-96.26,-23.60,-73.02,10.41
991,5452.00,5366.50,2,6,-72.12,10.51,90.00,0,-95.68,-23.91,-93.90,-22.12,-108.72,-36.96,-95.48,-23.71,-83.74,-11.71,-98.13,-26.37,-72.12,10.51
992,5451.75,5366.50,2,6,-72.75,9.17,90.00,0,-95.95,-23.68,-95.85,-23.58,-107.55,-35.29,-94.05,-21.77,-82.79,-10.14,-98.28,-26.02,-72.75,9.17
993,5451.50,5366.50,2,6,-74.85,6.11,90.00,0,-96.75,-22.84,-96.54,-22.62,-109.47,-35.57,-96.58,-22.66,-81.47,-6.74,-98.87,-24.96,-74.85,6.11
994,5451.25,5366.50,2,6,-77.01,5.23,90.00,0,-97.72,-21.82,-97.62,-21.72,-109.63,-33.76,-96.00,-20.09,-82.88,-6.04,-99.39,-23.50,-77.01,5.23
995,5451.00,5366.50,2,6,-76.61,4.96,90.00,0,-98.07,-22.65,-97.72,-22.29,-109.10,-33.70,-97.27,-21.84,-82.06,-5.60,-99.24,-23.82,-76.61,4.96
996,5450.75,5366.50,2,6,-76.57,4.74,90.00,0,-98.25,-22.92,-97.50,-22.16,-109.72,-34.41,-96.93,-21.59,-81.76,-5.33,-100.35,-25.03,-76.57,4.74
997,5450.50,5366.50,2,6,-78.52,3.62,90.00,0,-98.16,-21.17,-98.24,-21.26,-110.57,-inf,-98.09,-21.10,-82.62,-4.29,-101.20,-24.23,-78.52,3.62
998,5450.25,5366.50,2,6,-79.27,1.26,90.00,0,-99.53,-22.67,-98.84,-21.97,-111.54,-inf,-94.21,-17.28,-80.94,-1.96,-100.96,-24.10,-79.27,1.26
999,5450.00,5366.50,2,6,-79.44,0.46,90.00,0,-103.38,-26.71,-101.63,-24.96,-110.69,-inf,-95.06,-18.34,-80.18,-0.96,-100.21,-23.54,-79.44,0.46
1000,5449.75,5366.50,2,6,-82.38,-1.19,90.00,0,-102.64,-23.89,-104.55,-25.80,-110.26,-inf,-91.62,-12.65,-81.81,-0.14,-98.46,-19.68,-82.38,-1.19
1001,5449.50,5366.50,2,6,-80.62,0.58,90.00,0,-103.51,-25.60,-107.71,-29.81,-111.38,-inf,-89.23,-11.01,-82.12,-2.18,-100.02,-22.10,-80.62,0.58
1002,5449.25,5366.50,2,6,-81.79,1.22,90.00,0,-103.34,-23.98,-106.57,-27.21,-112.30,-inf,-88.63,-8.74,-84.89,-4.13,-96.54,-17.11,-81.79,1.22
1003,5449.00,5366.50,2,6,-85.60,-3.02,90.00,0,-103.81,-22.96,-111.40,-inf,-112.88,-inf,-86.92,-4.86,-85.10,-2.23,-96.14,-15.18,-85.60,-3.02
1004,5448.75,5366.50,2,6,-86.10,-2.99,90.00,0,-105.82,-24.46,-110.47,-inf,-114.86,-inf,-89.12,-6.98,-84.97,-1.15,-94.64,-13.08,-86.10,-2.99
1005,5448.50,5366.50,2,6,-85.07,-1.97,90.00,0,-104.76,-23.78,-109.70,-28.74,-116.21,-inf,-89.95,-8.41,-84.65,-1.27,-94.96,-13.82,-85.07,-1.97
1006,5448.25,5366.50,2,6,-84.74,-2.53,90.00,0,-101.75,-21.43,-108.19,-27.89,-114.01,-inf,-86.83,-5.46,-84.55,-2.23,-96.07,-15.67,-84.74,-2.53
1007,5448.00,5366.50,2,6,-84.47,-1.86,90.00,0,-102.85,-22.40,-109.67,-29.23,-116.87,-inf,-87.04,-5.54,-84.89,-2.54,-99.96,-19.48,-84.47,-1.86
1008,5447.75,5366.50,2,6,-84.54,-1.57,90.00,0,-104.15,-23.45,-110.30,-inf,-116.75,-inf,-86.11,-3.96,-86.31,-4.25,-99.30,-18.57,-84.54,-1.57
1009,5447.50,5366.50,2,6,-84.74,-3.65,90.00,0,-105.41,-25.86,-109.22,-29.67,-114.94,-inf,-83.25,-1.31,-85.48,-4.67,-101.76,-22.20,-84.74,-3.65
1010,5447.25,5366.50,2,6,-85.35,-3.82,90.00,0,-106.92,-26.89,-109.05,-29.02,-113.92,-inf,-83.56,-0.99,-86.16,-4.93,-101.64,-21.58,-85.35,-3.82
1011,5447.00,5366.50,2,3,-82.41,0.88,90.00,1,-107.88,-28.05,-109.84,-30.01,-115.77,-inf,-82.41,0.88,-86.31,-5.39,-102.57,-22.72,-86.64,-5.81
1012,5446.75,5366.50,2,3,-82.56,0.79,90.00,0,-109.32,-29.39,-110.04,-inf,-114.80,-inf,-82.56,0.79,-86.82,-5.91,-103.70,-23.76,-86.21,-5.12
1013,5446.50,5366.50,2,3,-83.14,0.62,90.00,0,-108.09,-27.65,-111.60,-inf,-112.35,-inf,-83.14,0.62,-86.31,-4.58,-102.32,-21.86,-87.72,-6.40
1014,5446.25,5366.50,2,3,-84.58,-0.63,90.00,0,-105.76,-24.50,-110.28,-inf,-113.27,-inf,-84.58,-0.63,-86.98,-4.39,-105.47,-24.21,-87.29,-4.80
1015,5446.00,5366.50,2,3,-84.49,0.34,90.00,0,-106.49,-24.83,-110.09,-inf,-115.73,-inf,-84.49,0.34,-88.89,-6.35,-106.30,-24.64,-87.31,-4.30
1016,5445.75,5366.50,2,3,-84.25,1.64,90.00,0,-106.20,-24.20,-106.08,-24.08,-114.18,-inf,-84.25,1.64,-92.68,-10.31,-105.27,-23.27,-87.31,-3.81
1017,5445.50,5366.50,2,3,-84.51,1.00,90.00,0,-106.54,-24.56,-104.62,-22.62,-113.33,-inf,-84.51,1.00,-92.68,-10.32,-103.69,-21.69,-86.83,-3.15
1018,5445.25,5366.50,2,3,-84.16,-0.33,90.00,0,-107.99,-27.00,-103.56,-22.56,-110.37,-inf,-84.16,-0.33,-90.75,-9.28,-103.13,-22.13,-85.10,-1.99
1019,5445.00,5366.50,2,3,-85.01,-1.68,90.00,0,-108.87,-27.79,-103.85,-22.76,-111.35,-inf,-85.01,-1.68,-90.06,-8.40,-102.90,-21.80,-84.61,-0.99
1020,5444.75,5366.50,2,3,-86.10,-2.19,90.00,0,-110.26,-inf,-101.19,-19.28,-111.55,-inf,-86.10,-2.19,-92.98,-10.77,-100.49,-18.57,-84.82,0.10
1021,5444.50,5366.50,2,3,-86.59,-2.70,90.00,0,-108.11,-26.07,-101.00,-18.93,-111.41,-inf,-86.59,-2.70,-91.76,-9.25,-99.21,-17.10,-85.08,-0.10
1022,5444.25,5366.50,2,3,-86.95,-2.50,90.00,0,-106.39,-23.86,-102.29,-19.72,-112.07,-inf,-86.95,-2.50,-92.79,-9.84,-98.72,-16.10,-85.62,-0.18
1023,5444.00,5366.50,2,6,-85.63,1.18,90.00,1,-106.72,-23.52,-101.54,-18.30,-111.56,-inf,-89.34,-4.96,-91.99,-8.20,-100.38,-17.12,-85.63,1.18
1024,5443.75,5366.50,2,6,-85.38,1.40,90.00,0,-106.24,-23.20,-103.42,-20.36,-112.02,-inf,-89.48,-5.35,-91.25,-7.53,-102.77,-19.71,-85.38,1.40
1025,5443.50,5366.50,2,6,-85.07,-1.07,90.00,0,-105.97,-24.46,-105.57,-24.06,-113.08,-inf,-84.78,-0.53,-93.40,-11.62,-104.08,-22.56,-85.07,-1.07
1026,5443.25,5366.50,2,6,-84.70,-0.50,90.00,0,-104.46,-23.01,-103.48,-22.03,-113.56,-inf,-85.00,-1.05,-93.69,-11.99,-104.85,-23.40,-84.70,-0.50
1027,5443.00,5366.50,2,6,-83.51,3.52,90.00,0,-104.94,-23.01,-104.85,-22.91,-111.75,-inf,-88.66,-5.72,-93.81,-11.60,-104.01,-22.07,-83.51,3.52
1028,5442.75,5366.50,2,6,-81.49,5.26,90.00,0,-102.85,-22.47,-107.01,-26.64,-110.95,-inf,-87.99,-6.82,-95.03,-14.52,-104.07,-23.70,-81.49,5.26
1029,5442.50,5366.50,2,6,-79.69,7.72,90.00,0,-103.19,-24.17,-106.05,-27.03,-108.34,-29.33,-88.49,-8.97,-97.44,-18.37,-104.69,-25.67,-79.69,7.72
1030,5442.25,5366.50,2,6,-79.25,8.54,90.00,0,-104.71,-26.01,-109.25,-30.56,-107.99,-29.30,-88.97,-9.86,-97.10,-18.35,-104.11,-25.42,-79.25,8.54
1031,5442.00,5366.50,2,6,-79.08,7.77,90.00,0,-101.70,-23.27,-109.58,-31.17,-104.86,-26.44,-87.97,-9.05,-96.48,-18.01,-104.91,-26.50,-79.08,7.77
1032,5441.75,5366.50,2,6,-81.30,4.57,90.00,0,-100.73,-20.70,-109.91,-29.90,-105.50,-25.49,-87.00,-6.03,-94.82,-14.67,-103.97,-23.95,-81.30,4.57
1033,5441.50,5366.50,2,6,-80.97,5.03,90.00,0,-101.06,-21.25,-111.25,-inf,-108.95,-29.17,-86.98,-6.28,-95.40,-15.50,-105.61,-25.81,-80.97,5.03
1034,5441.25,5366.50,2,6,-82.52,2.82,90.00,0,-99.76,-19.01,-109.44,-28.74,-112.84,-inf,-86.41,-4.35,-94.38,-13.49,-102.77,-22.05,-82.52,2.82
1035,5441.00,5366.50,2,6,-81.32,3.31,90.00,0,-100.77,-21.08,-109.36,-29.70,-111.38,-inf,-85.69,-4.78,-92.98,-13.11,-103.84,-24.17,-81.32,3.31
1036,5440.75,5366.50,2,6,-80.23,4.89,90.00,0,-100.69,-21.65,-109.44,-30.42,-112.36,-inf,-86.78,-6.98,-91.64,-12.38,-100.22,-21.17,-80.23,4.89
1037,5440.50,5366.50,2,6,-78.85,4.94,90.00,0,-98.80,-21.12,-108.46,-30.81,-112.83,-inf,-84.94,-6.40,-92.31,-14.51,-98.79,-21.11,-78.85,4.94
1038,5440.25,5366.50,2,6,-78.32,6.76,90.00,0,-100.53,-23.02,-105.76,-28.27,-113.85,-inf,-86.38,-8.29,-93.73,-16.14,-97.90,-20.37,-78.32,6.76
1039,5440.00,5366.50,2,6,-77.49,7.96,90.00,0,-99.60,-22.73,-106.10,-29.24,-113.04,-inf,-86.76,-9.45,-95.52,-18.62,-96.36,-19.46,-77.49,7.96
1040,5439.75,5366.50,2,6,-77.41,8.84,90.00,0,-100.43,-23.53,-106.55,-29.67,-114.79,-inf,-88.40,-11.20,-93.43,-16.46,-95.89,-18.95,-77.41,8.84
1041,5439.50,5366.50,2,6,-77.14,9.20,90.00,0,-102.94,-26.28,-107.28,-30.63,-115.91,-inf,-88.22,-11.25,-94.74,-18.03,-95.11,-18.40,-77.14,9.20
1042,5439.25,5366.50,2,6,-76.76,9.17,90.00,0,-104.46,-28.19,-107.55,-31.28,-116.05,-inf,-88.63,-12.11,-93.14,-16.79,-92.62,-16.25,-76.76,9.17
1043,5439.00,5366.50,2,6,-77.81,8.74,90.00,0,-103.62,-26.35,-106.90,-29.63,-118.56,-inf,-89.74,-12.22,-92.31,-14.91,-93.98,-16.62,-77.81,8.74
1044,5438.75,5366.50,2,6,-77.28,9.55,90.00,0,-103.84,-27.00,-107.89,-31.06,-120.41,-inf,-90.22,-13.19,-94.09,-17.19,-92.39,-15.44,-77.28,9.55
1045,5438.50,5366.50,2,6,-77.43,9.20,90.00,0,-104.38,-27.44,-108.45,-31.51,-121.71,-inf,-90.53,-13.40,-92.02,-14.95,-92.94,-15.90,-77.43,9.20
1046,5438.25,5366.50,2,6,-76.45,9.93,90.00,0,-105.53,-29.50,-107.94,-31.90,-121.76,-inf,-89.92,-13.71,-91.39,-15.23,-93.84,-17.74,-76.45,9.93
1047,5438.00,5366.50,2,6,-77.58,8.31,90.00,0,-105.58,-28.59,-107.89,-30.90,-119.37,-inf,-89.67,-12.45,-90.91,-13.74,-92.69,-15.58,-77.58,8.31
1048,5437.75,5366.50,2,6,-76.99,8.04,90.00,0,-101.60,-25.23,-107.22,-30.86,-120.00,-inf,-86.68,-9.90,-92.68,-16.22,-95.84,-19.43,-76.99,8.04
1049,5437.50,5366.50,2,6,-75.24,8.44,90.00,0,-103.72,-29.06,-105.78,-31.12,-119.21,-inf,-84.64,-9.53,-93.71,-19.00,-95.88,-21.19,-75.24,8.44
1050,5437.25,5366.50,2,6,-77.21,5.66,90.00,0,-103.53,-27.36,-104.75,-28.58,-117.18,-inf,-83.64,-6.62,-93.42,-17.17,-96.96,-20.76,-77.21,5.66
1051,5437.00,5366.50,2,6,-77.01,6.88,90.00,0,-103.82,-27.62,-107.02,-30.82,-116.17,-inf,-85.03,-8.22,-92.91,-16.62,-95.76,-19.51,-77.01,6.88
1052,5436.75,5366.50,2,6,-77.44,6.77,90.00,0,-103.93,-27.31,-109.54,-32.93,-116.78,-inf,-86.29,-9.19,-90.34,-13.54,-94.32,-17.63,-77.44,6.77
1053,5436.50,5366.50,2,6,-76.03,6.88,90.00,0,-102.75,-27.52,-106.53,-31.30,-118.17,-inf,-85.16,-9.47,-88.21,-12.76,-94.20,-18.92,-76.03,6.88
1054,5436.25,5366.50,2,6,-74.81,8.31,90.00,0,-100.90,-26.68,-105.85,-31.64,-117.62,-inf,-86.55,-12.08,-86.81,-12.35,-94.25,-19.99,-74.81,8.31
1055,5436.00,5366.50,2,6,-73.60,9.83,90.00,0,-102.83,-29.66,-106.93,-33.76,-119.91,-inf,-86.33,-12.94,-87.70,-14.38,-94.71,-21.51,-73.60,9.83
1056,5435.75,5366.50,2,6,-72.85,8.48,90.00,0,-104.87,-32.59,-106.25,-33.97,-118.26,-inf,-83.48,-10.86,-87.35,-14.93,-90.62,-18.29,-72.85,8.48
1057,5435.50,5366.50,2,6,-72.69,9.87,90.00,0,-104.43,-32.16,-107.72,-35.46,-119.10,-inf,-85.68,-13.21,-88.30,-15.93,-89.19,-16.83,-72.69,9.87
1058,5435.25,5366.50,2,6,-71.08,10.61,90.00,0,-103.68,-32.96,-107.58,-36.86,-116.27,-inf,-83.46,-12.51,-88.21,-17.42,-92.17,-21.42,-71.08,10.61
1059,5435.00,5366.50,2,6,-71.00,12.77,90.00,0,-102.77,-31.99,-107.62,-36.84,-117.63,-inf,-86.70,-15.81,-89.17,-18.33,-91.67,-20.86,-71.00,12.77
1060,5434.75,5366.50,2,6,-69.05,14.62,90.00,0,-102.86,-33.95,-107.99,-39.09,-118.86,-inf,-86.05,-17.07,-89.06,-20.11,-93.92,-25.00,-69.05,14.62
1061,5434.50,5366.50,2,6,-70.77,13.15,90.00,0,-103.22,-32.66,-109.86,-39.30,-120.66,-inf,-85.88,-15.19,-90.09,-19.48,-94.72,-24.15,-70.77,13.15
1062,5434.25,5366.50,2,6,-72.73,10.88,90.00,0,-100.90,-28.50,-109.39,-37.00,-118.71,-inf,-85.38,-12.76,-90.55,-18.09,-94.19,-21.77,-72.73,10.88
1063,5434.00,5366.50,2,6,-74.41,10.00,90.00,0,-99.01,-25.00,-109.64,-35.64,-118.82,-inf,-86.47,-12.22,-90.82,-16.73,-95.17,-21.14,-74.41,10.00
1064,5433.75,5366.50,2,6,-73.68,11.05,90.00,0,-98.08,-24.71,-108.78,-35.42,-120.87,-inf,-87.08,-13.53,-90.82,-17.38,-95.18,-21.80,-73.68,11.05
1065,5433.50,5366.50,2,6,-73.71,9.94,90.00,0,-100.80,-27.50,-107.63,-34.33,-120.60,-inf,-86.05,-12.52,-88.67,-15.26,-95.73,-22.41,-73.71,9.94
1066,5433.25,5366.50,2,6,-73.01,9.44,90.00,0,-102.89,-30.34,-107.35,-34.81,-116.19,-inf,-85.49,-12.72,-85.96,-13.22,-98.02,-25.46,-73.01,9.44
1067,5433.00,5366.50,2,6,-75.31,7.48,90.00,0,-102.47,-27.87,-106.71,-32.11,-118.62,-inf,-88.04,-13.24,-84.72,-9.68,-98.59,-23.98,-75.31,7.48
1068,5432.75,5366.50,2,6,-74.12,8.57,90.00,0,-101.35,-27.78,-107.97,-34.41,-117.11,-inf,-87.83,-14.10,-84.60,-10.69,-101.32,-27.75,-74.12,8.57
1069,5432.50,5366.50,2,6,-74.28,9.53,90.00,0,-102.55,-28.72,-110.70,-inf,-117.48,-inf,-90.27,-16.35,-85.23,-11.09,-101.84,-28.02,-74.28,9.53
1070,5432.25,5366.50,2,6,-73.88,11.68,90.00,0,-101.45,-27.85,-109.91,-36.31,-117.43,-inf,-91.40,-17.73,-87.48,-13.70,-100.80,-27.19,-73.88,11.68
1071,5432.00,5366.50,2,6,-75.39,9.58,90.00,0,-100.82,-25.87,-112.56,-inf,-116.70,-inf,-93.73,-18.73,-86.05,-10.76,-100.36,-25.41,-75.39,9.58
1072,5431.75,5366.50,2,6,-77.27,7.80,90.00,0,-104.66,-28.05,-113.02,-inf,-116.35,-inf,-93.39,-16.70,-86.79,-9.75,-93.69,-17.00,-77.27,7.80
1073,5431.50,5366.50,2,6,-77.44,8.55,90.00,0,-104.72,-27.84,-112.57,-inf,-116.79,-inf,-95.03,-18.10,-87.99,-10.77,-93.18,-16.21,-77.44,8.55
1074,5431.25,5366.50,2,6,-76.96,8.66,90.00,0,-107.23,-30.82,-110.54,-inf,-117.46,-inf,-95.25,-18.80,-87.04,-10.25,-94.52,-18.05,-76.96,8.66
1075,5431.00,5366.50,2,6,-76.47,9.89,90.00,0,-106.50,-30.45,-112.23,-inf,-116.71,-inf,-94.30,-18.19,-88.10,-11.78,-95.66,-19.56,-76.47,9.89
1076,5430.75,5366.50,2,6,-78.22,7.89,90.00,0,-105.90,-28.33,-113.64,-inf,-116.18,-inf,-91.03,-13.26,-88.56,-10.64,-98.47,-20.86,-78.22,7.89
1077,5430.50,5366.50,2,6,-77.79,8.87,90.00,0,-106.17,-28.90,-114.58,-inf,-115.75,-inf,-91.56,-14.14,-89.03,-11.46,-100.81,-23.53,-77.79,8.87
1078,5430.25,5366.50,2,6,-75.92,11.00,90.00,0,-104.24,-28.65,-116.80,-inf,-114.54,-inf,-91.94,-16.25,-89.25,-13.47,-101.63,-26.04,-75.92,11.00
1079,5430.00,5366.50,2,6,-75.05,11.42,90.00,0,-101.20,-26.45,-116.98,-inf,-111.21,-inf,-90.32,-15.45,-89.68,-14.79,-101.27,-26.51,-75.05,11.42
1080,5429.75,5366.50,2,6,-72.99,13.13,90.00,0,-100.42,-27.63,-117.28,-inf,-110.60,-inf,-89.27,-16.39,-90.08,-17.22,-100.37,-27.58,-72.99,13.13
1081,5429.50,5366.50,2,6,-74.65,9.69,90.00,0,-98.10,-23.87,-114.85,-inf,-110.22,-inf,-86.51,-12.03,-89.61,-15.27,-100.29,-26.07,-74.65,9.69
1082,5429.25,5366.50,2,6,-73.63,11.75,90.00,0,-99.26,-25.90,-113.91,-inf,-113.08,-inf,-89.10,-15.64,-88.62,-15.14,-101.11,-27.76,-73.63,11.75
1083,5429.00,5366.50,2,6,-74.25,11.38,90.00,0,-101.18,-27.22,-112.31,-inf,-112.42,-inf,-90.22,-16.17,-88.19,-14.08,-100.36,-26.41,-74.25,11.38
1084,5428.75,5366.50,2,6,-73.26,12.27,90.00,0,-103.89,-30.88,-112.71,-inf,-112.88,-inf,-89.85,-16.75,-88.04,-14.90,-102.55,-29.54,-73.26,12.27
1085,5428.50,5366.50,2,6,-72.75,12.00,90.00,0,-102.88,-30.39,-114.14,-inf,-111.90,-inf,-88.90,-16.31,-87.30,-14.67,-103.46,-30.97,-72.75,12.00
1086,5428.25,5366.50,2,6,-70.89,11.22,90.00,0,-102.01,-31.43,-114.72,-inf,-108.33,-37.76,-86.87,-16.20,-84.11,-13.35,-103.04,-32.46,-70.89,11.22
1087,5428.00,5366.50,2,6,-70.50,11.61,90.00,0,-101.49,-31.28,-116.42,-inf,-108.19,-37.99,-87.79,-17.51,-83.69,-13.28,-105.76,-35.55,-70.50,11.61
1088,5427.75,5366.50,2,6,-70.50,11.54,90.00,0,-98.08,-27.87,-119.40,-inf,-109.59,-39.38,-85.58,-15.25,-84.97,-14.61,-104.43,-34.22,-70.50,11.54
1089,5427.50,5366.50,2,6,-69.19,12.22,90.00,0,-99.10,-30.16,-120.38,-inf,-107.99,-39.06,-85.14,-16.10,-84.09,-15.02,-105.13,-36.19,-69.19,12.22
1090,5427.25,5366.50,2,6,-70.01,11.35,90.00,0,-102.60,-32.90,-118.68,-inf,-109.28,-39.58,-85.37,-15.55,-83.75,-13.87,-105.25,-35.55,-70.01,11.35
1091,5427.00,5366.50,2,6,-69.79,10.00,90.00,0,-100.88,-31.51,-117.74,-inf,-113.44,-inf,-83.87,-14.34,-82.08,-12.47,-105.89,-36.52,-69.79,10.00
1092,5426.75,5366.50,2,6,-73.07,7.86,90.00,0,-99.95,-27.53,-118.10,-inf,-115.52,-inf,-85.32,-12.68,-83.09,-10.30,-104.82,-32.41,-73.07,7.86
1093,5426.50,5366.50,2,6,-73.36,8.56,90.00,0,-100.08,-27.28,-119.18,-inf,-116.54,-inf,-84.64,-11.55,-85.64,-12.61,-102.88,-30.07,-73.36,8.56
1094,5426.25,5366.50,2,6,-72.58,7.80,90.00,0,-99.50,-27.58,-122.23,-inf,-114.78,-inf,-84.75,-12.61,-82.56,-10.25,-102.35,-30.44,-72.58,7.80
1095,5426.00,5366.50,2,6,-71.16,8.72,90.00,0,-99.26,-28.64,-121.90,-inf,-116.32,-inf,-85.98,-15.24,-81.25,-10.25,-103.29,-32.68,-71.16,8.72
1096,5425.75,5366.50,2,6,-71.91,7.02,90.00,0,-101.26,-30.13,-123.16,-inf,-113.97,-inf,-86.40,-15.14,-79.88,-8.13,-106.30,-35.17,-71.91,7.02
1097,5425.50,5366.50,2,6,-70.33,7.74,90.00,0,-101.45,-31.79,-123.00,-inf,-114.51,-inf,-88.43,-18.72,-78.55,-8.30,-106.15,-36.49,-70.33,7.74
1098,5425.25,5366.50,2,6,-71.23,4.76,90.00,0,-101.63,-31.66,-120.85,-inf,-113.69,-inf,-87.32,-17.27,-76.35,-5.24,-106.10,-36.12,-71.23,4.76
1099,5425.00,5366.50,2,6,-71.74,4.42,90.00,0,-101.59,-31.18,-120.85,-inf,-117.11,-inf,-85.22,-14.67,-76.78,-5.24,-105.86,-35.46,-71.74,4.42
1100,5424.75,5366.50,2,6,-70.17,5.71,90.00,0,-100.97,-31.83,-118.83,-inf,-119.99,-inf,-85.26,-16.02,-76.45,-6.42,-110.14,-inf,-70.17,5.71
1101,5424.50,5366.50,2,6,-67.07,9.14,90.00,0,-99.80,-33.23,-118.60,-inf,-119.19,-inf,-84.21,-17.57,-77.00,-10.02,-109.84,-43.28,-67.07,9.14
1102,5424.25,5366.50,2,6,-67.26,10.32,90.00,0,-99.78,-32.91,-118.58,-inf,-121.22,-inf,-87.37,-20.45,-78.12,-10.91,-106.85,-39.98,-67.26,10.32
1103,5424.00,5366.50,2,6,-67.83,10.71,90.00,0,-100.70,-33.22,-118.98,-inf,-123.68,-inf,-90.97,-23.47,-78.87,-11.06,-104.08,-36.60,-67.83,10.71
1104,5423.75,5366.50,2,6,-68.88,9.27,90.00,0,-99.10,-30.69,-122.10,-inf,-122.71,-inf,-92.02,-23.60,-78.42,-9.56,-102.27,-33.87,-68.88,9.27
1105,5423.50,5366.50,2,6,-67.35,12.89,90.00,0,-100.55,-33.42,-122.47,-inf,-122.69,-inf,-94.71,-27.57,-80.53,-13.19,-101.94,-34.81,-67.35,12.89
1106,5423.25,5366.50,2,6,-66.86,13.52,90.00,0,-99.19,-32.52,-124.78,-inf,-121.84,-inf,-95.21,-28.54,-80.66,-13.81,-102.32,-35.65,-66.86,13.52
1107,5423.00,5366.50,2,6,-66.87,14.76,90.00,0,-98.73,-31.99,-125.24,-inf,-119.47,-inf,-95.31,-28.57,-82.01,-15.15,-104.05,-37.32,-66.87,14.76
1108,5422.75,5366.50,2,6,-66.81,15.60,90.00,0,-96.13,-29.43,-125.24,-inf,-118.95,-inf,-94.36,-27.66,-83.07,-16.27,-100.74,-34.04,-66.81,15.60
1109,5422.50,5366.50,2,6,-66.23,15.56,90.00,0,-93.18,-27.07,-124.03,-inf,-117.74,-inf,-96.35,-30.24,-82.44,-16.23,-99.47,-33.36,-66.23,15.56
1110,5422.25,5366.50,2,6,-65.66,17.42,90.00,0,-95.24,-29.65,-122.78,-inf,-115.69,-inf,-94.49,-28.90,-83.97,-18.32,-98.09,-32.50,-65.66,17.42
1111,5422.00,5366.50,2,6,-64.38,17.91,90.00,0,-94.95,-30.63,-121.88,-inf,-116.91,-inf,-93.68,-29.36,-83.16,-18.80,-96.40,-32.09,-64.38,17.91
1112,5421.75,5366.50,2,6,-63.65,19.47,90.00,0,-95.74,-32.14,-121.38,-inf,-116.70,-inf,-91.05,-27.45,-84.62,-20.98,-95.64,-32.04,-63.65,19.47
1113,5421.50,5366.50,2,6,-63.87,19.63,90.00,0,-96.03,-32.21,-122.16,-inf,-114.44,-inf,-89.83,-26.00,-85.53,-21.68,-95.55,-31.73,-63.87,19.63
1114,5421.25,5366.50,2,6,-62.75,21.00,90.00,0,-93.77,-31.05,-123.51,-inf,-116.33,-inf,-89.40,-26.68,-86.49,-23.75,-95.11,-32.39,-62.75,21.00
1115,5421.00,5366.50,2,6,-63.47,19.89,90.00,0,-95.36,-31.93,-119.00,-inf,-116.83,-inf,-90.79,-27.36,-85.67,-22.22,-91.65,-28.21,-63.47,19.89
1116,5420.75,5366.50,2,6,-63.77,18.82,90.00,0,-93.91,-30.19,-118.99,-inf,-115.95,-inf,-92.95,-29.23,-84.20,-20.45,-91.60,-27.88,-63.77,18.82
1117,5420.50,5366.50,2,6,-65.72,17.52,90.00,0,-94.42,-28.77,-118.99,-inf,-118.00,-inf,-91.46,-25.80,-85.26,-19.57,-92.33,-26.68,-65.72,17.52
1118,5420.25,5366.50,2,6,-67.01,17.49,90.00,0,-95.67,-28.73,-116.90,-inf,-113.79,-inf,-91.45,-24.51,-87.76,-20.79,-91.04,-24.10,-67.01,17.49
1119,5420.00,5366.50,2,6,-67.67,17.96,90.00,0,-97.76,-30.15,-116.38,-inf,-114.25,-inf,-91.30,-23.67,-88.94,-21.30,-93.47,-25.85,-67.67,17.96
1120,5419.75,5366.50,2,6,-66.77,18.12,90.00,0,-95.98,-29.28,-114.69,-inf,-113.37,-inf,-88.66,-21.94,-91.69,-24.98,-90.67,-23.96,-66.77,18.12
1121,5419.50,5366.50,2,6,-66.40,18.40,90.00,0,-97.03,-30.68,-112.45,-inf,-112.09,-inf,-88.42,-22.05,-91.80,-25.45,-90.41,-24.05,-66.40,18.40
1122,5419.25,5366.50,2,6,-66.49,19.08,90.00,0,-100.30,-33.86,-114.79,-inf,-111.04,-inf,-87.97,-21.50,-92.58,-26.14,-93.66,-27.22,-66.49,19.08
1123,5419.00,5366.50,2,6,-66.17,17.40,90.00,0,-100.42,-34.33,-115.52,-inf,-110.80,-inf,-85.11,-18.97,-90.60,-24.50,-95.83,-29.74,-66.17,17.40
1124,5418.75,5366.50,2,6,-68.64,14.14,90.00,0,-97.03,-28.55,-114.88,-inf,-107.97,-39.49,-83.87,-15.26,-91.65,-23.15,-97.62,-29.14,-68.64,14.14
1125,5418.50,5366.50,2,6,-66.49,17.03,90.00,0,-97.80,-31.38,-115.50,-inf,-107.03,-40.62,-84.28,-17.80,-94.51,-28.09,-101.49,-35.08,-66.49,17.03
1126,5418.25,5366.50,2,6,-68.82,14.52,90.00,0,-97.28,-28.61,-115.42,-inf,-108.51,-39.84,-84.08,-15.29,-94.69,-26.02,-100.21,-31.54,-68.82,14.52
1127,5418.00,5366.50,2,6,-68.97,15.20,90.00,0,-95.58,-26.73,-114.06,-inf,-111.54,-inf,-85.49,-16.55,-92.73,-23.87,-100.34,-31.50,-68.97,15.20
1128,5417.75,5366.50,2,6,-67.69,17.89,90.00,0,-93.58,-25.95,-112.98,-inf,-111.73,-inf,-87.86,-20.20,-92.95,-25.32,-100.72,-33.10,-67.69,17.89
1129,5417.50,5366.50,2,6,-66.78,19.42,90.00,0,-94.12,-27.38,-115.55,-inf,-111.76,-inf,-89.05,-22.29,-92.12,-25.37,-103.04,-36.30,-66.78,19.42
1130,5417.25,5366.50,2,6,-65.93,19.45,90.00,0,-95.38,-29.49,-114.26,-inf,-110.33,-inf,-88.05,-22.14,-90.41,-24.51,-105.43,-39.55,-65.93,19.45
1131,5417.00,5366.50,2,6,-62.42,22.93,90.00,0,-95.02,-32.62,-115.96,-inf,-108.96,-46.56,-87.56,-25.16,-91.43,-29.03,-106.88,-44.49,-62.42,22.93
1132,5416.75,5366.50,2,6,-58.62,25.79,90.00,0,-93.49,-34.87,-115.31,-inf,-107.74,-49.13,-86.65,-28.03,-90.62,-32.00,-106.41,-47.80,-58.62,25.79
1133,5416.50,5366.50,2,6,-57.34,28.50,90.00,0,-94.10,-36.76,-113.97,-inf,-105.81,-48.48,-88.69,-31.35,-91.54,-34.20,-104.69,-47.35,-57.34,28.50
1134,5416.25,5366.50,2,6,-57.15,28.81,90.00,0,-94.42,-37.27,-114.36,-inf,-107.48,-50.33,-88.07,-30.92,-93.24,-36.09,-106.48,-49.33,-57.15,28.81
1135,5416.00,5366.50,2,6,-58.66,29.30,90.00,0,-93.61,-34.96,-113.70,-inf,-106.54,-47.88,-91.73,-33.07,-94.64,-35.98,-105.87,-47.21,-58.66,29.30
1136,5415.75,5366.50,2,6,-58.06,30.19,90.00,0,-94.70,-36.64,-113.63,-inf,-106.57,-48.51,-91.20,-33.14,-95.98,-37.92,-106.37,-48.31,-58.06,30.19
1137,5415.50,5366.50,2,6,-57.26,31.56,90.00,0,-93.41,-36.15,-115.44,-inf,-104.16,-46.90,-93.08,-35.83,-96.98,-39.73,-105.83,-48.58,-57.26,31.56
1138,5415.25,5366.50,2,6,-56.63,32.75,90.00,0,-93.79,-37.16,-115.32,-inf,-107.59,-50.96,-95.27,-38.64,-95.40,-38.77,-105.06,-48.44,-56.63,32.75
1139,5415.00,5366.50,2,6,-56.67,31.35,90.00,0,-92.69,-36.02,-113.82,-inf,-106.58,-49.91,-93.11,-36.44,-93.96,-37.29,-105.68,-49.01,-56.67,31.35
1140,5414.75,5366.50,2,6,-56.34,31.30,90.00,0,-93.67,-37.33,-114.25,-inf,-107.24,-50.90,-90.62,-34.28,-95.42,-39.08,-106.92,-50.58,-56.34,31.30
1141,5414.50,5366.50,2,6,-56.65,31.28,90.00,0,-94.96,-38.31,-112.61,-inf,-108.22,-51.57,-91.00,-34.35,-94.55,-37.90,-104.92,-48.27,-56.65,31.28
1142,5414.25,5366.50,2,6,-56.37,31.02,90.00,0,-96.03,-39.67,-114.00,-inf,-106.14,-49.77,-89.34,-32.97,-95.73,-39.37,-106.63,-50.27,-56.37,31.02
1143,5414.00,5366.50,2,6,-58.18,30.10,90.00,0,-94.72,-36.54,-113.61,-inf,-106.27,-48.09,-90.84,-32.66,-97.54,-39.36,-106.20,-48.02,-58.18,30.10
1144,5413.75,5366.50,2,6,-60.99,28.07,90.00,0,-96.93,-35.94,-111.81,-inf,-106.55,-45.56,-91.51,-30.52,-97.41,-36.42,-105.45,-44.47,-60.99,28.07
1145,5413.50,5366.50,2,6,-62.15,26.47,90.00,0,-97.40,-35.26,-112.99,-inf,-105.87,-43.73,-90.31,-28.16,-99.76,-37.62,-105.75,-43.61,-62.15,26.47
1146,5413.25,5366.50,2,6,-61.83,23.85,90.00,0,-97.64,-35.83,-110.50,-inf,-103.97,-42.16,-86.36,-24.53,-101.63,-39.82,-109.02,-47.21,-61.83,23.85
1147,5413.00,5366.50,2,6,-60.88,23.47,90.00,0,-95.20,-34.34,-111.98,-inf,-101.10,-40.23,-85.11,-24.23,-100.88,-40.02,-106.61,-45.74,-60.88,23.47
1148,5412.75,5366.50,2,6,-59.24,27.40,90.00,0,-95.74,-36.51,-110.07,-inf,-99.83,-40.59,-87.95,-28.71,-101.12,-41.88,-107.91,-48.68,-59.24,27.40
1149,5412.50,5366.50,2,6,-60.26,27.91,90.00,0,-96.12,-35.86,-111.07,-inf,-100.78,-40.52,-89.88,-29.62,-102.83,-42.58,-108.40,-48.15,-60.26,27.91
1150,5412.25,5366.50,2,6,-61.09,26.95,90.00,0,-95.84,-34.76,-108.47,-47.39,-99.83,-38.75,-90.13,-29.04,-99.79,-38.70,-108.19,-47.10,-61.09,26.95
1151,5412.00,5366.50,2,6,-61.34,27.30,90.00,0,-96.88,-35.54,-107.85,-46.52,-100.25,-38.92,-91.34,-30.00,-97.15,-35.82,-106.28,-44.94,-61.34,27.30
1152,5411.75,5366.50,2,6,-60.76,28.47,90.00,0,-97.58,-36.82,-104.66,-43.90,-100.03,-39.27,-92.26,-31.50,-98.03,-37.27,-104.75,-43.99,-60.76,28.47
1153,5411.50,5366.50,2,6,-61.89,27.93,90.00,0,-97.87,-35.99,-105.26,-43.37,-100.84,-38.96,-92.89,-31.00,-100.17,-38.28,-102.56,-40.68,-61.89,27.93
1154,5411.25,5366.50,2,6,-59.65,30.81,90.00,0,-97.59,-37.94,-105.49,-45.84,-100.82,-41.17,-95.06,-35.41,-99.09,-39.44,-101.10,-41.45,-59.65,30.81
1155,5411.00,5366.50,2,6,-60.81,30.31,90.00,0,-100.03,-39.21,-103.19,-42.37,-100.02,-39.21,-97.45,-36.64,-98.07,-37.26,-100.47,-39.66,-60.81,30.31
1156,5410.75,5366.50,2,6,-60.39,31.04,90.00,0,-98.29,-37.91,-101.77,-41.38,-101.59,-41.20,-99.68,-39.29,-97.80,-37.41,-102.11,-41.72,-60.39,31.04
1157,5410.50,5366.50,2,6,-60.33,31.32,90.00,0,-97.14,-36.81,-101.52,-41.20,-103.14,-42.82,-99.57,-39.25,-98.98,-38.66,-104.46,-44.14,-60.33,31.32
1158,5410.25,5366.50,2,6,-58.22,32.39,90.00,0,-97.13,-38.92,-96.93,-38.72,-103.29,-45.08,-97.99,-39.77,-99.01,-40.80,-103.68,-45.46,-58.22,32.39
1159,5410.00,5366.50,2,6,-56.57,34.38,90.00,0,-98.52,-41.95,-98.42,-41.85,-101.89,-45.32,-97.21,-40.64,-100.34,-43.77,-101.41,-44.84,-56.57,34.38
1160,5409.75,5366.50,2,6,-56.58,34.19,90.00,0,-98.60,-42.02,-96.83,-40.24,-103.50,-46.92,-99.15,-42.57,-99.79,-43.21,-99.20,-42.62,-56.58,34.19
1161,5409.50,5366.50,2,6,-56.59,34.43,90.00,0,-98.32,-41.73,-97.27,-40.68,-103.36,-46.77,-100.19,-43.60,-100.33,-43.73,-99.20,-42.61,-56.59,34.43
1162,5409.25,5366.50,2,6,-56.61,34.01,90.00,0,-98.16,-41.55,-96.23,-39.62,-103.38,-46.78,-101.88,-45.28,-101.28,-44.68,-97.20,-40.60,-56.61,34.01
1163,5409.00,5366.50,2,6,-56.62,34.12,90.00,0,-97.88,-41.26,-96.22,-39.61,-106.16,-49.54,-100.40,-43.78,-100.26,-43.64,-98.75,-42.14,-56.62,34.12
1164,5408.75,5366.50,2,6,-57.89,32.27,90.00,0,-98.78,-40.89,-93.64,-35.76,-107.03,-49.15,-103.58,-45.70,-100.01,-42.13,-98.68,-40.79,-57.89,32.27
1165,5408.50,5366.50,2,6,-56.64,33.45,90.00,0,-101.58,-44.94,-92.02,-35.38,-107.58,-50.94,-103.85,-47.21,-102.44,-45.80,-101.84,-45.20,-56.64,33.45
1166,5408.25,5366.50,2,6,-56.86,33.22,90.00,0,-101.56,-44.70,-92.14,-35.29,-109.06,-52.21,-100.92,-44.07,-101.94,-45.09,-103.41,-46.55,-56.86,33.22
1167,5408.00,5366.50,2,6,-57.47,33.66,90.00,0,-101.43,-43.97,-93.92,-36.46,-109.43,-51.97,-101.08,-43.62,-101.46,-44.00,-104.63,-47.17,-57.47,33.66
1168,5407.75,5366.50,2,6,-58.33,33.05,90.00,0,-102.14,-43.81,-94.74,-36.42,-109.13,-50.80,-99.46,-41.14,-100.94,-42.62,-105.78,-47.45,-58.33,33.05
1169,5407.50,5366.50,2,6,-59.82,30.40,90.00,0,-101.75,-41.94,-93.29,-33.48,-106.58,-46.76,-97.37,-37.56,-100.07,-40.26,-108.91,-49.10,-59.82,30.40
1170,5407.25,5366.50,2,6,-58.45,31.95,90.00,0,-99.25,-40.80,-94.81,-36.36,-106.54,-48.09,-98.24,-39.79,-97.57,-39.12,-107.94,-49.49,-58.45,31.95
1171,5407.00,5366.50,2,6,-57.79,32.78,90.00,0,-97.35,-39.56,-96.27,-38.48,-103.82,-46.03,-97.60,-39.81,-98.52,-40.73,-110.05,-inf,-57.79,32.78
1172,5406.75,5366.50,2,6,-58.52,33.36,90.00,0,-99.67,-41.15,-96.51,-37.99,-104.51,-45.99,-100.29,-41.77,-101.15,-42.63,-109.68,-51.16,-58.52,33.36
1173,5406.50,5366.50,2,6,-57.02,34.94,90.00,0,-100.00,-42.98,-97.33,-40.31,-104.14,-47.12,-99.37,-42.35,-100.11,-43.09,-112.62,-inf,-57.02,34.94
1174,5406.25,5366.50,2,6,-57.33,33.88,90.00,0,-101.45,-44.13,-95.75,-38.42,-106.29,-48.96,-97.69,-40.36,-99.03,-41.70,-116.55,-inf,-57.33,33.88
1175,5406.00,5366.50,2,6,-58.05,33.27,90.00,0,-101.32,-43.27,-96.52,-38.48,-106.73,-48.69,-99.22,-41.17,-96.99,-38.94,-118.47,-inf,-58.05,33.27
1176,5405.75,5366.50,2,6,-61.70,29.42,90.00,0,-100.73,-39.04,-94.75,-33.05,-105.59,-43.90,-101.74,-40.05,-97.97,-36.28,-117.57,-inf,-61.70,29.42
1177,5405.50,5366.50,2,6,-63.00,29.02,90.00,0,-99.27,-36.27,-97.21,-34.21,-104.44,-41.45,-101.43,-38.43,-99.54,-36.54,-118.72,-inf,-63.00,29.02
1178,5405.25,5366.50,2,6,-63.68,28.11,90.00,0,-98.40,-34.73,-96.63,-32.96,-104.01,-40.33,-102.53,-38.86,-99.79,-36.11,-118.53,-inf,-63.68,28.11
1179,5405.00,5366.50,2,6,-62.03,28.92,90.00,0,-96.07,-34.05,-95.64,-33.61,-105.01,-42.99,-103.08,-41.05,-99.88,-37.86,-117.30,-inf,-62.03,28.92
1180,5404.75,5366.50,2,6,-61.48,29.12,90.00,0,-95.04,-33.56,-95.45,-33.97,-105.12,-43.64,-106.19,-44.71,-99.29,-37.81,-117.37,-inf,-61.48,29.12
1181,5404.50,5366.50,2,6,-62.08,29.08,90.00,0,-97.51,-35.43,-96.15,-34.07,-105.03,-42.96,-105.85,-43.78,-97.29,-35.21,-115.94,-inf,-62.08,29.08
1182,5404.25,5366.50,2,6,-61.87,28.76,90.00,0,-99.01,-37.14,-96.08,-34.21,-103.69,-41.83,-106.07,-44.20,-94.89,-33.02,-114.62,-inf,-61.87,28.76
1183,5404.00,5366.50,2,6,-64.31,25.51,90.00,0,-96.79,-32.49,-95.87,-31.57,-103.11,-38.81,-106.64,-42.34,-93.94,-29.64,-114.55,-inf,-64.31,25.51
1184,5403.75,5366.50,2,6,-66.70,23.53,90.00,0,-97.67,-30.99,-98.30,-31.61,-105.04,-38.35,-106.53,-39.84,-93.23,-26.54,-117.17,-inf,-66.70,23.53
1185,5403.50,5366.50,2,6,-69.38,21.58,90.00,0,-98.16,-28.80,-99.29,-29.94,-105.33,-35.98,-104.75,-35.40,-94.34,-24.98,-116.39,-inf,-69.38,21.58
1186,5403.25,5366.50,2,6,-71.16,17.41,90.00,0,-97.53,-26.44,-99.36,-28.28,-104.66,-33.58,-102.77,-31.68,-90.40,-19.27,-117.12,-inf,-71.16,17.41
1187,5403.00,5366.50,2,6,-70.93,19.38,90.00,0,-99.76,-28.87,-100.48,-29.59,-104.79,-33.90,-102.11,-31.23,-92.68,-21.77,-120.18,-inf,-70.93,19.38
1188,5402.75,5366.50,2,6,-69.59,21.94,90.00,0,-99.78,-30.21,-99.28,-29.71,-103.34,-33.78,-100.86,-31.29,-95.99,-26.42,-120.13,-inf,-69.59,21.94
1189,5402.50,5366.50,2,6,-69.86,21.46,90.00,0,-100.59,-30.75,-99.17,-29.34,-104.52,-34.69,-100.85,-31.02,-95.05,-25.21,-119.01,-inf,-69.86,21.46
1190,5402.25,5366.50,2,6,-68.07,23.22,90.00,0,-101.00,-32.95,-99.11,-31.06,-105.26,-37.21,-99.54,-31.49,-95.24,-27.18,-119.08,-inf,-68.07,23.22
1191,5402.00,5366.50,2,6,-69.29,21.57,90.00,0,-98.03,-28.77,-100.40,-31.14,-106.24,-36.99,-97.23,-27.97,-95.85,-26.58,-115.98,-inf,-69.29,21.57
1192,5401.75,5366.50,2,6,-72.41,19.23,90.00,0,-99.49,-27.13,-100.21,-27.85,-107.69,-35.33,-96.30,-23.93,-98.97,-26.60,-117.73,-inf,-72.41,19.23
1193,5401.50,5366.50,2,6,-70.08,21.42,90.00,0,-100.09,-30.04,-99.55,-29.50,-106.36,-36.31,-96.09,-26.04,-98.84,-28.78,-117.35,-inf,-70.08,21.42
1194,5401.25,5366.50,2,6,-68.23,23.35,90.00,0,-100.79,-32.58,-103.42,-35.21,-104.51,-36.30,-96.50,-28.29,-96.81,-28.60,-116.97,-inf,-68.23,23.35
1195,5401.00,5366.50,2,6,-68.36,23.03,90.00,0,-98.77,-30.43,-106.15,-37.82,-102.74,-34.40,-97.04,-28.70,-96.61,-28.27,-117.05,-inf,-68.36,23.03
1196,5400.75,5366.50,2,6,-69.32,21.38,90.00,0,-97.30,-28.01,-105.37,-36.08,-102.10,-32.81,-98.61,-29.32,-94.72,-25.43,-116.19,-inf,-69.32,21.38
1197,5400.50,5366.50,2,6,-69.54,21.25,90.00,0,-96.94,-27.43,-104.16,-34.65,-102.16,-32.65,-97.25,-27.73,-96.12,-26.60,-115.48,-inf,-69.54,21.25
1198,5400.25,5366.50,2,6,-68.51,23.02,90.00,0,-99.02,-30.53,-103.94,-35.46,-103.39,-34.90,-97.20,-28.70,-96.95,-28.46,-114.70,-inf,-68.51,23.02
1199,5400.00,5366.50,2,6,-66.47,24.27,90.00,0,-97.47,-31.01,-102.73,-36.27,-103.34,-36.88,-96.49,-30.03,-96.20,-29.74,-116.82,-inf,-66.47,24.27
1200,5399.75,5366.50,2,6,-65.48,25.00,90.00,0,-97.84,-32.37,-100.16,-34.69,-102.41,-36.94,-95.18,-29.71,-97.61,-32.14,-117.15,-inf,-65.48,25.00
1201,5399.50,5366.50,2,6,-66.71,23.35,90.00,0,-99.91,-33.21,-98.88,-32.18,-103.80,-37.11,-93.90,-27.20,-96.87,-30.18,-116.50,-inf,-66.71,23.35
1202,5399.25,5366.50,2,6,-66.34,23.97,90.00,0,-98.46,-32.14,-97.63,-31.30,-101.91,-35.59,-94.67,-28.35,-99.51,-33.18,-114.66,-inf,-66.34,23.97
1203,5399.00,5366.50,2,6,-67.95,22.66,90.00,0,-99.01,-31.08,-99.60,-31.67,-100.74,-32.81,-95.31,-27.38,-98.11,-30.18,-114.85,-inf,-67.95,22.66
1204,5398.75,5366.50,2,6,-70.10,19.71,90.00,0,-99.24,-29.18,-101.58,-31.53,-99.71,-29.66,-93.14,-23.06,-97.86,-27.80,-115.58,-inf,-70.10,19.71
1205,5398.50,5366.50,2,6,-70.89,17.90,90.00,0,-97.91,-27.08,-100.35,-29.53,-97.63,-26.80,-92.91,-22.07,-95.46,-24.63,-115.78,-inf,-70.89,17.90
1206,5398.25,5366.50,2,6,-72.31,16.01,90.00,0,-97.97,-25.76,-96.24,-24.02,-96.66,-24.45,-94.14,-21.91,-94.24,-22.02,-116.02,-inf,-72.31,16.01
1207,5398.00,5366.50,2,6,-74.27,14.42,90.00,0,-97.70,-23.57,-96.96,-22.83,-98.50,-24.37,-93.66,-19.49,-95.10,-20.95,-117.52,-inf,-74.27,14.42
1208,5397.75,5366.50,2,6,-74.00,14.92,90.00,0,-97.49,-23.61,-99.19,-25.31,-100.93,-27.06,-92.66,-18.74,-95.81,-21.92,-119.13,-inf,-74.00,14.92
1209,5397.50,5366.50,2,6,-74.90,13.59,90.00,0,-98.58,-23.85,-100.44,-25.71,-100.86,-26.14,-91.38,-16.57,-95.58,-20.82,-117.62,-inf,-74.90,13.59
1210,5397.25,5366.50,2,6,-76.64,12.21,90.00,0,-96.95,-20.52,-98.67,-22.26,-104.10,-27.71,-92.87,-16.38,-95.09,-18.64,-116.84,-inf,-76.64,12.21
1211,5397.00,5366.50,2,6,-74.01,13.64,90.00,0,-95.21,-21.35,-98.17,-24.32,-102.58,-28.75,-92.37,-18.48,-92.77,-18.89,-116.93,-inf,-74.01,13.64
1212,5396.75,5366.50,2,6,-75.42,11.79,90.00,0,-96.99,-21.82,-101.27,-26.12,-102.98,-27.83,-89.41,-14.10,-94.82,-19.63,-116.84,-inf,-75.42,11.79
1213,5396.50,5366.50,2,6,-74.71,13.56,90.00,0,-97.08,-22.54,-99.81,-25.27,-100.89,-26.36,-91.63,-17.02,-94.95,-20.39,-117.59,-inf,-74.71,13.56
1214,5396.25,5366.50,2,6,-76.10,12.86,90.00,0,-97.62,-21.71,-100.56,-24.67,-101.46,-25.57,-92.41,-16.44,-95.76,-19.84,-117.09,-inf,-76.10,12.86
1215,5396.00,5366.50,2,6,-79.08,9.52,90.00,0,-97.47,-18.79,-101.26,-22.61,-102.24,-23.60,-91.63,-12.78,-95.54,-16.83,-114.86,-inf,-79.08,9.52
1216,5395.75,5366.50,2,6,-81.12,7.50,90.00,0,-94.62,-14.04,-102.51,-22.07,-103.29,-22.85,-94.11,-13.51,-93.58,-12.96,-115.20,-inf,-81.12,7.50
1217,5395.50,5366.50,2,6,-80.96,8.72,90.00,0,-95.67,-15.12,-103.01,-22.57,-102.87,-22.44,-95.18,-14.62,-95.23,-14.68,-114.09,-inf,-80.96,8.72
1218,5395.25,5366.50,2,6,-80.14,9.70,90.00,0,-97.92,-18.15,-103.31,-23.59,-101.95,-22.22,-95.27,-15.45,-94.35,-14.50,-114.52,-inf,-80.14,9.70
1219,5395.00,5366.50,2,6,-79.31,9.44,90.00,0,-95.08,-16.12,-103.83,-24.97,-101.40,-22.53,-93.31,-14.30,-94.69,-15.73,-113.41,-inf,-79.31,9.44
1220,5394.75,5366.50,2,6,-79.53,9.47,90.00,0,-93.74,-14.53,-104.84,-25.77,-100.90,-21.80,-94.66,-15.48,-95.53,-16.37,-111.45,-inf,-79.53,9.47
1221,5394.50,5366.50,2,6,-78.00,12.63,90.00,0,-96.70,-18.88,-103.44,-25.65,-102.36,-24.57,-96.95,-19.13,-96.08,-18.24,-112.44,-inf,-78.00,12.63
1222,5394.25,5366.50,2,6,-78.34,11.99,90.00,0,-94.60,-16.43,-104.80,-26.71,-101.66,-23.56,-98.88,-20.77,-96.04,-17.89,-112.16,-inf,-78.34,11.99
1223,5394.00,5366.50,2,6,-79.07,10.64,90.00,0,-94.59,-15.76,-108.72,-30.00,-101.11,-22.37,-97.36,-18.59,-94.61,-15.78,-112.19,-inf,-79.07,10.64
1224,5393.75,5366.50,2,6,-80.76,9.93,90.00,0,-96.09,-15.64,-109.92,-29.58,-100.76,-20.39,-96.69,-16.25,-96.99,-16.56,-114.39,-inf,-80.76,9.93
1225,5393.50,5366.50,2,6,-80.42,10.29,90.00,0,-97.52,-17.41,-110.87,-inf,-101.65,-21.59,-94.18,-13.97,-99.14,-19.05,-112.25,-inf,-80.42,10.29
1226,5393.25,5366.50,2,6,-81.12,9.27,90.00,0,-99.24,-18.54,-109.92,-29.27,-101.11,-20.43,-92.84,-11.94,-100.64,-19.96,-111.80,-inf,-81.12,9.27
1227,5393.00,5366.50,2,6,-79.19,10.87,90.00,0,-102.45,-23.58,-110.31,-inf,-100.07,-21.19,-91.91,-12.84,-100.64,-21.77,-110.91,-inf,-79.19,10.87
1228,5392.75,5366.50,2,6,-78.40,12.48,90.00,0,-102.74,-24.57,-108.64,-30.48,-100.58,-22.40,-92.95,-14.65,-102.53,-24.35,-112.40,-inf,-78.40,12.48
1229,5392.50,5366.50,2,6,-75.18,15.01,90.00,0,-104.23,-29.18,-108.89,-33.84,-100.44,-25.39,-91.72,-16.58,-103.60,-28.55,-110.98,-inf,-75.18,15.01
1230,5392.25,5366.50,2,6,-75.28,13.95,90.00,0,-101.87,-26.75,-109.25,-34.14,-99.32,-24.19,-90.62,-15.38,-104.79,-29.68,-110.28,-inf,-75.28,13.95
1231,5392.00,5366.50,2,6,-76.78,10.20,90.00,0,-101.85,-25.45,-107.42,-31.03,-98.11,-21.70,-87.88,-11.18,-104.22,-27.83,-112.15,-inf,-76.78,10.20
1232,5391.75,5366.50,2,6,-77.52,10.40,90.00,0,-100.78,-23.63,-106.56,-29.42,-96.61,-19.43,-89.38,-11.98,-103.96,-26.81,-110.44,-inf,-77.52,10.40
1233,5391.50,5366.50,2,6,-77.69,10.60,90.00,0,-101.95,-24.61,-106.66,-29.33,-98.92,-21.56,-89.55,-11.96,-103.09,-25.76,-109.01,-31.68,-77.69,10.60
1234,5391.25,5366.50,2,6,-80.01,5.72,90.00,0,-101.86,-22.86,-106.15,-27.16,-100.40,-21.39,-86.35,-6.50,-102.61,-23.62,-106.17,-27.18,-80.01,5.72
1235,5391.00,5366.50,2,6,-80.73,6.86,90.00,0,-103.13,-23.19,-104.30,-24.37,-102.23,-22.29,-88.59,-8.04,-100.65,-20.69,-105.81,-25.88,-80.73,6.86
1236,5390.75,5366.50,2,6,-82.25,6.88,90.00,0,-103.48,-22.02,-106.65,-25.19,-99.97,-18.47,-90.69,-8.70,-100.80,-19.31,-107.24,-25.79,-82.25,6.88
1237,5390.50,5366.50,2,6,-82.91,6.61,90.00,0,-105.32,-23.25,-106.58,-24.51,-103.65,-21.57,-91.17,-8.55,-98.37,-16.22,-108.97,-26.91,-82.91,6.61
1238,5390.25,5366.50,2,6,-83.30,6.44,90.00,0,-107.00,-24.57,-106.96,-24.52,-104.76,-22.32,-91.57,-8.59,-97.51,-14.96,-109.02,-26.59,-83.30,6.44
1239,5390.00,5366.50,2,6,-85.58,2.05,90.00,0,-108.42,-24.93,-106.71,-23.22,-105.72,-22.23,-89.33,-4.55,-94.18,-10.32,-107.75,-24.27,-85.58,2.05
1240,5389.75,5366.50,2,6,-85.79,2.16,90.00,0,-108.16,-24.42,-105.03,-21.27,-105.41,-21.65,-89.85,-4.90,-94.28,-10.15,-107.76,-24.01,-85.79,2.16
1241,5389.50,5366.50,2,6,-84.10,2.58,90.00,0,-107.96,-25.75,-105.36,-23.14,-106.29,-24.08,-88.34,-4.93,-93.19,-10.64,-104.85,-22.64,-84.10,2.58
1242,5389.25,5366.50,2,6,-84.34,-1.23,90.00,0,-108.15,-27.47,-105.21,-24.52,-109.56,-28.88,-83.67,0.02,-94.09,-13.21,-103.55,-22.86,-84.34,-1.23
1243,5389.00,5366.50,2,6,-82.54,2.40,90.00,0,-107.68,-27.11,-104.02,-23.44,-112.27,-inf,-86.20,-4.25,-92.29,-11.42,-102.16,-21.56,-82.54,2.40
1244,5388.75,5366.50,2,6,-83.46,0.38,90.00,0,-107.81,-27.17,-102.55,-21.88,-109.18,-28.54,-85.73,-3.48,-89.09,-7.78,-104.01,-23.36,-83.46,0.38
1245,5388.50,5366.50,2,6,-84.65,1.63,90.00,0,-110.05,-inf,-102.30,-19.87,-107.86,-25.47,-88.30,-4.63,-91.78,-8.87,-104.87,-22.46,-84.65,1.63
1246,5388.25,5366.50,2,6,-84.33,2.32,90.00,0,-110.02,-inf,-101.34,-18.95,-106.37,-24.02,-89.24,-5.92,-91.25,-8.32,-106.72,-24.38,-84.33,2.32
1247,5388.00,5366.50,2,6,-83.56,3.11,90.00,0,-111.99,-inf,-101.06,-19.18,-107.09,-25.25,-91.81,-9.51,-88.96,-6.19,-106.67,-24.82,-83.56,3.11
1248,5387.75,5366.50,2,6,-82.25,4.62,90.00,0,-110.52,-inf,-102.46,-21.46,-105.36,-24.38,-90.99,-9.57,-89.81,-8.23,-105.75,-24.77,-82.25,4.62
1249,5387.50,5366.50,2,6,-86.06,0.57,90.00,0,-111.06,-inf,-104.41,-21.06,-106.53,-23.19,-89.73,-5.27,-90.35,-6.06,-105.62,-22.27,-86.06,0.57
1250,5387.25,5366.50,2,6,-87.52,-2.35,90.00,0,-109.15,-25.96,-105.22,-22.01,-107.47,-24.27,-86.87,-1.27,-91.13,-7.19,-102.93,-19.71,-87.52,-2.35
1251,5387.00,5366.50,2,6,-85.84,-0.47,90.00,0,-110.00,-inf,-105.29,-22.68,-108.72,-26.12,-87.32,-2.95,-90.70,-7.39,-102.35,-19.72,-85.84,-0.47
1252,5386.75,5366.50,2,6,-85.71,-2.52,90.00,0,-111.64,-inf,-106.16,-24.89,-107.74,-26.47,-85.00,-1.35,-88.44,-6.26,-102.03,-20.74,-85.71,-2.52
1253,5386.50,5366.50,2,6,-85.52,-3.72,90.00,0,-112.48,-inf,-102.82,-22.54,-106.53,-26.25,-84.68,-2.47,-85.27,-3.35,-102.77,-22.49,-85.52,-3.72
1254,5386.25,5366.50,2,6,-86.84,-5.92,90.00,0,-113.57,-inf,-101.76,-21.81,-106.16,-26.23,-84.15,-2.16,-83.98,-1.89,-101.63,-21.68,-86.84,-5.92
1255,5386.00,5366.50,2,6,-85.42,-4.81,90.00,0,-116.95,-inf,-99.77,-20.35,-105.22,-25.83,-83.17,-1.46,-84.50,-3.54,-100.58,-21.17,-85.42,-4.81
1256,5385.75,5366.50,2,6,-83.78,-2.45,90.00,0,-118.47,-inf,-100.29,-20.88,-105.31,-25.93,-83.40,-1.85,-86.10,-5.70,-99.16,-19.75,-83.78,-2.45
1257,5385.50,5366.50,2,6,-81.05,-0.14,90.00,0,-120.47,-inf,-99.88,-21.89,-103.85,-25.87,-83.73,-4.43,-84.53,-5.47,-99.77,-21.77,-81.05,-0.14
1258,5385.25,5366.50,2,6,-79.00,3.02,90.00,0,-121.23,-inf,-100.72,-23.46,-102.42,-25.16,-83.59,-5.20,-88.09,-10.47,-99.55,-22.28,-79.00,3.02
1259,5385.00,5366.50,2,6,-78.65,3.81,90.00,0,-122.08,-inf,-103.09,-25.93,-101.07,-23.91,-84.35,-6.29,-87.80,-10.27,-99.50,-22.34,-78.65,3.81
1260,5384.75,5366.50,2,6,-75.99,6.49,90.00,0,-120.76,-inf,-102.55,-27.43,-99.84,-24.71,-84.11,-8.42,-88.62,-13.31,-98.63,-23.51,-75.99,6.49
1261,5384.50,5366.50,2,6,-77.05,3.45,90.00,0,-118.46,-inf,-101.46,-26.01,-101.84,-26.39,-81.79,-5.21,-87.24,-11.51,-98.21,-22.75,-77.05,3.45
1262,5384.25,5366.50,2,6,-77.19,3.08,90.00,0,-119.06,-inf,-100.82,-25.35,-100.28,-24.81,-82.45,-6.02,-84.81,-8.82,-99.58,-24.10,-77.19,3.08
1263,5384.00,5366.50,2,6,-76.10,5.74,90.00,0,-119.30,-inf,-100.60,-25.51,-101.42,-26.34,-84.33,-8.70,-86.00,-10.56,-100.72,-25.63,-76.10,5.74
1264,5383.75,5366.50,2,6,-76.52,6.54,90.00,0,-117.68,-inf,-101.06,-25.40,-99.70,-24.03,-85.81,-9.72,-87.13,-11.16,-100.26,-24.60,-76.52,6.54
1265,5383.50,5366.50,2,6,-79.03,3.51,90.00,0,-118.04,-inf,-100.62,-23.17,-101.70,-24.26,-87.20,-9.29,-84.93,-6.65,-97.04,-19.56,-79.03,3.51
1266,5383.25,5366.50,2,6,-78.84,2.14,90.00,0,-118.15,-inf,-100.21,-23.42,-104.33,-27.56,-85.58,-8.20,-83.24,-5.36,-96.30,-19.48,-78.84,2.14
1267,5383.00,5366.50,2,6,-77.47,2.19,90.00,0,-117.93,-inf,-100.35,-24.92,-105.41,-29.98,-85.27,-9.37,-81.30,-4.58,-96.96,-21.51,-77.47,2.19
1268,5382.75,5366.50,2,6,-79.11,0.56,90.00,0,-115.71,-inf,-101.17,-24.79,-103.67,-27.29,-84.70,-7.64,-81.55,-3.60,-97.49,-21.09,-79.11,0.56
1269,5382.50,5366.50,2,6,-78.06,1.69,90.00,0,-114.50,-inf,-102.88,-27.05,-104.52,-28.70,-84.76,-8.34,-81.72,-4.62,-95.01,-19.13,-78.06,1.69
1270,5382.25,5366.50,2,6,-78.67,0.68,90.00,0,-114.08,-inf,-101.89,-25.89,-102.10,-26.10,-84.82,-8.23,-81.31,-3.81,-91.61,-15.50,-78.67,0.68
1271,5382.00,5366.50,2,6,-80.91,-2.30,90.00,0,-113.34,-inf,-105.19,-28.58,-102.02,-25.41,-82.86,-5.09,-81.43,-3.09,-89.22,-12.38,-80.91,-2.30
1272,5381.75,5366.50,2,6,-84.40,-5.67,90.00,0,-112.41,-inf,-106.96,-29.27,-102.73,-25.03,-82.21,-2.63,-82.39,-2.90,-88.40,-10.33,-84.40,-5.67
1273,5381.50,5366.50,2,6,-84.39,-4.46,90.00,0,-109.62,-31.02,-105.23,-26.62,-103.95,-25.34,-82.96,-2.39,-84.19,-4.19,-89.50,-10.53,-84.39,-4.46
1274,5381.25,5366.50,2,6,-82.22,-2.52,90.00,0,-108.91,-31.14,-104.37,-26.59,-103.83,-26.05,-81.43,-1.22,-86.46,-8.06,-89.69,-11.63,-82.22,-2.52
1275,5381.00,5366.50,2,6,-82.88,-3.39,90.00,0,-109.07,-31.21,-104.64,-26.78,-103.95,-26.08,-81.06,-0.39,-86.61,-8.14,-89.83,-11.69,-82.88,-3.39
1276,5380.75,5366.50,2,6,-83.75,-4.13,90.00,0,-109.34,-31.14,-107.05,-28.84,-103.53,-25.31,-81.29,-0.15,-86.39,-7.47,-89.98,-11.48,-83.75,-4.13
1277,5380.50,5366.50,2,6,-83.67,-2.32,90.00,0,-111.17,-inf,-103.40,-24.03,-102.73,-23.35,-83.04,-1.26,-88.54,-8.63,-91.24,-11.60,-83.67,-2.32
1278,5380.25,5366.50,2,6,-83.17,-1.58,90.00,0,-110.77,-inf,-105.12,-25.81,-101.78,-22.46,-84.79,-4.06,-85.60,-5.15,-91.71,-12.16,-83.17,-1.58
1279,5380.00,5366.50,2,6,-83.38,-1.87,90.00,0,-109.48,-30.15,-106.15,-26.81,-102.75,-23.41,-84.83,-4.06,-85.13,-4.47,-92.78,-13.25,-83.38,-1.87
1280,5379.75,5366.50,2,6,-83.84,-2.47,90.00,0,-108.93,-29.51,-107.05,-27.63,-102.42,-22.98,-84.99,-4.16,-84.93,-4.08,-91.38,-11.68,-83.84,-2.47
1281,5379.50,5366.50,2,6,-81.16,-0.78,90.00,0,-111.62,-inf,-104.62,-26.88,-100.20,-22.44,-84.46,-5.68,-83.28,-4.13,-91.77,-13.86,-81.16,-0.78
1282,5379.25,5366.50,2,6,-80.88,-1.86,90.00,0,-111.19,-inf,-104.69,-27.84,-98.80,-21.93,-82.90,-4.82,-81.79,-3.27,-93.01,-16.06,-80.88,-1.86
1283,5379.00,5366.50,2,6,-82.77,-5.15,90.00,0,-110.70,-inf,-103.86,-27.39,-99.81,-23.32,-81.37,-3.22,-80.34,-1.58,-92.96,-16.40,-82.77,-5.15
1284,5378.75,5366.50,2,3,-81.52,-1.72,90.00,1,-108.61,-31.03,-103.64,-26.06,-99.66,-22.06,-81.52,-1.72,-81.23,-1.22,-94.45,-16.79,-86.37,-8.19
1285,5378.50,5366.50,2,3,-80.49,-0.99,90.00,0,-110.34,-inf,-102.15,-25.18,-100.09,-23.11,-80.49,-0.99,-80.95,-1.78,-97.37,-20.38,-85.63,-8.04
1286,5378.25,5366.50,2,3,-79.62,-0.16,90.00,0,-107.81,-31.28,-102.47,-25.93,-97.58,-21.02,-79.62,-0.16,-81.15,-2.79,-97.63,-21.08,-85.02,-7.83
1287,5378.00,5366.50,2,3,-78.83,2.15,90.00,0,-107.27,-30.50,-101.89,-25.11,-97.19,-20.39,-78.83,2.15,-83.53,-5.74,-99.01,-22.22,-85.17,-7.73
1288,5377.75,5366.50,2,3,-78.48,-0.09,90.00,0,-108.39,-32.96,-100.71,-25.27,-97.52,-22.06,-78.48,-0.09,-81.61,-4.98,-95.94,-20.47,-81.59,-4.96
1289,5377.50,5366.50,2,3,-78.71,-2.14,90.00,0,-107.85,-33.36,-102.19,-27.69,-98.59,-24.08,-78.71,-2.14,-82.13,-6.82,-95.87,-21.35,-78.13,-1.18
1290,5377.25,5366.50,2,3,-77.80,0.86,90.00,0,-109.78,-34.58,-103.13,-27.92,-101.60,-26.38,-77.80,0.86,-82.30,-6.16,-98.40,-23.17,-81.34,-4.93
1291,5377.00,5366.50,2,3,-79.28,-3.04,90.00,0,-109.89,-35.40,-102.38,-27.89,-103.21,-28.72,-79.28,-3.04,-78.80,-2.31,-98.53,-24.02,-79.90,-3.93
1292,5376.75,5366.50,2,3,-77.69,-2.34,90.00,0,-109.99,-36.63,-103.04,-29.67,-102.24,-28.87,-77.69,-2.34,-77.98,-2.79,-98.64,-25.27,-78.91,-4.13
1293,5376.50,5366.50,2,3,-77.83,-0.79,90.00,0,-109.21,-34.80,-102.15,-27.74,-101.43,-27.02,-77.83,-0.79,-80.10,-4.34,-100.71,-26.30,-80.13,-4.38
1294,5376.25,5366.50,2,3,-77.42,0.87,90.00,0,-106.14,-31.31,-102.81,-27.98,-101.23,-26.39,-77.42,0.87,-80.83,-4.75,-102.19,-27.35,-82.05,-6.31
1295,5376.00,5366.50,2,3,-76.38,0.84,90.00,0,-107.04,-33.27,-102.80,-29.03,-99.77,-25.99,-76.38,0.84,-80.19,-5.30,-102.89,-29.12,-80.42,-5.59
1296,5375.75,5366.50,2,3,-74.25,3.49,90.00,0,-106.40,-33.76,-99.74,-27.08,-99.20,-26.54,-74.25,3.49,-80.39,-6.94,-102.39,-29.74,-81.40,-8.13
1297,5375.50,5366.50,2,3,-71.48,6.27,90.00,0,-103.61,-33.05,-100.79,-30.23,-99.86,-29.30,-71.48,6.27,-79.92,-8.83,-102.73,-32.17,-82.06,-11.19
1298,5375.25,5366.50,2,3,-70.17,7.26,90.00,0,-106.39,-36.97,-100.92,-31.50,-99.91,-30.48,-70.17,7.26,-79.42,-9.55,-105.43,-36.00,-81.98,-12.31
1299,5375.00,5366.50,2,3,-67.69,12.85,90.00,0,-104.94,-37.46,-99.63,-32.16,-99.73,-32.25,-67.69,12.85,-83.44,-15.86,-105.63,-38.16,-84.07,-16.50
1300,5374.75,5366.50,2,3,-71.03,9.07,90.00,0,-104.17,-33.65,-96.53,-26.00,-100.21,-29.68,-71.03,9.07,-83.66,-12.93,-106.63,-36.11,-83.00,-12.23
1301,5374.50,5366.50,2,3,-70.54,8.53,90.00,0,-103.11,-33.14,-97.59,-27.61,-98.50,-28.53,-70.54,8.53,-82.18,-11.94,-105.61,-35.64,-82.33,-12.10
1302,5374.25,5366.50,2,3,-69.12,10.05,90.00,0,-103.42,-34.71,-97.41,-28.70,-100.41,-31.69,-69.12,10.05,-81.34,-12.39,-103.45,-34.74,-83.67,-14.82
1303,5374.00,5366.50,2,3,-67.42,11.35,90.00,0,-102.65,-35.53,-96.28,-29.15,-101.54,-34.42,-67.42,11.35,-80.90,-13.60,-103.41,-36.29,-83.35,-16.13
1304,5373.75,5366.50,2,3,-69.24,7.12,90.00,0,-104.47,-36.00,-96.96,-28.48,-101.94,-33.47,-69.24,7.12,-78.69,-9.79,-105.39,-36.92,-80.38,-11.61
1305,5373.50,5366.50,2,3,-68.48,8.35,90.00,0,-101.75,-33.86,-96.37,-28.47,-99.38,-31.49,-68.48,8.35,-79.48,-11.28,-104.32,-36.43,-80.49,-12.36
1306,5373.25,5366.50,2,3,-68.13,8.86,90.00,0,-98.65,-31.04,-96.38,-28.77,-102.66,-35.06,-68.13,8.86,-79.38,-11.48,-103.12,-35.52,-81.04,-13.23
1307,5373.00,5366.50,2,3,-66.85,9.57,90.00,0,-99.22,-32.81,-95.08,-28.68,-103.72,-37.31,-66.85,9.57,-78.46,-11.78,-102.48,-36.08,-81.03,-14.47
1308,5372.75,5366.50,2,3,-68.79,8.27,90.00,0,-96.81,-28.61,-95.51,-27.31,-102.12,-33.92,-68.79,8.27,-79.24,-10.70,-102.92,-34.73,-81.52,-13.12
1309,5372.50,5366.50,2,3,-64.99,12.94,90.00,0,-95.77,-30.99,-93.42,-28.63,-103.68,-38.90,-64.99,12.94,-81.27,-16.39,-101.82,-37.04,-81.15,-16.26
1310,5372.25,5366.50,2,3,-66.10,11.75,90.00,0,-93.58,-27.75,-92.53,-26.70,-103.89,-38.06,-66.10,11.75,-81.58,-15.64,-102.11,-36.29,-80.84,-14.88
1311,5372.00,5366.50,2,3,-65.42,13.23,90.00,0,-94.55,-29.33,-93.33,-28.11,-103.15,-37.94,-65.42,13.23,-82.19,-16.89,-102.00,-36.78,-81.81,-16.49
1312,5371.75,5366.50,2,3,-65.96,12.25,90.00,0,-92.31,-26.58,-93.74,-28.02,-104.66,-38.94,-65.96,12.25,-80.30,-14.43,-100.80,-35.09,-83.45,-17.67
1313,5371.50,5366.50,2,3,-65.32,13.89,90.00,0,-92.51,-27.36,-92.41,-27.25,-103.52,-38.37,-65.32,13.89,-82.34,-17.11,-102.33,-37.18,-83.17,-17.95
1314,5371.25,5366.50,2,3,-64.40,14.74,90.00,0,-92.01,-27.74,-92.40,-28.13,-102.55,-38.29,-64.40,14.74,-82.69,-18.37,-102.54,-38.28,-82.70,-18.37
1315,5371.00,5366.50,2,3,-65.57,12.95,90.00,0,-92.79,-27.43,-90.93,-25.57,-101.09,-35.74,-65.57,12.95,-80.82,-15.34,-103.86,-38.51,-83.74,-18.32
1316,5370.75,5366.50,2,3,-66.14,12.72,90.00,0,-93.02,-27.10,-88.30,-22.36,-100.22,-34.30,-66.14,12.72,-81.81,-15.79,-103.11,-37.20,-83.78,-17.79
1317,5370.50,5366.50,2,3,-69.12,9.96,90.00,0,-93.63,-24.91,-91.89,-23.17,-98.86,-30.15,-69.12,9.96,-81.97,-13.06,-101.97,-33.27,-83.33,-14.48
1318,5370.25,5366.50,2,3,-66.71,11.77,90.00,0,-95.35,-28.91,-91.59,-25.14,-99.85,-33.42,-66.71,11.77,-81.00,-14.42,-99.67,-33.23,-83.06,-16.53
1319,5370.00,5366.50,2,3,-65.93,13.67,90.00,0,-98.98,-33.23,-93.56,-27.80,-98.80,-33.05,-65.93,13.67,-81.55,-15.68,-99.64,-33.89,-85.14,-19.34
1320,5369.75,5366.50,2,3,-66.87,12.87,90.00,0,-96.98,-30.32,-93.35,-26.69,-99.49,-32.84,-66.87,12.87,-83.92,-17.18,-99.29,-32.64,-82.54,-15.77
1321,5369.50,5366.50,2,3,-68.11,10.65,90.00,0,-96.96,-29.20,-95.07,-27.32,-100.46,-32.71,-68.11,10.65,-84.43,-16.58,-99.46,-31.71,-80.51,-12.53
1322,5369.25,5366.50,2,3,-69.57,9.38,90.00,0,-97.87,-28.77,-95.16,-26.05,-100.40,-31.30,-69.57,9.38,-83.82,-14.58,-98.52,-29.41,-81.09,-11.71
1323,5369.00,5366.50,2,3,-70.16,9.02,90.00,0,-97.64,-27.99,-94.51,-24.85,-101.41,-31.75,-70.16,9.02,-83.37,-13.53,-99.67,-30.01,-81.77,-11.84
1324,5368.75,5366.50,2,3,-71.53,7.43,90.00,0,-94.75,-23.93,-95.40,-24.57,-103.37,-32.56,-71.53,7.43,-82.60,-11.50,-98.47,-27.66,-82.01,-10.86
1325,5368.50,5366.50,2,3,-69.68,9.51,90.00,0,-94.19,-24.96,-93.47,-24.24,-107.44,-38.23,-69.68,9.51,-83.34,-13.95,-97.87,-28.65,-82.00,-12.55
1326,5368.25,5366.50,2,3,-71.51,8.22,90.00,0,-92.07,-21.14,-96.61,-25.70,-109.30,-38.40,-71.51,8.22,-83.11,-11.94,-96.70,-25.79,-83.38,-12.23
1327,5368.00,5366.50,2,3,-71.16,10.01,90.00,0,-92.79,-22.02,-97.61,-26.86,-107.27,-36.53,-71.16,10.01,-84.48,-13.55,-98.98,-28.23,-85.03,-14.13
1328,5367.75,5366.50,2,3,-73.19,8.93,90.00,0,-92.99,-20.28,-95.60,-22.90,-110.77,-inf,-73.19,8.93,-85.27,-12.36,-99.81,-27.14,-86.61,-13.76
1329,5367.50,5366.50,2,3,-74.54,6.19,90.00,0,-89.83,-16.11,-93.87,-20.22,-112.86,-inf,-74.54,6.19,-85.32,-11.41,-98.34,-24.72,-84.20,-10.19
1330,5367.25,5366.50,2,3,-73.18,7.92,90.00,0,-89.95,-17.34,-95.51,-22.96,-112.65,-inf,-73.18,7.92,-86.86,-14.18,-97.45,-24.91,-83.83,-10.97
1331,5367.00,5366.50,2,3,-69.74,9.61,90.00,0,-87.77,-18.42,-95.87,-26.58,-111.13,-inf,-69.74,9.61,-83.83,-14.38,-96.38,-27.08,-82.83,-13.35
1332,5366.75,5366.50,2,3,-67.73,11.67,90.00,0,-89.62,-22.15,-93.35,-25.90,-110.55,-inf,-67.73,11.67,-83.09,-15.53,-97.32,-29.88,-83.24,-15.68
1333,5366.50,5366.50,2,3,-65.72,13.09,90.00,0,-89.76,-24.23,-93.31,-27.79,-112.52,-inf,-65.72,13.09,-81.35,-15.72,-95.79,-30.27,-84.07,-18.49
1334,5366.25,5366.50,2,3,-67.31,11.42,90.00,0,-90.67,-23.64,-90.99,-23.96,-112.62,-inf,-67.31,11.42,-81.24,-14.06,-96.84,-29.83,-84.10,-17.00
1335,5366.00,5366.50,2,3,-68.26,9.76,90.00,0,-92.67,-24.83,-93.14,-25.30,-110.91,-inf,-68.26,9.76,-80.28,-12.20,-93.14,-25.30,-83.21,-15.25
1336,5365.75,5366.50,2,3,-68.58,9.57,90.00,0,-94.58,-26.44,-95.59,-27.46,-113.52,-inf,-68.58,9.57,-79.67,-11.22,-93.63,-25.50,-84.75,-16.53
1337,5365.50,5366.50,2,3,-68.03,8.84,90.00,0,-96.15,-28.65,-96.74,-29.25,-112.87,-inf,-68.03,8.84,-78.15,-10.27,-91.70,-24.19,-83.93,-16.33
1338,5365.25,5366.50,2,3,-69.45,6.99,90.00,0,-96.06,-27.40,-97.95,-29.29,-113.13,-inf,-69.45,6.99,-77.48,-8.21,-93.23,-24.56,-84.14,-15.36
1339,5365.00,5366.50,2,3,-68.00,9.97,90.00,0,-97.63,-30.04,-97.48,-29.89,-115.56,-inf,-68.00,9.97,-79.50,-11.63,-91.61,-24.01,-84.44,-16.76
1340,5364.75,5366.50,2,3,-69.03,8.46,90.00,0,-97.06,-28.60,-95.93,-27.48,-117.09,-inf,-69.03,8.46,-78.18,-9.25,-90.79,-22.31,-89.00,-20.51
1341,5364.50,5366.50,2,3,-69.46,6.72,90.00,0,-94.44,-25.80,-96.40,-27.77,-117.82,-inf,-69.46,6.72,-76.70,-7.34,-90.86,-22.21,-89.30,-20.64
1342,5364.25,5366.50,2,3,-71.03,5.83,90.00,0,-95.27,-25.23,-95.99,-25.96,-117.75,-inf,-71.03,5.83,-77.34,-6.42,-91.82,-21.77,-90.73,-20.67
1343,5364.00,5366.50,2,3,-70.83,7.03,90.00,0,-96.73,-26.67,-97.17,-27.11,-117.95,-inf,-70.83,7.03,-78.48,-7.76,-91.41,-21.33,-90.39,-20.30
1344,5363.75,5366.50,2,3,-72.00,7.47,90.00,0,-95.98,-24.68,-97.16,-25.86,-120.43,-inf,-72.00,7.47,-80.27,-8.40,-92.76,-21.44,-90.78,-19.45
1345,5363.50,5366.50,2,3,-73.04,7.46,90.00,0,-97.48,-25.14,-97.38,-25.04,-121.31,-inf,-73.04,7.46,-81.52,-8.64,-93.82,-21.47,-90.06,-17.66
1346,5363.25,5366.50,2,3,-73.82,8.08,90.00,0,-96.12,-22.91,-96.56,-23.35,-119.29,-inf,-73.82,8.08,-83.27,-9.63,-93.43,-20.20,-91.36,-18.10
1347,5363.00,5366.50,2,3,-76.46,4.62,90.00,0,-96.34,-21.13,-94.34,-19.11,-120.47,-inf,-76.46,4.62,-82.57,-6.52,-93.66,-18.42,-89.47,-14.14
1348,5362.75,5366.50,2,3,-74.19,5.27,90.00,0,-94.23,-21.14,-94.00,-20.91,-119.44,-inf,-74.19,5.27,-80.58,-6.67,-93.37,-20.27,-89.06,-15.89
1349,5362.50,5366.50,2,3,-70.75,8.69,90.00,0,-94.32,-24.10,-95.12,-24.91,-118.40,-inf,-70.75,8.69,-80.70,-10.10,-91.54,-21.31,-88.59,-18.33
1350,5362.25,5366.50,2,3,-70.98,8.29,90.00,0,-92.65,-22.25,-96.44,-26.06,-118.26,-inf,-70.98,8.29,-80.39,-9.56,-91.02,-20.60,-89.85,-19.43
1351,5362.00,5366.50,2,3,-69.67,10.53,90.00,0,-93.36,-24.04,-95.06,-25.75,-116.99,-inf,-69.67,10.53,-81.74,-12.18,-90.26,-20.92,-89.84,-20.50
1352,5361.75,5366.50,2,3,-71.43,9.39,90.00,0,-89.85,-18.84,-95.76,-24.79,-118.24,-inf,-71.43,9.39,-83.38,-12.17,-90.45,-19.45,-88.55,-17.52
1353,5361.50,5366.50,2,3,-72.92,6.61,90.00,0,-89.80,-17.67,-97.58,-25.51,-114.93,-inf,-72.92,6.61,-81.18,-8.56,-91.42,-19.31,-88.28,-16.11
1354,5361.25,5366.50,2,3,-72.60,7.58,90.00,0,-91.27,-19.32,-97.27,-25.36,-115.24,-inf,-72.60,7.58,-82.28,-9.96,-89.44,-17.46,-88.21,-16.21
1355,5361.00,5366.50,2,3,-73.89,7.47,90.00,0,-89.19,-15.91,-97.56,-24.36,-112.57,-inf,-73.89,7.47,-84.25,-10.72,-90.90,-17.64,-89.00,-15.71
1356,5360.75,5366.50,2,3,-71.58,10.41,90.00,0,-89.43,-18.16,-97.04,-25.83,-111.95,-inf,-71.58,10.41,-85.52,-14.16,-92.76,-21.53,-88.07,-16.78
1357,5360.50,5366.50,2,3,-71.58,11.39,90.00,0,-88.44,-17.08,-96.21,-24.92,-111.12,-inf,-71.58,11.39,-88.27,-16.90,-94.84,-23.55,-88.36,-17.00
1358,5360.25,5366.50,2,3,-72.30,9.71,90.00,0,-89.89,-17.96,-95.25,-23.37,-110.24,-inf,-72.30,9.71,-87.41,-15.42,-92.98,-21.08,-85.95,-13.92
1359,5360.00,5366.50,2,3,-76.50,6.26,90.00,0,-91.54,-15.84,-94.20,-18.56,-111.36,-inf,-76.50,6.26,-88.44,-12.63,-93.46,-17.81,-86.52,-10.58
1360,5359.75,5366.50,2,3,-76.12,8.19,90.00,0,-91.36,-15.73,-93.73,-18.16,-109.64,-34.13,-76.12,8.19,-90.00,-14.33,-96.42,-20.87,-89.17,-13.47
1361,5359.50,5366.50,2,3,-76.48,8.36,90.00,0,-91.66,-15.66,-96.36,-20.43,-110.77,-inf,-76.48,8.36,-90.09,-14.03,-95.56,-19.62,-89.94,-13.89
1362,5359.25,5366.50,2,3,-76.60,8.60,90.00,0,-94.95,-18.86,-96.31,-20.24,-112.65,-inf,-76.60,8.60,-91.12,-14.94,-96.52,-20.44,-88.62,-12.34
1363,5359.00,5366.50,2,3,-80.33,5.49,90.00,0,-95.04,-15.68,-94.03,-14.64,-111.12,-inf,-80.33,5.49,-90.80,-11.24,-96.30,-16.97,-91.26,-11.73
1364,5358.75,5366.50,2,3,-79.01,6.65,90.00,0,-95.23,-16.99,-95.89,-17.66,-109.72,-31.56,-79.01,6.65,-90.67,-12.25,-96.30,-18.07,-90.19,-11.74
1365,5358.50,5366.50,2,3,-79.51,5.52,90.00,0,-95.64,-17.12,-97.32,-18.83,-108.65,-30.20,-79.51,5.52,-89.37,-10.56,-98.79,-20.31,-88.95,-10.10
1366,5358.25,5366.50,2,3,-80.72,3.68,90.00,0,-94.77,-15.48,-96.22,-16.96,-108.59,-29.41,-80.72,3.68,-87.57,-7.72,-100.79,-21.59,-89.55,-9.95
1367,5358.00,5366.50,2,3,-79.73,6.20,90.00,0,-94.76,-15.85,-94.36,-15.44,-106.04,-27.23,-79.73,6.20,-90.79,-11.70,-102.06,-23.24,-90.82,-11.74
1368,5357.75,5366.50,2,3,-80.19,3.42,90.00,0,-93.26,-14.55,-94.92,-16.25,-105.23,-26.65,-80.19,3.42,-91.85,-13.08,-102.15,-23.56,-85.66,-6.15
1369,5357.50,5366.50,2,3,-80.11,4.62,90.00,0,-91.97,-12.92,-93.40,-14.42,-104.02,-25.18,-80.11,4.62,-92.52,-13.50,-105.88,-27.05,-88.11,-8.74
1370,5357.25,5366.50,2,3,-81.91,2.94,90.00,0,-93.50,-13.17,-94.06,-13.76,-102.70,-22.55,-81.91,2.94,-91.98,-11.56,-106.57,-26.44,-87.89,-6.97
1371,5357.00,5366.50,2,3,-81.69,3.59,90.00,0,-94.50,-14.22,-93.95,-13.65,-104.30,-24.17,-81.69,3.59,-92.74,-12.38,-106.64,-26.52,-88.20,-7.35
1372,5356.75,5366.50,2,3,-84.07,0.89,90.00,0,-94.89,-13.20,-95.78,-14.13,-104.87,-23.37,-84.07,0.89,-90.59,-8.54,-108.00,-26.50,-88.02,-5.44
1373,5356.50,5366.50,2,3,-82.53,1.69,90.00,0,-95.26,-14.84,-92.42,-11.86,-104.89,-24.59,-82.53,1.69,-89.24,-8.36,-105.75,-25.46,-88.05,-6.98
1374,5356.25,5366.50,2,3,-85.56,-1.84,90.00,0,-96.37,-14.70,-91.96,-10.02,-104.53,-22.98,-85.56,-1.84,-88.79,-6.36,-110.03,-inf,-87.15,-4.23
1375,5356.00,5366.50,2,3,-85.70,-2.53,90.00,0,-96.35,-14.97,-91.73,-10.08,-103.43,-22.16,-85.70,-2.53,-89.47,-7.52,-109.16,-27.91,-85.81,-2.69
1376,5355.75,5366.50,2,6,-84.61,-0.17,90.00,1,-96.75,-15.11,-93.21,-11.39,-103.28,-21.74,-87.86,-5.20,-89.52,-7.27,-109.38,-27.86,-84.61,-0.17
1377,5355.50,5366.50,2,6,-84.12,0.19,90.00,0,-96.75,-15.43,-90.67,-8.95,-100.63,-19.37,-87.78,-5.50,-91.12,-9.44,-109.35,-28.14,-84.12,0.19
1378,5355.25,5366.50,2,6,-85.28,-1.75,90.00,0,-98.51,-17.12,-92.18,-10.50,-99.37,-18.00,-86.37,-3.45,-89.37,-7.33,-107.82,-26.51,-85.28,-1.75
1379,5355.00,5366.50,2,6,-83.92,-1.94,90.00,0,-101.46,-21.59,-94.02,-14.02,-99.24,-19.35,-83.19,-0.65,-90.84,-10.64,-107.46,-27.61,-83.92,-1.94
1380,5354.75,5366.50,2,6,-84.68,-1.28,90.00,0,-102.61,-21.60,-97.43,-16.36,-101.17,-20.15,-84.63,-1.20,-91.61,-10.24,-105.41,-24.42,-84.68,-1.28
1381,5354.50,5366.50,2,6,-85.02,-2.53,90.00,0,-102.99,-22.40,-95.71,-15.01,-101.62,-21.02,-84.21,-1.19,-88.84,-7.57,-103.43,-22.84,-85.02,-2.53
1382,5354.25,5366.50,2,6,-83.87,-2.49,90.00,0,-102.01,-22.55,-93.86,-14.26,-104.05,-24.59,-82.36,0.17,-91.07,-11.32,-101.02,-21.56,-83.87,-2.49
1383,5354.00,5366.50,2,6,-84.16,-2.26,90.00,0,-102.77,-22.88,-94.09,-14.04,-103.81,-23.92,-82.91,-0.06,-91.92,-11.77,-99.25,-19.32,-84.16,-2.26
1384,5353.75,5366.50,2,3,-81.05,1.51,90.00,1,-102.67,-23.92,-93.87,-15.01,-103.24,-24.50,-81.05,1.51,-89.57,-10.47,-97.91,-19.13,-84.35,-4.23
1385,5353.50,5366.50,2,3,-79.12,2.43,90.00,0,-102.84,-25.66,-94.35,-17.11,-105.05,-27.88,-79.12,2.43,-90.41,-13.04,-96.95,-19.74,-82.74,-4.17
1386,5353.25,5366.50,2,3,-78.20,4.78,90.00,0,-101.30,-24.33,-91.49,-14.38,-105.30,-28.34,-78.20,4.78,-90.99,-13.86,-96.86,-19.86,-85.06,-7.38
1387,5353.00,5366.50,2,3,-79.20,4.42,90.00,0,-101.78,-23.90,-90.37,-12.26,-102.67,-24.80,-79.20,4.42,-91.54,-13.49,-96.65,-18.73,-86.40,-7.88
1388,5352.75,5366.50,2,3,-81.34,0.85,90.00,0,-101.94,-23.19,-87.94,-8.65,-102.16,-23.41,-81.34,0.85,-90.00,-10.93,-96.53,-17.72,-85.24,-5.41
1389,5352.50,5366.50,2,3,-80.28,1.13,90.00,0,-103.42,-25.60,-85.30,-6.65,-99.86,-22.03,-80.28,1.13,-90.98,-12.96,-96.24,-18.38,-85.26,-6.59
1390,5352.25,5366.50,2,3,-81.87,-1.17,90.00,0,-104.60,-26.35,-82.96,-2.94,-101.50,-23.24,-81.87,-1.17,-90.16,-11.64,-95.78,-17.47,-86.94,-8.07
1391,5352.00,5366.50,2,3,-81.52,-0.03,90.00,0,-103.71,-25.20,-83.52,-3.39,-101.52,-23.01,-81.52,-0.03,-90.62,-11.85,-95.39,-16.81,-88.91,-10.00
1392,5351.75,5366.50,2,3,-82.51,-1.40,90.00,0,-103.29,-24.53,-83.49,-2.97,-98.63,-19.84,-82.51,-1.40,-89.88,-10.79,-95.27,-16.43,-87.82,-8.50
1393,5351.50,5366.50,2,3,-84.25,-2.96,90.00,0,-101.74,-22.20,-84.03,-2.63,-97.23,-17.64,-84.25,-2.96,-92.04,-12.28,-95.75,-16.13,-86.50,-6.02
1394,5351.25,5366.50,2,3,-86.75,-6.05,90.00,0,-104.06,-24.31,-83.48,-1.37,-97.52,-17.71,-86.75,-6.05,-91.30,-11.25,-96.19,-16.35,-85.64,-4.61
1395,5351.00,5366.50,2,3,-89.38,-9.47,90.00,0,-103.79,-24.33,-82.02,0.92,-96.08,-16.54,-89.38,-9.47,-88.55,-8.53,-96.25,-16.72,-87.19,-6.95
1396,5350.75,5366.50,2,6,-85.78,-4.87,90.00,1,-103.40,-23.69,-82.86,-0.31,-97.58,-17.83,-89.26,-9.07,-89.72,-9.58,-94.51,-14.68,-85.78,-4.87
1397,5350.50,5366.50,2,6,-87.53,-6.45,90.00,0,-102.52,-22.29,-82.64,1.22,-96.82,-16.53,-90.33,-9.69,-91.18,-10.62,-95.32,-14.98,-87.53,-6.45
1398,5350.25,5366.50,2,6,-83.44,-3.28,90.00,0,-103.64,-25.13,-82.00,-0.93,-96.68,-18.12,-89.56,-10.71,-88.99,-10.09,-92.38,-13.71,-83.44,-3.28
1399,5350.00,5366.50,2,6,-80.92,0.03,90.00,0,-104.06,-26.12,-82.72,-3.05,-98.68,-20.71,-90.56,-12.39,-91.31,-13.18,-90.98,-12.83,-80.92,0.03
1400,5349.75,5366.50,2,6,-82.60,-1.61,90.00,0,-105.18,-26.46,-82.65,-1.70,-99.93,-21.19,-90.73,-11.74,-90.16,-11.13,-93.07,-14.19,-82.60,-1.61
1401,5349.50,5366.50,2,6,-83.02,-1.04,90.00,0,-103.12,-23.64,-84.22,-3.00,-101.00,-21.51,-90.30,-10.46,-91.28,-11.53,-91.89,-12.18,-83.02,-1.04
1402,5349.25,5366.50,2,6,-83.72,-2.78,90.00,0,-105.08,-25.97,-83.53,-2.48,-100.63,-21.50,-88.40,-8.76,-89.59,-10.08,-90.69,-11.28,-83.72,-2.78
1403,5349.00,5366.50,2,6,-82.45,-2.29,90.00,0,-108.67,-30.52,-82.54,-2.43,-99.48,-21.30,-87.20,-8.48,-90.42,-12.01,-89.90,-11.46,-82.45,-2.29
1404,5348.75,5366.50,2,6,-80.34,1.37,90.00,0,-110.52,-inf,-85.31,-6.46,-100.28,-22.29,-88.08,-9.66,-91.32,-13.15,-88.86,-10.52,-80.34,1.37
1405,5348.50,5366.50,2,6,-78.36,3.21,90.00,0,-110.74,-inf,-84.71,-7.30,-101.54,-24.86,-87.59,-10.56,-92.24,-15.45,-89.72,-12.84,-78.36,3.21
1406,5348.25,5366.50,2,6,-78.18,3.97,90.00,0,-110.72,-inf,-87.28,-10.16,-100.87,-24.13,-86.95,-9.80,-92.38,-15.55,-88.40,-11.37,-78.18,3.97
1407,5348.00,5366.50,2,6,-76.69,4.16,90.00,0,-112.35,-inf,-86.95,-11.37,-100.00,-24.71,-83.99,-8.08,-91.22,-15.82,-89.03,-13.56,-76.69,4.16
1408,5347.75,5366.50,2,6,-76.98,4.31,90.00,0,-111.63,-inf,-85.57,-9.49,-100.49,-24.86,-85.70,-9.64,-91.25,-15.51,-89.92,-14.14,-76.98,4.31
1409,5347.50,5366.50,2,6,-77.60,3.56,90.00,0,-109.83,-33.81,-87.35,-11.00,-99.81,-23.77,-83.70,-6.87,-90.25,-14.06,-94.17,-18.08,-77.60,3.56
1410,5347.25,5366.50,2,6,-74.51,8.26,90.00,0,-107.93,-34.02,-90.13,-16.12,-98.23,-24.31,-86.20,-12.03,-88.89,-14.85,-94.45,-20.50,-74.51,8.26
1411,5347.00,5366.50,2,6,-74.66,7.29,90.00,0,-106.04,-32.11,-89.14,-15.09,-96.23,-22.29,-85.31,-11.06,-88.12,-14.03,-95.16,-21.20,-74.66,7.29
1412,5346.75,5366.50,2,6,-77.35,4.64,90.00,0,-104.50,-28.43,-90.10,-13.85,-94.10,-17.97,-85.30,-8.68,-88.06,-11.70,-95.13,-19.01,-77.35,4.64
1413,5346.50,5366.50,2,6,-79.93,1.74,90.00,0,-104.60,-26.89,-89.93,-11.96,-96.39,-18.63,-85.12,-6.56,-87.03,-8.79,-94.24,-16.45,-79.93,1.74
1414,5346.25,5366.50,2,6,-80.71,1.47,90.00,0,-104.76,-26.38,-87.35,-8.38,-95.45,-16.99,-87.49,-8.54,-87.72,-8.80,-95.04,-16.57,-80.71,1.47
1415,5346.00,5366.50,2,6,-79.76,2.76,90.00,0,-103.00,-25.08,-88.61,-10.31,-96.34,-18.36,-87.50,-9.08,-87.70,-9.30,-94.42,-16.41,-79.76,2.76
1416,5345.75,5366.50,2,6,-82.09,0.60,90.00,0,-102.75,-23.36,-89.75,-9.96,-98.41,-18.99,-86.24,-5.87,-88.51,-8.58,-96.16,-16.70,-82.09,0.60
1417,5345.50,5366.50,2,6,-80.59,1.90,90.00,0,-103.40,-24.96,-90.07,-11.33,-98.52,-20.05,-86.76,-7.64,-87.10,-8.04,-95.15,-16.63,-80.59,1.90
1418,5345.25,5366.50,2,6,-79.06,3.75,90.00,0,-102.56,-25.01,-89.97,-12.18,-101.76,-24.21,-88.50,-10.60,-86.61,-8.51,-93.82,-16.18,-79.06,3.75
1419,5345.00,5366.50,2,6,-78.83,3.43,90.00,0,-103.55,-26.34,-89.32,-11.85,-102.70,-25.49,-90.26,-12.84,-84.99,-7.00,-93.20,-15.89,-78.83,3.43
1420,5344.75,5366.50,2,6,-80.96,1.03,90.00,0,-102.73,-24.28,-88.07,-9.13,-103.02,-24.56,-87.54,-8.53,-86.09,-6.84,-94.78,-16.24,-80.96,1.03
1421,5344.50,5366.50,2,6,-83.62,-2.64,90.00,0,-102.21,-23.10,-88.30,-8.65,-101.58,-22.47,-85.67,-5.50,-85.03,-4.66,-93.73,-14.49,-83.62,-2.64
1422,5344.25,5366.50,2,6,-84.21,-1.41,90.00,0,-99.56,-19.07,-90.94,-10.10,-102.91,-22.45,-85.83,-3.92,-89.12,-8.05,-94.60,-13.99,-84.21,-1.41
1423,5344.00,5366.50,2,6,-86.65,-3.54,90.00,0,-97.19,-15.56,-90.83,-8.77,-104.65,-23.12,-85.86,-2.36,-90.49,-8.38,-95.92,-14.24,-86.65,-3.54
1424,5343.75,5366.50,2,3,-85.32,-0.69,90.00,1,-98.14,-16.09,-90.61,-8.02,-105.48,-23.51,-85.32,-0.69,-91.37,-8.89,-95.32,-13.17,-88.96,-6.04
1425,5343.50,5366.50,2,3,-84.12,0.58,90.00,0,-98.23,-16.75,-92.02,-10.24,-107.14,-25.74,-84.12,0.58,-90.38,-8.41,-95.11,-13.54,-88.96,-6.74
1426,5343.25,5366.50,2,3,-83.79,0.41,90.00,0,-97.20,-16.12,-94.05,-12.86,-106.41,-25.42,-83.79,0.41,-89.86,-8.28,-94.59,-13.42,-87.65,-5.62
1427,5343.00,5366.50,2,3,-83.74,1.47,90.00,0,-98.99,-17.51,-97.43,-15.93,-106.40,-24.99,-83.74,1.47,-90.46,-8.48,-96.52,-14.99,-88.35,-5.97
1428,5342.75,5366.50,2,3,-85.00,0.94,90.00,0,-98.51,-15.97,-95.34,-12.68,-105.79,-23.34,-85.00,0.94,-90.26,-7.05,-95.12,-12.45,-91.30,-8.27
1429,5342.50,5366.50,2,3,-84.16,1.00,90.00,0,-99.01,-17.30,-96.48,-14.71,-107.64,-26.01,-84.16,1.00,-88.24,-5.55,-94.22,-12.35,-91.54,-9.45
1430,5342.25,5366.50,2,3,-83.98,1.31,90.00,0,-99.91,-18.27,-98.04,-16.36,-109.57,-27.98,-83.98,1.31,-88.53,-5.97,-92.72,-10.79,-91.88,-9.88
1431,5342.00,5366.50,2,3,-86.46,-1.12,90.00,0,-100.29,-17.35,-98.65,-15.69,-110.63,-inf,-86.46,-1.12,-88.06,-3.65,-94.40,-11.23,-91.75,-8.29
1432,5341.75,5366.50,2,3,-85.24,2.00,90.00,0,-100.08,-16.88,-101.12,-17.94,-108.66,-25.54,-85.24,2.00,-90.66,-6.70,-95.22,-11.83,-93.57,-10.04
1433,5341.50,5366.50,2,3,-85.30,1.53,90.00,0,-99.67,-16.59,-104.90,-21.88,-109.77,-26.77,-85.30,1.53,-90.78,-7.00,-93.68,-10.31,-92.53,-9.03
1434,5341.25,5366.50,2,3,-84.53,2.51,90.00,0,-101.14,-18.49,-107.34,-24.73,-110.78,-inf,-84.53,2.51,-90.66,-7.33,-93.13,-10.14,-93.59,-10.64
1435,5341.00,5366.50,2,3,-85.65,3.69,90.00,0,-101.14,-16.95,-106.45,-22.33,-110.10,-inf,-85.65,3.69,-93.50,-8.86,-95.94,-11.55,-95.79,-11.39
1436,5340.75,5366.50,2,3,-83.61,5.72,90.00,0,-99.60,-16.94,-107.48,-24.89,-109.74,-27.15,-83.61,5.72,-95.55,-12.75,-94.91,-12.08,-94.83,-11.99
1437,5340.50,5366.50,2,3,-82.16,6.74,90.00,0,-98.52,-17.11,-105.76,-24.42,-108.29,-26.96,-82.16,6.74,-95.99,-14.52,-92.77,-11.12,-96.47,-15.01
1438,5340.25,5366.50,2,3,-79.99,8.94,90.00,0,-99.28,-19.77,-103.91,-24.43,-109.94,-30.47,-79.99,8.94,-93.84,-14.22,-94.05,-14.43,-96.91,-17.36
1439,5340.00,5366.50,2,3,-81.44,6.69,90.00,0,-100.14,-19.50,-103.48,-22.87,-108.03,-27.43,-81.44,6.69,-93.73,-12.92,-92.28,-11.38,-95.76,-15.03
1440,5339.75,5366.50,2,3,-81.77,6.72,90.00,0,-103.75,-22.79,-106.53,-25.58,-106.64,-25.69,-81.77,6.72,-95.33,-14.23,-91.84,-10.54,-95.52,-14.44
1441,5339.50,5366.50,2,3,-80.76,6.63,90.00,0,-103.15,-23.23,-105.19,-25.27,-108.10,-28.19,-80.76,6.63,-95.65,-15.63,-90.22,-9.89,-93.92,-13.84
1442,5339.25,5366.50,2,3,-81.20,5.92,90.00,0,-105.15,-24.92,-104.80,-24.58,-109.13,-28.92,-81.20,5.92,-95.97,-15.64,-89.85,-9.14,-93.22,-12.79
1443,5339.00,5366.50,2,3,-80.78,7.74,90.00,0,-104.20,-24.09,-103.35,-23.22,-108.64,-28.53,-80.78,7.74,-97.10,-16.91,-92.81,-12.47,-93.08,-12.76
1444,5338.75,5366.50,2,3,-81.40,6.06,90.00,0,-103.36,-22.90,-101.62,-21.15,-110.40,-inf,-81.40,6.06,-97.64,-17.12,-92.40,-11.67,-90.80,-9.94
1445,5338.50,5366.50,2,3,-81.26,5.75,90.00,0,-103.87,-23.62,-102.66,-22.40,-111.30,-inf,-81.26,5.75,-97.04,-16.71,-89.21,-8.39,-93.99,-13.56
1446,5338.25,5366.50,2,3,-82.76,5.16,90.00,0,-102.24,-20.60,-102.41,-20.77,-111.34,-inf,-82.76,5.16,-97.06,-15.33,-91.20,-9.09,-93.56,-11.67
1447,5338.00,5366.50,2,3,-85.14,3.25,90.00,0,-100.77,-17.23,-100.55,-17.01,-110.89,-inf,-85.14,3.25,-97.15,-13.50,-93.09,-9.13,-93.07,-9.11
1448,5337.75,5366.50,2,3,-87.12,1.49,90.00,0,-102.66,-17.80,-98.67,-13.70,-109.88,-25.08,-87.12,1.49,-94.76,-9.51,-92.50,-6.91,-97.41,-12.38
1449,5337.50,5366.50,2,3,-86.07,3.56,90.00,0,-104.89,-20.36,-99.36,-14.74,-108.61,-24.11,-86.07,3.56,-97.27,-12.55,-93.40,-8.33,-97.37,-12.66
1450,5337.25,5366.50,2,3,-87.52,2.45,90.00,0,-107.13,-21.53,-99.18,-13.42,-107.34,-21.75,-87.52,2.45,-97.37,-11.51,-94.51,-8.35,-96.77,-10.86
1451,5337.00,5366.50,2,3,-87.33,1.32,90.00,0,-106.75,-21.80,-99.01,-13.91,-109.91,-24.98,-87.33,1.32,-94.59,-9.17,-92.62,-6.88,-96.68,-11.46
1452,5336.75,5366.50,2,3,-88.29,-1.64,90.00,0,-106.74,-22.34,-98.42,-13.87,-112.41,-inf,-88.29,-1.64,-92.24,-7.09,-89.46,-3.47,-97.67,-13.08
1453,5336.50,5366.50,2,3,-90.45,-2.66,90.00,0,-106.33,-20.38,-98.15,-11.98,-112.19,-inf,-90.45,-2.66,-91.83,-4.64,-92.29,-5.25,-98.45,-12.30
1454,5336.25,5366.50,2,3,-91.32,-4.91,90.00,0,-107.04,-21.81,-98.00,-12.57,-111.21,-inf,-91.32,-4.91,-88.60,-0.75,-92.92,-6.92,-99.45,-14.08
1455,5336.00,5366.50,2,3,-88.96,-3.28,90.00,0,-106.62,-22.58,-97.66,-13.46,-111.40,-inf,-88.96,-3.28,-87.97,-1.73,-91.98,-7.22,-97.45,-13.23
1456,5335.75,5366.50,2,3,-88.74,-4.84,90.00,0,-105.87,-23.18,-98.33,-15.54,-111.16,-inf,-88.74,-4.84,-85.88,-0.38,-89.85,-6.25,-97.55,-14.74
1457,5335.50,5366.50,2,3,-90.28,-8.50,90.00,0,-105.05,-23.84,-97.57,-16.27,-109.19,-27.99,-90.28,-8.50,-82.89,3.22,-90.32,-8.56,-95.81,-14.46
1458,5335.25,5366.50,2,3,-88.10,-6.19,90.00,0,-106.15,-25.15,-97.86,-16.79,-109.37,-28.39,-88.10,-6.19,-83.17,1.83,-89.97,-8.41,-95.15,-14.00
1459,5335.00,5366.50,2,3,-87.74,-4.44,90.00,0,-105.06,-23.07,-99.94,-17.90,-110.20,-inf,-87.74,-4.44,-84.75,0.47,-90.35,-7.71,-97.67,-15.59
1460,5334.75,5366.50,2,3,-86.81,-4.53,90.00,0,-103.37,-22.37,-99.01,-17.97,-112.29,-inf,-86.81,-4.53,-84.32,-0.64,-87.62,-5.59,-96.84,-15.75
1461,5334.50,5366.50,2,3,-84.15,-1.50,90.00,0,-101.04,-20.68,-97.51,-17.10,-113.43,-inf,-84.15,-1.50,-85.86,-4.10,-86.32,-4.73,-98.54,-18.14
1462,5334.25,5366.50,2,3,-82.98,-0.37,90.00,0,-99.48,-19.66,-100.18,-20.36,-113.64,-inf,-82.98,-0.37,-86.24,-5.35,-85.90,-4.91,-96.35,-16.48
1463,5334.00,5366.50,2,3,-82.60,-0.15,90.00,0,-99.54,-19.99,-101.62,-22.08,-114.70,-inf,-82.60,-0.15,-86.69,-6.26,-85.24,-4.38,-95.57,-15.94
1464,5333.75,5366.50,2,3,-81.48,2.53,90.00,0,-100.16,-20.56,-100.50,-20.91,-117.09,-inf,-81.48,2.53,-89.18,-9.12,-86.60,-6.09,-95.32,-15.65
1465,5333.50,5366.50,2,3,-79.62,2.64,90.00,0,-99.87,-22.11,-101.15,-23.39,-115.96,-inf,-79.62,2.64,-88.13,-9.98,-84.16,-5.31,-95.39,-17.58
1466,5333.25,5366.50,2,3,-78.20,4.01,90.00,0,-100.24,-23.47,-98.62,-21.84,-115.97,-inf,-78.20,4.01,-87.75,-10.64,-84.53,-6.99,-93.21,-16.36
1467,5333.00,5366.50,2,3,-80.78,1.73,90.00,0,-100.03,-21.45,-99.70,-21.12,-116.60,-inf,-80.78,1.73,-88.52,-9.51,-84.81,-5.10,-92.23,-13.49
1468,5332.75,5366.50,2,3,-80.77,2.84,90.00,0,-100.55,-21.57,-101.75,-22.78,-116.36,-inf,-80.77,2.84,-89.37,-10.01,-85.73,-5.75,-95.73,-16.69
1469,5332.50,5366.50,2,3,-80.24,4.21,90.00,0,-101.91,-23.04,-103.25,-24.39,-115.59,-inf,-80.24,4.21,-92.27,-13.22,-86.12,-6.37,-94.73,-15.77
1470,5332.25,5366.50,2,3,-79.19,4.42,90.00,0,-101.19,-23.32,-101.63,-23.77,-117.13,-inf,-79.19,4.42,-92.68,-14.69,-85.11,-6.36,-93.05,-15.08
1471,5332.00,5366.50,2,3,-78.52,6.40,90.00,0,-103.64,-26.00,-102.29,-24.65,-117.10,-inf,-78.52,6.40,-93.80,-16.07,-87.07,-8.92,-91.96,-14.17
1472,5331.75,5366.50,2,3,-78.75,7.68,90.00,0,-104.15,-26.08,-104.86,-26.79,-117.62,-inf,-78.75,7.68,-94.34,-16.17,-89.40,-11.01,-92.30,-14.07
1473,5331.50,5366.50,2,3,-78.52,8.39,90.00,0,-102.64,-24.69,-104.25,-26.31,-121.34,-inf,-78.52,8.39,-94.41,-16.38,-90.60,-12.42,-92.14,-14.03
1474,5331.25,5366.50,2,3,-77.38,7.98,90.00,0,-100.89,-24.14,-104.36,-27.61,-122.46,-inf,-77.38,7.98,-92.65,-15.80,-88.23,-11.17,-91.87,-15.00
1475,5331.00,5366.50,2,3,-78.58,8.09,90.00,0,-102.69,-24.72,-103.94,-25.97,-122.94,-inf,-78.58,8.09,-94.32,-16.26,-89.63,-11.36,-93.06,-14.96
1476,5330.75,5366.50,2,3,-78.92,8.61,90.00,0,-105.33,-26.96,-106.32,-27.94,-121.89,-inf,-78.92,8.61,-93.60,-15.10,-91.35,-12.77,-93.54,-15.04
1477,5330.50,5366.50,2,3,-81.01,6.09,90.00,0,-105.70,-25.63,-107.31,-27.25,-118.93,-inf,-81.01,6.09,-94.25,-14.03,-91.62,-11.25,-91.30,-10.91
1478,5330.25,5366.50,2,3,-80.42,6.62,90.00,0,-104.33,-24.75,-107.32,-27.75,-118.02,-inf,-80.42,6.62,-94.00,-14.28,-92.63,-12.85,-90.57,-10.65
1479,5330.00,5366.50,2,3,-79.76,7.58,90.00,0,-104.77,-25.69,-107.91,-28.84,-120.13,-inf,-79.76,7.58,-93.80,-14.59,-92.19,-12.90,-91.73,-12.42
1480,5329.75,5366.50,2,3,-82.23,4.80,90.00,0,-101.78,-20.75,-107.86,-26.86,-120.15,-inf,-82.23,4.80,-93.51,-12.26,-92.58,-11.28,-90.98,-9.53
1481,5329.50,5366.50,2,3,-81.13,5.06,90.00,0,-104.26,-24.29,-106.34,-26.38,-118.84,-inf,-81.13,5.06,-96.58,-16.53,-94.01,-13.88,-87.89,-7.18
1482,5329.25,5366.50,2,3,-79.13,6.30,90.00,0,-106.41,-28.19,-108.03,-29.82,-119.27,-inf,-79.13,6.30,-94.57,-16.25,-92.52,-14.14,-87.41,-8.64
1483,5329.00,5366.50,2,3,-77.06,10.20,90.00,0,-107.87,-31.20,-108.01,-31.34,-118.58,-inf,-77.06,10.20,-96.18,-19.47,-96.27,-19.56,-88.96,-12.03
1484,5328.75,5366.50,2,3,-76.44,10.17,90.00,0,-106.51,-30.46,-109.77,-33.73,-118.07,-inf,-76.44,10.17,-95.68,-19.60,-96.62,-20.54,-88.06,-11.74
1485,5328.50,5366.50,2,3,-75.54,11.74,90.00,0,-105.37,-30.11,-110.31,-inf,-118.13,-inf,-75.54,11.74,-93.75,-18.43,-96.99,-21.71,-89.51,-14.09
1486,5328.25,5366.50,2,3,-75.85,13.86,90.00,0,-108.55,-32.87,-111.14,-inf,-116.03,-inf,-75.85,13.86,-95.87,-20.16,-97.92,-22.22,-92.72,-16.96
1487,5328.00,5366.50,2,3,-74.28,15.99,90.00,0,-109.35,-35.18,-110.30,-inf,-118.48,-inf,-74.28,15.99,-97.09,-22.90,-98.42,-24.23,-93.10,-18.87
1488,5327.75,5366.50,2,3,-75.46,15.20,90.00,0,-111.82,-inf,-111.05,-inf,-115.39,-inf,-75.46,15.20,-97.15,-21.79,-97.19,-21.82,-94.27,-18.88
1489,5327.50,5366.50,2,3,-77.34,13.16,90.00,0,-110.34,-inf,-112.80,-inf,-114.03,-inf,-77.34,13.16,-97.18,-20.00,-96.89,-19.70,-94.03,-16.80
1490,5327.25,5366.50,2,3,-78.55,10.99,90.00,0,-109.09,-30.87,-113.06,-inf,-112.90,-inf,-78.55,10.99,-96.37,-18.08,-95.59,-17.29,-93.08,-14.72
1491,5327.00,5366.50,2,3,-77.52,11.71,90.00,0,-107.54,-30.31,-111.94,-inf,-113.52,-inf,-77.52,11.71,-94.18,-16.86,-97.36,-20.09,-92.90,-15.55
1492,5326.75,5366.50,2,3,-79.71,8.00,90.00,0,-107.12,-28.04,-112.93,-inf,-113.53,-inf,-79.71,8.00,-94.96,-15.77,-95.03,-15.84,-90.26,-10.84
1493,5326.50,5366.50,2,3,-78.18,9.65,90.00,0,-105.31,-27.57,-111.84,-inf,-114.53,-inf,-78.18,9.65,-96.08,-18.29,-95.50,-17.69,-90.04,-12.04
1494,5326.25,5366.50,2,3,-78.69,9.11,90.00,0,-106.17,-27.98,-110.17,-inf,-110.72,-inf,-78.69,9.11,-93.14,-14.82,-95.92,-17.67,-90.99,-12.57
1495,5326.00,5366.50,2,3,-78.39,9.56,90.00,0,-109.80,-31.87,-108.36,-30.43,-110.49,-inf,-78.39,9.56,-93.23,-15.17,-96.16,-18.17,-91.19,-13.05
1496,5325.75,5366.50,2,3,-77.73,8.38,90.00,0,-108.10,-30.95,-109.19,-32.05,-110.00,-inf,-77.73,8.38,-91.82,-14.53,-97.30,-20.11,-88.30,-10.81
1497,5325.50,5366.50,2,3,-76.93,9.10,90.00,0,-107.13,-30.70,-107.27,-30.84,-109.37,-32.95,-76.93,9.10,-93.14,-16.62,-98.54,-22.09,-87.64,-10.88
1498,5325.25,5366.50,2,3,-78.94,6.44,90.00,0,-108.07,-30.02,-105.56,-27.50,-108.61,-30.55,-78.94,6.44,-93.07,-14.88,-97.45,-19.34,-86.85,-8.18
1499,5325.00,5366.50,2,3,-78.07,8.47,90.00,0,-107.36,-29.86,-104.34,-26.83,-109.07,-31.57,-78.07,8.47,-95.68,-18.12,-95.73,-18.17,-88.20,-10.32
1500,5324.75,5366.50,2,3,-75.97,11.38,90.00,0,-106.63,-30.97,-105.87,-30.20,-110.78,-inf,-75.97,11.38,-97.48,-21.79,-93.92,-18.19,-89.54,-13.70
1501,5324.50,5366.50,2,3,-77.00,10.85,90.00,0,-106.54,-29.88,-107.46,-30.80,-111.89,-inf,-77.00,10.85,-95.87,-19.17,-95.63,-18.92,-90.13,-13.27
1502,5324.25,5366.50,2,3,-77.48,8.17,90.00,0,-106.73,-29.87,-107.96,-31.09,-111.31,-inf,-77.48,8.17,-95.32,-18.40,-95.20,-18.28,-87.01,-9.71
1503,5324.00,5366.50,2,3,-77.06,8.76,90.00,0,-109.39,-32.86,-106.89,-30.37,-107.78,-31.25,-77.06,8.76,-96.52,-19.95,-96.24,-19.67,-86.97,-10.04
1504,5323.75,5366.50,2,3,-78.46,6.17,90.00,0,-109.25,-31.72,-105.55,-28.03,-105.48,-27.95,-78.46,6.17,-96.69,-19.12,-96.60,-19.03,-85.46,-7.18
1505,5323.50,5366.50,2,3,-79.70,7.89,90.00,0,-112.44,-inf,-104.35,-25.29,-104.96,-25.90,-79.70,7.89,-97.67,-18.56,-97.99,-18.89,-89.06,-9.55
1506,5323.25,5366.50,2,3,-79.32,8.17,90.00,0,-111.82,-inf,-104.63,-25.91,-106.05,-27.34,-79.32,8.17,-96.39,-17.61,-98.86,-20.11,-88.99,-9.86
1507,5323.00,5366.50,2,3,-80.98,6.11,90.00,0,-112.58,-inf,-104.91,-24.86,-103.91,-23.86,-80.98,6.11,-92.84,-12.58,-97.36,-17.24,-89.68,-9.15
1508,5322.75,5366.50,2,3,-79.81,7.92,90.00,0,-111.10,-inf,-103.80,-24.63,-106.25,-27.08,-79.81,7.92,-92.04,-12.66,-96.68,-17.44,-91.67,-12.26
1509,5322.50,5366.50,2,3,-78.84,7.78,90.00,0,-111.38,-inf,-104.76,-26.58,-105.72,-27.54,-78.84,7.78,-92.15,-13.80,-94.42,-16.15,-89.80,-11.32
1510,5322.25,5366.50,2,3,-80.30,6.19,90.00,0,-112.05,-inf,-107.41,-28.03,-104.61,-25.23,-80.30,6.19,-89.38,-9.55,-97.39,-17.95,-91.24,-11.58
1511,5322.00,5366.50,2,3,-79.12,8.16,90.00,0,-110.74,-inf,-108.82,-30.32,-102.87,-24.35,-79.12,8.16,-90.00,-11.18,-98.16,-19.62,-92.55,-13.88
1512,5321.75,5366.50,2,3,-80.72,7.04,90.00,0,-109.89,-29.96,-107.45,-27.51,-101.04,-21.07,-80.72,7.04,-90.85,-10.55,-99.19,-19.20,-92.77,-12.61
1513,5321.50,5366.50,2,3,-78.19,8.51,90.00,0,-111.44,-inf,-105.93,-28.30,-100.71,-23.07,-78.19,8.51,-89.41,-11.49,-100.02,-22.38,-91.66,-13.87
1514,5321.25,5366.50,2,3,-78.66,7.88,90.00,0,-112.53,-inf,-106.75,-28.74,-102.02,-24.00,-78.66,7.88,-89.04,-10.68,-99.78,-21.74,-91.67,-13.48
1515,5321.00,5366.50,2,3,-81.11,4.85,90.00,0,-115.01,-inf,-106.63,-26.74,-102.68,-22.78,-81.11,4.85,-87.14,-6.36,-98.10,-18.15,-95.64,-15.65
1516,5320.75,5366.50,2,3,-84.73,1.96,90.00,0,-115.17,-inf,-106.88,-24.28,-103.62,-20.99,-84.73,1.96,-88.04,-3.99,-97.18,-14.44,-96.65,-13.89
1517,5320.50,5366.50,2,3,-82.29,5.04,90.00,0,-117.20,-inf,-108.05,-26.94,-104.24,-23.12,-82.29,5.04,-88.67,-6.73,-97.72,-16.52,-97.73,-16.53
1518,5320.25,5366.50,2,3,-82.52,3.85,90.00,0,-117.41,-inf,-108.43,-27.40,-102.01,-20.96,-82.52,3.85,-87.61,-5.51,-97.43,-16.31,-96.63,-15.49
1519,5320.00,5366.50,2,3,-80.46,5.30,90.00,0,-118.56,-inf,-109.80,-30.46,-99.37,-19.99,-80.46,5.30,-86.67,-6.45,-99.59,-20.22,-97.80,-18.40
1520,5319.75,5366.50,2,3,-80.62,5.96,90.00,0,-116.63,-inf,-109.27,-29.62,-97.01,-17.29,-80.62,5.96,-88.19,-7.89,-101.17,-21.50,-95.35,-15.59
1521,5319.50,5366.50,2,3,-80.40,4.15,90.00,0,-118.31,-inf,-107.79,-28.79,-98.08,-19.04,-80.40,4.15,-85.39,-5.27,-99.71,-20.68,-96.33,-17.26
1522,5319.25,5366.50,2,3,-81.29,4.23,90.00,0,-117.82,-inf,-106.69,-26.78,-98.31,-18.35,-81.29,4.23,-86.48,-5.50,-100.00,-20.06,-97.31,-17.33
1523,5319.00,5366.50,2,3,-81.54,4.05,90.00,0,-116.75,-inf,-104.79,-24.67,-97.42,-17.24,-81.54,4.05,-86.81,-5.67,-98.29,-18.12,-96.79,-16.59
1524,5318.75,5366.50,2,3,-80.31,5.91,90.00,0,-118.05,-inf,-103.68,-24.35,-98.53,-19.15,-80.31,5.91,-87.44,-7.40,-98.74,-19.37,-97.71,-18.33
1525,5318.50,5366.50,2,3,-80.73,3.80,90.00,0,-118.58,-inf,-103.14,-23.91,-101.66,-22.42,-80.73,3.80,-85.16,-4.67,-99.56,-20.31,-98.32,-19.05
1526,5318.25,5366.50,2,3,-78.85,6.44,90.00,0,-121.65,-inf,-101.31,-23.33,-99.16,-21.16,-78.85,6.44,-86.28,-7.62,-98.33,-20.33,-98.05,-20.05
1527,5318.00,5366.50,2,3,-78.07,6.19,90.00,0,-123.62,-inf,-104.68,-27.54,-100.09,-22.94,-78.07,6.19,-85.28,-7.43,-94.06,-16.84,-97.82,-20.65
1528,5317.75,5366.50,2,3,-78.35,5.18,90.00,0,-126.25,-inf,-108.11,-30.91,-99.46,-22.24,-78.35,5.18,-84.67,-6.61,-92.22,-14.89,-97.02,-19.78
1529,5317.50,5366.50,2,3,-77.37,6.92,90.00,0,-123.82,-inf,-105.16,-28.59,-99.63,-23.04,-77.37,6.92,-85.21,-8.01,-94.61,-17.97,-98.95,-22.36
1530,5317.25,5366.50,2,3,-76.97,6.74,90.00,0,-126.05,-inf,-103.03,-26.89,-101.89,-25.75,-76.97,6.74,-84.42,-7.59,-95.79,-19.61,-97.85,-21.69
1531,5317.00,5366.50,2,3,-75.50,9.61,90.00,0,-125.45,-inf,-103.05,-28.00,-102.22,-27.16,-75.50,9.61,-86.15,-10.75,-95.36,-20.28,-98.08,-23.01
1532,5316.75,5366.50,2,3,-76.14,7.99,90.00,0,-125.96,-inf,-102.60,-27.09,-101.01,-25.50,-76.14,7.99,-85.24,-9.25,-93.39,-17.82,-97.50,-21.97
1533,5316.50,5366.50,2,3,-77.78,4.88,90.00,0,-123.69,-inf,-102.71,-26.14,-100.47,-23.89,-77.78,4.88,-83.49,-5.95,-93.14,-16.48,-96.67,-20.07
1534,5316.25,5366.50,2,3,-76.08,9.44,90.00,0,-123.66,-inf,-103.37,-27.75,-101.67,-26.05,-76.08,9.44,-86.63,-10.66,-95.39,-19.73,-98.82,-23.19
1535,5316.00,5366.50,2,3,-73.51,10.83,90.00,0,-122.85,-inf,-102.66,-29.49,-100.31,-27.14,-73.51,10.83,-85.15,-11.70,-95.21,-22.02,-100.91,-27.74
1536,5315.75,5366.50,2,3,-72.07,12.83,90.00,0,-122.36,-inf,-103.99,-32.14,-98.55,-26.70,-72.07,12.83,-85.89,-13.87,-95.59,-23.73,-99.86,-28.01
1537,5315.50,5366.50,2,3,-73.67,11.86,90.00,0,-122.40,-inf,-101.00,-27.61,-100.01,-26.61,-73.67,11.86,-86.64,-13.04,-97.67,-24.26,-97.32,-23.91
1538,5315.25,5366.50,2,3,-73.01,12.96,90.00,0,-123.44,-inf,-100.02,-27.22,-99.45,-26.65,-73.01,12.96,-87.49,-14.54,-96.50,-23.69,-96.80,-23.99
1539,5315.00,5366.50,2,3,-70.16,15.67,90.00,0,-123.40,-inf,-100.15,-30.10,-98.62,-28.57,-70.16,15.67,-87.39,-17.27,-96.05,-25.99,-96.85,-26.80
1540,5314.75,5366.50,2,3,-69.92,13.47,90.00,0,-125.25,-inf,-101.19,-31.46,-97.06,-27.33,-69.92,13.47,-84.88,-15.01,-93.02,-23.27,-93.36,-23.61
1541,5314.50,5366.50,2,3,-71.16,12.57,90.00,0,-121.18,-inf,-101.30,-30.37,-98.75,-27.81,-71.16,12.57,-85.20,-14.10,-94.31,-23.35,-92.77,-21.81
1542,5314.25,5366.50,2,3,-68.85,13.60,90.00,0,-124.68,-inf,-103.72,-35.06,-98.51,-29.84,-68.85,13.60,-83.56,-14.75,-94.16,-25.49,-92.14,-23.46
1543,5314.00,5366.50,2,3,-69.38,12.18,90.00,0,-125.25,-inf,-102.64,-33.51,-96.80,-27.67,-69.38,12.18,-82.39,-13.05,-95.83,-26.70,-92.28,-23.14
1544,5313.75,5366.50,2,3,-70.80,13.24,90.00,0,-124.45,-inf,-103.25,-32.65,-97.80,-27.19,-70.80,13.24,-85.21,-14.46,-96.96,-26.35,-93.78,-23.16
1545,5313.50,5366.50,2,3,-71.43,11.60,90.00,0,-124.84,-inf,-101.57,-30.43,-97.25,-26.10,-71.43,11.60,-83.99,-12.62,-97.43,-26.28,-93.49,-22.32
1546,5313.25,5366.50,2,3,-70.19,12.63,90.00,0,-124.32,-inf,-98.25,-28.28,-99.27,-29.30,-70.19,12.63,-83.75,-13.60,-101.36,-31.40,-92.55,-22.57
1547,5313.00,5366.50,2,3,-71.77,10.56,90.00,0,-121.43,-inf,-96.83,-25.41,-97.97,-26.56,-71.77,10.56,-83.64,-11.96,-101.82,-30.40,-90.07,-18.60
1548,5312.75,5366.50,2,3,-71.09,10.77,90.00,0,-123.26,-inf,-94.93,-24.17,-96.86,-26.10,-71.09,10.77,-83.27,-12.28,-100.85,-30.11,-89.63,-18.83
1549,5312.50,5366.50,2,3,-74.50,8.91,90.00,0,-122.76,-inf,-95.31,-21.30,-96.29,-22.29,-74.50,8.91,-85.91,-11.64,-99.75,-25.76,-89.02,-14.90
1550,5312.25,5366.50,2,3,-74.76,7.88,90.00,0,-120.35,-inf,-95.21,-21.07,-93.27,-19.11,-74.76,7.88,-85.29,-10.84,-99.68,-25.56,-88.21,-13.94
1551,5312.00,5366.50,2,3,-75.74,5.85,90.00,0,-118.48,-inf,-94.71,-19.93,-95.34,-20.57,-75.74,5.85,-84.58,-9.36,-100.29,-25.55,-85.82,-10.73
1552,5311.75,5366.50,2,3,-75.78,6.09,90.00,0,-116.41,-inf,-93.76,-18.88,-95.27,-20.41,-75.78,6.09,-84.59,-9.28,-98.90,-24.06,-86.82,-11.72
1553,5311.50,5366.50,2,3,-76.65,5.43,90.00,0,-116.62,-inf,-93.61,-17.99,-96.71,-21.13,-76.65,5.43,-84.95,-8.86,-96.91,-21.33,-86.89,-11.01
1554,5311.25,5366.50,2,3,-77.89,4.45,90.00,0,-115.01,-inf,-94.73,-18.11,-99.64,-23.06,-77.89,4.45,-85.62,-8.49,-96.61,-20.01,-86.33,-9.28
1555,5311.00,5366.50,2,3,-80.16,2.49,90.00,0,-114.75,-inf,-95.05,-16.74,-102.86,-24.63,-80.16,2.49,-85.24,-6.06,-96.79,-18.52,-87.53,-8.77
1556,5310.75,5366.50,2,3,-80.75,1.73,90.00,0,-115.72,-inf,-93.78,-15.13,-100.70,-22.15,-80.75,1.73,-86.96,-7.77,-96.03,-17.43,-85.56,-6.08
1557,5310.50,5366.50,2,3,-82.77,-1.61,90.00,0,-116.76,-inf,-94.91,-15.92,-99.34,-20.42,-82.77,-1.61,-87.36,-7.81,-95.41,-16.43,-83.01,-2.02
1558,5310.25,5366.50,2,3,-82.81,-1.41,90.00,0,-116.97,-inf,-96.78,-17.67,-102.15,-23.09,-82.81,-1.41,-88.94,-9.43,-94.65,-15.49,-82.80,-1.39
1559,5310.00,5366.50,2,3,-82.75,-1.41,90.00,0,-115.55,-inf,-95.52,-16.45,-98.45,-19.43,-82.75,-1.41,-88.40,-8.90,-96.21,-17.15,-82.88,-1.64
1560,5309.75,5366.50,2,6,-81.35,1.80,90.00,1,-117.82,-inf,-95.37,-16.12,-98.29,-19.09,-86.50,-6.47,-87.24,-7.36,-97.46,-18.25,-81.35,1.80
1561,5309.50,5366.50,2,6,-80.41,2.68,90.00,0,-119.21,-inf,-94.54,-15.90,-98.53,-19.95,-86.11,-6.75,-87.45,-8.32,-101.26,-22.70,-80.41,2.68
1562,5309.25,5366.50,2,6,-81.88,1.20,90.00,0,-116.48,-inf,-93.37,-13.76,-97.07,-17.56,-88.02,-7.94,-86.05,-5.55,-100.18,-20.71,-81.88,1.20
1563,5309.00,5366.50,2,6,-83.79,-1.28,90.00,0,-115.57,-inf,-91.81,-11.42,-95.87,-15.67,-88.56,-7.81,-85.09,-3.35,-99.72,-19.58,-83.79,-1.28
1564,5308.75,5366.50,2,6,-83.10,-1.08,90.00,0,-117.25,-inf,-89.94,-10.00,-96.68,-17.07,-87.88,-7.68,-84.95,-3.96,-99.24,-19.67,-83.10,-1.08
1565,5308.50,5366.50,2,6,-83.76,-0.80,90.00,0,-119.29,-inf,-90.88,-10.15,-97.01,-16.58,-87.19,-5.85,-87.42,-6.15,-96.62,-16.18,-83.76,-0.80
1566,5308.25,5366.50,2,6,-81.78,-1.14,90.00,0,-119.08,-inf,-86.69,-7.87,-96.21,-17.98,-86.84,-8.05,-84.25,-4.85,-95.05,-16.80,-81.78,-1.14
1567,5308.00,5366.50,2,6,-81.53,-0.93,90.00,0,-119.45,-inf,-86.62,-7.94,-93.40,-15.24,-87.48,-8.92,-83.93,-4.60,-98.99,-20.92,-81.53,-0.93
1568,5307.75,5366.50,2,6,-82.37,-1.43,90.00,0,-117.26,-inf,-88.05,-8.94,-92.18,-13.39,-88.22,-9.13,-83.89,-3.78,-97.32,-18.67,-82.37,-1.43
1569,5307.50,5366.50,2,6,-83.68,-3.78,90.00,0,-115.10,-inf,-88.75,-9.96,-91.02,-12.40,-86.53,-7.43,-82.56,-2.09,-96.15,-17.70,-83.68,-3.78
1570,5307.25,5366.50,2,4,-83.76,-2.85,90.00,1,-113.27,-inf,-89.26,-9.73,-90.07,-10.61,-84.14,-3.42,-83.76,-2.85,-96.96,-17.79,-87.49,-7.71
1571,5307.00,5366.50,2,4,-84.07,-2.79,90.00,0,-112.47,-inf,-87.66,-7.50,-90.33,-10.52,-86.52,-6.12,-84.07,-2.79,-95.54,-15.99,-86.59,-6.22
1572,5306.75,5366.50,2,4,-84.97,-4.45,90.00,0,-112.82,-inf,-84.59,-3.92,-91.00,-11.52,-86.19,-6.03,-84.97,-4.45,-95.03,-15.72,-87.50,-7.62
1573,5306.50,5366.50,2,4,-85.81,-4.92,90.00,0,-111.21,-inf,-87.14,-6.61,-90.85,-10.82,-85.26,-4.18,-85.81,-4.92,-96.12,-16.35,-86.84,-6.24
1574,5306.25,5366.50,2,4,-83.85,-2.89,90.00,0,-112.36,-inf,-85.28,-4.90,-93.36,-14.03,-85.89,-5.69,-83.85,-2.89,-99.68,-20.48,-87.45,-7.60
1575,5306.00,5366.50,2,4,-82.35,-0.26,90.00,0,-112.85,-inf,-86.76,-6.72,-94.94,-15.61,-87.03,-7.04,-82.35,-0.26,-100.44,-21.20,-88.00,-8.18
1576,5305.75,5366.50,2,4,-83.92,-1.18,90.00,0,-112.17,-inf,-86.30,-4.77,-95.76,-15.36,-89.04,-8.15,-83.92,-1.18,-101.18,-20.87,-88.89,-7.97
1577,5305.50,5366.50,2,4,-83.13,-0.22,90.00,0,-109.52,-29.51,-86.86,-5.85,-95.86,-15.75,-88.72,-8.09,-83.13,-0.22,-104.10,-24.07,-88.83,-8.21
1578,5305.25,5366.50,2,4,-81.67,1.95,90.00,0,-109.07,-29.54,-87.94,-7.73,-91.83,-12.04,-90.71,-10.84,-81.67,1.95,-104.03,-24.48,-89.67,-9.70
1579,5305.00,5366.50,2,4,-80.03,2.77,90.00,0,-109.33,-31.14,-87.00,-8.20,-93.43,-15.11,-91.41,-13.02,-80.03,2.77,-105.92,-27.73,-87.13,-8.35
1580,5304.75,5366.50,2,4,-81.99,-0.50,90.00,0,-109.37,-30.64,-85.03,-5.15,-90.81,-11.82,-90.92,-11.93,-81.99,-0.50,-107.04,-28.31,-86.61,-7.12
1581,5304.50,5366.50,2,4,-83.09,-1.64,90.00,0,-112.99,-inf,-86.37,-6.26,-92.46,-13.06,-92.63,-13.24,-83.09,-1.64,-106.32,-27.13,-84.42,-3.69
1582,5304.25,5366.50,2,4,-82.87,-1.14,90.00,0,-111.36,-inf,-86.69,-6.57,-90.21,-10.59,-91.98,-12.49,-82.87,-1.14,-107.53,-28.27,-85.43,-4.98
1583,5304.00,5366.50,2,4,-82.37,-0.51,90.00,0,-108.04,-28.94,-86.62,-6.68,-89.13,-9.58,-94.50,-15.28,-82.37,-0.51,-105.55,-26.45,-85.82,-5.68
1584,5303.75,5366.50,2,4,-84.19,-2.63,90.00,0,-108.22,-28.55,-86.15,-5.38,-87.84,-7.45,-95.93,-16.16,-84.19,-2.63,-103.86,-24.18,-86.01,-5.20
1585,5303.50,5366.50,2,4,-85.85,-4.28,90.00,0,-104.43,-24.22,-85.16,-3.30,-87.83,-6.81,-96.05,-15.74,-85.85,-4.28,-100.81,-20.58,-87.45,-6.35
1586,5303.25,5366.50,2,4,-86.30,-5.06,90.00,0,-104.17,-24.09,-84.66,-2.75,-88.64,-7.93,-95.43,-15.23,-86.30,-5.06,-101.29,-21.19,-86.53,-5.35
1587,5303.00,5366.50,2,4,-86.22,-4.92,90.00,0,-102.39,-22.27,-86.62,-5.44,-86.17,-4.85,-93.04,-12.73,-86.22,-4.92,-101.29,-21.17,-86.80,-5.67
1588,5302.75,5366.50,2,4,-88.89,-7.47,90.00,0,-104.91,-24.19,-85.60,-3.20,-86.31,-4.21,-94.48,-13.59,-88.89,-7.47,-101.32,-20.58,-88.08,-6.49
1589,5302.50,5366.50,2,4,-89.13,-7.00,90.00,0,-104.59,-23.23,-88.31,-5.99,-86.10,-2.99,-94.73,-13.19,-89.13,-7.00,-100.42,-19.03,-87.87,-5.45
1590,5302.25,5366.50,2,4,-89.58,-5.82,90.00,0,-106.57,-23.81,-88.61,-4.56,-88.73,-4.72,-95.95,-12.99,-89.58,-5.82,-99.98,-17.15,-89.92,-6.25
1591,5302.00,5366.50,2,4,-92.10,-7.60,90.00,0,-108.68,-24.86,-90.13,-5.17,-89.94,-4.91,-94.80,-10.63,-92.10,-7.60,-101.38,-17.50,-89.82,-4.76
1592,5301.75,5366.50,2,4,-91.32,-6.76,90.00,0,-108.39,-24.65,-89.79,-4.83,-89.67,-4.66,-95.31,-11.27,-91.32,-6.76,-99.93,-16.10,-90.64,-5.92
1593,5301.50,5366.50,2,4,-90.57,-6.86,90.00,0,-108.56,-25.66,-88.13,-3.69,-90.39,-6.65,-95.34,-12.20,-90.57,-6.86,-100.37,-17.40,-88.82,-4.65
1594,5301.25,5366.50,2,4,-88.29,-1.99,90.00,0,-106.95,-22.75,-92.31,-7.41,-91.25,-6.13,-96.81,-12.39,-88.29,-1.99,-101.45,-17.19,-92.19,-7.27
1595,5301.00,5366.50,2,4,-88.14,-2.94,90.00,0,-106.44,-23.01,-89.86,-5.33,-90.23,-5.80,-98.49,-14.94,-88.14,-2.94,-100.77,-17.27,-91.60,-7.48
1596,5300.75,5366.50,2,4,-85.97,-0.90,90.00,0,-108.46,-25.96,-89.71,-6.30,-91.71,-8.67,-98.32,-15.71,-85.97,-0.90,-101.89,-19.35,-89.83,-6.46
1597,5300.50,5366.50,2,4,-82.25,2.66,90.00,0,-106.96,-26.58,-90.13,-9.27,-90.94,-10.17,-98.44,-18.00,-82.25,2.66,-101.44,-21.04,-89.52,-8.59
1598,5300.25,5366.50,2,4,-85.36,-1.13,90.00,0,-107.59,-25.82,-88.90,-6.22,-90.61,-8.25,-97.81,-15.95,-85.36,-1.13,-99.81,-17.99,-89.11,-6.48
1599,5300.00,5366.50,2,4,-85.58,-2.89,90.00,0,-107.80,-26.91,-86.84,-4.68,-88.59,-6.89,-97.97,-17.00,-85.58,-2.89,-100.75,-19.82,-88.04,-6.23
1600,5299.75,5366.50,2,4,-83.60,-1.16,90.00,0,-110.08,-inf,-87.32,-6.47,-87.63,-6.84,-97.73,-17.69,-83.60,-1.16,-102.71,-22.72,-87.45,-6.63
1601,5299.50,5366.50,2,4,-82.75,0.40,90.00,0,-107.88,-27.94,-88.54,-7.96,-87.43,-6.64,-97.87,-17.86,-82.75,0.40,-99.33,-19.34,-89.08,-8.58
1602,5299.25,5366.50,2,4,-82.88,-0.93,90.00,0,-108.07,-28.69,-86.22,-5.84,-87.49,-7.38,-97.33,-17.89,-82.88,-0.93,-97.29,-17.84,-87.61,-7.53
1603,5299.00,5366.50,2,4,-83.83,-2.92,90.00,0,-105.62,-26.49,-86.50,-6.50,-88.06,-8.35,-98.03,-18.86,-83.83,-2.92,-95.33,-16.10,-84.28,-3.59
1604,5298.75,5366.50,2,4,-83.41,-2.52,90.00,0,-104.37,-25.39,-87.29,-7.63,-90.55,-11.27,-96.88,-17.84,-83.41,-2.52,-96.24,-17.19,-83.18,-2.15
1605,5298.50,5366.50,2,4,-81.53,-1.24,90.00,0,-103.11,-25.24,-87.52,-9.16,-94.00,-16.04,-97.98,-20.09,-81.53,-1.24,-97.73,-19.83,-81.73,-1.59
1606,5298.25,5366.50,2,4,-83.06,-3.09,90.00,0,-104.50,-26.26,-89.51,-10.94,-93.78,-15.42,-99.06,-20.79,-83.06,-3.09,-100.70,-22.44,-80.87,0.79
1607,5298.00,5366.50,2,4,-85.28,-4.40,90.00,0,-104.42,-24.87,-87.49,-7.20,-93.67,-13.97,-97.16,-17.55,-85.28,-4.40,-103.57,-24.02,-82.53,0.03
1608,5297.75,5366.50,2,6,-81.01,2.80,90.00,1,-105.01,-25.83,-90.81,-11.32,-94.77,-15.48,-94.90,-15.61,-86.02,-5.84,-103.32,-24.13,-81.01,2.80
1609,5297.50,5366.50,2,6,-80.88,3.23,90.00,0,-107.90,-28.69,-92.97,-13.59,-95.14,-15.83,-96.28,-16.99,-85.80,-5.53,-100.71,-21.48,-80.88,3.23
1610,5297.25,5366.50,2,6,-81.39,2.51,90.00,0,-108.86,-29.40,-94.12,-14.51,-97.98,-18.45,-95.23,-15.66,-85.24,-4.44,-99.49,-19.99,-81.39,2.51
1611,5297.00,5366.50,2,6,-78.15,4.14,90.00,0,-108.06,-31.33,-96.24,-19.45,-95.35,-18.55,-96.50,-19.72,-83.08,-5.20,-99.65,-22.89,-78.15,4.14
1612,5296.75,5366.50,2,6,-76.37,6.38,90.00,0,-110.12,-inf,-95.38,-19.87,-96.91,-21.41,-97.50,-22.01,-83.47,-7.25,-103.24,-27.77,-76.37,6.38
1613,5296.50,5366.50,2,6,-73.79,10.23,90.00,0,-108.79,-35.39,-93.45,-20.01,-96.60,-23.18,-96.05,-22.63,-85.42,-11.74,-102.40,-28.99,-73.79,10.23
1614,5296.25,5366.50,2,6,-71.66,10.74,90.00,0,-109.55,-38.25,-91.78,-20.44,-96.88,-25.56,-93.06,-21.73,-83.73,-12.16,-103.72,-32.42,-71.66,10.74
1615,5296.00,5366.50,2,6,-69.54,13.70,90.00,0,-110.75,-inf,-89.77,-20.38,-97.34,-27.98,-93.49,-24.11,-85.36,-15.89,-102.99,-33.63,-69.54,13.70
1616,5295.75,5366.50,2,6,-72.22,11.48,90.00,0,-110.20,-inf,-90.83,-18.85,-98.05,-26.12,-94.84,-22.89,-85.50,-13.38,-105.15,-33.23,-72.22,11.48
1617,5295.50,5366.50,2,6,-70.83,13.27,90.00,0,-111.68,-inf,-89.13,-18.44,-96.26,-25.62,-95.26,-24.62,-86.95,-16.22,-107.37,-36.74,-70.83,13.27
1618,5295.25,5366.50,2,6,-72.40,11.97,90.00,0,-115.64,-inf,-87.80,-15.55,-95.03,-22.87,-95.55,-23.41,-88.92,-16.70,-106.80,-34.67,-72.40,11.97
1619,5295.00,5366.50,2,6,-74.21,9.60,90.00,0,-114.73,-inf,-87.11,-13.15,-95.05,-21.26,-91.70,-17.87,-89.54,-15.67,-107.54,-33.78,-74.21,9.60
1620,5294.75,5366.50,2,6,-74.22,9.01,90.00,0,-113.52,-inf,-85.74,-11.75,-95.23,-21.49,-92.05,-18.28,-89.84,-16.03,-106.46,-32.75,-74.22,9.01
1621,5294.50,5366.50,2,6,-75.38,8.66,90.00,0,-114.25,-inf,-86.98,-11.88,-94.26,-19.39,-92.19,-17.29,-90.73,-15.79,-107.60,-32.77,-75.38,8.66
1622,5294.25,5366.50,2,6,-75.71,8.79,90.00,0,-115.07,-inf,-88.75,-13.39,-96.35,-21.14,-91.34,-16.06,-89.45,-14.12,-107.95,-32.78,-75.71,8.79
1623,5294.00,5366.50,2,6,-72.99,11.47,90.00,0,-117.24,-inf,-90.32,-17.55,-95.47,-22.76,-90.79,-18.02,-88.52,-15.71,-105.34,-32.65,-72.99,11.47
1624,5293.75,5366.50,2,6,-74.27,9.74,90.00,0,-119.86,-inf,-90.45,-16.53,-94.90,-21.04,-89.41,-15.46,-88.28,-14.29,-106.52,-32.69,-74.27,9.74
1625,5293.50,5366.50,2,6,-75.17,8.58,90.00,0,-118.76,-inf,-91.02,-16.32,-98.00,-23.37,-89.09,-14.32,-87.20,-12.35,-105.41,-30.80,-75.17,8.58
1626,5293.25,5366.50,2,6,-76.62,7.47,90.00,0,-119.12,-inf,-93.34,-17.36,-96.25,-20.30,-89.56,-13.46,-87.07,-10.82,-105.07,-29.16,-76.62,7.47
1627,5293.00,5366.50,2,6,-74.97,7.35,90.00,0,-117.03,-inf,-92.83,-18.54,-97.16,-22.90,-86.83,-12.35,-85.31,-10.73,-104.21,-29.97,-74.97,7.35
1628,5292.75,5366.50,2,6,-76.26,5.60,90.00,0,-117.28,-inf,-93.27,-18.00,-97.77,-22.54,-88.28,-12.85,-83.73,-7.87,-102.79,-27.58,-76.26,5.60
1629,5292.50,5366.50,2,6,-74.67,6.13,90.00,0,-115.79,-inf,-94.21,-20.44,-97.99,-24.25,-86.73,-12.78,-82.63,-8.30,-101.03,-27.29,-74.67,6.13
1630,5292.25,5366.50,2,6,-74.54,6.50,90.00,0,-116.43,-inf,-94.11,-20.41,-98.91,-25.24,-84.79,-10.78,-84.18,-10.12,-98.92,-25.25,-74.54,6.50
1631,5292.00,5366.50,2,6,-75.19,4.43,90.00,0,-116.62,-inf,-92.46,-18.55,-95.76,-21.89,-83.29,-8.92,-82.84,-8.41,-99.59,-25.73,-75.19,4.43
1632,5291.75,5366.50,2,6,-76.82,3.23,90.00,0,-114.70,-inf,-92.80,-17.60,-97.57,-22.42,-83.31,-7.47,-83.69,-7.91,-97.98,-22.83,-76.82,3.23
1633,5291.50,5366.50,2,6,-75.94,3.34,90.00,0,-116.46,-inf,-92.65,-18.30,-97.26,-22.96,-82.06,-6.99,-83.49,-8.64,-95.71,-21.39,-75.94,3.34
1634,5291.25,5366.50,2,6,-74.77,5.04,90.00,0,-116.54,-inf,-93.36,-19.72,-96.07,-22.46,-83.94,-9.92,-82.66,-8.49,-98.00,-24.40,-74.77,5.04
1635,5291.00,5366.50,2,6,-76.22,2.65,90.00,0,-117.23,-inf,-93.09,-18.70,-99.07,-24.72,-81.31,-6.00,-83.38,-8.46,-95.80,-21.44,-76.22,2.65
1636,5290.75,5366.50,2,6,-74.40,5.21,90.00,0,-115.93,-inf,-94.62,-21.33,-99.80,-26.53,-82.29,-8.45,-83.61,-9.93,-99.27,-26.01,-74.40,5.21
1637,5290.50,5366.50,2,6,-75.33,3.90,90.00,0,-115.45,-inf,-93.22,-19.32,-99.87,-26.01,-83.00,-8.59,-82.14,-7.60,-98.48,-24.62,-75.33,3.90
1638,5290.25,5366.50,2,6,-74.22,5.64,90.00,0,-113.95,-inf,-93.19,-19.97,-98.30,-25.11,-85.38,-11.93,-81.86,-8.05,-97.87,-24.67,-74.22,5.64
1639,5290.00,5366.50,2,6,-73.37,6.43,90.00,0,-116.01,-inf,-93.71,-21.20,-98.39,-25.90,-85.57,-12.87,-81.69,-8.65,-96.16,-23.66,-73.37,6.43
1640,5289.75,5366.50,2,6,-75.24,4.17,90.00,0,-114.04,-inf,-94.07,-20.20,-95.57,-21.70,-84.46,-10.23,-81.61,-6.98,-97.26,-23.41,-75.24,4.17
1641,5289.50,5366.50,2,6,-74.11,4.83,90.00,0,-110.83,-inf,-95.40,-22.49,-97.46,-24.57,-88.32,-15.31,-79.81,-5.94,-95.87,-22.97,-74.11,4.83
1642,5289.25,5366.50,2,6,-74.40,4.13,90.00,0,-111.91,-inf,-97.50,-24.51,-96.29,-23.29,-88.60,-15.50,-79.25,-5.11,-95.82,-22.82,-74.40,4.13
1643,5289.00,5366.50,2,6,-74.79,4.19,90.00,0,-112.39,-inf,-98.34,-24.94,-98.78,-25.38,-89.56,-16.06,-79.62,-5.05,-95.99,-22.57,-74.79,4.19
1644,5288.75,5366.50,2,6,-74.91,2.73,90.00,0,-114.79,-inf,-99.74,-26.68,-99.45,-26.39,-89.31,-16.16,-78.08,-3.39,-97.48,-24.42,-74.91,2.73
1645,5288.50,5366.50,2,6,-74.96,1.75,90.00,0,-115.72,-inf,-98.23,-25.48,-98.80,-26.05,-91.35,-18.55,-77.02,-2.25,-94.65,-21.89,-74.96,1.75
1646,5288.25,5366.50,2,6,-75.45,1.45,90.00,0,-112.24,-inf,-99.00,-25.88,-95.39,-22.25,-88.72,-15.49,-77.38,-2.23,-96.48,-23.35,-75.45,1.45
1647,5288.00,5366.50,2,6,-75.21,2.73,90.00,0,-115.10,-inf,-99.13,-25.77,-94.44,-21.06,-89.96,-16.51,-78.46,-3.51,-96.02,-22.64,-75.21,2.73
1648,5287.75,5366.50,2,6,-75.51,2.19,90.00,0,-113.77,-inf,-99.34,-25.87,-95.18,-21.70,-89.73,-16.17,-78.19,-2.96,-96.02,-22.54,-75.51,2.19
1649,5287.50,5366.50,2,6,-75.85,2.97,90.00,0,-112.93,-inf,-100.34,-26.26,-93.73,-19.60,-91.63,-17.48,-79.42,-3.84,-94.17,-20.05,-75.85,2.97
1650,5287.25,5366.50,2,6,-75.66,3.80,90.00,0,-113.11,-inf,-100.47,-26.31,-96.66,-22.49,-92.71,-18.50,-80.25,-4.88,-90.30,-16.04,-75.66,3.80
1651,5287.00,5366.50,2,6,-76.19,1.73,90.00,0,-114.62,-inf,-102.22,-28.26,-96.64,-22.66,-94.89,-20.89,-78.37,-2.46,-90.49,-16.43,-76.19,1.73
1652,5286.75,5366.50,2,6,-73.43,2.96,90.00,0,-115.17,-inf,-101.69,-30.04,-94.48,-22.81,-96.62,-24.95,-76.78,-3.54,-89.03,-17.30,-73.43,2.96
1653,5286.50,5366.50,2,6,-73.63,2.14,90.00,0,-114.44,-inf,-101.41,-29.84,-94.55,-22.96,-93.79,-22.21,-76.10,-2.65,-90.17,-18.55,-73.63,2.14
1654,5286.25,5366.50,2,6,-74.62,2.02,90.00,0,-114.10,-inf,-100.83,-28.32,-96.92,-24.40,-94.11,-21.57,-76.97,-2.54,-90.85,-18.28,-74.62,2.02
1655,5286.00,5366.50,2,6,-74.85,2.53,90.00,0,-113.06,-inf,-100.51,-27.58,-96.61,-23.67,-94.46,-21.50,-77.81,-3.17,-90.29,-17.29,-74.85,2.53
1656,5285.75,5366.50,2,6,-76.40,2.07,90.00,0,-114.24,-inf,-102.00,-27.68,-95.43,-21.09,-91.87,-17.48,-79.35,-3.41,-88.31,-13.83,-76.40,2.07
1657,5285.50,5366.50,2,6,-76.87,2.19,90.00,0,-112.98,-inf,-103.36,-28.53,-97.56,-22.71,-92.74,-17.84,-79.92,-3.49,-88.66,-13.65,-76.87,2.19
1658,5285.25,5366.50,2,6,-76.96,2.30,90.00,0,-114.57,-inf,-101.51,-26.55,-95.81,-20.83,-94.22,-19.22,-80.02,-3.45,-89.64,-14.55,-76.96,2.30
1659,5285.00,5366.50,2,6,-78.91,0.88,90.00,0,-115.67,-inf,-100.10,-23.77,-97.33,-20.99,-94.14,-17.75,-80.55,-2.17,-90.43,-13.94,-78.91,0.88
1660,5284.75,5366.50,2,6,-79.62,-0.19,90.00,0,-116.20,-inf,-96.29,-19.73,-97.37,-20.82,-94.15,-17.56,-80.26,-1.35,-89.76,-13.04,-79.62,-0.19
1661,5284.50,5366.50,2,6,-81.04,-2.09,90.00,0,-114.70,-inf,-96.88,-19.98,-98.09,-21.20,-91.49,-14.49,-79.78,0.18,-89.79,-12.71,-81.04,-2.09
1662,5284.25,5366.50,2,6,-81.12,-1.88,90.00,0,-114.37,-inf,-95.58,-18.45,-98.63,-21.53,-92.38,-15.18,-79.99,0.18,-90.97,-13.72,-81.12,-1.88
1663,5284.00,5366.50,2,6,-81.64,-2.50,90.00,0,-114.49,-inf,-93.95,-16.66,-96.74,-19.50,-91.91,-14.56,-80.25,-0.09,-88.52,-10.99,-81.64,-2.50
1664,5283.75,5366.50,2,6,-81.80,-2.14,90.00,0,-115.52,-inf,-94.12,-16.43,-98.01,-20.38,-94.42,-16.74,-80.51,0.19,-90.43,-12.60,-81.80,-2.14
1665,5283.50,5366.50,2,6,-82.73,-1.13,90.00,0,-113.34,-inf,-91.34,-11.95,-95.36,-16.13,-94.15,-14.89,-83.14,-1.82,-92.66,-13.34,-82.73,-1.13
1666,5283.25,5366.50,2,6,-83.59,-2.22,90.00,0,-111.58,-inf,-90.12,-10.41,-93.32,-13.81,-94.73,-15.28,-83.35,-1.83,-90.98,-11.34,-83.59,-2.22
1667,5283.00,5366.50,2,6,-83.23,-2.01,90.00,0,-112.75,-inf,-91.42,-12.06,-93.38,-14.12,-96.13,-16.95,-82.74,-1.19,-91.47,-12.12,-83.23,-2.01
1668,5282.75,5366.50,2,4,-79.99,2.67,90.00,1,-112.54,-inf,-92.66,-14.40,-95.88,-17.69,-96.23,-18.05,-79.99,2.67,-90.07,-11.67,-84.82,-5.67
1669,5282.50,5366.50,2,4,-80.60,0.98,90.00,0,-112.81,-inf,-92.82,-14.62,-98.17,-20.08,-95.50,-17.38,-80.60,0.98,-90.77,-12.48,-82.95,-3.21
1670,5282.25,5366.50,2,4,-80.69,0.34,90.00,0,-112.25,-inf,-92.45,-14.45,-98.13,-20.24,-96.15,-18.24,-80.69,0.34,-93.87,-15.91,-81.93,-1.94
1671,5282.00,5366.50,2,4,-83.81,-2.79,90.00,0,-110.48,-inf,-92.53,-13.14,-99.16,-19.93,-96.31,-17.04,-83.81,-2.79,-93.60,-14.25,-81.90,0.61
1672,5281.75,5366.50,2,4,-84.84,-1.72,90.00,0,-112.29,-inf,-90.24,-8.82,-98.00,-17.03,-96.16,-15.14,-84.84,-1.72,-93.43,-12.30,-85.27,-2.41
1673,5281.50,5366.50,2,4,-82.66,0.26,90.00,0,-114.38,-inf,-91.63,-11.56,-98.89,-19.06,-96.21,-16.34,-82.66,0.26,-93.54,-13.57,-84.55,-3.01
1674,5281.25,5366.50,2,4,-84.22,-0.65,90.00,0,-116.16,-inf,-93.65,-12.55,-99.61,-18.68,-95.34,-14.31,-84.22,-0.65,-93.24,-12.11,-85.24,-2.39
1675,5281.00,5366.50,2,4,-86.67,-3.09,90.00,0,-116.78,-inf,-90.60,-8.14,-100.64,-18.74,-94.65,-12.58,-86.67,-3.09,-94.93,-12.87,-85.74,-1.62
1676,5280.75,5366.50,2,4,-86.13,-1.97,90.00,0,-116.95,-inf,-91.05,-8.44,-101.38,-19.30,-96.10,-13.89,-86.13,-1.97,-95.31,-13.07,-86.32,-2.26
1677,5280.50,5366.50,2,4,-86.90,-2.57,90.00,0,-118.31,-inf,-90.34,-7.17,-101.51,-19.04,-94.68,-12.00,-86.90,-2.57,-95.99,-13.39,-86.97,-2.69
1678,5280.25,5366.50,2,4,-87.16,-3.34,90.00,0,-118.58,-inf,-88.91,-5.71,-101.84,-19.63,-95.73,-13.38,-87.16,-3.34,-95.71,-13.35,-86.65,-2.57
1679,5280.00,5366.50,2,6,-82.82,0.67,90.00,1,-116.80,-inf,-88.14,-7.26,-102.10,-21.94,-95.30,-15.03,-86.31,-4.98,-98.42,-18.22,-82.82,0.67
1680,5279.75,5366.50,2,6,-85.15,-0.97,90.00,0,-117.04,-inf,-88.95,-6.43,-102.97,-21.31,-95.06,-13.23,-87.01,-3.90,-100.25,-18.56,-85.15,-0.97
1681,5279.50,5366.50,2,6,-85.29,-2.46,90.00,0,-118.84,-inf,-86.19,-3.80,-103.71,-22.80,-93.63,-12.51,-86.73,-4.54,-99.79,-18.85,-85.29,-2.46
1682,5279.25,5366.50,2,6,-84.36,-1.95,90.00,0,-115.37,-inf,-85.18,-3.23,-103.07,-22.79,-92.39,-11.85,-87.28,-6.06,-99.34,-19.02,-84.36,-1.95
1683,5279.00,5366.50,2,6,-84.43,-3.13,90.00,0,-116.58,-inf,-82.60,-0.03,-101.17,-21.56,-90.30,-10.34,-91.46,-11.59,-100.21,-20.60,-84.43,-3.13
1684,5278.75,5366.50,2,6,-84.53,-3.53,90.00,0,-117.28,-inf,-82.02,0.84,-101.14,-21.70,-91.06,-11.35,-92.63,-13.02,-98.07,-18.60,-84.53,-3.53
1685,5278.50,5366.50,2,6,-88.06,-5.59,90.00,0,-119.08,-inf,-84.91,-0.94,-102.18,-20.74,-88.36,-5.97,-92.47,-10.71,-95.93,-14.37,-88.06,-5.59
1686,5278.25,5366.50,2,6,-86.24,-2.30,90.00,0,-115.10,-inf,-86.84,-3.23,-102.41,-20.45,-89.65,-6.92,-93.49,-11.25,-95.51,-13.39,-86.24,-2.30
1687,5278.00,5366.50,2,6,-85.72,-0.59,90.00,0,-113.30,-inf,-89.40,-6.03,-104.84,-22.42,-90.22,-7.03,-93.32,-10.55,-94.27,-11.58,-85.72,-0.59
1688,5277.75,5366.50,2,6,-86.61,-1.97,90.00,0,-114.77,-inf,-89.50,-6.03,-105.24,-22.72,-89.39,-5.89,-91.42,-8.32,-95.07,-12.32,-86.61,-1.97
1689,5277.50,5366.50,2,6,-85.64,-0.58,90.00,0,-114.98,-inf,-89.45,-6.18,-105.78,-23.43,-90.39,-7.33,-92.31,-9.52,-94.49,-11.89,-85.64,-0.58
1690,5277.25,5366.50,2,6,-86.06,-0.46,90.00,0,-114.30,-inf,-90.11,-6.40,-105.46,-22.62,-91.03,-7.50,-92.55,-9.25,-95.16,-12.09,-86.06,-0.46
1691,5277.00,5366.50,2,6,-84.45,1.96,90.00,0,-116.39,-inf,-91.09,-8.16,-102.97,-20.62,-90.93,-7.98,-94.05,-11.44,-98.03,-15.60,-84.45,1.96
1692,5276.75,5366.50,2,6,-86.93,-1.39,90.00,0,-114.30,-inf,-89.68,-5.43,-102.52,-19.31,-90.05,-5.89,-94.55,-11.06,-96.45,-13.08,-86.93,-1.39
1693,5276.50,5366.50,2,6,-87.64,-2.72,90.00,0,-113.92,-inf,-90.52,-6.60,-104.27,-21.18,-88.15,-3.48,-92.87,-9.34,-98.24,-15.05,-87.64,-2.72
1694,5276.25,5366.50,2,6,-86.90,-2.91,90.00,0,-114.14,-inf,-90.23,-7.29,-104.39,-22.16,-86.48,-2.26,-94.04,-11.54,-95.84,-13.45,-86.90,-2.91
1695,5276.00,5366.50,2,6,-87.14,-3.86,90.00,0,-113.69,-inf,-89.19,-6.53,-104.76,-22.96,-85.80,-1.83,-93.95,-11.90,-94.84,-12.84,-87.14,-3.86
1696,5275.75,5366.50,2,6,-85.91,-3.07,90.00,0,-112.53,-inf,-88.67,-6.74,-107.37,-26.27,-85.58,-2.57,-92.31,-10.87,-94.31,-13.00,-85.91,-3.07
1697,5275.50,5366.50,2,6,-85.15,-2.31,90.00,0,-111.34,-inf,-91.16,-9.90,-107.83,-26.98,-85.16,-2.32,-91.05,-9.78,-93.19,-12.10,-85.15,-2.31
1698,5275.25,5366.50,2,6,-86.08,-1.62,90.00,0,-112.04,-inf,-92.47,-9.85,-108.84,-26.64,-88.19,-4.74,-90.55,-7.67,-93.04,-10.47,-86.08,-1.62
1699,5275.00,5366.50,2,6,-89.02,-3.86,90.00,0,-112.40,-inf,-93.46,-9.32,-107.39,-23.71,-89.10,-3.97,-91.79,-7.40,-92.30,-8.00,-89.02,-3.86
1700,5274.75,5366.50,2,6,-87.22,-2.00,90.00,0,-113.99,-inf,-93.61,-10.11,-108.14,-25.03,-91.04,-7.19,-89.74,-5.58,-92.17,-8.50,-87.22,-2.00
1701,5274.50,5366.50,2,6,-90.78,-5.46,90.00,0,-113.30,-inf,-95.53,-10.96,-106.55,-22.29,-91.92,-6.88,-89.70,-4.01,-90.86,-5.56,-90.78,-5.46
1702,5274.25,5366.50,2,4,-87.39,-1.67,90.00,1,-114.96,-inf,-93.62,-9.70,-105.53,-22.03,-92.88,-8.88,-87.39,-1.67,-91.11,-6.82,-90.85,-6.50
1703,5274.00,5366.50,2,4,-87.66,-0.70,90.00,0,-114.05,-inf,-95.12,-10.46,-106.68,-22.37,-93.13,-8.23,-87.66,-0.70,-92.67,-7.70,-92.54,-7.56
1704,5273.75,5366.50,2,4,-87.73,-0.72,90.00,0,-112.80,-inf,-93.74,-8.86,-107.47,-23.10,-92.41,-7.32,-87.73,-0.72,-95.40,-10.70,-92.32,-7.22
1705,5273.50,5366.50,2,4,-89.78,-3.12,90.00,0,-112.62,-inf,-93.54,-7.97,-108.69,-23.74,-93.37,-7.77,-89.78,-3.12,-95.13,-9.76,-90.77,-4.53
1706,5273.25,5366.50,2,4,-89.19,-3.56,90.00,0,-115.19,-inf,-94.02,-9.51,-109.12,-25.06,-94.28,-9.81,-89.19,-3.56,-93.95,-9.43,-88.38,-2.34
1707,5273.00,5366.50,2,4,-89.62,-3.01,90.00,0,-113.00,-inf,-94.48,-9.12,-112.20,-inf,-94.32,-8.95,-89.62,-3.01,-92.75,-7.14,-90.83,-4.72
1708,5272.75,5366.50,2,6,-91.22,-4.29,90.00,1,-110.92,-inf,-93.86,-7.60,-111.44,-inf,-92.07,-5.42,-94.98,-8.89,-92.39,-5.82,-91.22,-4.29
1709,5272.50,5366.50,2,6,-92.18,-5.39,90.00,0,-110.74,-inf,-93.83,-7.42,-109.71,-24.00,-90.73,-3.41,-96.57,-10.52,-92.98,-6.39,-92.18,-5.39
1710,5272.25,5366.50,2,6,-92.64,-4.94,90.00,0,-110.43,-inf,-93.14,-5.59,-109.37,-22.86,-95.31,-8.21,-95.84,-8.81,-92.62,-4.92,-92.64,-4.94
1711,5272.00,5366.50,2,6,-93.05,-5.56,90.00,0,-109.82,-23.38,-92.52,-4.86,-108.25,-21.80,-95.10,-8.04,-95.73,-8.76,-92.84,-5.29,-93.05,-5.56
1712,5271.75,5366.50,2,6,-91.55,-3.68,90.00,0,-110.09,-inf,-93.53,-6.30,-108.26,-21.92,-95.36,-8.47,-95.02,-8.07,-93.28,-5.99,-91.55,-3.68
1713,5271.50,5366.50,2,6,-92.65,-5.20,90.00,0,-109.01,-22.68,-94.75,-7.78,-108.79,-22.47,-93.77,-6.62,-94.84,-7.88,-92.28,-4.71,-92.65,-5.20
1714,5271.25,5366.50,2,6,-91.14,-4.86,90.00,0,-108.80,-23.73,-95.28,-9.80,-108.79,-23.72,-90.23,-3.62,-95.39,-9.92,-91.56,-5.41,-91.14,-4.86
1715,5271.00,5366.50,2,6,-90.63,-5.32,90.00,0,-107.00,-22.79,-98.01,-13.63,-108.93,-24.72,-88.55,-2.37,-92.76,-7.92,-91.40,-6.29,-90.63,-5.32
1716,5270.75,5366.50,2,3,-88.43,-2.30,90.00,1,-107.64,-23.50,-99.41,-15.16,-109.94,-25.81,-88.43,-2.30,-89.90,-4.45,-91.74,-6.79,-92.99,-8.27
1717,5270.50,5366.50,2,3,-85.82,0.07,90.00,0,-108.87,-26.01,-96.60,-13.57,-108.37,-25.52,-85.82,0.07,-90.54,-6.89,-91.75,-8.31,-91.68,-8.23
1718,5270.25,5366.50,2,3,-87.63,-0.83,90.00,0,-108.93,-24.74,-98.34,-13.99,-108.26,-24.06,-87.63,-0.83,-92.53,-7.67,-91.25,-6.12,-92.92,-8.12
1719,5270.00,5366.50,2,3,-89.93,-3.03,90.00,0,-106.86,-21.68,-99.60,-14.29,-107.38,-22.21,-89.93,-3.03,-92.28,-6.20,-90.83,-4.32,-94.26,-8.55
1720,5269.75,5366.50,2,3,-89.04,-3.57,90.00,0,-105.96,-22.04,-99.65,-15.65,-108.99,-25.08,-89.04,-3.57,-89.19,-3.77,-91.34,-6.59,-91.87,-7.23
1721,5269.50,5366.50,2,3,-88.97,-3.14,90.00,0,-105.43,-21.29,-98.94,-14.68,-110.36,-inf,-88.97,-3.14,-91.21,-6.15,-89.74,-4.23,-92.72,-7.96
1722,5269.25,5366.50,2,3,-86.66,-1.85,90.00,0,-106.30,-23.66,-101.98,-19.30,-109.32,-26.69,-86.66,-1.85,-93.34,-10.34,-87.36,-2.96,-90.92,-7.60
1723,5269.00,5366.50,2,3,-87.46,-2.27,90.00,0,-106.03,-22.84,-103.20,-19.99,-109.08,-25.90,-87.46,-2.27,-94.06,-10.52,-88.48,-3.79,-89.88,-5.67
1724,5268.75,5366.50,2,3,-85.76,-0.45,90.00,0,-106.85,-24.32,-104.42,-21.87,-107.16,-24.63,-85.76,-0.45,-94.62,-11.83,-88.68,-4.96,-89.71,-6.27
1725,5268.50,5366.50,2,3,-87.19,-2.49,90.00,0,-105.69,-22.91,-103.75,-20.96,-102.85,-20.05,-87.19,-2.49,-95.43,-12.44,-88.67,-4.63,-88.17,-3.94
1726,5268.25,5366.50,2,3,-86.06,-0.47,90.00,0,-103.46,-20.62,-104.23,-21.39,-103.11,-20.27,-86.06,-0.47,-94.99,-11.91,-89.81,-6.04,-89.32,-5.42
1727,5268.00,5366.50,2,3,-85.65,-1.26,90.00,0,-104.41,-22.41,-105.04,-23.05,-102.24,-20.23,-85.65,-1.26,-94.01,-11.76,-88.43,-5.35,-88.02,-4.81
1728,5267.75,5366.50,2,3,-85.27,-0.64,90.00,0,-106.69,-24.74,-108.16,-26.21,-101.54,-19.56,-85.27,-0.64,-95.41,-13.28,-87.16,-3.68,-89.91,-7.22
1729,5267.50,5366.50,2,3,-84.68,-0.05,90.00,0,-106.39,-24.73,-109.22,-27.56,-99.42,-17.70,-84.68,-0.05,-94.38,-12.50,-87.11,-4.01,-90.54,-8.29
1730,5267.25,5366.50,2,3,-85.81,-1.24,90.00,0,-107.26,-25.11,-105.95,-23.79,-98.58,-16.34,-85.81,-1.24,-92.46,-9.90,-87.49,-3.85,-90.68,-7.89
1731,5267.00,5366.50,2,3,-86.64,-2.75,90.00,0,-107.80,-25.75,-104.73,-22.68,-100.88,-18.79,-86.64,-2.75,-93.23,-10.86,-87.14,-3.50,-88.38,-5.20
1732,5266.75,5366.50,2,3,-89.11,-5.06,90.00,0,-111.59,-inf,-105.41,-22.52,-100.34,-17.39,-89.11,-5.06,-92.54,-9.17,-89.13,-5.08,-87.13,-2.23
1733,5266.50,5366.50,2,3,-86.72,-4.20,90.00,0,-111.87,-inf,-103.07,-21.92,-99.04,-17.85,-86.72,-4.20,-92.06,-10.57,-85.39,-2.23,-87.43,-5.14
1734,5266.25,5366.50,2,3,-85.99,-4.03,90.00,0,-110.28,-inf,-103.05,-22.52,-101.48,-20.94,-85.99,-4.03,-92.35,-11.54,-83.76,-0.47,-88.66,-7.43
1735,5266.00,5366.50,2,3,-86.68,-4.51,90.00,0,-107.88,-27.01,-103.21,-22.33,-99.95,-19.05,-86.68,-4.51,-92.12,-10.92,-84.74,-1.60,-87.38,-5.43
1736,5265.75,5366.50,2,3,-85.44,-1.52,90.00,0,-108.92,-27.31,-105.51,-23.89,-101.12,-19.47,-85.44,-1.52,-94.01,-12.15,-86.99,-3.90,-88.42,-5.80
1737,5265.50,5366.50,2,3,-83.25,-0.23,90.00,0,-107.34,-27.21,-103.75,-23.61,-101.12,-20.97,-83.25,-0.23,-94.89,-14.62,-85.67,-4.13,-87.65,-6.68
1738,5265.25,5366.50,2,3,-82.54,0.59,90.00,0,-107.48,-27.66,-103.91,-24.07,-102.74,-22.90,-82.54,0.59,-94.21,-14.23,-85.88,-4.83,-87.72,-7.13
1739,5265.00,5366.50,2,3,-82.10,0.68,90.00,0,-107.74,-28.32,-106.10,-26.67,-103.29,-23.85,-82.10,0.68,-93.87,-14.29,-85.25,-4.51,-87.74,-7.63
1740,5264.75,5366.50,2,3,-83.39,-1.32,90.00,0,-105.89,-26.21,-103.69,-24.01,-102.80,-23.11,-83.39,-1.32,-92.99,-13.11,-83.98,-2.31,-88.26,-7.95
1741,5264.50,5366.50,2,3,-84.05,-1.51,90.00,0,-105.97,-25.75,-103.59,-23.36,-101.14,-20.89,-84.05,-1.51,-92.83,-12.37,-84.48,-2.24,-89.02,-8.19
1742,5264.25,5366.50,2,3,-86.81,-1.94,90.00,0,-105.48,-22.74,-104.16,-21.41,-99.70,-16.90,-86.81,-1.94,-92.46,-9.25,-88.35,-4.24,-90.19,-6.61
1743,5264.00,5366.50,2,3,-85.60,-0.48,90.00,0,-105.46,-23.10,-104.38,-22.01,-97.73,-15.26,-85.60,-0.48,-92.87,-10.12,-90.28,-7.18,-88.89,-5.47
1744,5263.75,5366.50,2,3,-87.11,-1.89,90.00,0,-106.86,-23.79,-107.67,-24.60,-98.03,-14.83,-87.11,-1.89,-94.45,-11.07,-90.94,-7.12,-88.11,-3.43
1745,5263.50,5366.50,2,3,-84.73,1.26,90.00,0,-107.86,-25.54,-111.13,-inf,-97.79,-15.36,-84.73,1.26,-93.55,-10.91,-89.76,-6.60,-91.31,-8.43
1746,5263.25,5366.50,2,3,-84.88,0.88,90.00,0,-107.41,-25.11,-111.45,-inf,-97.08,-14.65,-84.88,0.88,-93.75,-11.14,-88.65,-5.22,-92.56,-9.84
1747,5263.00,5366.50,2,3,-82.83,4.27,90.00,0,-108.98,-27.53,-110.62,-inf,-96.09,-14.49,-82.83,4.27,-95.00,-13.35,-90.69,-8.70,-93.73,-12.02
1748,5262.75,5366.50,2,3,-83.40,3.37,90.00,0,-106.41,-24.65,-109.20,-27.44,-98.50,-16.65,-83.40,3.37,-93.42,-11.36,-91.52,-9.28,-91.74,-9.53
1749,5262.50,5366.50,2,3,-83.47,3.77,90.00,0,-109.66,-27.71,-108.76,-26.80,-98.44,-16.39,-83.47,3.77,-94.57,-12.37,-91.23,-8.73,-92.87,-10.55
1750,5262.25,5366.50,2,3,-83.68,3.10,90.00,0,-109.95,-27.99,-110.47,-inf,-100.18,-18.16,-83.68,3.10,-96.46,-14.35,-91.97,-9.57,-89.86,-7.15
1751,5262.00,5366.50,2,3,-82.82,4.41,90.00,0,-110.19,-inf,-108.26,-26.77,-101.80,-20.27,-82.82,4.41,-96.33,-14.70,-93.24,-11.46,-90.00,-7.85
1752,5261.75,5366.50,2,3,-81.26,5.95,90.00,0,-110.07,-inf,-107.73,-27.44,-100.42,-20.10,-81.26,5.95,-95.64,-15.24,-94.44,-14.00,-89.74,-8.94
1753,5261.50,5366.50,2,3,-83.72,4.56,90.00,0,-108.07,-25.64,-108.49,-26.06,-99.56,-17.06,-83.72,4.56,-97.21,-14.64,-94.35,-11.64,-91.63,-8.66
1754,5261.25,5366.50,2,3,-85.96,1.93,90.00,0,-107.32,-23.49,-106.72,-22.89,-98.69,-14.74,-85.96,1.93,-97.13,-13.12,-91.40,-6.76,-93.63,-9.34
1755,5261.00,5366.50,2,3,-88.06,-0.12,90.00,0,-104.95,-19.92,-106.58,-21.56,-96.03,-10.68,-88.06,-0.12,-97.35,-12.10,-91.43,-5.32,-95.22,-9.80
1756,5260.75,5366.50,2,3,-86.63,1.35,90.00,0,-107.15,-22.88,-106.76,-22.49,-94.57,-9.90,-86.63,1.35,-95.18,-10.57,-92.08,-7.06,-97.48,-13.02
1757,5260.50,5366.50,2,3,-86.36,0.09,90.00,0,-107.88,-24.47,-104.63,-21.20,-94.79,-11.07,-86.36,0.09,-93.72,-9.91,-89.28,-4.59,-97.48,-13.92
1758,5260.25,5366.50,2,3,-85.58,0.67,90.00,0,-108.02,-25.11,-104.53,-21.60,-93.68,-10.41,-85.58,0.67,-95.18,-12.02,-89.11,-5.03,-95.90,-12.78
1759,5260.00,5366.50,2,3,-86.12,-2.26,90.00,0,-109.02,-27.17,-104.29,-22.43,-89.04,-6.29,-86.12,-2.26,-94.66,-12.59,-86.57,-2.95,-97.85,-15.90
1760,5259.75,5366.50,2,3,-87.53,-2.74,90.00,0,-108.14,-25.19,-102.49,-19.50,-89.94,-6.04,-87.53,-2.74,-94.48,-11.22,-87.88,-3.26,-98.35,-15.28
1761,5259.50,5366.50,2,3,-88.43,-3.90,90.00,0,-105.03,-21.96,-102.93,-19.84,-88.43,-3.89,-88.43,-3.90,-92.04,-8.41,-89.98,-5.94,-95.63,-12.34
1762,5259.25,5366.50,2,3,-88.73,-4.52,90.00,0,-107.02,-24.10,-103.43,-20.49,-86.98,-1.93,-88.73,-4.52,-93.33,-10.02,-90.52,-6.79,-95.71,-12.57
1763,5259.00,5366.50,2,3,-88.72,-5.54,90.00,0,-107.14,-25.01,-101.67,-19.50,-86.32,-2.13,-88.72,-5.54,-94.40,-12.02,-87.85,-4.38,-95.60,-13.28
1764,5258.75,5366.50,2,3,-87.91,-2.97,90.00,0,-108.54,-25.36,-100.72,-17.48,-89.86,-5.65,-87.91,-2.97,-96.87,-13.51,-88.34,-3.59,-95.22,-11.77
1765,5258.50,5366.50,2,3,-86.84,-2.08,90.00,0,-108.58,-25.90,-101.38,-18.66,-91.79,-8.56,-86.84,-2.08,-99.05,-16.28,-86.81,-2.04,-95.41,-12.51
1766,5258.25,5366.50,2,3,-87.67,-4.11,90.00,0,-109.26,-27.12,-102.81,-20.63,-92.32,-9.75,-87.67,-4.11,-99.88,-17.67,-85.06,0.18,-93.64,-11.19
1767,5258.00,5366.50,2,3,-86.57,-5.25,90.00,0,-111.02,-inf,-102.75,-22.53,-94.10,-13.73,-86.57,-5.25,-100.06,-19.83,-82.36,1.88,-90.35,-9.72
1768,5257.75,5366.50,2,3,-87.17,-4.71,90.00,0,-109.54,-28.34,-101.52,-20.29,-94.91,-13.53,-87.17,-4.71,-99.70,-18.45,-84.01,0.39,-89.60,-7.73
1769,5257.50,5366.50,2,3,-87.39,-3.55,90.00,0,-109.89,-27.63,-101.76,-19.46,-93.23,-10.62,-87.39,-3.55,-97.97,-15.61,-85.97,-1.32,-91.00,-8.13
1770,5257.25,5366.50,2,3,-86.62,-3.19,90.00,0,-110.81,-inf,-104.81,-23.05,-93.86,-11.86,-86.62,-3.19,-98.73,-16.91,-85.48,-1.37,-89.89,-7.43
1771,5257.00,5366.50,2,3,-91.01,-7.31,90.00,0,-110.73,-inf,-104.23,-21.23,-92.47,-8.99,-91.01,-7.31,-96.84,-13.69,-86.93,-1.74,-88.78,-4.50
1772,5256.75,5366.50,2,3,-91.88,-6.20,90.00,0,-110.16,-inf,-104.53,-19.73,-93.87,-8.55,-91.88,-6.20,-97.48,-12.49,-89.42,-2.86,-90.78,-4.79
1773,5256.50,5366.50,2,3,-89.97,-4.58,90.00,0,-110.28,-inf,-104.07,-19.94,-92.55,-7.80,-89.97,-4.58,-95.54,-11.13,-89.86,-4.44,-90.52,-5.31
1774,5256.25,5366.50,2,3,-90.14,-3.99,90.00,0,-112.19,-inf,-104.00,-19.26,-95.10,-10.00,-90.14,-3.99,-97.14,-12.21,-91.03,-5.20,-90.00,-3.80
1775,5256.00,5366.50,2,3,-92.19,-6.74,90.00,0,-114.03,-inf,-103.30,-18.62,-95.09,-10.07,-92.19,-6.74,-97.67,-12.84,-89.16,-2.67,-89.95,-3.83
1776,5255.75,5366.50,2,6,-87.41,-1.48,90.00,1,-110.99,-inf,-100.94,-17.27,-94.02,-10.01,-92.89,-8.75,-96.60,-12.78,-89.04,-4.00,-87.41,-1.48
1777,5255.50,5366.50,2,6,-88.78,-3.58,90.00,0,-112.53,-inf,-102.34,-18.66,-94.75,-10.77,-91.95,-7.63,-95.49,-11.57,-87.96,-2.33,-88.78,-3.58
1778,5255.25,5366.50,2,6,-89.37,-3.23,90.00,0,-114.01,-inf,-101.14,-16.59,-93.12,-8.03,-92.83,-7.70,-96.11,-11.35,-89.99,-4.12,-89.37,-3.23
1779,5255.00,5366.50,2,6,-90.36,-5.93,90.00,0,-116.67,-inf,-102.01,-18.51,-90.84,-6.52,-90.96,-6.67,-92.94,-8.98,-88.83,-3.91,-90.36,-5.93
1780,5254.75,5366.50,2,6,-88.65,-3.58,90.00,0,-118.79,-inf,-102.68,-19.14,-93.20,-9.22,-89.82,-5.18,-93.39,-9.43,-90.09,-5.52,-88.65,-3.58
1781,5254.50,5366.50,2,6,-89.73,-5.70,90.00,0,-117.95,-inf,-102.47,-19.43,-93.75,-10.38,-88.32,-3.81,-92.07,-8.50,-88.92,-4.64,-89.73,-5.70
1782,5254.25,5366.50,2,6,-90.86,-7.68,90.00,0,-115.98,-inf,-102.61,-20.07,-90.65,-7.43,-87.88,-3.90,-91.48,-8.39,-88.39,-4.60,-90.86,-7.68
1783,5254.00,5366.50,2,3,-88.70,-3.19,90.00,1,-115.73,-inf,-101.75,-17.87,-92.91,-8.53,-88.70,-3.19,-90.84,-6.07,-91.16,-6.47,-92.66,-8.25
1784,5253.75,5366.50,2,3,-89.19,-3.47,90.00,0,-115.78,-inf,-102.28,-18.10,-93.17,-8.48,-89.19,-3.47,-92.27,-7.44,-90.12,-4.75,-93.28,-8.61
1785,5253.50,5366.50,2,4,-87.12,-1.82,90.00,1,-116.04,-inf,-104.76,-21.63,-93.07,-9.51,-92.84,-9.25,-87.12,-1.82,-88.27,-3.58,-95.00,-11.61
1786,5253.25,5366.50,2,4,-86.92,-0.93,90.00,0,-115.35,-inf,-105.89,-22.45,-93.97,-10.15,-95.30,-11.58,-86.92,-0.93,-89.55,-4.91,-92.33,-8.31
1787,5253.00,5366.50,2,4,-88.35,-0.95,90.00,0,-115.68,-inf,-102.72,-17.81,-93.76,-8.32,-96.51,-11.36,-88.35,-0.95,-90.82,-4.72,-97.12,-12.02
1788,5252.75,5366.50,2,4,-86.32,1.70,90.00,0,-113.54,-inf,-102.38,-18.24,-95.88,-11.51,-97.08,-12.78,-86.32,1.70,-91.98,-7.13,-94.81,-10.35
1789,5252.50,5366.50,2,4,-88.23,-1.58,90.00,0,-114.43,-inf,-102.20,-17.77,-93.56,-8.65,-94.10,-9.26,-88.23,-1.58,-91.19,-5.83,-93.82,-8.95
1790,5252.25,5366.50,2,4,-89.90,-3.81,90.00,0,-114.68,-inf,-100.77,-16.09,-92.91,-7.64,-94.58,-9.54,-89.90,-3.81,-90.23,-4.27,-93.29,-8.08
1791,5252.00,5366.50,2,4,-89.49,-3.22,90.00,0,-115.96,-inf,-99.13,-14.40,-93.66,-8.51,-93.81,-8.68,-89.49,-3.22,-91.56,-6.01,-92.27,-6.88
1792,5251.75,5366.50,2,4,-87.35,-0.77,90.00,0,-113.71,-inf,-97.36,-13.22,-95.92,-11.70,-96.27,-12.07,-87.35,-0.77,-91.46,-6.67,-91.50,-6.72
1793,5251.50,5366.50,2,4,-87.46,0.32,90.00,0,-112.23,-inf,-95.63,-10.67,-99.97,-15.24,-95.77,-10.82,-87.46,0.32,-92.98,-7.69,-93.70,-8.53
1794,5251.25,5366.50,2,4,-88.84,-2.96,90.00,0,-113.76,-inf,-93.67,-9.06,-99.57,-15.35,-97.54,-13.24,-88.84,-2.96,-91.57,-6.62,-89.70,-4.20
1795,5251.00,5366.50,2,4,-86.23,0.79,90.00,0,-113.51,-inf,-95.88,-12.01,-98.58,-14.84,-98.10,-14.34,-86.23,0.79,-92.13,-7.87,-91.44,-7.06
1796,5250.75,5366.50,2,4,-86.01,2.36,90.00,0,-112.32,-inf,-98.77,-14.60,-98.84,-14.68,-98.41,-14.23,-86.01,2.36,-93.71,-9.20,-92.81,-8.18
1797,5250.50,5366.50,2,4,-83.50,3.56,90.00,0,-109.96,-28.04,-95.95,-13.86,-99.48,-17.49,-98.09,-16.07,-83.50,3.56,-92.01,-9.65,-91.50,-9.08
1798,5250.25,5366.50,2,4,-81.40,5.62,90.00,0,-109.70,-29.34,-96.54,-16.08,-97.91,-17.48,-99.05,-18.64,-81.40,5.62,-90.96,-10.22,-92.47,-11.85
1799,5250.00,5366.50,2,4,-79.68,6.25,90.00,0,-110.09,-inf,-96.92,-18.09,-97.72,-18.91,-98.30,-19.50,-79.68,6.25,-89.73,-10.61,-90.62,-11.57
1800,5249.75,5366.50,2,4,-77.87,7.54,90.00,0,-111.55,-inf,-96.75,-19.54,-98.11,-20.91,-97.87,-20.66,-77.87,7.54,-90.15,-12.76,-88.92,-11.45
1801,5249.50,5366.50,2,4,-77.24,7.48,90.00,0,-113.04,-inf,-96.64,-20.07,-98.54,-21.99,-99.41,-22.86,-77.24,7.48,-89.42,-12.66,-87.80,-10.94
1802,5249.25,5366.50,2,4,-77.88,5.80,90.00,0,-113.15,-inf,-96.08,-19.16,-96.65,-19.73,-97.30,-20.39,-77.88,5.80,-88.57,-11.39,-86.69,-9.34
1803,5249.00,5366.50,2,4,-81.09,1.78,90.00,0,-115.06,-inf,-95.48,-16.51,-97.05,-18.10,-95.43,-16.45,-81.09,1.78,-87.94,-8.48,-85.70,-5.81
1804,5248.75,5366.50,2,4,-83.93,-1.71,90.00,0,-117.82,-inf,-96.64,-16.56,-95.29,-15.18,-92.58,-12.36,-83.93,-1.71,-88.34,-7.68,-84.72,-2.96
1805,5248.50,5366.50,2,4,-84.43,-2.58,90.00,0,-119.30,-inf,-98.73,-18.73,-95.87,-15.82,-91.15,-10.86,-84.43,-2.58,-85.24,-3.78,-86.43,-5.38
1806,5248.25,5366.50,2,6,-82.09,-0.13,90.00,1,-118.64,-inf,-96.69,-17.60,-96.22,-17.11,-93.32,-14.14,-88.31,-8.75,-84.13,-3.51,-82.09,-0.13
1807,5248.00,5366.50,2,6,-83.35,-1.33,90.00,0,-118.56,-inf,-98.50,-18.81,-97.15,-17.44,-93.72,-13.92,-87.49,-7.08,-84.40,-3.01,-83.35,-1.33
1808,5247.75,5366.50,2,6,-82.21,0.53,90.00,0,-117.01,-inf,-99.93,-20.43,-98.05,-18.53,-96.36,-16.82,-86.47,-6.05,-86.06,-5.53,-82.21,0.53
1809,5247.50,5366.50,2,6,-82.83,-1.00,90.00,0,-117.24,-inf,-101.02,-21.69,-97.78,-18.42,-96.98,-17.61,-84.19,-3.20,-86.58,-6.39,-82.83,-1.00
1810,5247.25,5366.50,2,6,-85.11,-3.31,90.00,0,-115.95,-inf,-100.90,-20.73,-98.13,-17.92,-96.71,-16.48,-84.15,-1.82,-86.55,-5.29,-85.11,-3.31
1811,5247.00,5366.50,2,6,-84.12,-1.40,90.00,0,-118.47,-inf,-100.47,-20.07,-94.03,-13.48,-96.71,-16.26,-85.56,-3.65,-87.52,-6.24,-84.12,-1.40
1812,5246.75,5366.50,2,4,-82.27,-0.53,90.00,1,-120.37,-inf,-101.14,-22.13,-91.95,-12.73,-96.95,-17.89,-82.27,-0.53,-85.24,-5.07,-85.72,-5.69
1813,5246.50,5366.50,2,4,-84.09,-2.91,90.00,0,-118.98,-inf,-100.58,-21.16,-91.66,-12.01,-96.44,-16.96,-84.09,-2.91,-84.57,-3.60,-85.20,-4.49
1814,5246.25,5366.50,2,4,-82.84,-2.64,90.00,0,-121.20,-inf,-99.04,-20.69,-91.70,-13.19,-93.83,-15.40,-82.84,-2.64,-83.32,-3.36,-84.45,-4.93
1815,5246.00,5366.50,2,4,-82.67,-2.19,90.00,0,-120.33,-inf,-99.06,-20.60,-92.97,-14.39,-92.20,-13.58,-82.67,-2.19,-85.38,-5.98,-83.25,-3.09
1816,5245.75,5366.50,2,4,-85.16,-4.99,90.00,0,-118.36,-inf,-98.55,-19.52,-93.70,-14.58,-94.41,-15.31,-85.16,-4.99,-84.43,-4.00,-83.03,-1.88
1817,5245.50,5366.50,2,6,-80.69,-0.43,90.00,1,-118.01,-inf,-97.92,-20.42,-91.77,-14.14,-93.87,-16.31,-85.42,-7.20,-82.84,-3.89,-80.69,-0.43
1818,5245.25,5366.50,2,6,-81.02,0.44,90.00,0,-119.88,-inf,-97.19,-18.91,-90.25,-11.75,-95.06,-16.75,-86.10,-7.11,-85.03,-5.79,-81.02,0.44
1819,5245.00,5366.50,2,6,-79.63,2.45,90.00,0,-120.16,-inf,-97.75,-20.04,-90.21,-12.29,-94.10,-16.33,-87.83,-9.73,-85.30,-6.81,-79.63,2.45
1820,5244.75,5366.50,2,6,-81.47,-0.46,90.00,0,-119.75,-inf,-98.68,-20.42,-93.58,-15.22,-95.02,-16.70,-86.39,-7.45,-83.33,-3.51,-81.47,-0.46
1821,5244.50,5366.50,2,6,-82.43,-1.33,90.00,0,-117.94,-inf,-96.36,-17.59,-92.37,-13.48,-93.51,-14.66,-86.11,-6.54,-84.02,-3.81,-82.43,-1.33
1822,5244.25,5366.50,2,6,-80.69,-0.42,90.00,0,-115.87,-inf,-96.91,-19.39,-91.38,-13.73,-93.80,-16.23,-83.50,-4.78,-84.59,-6.19,-80.69,-0.42
1823,5244.00,5366.50,2,6,-83.16,-1.13,90.00,0,-115.53,-inf,-97.98,-18.36,-90.65,-10.74,-93.35,-13.61,-86.08,-5.43,-86.57,-6.05,-83.16,-1.13
1824,5243.75,5366.50,2,6,-83.68,-1.95,90.00,0,-115.08,-inf,-98.46,-18.82,-93.36,-13.60,-97.44,-17.79,-83.81,-2.17,-87.75,-7.45,-83.68,-1.95
1825,5243.50,5366.50,2,6,-83.38,-2.64,90.00,0,-114.79,-inf,-99.31,-20.42,-91.91,-12.83,-99.01,-20.11,-82.21,-0.67,-88.44,-9.08,-83.38,-2.64
1826,5243.25,5366.50,2,6,-83.44,-2.37,90.00,0,-112.39,-inf,-99.70,-20.58,-92.21,-12.91,-97.81,-18.67,-82.52,-0.81,-89.06,-9.52,-83.44,-2.37
1827,5243.00,5366.50,2,6,-82.36,-1.19,90.00,0,-111.36,-inf,-101.63,-22.89,-91.99,-13.07,-97.78,-19.01,-82.53,-1.48,-89.63,-10.55,-82.36,-1.19
1828,5242.75,5366.50,2,6,-83.93,-3.01,90.00,0,-111.20,-inf,-101.62,-22.44,-95.84,-16.59,-97.80,-18.58,-81.52,1.42,-93.49,-14.17,-83.93,-3.01
1829,5242.50,5366.50,2,6,-83.49,-2.79,90.00,0,-109.99,-31.11,-103.30,-24.41,-95.71,-16.75,-97.76,-18.83,-81.20,1.49,-94.94,-15.96,-83.49,-2.79
1830,5242.25,5366.50,2,4,-80.34,2.66,90.00,1,-108.35,-29.88,-104.27,-25.80,-97.48,-18.96,-95.92,-17.38,-80.34,2.66,-95.85,-17.31,-83.80,-3.84
1831,5242.00,5366.50,2,4,-79.57,3.13,90.00,0,-107.80,-29.95,-102.38,-24.51,-96.57,-18.67,-93.87,-15.91,-79.57,3.13,-97.59,-19.70,-83.58,-4.38
1832,5241.75,5366.50,2,4,-78.22,3.82,90.00,0,-110.47,-inf,-101.70,-24.98,-97.43,-20.69,-93.78,-16.98,-78.22,3.82,-95.74,-18.97,-82.82,-4.89
1833,5241.50,5366.50,2,4,-77.68,4.11,90.00,0,-109.20,-32.94,-99.99,-23.72,-96.22,-19.92,-96.92,-20.63,-77.68,4.11,-95.60,-19.29,-82.45,-5.00
1834,5241.25,5366.50,2,4,-76.83,6.65,90.00,0,-108.81,-32.83,-97.21,-21.20,-96.38,-20.37,-98.02,-22.02,-76.83,6.65,-97.81,-21.81,-84.40,-7.75
1835,5241.00,5366.50,2,4,-77.13,6.04,90.00,0,-107.88,-31.71,-97.32,-21.12,-96.12,-19.91,-95.57,-19.35,-77.13,6.04,-98.61,-22.42,-84.14,-7.21
1836,5240.75,5366.50,2,4,-74.74,8.52,90.00,0,-108.56,-34.39,-95.90,-21.70,-93.43,-19.21,-96.95,-22.75,-74.74,8.52,-99.30,-25.12,-84.46,-9.87
1837,5240.50,5366.50,2,4,-74.49,6.63,90.00,0,-110.68,-inf,-96.81,-23.16,-95.25,-21.59,-95.27,-21.60,-74.49,6.63,-96.40,-22.74,-81.81,-7.46
1838,5240.25,5366.50,2,4,-73.82,7.98,90.00,0,-110.37,-inf,-97.89,-24.69,-96.06,-22.86,-95.20,-21.99,-73.82,7.98,-94.16,-20.95,-82.67,-8.97
1839,5240.00,5366.50,2,4,-73.15,6.92,90.00,0,-111.79,-inf,-97.76,-25.40,-93.27,-20.89,-94.70,-22.33,-73.15,6.92,-91.69,-19.29,-80.92,-7.93
1840,5239.75,5366.50,2,4,-73.61,6.64,90.00,0,-113.57,-inf,-97.65,-24.88,-95.35,-22.58,-95.13,-22.35,-73.61,6.64,-90.14,-17.31,-81.19,-7.76
1841,5239.50,5366.50,2,4,-73.33,4.70,90.00,0,-114.33,-inf,-97.17,-25.10,-95.03,-22.95,-94.13,-22.04,-73.33,4.70,-89.77,-17.64,-78.63,-5.49
1842,5239.25,5366.50,2,4,-75.24,1.77,90.00,0,-113.97,-inf,-96.37,-23.32,-95.88,-22.83,-95.15,-22.10,-75.24,1.77,-90.60,-17.50,-77.41,-2.43
1843,5239.00,5366.50,2,4,-73.81,2.79,90.00,0,-112.54,-inf,-97.41,-25.42,-98.02,-26.03,-94.88,-22.88,-73.81,2.79,-89.88,-17.83,-76.97,-3.35
1844,5238.75,5366.50,2,4,-71.91,5.04,90.00,0,-111.72,-inf,-98.61,-27.87,-98.87,-28.13,-94.34,-23.59,-71.91,5.04,-91.92,-21.15,-77.27,-5.44
1845,5238.50,5366.50,2,4,-68.35,8.29,90.00,0,-113.11,-inf,-99.36,-31.61,-97.47,-29.71,-91.91,-24.14,-68.35,8.29,-90.05,-22.28,-77.07,-8.78
1846,5238.25,5366.50,2,4,-66.49,9.17,90.00,0,-113.59,-inf,-99.46,-33.47,-94.71,-28.71,-90.26,-24.25,-66.49,9.17,-90.03,-24.02,-76.08,-9.64
1847,5238.00,5366.50,2,4,-68.18,9.39,90.00,0,-113.63,-inf,-100.58,-32.87,-94.33,-26.62,-89.49,-21.76,-68.18,9.39,-90.58,-22.85,-78.25,-10.15
1848,5237.75,5366.50,2,4,-66.61,12.01,90.00,0,-112.84,-inf,-101.04,-34.69,-92.05,-25.69,-90.18,-23.82,-66.61,12.01,-91.69,-25.33,-79.47,-12.91
1849,5237.50,5366.50,2,4,-66.49,11.51,90.00,0,-112.72,-inf,-102.23,-36.03,-92.37,-26.16,-89.81,-23.60,-66.49,11.51,-92.55,-26.34,-78.69,-12.24
1850,5237.25,5366.50,2,4,-65.31,12.07,90.00,0,-114.56,-inf,-98.25,-33.19,-93.43,-28.37,-93.03,-27.97,-65.31,12.07,-91.29,-26.23,-77.88,-12.59
1851,5237.00,5366.50,2,4,-64.47,11.96,90.00,0,-114.60,-inf,-97.48,-33.28,-94.68,-30.47,-93.84,-29.64,-64.47,11.96,-90.39,-26.17,-76.81,-12.37
1852,5236.75,5366.50,2,4,-64.47,11.81,90.00,0,-115.53,-inf,-97.86,-33.67,-94.08,-29.88,-93.39,-29.19,-64.47,11.81,-90.23,-26.03,-76.67,-12.23
1853,5236.50,5366.50,2,4,-67.11,9.87,90.00,0,-113.70,-inf,-98.93,-32.25,-90.56,-23.86,-92.40,-25.71,-67.11,9.87,-92.47,-25.78,-77.49,-10.44
1854,5236.25,5366.50,2,4,-67.77,11.33,90.00,0,-112.25,-inf,-100.73,-33.27,-90.74,-23.26,-93.10,-25.63,-67.77,11.33,-94.67,-27.20,-79.80,-12.09
1855,5236.00,5366.50,2,4,-69.16,8.48,90.00,0,-109.91,-41.33,-103.42,-34.84,-92.72,-24.12,-91.02,-22.42,-69.16,8.48,-95.40,-26.81,-78.11,-9.02
1856,5235.75,5366.50,2,4,-69.98,7.66,90.00,0,-109.29,-40.00,-104.25,-34.95,-92.37,-23.05,-92.08,-22.76,-69.98,7.66,-95.61,-26.31,-78.08,-8.16
1857,5235.50,5366.50,2,4,-67.99,8.80,90.00,0,-108.88,-41.43,-104.83,-37.38,-93.84,-26.38,-91.52,-24.05,-67.99,8.80,-93.64,-26.18,-77.15,-9.21
1858,5235.25,5366.50,2,4,-70.95,6.49,90.00,0,-107.95,-37.88,-106.61,-36.54,-95.42,-25.34,-92.23,-22.14,-70.95,6.49,-91.70,-21.60,-77.87,-7.01
1859,5235.00,5366.50,2,4,-70.81,8.45,90.00,0,-108.55,-38.32,-108.41,-38.19,-95.44,-25.20,-92.96,-22.71,-70.81,8.45,-92.00,-21.74,-79.86,-9.13
1860,5234.75,5366.50,2,4,-69.50,11.20,90.00,0,-109.40,-40.21,-110.02,-inf,-93.53,-24.33,-92.02,-22.81,-69.50,11.20,-89.70,-20.47,-82.05,-12.63
1861,5234.50,5366.50,2,4,-68.15,12.75,90.00,0,-108.80,-40.88,-109.53,-41.61,-96.16,-28.23,-88.26,-20.30,-68.15,12.75,-87.59,-19.61,-83.44,-15.39
1862,5234.25,5366.50,2,4,-68.22,13.00,90.00,0,-108.47,-40.46,-110.59,-inf,-98.02,-30.00,-87.08,-19.01,-68.22,13.00,-88.64,-20.59,-84.04,-15.92
1863,5234.00,5366.50,2,4,-68.31,13.25,90.00,0,-108.33,-40.22,-111.09,-inf,-98.61,-30.50,-85.57,-17.37,-68.31,13.25,-90.54,-22.40,-85.13,-16.93
1864,5233.75,5366.50,2,4,-68.39,11.69,90.00,0,-110.33,-inf,-112.27,-inf,-97.70,-29.59,-84.80,-16.60,-68.39,11.69,-91.78,-23.65,-82.54,-14.27
1865,5233.50,5366.50,2,4,-70.11,10.55,90.00,0,-109.97,-40.23,-114.16,-inf,-98.15,-28.40,-84.28,-14.38,-70.11,10.55,-90.98,-21.20,-84.20,-14.29
1866,5233.25,5366.50,2,4,-70.49,10.45,90.00,0,-111.67,-inf,-113.35,-inf,-101.06,-30.94,-84.20,-13.91,-70.49,10.45,-91.83,-21.69,-84.67,-14.40
1867,5233.00,5366.50,2,4,-70.26,10.69,90.00,0,-110.41,-inf,-111.53,-inf,-102.49,-32.59,-85.86,-15.85,-70.26,10.69,-92.95,-23.03,-83.19,-13.09
1868,5232.75,5366.50,2,4,-70.11,12.06,90.00,0,-110.35,-inf,-111.41,-inf,-105.41,-35.57,-86.47,-16.53,-70.11,12.06,-92.90,-23.03,-84.99,-15.01
1869,5232.50,5366.50,2,4,-70.05,11.21,90.00,0,-112.02,-inf,-111.06,-inf,-104.81,-35.08,-84.85,-14.97,-70.05,11.21,-91.66,-21.89,-84.71,-14.83
1870,5232.25,5366.50,2,4,-70.31,11.02,90.00,0,-114.15,-inf,-113.09,-inf,-103.26,-33.28,-84.53,-14.40,-70.31,11.02,-91.02,-21.01,-85.38,-15.27
1871,5232.00,5366.50,2,4,-71.07,10.51,90.00,0,-115.04,-inf,-113.32,-inf,-104.48,-33.78,-83.98,-13.07,-71.07,10.51,-91.58,-20.84,-86.74,-15.93
1872,5231.75,5366.50,2,4,-69.43,10.68,90.00,0,-114.75,-inf,-111.25,-inf,-103.71,-34.64,-83.81,-14.58,-69.43,10.68,-91.22,-22.12,-83.29,-14.05
1873,5231.50,5366.50,2,4,-73.00,6.66,90.00,0,-115.60,-inf,-112.41,-inf,-101.14,-28.98,-82.92,-10.39,-73.00,6.66,-90.70,-18.49,-83.30,-10.81
1874,5231.25,5366.50,2,4,-71.94,6.29,90.00,0,-113.43,-inf,-111.75,-inf,-98.96,-27.93,-79.50,-7.80,-71.94,6.29,-90.17,-19.09,-85.86,-14.69
1875,5231.00,5366.50,2,4,-68.62,11.79,90.00,0,-116.90,-inf,-110.15,-inf,-97.63,-29.28,-82.09,-13.56,-68.62,11.79,-90.89,-22.52,-87.40,-19.00
1876,5230.75,5366.50,2,4,-68.56,11.54,90.00,0,-118.41,-inf,-110.92,-inf,-96.20,-27.92,-82.75,-14.33,-68.56,11.54,-87.93,-19.61,-86.01,-17.66
1877,5230.50,5366.50,2,4,-67.33,12.92,90.00,0,-119.60,-inf,-111.51,-inf,-95.96,-28.84,-83.29,-16.07,-67.33,12.92,-87.46,-20.30,-85.85,-18.68
1878,5230.25,5366.50,2,4,-68.48,11.52,90.00,0,-120.70,-inf,-111.81,-inf,-97.10,-28.92,-84.90,-16.63,-68.48,11.52,-87.57,-19.34,-83.25,-14.93
1879,5230.00,5366.50,2,4,-67.04,14.31,90.00,0,-121.70,-inf,-110.74,-inf,-97.55,-30.66,-85.88,-18.94,-67.04,14.31,-90.01,-23.10,-84.59,-17.63
1880,5229.75,5366.50,2,4,-65.82,14.73,90.00,0,-121.93,-inf,-111.07,-inf,-96.58,-30.90,-85.06,-19.33,-65.82,14.73,-92.02,-26.33,-83.25,-17.49
1881,5229.50,5366.50,2,4,-66.15,13.33,90.00,0,-122.25,-inf,-111.13,-inf,-95.86,-29.90,-83.48,-17.45,-66.15,13.33,-90.61,-24.65,-82.55,-16.50
1882,5229.25,5366.50,2,4,-64.37,14.77,90.00,0,-121.81,-inf,-113.55,-inf,-95.10,-30.87,-83.29,-19.01,-64.37,14.77,-86.99,-22.74,-82.92,-18.64
1883,5229.00,5366.50,2,4,-64.37,13.32,90.00,0,-123.70,-inf,-112.79,-inf,-96.59,-32.42,-82.51,-18.28,-64.37,13.32,-82.82,-18.60,-82.31,-18.07
1884,5228.75,5366.50,2,4,-64.65,14.05,90.00,0,-124.62,-inf,-112.85,-inf,-98.44,-33.96,-86.01,-21.49,-64.65,14.05,-82.43,-17.87,-82.99,-18.44
1885,5228.50,5366.50,2,4,-64.36,14.95,90.00,0,-126.48,-inf,-112.41,-inf,-96.77,-32.55,-86.51,-22.26,-64.36,14.95,-83.46,-19.18,-83.32,-19.04
1886,5228.25,5366.50,2,4,-64.36,14.14,90.00,0,-124.67,-inf,-114.09,-inf,-93.72,-29.53,-87.26,-23.05,-64.36,14.14,-81.72,-17.45,-83.02,-18.77
1887,5228.00,5366.50,2,4,-64.66,14.21,90.00,0,-126.47,-inf,-112.39,-inf,-95.38,-30.87,-86.87,-22.35,-64.66,14.21,-81.85,-17.27,-84.01,-19.46
1888,5227.75,5366.50,2,4,-66.23,12.64,90.00,0,-124.65,-inf,-111.95,-inf,-95.11,-29.10,-87.70,-21.66,-66.23,12.64,-82.28,-16.17,-83.07,-16.98
1889,5227.50,5366.50,2,4,-68.02,11.14,90.00,0,-124.60,-inf,-111.37,-inf,-93.87,-26.16,-87.28,-19.53,-68.02,11.14,-82.47,-14.62,-83.88,-16.08
1890,5227.25,5366.50,2,4,-70.88,9.43,90.00,0,-123.49,-inf,-110.65,-inf,-92.82,-22.39,-87.49,-17.00,-70.88,9.43,-83.73,-13.12,-85.72,-15.19
1891,5227.00,5366.50,2,4,-72.52,7.30,90.00,0,-124.62,-inf,-110.73,-inf,-90.64,-18.80,-87.34,-15.44,-72.52,7.30,-81.94,-9.72,-89.16,-17.30
1892,5226.75,5366.50,2,4,-72.00,7.10,90.00,0,-123.60,-inf,-110.16,-inf,-88.24,-16.93,-86.86,-15.51,-72.00,7.10,-81.03,-9.32,-91.22,-19.95
1893,5226.50,5366.50,2,4,-71.93,9.45,90.00,0,-123.22,-inf,-108.50,-37.04,-87.70,-16.13,-88.15,-16.59,-71.93,9.45,-84.81,-13.14,-92.02,-20.52
1894,5226.25,5366.50,2,4,-73.96,8.17,90.00,0,-122.93,-inf,-106.59,-33.24,-89.38,-15.93,-89.71,-16.26,-73.96,8.17,-84.98,-11.32,-92.23,-18.83
1895,5226.00,5366.50,2,4,-74.68,8.00,90.00,0,-121.53,-inf,-105.95,-31.91,-89.62,-15.46,-89.65,-15.49,-74.68,8.00,-86.43,-12.13,-90.87,-16.73
1896,5225.75,5366.50,2,4,-74.50,8.34,90.00,0,-122.46,-inf,-107.42,-33.51,-89.18,-15.15,-89.01,-14.97,-74.50,8.34,-87.76,-13.67,-90.25,-16.24
1897,5225.50,5366.50,2,4,-75.60,7.61,90.00,0,-123.27,-inf,-105.93,-31.02,-88.66,-13.57,-90.55,-15.53,-75.60,7.61,-90.07,-15.02,-88.48,-13.38
1898,5225.25,5366.50,2,4,-77.04,5.70,90.00,0,-123.34,-inf,-107.80,-31.79,-88.47,-12.21,-89.78,-13.59,-77.04,5.70,-91.86,-15.74,-86.83,-10.45
1899,5225.00,5366.50,2,4,-79.89,3.40,90.00,0,-123.31,-inf,-109.16,-30.91,-89.63,-11.06,-89.31,-10.71,-79.89,3.40,-93.57,-15.19,-87.25,-8.41
1900,5224.75,5366.50,2,4,-78.97,4.64,90.00,0,-122.71,-inf,-110.26,-inf,-90.24,-12.30,-91.36,-13.48,-78.97,4.64,-94.20,-16.42,-86.58,-8.29
1901,5224.50,5366.50,2,4,-77.25,5.70,90.00,0,-122.38,-inf,-111.12,-inf,-88.69,-12.22,-91.18,-14.82,-77.25,5.70,-94.75,-18.47,-86.00,-9.30
1902,5224.25,5366.50,2,4,-77.38,6.85,90.00,0,-119.90,-inf,-109.28,-32.71,-89.33,-12.53,-93.36,-16.71,-77.38,6.85,-97.25,-20.65,-87.33,-10.39
1903,5224.00,5366.50,2,4,-76.47,7.62,90.00,0,-120.40,-inf,-106.51,-30.73,-90.20,-14.27,-93.50,-17.65,-76.47,7.62,-95.74,-19.93,-86.75,-10.62
1904,5223.75,5366.50,2,4,-77.12,6.26,90.00,0,-120.61,-inf,-107.50,-31.30,-88.64,-12.19,-91.03,-14.69,-77.12,6.26,-93.26,-16.97,-87.34,-10.79
1905,5223.50,5366.50,2,4,-78.33,5.21,90.00,0,-118.73,-inf,-106.20,-29.01,-88.16,-10.61,-92.49,-15.17,-78.33,5.21,-92.68,-15.37,-87.79,-10.20
1906,5223.25,5366.50,2,4,-79.45,4.90,90.00,0,-120.78,-inf,-107.63,-29.39,-90.08,-11.55,-92.26,-13.85,-79.45,4.90,-92.32,-13.92,-88.56,-9.91
1907,5223.00,5366.50,2,4,-77.74,6.71,90.00,0,-121.36,-inf,-111.17,-inf,-91.88,-14.84,-90.46,-13.37,-77.74,6.71,-91.95,-14.91,-88.85,-11.66
1908,5222.75,5366.50,2,4,-76.63,7.30,90.00,0,-119.48,-inf,-113.18,-inf,-93.44,-17.47,-89.61,-13.52,-76.63,7.30,-90.07,-14.00,-88.52,-12.39
1909,5222.50,5366.50,2,4,-76.10,7.52,90.00,0,-118.10,-inf,-111.54,-inf,-93.11,-17.64,-90.24,-14.70,-76.10,7.52,-88.78,-13.18,-88.30,-12.67
1910,5222.25,5366.50,2,4,-75.28,8.51,90.00,0,-121.32,-inf,-111.06,-inf,-92.36,-17.58,-91.22,-16.41,-75.28,8.51,-88.31,-13.41,-88.98,-14.10
1911,5222.00,5366.50,2,4,-74.74,9.05,90.00,0,-120.90,-inf,-109.03,-34.80,-94.87,-20.61,-88.87,-14.50,-74.74,9.05,-90.41,-16.07,-88.12,-13.72
1912,5221.75,5366.50,2,4,-74.75,8.21,90.00,0,-121.67,-inf,-110.28,-inf,-96.60,-22.43,-88.99,-14.71,-74.75,8.21,-89.76,-15.50,-86.16,-11.74
1913,5221.50,5366.50,2,4,-77.24,4.23,90.00,0,-121.68,-inf,-110.58,-inf,-95.24,-19.35,-90.54,-14.54,-77.24,4.23,-88.65,-12.58,-83.48,-6.81
1914,5221.25,5366.50,2,4,-75.31,5.56,90.00,0,-122.47,-inf,-110.75,-inf,-94.99,-20.71,-89.93,-15.57,-75.31,5.56,-90.22,-15.87,-82.37,-7.40
1915,5221.00,5366.50,2,4,-75.35,4.30,90.00,0,-123.98,-inf,-112.58,-inf,-92.47,-18.43,-91.46,-17.41,-75.35,4.30,-87.50,-13.32,-81.15,-6.25
1916,5220.75,5366.50,2,4,-78.16,1.74,90.00,0,-124.12,-inf,-112.65,-inf,-92.84,-16.82,-90.35,-14.26,-78.16,1.74,-88.06,-11.85,-81.47,-4.12
1917,5220.50,5366.50,2,4,-79.24,0.03,90.00,0,-126.40,-inf,-111.34,-inf,-93.92,-17.60,-89.96,-13.53,-79.24,0.03,-88.35,-11.83,-80.53,-2.25
1918,5220.25,5366.50,2,4,-81.17,-2.45,90.00,0,-126.39,-inf,-114.14,-inf,-95.24,-18.41,-91.85,-14.94,-81.17,-2.45,-90.80,-13.85,-79.38,0.83
1919,5220.00,5366.50,2,6,-79.09,2.37,90.00,1,-123.33,-inf,-116.34,-inf,-95.32,-18.15,-93.81,-16.61,-82.36,-3.73,-92.71,-15.49,-79.09,2.37
1920,5219.75,5366.50,2,6,-79.41,2.38,90.00,0,-123.89,-inf,-117.32,-inf,-97.69,-20.22,-91.88,-14.29,-82.76,-3.82,-93.93,-16.40,-79.41,2.38
1921,5219.50,5366.50,2,6,-80.44,1.18,90.00,0,-121.87,-inf,-115.06,-inf,-96.02,-17.97,-92.05,-13.90,-82.97,-3.32,-90.69,-12.46,-80.44,1.18
1922,5219.25,5366.50,2,6,-82.58,-1.48,90.00,0,-119.68,-inf,-110.85,-inf,-94.43,-15.54,-93.43,-14.51,-82.24,-0.88,-90.57,-11.51,-82.58,-1.48
1923,5219.00,5366.50,2,6,-80.00,0.97,90.00,0,-121.03,-inf,-110.20,-inf,-96.49,-18.99,-94.68,-17.15,-82.08,-2.80,-89.43,-11.70,-80.00,0.97
1924,5218.75,5366.50,2,6,-78.75,2.68,90.00,0,-120.98,-inf,-107.57,-30.69,-96.93,-20.00,-95.46,-18.52,-82.57,-4.32,-89.81,-12.70,-78.75,2.68
1925,5218.50,5366.50,2,6,-78.10,2.67,90.00,0,-118.21,-inf,-108.35,-32.12,-98.32,-22.07,-94.07,-17.77,-81.96,-4.39,-88.69,-12.22,-78.10,2.67
1926,5218.25,5366.50,2,6,-76.87,6.31,90.00,0,-116.24,-inf,-107.84,-31.88,-98.45,-22.46,-92.92,-16.87,-84.73,-8.16,-91.69,-15.61,-76.87,6.31
1927,5218.00,5366.50,2,6,-75.36,8.16,90.00,0,-114.93,-inf,-108.57,-33.83,-99.68,-24.93,-93.55,-18.75,-85.18,-10.03,-91.25,-16.41,-75.36,8.16
1928,5217.75,5366.50,2,6,-74.20,7.69,90.00,0,-115.49,-inf,-109.01,-35.49,-100.85,-27.33,-89.82,-16.20,-83.40,-9.41,-91.79,-18.21,-74.20,7.69
1929,5217.50,5366.50,2,6,-76.66,3.03,90.00,0,-117.51,-inf,-107.62,-32.71,-100.57,-25.66,-90.42,-15.39,-80.43,-4.09,-92.46,-17.47,-76.66,3.03
1930,5217.25,5366.50,2,6,-76.10,4.10,90.00,0,-114.15,-inf,-105.66,-30.98,-97.87,-23.17,-90.94,-16.17,-81.05,-5.24,-92.17,-17.41,-76.10,4.10
1931,5217.00,5366.50,2,6,-77.12,1.68,90.00,0,-113.84,-inf,-104.30,-29.42,-94.71,-19.79,-89.76,-14.74,-79.50,-2.79,-93.71,-18.79,-77.12,1.68
1932,5216.75,5366.50,2,6,-78.79,0.60,90.00,0,-115.00,-inf,-104.75,-28.67,-97.02,-20.92,-88.40,-12.07,-80.34,-2.23,-93.29,-17.14,-78.79,0.60
1933,5216.50,5366.50,2,6,-80.06,-0.45,90.00,0,-115.68,-inf,-104.28,-27.45,-97.79,-20.93,-89.43,-12.37,-80.29,-0.88,-98.44,-21.59,-80.06,-0.45
1934,5216.25,5366.50,2,6,-78.57,-0.73,90.00,0,-116.75,-inf,-105.56,-30.37,-95.61,-20.39,-87.41,-11.97,-78.53,-0.67,-96.68,-21.47,-78.57,-0.73
1935,5216.00,5366.50,2,6,-79.78,-1.73,90.00,0,-117.28,-inf,-105.71,-29.89,-94.25,-18.36,-90.36,-14.39,-78.53,0.63,-96.82,-20.97,-79.78,-1.73
1936,5215.75,5366.50,2,6,-76.42,1.68,90.00,0,-118.64,-inf,-105.21,-31.04,-95.43,-21.23,-91.21,-16.96,-78.53,-2.39,-95.24,-21.04,-76.42,1.68
1937,5215.50,5366.50,2,6,-75.61,6.09,90.00,0,-117.62,-inf,-104.97,-30.32,-96.01,-21.33,-91.62,-16.88,-82.69,-7.30,-95.00,-20.31,-75.61,6.09
1938,5215.25,5366.50,2,6,-75.42,7.18,90.00,0,-117.12,-inf,-106.12,-31.47,-99.16,-24.49,-90.54,-15.77,-83.87,-8.66,-95.78,-21.09,-75.42,7.18
1939,5215.00,5366.50,2,6,-75.26,6.57,90.00,0,-120.11,-inf,-108.15,-33.75,-99.61,-25.20,-88.78,-14.22,-83.26,-8.25,-95.52,-21.09,-75.26,6.57
1940,5214.75,5366.50,2,6,-75.81,7.54,90.00,0,-118.38,-inf,-105.66,-30.55,-99.04,-23.91,-89.02,-13.73,-85.35,-9.81,-97.02,-21.88,-75.81,7.54
1941,5214.50,5366.50,2,6,-76.78,5.79,90.00,0,-117.46,-inf,-106.64,-30.88,-101.27,-25.49,-88.55,-12.55,-84.53,-8.15,-93.73,-17.89,-76.78,5.79
1942,5214.25,5366.50,2,6,-75.61,7.84,90.00,0,-118.63,-inf,-107.66,-32.71,-100.99,-26.03,-87.06,-11.84,-87.25,-12.03,-93.28,-18.27,-75.61,7.84
1943,5214.00,5366.50,2,6,-76.36,7.84,90.00,0,-117.85,-inf,-108.09,-32.39,-102.26,-26.55,-88.07,-12.12,-87.32,-11.32,-96.68,-20.95,-76.36,7.84
1944,5213.75,5366.50,2,6,-74.54,8.83,90.00,0,-115.79,-inf,-109.59,-35.59,-100.98,-26.96,-86.25,-11.98,-87.58,-13.38,-95.31,-21.27,-74.54,8.83
1945,5213.50,5366.50,2,6,-77.96,7.21,90.00,0,-117.57,-inf,-107.10,-29.90,-99.71,-22.48,-91.14,-13.75,-87.58,-9.96,-95.21,-17.93,-77.96,7.21
1946,5213.25,5366.50,2,6,-80.81,3.54,90.00,0,-117.44,-inf,-106.31,-27.09,-99.85,-20.59,-89.31,-9.65,-87.22,-7.25,-94.18,-14.83,-80.81,3.54
1947,5213.00,5366.50,2,6,-82.74,1.80,90.00,0,-117.35,-inf,-103.97,-23.42,-100.61,-20.03,-90.79,-9.83,-86.96,-5.30,-93.53,-12.76,-82.74,1.80
1948,5212.75,5366.50,2,6,-83.03,1.39,90.00,0,-116.90,-inf,-104.03,-23.35,-100.90,-20.19,-87.99,-6.45,-89.51,-8.24,-91.65,-10.63,-83.03,1.39
1949,5212.50,5366.50,2,6,-80.97,3.93,90.00,0,-117.07,-inf,-104.09,-24.59,-102.20,-22.69,-89.46,-9.51,-89.52,-9.58,-91.00,-11.19,-80.97,3.93
1950,5212.25,5366.50,2,6,-81.50,3.82,90.00,0,-118.85,-inf,-104.79,-24.79,-103.42,-23.42,-89.81,-9.35,-90.03,-9.59,-91.38,-11.06,-81.50,3.82
1951,5212.00,5366.50,2,6,-81.27,4.92,90.00,0,-118.53,-inf,-104.80,-24.73,-106.61,-26.54,-91.86,-11.51,-90.99,-10.56,-90.96,-10.54,-81.27,4.92
1952,5211.75,5366.50,2,6,-80.66,5.72,90.00,0,-120.08,-inf,-103.51,-23.86,-108.03,-28.39,-92.19,-12.31,-90.66,-10.68,-91.68,-11.77,-80.66,5.72
1953,5211.50,5366.50,2,6,-82.27,4.14,90.00,0,-120.75,-inf,-101.83,-20.94,-104.95,-24.08,-92.05,-10.85,-90.25,-8.86,-92.86,-11.71,-82.27,4.14
1954,5211.25,5366.50,2,6,-82.14,4.83,90.00,0,-123.69,-inf,-104.31,-23.38,-106.03,-25.11,-92.16,-10.91,-90.47,-9.05,-94.71,-13.61,-82.14,4.83
1955,5211.00,5366.50,2,6,-81.06,6.06,90.00,0,-124.52,-inf,-103.37,-23.25,-106.02,-25.91,-92.63,-12.28,-90.10,-9.54,-96.08,-15.87,-81.06,6.06
1956,5210.75,5366.50,2,6,-78.84,6.77,90.00,0,-124.95,-inf,-102.24,-24.20,-103.76,-25.73,-93.97,-15.84,-86.90,-8.28,-100.04,-22.00,-78.84,6.77
1957,5210.50,5366.50,2,6,-77.60,7.34,90.00,0,-126.29,-inf,-102.58,-25.70,-104.33,-27.46,-93.50,-16.54,-86.29,-8.89,-96.68,-19.76,-77.60,7.34
1958,5210.25,5366.50,2,6,-76.25,8.59,90.00,0,-124.93,-inf,-103.83,-28.13,-103.16,-27.46,-92.34,-16.55,-86.42,-10.35,-96.53,-20.80,-76.25,8.59
1959,5210.00,5366.50,2,6,-76.12,9.04,90.00,0,-125.80,-inf,-103.51,-27.89,-103.35,-27.73,-92.80,-17.11,-86.83,-10.88,-95.89,-20.24,-76.12,9.04
1960,5209.75,5366.50,2,6,-76.46,8.68,90.00,0,-126.28,-inf,-103.92,-28.01,-104.07,-28.15,-91.37,-15.34,-87.20,-10.95,-96.06,-20.11,-76.46,8.68
1961,5209.50,5366.50,2,6,-74.63,9.97,90.00,0,-126.28,-inf,-102.28,-28.06,-103.33,-29.11,-91.19,-16.89,-86.40,-11.92,-96.72,-22.48,-74.63,9.97
1962,5209.25,5366.50,2,6,-79.33,5.47,90.00,0,-126.16,-inf,-102.49,-24.23,-103.57,-25.31,-90.64,-12.14,-87.36,-8.54,-93.86,-15.50,-79.33,5.47
1963,5209.00,5366.50,2,6,-78.39,7.59,90.00,0,-124.10,-inf,-103.20,-25.50,-103.54,-25.83,-91.98,-14.12,-88.88,-10.84,-93.93,-16.13,-78.39,7.59
1964,5208.75,5366.50,2,6,-76.19,8.58,90.00,0,-124.01,-inf,-104.15,-28.52,-102.52,-26.89,-90.50,-14.74,-87.36,-11.43,-93.83,-18.14,-76.19,8.58
1965,5208.50,5366.50,2,6,-75.62,10.86,90.00,0,-123.43,-inf,-104.37,-29.09,-105.31,-30.04,-91.38,-16.00,-90.46,-15.06,-93.37,-18.03,-75.62,10.86
1966,5208.25,5366.50,2,6,-75.78,11.23,90.00,0,-124.11,-inf,-106.09,-30.63,-106.28,-30.81,-92.47,-16.92,-90.43,-14.83,-94.32,-18.80,-75.78,11.23
1967,5208.00,5366.50,2,6,-77.45,9.53,90.00,0,-125.37,-inf,-105.66,-28.66,-106.77,-29.78,-92.03,-14.90,-89.98,-12.77,-96.50,-19.46,-77.45,9.53
1968,5207.75,5366.50,2,6,-77.21,9.80,90.00,0,-126.12,-inf,-106.83,-30.05,-106.83,-30.05,-91.06,-14.12,-90.81,-13.86,-96.28,-19.45,-77.21,9.80
1969,5207.50,5366.50,2,6,-78.40,9.59,90.00,0,-126.26,-inf,-108.68,-30.73,-105.24,-27.28,-91.38,-13.23,-91.92,-13.80,-101.22,-23.25,-78.40,9.59
1970,5207.25,5366.50,2,6,-80.12,7.16,90.00,0,-124.85,-inf,-108.20,-28.84,-103.25,-23.88,-91.22,-11.57,-90.61,-10.92,-100.74,-21.35,-80.12,7.16
1971,5207.00,5366.50,2,6,-82.12,4.96,90.00,0,-124.37,-inf,-110.75,-inf,-104.86,-23.92,-90.24,-8.78,-91.14,-9.78,-99.57,-18.59,-82.12,4.96
1972,5206.75,5366.50,2,6,-79.11,9.15,90.00,0,-125.43,-inf,-111.07,-inf,-102.56,-23.93,-93.02,-14.25,-91.96,-13.14,-96.96,-18.29,-79.11,9.15
1973,5206.50,5366.50,2,6,-81.80,6.78,90.00,0,-122.04,-inf,-111.33,-inf,-104.02,-23.03,-92.13,-10.81,-93.48,-12.26,-97.28,-16.20,-81.80,6.78
1974,5206.25,5366.50,2,6,-82.39,6.38,90.00,0,-117.61,-inf,-113.02,-inf,-104.14,-22.63,-92.37,-10.51,-93.49,-11.71,-97.93,-16.34,-82.39,6.38
1975,5206.00,5366.50,2,6,-80.39,8.24,90.00,0,-117.79,-inf,-112.12,-inf,-107.06,-27.27,-90.76,-10.62,-95.92,-16.04,-98.07,-18.22,-80.39,8.24
1976,5205.75,5366.50,2,6,-81.06,6.72,90.00,0,-119.91,-inf,-107.45,-27.22,-106.32,-26.08,-89.24,-8.44,-97.31,-17.00,-98.32,-18.02,-81.06,6.72
1977,5205.50,5366.50,2,6,-81.60,3.09,90.00,0,-117.28,-inf,-109.12,-29.24,-107.98,-28.10,-85.50,-4.24,-95.52,-15.53,-97.94,-18.00,-81.60,3.09
1978,5205.25,5366.50,2,6,-81.74,3.85,90.00,0,-117.31,-inf,-107.46,-27.21,-109.65,-29.41,-86.45,-5.02,-96.05,-15.69,-99.18,-18.88,-81.74,3.85
1979,5205.00,5366.50,2,6,-81.80,6.61,90.00,0,-116.67,-inf,-108.11,-27.16,-110.45,-inf,-90.55,-9.10,-95.43,-14.32,-98.01,-16.98,-81.80,6.61
1980,5204.75,5366.50,2,6,-80.24,7.88,90.00,0,-115.90,-inf,-107.96,-28.37,-111.90,-inf,-90.43,-10.46,-94.75,-15.03,-97.35,-17.68,-80.24,7.88
1981,5204.50,5366.50,2,6,-78.40,8.18,90.00,0,-114.69,-inf,-107.50,-29.71,-111.56,-inf,-88.58,-10.41,-93.60,-15.70,-95.92,-18.07,-78.40,8.18
1982,5204.25,5366.50,2,6,-77.66,9.37,90.00,0,-114.48,-inf,-105.41,-28.22,-110.31,-inf,-89.63,-12.20,-94.18,-16.91,-94.17,-16.90,-77.66,9.37
1983,5204.00,5366.50,2,6,-78.26,8.52,90.00,0,-114.10,-inf,-104.95,-27.26,-105.96,-28.27,-90.81,-12.90,-95.81,-18.05,-90.71,-12.80,-78.26,8.52
1984,5203.75,5366.50,2,6,-77.65,8.83,90.00,0,-112.97,-inf,-104.35,-27.23,-106.71,-29.59,-90.72,-13.41,-95.07,-17.89,-90.29,-12.96,-77.65,8.83
1985,5203.50,5366.50,2,6,-75.61,10.32,90.00,0,-109.61,-34.38,-104.02,-28.79,-103.74,-28.51,-89.84,-14.46,-96.08,-20.82,-89.69,-14.31,-75.61,10.32
1986,5203.25,5366.50,2,6,-76.61,9.52,90.00,0,-109.90,-33.75,-103.20,-27.03,-103.74,-27.58,-89.74,-13.39,-97.84,-21.66,-89.97,-13.63,-76.61,9.52
1987,5203.00,5366.50,2,6,-77.25,10.21,90.00,0,-110.96,-inf,-104.27,-27.40,-104.95,-28.09,-93.81,-16.87,-97.63,-20.74,-89.83,-12.75,-77.25,10.21
1988,5202.75,5366.50,2,6,-77.79,9.96,90.00,0,-110.78,-inf,-102.44,-25.06,-104.75,-27.36,-92.35,-14.84,-95.10,-17.66,-92.24,-14.72,-77.79,9.96
1989,5202.50,5366.50,2,6,-75.10,13.04,90.00,0,-109.50,-34.61,-102.45,-27.54,-104.64,-29.74,-91.70,-16.72,-94.96,-20.03,-94.72,-19.78,-75.10,13.04
1990,5202.25,5366.50,2,6,-74.07,14.39,90.00,0,-108.19,-34.28,-103.21,-29.28,-104.49,-30.57,-93.12,-19.15,-93.35,-19.39,-95.59,-21.64,-74.07,14.39
1991,5202.00,5366.50,2,6,-73.23,14.86,90.00,0,-106.32,-33.22,-102.64,-29.54,-103.50,-30.41,-93.85,-20.72,-92.16,-19.01,-95.13,-22.01,-73.23,14.86
1992,5201.75,5366.50,2,6,-75.04,13.05,90.00,0,-106.51,-31.67,-103.52,-28.68,-106.44,-31.60,-95.13,-20.26,-90.37,-15.42,-98.63,-23.78,-75.04,13.05
1993,5201.50,5366.50,2,6,-75.86,12.79,90.00,0,-105.48,-29.84,-108.15,-32.51,-107.23,-31.59,-95.18,-19.50,-91.85,-16.11,-96.06,-20.39,-75.86,12.79
1994,5201.25,5366.50,2,6,-75.12,12.94,90.00,0,-103.46,-28.54,-108.05,-33.14,-105.98,-31.07,-96.94,-22.01,-90.73,-15.71,-94.82,-19.87,-75.12,12.94
1995,5201.00,5366.50,2,6,-73.76,12.75,90.00,0,-104.92,-31.37,-107.74,-34.20,-105.85,-32.30,-97.13,-23.57,-88.56,-14.88,-93.29,-19.71,-73.76,12.75
1996,5200.75,5366.50,2,6,-74.70,13.55,90.00,0,-105.61,-31.10,-107.13,-32.61,-106.38,-31.86,-95.45,-20.90,-90.58,-15.96,-97.77,-23.24,-74.70,13.55
1997,5200.50,5366.50,2,6,-76.19,13.01,90.00,0,-105.47,-29.49,-108.65,-32.67,-106.30,-30.32,-96.56,-20.55,-92.22,-16.14,-96.62,-20.61,-76.19,13.01
1998,5200.25,5366.50,2,6,-77.06,12.60,90.00,0,-104.72,-27.89,-107.78,-30.95,-108.33,-31.50,-93.98,-17.07,-95.41,-18.52,-96.40,-19.53,-77.06,12.60
1999,5200.00,5366.50,2,6,-78.60,9.99,90.00,0,-106.79,-28.60,-108.43,-30.24,-110.83,-inf,-92.01,-13.64,-97.27,-19.03,-93.67,-15.35,-78.60,9.99
2000,5199.75,5366.50,2,6,-79.81,8.05,90.00,0,-109.63,-30.44,-107.76,-28.58,-109.09,-29.90,-91.43,-11.99,-95.54,-16.26,-93.01,-13.65,-79.81,8.05
2001,5199.50,5366.50,2,6,-76.03,11.14,90.00,0,-108.84,-33.13,-107.81,-32.10,-108.10,-32.39,-90.33,-14.47,-97.59,-21.85,-91.73,-15.91,-76.03,11.14
2002,5199.25,5366.50,2,6,-77.02,9.39,90.00,0,-105.72,-29.18,-106.41,-29.87,-108.51,-31.97,-89.74,-12.98,-97.03,-20.45,-90.64,-13.92,-77.02,9.39
2003,5199.00,5366.50,2,6,-76.36,9.90,90.00,0,-105.31,-29.37,-103.78,-27.84,-107.44,-31.50,-89.12,-12.96,-96.77,-20.80,-91.32,-15.26,-76.36,9.90
2004,5198.75,5366.50,2,6,-75.13,10.63,90.00,0,-103.54,-28.76,-103.69,-28.92,-107.00,-32.23,-87.77,-12.78,-97.90,-23.11,-92.11,-17.26,-75.13,10.63
2005,5198.50,5366.50,2,6,-74.79,11.47,90.00,0,-99.80,-25.30,-103.29,-28.79,-107.24,-32.75,-89.16,-14.52,-98.07,-23.56,-91.39,-16.81,-74.79,11.47
2006,5198.25,5366.50,2,6,-77.09,8.54,90.00,0,-99.05,-22.51,-101.59,-25.06,-108.30,-31.77,-88.78,-12.00,-99.42,-22.88,-90.04,-13.32,-77.09,8.54
2007,5198.00,5366.50,2,6,-78.20,9.05,90.00,0,-100.41,-22.70,-100.32,-22.61,-108.11,-30.42,-91.01,-13.11,-98.46,-20.73,-91.88,-14.02,-78.20,9.05
2008,5197.75,5366.50,2,6,-78.97,7.55,90.00,0,-101.30,-23.02,-99.18,-20.88,-111.24,-inf,-89.71,-11.13,-97.99,-19.68,-91.51,-13.03,-78.97,7.55
2009,5197.50,5366.50,2,6,-80.09,4.35,90.00,0,-98.48,-19.71,-98.34,-19.57,-110.86,-inf,-87.32,-7.95,-97.57,-18.79,-89.24,-10.11,-80.09,4.35
2010,5197.25,5366.50,2,6,-81.29,2.66,90.00,0,-96.82,-17.33,-99.32,-19.87,-112.69,-inf,-85.68,-5.11,-97.87,-18.40,-91.31,-11.62,-81.29,2.66
2011,5197.00,5366.50,2,6,-82.47,-0.56,90.00,0,-96.65,-17.40,-100.14,-20.93,-112.61,-inf,-83.41,-2.19,-97.79,-18.56,-88.85,-9.19,-82.47,-0.56
2012,5196.75,5366.50,2,6,-82.01,-1.42,90.00,0,-95.74,-17.43,-99.66,-21.40,-111.16,-inf,-81.45,-0.41,-97.02,-18.73,-90.46,-11.96,-82.01,-1.42
2013,5196.50,5366.50,2,6,-80.97,-0.22,90.00,0,-92.80,-14.81,-100.53,-22.66,-113.58,-inf,-81.71,-1.58,-97.10,-19.20,-91.10,-13.04,-80.97,-0.22
2014,5196.25,5366.50,2,6,-79.08,0.86,90.00,0,-92.84,-16.25,-103.26,-26.77,-115.14,-inf,-80.61,-2.01,-96.14,-19.61,-92.67,-16.09,-79.08,0.86
2015,5196.00,5366.50,2,6,-79.00,1.64,90.00,0,-95.12,-18.32,-103.76,-27.01,-114.64,-inf,-81.33,-2.74,-93.00,-16.16,-94.97,-18.17,-79.00,1.64
2016,5195.75,5366.50,2,6,-78.18,3.22,90.00,0,-96.29,-19.75,-104.73,-28.24,-114.55,-inf,-82.24,-4.40,-92.10,-15.49,-95.46,-18.92,-78.18,3.22
2017,5195.50,5366.50,2,6,-79.21,1.55,90.00,0,-99.08,-22.15,-103.88,-26.97,-113.62,-inf,-81.35,-2.51,-93.45,-16.45,-94.58,-17.60,-79.21,1.55
2018,5195.25,5366.50,2,6,-77.68,5.55,90.00,0,-97.00,-20.35,-99.44,-22.80,-111.86,-inf,-84.45,-7.06,-93.14,-16.43,-95.71,-19.05,-77.68,5.55
2019,5195.00,5366.50,2,6,-76.18,9.21,90.00,0,-96.96,-21.24,-99.94,-24.24,-115.06,-inf,-87.63,-11.66,-92.64,-16.86,-96.61,-20.88,-76.18,9.21
2020,5194.75,5366.50,2,6,-77.70,7.04,90.00,0,-95.39,-18.41,-97.60,-20.65,-114.66,-inf,-87.25,-9.91,-91.67,-14.60,-96.34,-19.38,-77.70,7.04
2021,5194.50,5366.50,2,6,-77.53,5.91,90.00,0,-95.68,-19.09,-97.38,-20.81,-114.70,-inf,-85.14,-7.95,-92.17,-15.51,-95.17,-18.57,-77.53,5.91
2022,5194.25,5366.50,2,6,-79.25,3.84,90.00,0,-97.57,-19.78,-93.73,-15.88,-115.55,-inf,-84.55,-5.79,-94.18,-16.33,-94.92,-17.09,-79.25,3.84
2023,5194.00,5366.50,2,6,-80.69,2.69,90.00,0,-96.72,-17.83,-94.90,-15.97,-116.21,-inf,-85.07,-5.08,-93.11,-14.13,-94.51,-15.57,-80.69,2.69
2024,5193.75,5366.50,2,6,-79.27,4.47,90.00,0,-92.91,-14.83,-96.95,-18.95,-115.57,-inf,-86.16,-7.50,-92.65,-14.55,-93.51,-15.44,-79.27,4.47
2025,5193.50,5366.50,2,6,-77.62,4.05,90.00,0,-93.13,-16.87,-98.71,-22.51,-114.46,-inf,-83.19,-6.06,-91.18,-14.87,-92.67,-16.40,-77.62,4.05
2026,5193.25,5366.50,2,6,-78.89,1.57,90.00,0,-91.98,-15.26,-98.73,-22.11,-112.19,-inf,-81.62,-3.38,-90.58,-13.81,-94.41,-17.74,-78.89,1.57
2027,5193.00,5366.50,2,6,-79.22,0.20,90.00,0,-91.42,-14.97,-99.93,-23.60,-113.55,-inf,-80.70,-2.42,-87.87,-11.25,-94.56,-18.18,-79.22,0.20
2028,5192.75,5366.50,2,6,-81.76,-3.31,90.00,0,-90.82,-13.87,-98.33,-21.51,-113.45,-inf,-79.32,1.01,-89.15,-12.11,-94.95,-18.10,-81.76,-3.31
2029,5192.50,5366.50,2,3,-77.51,2.92,90.00,1,-88.50,-12.55,-99.87,-24.13,-111.86,-inf,-77.51,2.92,-89.22,-13.30,-95.32,-19.56,-82.25,-5.45
2030,5192.25,5366.50,2,3,-78.69,2.53,90.00,0,-89.07,-12.04,-100.11,-23.33,-110.68,-inf,-78.69,2.53,-88.36,-11.29,-98.69,-21.90,-83.45,-5.63
2031,5192.00,5366.50,2,3,-77.89,2.83,90.00,0,-88.41,-12.08,-99.57,-23.48,-109.48,-33.41,-77.89,2.83,-86.54,-10.07,-96.50,-20.39,-83.60,-6.69
2032,5191.75,5366.50,2,3,-77.98,2.65,90.00,0,-93.25,-17.07,-98.60,-22.47,-107.71,-31.61,-77.98,2.65,-84.21,-7.38,-95.20,-19.05,-84.18,-7.35
2033,5191.50,5366.50,2,3,-79.14,2.18,90.00,0,-92.74,-15.54,-97.30,-20.17,-106.42,-29.34,-79.14,2.18,-87.05,-9.51,-96.24,-19.11,-83.63,-5.46
2034,5191.25,5366.50,2,3,-77.87,5.19,90.00,0,-92.38,-15.54,-102.19,-25.45,-104.75,-28.02,-77.87,5.19,-87.39,-10.27,-95.89,-19.11,-86.82,-9.65
2035,5191.00,5366.50,2,3,-77.43,6.08,90.00,0,-94.48,-17.93,-100.84,-24.35,-105.70,-29.22,-77.43,6.08,-88.78,-12.04,-100.06,-23.56,-86.09,-9.11
2036,5190.75,5366.50,2,3,-75.41,7.62,90.00,0,-95.00,-20.24,-101.64,-26.92,-103.84,-29.12,-75.41,7.62,-92.40,-17.61,-98.64,-23.91,-84.26,-9.04
2037,5190.50,5366.50,2,3,-76.09,6.35,90.00,0,-94.22,-18.99,-104.26,-29.08,-102.98,-27.80,-76.09,6.35,-91.55,-16.27,-98.22,-23.02,-83.67,-7.83
2038,5190.25,5366.50,2,3,-75.96,7.69,90.00,0,-93.69,-18.35,-102.98,-27.70,-101.13,-25.84,-75.96,7.69,-96.19,-20.88,-94.97,-19.65,-85.08,-9.33
2039,5190.00,5366.50,2,3,-79.38,3.50,90.00,0,-93.95,-16.06,-106.48,-28.70,-100.46,-22.66,-79.38,3.50,-97.16,-19.33,-91.97,-14.02,-84.31,-5.44
2040,5189.75,5366.50,2,3,-77.61,6.55,90.00,0,-95.70,-18.90,-103.58,-26.83,-101.48,-24.72,-77.61,6.55,-96.64,-19.86,-93.92,-17.10,-85.64,-8.30
2041,5189.50,5366.50,2,3,-81.53,1.93,90.00,0,-96.96,-17.50,-103.85,-24.45,-103.87,-24.48,-81.53,1.93,-96.00,-16.52,-93.98,-14.44,-84.59,-3.66
2042,5189.25,5366.50,2,3,-81.08,-1.72,90.00,0,-94.81,-17.61,-105.90,-28.77,-104.26,-27.12,-81.08,-1.72,-94.90,-17.70,-91.77,-14.48,-79.96,0.37
2043,5189.00,5366.50,2,3,-81.90,-2.10,90.00,0,-93.64,-15.82,-102.91,-25.19,-103.73,-26.01,-81.90,-2.10,-96.43,-18.65,-91.42,-13.51,-80.51,0.45
2044,5188.75,5366.50,2,3,-80.61,0.57,90.00,0,-92.15,-14.12,-101.64,-23.75,-101.74,-23.85,-80.61,0.57,-96.02,-18.08,-93.96,-15.98,-82.12,-2.21
2045,5188.50,5366.50,2,3,-81.28,-0.20,90.00,0,-91.44,-13.06,-100.89,-22.69,-103.88,-25.70,-81.28,-0.20,-95.63,-17.38,-92.94,-14.63,-82.17,-1.79
2046,5188.25,5366.50,2,3,-80.78,1.29,90.00,0,-92.89,-14.37,-100.60,-22.20,-104.78,-26.40,-80.78,1.29,-95.61,-17.16,-94.78,-16.30,-83.13,-3.00
2047,5188.00,5366.50,2,3,-80.86,0.69,90.00,0,-93.83,-15.53,-100.91,-22.71,-103.14,-24.95,-80.86,0.69,-96.18,-17.94,-94.08,-15.79,-82.42,-2.19
2048,5187.75,5366.50,2,3,-81.85,-0.59,90.00,0,-94.46,-15.82,-101.99,-23.44,-103.87,-25.32,-81.85,-0.59,-96.84,-18.24,-94.04,-15.38,-81.99,-0.86
2049,5187.50,5366.50,2,3,-79.30,2.16,90.00,0,-94.11,-16.79,-100.14,-22.88,-103.73,-26.49,-79.30,2.16,-95.03,-17.73,-94.03,-16.71,-82.36,-3.53
2050,5187.25,5366.50,2,3,-78.59,4.15,90.00,0,-97.14,-19.92,-100.71,-23.51,-104.02,-26.84,-78.59,4.15,-95.78,-18.54,-94.29,-17.02,-83.70,-5.43
2051,5187.00,5366.50,2,3,-81.30,2.89,90.00,0,-97.24,-17.67,-101.06,-21.53,-100.64,-21.11,-81.30,2.89,-91.78,-12.01,-95.32,-15.71,-86.20,-5.65
2052,5186.75,5366.50,2,3,-82.89,2.25,90.00,0,-99.35,-18.42,-102.00,-21.10,-102.11,-21.21,-82.89,2.25,-92.36,-11.17,-98.39,-17.45,-87.01,-4.94
2053,5186.50,5366.50,2,3,-83.21,1.05,90.00,0,-98.52,-17.75,-100.49,-19.75,-101.65,-20.92,-83.21,1.05,-92.88,-11.92,-96.67,-15.86,-85.82,-3.53
2054,5186.25,5366.50,2,3,-83.46,1.88,90.00,0,-99.96,-18.61,-98.71,-17.34,-102.04,-20.72,-83.46,1.88,-93.23,-11.66,-96.08,-14.65,-87.43,-4.93
2055,5186.00,5366.50,2,3,-82.76,2.13,90.00,0,-99.84,-19.11,-98.35,-17.60,-102.34,-21.63,-82.76,2.13,-94.10,-13.22,-94.59,-13.73,-86.77,-4.87
2056,5185.75,5366.50,2,3,-81.85,4.16,90.00,0,-101.80,-21.33,-96.52,-15.97,-102.86,-22.39,-81.85,4.16,-93.19,-12.51,-93.99,-13.35,-89.26,-8.21
2057,5185.50,5366.50,2,3,-81.73,2.59,90.00,0,-101.78,-21.92,-95.41,-15.46,-100.72,-20.85,-81.73,2.59,-94.26,-14.27,-92.94,-12.89,-86.43,-5.54
2058,5185.25,5366.50,2,3,-81.24,2.72,90.00,0,-103.18,-23.78,-95.03,-15.54,-101.15,-21.74,-81.24,2.72,-96.58,-17.12,-90.64,-10.92,-86.20,-5.81
2059,5185.00,5366.50,2,3,-81.67,2.31,90.00,0,-101.88,-22.18,-96.47,-16.72,-101.91,-22.22,-81.67,2.31,-93.99,-14.16,-88.95,-8.74,-87.28,-6.79
2060,5184.75,5366.50,2,3,-82.55,-0.40,90.00,0,-99.93,-20.55,-98.39,-19.00,-102.19,-22.83,-82.55,-0.40,-93.53,-14.02,-85.88,-5.46,-85.75,-5.28
2061,5184.50,5366.50,2,3,-83.64,-1.56,90.00,0,-99.15,-19.31,-99.66,-19.84,-103.11,-23.31,-83.64,-1.56,-96.99,-17.12,-86.78,-6.04,-84.54,-2.99
2062,5184.25,5366.50,2,3,-83.68,-1.85,90.00,0,-99.83,-20.15,-101.51,-21.84,-99.86,-20.18,-83.68,-1.85,-94.45,-14.66,-88.25,-7.96,-83.63,-1.77
2063,5184.00,5366.50,2,3,-84.20,-2.45,90.00,0,-100.61,-20.79,-101.54,-21.72,-100.00,-20.17,-84.20,-2.45,-95.10,-15.18,-85.18,-3.91,-85.25,-4.00
2064,5183.75,5366.50,2,3,-83.17,-2.17,90.00,0,-99.85,-20.87,-100.96,-21.98,-98.02,-19.02,-83.17,-2.17,-94.34,-15.26,-83.29,-2.36,-86.13,-6.26
2065,5183.50,5366.50,2,3,-82.32,0.14,90.00,0,-100.32,-20.91,-101.42,-22.01,-98.63,-19.20,-82.32,0.14,-96.11,-16.64,-86.70,-6.43,-85.39,-4.75
2066,5183.25,5366.50,2,3,-80.94,2.85,90.00,0,-100.90,-21.74,-101.72,-22.57,-101.46,-22.31,-80.94,2.85,-94.61,-15.36,-86.20,-6.13,-89.54,-10.00
2067,5183.00,5366.50,2,3,-81.61,-0.41,90.00,0,-100.90,-22.49,-98.82,-20.39,-100.21,-21.79,-81.61,-0.41,-95.83,-17.36,-82.78,-2.43,-87.83,-8.92
2068,5182.75,5366.50,2,3,-82.01,-2.34,90.00,0,-101.26,-23.57,-97.15,-19.43,-99.76,-22.06,-82.01,-2.34,-97.60,-19.88,-80.87,-0.36,-87.10,-8.90
2069,5182.50,5366.50,2,3,-82.95,-1.75,90.00,0,-101.06,-22.05,-95.94,-16.87,-98.87,-19.85,-82.95,-1.75,-97.19,-18.14,-82.27,-0.54,-90.48,-11.17
2070,5182.25,5366.50,2,3,-83.50,-3.16,90.00,0,-102.17,-23.52,-96.52,-17.82,-98.29,-19.62,-83.50,-3.16,-99.41,-20.75,-81.12,1.10,-90.53,-11.62
2071,5182.00,5366.50,2,3,-81.83,-1.51,90.00,0,-104.51,-26.50,-94.68,-16.59,-98.18,-20.14,-81.83,-1.51,-100.89,-22.87,-81.07,-0.13,-91.11,-12.89
2072,5181.75,5366.50,2,3,-84.24,-3.62,90.00,0,-105.10,-26.03,-97.05,-17.92,-100.05,-20.96,-84.24,-3.62,-102.52,-23.44,-81.51,1.20,-89.52,-10.05
2073,5181.50,5366.50,2,3,-82.87,-1.49,90.00,0,-103.51,-24.44,-94.19,-15.00,-100.60,-21.51,-82.87,-1.49,-104.32,-25.25,-82.97,-1.65,-88.03,-8.38
2074,5181.25,5366.50,2,3,-84.49,-2.52,90.00,0,-103.63,-23.57,-95.30,-15.13,-100.19,-20.11,-84.49,-2.52,-105.37,-25.32,-83.46,-0.78,-88.94,-8.30
2075,5181.00,5366.50,2,3,-83.93,-1.06,90.00,0,-102.94,-22.57,-96.09,-15.62,-97.44,-17.00,-83.93,-1.06,-106.23,-25.87,-83.93,-1.06,-92.84,-12.23
2076,5180.75,5366.50,2,3,-80.42,-0.50,90.00,0,-101.16,-23.98,-95.30,-18.08,-101.03,-23.85,-80.42,-0.50,-104.76,-27.60,-80.44,-0.52,-92.60,-15.32
2077,5180.50,5366.50,2,3,-80.09,-1.99,90.00,0,-98.98,-22.99,-93.76,-17.71,-99.15,-23.16,-80.09,-1.99,-107.29,-31.31,-78.55,0.91,-91.32,-15.22
2078,5180.25,5366.50,2,3,-82.58,-3.51,90.00,0,-98.18,-20.68,-92.21,-14.60,-100.99,-23.51,-82.58,-3.51,-105.90,-28.43,-79.92,1.18,-88.96,-11.17
2079,5180.00,5366.50,2,3,-84.67,-4.64,90.00,0,-95.75,-16.91,-92.47,-13.53,-98.97,-20.18,-84.67,-4.64,-105.80,-27.04,-81.14,1.35,-89.40,-10.26
2080,5179.75,5366.50,2,3,-87.22,-5.28,90.00,0,-95.39,-14.43,-93.64,-12.60,-97.01,-16.09,-87.22,-5.28,-105.59,-24.76,-83.66,0.33,-89.80,-8.40
2081,5179.50,5366.50,2,3,-86.84,-3.50,90.00,0,-95.39,-13.46,-93.81,-11.79,-99.60,-17.79,-86.84,-3.50,-105.03,-23.27,-85.11,-0.68,-92.23,-10.08
2082,5179.25,5366.50,2,3,-85.49,-3.62,90.00,0,-94.74,-14.28,-91.58,-10.94,-99.54,-19.18,-85.49,-3.62,-106.62,-26.31,-83.75,-0.84,-89.90,-9.10
2083,5179.00,5366.50,2,3,-82.10,0.93,90.00,0,-94.77,-15.11,-92.18,-12.41,-100.50,-20.94,-82.10,0.93,-107.14,-27.61,-84.80,-3.75,-92.80,-13.07
2084,5178.75,5366.50,2,3,-82.62,0.47,90.00,0,-93.32,-13.28,-92.35,-12.26,-98.85,-18.96,-82.62,0.47,-106.68,-26.84,-85.29,-3.99,-91.88,-11.76
2085,5178.50,5366.50,2,3,-81.66,1.63,90.00,0,-95.39,-15.89,-92.29,-12.68,-99.93,-20.50,-81.66,1.63,-101.90,-22.49,-85.75,-5.22,-90.54,-10.81
2086,5178.25,5366.50,2,3,-82.09,1.68,90.00,0,-96.42,-16.48,-92.15,-12.05,-101.10,-21.22,-82.09,1.68,-100.45,-20.57,-87.36,-6.67,-89.03,-8.63
2087,5178.00,5366.50,2,3,-82.75,-1.24,90.00,0,-96.52,-17.36,-89.73,-10.26,-100.06,-20.95,-82.75,-1.24,-102.72,-23.62,-86.19,-6.17,-85.06,-4.72
2088,5177.75,5366.50,2,3,-81.15,0.99,90.00,0,-94.87,-16.16,-89.67,-10.70,-100.97,-22.34,-81.15,0.99,-102.25,-23.62,-86.99,-7.71,-86.09,-6.62
2089,5177.50,5366.50,2,3,-81.81,0.66,90.00,0,-93.41,-14.13,-88.62,-8.99,-101.25,-22.10,-81.81,0.66,-100.69,-21.54,-88.03,-8.32,-86.98,-7.09
2090,5177.25,5366.50,2,3,-82.02,-0.05,90.00,0,-95.34,-16.26,-87.66,-8.05,-104.36,-25.37,-82.02,-0.05,-99.17,-20.15,-86.05,-6.12,-87.92,-8.34
2091,5177.00,5366.50,2,3,-82.83,-2.26,90.00,0,-95.48,-16.84,-86.20,-6.83,-106.05,-27.49,-82.83,-2.26,-95.79,-17.16,-87.31,-8.14,-84.17,-4.22
2092,5176.75,5366.50,2,3,-81.49,1.10,90.00,0,-92.41,-13.22,-87.81,-8.21,-105.72,-26.71,-81.49,1.10,-97.72,-18.67,-90.27,-10.94,-86.89,-7.13
2093,5176.50,5366.50,2,3,-82.98,-0.42,90.00,0,-91.14,-11.06,-87.98,-7.52,-104.76,-24.99,-82.98,-0.42,-101.29,-21.51,-93.83,-13.90,-85.90,-4.95
2094,5176.25,5366.50,2,3,-82.63,-0.42,90.00,0,-89.05,-9.15,-88.81,-8.87,-106.02,-26.60,-82.63,-0.42,-98.13,-18.66,-94.90,-15.37,-85.46,-4.81
2095,5176.00,5366.50,2,3,-82.93,-0.88,90.00,0,-89.88,-10.01,-89.34,-9.41,-107.20,-27.73,-82.93,-0.88,-98.15,-18.63,-93.33,-13.69,-84.81,-3.85
2096,5175.75,5366.50,2,3,-85.30,-3.26,90.00,0,-87.79,-6.55,-90.75,-9.96,-106.95,-26.57,-85.30,-3.26,-98.82,-18.39,-94.05,-13.49,-85.10,-2.96
2097,5175.50,5366.50,2,3,-84.65,-3.76,90.00,0,-86.64,-6.38,-90.62,-10.92,-107.68,-28.31,-84.65,-3.76,-101.05,-21.67,-94.99,-15.51,-83.36,-1.80
2098,5175.25,5366.50,2,3,-85.40,-3.83,90.00,0,-88.93,-8.28,-88.16,-7.37,-109.21,-29.15,-85.40,-3.83,-102.89,-22.81,-94.92,-14.71,-84.33,-2.24
2099,5175.00,5366.50,2,3,-85.99,-5.43,90.00,0,-84.63,-3.59,-86.62,-6.23,-108.45,-28.98,-85.99,-5.43,-99.77,-20.27,-93.49,-13.85,-86.01,-5.46
2100,5174.75,5366.50,2,3,-87.28,-6.73,90.00,0,-86.55,-5.82,-84.71,-3.34,-108.95,-29.23,-87.28,-6.73,-100.29,-20.54,-91.88,-11.89,-86.28,-5.49
2101,5174.50,5366.50,2,3,-83.61,-2.48,90.00,0,-88.01,-8.22,-85.23,-4.80,-110.26,-inf,-83.61,-2.48,-101.27,-22.05,-89.68,-10.08,-87.29,-7.37
2102,5174.25,5366.50,2,3,-82.24,-0.63,90.00,0,-87.70,-8.17,-85.39,-5.38,-108.97,-30.06,-82.24,-0.63,-100.07,-21.13,-91.61,-12.47,-88.53,-9.12
2103,5174.00,5366.50,2,3,-83.47,-2.72,90.00,0,-85.92,-6.07,-85.73,-5.84,-107.88,-28.99,-83.47,-2.72,-100.52,-21.61,-90.28,-11.07,-86.88,-7.24
2104,5173.75,5366.50,2,3,-83.67,-4.09,90.00,0,-85.05,-5.90,-84.11,-4.69,-109.15,-30.99,-83.67,-4.09,-98.46,-20.27,-90.31,-11.88,-85.51,-6.47
2105,5173.50,5366.50,2,3,-85.13,-5.35,90.00,0,-85.63,-5.99,-84.67,-4.74,-106.25,-27.58,-85.13,-5.35,-96.56,-17.82,-90.28,-11.30,-85.10,-5.31
2106,5173.25,5366.50,2,3,-83.82,-4.62,90.00,0,-85.66,-6.94,-83.26,-3.85,-106.35,-28.43,-83.82,-4.62,-98.42,-20.46,-90.36,-12.19,-84.69,-5.76
2107,5173.00,5366.50,2,3,-80.91,-1.58,90.00,0,-85.89,-8.25,-83.20,-4.95,-108.40,-31.35,-80.91,-1.58,-97.03,-19.95,-90.05,-12.79,-85.24,-7.48
2108,5172.75,5366.50,2,3,-79.43,-1.07,90.00,0,-83.58,-6.93,-81.57,-4.37,-108.86,-33.01,-79.43,-1.07,-97.56,-21.68,-91.47,-15.50,-86.48,-10.24
2109,5172.50,5366.50,2,3,-77.00,-0.23,90.00,0,-82.84,-8.37,-79.24,-3.87,-107.93,-34.05,-77.00,-0.23,-98.33,-24.43,-88.28,-14.24,-86.70,-12.58
2110,5172.25,5366.50,2,3,-80.08,-3.43,90.00,0,-82.69,-6.85,-79.13,-1.97,-107.46,-32.44,-80.08,-3.43,-99.36,-24.32,-91.89,-16.77,-85.03,-9.55
2111,5172.00,5366.50,2,3,-80.90,-4.84,90.00,0,-81.17,-5.20,-79.17,-2.36,-107.33,-32.50,-80.90,-4.84,-98.88,-24.04,-93.57,-18.69,-83.59,-8.14
2112,5171.75,5366.50,2,3,-80.99,-5.76,90.00,0,-77.89,-1.25,-81.25,-6.09,-109.35,-35.14,-80.99,-5.76,-100.03,-25.82,-92.90,-18.64,-82.58,-7.69
2113,5171.50,5366.50,2,3,-79.62,-3.94,90.00,0,-78.07,-1.58,-81.81,-6.78,-108.90,-34.70,-79.62,-3.94,-102.92,-28.71,-95.44,-21.20,-83.53,-8.78
2114,5171.25,5366.50,2,3,-78.10,-1.34,90.00,0,-80.61,-5.06,-82.57,-7.48,-110.53,-inf,-78.10,-1.34,-101.40,-27.02,-96.02,-21.62,-81.92,-6.71
2115,5171.00,5366.50,2,3,-79.67,-3.68,90.00,0,-79.36,-3.23,-81.33,-5.90,-109.30,-34.86,-79.67,-3.68,-101.40,-26.95,-95.10,-20.62,-82.42,-7.23
2116,5170.75,5366.50,2,3,-81.32,-6.03,90.00,0,-77.88,-1.03,-81.75,-6.57,-108.81,-34.48,-81.32,-6.03,-102.43,-28.10,-94.24,-19.88,-82.18,-7.08
2117,5170.50,5366.50,2,3,-81.48,-5.76,90.00,0,-79.57,-3.16,-81.51,-5.80,-109.89,-35.20,-81.48,-5.76,-102.01,-27.30,-95.90,-21.17,-80.83,-4.92
2118,5170.25,5366.50,2,3,-82.55,-7.01,90.00,0,-78.87,-2.00,-81.38,-5.56,-111.75,-inf,-82.55,-7.01,-102.91,-28.15,-92.41,-17.58,-81.57,-5.81
2119,5170.00,5366.50,2,3,-81.29,-4.20,90.00,0,-80.48,-3.03,-81.97,-5.11,-112.25,-inf,-81.29,-4.20,-104.04,-28.34,-92.91,-17.13,-84.47,-8.16
2120,5169.75,5366.50,2,3,-78.83,-1.00,90.00,0,-81.89,-5.52,-81.76,-5.36,-112.86,-inf,-78.83,-1.00,-103.29,-27.99,-92.92,-17.55,-85.72,-10.02
2121,5169.50,5366.50,2,3,-78.80,0.02,90.00,0,-83.31,-6.66,-82.20,-5.27,-114.63,-inf,-78.80,0.02,-103.70,-27.89,-93.63,-17.75,-87.33,-11.21
2122,5169.25,5366.50,2,3,-81.02,-1.53,90.00,0,-83.89,-5.68,-82.54,-3.87,-114.06,-inf,-81.02,-1.53,-103.48,-26.29,-94.62,-17.37,-89.54,-12.10
2123,5169.00,5366.50,2,3,-79.29,0.52,90.00,0,-84.71,-7.46,-82.99,-5.34,-114.23,-inf,-79.29,0.52,-102.61,-26.07,-95.42,-18.83,-87.97,-11.11
2124,5168.75,5366.50,2,3,-80.25,-1.52,90.00,0,-83.98,-6.73,-81.62,-3.64,-117.31,-inf,-80.25,-1.52,-102.36,-25.93,-94.54,-18.05,-87.02,-10.21
2125,5168.50,5366.50,2,3,-80.06,-1.16,90.00,0,-83.38,-5.98,-82.95,-5.43,-117.70,-inf,-80.06,-1.16,-102.22,-25.78,-93.12,-16.60,-85.87,-8.92
2126,5168.25,5366.50,2,3,-79.62,-0.91,90.00,0,-83.87,-6.93,-82.55,-5.29,-116.84,-inf,-79.62,-0.91,-99.16,-23.00,-91.95,-15.71,-85.34,-8.65
2127,5168.00,5366.50,2,3,-81.37,-0.77,90.00,0,-85.92,-7.21,-86.50,-7.89,-118.52,-inf,-81.37,-0.77,-96.72,-18.70,-92.53,-14.41,-85.17,-6.30
2128,5167.75,5366.50,2,3,-82.32,-2.72,90.00,0,-84.08,-5.19,-84.80,-6.10,-121.58,-inf,-82.32,-2.72,-95.88,-18.07,-91.74,-13.81,-85.68,-7.17
2129,5167.50,5366.50,2,3,-83.18,-2.97,90.00,0,-84.33,-4.60,-86.64,-7.49,-119.55,-inf,-83.18,-2.97,-97.15,-18.66,-91.37,-12.71,-85.76,-6.44
2130,5167.25,5366.50,2,3,-80.34,0.28,90.00,0,-84.12,-5.60,-87.36,-9.42,-119.85,-inf,-80.34,0.28,-95.71,-18.18,-90.09,-12.38,-87.90,-10.02
2131,5167.00,5366.50,2,3,-77.69,4.53,90.00,0,-86.81,-10.01,-89.97,-13.39,-117.51,-inf,-77.69,4.53,-94.10,-17.64,-91.12,-14.59,-87.87,-11.16
2132,5166.75,5366.50,2,3,-76.76,6.12,90.00,0,-88.21,-12.14,-90.30,-14.33,-118.64,-inf,-76.76,6.12,-93.96,-18.08,-92.22,-16.31,-87.93,-11.85
2133,5166.50,5366.50,2,3,-75.97,6.79,90.00,0,-87.54,-12.14,-89.60,-14.30,-117.22,-inf,-75.97,6.79,-93.39,-18.17,-94.74,-19.54,-88.11,-12.74
2134,5166.25,5366.50,2,3,-74.63,7.73,90.00,0,-85.78,-11.53,-91.08,-17.04,-114.67,-inf,-74.63,7.73,-92.47,-18.45,-95.07,-21.08,-88.51,-14.40
2135,5166.00,5366.50,2,3,-73.51,9.94,90.00,0,-88.02,-14.79,-90.78,-17.61,-115.68,-inf,-73.51,9.94,-94.90,-21.79,-94.64,-21.53,-88.72,-15.51
2136,5165.75,5366.50,2,3,-71.18,13.01,90.00,0,-89.54,-18.51,-93.21,-22.22,-114.30,-inf,-71.18,13.01,-94.73,-23.74,-91.84,-20.84,-89.47,-18.44
2137,5165.50,5366.50,2,3,-72.76,10.87,90.00,0,-88.12,-15.58,-96.76,-24.32,-116.74,-inf,-72.76,10.87,-92.79,-20.33,-92.32,-19.85,-88.62,-16.10
2138,5165.25,5366.50,2,3,-73.22,10.03,90.00,0,-86.02,-12.99,-96.38,-23.55,-113.79,-inf,-73.22,10.03,-94.39,-21.55,-93.19,-20.34,-89.75,-16.85
2139,5165.00,5366.50,2,3,-74.34,8.63,90.00,0,-87.68,-13.72,-94.88,-21.07,-111.77,-inf,-74.34,8.63,-93.29,-19.46,-90.48,-16.60,-88.10,-14.15
2140,5164.75,5366.50,2,3,-74.34,7.34,90.00,0,-87.58,-13.79,-95.75,-22.11,-113.04,-inf,-74.34,7.34,-96.07,-22.44,-91.48,-17.80,-84.30,-10.31
2141,5164.50,5366.50,2,3,-75.74,6.47,90.00,0,-87.53,-12.43,-96.36,-21.47,-112.00,-inf,-75.74,6.47,-95.30,-20.40,-93.52,-18.60,-85.00,-9.69
2142,5164.25,5366.50,2,3,-73.94,6.64,90.00,0,-85.77,-12.44,-95.01,-21.89,-111.89,-inf,-73.94,6.64,-95.54,-22.42,-92.92,-19.79,-83.10,-9.55
2143,5164.00,5366.50,2,3,-75.38,4.04,90.00,0,-86.23,-12.03,-95.36,-21.40,-111.76,-inf,-75.38,4.04,-93.86,-19.88,-91.58,-17.58,-81.21,-6.38
2144,5163.75,5366.50,2,3,-73.79,5.85,90.00,0,-84.71,-11.63,-95.50,-22.69,-111.54,-inf,-73.79,5.85,-92.10,-19.27,-89.93,-17.06,-82.63,-9.37
2145,5163.50,5366.50,2,3,-71.74,7.37,90.00,0,-85.09,-13.91,-93.65,-22.61,-109.14,-38.12,-71.74,7.37,-90.78,-19.73,-90.80,-19.74,-81.57,-10.16
2146,5163.25,5366.50,2,3,-73.53,6.58,90.00,0,-86.98,-14.14,-92.51,-19.80,-110.19,-inf,-73.53,6.58,-91.78,-19.05,-90.77,-18.04,-82.54,-9.40
2147,5163.00,5366.50,2,3,-73.20,6.87,90.00,0,-88.73,-16.24,-93.36,-20.94,-111.37,-inf,-73.20,6.87,-95.14,-22.73,-92.99,-20.57,-81.46,-8.50
2148,5162.75,5366.50,2,3,-70.88,7.80,90.00,0,-90.80,-20.54,-95.86,-25.64,-112.40,-inf,-70.88,7.80,-93.18,-22.95,-91.60,-21.35,-79.52,-8.76
2149,5162.50,5366.50,2,3,-73.69,5.54,90.00,0,-90.02,-17.32,-97.10,-24.46,-111.64,-inf,-73.69,5.54,-93.64,-20.98,-91.51,-18.84,-80.22,-6.77
2150,5162.25,5366.50,2,3,-70.96,8.99,90.00,0,-89.34,-18.83,-94.50,-24.03,-110.66,-inf,-70.96,8.99,-90.70,-20.21,-89.21,-18.70,-81.91,-11.14
2151,5162.00,5366.50,2,3,-71.02,8.72,90.00,0,-88.60,-18.06,-96.14,-25.66,-107.85,-37.37,-71.02,8.72,-88.00,-17.45,-89.15,-18.62,-82.16,-11.39
2152,5161.75,5366.50,2,3,-67.37,13.10,90.00,0,-89.38,-22.19,-93.60,-26.43,-109.25,-42.10,-67.37,13.10,-87.71,-20.52,-89.25,-22.07,-83.56,-16.30
2153,5161.50,5366.50,2,3,-67.37,13.87,90.00,0,-91.86,-24.65,-94.11,-26.90,-107.39,-40.19,-67.37,13.87,-85.24,-17.98,-91.65,-24.44,-85.71,-18.45
2154,5161.25,5366.50,2,3,-63.96,19.07,90.00,0,-90.61,-26.69,-94.71,-30.80,-108.94,-45.03,-63.96,19.07,-87.38,-23.46,-93.07,-29.16,-88.72,-24.80
2155,5161.00,5366.50,2,3,-62.80,18.43,90.00,0,-91.17,-28.42,-96.22,-33.47,-109.44,-46.70,-62.80,18.43,-83.61,-20.83,-91.02,-28.27,-89.01,-26.25
2156,5160.75,5366.50,2,3,-61.03,20.46,90.00,0,-91.66,-30.67,-98.27,-37.28,-110.62,-inf,-61.03,20.46,-83.97,-22.97,-91.24,-30.25,-88.48,-27.48
2157,5160.50,5366.50,2,3,-61.11,19.87,90.00,0,-94.90,-33.83,-100.87,-39.80,-112.79,-inf,-61.11,19.87,-82.49,-21.39,-92.79,-31.72,-88.85,-27.77
2158,5160.25,5366.50,2,3,-63.97,17.32,90.00,0,-94.67,-30.78,-100.50,-36.61,-109.21,-45.32,-63.97,17.32,-82.77,-18.82,-92.95,-29.06,-89.61,-25.71
2159,5160.00,5366.50,2,3,-63.98,17.09,90.00,0,-93.96,-30.06,-100.65,-36.75,-110.04,-inf,-63.98,17.09,-82.61,-18.66,-93.52,-29.63,-88.84,-24.94
2160,5159.75,5366.50,2,3,-64.57,15.89,90.00,0,-95.83,-31.37,-100.82,-36.36,-108.71,-44.25,-64.57,15.89,-81.54,-17.00,-93.02,-28.55,-89.87,-25.40
2161,5159.50,5366.50,2,3,-66.08,15.92,90.00,0,-95.29,-29.32,-101.08,-35.11,-108.75,-42.78,-66.08,15.92,-83.09,-17.04,-95.51,-29.54,-91.91,-25.94
2162,5159.25,5366.50,2,3,-69.01,13.07,90.00,0,-97.57,-28.77,-101.49,-32.69,-107.57,-38.78,-69.01,13.07,-83.31,-14.36,-93.53,-24.72,-91.40,-22.58
2163,5159.00,5366.50,2,3,-73.75,10.34,90.00,0,-95.79,-22.40,-101.75,-28.38,-106.76,-33.39,-73.75,10.34,-86.32,-12.74,-93.21,-19.80,-91.91,-18.49
2164,5158.75,5366.50,2,3,-75.71,8.48,90.00,0,-98.69,-23.53,-101.50,-26.36,-105.34,-30.20,-75.71,8.48,-87.12,-11.70,-90.56,-15.30,-91.85,-16.62
2165,5158.50,5366.50,2,3,-75.39,9.11,90.00,0,-100.77,-25.88,-101.99,-27.09,-105.47,-30.58,-75.39,9.11,-88.17,-13.08,-91.00,-16.01,-90.18,-15.16
2166,5158.25,5366.50,2,3,-72.09,11.27,90.00,0,-98.21,-26.42,-101.35,-29.58,-108.90,-37.13,-72.09,11.27,-86.28,-14.35,-88.39,-16.52,-93.18,-21.37
2167,5158.00,5366.50,2,3,-72.22,11.14,90.00,0,-98.01,-26.09,-104.23,-32.32,-108.13,-36.22,-72.22,11.14,-85.89,-13.81,-89.00,-17.01,-93.41,-21.47
2168,5157.75,5366.50,2,3,-72.68,10.44,90.00,0,-98.98,-26.66,-104.15,-31.85,-108.50,-36.20,-72.68,10.44,-86.01,-13.52,-88.92,-16.52,-90.91,-18.54
2169,5157.50,5366.50,2,3,-73.89,8.94,90.00,0,-96.73,-23.34,-105.46,-32.09,-107.45,-34.08,-73.89,8.94,-85.71,-12.08,-89.77,-16.30,-89.52,-16.04
2170,5157.25,5366.50,2,3,-74.05,9.45,90.00,0,-95.23,-21.61,-105.72,-32.13,-106.67,-33.08,-74.05,9.45,-87.05,-13.26,-89.89,-16.20,-89.94,-16.26
2171,5157.00,5366.50,2,3,-71.77,11.97,90.00,0,-91.15,-19.60,-103.56,-32.05,-105.13,-33.63,-71.77,11.97,-86.43,-14.78,-93.19,-21.65,-92.79,-21.25
2172,5156.75,5366.50,2,3,-69.93,12.83,90.00,0,-93.06,-23.33,-102.00,-32.29,-104.17,-34.46,-69.93,12.83,-84.84,-14.99,-91.96,-22.22,-91.71,-21.97
2173,5156.50,5366.50,2,3,-71.20,12.50,90.00,0,-93.06,-22.07,-101.56,-30.59,-103.16,-32.19,-71.20,12.50,-86.33,-15.24,-92.62,-21.63,-91.70,-20.70
2174,5156.25,5366.50,2,3,-72.27,11.35,90.00,0,-91.42,-19.41,-98.04,-26.07,-102.76,-30.79,-72.27,11.35,-86.65,-14.54,-92.04,-20.03,-92.79,-20.79
2175,5156.00,5366.50,2,3,-72.71,10.94,90.00,0,-93.77,-21.37,-96.71,-24.32,-103.02,-30.64,-72.71,10.94,-86.58,-14.04,-90.67,-18.24,-93.20,-20.79
2176,5155.75,5366.50,2,3,-72.96,12.09,90.00,0,-94.64,-21.91,-93.32,-20.58,-103.90,-31.19,-72.96,12.09,-88.35,-15.53,-93.37,-20.63,-95.97,-23.25
2177,5155.50,5366.50,2,3,-71.68,13.05,90.00,0,-94.52,-23.03,-93.24,-21.74,-100.93,-29.45,-71.68,13.05,-88.51,-16.95,-91.82,-20.31,-95.38,-23.89
2178,5155.25,5366.50,2,3,-73.69,9.66,90.00,0,-95.85,-22.58,-87.82,-14.42,-101.01,-27.76,-73.69,9.66,-89.39,-16.04,-89.80,-16.46,-94.81,-21.53
2179,5155.00,5366.50,2,3,-78.38,4.00,90.00,0,-95.60,-18.61,-86.54,-9.12,-98.85,-21.90,-78.38,4.00,-89.48,-12.30,-88.15,-10.89,-94.00,-16.99
2180,5154.75,5366.50,2,3,-79.58,3.57,90.00,0,-94.93,-16.84,-88.02,-9.57,-98.56,-20.52,-79.58,3.57,-90.03,-11.75,-89.50,-11.18,-92.30,-14.13
2181,5154.50,5366.50,2,3,-77.27,6.34,90.00,0,-98.72,-22.34,-88.08,-11.42,-98.68,-22.29,-77.27,6.34,-90.50,-13.97,-91.04,-14.53,-91.20,-14.70
2182,5154.25,5366.50,2,3,-77.57,4.83,90.00,0,-98.74,-22.38,-87.74,-11.08,-100.31,-23.96,-77.57,4.83,-88.10,-11.47,-89.36,-12.80,-89.85,-13.31
2183,5154.00,5366.50,2,3,-79.08,3.70,90.00,0,-98.17,-20.60,-90.65,-12.90,-102.48,-24.92,-79.08,3.70,-88.60,-10.71,-87.72,-9.75,-89.85,-12.05
2184,5153.75,5366.50,2,3,-79.65,2.89,90.00,0,-96.72,-18.82,-88.83,-10.62,-103.46,-25.60,-79.65,2.89,-89.51,-11.35,-87.23,-8.85,-90.48,-12.39
2185,5153.50,5366.50,2,3,-79.88,2.25,90.00,0,-95.11,-17.18,-90.70,-12.62,-105.04,-27.18,-79.88,2.25,-87.44,-9.08,-87.07,-8.66,-89.73,-11.59
2186,5153.25,5366.50,2,3,-78.25,3.71,90.00,0,-96.12,-19.36,-89.35,-12.40,-107.06,-30.34,-78.25,3.71,-87.99,-10.95,-86.31,-9.10,-90.36,-13.46
2187,5153.00,5366.50,2,3,-77.65,3.86,90.00,0,-95.85,-19.64,-90.16,-13.83,-106.90,-30.74,-77.65,3.86,-86.76,-10.20,-85.60,-8.92,-90.72,-14.41
2188,5152.75,5366.50,2,3,-78.28,3.20,90.00,0,-94.29,-17.64,-92.06,-15.35,-106.68,-30.10,-78.28,3.20,-86.39,-9.34,-85.47,-8.29,-90.63,-13.87
2189,5152.50,5366.50,2,3,-78.92,3.34,90.00,0,-93.38,-16.01,-92.40,-15.01,-108.84,-31.57,-78.92,3.34,-87.79,-10.12,-86.16,-8.30,-91.48,-14.05
2190,5152.25,5366.50,2,3,-81.34,2.66,90.00,0,-95.27,-15.70,-93.78,-14.17,-109.14,-29.68,-81.34,2.66,-90.99,-11.22,-87.28,-7.04,-93.09,-13.45
2191,5152.00,5366.50,2,3,-80.94,3.61,90.00,0,-95.83,-16.36,-91.77,-12.15,-109.77,-30.40,-80.94,3.61,-90.46,-10.74,-89.85,-10.08,-92.65,-13.08
2192,5151.75,5366.50,2,3,-81.20,4.73,90.00,0,-97.70,-17.69,-91.50,-11.24,-110.82,-inf,-81.20,4.73,-91.42,-11.17,-92.37,-12.17,-95.62,-15.56
2193,5151.50,5366.50,2,3,-82.39,4.44,90.00,0,-100.26,-19.15,-90.89,-9.35,-111.70,-inf,-82.39,4.44,-93.76,-12.47,-93.90,-12.61,-96.25,-15.06
2194,5151.25,5366.50,2,3,-81.25,5.14,90.00,0,-99.68,-19.55,-89.59,-8.99,-111.67,-inf,-81.25,5.14,-94.88,-14.65,-93.73,-13.45,-96.17,-15.98
2195,5151.00,5366.50,2,3,-81.30,5.91,90.00,0,-101.79,-21.46,-90.96,-10.26,-114.90,-inf,-81.30,5.91,-96.08,-15.66,-94.13,-13.64,-95.18,-14.73
2196,5150.75,5366.50,2,3,-81.73,5.20,90.00,0,-104.85,-24.25,-89.93,-8.82,-117.63,-inf,-81.73,5.20,-96.02,-15.31,-94.85,-14.10,-95.19,-14.45
2197,5150.50,5366.50,2,3,-82.86,4.90,90.00,0,-105.93,-24.28,-91.74,-9.66,-116.38,-inf,-82.86,4.90,-95.52,-13.69,-98.14,-16.40,-93.51,-11.57
2198,5150.25,5366.50,2,3,-83.08,4.70,90.00,0,-105.71,-23.88,-90.87,-8.49,-115.78,-inf,-83.08,4.70,-95.31,-13.30,-98.50,-16.60,-95.40,-13.39
2199,5150.00,5366.50,2,3,-85.62,1.29,90.00,0,-104.36,-21.12,-89.34,-4.92,-115.35,-inf,-85.62,1.29,-95.33,-11.84,-98.31,-14.97,-95.32,-11.84
2200,5149.75,5366.50,2,3,-87.73,-0.77,90.00,0,-101.33,-16.91,-90.07,-4.41,-113.42,-inf,-87.73,-0.77,-95.55,-10.89,-94.43,-9.66,-96.68,-12.10
2201,5149.50,5366.50,2,3,-86.66,0.88,90.00,0,-100.34,-16.16,-91.16,-6.15,-113.14,-inf,-86.66,0.88,-97.17,-12.88,-94.98,-10.54,-95.32,-10.91
2202,5149.25,5366.50,2,3,-85.71,0.92,90.00,0,-100.24,-17.01,-90.54,-6.53,-110.41,-inf,-85.71,0.92,-95.80,-12.42,-95.98,-12.60,-92.40,-8.71
2203,5149.00,5366.50,2,3,-84.36,3.59,90.00,0,-100.19,-17.33,-91.94,-8.59,-111.19,-inf,-84.36,3.59,-96.07,-13.07,-96.77,-13.80,-95.08,-12.03
2204,5148.75,5366.50,2,3,-87.36,-1.49,90.00,0,-100.40,-16.77,-88.31,-3.00,-110.00,-26.44,-87.36,-1.49,-95.57,-11.75,-94.75,-10.86,-95.28,-11.44
2205,5148.50,5366.50,2,3,-89.04,-3.60,90.00,0,-100.02,-16.04,-88.16,-2.26,-108.51,-24.62,-89.04,-3.60,-97.75,-13.69,-92.03,-7.44,-94.98,-10.75
2206,5148.25,5366.50,2,3,-92.57,-7.81,90.00,0,-97.35,-13.04,-87.04,0.13,-107.13,-23.02,-92.57,-7.81,-99.01,-14.77,-91.99,-7.13,-95.16,-10.71
2207,5148.00,5366.50,2,3,-94.66,-9.05,90.00,0,-96.27,-10.83,-88.31,-0.40,-105.54,-20.40,-94.66,-9.05,-98.93,-13.65,-95.16,-9.61,-93.21,-7.38
2208,5147.75,5366.50,2,3,-95.70,-9.99,90.00,0,-97.50,-11.94,-88.13,0.34,-103.58,-18.23,-95.70,-9.99,-100.48,-15.06,-94.85,-9.06,-93.83,-7.89
2209,5147.50,5366.50,2,3,-95.96,-13.47,90.00,0,-96.40,-13.92,-83.61,4.54,-105.27,-22.94,-95.96,-13.47,-100.20,-17.82,-92.07,-9.28,-96.97,-14.51
2210,5147.25,5366.50,2,3,-93.42,-10.25,90.00,0,-98.75,-15.86,-84.24,3.99,-104.82,-22.01,-93.42,-10.25,-98.31,-15.41,-93.09,-9.88,-98.36,-15.47
2211,5147.00,5366.50,2,3,-95.80,-12.37,90.00,0,-101.16,-17.91,-84.53,4.41,-102.66,-19.43,-95.80,-12.37,-96.59,-13.20,-94.04,-10.48,-97.70,-14.36
2212,5146.75,5366.50,2,3,-94.55,-11.17,90.00,0,-99.57,-16.42,-85.44,1.38,-99.47,-16.31,-94.55,-11.17,-94.59,-11.21,-90.71,-6.83,-96.73,-13.47
2213,5146.50,5366.50,2,3,-92.32,-8.44,90.00,0,-99.28,-15.87,-86.64,-0.64,-101.83,-18.47,-92.32,-8.44,-92.43,-8.57,-90.48,-6.27,-97.52,-14.05
2214,5146.25,5366.50,2,4,-92.09,-7.68,90.00,1,-98.99,-15.13,-87.10,-0.71,-99.91,-16.08,-95.66,-11.64,-92.09,-7.68,-90.79,-6.11,-96.19,-12.21
2215,5146.00,5366.50,2,4,-93.07,-7.24,90.00,0,-100.96,-15.76,-88.58,-0.93,-98.73,-13.46,-97.67,-12.35,-93.07,-7.24,-92.74,-6.84,-96.84,-11.46
2216,5145.75,5366.50,2,4,-93.91,-7.91,90.00,0,-98.35,-12.78,-88.49,-0.25,-98.28,-12.71,-96.41,-10.71,-93.91,-7.91,-95.63,-9.86,-97.01,-11.36
2217,5145.50,5366.50,2,4,-94.56,-8.98,90.00,0,-97.06,-11.71,-88.16,-0.16,-98.40,-13.13,-95.32,-9.83,-94.56,-8.98,-95.94,-10.51,-96.07,-10.64
2218,5145.25,5366.50,2,3,-93.53,-8.95,90.00,1,-94.59,-10.12,-86.73,0.72,-98.02,-13.78,-93.53,-8.95,-97.16,-12.88,-97.63,-13.38,-94.14,-9.62
2219,5145.00,5366.50,2,3,-94.77,-9.85,90.00,0,-95.35,-10.49,-86.96,1.17,-97.13,-12.39,-94.77,-9.85,-98.04,-13.35,-96.87,-12.12,-95.87,-11.05
2220,5144.75,5366.50,2,3,-94.12,-8.17,90.00,0,-95.67,-9.92,-88.59,-0.47,-100.56,-15.09,-94.12,-8.17,-97.37,-11.75,-97.01,-11.37,-95.01,-9.18
2221,5144.50,5366.50,2,3,-94.15,-8.18,90.00,0,-95.06,-9.22,-89.54,-2.09,-98.43,-12.85,-94.15,-8.18,-95.39,-9.58,-96.71,-11.03,-94.45,-8.53
2222,5144.25,5366.50,2,3,-92.36,-6.31,90.00,0,-96.17,-10.67,-90.96,-4.50,-99.19,-13.88,-92.36,-6.31,-92.73,-6.76,-96.52,-11.05,-93.36,-7.52
2223,5144.00,5366.50,2,3,-93.02,-8.01,90.00,0,-95.97,-11.27,-91.33,-5.97,-98.29,-13.73,-93.02,-8.01,-91.09,-5.67,-95.78,-11.08,-90.60,-5.04
2224,5143.75,5366.50,2,3,-92.30,-8.32,90.00,0,-97.51,-13.95,-91.74,-7.67,-95.95,-12.32,-92.30,-8.32,-92.36,-8.38,-97.37,-13.80,-86.93,-1.00
2225,5143.50,5366.50,2,3,-91.51,-6.06,90.00,0,-100.43,-15.83,-95.86,-11.04,-99.07,-14.42,-91.51,-6.06,-92.60,-7.38,-98.50,-13.84,-88.00,-0.95
2226,5143.25,5366.50,2,3,-89.13,-4.29,90.00,0,-102.58,-19.06,-95.50,-11.76,-99.90,-16.34,-89.13,-4.29,-90.20,-5.71,-100.84,-17.29,-87.68,-2.15
2227,5143.00,5366.50,2,3,-89.23,-5.70,90.00,0,-101.28,-18.73,-96.00,-13.31,-97.40,-14.76,-89.23,-5.70,-88.66,-4.96,-100.22,-17.65,-86.25,-1.39
2228,5142.75,5366.50,2,3,-88.58,-4.82,90.00,0,-99.70,-17.08,-94.60,-11.80,-98.64,-16.00,-88.58,-4.82,-89.21,-5.63,-99.91,-17.30,-86.56,-1.85
2229,5142.50,5366.50,2,3,-90.02,-6.95,90.00,0,-99.22,-16.86,-93.12,-10.48,-100.14,-17.80,-90.02,-6.95,-91.96,-9.20,-100.30,-17.97,-84.68,1.29
2230,5142.25,5366.50,2,3,-91.23,-8.68,90.00,0,-98.71,-16.63,-93.68,-11.38,-99.36,-17.29,-91.23,-8.68,-91.00,-8.42,-98.53,-16.44,-84.15,1.93
2231,5142.00,5366.50,2,3,-91.14,-9.42,90.00,0,-98.88,-17.55,-95.60,-14.19,-99.89,-18.58,-91.14,-9.42,-89.15,-7.13,-98.66,-17.33,-83.21,2.43
2232,5141.75,5366.50,2,3,-92.41,-10.01,90.00,0,-97.14,-15.01,-94.99,-12.78,-101.25,-19.21,-92.41,-10.01,-90.86,-8.27,-98.52,-16.44,-83.87,2.67
2233,5141.50,5366.50,2,3,-90.93,-8.52,90.00,0,-97.20,-15.23,-95.39,-13.36,-100.83,-18.93,-90.93,-8.52,-91.10,-8.71,-97.36,-15.39,-83.86,2.29
2234,5141.25,5366.50,2,3,-93.08,-11.10,90.00,0,-97.63,-15.87,-95.53,-13.70,-102.39,-20.70,-93.08,-11.10,-91.47,-9.34,-98.06,-16.30,-83.13,3.92
2235,5141.00,5366.50,2,3,-92.87,-11.02,90.00,0,-97.71,-16.09,-95.57,-13.87,-101.28,-19.71,-92.87,-11.02,-91.75,-9.79,-98.93,-17.33,-82.92,4.22
2236,5140.75,5366.50,2,3,-93.78,-12.50,90.00,0,-97.95,-16.81,-96.30,-15.11,-100.13,-19.02,-93.78,-12.50,-92.78,-11.43,-95.60,-14.39,-82.19,5.22
2237,5140.50,5366.50,2,3,-95.91,-13.91,90.00,0,-99.05,-17.14,-95.47,-13.45,-100.53,-18.64,-95.91,-13.91,-94.17,-12.08,-96.84,-14.87,-82.90,5.50
2238,5140.25,5366.50,2,4,-92.19,-11.02,90.00,1,-97.45,-16.52,-96.17,-15.20,-102.24,-21.37,-95.55,-14.56,-92.19,-11.02,-96.82,-15.87,-81.83,5.94
2239,5140.00,5366.50,2,4,-90.58,-9.07,90.00,0,-98.13,-17.04,-95.99,-14.85,-100.33,-19.28,-95.13,-13.96,-90.58,-9.07,-97.08,-15.97,-82.24,4.80
2240,5139.75,5366.50,2,4,-86.74,-5.27,90.00,0,-99.28,-18.88,-96.11,-15.65,-98.73,-18.33,-95.72,-15.25,-86.74,-5.27,-98.44,-18.03,-82.13,2.92
2241,5139.50,5366.50,2,4,-90.06,-8.32,90.00,0,-101.04,-19.85,-94.80,-13.47,-98.65,-17.43,-97.07,-15.82,-90.06,-8.32,-99.09,-17.88,-82.41,4.68
2242,5139.25,5366.50,2,4,-89.84,-9.40,90.00,0,-100.63,-20.62,-96.73,-16.66,-98.85,-18.82,-96.44,-16.37,-89.84,-9.40,-96.85,-16.79,-80.93,6.06
2243,5139.00,5366.50,2,4,-89.33,-9.65,90.00,0,-100.86,-21.59,-94.59,-15.22,-99.46,-20.18,-95.72,-16.38,-89.33,-9.65,-97.99,-18.69,-80.14,6.36
2244,5138.75,5366.50,2,4,-90.31,-9.70,90.00,0,-102.18,-21.98,-96.36,-16.09,-99.69,-19.47,-94.30,-13.96,-90.31,-9.70,-96.65,-16.38,-81.19,5.76
2245,5138.50,5366.50,2,4,-87.57,-6.88,90.00,0,-103.00,-23.10,-96.52,-16.54,-98.35,-18.41,-93.30,-13.22,-87.57,-6.88,-96.22,-16.24,-81.37,3.90
2246,5138.25,5366.50,2,4,-85.99,-3.26,90.00,0,-103.98,-22.91,-96.50,-15.32,-97.78,-16.64,-92.69,-11.33,-85.99,-3.26,-97.44,-16.29,-83.89,0.35
2247,5138.00,5366.50,2,4,-85.55,-2.57,90.00,0,-104.94,-23.85,-95.33,-14.10,-97.96,-16.81,-91.24,-9.73,-85.55,-2.57,-97.42,-16.25,-84.54,-0.88
2248,5137.75,5366.50,2,4,-86.18,-3.97,90.00,0,-102.66,-21.89,-95.99,-15.12,-97.58,-16.75,-91.75,-10.65,-86.18,-3.97,-96.98,-16.13,-83.40,0.73
2249,5137.50,5366.50,2,4,-87.06,-5.91,90.00,0,-99.18,-18.97,-97.06,-16.82,-98.00,-17.78,-92.20,-11.77,-87.06,-5.91,-98.15,-17.92,-81.97,2.84
2250,5137.25,5366.50,2,4,-86.93,-7.13,90.00,0,-99.56,-20.49,-98.00,-18.91,-97.53,-18.44,-95.69,-16.56,-86.93,-7.13,-99.70,-20.62,-80.20,5.10
2251,5137.00,5366.50,2,4,-87.96,-6.83,90.00,0,-100.43,-20.07,-98.61,-18.23,-98.63,-18.25,-93.91,-13.40,-87.96,-6.83,-100.08,-19.72,-81.72,4.18
2252,5136.75,5366.50,2,4,-87.50,-5.67,90.00,0,-98.96,-18.11,-98.35,-17.49,-99.65,-18.81,-94.92,-13.96,-87.50,-5.67,-98.32,-17.46,-82.50,3.13
2253,5136.50,5366.50,2,4,-86.75,-3.97,90.00,0,-95.72,-14.24,-96.21,-14.75,-97.85,-16.44,-95.45,-13.97,-86.75,-3.97,-100.81,-19.44,-83.84,1.04
2254,5136.25,5366.50,2,4,-89.34,-4.78,90.00,0,-97.13,-13.63,-95.93,-12.37,-97.61,-14.12,-94.89,-11.26,-89.34,-4.78,-100.06,-16.65,-86.29,0.08
2255,5136.00,5366.50,2,4,-87.77,-3.56,90.00,0,-96.92,-14.14,-98.34,-15.61,-96.87,-14.08,-92.24,-9.12,-87.77,-3.56,-100.95,-18.27,-86.08,-0.85
2256,5135.75,5366.50,2,4,-89.74,-6.71,90.00,0,-94.59,-12.14,-92.03,-9.37,-97.54,-15.23,-92.00,-9.33,-89.74,-6.71,-102.30,-20.07,-85.17,0.06
2257,5135.50,5366.50,2,4,-88.43,-5.14,90.00,0,-94.25,-11.84,-94.92,-12.55,-97.68,-15.42,-90.63,-7.84,-88.43,-5.14,-101.40,-19.21,-85.57,-0.80
2258,5135.25,5366.50,2,4,-88.42,-4.15,90.00,0,-96.80,-13.77,-94.97,-11.85,-96.98,-13.96,-90.74,-7.12,-88.42,-4.15,-101.31,-18.40,-86.98,-2.01
2259,5135.00,5366.50,2,4,-87.89,-2.57,90.00,0,-98.43,-14.89,-94.42,-10.66,-94.50,-10.74,-92.21,-8.19,-87.89,-2.57,-101.04,-17.56,-88.87,-4.01
2260,5134.75,5366.50,2,4,-90.66,-3.87,90.00,0,-98.96,-13.47,-97.68,-12.12,-94.37,-8.49,-91.28,-4.71,-90.66,-3.87,-98.81,-13.31,-93.45,-7.43
2261,5134.50,5366.50,2,4,-89.70,-4.25,90.00,0,-99.12,-14.92,-96.45,-12.13,-94.82,-10.38,-90.47,-5.28,-89.70,-4.25,-99.83,-15.65,-89.69,-4.24
2262,5134.25,5366.50,2,4,-91.48,-7.47,90.00,0,-98.57,-15.14,-96.29,-12.78,-92.00,-8.07,-88.70,-3.93,-91.48,-7.47,-101.55,-18.19,-88.39,-3.49
2263,5134.00,5366.50,2,3,-89.27,-4.38,90.00,1,-100.50,-16.87,-97.75,-14.05,-91.48,-7.18,-89.27,-4.38,-92.58,-8.47,-102.57,-18.98,-88.05,-2.61
2264,5133.75,5366.50,2,3,-87.91,-4.69,90.00,0,-98.87,-16.83,-96.46,-14.35,-88.91,-5.98,-87.91,-4.69,-92.49,-10.13,-100.93,-18.92,-86.25,-2.27
2265,5133.50,5366.50,2,3,-89.06,-6.49,90.00,0,-100.38,-18.63,-96.13,-14.27,-88.84,-6.21,-89.06,-6.49,-90.42,-8.10,-100.77,-19.02,-85.54,-1.53
2266,5133.25,5366.50,2,3,-87.44,-6.55,90.00,0,-100.79,-20.73,-96.26,-16.13,-89.08,-8.49,-87.44,-6.55,-91.16,-10.80,-101.46,-21.41,-82.47,1.20
2267,5133.00,5366.50,2,3,-88.24,-9.25,90.00,0,-102.03,-23.50,-96.91,-18.33,-89.27,-10.37,-88.24,-9.25,-89.99,-11.16,-103.57,-25.05,-80.00,3.87
2268,5132.75,5366.50,2,3,-86.46,-8.81,90.00,0,-97.97,-20.82,-97.67,-20.51,-86.38,-8.72,-86.46,-8.81,-92.02,-14.76,-102.69,-25.56,-78.61,3.85
2269,5132.50,5366.50,2,3,-87.50,-8.64,90.00,0,-98.12,-19.77,-97.98,-19.63,-87.29,-8.40,-87.50,-8.64,-89.88,-11.26,-103.14,-24.82,-80.16,2.74
2270,5132.25,5366.50,2,3,-88.22,-9.75,90.00,0,-95.83,-17.72,-97.76,-19.69,-86.28,-7.55,-88.22,-9.75,-92.86,-14.69,-100.73,-22.67,-79.69,3.33
2271,5132.00,5366.50,2,3,-88.25,-9.38,90.00,0,-95.25,-16.77,-98.87,-20.43,-86.53,-7.41,-88.25,-9.38,-93.60,-15.07,-98.45,-20.01,-80.16,3.01
2272,5131.75,5366.50,2,3,-88.72,-9.90,90.00,0,-97.04,-18.58,-99.99,-21.56,-87.29,-8.29,-88.72,-9.90,-92.57,-14.00,-98.32,-19.87,-79.94,3.72
2273,5131.50,5366.50,2,3,-92.13,-12.75,90.00,0,-97.82,-18.61,-101.35,-22.18,-85.86,-5.66,-92.13,-12.75,-92.65,-13.31,-97.43,-18.21,-81.03,2.66
2274,5131.25,5366.50,2,3,-92.56,-13.68,90.00,0,-98.57,-19.82,-101.50,-22.78,-86.27,-6.73,-92.56,-13.68,-93.78,-14.94,-101.44,-22.71,-80.10,4.20
2275,5131.00,5366.50,2,3,-91.15,-11.59,90.00,0,-97.71,-18.38,-101.21,-21.91,-88.10,-8.23,-91.15,-11.59,-92.63,-13.16,-102.77,-23.49,-80.66,4.21
2276,5130.75,5366.50,2,3,-91.87,-12.75,90.00,0,-96.87,-17.90,-99.37,-20.43,-86.99,-7.36,-91.87,-12.75,-90.36,-11.14,-103.55,-24.63,-80.53,3.41
2277,5130.50,5366.50,2,3,-91.65,-13.16,90.00,0,-96.02,-17.66,-97.31,-18.97,-89.46,-10.83,-91.65,-13.16,-90.75,-12.20,-102.83,-24.53,-79.36,5.53
2278,5130.25,5366.50,2,3,-88.94,-8.60,90.00,0,-97.86,-18.01,-96.91,-17.04,-89.70,-9.45,-88.94,-8.60,-89.69,-9.45,-102.91,-23.11,-81.81,2.23
2279,5130.00,5366.50,2,3,-89.65,-11.82,90.00,0,-97.69,-20.09,-98.82,-21.22,-89.73,-11.90,-89.65,-11.82,-91.83,-14.11,-103.96,-26.39,-78.45,6.44
2280,5129.75,5366.50,2,3,-89.63,-9.63,90.00,0,-96.78,-17.14,-98.96,-19.36,-93.33,-13.59,-89.63,-9.63,-91.41,-11.57,-102.11,-22.53,-80.80,4.76
2281,5129.50,5366.50,2,3,-89.01,-9.41,90.00,0,-93.65,-14.36,-100.17,-21.01,-93.62,-14.34,-89.01,-9.41,-90.40,-10.93,-99.56,-20.39,-80.52,4.25
2282,5129.25,5366.50,2,3,-86.87,-8.09,90.00,0,-95.42,-17.18,-101.12,-22.93,-91.79,-13.44,-86.87,-8.09,-91.94,-13.59,-98.45,-20.25,-79.47,4.55
2283,5129.00,5366.50,2,3,-87.89,-10.25,90.00,0,-95.30,-17.98,-102.48,-25.21,-93.53,-16.18,-87.89,-10.25,-91.67,-14.26,-98.39,-21.11,-78.10,6.65
2284,5128.75,5366.50,2,3,-89.24,-11.54,90.00,0,-94.97,-17.49,-102.02,-24.60,-92.51,-14.97,-89.24,-11.54,-89.25,-11.55,-96.94,-19.49,-78.37,6.04
2285,5128.50,5366.50,2,3,-89.83,-13.21,90.00,0,-96.91,-20.46,-101.92,-25.50,-94.16,-17.67,-89.83,-13.21,-90.87,-14.29,-97.00,-20.55,-76.99,8.53
2286,5128.25,5366.50,2,3,-90.18,-12.51,90.00,0,-97.58,-20.11,-102.88,-25.43,-95.36,-17.86,-90.18,-12.51,-96.49,-19.00,-96.34,-18.85,-77.95,8.97
2287,5128.00,5366.50,2,3,-90.80,-13.35,90.00,0,-94.39,-17.05,-103.74,-26.47,-96.27,-18.96,-90.80,-13.35,-94.89,-17.55,-96.98,-19.67,-77.78,9.01
2288,5127.75,5366.50,2,3,-90.00,-11.64,90.00,0,-95.43,-17.27,-101.59,-23.50,-95.61,-17.46,-90.00,-11.64,-94.17,-15.99,-95.79,-17.64,-78.79,7.45
2289,5127.50,5366.50,2,3,-91.75,-12.52,90.00,0,-96.06,-16.98,-104.81,-25.80,-95.51,-16.41,-91.75,-12.52,-94.85,-15.74,-96.25,-17.17,-79.71,7.52
2290,5127.25,5366.50,2,3,-90.32,-11.69,90.00,0,-96.94,-18.54,-105.85,-27.50,-94.63,-16.19,-90.32,-11.69,-94.75,-16.31,-95.76,-17.34,-79.05,7.52
2291,5127.00,5366.50,2,3,-87.74,-9.15,90.00,0,-96.65,-18.49,-107.26,-29.16,-94.86,-16.67,-87.74,-9.15,-97.29,-19.14,-96.20,-18.03,-78.95,6.62
2292,5126.75,5366.50,2,3,-88.56,-9.06,90.00,0,-97.19,-18.13,-106.02,-27.02,-94.69,-15.58,-88.56,-9.06,-98.15,-19.11,-94.92,-15.82,-79.96,6.02
2293,5126.50,5366.50,2,3,-90.19,-11.87,90.00,0,-97.86,-19.77,-106.10,-28.04,-94.03,-15.87,-90.19,-11.87,-99.63,-21.55,-94.53,-16.38,-78.67,8.10
2294,5126.25,5366.50,2,3,-91.17,-12.47,90.00,0,-96.63,-18.10,-106.85,-28.38,-93.05,-14.44,-91.17,-12.47,-99.64,-21.15,-93.40,-14.80,-79.18,7.47
2295,5126.00,5366.50,2,3,-92.71,-13.04,90.00,0,-95.42,-15.85,-105.37,-25.90,-91.28,-11.53,-92.71,-13.04,-100.21,-20.72,-89.81,-9.93,-80.71,4.76
2296,5125.75,5366.50,2,3,-93.70,-12.22,90.00,0,-94.97,-13.55,-104.85,-23.61,-93.99,-12.53,-93.70,-12.22,-98.80,-17.50,-88.25,-6.07,-83.33,2.03
2297,5125.50,5366.50,2,3,-92.21,-9.70,90.00,0,-95.48,-13.22,-106.10,-24.02,-92.98,-10.54,-92.21,-9.70,-99.39,-17.24,-89.27,-6.29,-84.68,0.83
2298,5125.25,5366.50,2,3,-91.80,-8.14,90.00,0,-96.80,-13.57,-106.07,-23.01,-93.30,-9.84,-91.80,-8.14,-99.33,-16.18,-90.23,-6.26,-86.13,-0.16
2299,5125.00,5366.50,2,3,-92.48,-9.04,90.00,0,-96.05,-12.90,-105.45,-22.49,-93.95,-10.66,-92.48,-9.04,-98.30,-15.23,-89.32,-5.25,-86.15,-0.40
2300,5124.75,5366.50,2,3,-92.90,-7.88,90.00,0,-95.56,-10.84,-108.10,-23.71,-94.05,-9.18,-92.90,-7.88,-93.55,-8.61,-90.37,-4.74,-90.02,-4.27
2301,5124.50,5366.50,2,3,-94.49,-10.21,90.00,0,-94.68,-10.41,-108.48,-24.58,-92.08,-7.49,-94.49,-10.21,-94.27,-9.97,-89.46,-4.17,-89.38,-4.06
2302,5124.25,5366.50,2,3,-93.56,-9.60,90.00,0,-94.88,-11.05,-108.41,-24.89,-92.08,-7.92,-93.56,-9.60,-95.41,-11.61,-88.88,-3.88,-88.61,-3.49
2303,5124.00,5366.50,2,3,-96.07,-12.99,90.00,0,-95.46,-12.35,-110.31,-inf,-91.14,-7.58,-96.07,-12.99,-94.77,-11.61,-85.87,0.01,-90.72,-7.07
2304,5123.75,5366.50,2,3,-96.76,-14.20,90.00,0,-95.74,-13.14,-109.87,-27.47,-90.47,-7.34,-96.76,-14.20,-95.76,-13.16,-85.68,-0.53,-88.83,-5.33
2305,5123.50,5366.50,2,3,-97.54,-16.53,90.00,0,-95.49,-14.43,-109.69,-28.77,-88.64,-6.92,-97.54,-16.53,-96.59,-15.56,-84.10,-0.35,-86.86,-4.68
2306,5123.25,5366.50,2,3,-94.49,-13.44,90.00,0,-94.81,-13.77,-109.60,-28.73,-89.42,-7.91,-94.49,-13.44,-96.65,-15.67,-83.43,0.94,-88.23,-6.49
2307,5123.00,5366.50,2,3,-93.67,-12.68,90.00,0,-96.00,-15.09,-109.52,-28.75,-90.54,-9.29,-93.67,-12.68,-97.39,-16.52,-84.78,-1.81,-84.96,-2.11
2308,5122.75,5366.50,2,3,-94.46,-12.69,90.00,0,-96.84,-15.16,-107.52,-25.96,-90.22,-8.04,-94.46,-12.69,-95.46,-13.74,-86.36,-3.08,-85.56,-1.83
2309,5122.50,5366.50,2,3,-94.36,-13.26,90.00,0,-99.53,-18.57,-107.85,-26.94,-90.79,-9.41,-94.36,-13.26,-95.57,-14.52,-85.35,-2.52,-84.55,-1.20
2310,5122.25,5366.50,2,3,-94.27,-12.71,90.00,0,-100.28,-18.88,-107.59,-26.24,-88.50,-6.23,-94.27,-12.71,-96.67,-15.20,-88.80,-6.60,-84.19,0.33
2311,5122.00,5366.50,2,3,-94.11,-11.14,90.00,0,-101.15,-18.43,-110.54,-inf,-86.89,-2.18,-94.11,-11.14,-99.24,-16.48,-89.94,-6.38,-87.74,-3.47
2312,5121.75,5366.50,2,3,-93.89,-10.51,90.00,0,-103.22,-20.17,-112.20,-inf,-86.10,-0.15,-93.89,-10.51,-97.02,-13.82,-92.91,-9.43,-88.94,-4.65
2313,5121.50,5366.50,2,3,-92.64,-9.25,90.00,0,-103.39,-20.45,-113.21,-inf,-86.01,-0.19,-92.64,-9.25,-96.68,-13.59,-92.59,-9.19,-89.34,-5.33
2314,5121.25,5366.50,2,3,-90.38,-7.27,90.00,0,-104.95,-22.56,-112.64,-inf,-85.40,-0.05,-90.38,-7.27,-97.74,-15.24,-92.49,-9.68,-89.45,-6.13
2315,5121.00,5366.50,2,3,-87.92,-5.05,90.00,0,-106.16,-24.46,-111.78,-inf,-85.01,-0.59,-87.92,-5.05,-98.13,-16.34,-93.44,-11.45,-88.95,-6.36
2316,5120.75,5366.50,2,3,-90.65,-8.74,90.00,0,-106.01,-24.63,-112.56,-inf,-84.10,0.58,-90.65,-8.74,-95.55,-14.01,-93.04,-11.37,-87.83,-5.35
2317,5120.50,5366.50,2,3,-90.23,-10.49,90.00,0,-104.39,-25.01,-112.66,-inf,-80.97,3.50,-90.23,-10.49,-95.20,-15.71,-93.40,-13.85,-87.63,-7.56
2318,5120.25,5366.50,2,3,-90.36,-10.78,90.00,0,-103.40,-24.16,-112.99,-inf,-80.89,3.32,-90.36,-10.78,-96.28,-16.97,-91.01,-11.49,-87.70,-7.81
2319,5120.00,5366.50,2,3,-88.64,-8.73,90.00,0,-104.28,-24.90,-113.36,-inf,-81.33,2.41,-88.64,-8.73,-98.81,-19.39,-93.28,-13.73,-86.75,-6.51
2320,5119.75,5366.50,2,3,-90.63,-9.68,90.00,0,-105.44,-24.92,-115.28,-inf,-82.99,1.11,-90.63,-9.68,-96.84,-16.24,-90.37,-9.40,-87.52,-6.06
2321,5119.50,5366.50,2,3,-92.01,-11.45,90.00,0,-106.57,-26.30,-113.30,-inf,-83.17,0.21,-92.01,-11.45,-95.87,-15.48,-88.45,-7.47,-86.67,-5.28
2322,5119.25,5366.50,2,3,-95.08,-14.03,90.00,0,-104.11,-23.20,-114.64,-inf,-85.18,-2.29,-95.08,-14.03,-98.22,-17.26,-89.94,-8.49,-84.53,-1.20
2323,5119.00,5366.50,2,3,-94.36,-12.85,90.00,0,-100.55,-19.20,-114.68,-inf,-83.67,1.39,-94.36,-12.85,-98.44,-17.07,-90.78,-8.96,-87.98,-5.64
2324,5118.75,5366.50,2,3,-94.50,-11.90,90.00,0,-101.17,-18.79,-114.61,-inf,-84.88,0.97,-94.50,-11.90,-97.10,-14.63,-90.12,-7.00,-90.46,-7.41
2325,5118.50,5366.50,2,3,-93.79,-11.28,90.00,0,-102.26,-20.03,-116.10,-inf,-84.69,1.08,-93.79,-11.28,-97.39,-15.07,-90.96,-8.15,-89.66,-6.61
2326,5118.25,5366.50,2,3,-93.17,-10.15,90.00,0,-103.74,-21.08,-114.91,-inf,-84.50,2.67,-93.17,-10.15,-98.94,-16.21,-92.80,-9.73,-91.92,-8.75
2327,5118.00,5366.50,2,3,-93.31,-9.40,90.00,0,-102.84,-19.35,-114.41,-inf,-85.31,2.67,-93.31,-9.40,-99.22,-15.67,-93.63,-9.76,-93.76,-9.91
2328,5117.75,5366.50,2,3,-93.99,-11.57,90.00,0,-103.62,-21.46,-114.81,-inf,-83.52,4.21,-93.99,-11.57,-99.80,-17.60,-91.10,-8.39,-95.81,-13.50
2329,5117.50,5366.50,2,3,-93.59,-10.03,90.00,0,-102.78,-19.59,-113.40,-inf,-84.58,4.09,-93.59,-10.03,-101.03,-17.81,-93.01,-9.39,-97.21,-13.89
2330,5117.25,5366.50,2,3,-93.97,-10.66,90.00,0,-102.49,-19.49,-114.65,-inf,-84.19,4.84,-93.97,-10.66,-98.96,-15.90,-93.87,-10.54,-98.10,-15.00
2331,5117.00,5366.50,2,3,-95.40,-11.06,90.00,0,-103.51,-19.46,-115.32,-inf,-85.45,4.06,-95.40,-11.06,-100.41,-16.31,-93.30,-8.75,-98.90,-14.75
2332,5116.75,5366.50,2,3,-94.40,-9.65,90.00,0,-102.89,-18.52,-113.52,-inf,-86.47,1.90,-94.40,-9.65,-101.17,-16.77,-91.66,-6.48,-97.36,-12.84
2333,5116.50,5366.50,2,3,-95.44,-12.86,90.00,0,-100.63,-18.21,-113.77,-inf,-83.99,3.41,-95.44,-12.86,-101.03,-18.61,-89.53,-6.25,-98.08,-15.60
2334,5116.25,5366.50,2,3,-96.16,-14.36,90.00,0,-102.92,-21.24,-112.39,-inf,-82.90,4.75,-96.16,-14.36,-99.72,-18.01,-90.64,-8.42,-94.48,-12.60
2335,5116.00,5366.50,2,3,-95.86,-15.20,90.00,0,-103.42,-22.87,-115.72,-inf,-81.65,5.31,-95.86,-15.20,-100.60,-20.02,-89.17,-8.00,-95.07,-14.39
2336,5115.75,5366.50,2,3,-95.14,-16.93,90.00,0,-102.12,-23.98,-113.24,-inf,-78.61,9.23,-95.14,-16.93,-100.74,-22.59,-90.76,-12.39,-96.01,-17.81
2337,5115.50,5366.50,2,3,-96.12,-18.33,90.00,0,-103.87,-26.13,-113.56,-inf,-78.13,10.13,-96.12,-18.33,-102.05,-24.31,-92.80,-14.93,-92.85,-14.98
2338,5115.25,5366.50,2,3,-94.79,-16.99,90.00,0,-102.79,-25.06,-113.59,-inf,-78.13,9.98,-94.79,-16.99,-102.70,-24.97,-93.60,-15.77,-92.45,-14.58
2339,5115.00,5366.50,2,3,-93.64,-14.39,90.00,0,-101.93,-22.82,-112.56,-inf,-79.68,8.33,-93.64,-14.39,-101.77,-22.66,-94.05,-14.82,-92.81,-13.53
2340,5114.75,5366.50,2,3,-93.66,-11.83,90.00,0,-101.21,-19.61,-110.67,-inf,-82.53,6.00,-93.66,-11.83,-100.84,-19.23,-94.95,-13.19,-94.04,-12.23
2341,5114.50,5366.50,2,3,-92.57,-11.30,90.00,0,-102.04,-21.04,-111.37,-inf,-82.14,5.05,-92.57,-11.30,-99.23,-18.20,-91.47,-10.10,-94.44,-13.28
2342,5114.25,5366.50,2,3,-91.59,-11.15,90.00,0,-103.87,-23.74,-112.09,-inf,-81.00,6.46,-91.59,-11.15,-99.08,-18.90,-92.31,-11.93,-96.03,-15.80
2343,5114.00,5366.50,2,3,-90.95,-8.80,90.00,0,-102.95,-21.30,-113.91,-inf,-83.10,3.88,-90.95,-8.80,-95.87,-14.09,-92.15,-10.14,-97.40,-15.67
2344,5113.75,5366.50,2,3,-91.01,-9.44,90.00,0,-104.61,-23.48,-112.50,-inf,-82.57,3.97,-91.01,-9.44,-96.55,-15.32,-90.73,-9.12,-96.42,-15.19
2345,5113.50,5366.50,2,3,-91.42,-11.08,90.00,0,-106.10,-26.07,-110.52,-inf,-81.44,4.13,-91.42,-11.08,-94.24,-14.06,-89.15,-8.57,-94.68,-14.51
2346,5113.25,5366.50,2,3,-92.59,-11.87,90.00,0,-104.59,-24.14,-110.57,-inf,-82.39,2.48,-92.59,-11.87,-91.96,-11.20,-88.05,-6.78,-94.31,-13.68
2347,5113.00,5366.50,2,3,-93.18,-11.76,90.00,0,-104.48,-23.33,-108.30,-27.15,-82.69,3.65,-93.18,-11.76,-95.86,-14.57,-89.56,-7.75,-94.91,-13.59
2348,5112.75,5366.50,2,3,-91.33,-9.53,90.00,0,-104.79,-23.43,-106.42,-25.06,-83.37,2.26,-91.33,-9.53,-95.80,-14.30,-89.10,-6.95,-94.55,-12.99
2349,5112.50,5366.50,2,3,-95.27,-14.03,90.00,0,-104.70,-23.61,-105.85,-24.77,-82.82,3.05,-95.27,-14.03,-95.79,-14.57,-88.75,-6.87,-92.70,-11.33
2350,5112.25,5366.50,2,3,-95.27,-14.22,90.00,0,-104.41,-23.49,-103.27,-22.34,-82.13,4.84,-95.27,-14.22,-94.51,-13.42,-91.68,-10.41,-93.04,-11.87
2351,5112.00,5366.50,2,3,-96.27,-14.89,90.00,0,-104.05,-22.78,-103.88,-22.61,-82.59,4.37,-96.27,-14.89,-95.44,-14.03,-91.94,-10.31,-91.74,-10.09
2352,5111.75,5366.50,2,3,-95.07,-15.29,90.00,0,-106.30,-26.64,-101.86,-22.18,-81.70,2.20,-95.07,-15.29,-95.65,-15.88,-87.80,-7.43,-87.85,-7.48
2353,5111.50,5366.50,2,3,-94.72,-14.12,90.00,0,-107.02,-26.58,-101.29,-20.82,-84.23,-1.45,-94.72,-14.12,-94.10,-13.48,-88.23,-7.01,-85.45,-3.37
2354,5111.25,5366.50,2,3,-97.50,-17.12,90.00,0,-104.19,-23.87,-101.00,-20.66,-84.41,-1.99,-97.50,-17.12,-94.51,-14.05,-91.83,-11.22,-83.65,-0.66
2355,5111.00,5366.50,2,4,-93.45,-13.97,90.00,1,-105.74,-26.42,-102.46,-23.13,-85.39,-4.85,-97.40,-18.02,-93.45,-13.97,-93.95,-14.49,-81.18,2.68
2356,5110.75,5366.50,2,4,-96.16,-17.26,90.00,0,-106.82,-27.99,-102.12,-23.28,-86.08,-6.36,-99.27,-20.41,-96.16,-17.26,-95.65,-16.74,-80.07,4.78
2357,5110.50,5366.50,2,4,-93.71,-14.42,90.00,0,-104.09,-24.94,-102.71,-23.55,-86.63,-6.65,-100.54,-21.37,-93.71,-14.42,-96.20,-16.98,-80.42,4.65
2358,5110.25,5366.50,2,4,-93.27,-14.55,90.00,0,-105.78,-27.21,-104.59,-26.01,-87.20,-7.99,-100.17,-21.58,-93.27,-14.55,-94.70,-16.02,-79.61,5.66
2359,5110.00,5366.50,2,4,-89.94,-11.15,90.00,0,-103.73,-25.25,-105.06,-26.58,-88.34,-9.40,-98.69,-20.18,-89.94,-11.15,-95.00,-16.43,-79.54,5.55
2360,5109.75,5366.50,2,4,-91.17,-10.50,90.00,0,-105.19,-24.87,-105.67,-25.35,-90.88,-10.18,-99.16,-18.80,-91.17,-10.50,-96.38,-15.97,-81.40,5.40
2361,5109.50,5366.50,2,4,-93.02,-10.89,90.00,0,-103.31,-21.49,-104.61,-22.80,-89.91,-7.40,-100.13,-18.28,-93.02,-10.89,-99.16,-17.29,-83.27,3.90
2362,5109.25,5366.50,2,4,-91.86,-11.26,90.00,0,-103.92,-23.61,-102.45,-22.14,-93.93,-13.45,-98.28,-17.93,-91.86,-11.26,-98.53,-18.18,-81.07,7.05
2363,5109.00,5366.50,2,4,-94.97,-15.59,90.00,0,-103.01,-23.73,-103.50,-24.22,-94.22,-14.81,-97.34,-18.01,-94.97,-15.59,-98.02,-18.70,-79.74,9.35
2364,5108.75,5366.50,2,4,-95.96,-15.26,90.00,0,-101.13,-20.53,-103.29,-22.70,-93.93,-13.16,-99.55,-18.93,-95.96,-15.26,-96.92,-16.25,-81.21,8.02
2365,5108.50,5366.50,2,4,-97.20,-16.12,90.00,0,-98.54,-17.48,-102.25,-21.24,-95.98,-14.86,-98.42,-17.36,-97.20,-16.12,-97.43,-16.35,-81.61,8.11
2366,5108.25,5366.50,2,4,-96.75,-15.44,90.00,0,-98.04,-16.76,-101.16,-19.92,-98.82,-17.56,-98.64,-17.37,-96.75,-15.44,-99.58,-18.33,-81.75,8.60
2367,5108.00,5366.50,2,4,-97.83,-18.38,90.00,0,-97.98,-18.53,-100.60,-21.19,-98.60,-19.16,-100.97,-21.56,-97.83,-18.38,-98.76,-19.33,-79.72,10.92
2368,5107.75,5366.50,2,4,-98.84,-19.02,90.00,0,-99.32,-19.51,-100.61,-20.81,-100.19,-20.39,-99.40,-19.59,-98.84,-19.02,-98.18,-18.35,-80.11,10.88
2369,5107.50,5366.50,2,4,-99.06,-19.71,90.00,0,-98.98,-19.63,-99.87,-20.53,-97.45,-18.08,-97.60,-18.23,-99.06,-19.71,-98.11,-18.75,-79.67,10.49
2370,5107.25,5366.50,2,3,-95.66,-17.30,90.00,1,-99.92,-21.61,-99.49,-21.17,-97.50,-19.17,-95.66,-17.30,-99.21,-20.89,-98.48,-20.16,-78.59,11.30
2371,5107.00,5366.50,2,3,-92.50,-12.34,90.00,0,-100.91,-20.95,-98.97,-18.99,-99.31,-19.34,-92.50,-12.34,-98.36,-18.37,-98.88,-18.90,-80.50,8.49
2372,5106.75,5366.50,2,3,-93.00,-12.94,90.00,0,-102.05,-22.18,-99.99,-20.10,-98.09,-18.18,-93.00,-12.94,-99.30,-19.41,-99.89,-20.00,-80.35,9.08
2373,5106.50,5366.50,2,3,-91.54,-10.40,90.00,0,-102.70,-21.91,-98.47,-17.63,-96.78,-15.91,-91.54,-10.40,-98.85,-18.02,-101.77,-20.98,-81.56,6.97
2374,5106.25,5366.50,2,3,-93.16,-12.94,90.00,0,-101.68,-21.65,-99.03,-18.97,-96.31,-16.20,-93.16,-12.94,-99.50,-19.45,-102.29,-22.26,-80.55,8.73
2375,5106.00,5366.50,2,3,-94.47,-15.70,90.00,0,-103.68,-25.01,-99.38,-20.69,-97.63,-18.92,-94.47,-15.70,-98.71,-20.01,-100.68,-22.00,-78.99,10.98
2376,5105.75,5366.50,2,3,-94.79,-15.75,90.00,0,-105.52,-26.58,-98.21,-19.23,-96.24,-17.23,-94.79,-15.75,-98.24,-19.26,-100.17,-21.21,-79.32,10.29
2377,5105.50,5366.50,2,3,-95.30,-15.75,90.00,0,-103.96,-24.50,-98.89,-19.40,-93.64,-14.03,-95.30,-15.75,-101.68,-22.21,-99.81,-20.33,-79.91,9.41
2378,5105.25,5366.50,2,3,-95.82,-14.09,90.00,0,-104.79,-23.20,-98.37,-16.71,-93.26,-11.38,-95.82,-14.09,-103.11,-21.51,-99.11,-17.46,-82.38,6.89
2379,5105.00,5366.50,2,3,-93.80,-10.67,90.00,0,-104.24,-21.43,-97.66,-14.74,-94.28,-11.19,-93.80,-10.67,-104.64,-21.84,-98.48,-15.59,-83.97,4.97
2380,5104.75,5366.50,2,3,-92.34,-7.87,90.00,0,-101.62,-17.74,-96.06,-11.99,-95.22,-11.09,-92.34,-7.87,-105.67,-21.83,-99.18,-15.24,-85.67,2.72
2381,5104.50,5366.50,2,3,-90.98,-7.73,90.00,0,-101.94,-19.32,-95.79,-13.00,-96.16,-13.40,-90.98,-7.73,-103.04,-20.43,-99.56,-16.90,-84.08,3.80
2382,5104.25,5366.50,2,3,-89.67,-7.48,90.00,0,-101.67,-20.15,-93.70,-11.95,-96.27,-14.65,-89.67,-7.48,-100.32,-18.78,-98.44,-16.88,-83.04,3.64
2383,5104.00,5366.50,2,3,-89.13,-6.70,90.00,0,-106.32,-24.72,-95.30,-13.52,-99.20,-17.54,-89.13,-6.70,-98.82,-17.15,-96.84,-15.12,-83.15,3.63
2384,5103.75,5366.50,2,3,-89.31,-8.21,90.00,0,-105.34,-24.83,-93.03,-12.29,-97.36,-16.78,-89.31,-8.21,-98.05,-17.48,-97.98,-17.41,-81.79,4.60
2385,5103.50,5366.50,2,3,-88.28,-7.98,90.00,0,-106.75,-27.09,-92.97,-13.11,-100.22,-20.53,-88.28,-7.98,-99.74,-20.05,-98.87,-19.17,-80.76,5.36
2386,5103.25,5366.50,2,3,-88.09,-6.12,90.00,0,-106.91,-25.88,-93.01,-11.71,-100.20,-19.13,-88.09,-6.12,-98.35,-17.25,-97.13,-16.00,-82.76,3.08
2387,5103.00,5366.50,2,3,-87.61,-5.24,90.00,0,-108.19,-26.95,-92.32,-10.73,-100.69,-19.41,-87.61,-5.24,-100.36,-19.08,-95.66,-14.27,-83.33,2.07
2388,5102.75,5366.50,2,3,-88.28,-3.94,90.00,0,-108.83,-25.95,-93.81,-10.57,-99.88,-16.91,-88.28,-3.94,-101.07,-18.13,-94.44,-11.26,-85.84,0.09
2389,5102.50,5366.50,2,3,-89.57,-4.81,90.00,0,-106.84,-23.30,-93.11,-9.08,-99.81,-16.19,-89.57,-4.81,-101.99,-18.41,-98.52,-14.86,-86.15,0.79
2390,5102.25,5366.50,2,3,-89.66,-4.34,90.00,0,-107.91,-23.94,-92.52,-7.91,-98.64,-14.53,-89.66,-4.34,-102.92,-18.91,-98.60,-14.49,-87.13,-0.32
2391,5102.00,5366.50,2,3,-92.25,-6.44,90.00,0,-107.31,-22.36,-90.44,-4.08,-97.24,-12.05,-92.25,-6.44,-104.23,-19.26,-96.66,-11.43,-89.37,-2.51
2392,5101.75,5366.50,2,3,-91.43,-5.54,90.00,0,-107.41,-22.56,-90.35,-4.10,-97.54,-12.48,-91.43,-5.54,-105.56,-20.70,-95.79,-10.60,-89.72,-3.20
2393,5101.50,5366.50,2,3,-91.47,-7.17,90.00,0,-105.27,-21.70,-89.96,-5.30,-99.21,-15.56,-91.47,-7.17,-104.51,-20.94,-95.00,-11.14,-86.77,-0.43
2394,5101.25,5366.50,2,3,-92.29,-9.17,90.00,0,-106.05,-23.40,-90.24,-6.78,-98.35,-15.60,-92.29,-9.17,-103.30,-20.64,-94.30,-11.36,-84.90,1.62
2395,5101.00,5366.50,2,3,-90.36,-7.80,90.00,0,-106.69,-24.79,-90.98,-8.51,-98.00,-16.01,-90.36,-7.80,-107.58,-25.68,-94.47,-12.33,-83.88,2.37
2396,5100.75,5366.50,2,3,-88.67,-6.56,90.00,0,-110.31,-inf,-91.97,-10.34,-98.80,-17.48,-88.67,-6.56,-107.27,-26.02,-92.33,-10.74,-83.29,2.19
2397,5100.50,5366.50,2,3,-89.12,-6.75,90.00,0,-110.02,-inf,-89.58,-7.30,-97.05,-15.39,-89.12,-6.75,-107.00,-25.46,-92.99,-11.13,-84.11,0.91
2398,5100.25,5366.50,2,3,-88.51,-6.49,90.00,0,-112.10,-inf,-88.81,-6.86,-94.75,-13.42,-88.51,-6.49,-103.00,-21.84,-92.96,-11.53,-84.00,0.30
2399,5100.00,5366.50,1,4,-85.06,-18.77,90.00,1,-104.85,-33.98,-94.40,-23.50,-104.24,-33.36,-86.62,-15.63,-97.18,-26.30,-91.22,-20.30,-71.07,13.29
2400,5100.00,5366.75,1,3,-85.74,-16.25,90.00,1,-104.79,-35.40,-92.27,-22.86,-107.13,-37.75,-85.74,-16.25,-97.39,-28.00,-94.97,-25.58,-69.53,14.54
2401,5100.00,5367.00,1,3,-85.92,-16.33,90.00,0,-103.08,-33.59,-93.38,-23.87,-105.31,-35.82,-85.92,-16.33,-97.08,-27.58,-92.96,-23.45,-69.64,14.45
2402,5100.00,5367.25,1,3,-86.21,-16.62,90.00,0,-102.46,-32.97,-94.10,-24.59,-108.39,-38.90,-86.21,-16.62,-95.14,-25.64,-94.98,-25.47,-69.63,14.83
2403,5100.00,5367.50,1,3,-86.87,-18.03,90.00,0,-101.08,-32.30,-90.67,-21.86,-106.99,-38.21,-86.87,-18.03,-92.18,-23.38,-93.80,-25.01,-68.91,14.92
2404,5100.00,5367.75,1,3,-87.20,-17.31,90.00,0,-100.24,-30.42,-92.31,-22.48,-106.59,-36.77,-87.20,-17.31,-91.93,-22.09,-96.62,-26.80,-69.96,14.51
2405,5100.00,5368.00,1,3,-87.11,-17.98,90.00,0,-99.94,-30.87,-95.14,-26.07,-105.58,-36.51,-87.11,-17.98,-90.22,-21.12,-97.18,-28.11,-69.19,15.22
2406,5100.00,5368.25,1,3,-85.96,-16.81,90.00,0,-100.26,-31.19,-94.38,-25.31,-105.09,-36.03,-85.96,-16.81,-88.85,-19.74,-96.44,-27.37,-69.23,14.09
2407,5100.00,5368.50,1,3,-85.12,-14.23,90.00,0,-98.84,-28.10,-92.44,-21.69,-103.07,-32.34,-85.12,-14.23,-91.18,-20.42,-95.01,-24.26,-70.99,12.01
2408,5100.00,5368.75,1,3,-84.99,-10.66,90.00,0,-99.81,-25.82,-93.50,-19.47,-102.39,-28.41,-84.99,-10.66,-92.89,-18.86,-93.58,-19.55,-74.53,8.63
2409,5100.00,5369.00,1,3,-85.66,-11.84,90.00,0,-99.93,-26.38,-93.60,-20.02,-101.13,-27.58,-85.66,-11.84,-91.01,-17.40,-93.40,-19.81,-74.02,9.27
2410,5100.00,5369.25,1,3,-82.33,-9.39,90.00,0,-102.79,-30.32,-92.49,-19.98,-99.77,-27.30,-82.33,-9.39,-88.96,-16.40,-91.75,-19.23,-73.18,7.47
2411,5100.00,5369.50,1,3,-81.69,-8.89,90.00,0,-103.51,-31.24,-91.19,-18.87,-99.05,-26.77,-81.69,-8.89,-87.97,-15.59,-94.55,-22.26,-73.05,7.06
2412,5100.00,5369.75,1,3,-82.18,-6.75,90.00,0,-104.32,-29.72,-89.03,-14.27,-97.54,-22.92,-82.18,-6.75,-89.29,-14.55,-96.36,-21.73,-75.91,4.54
2413,5100.00,5370.00,1,3,-82.38,-6.14,90.00,0,-105.45,-30.15,-87.58,-12.02,-96.22,-20.89,-82.38,-6.14,-91.34,-15.93,-96.50,-21.17,-76.84,3.69
2414,5100.00,5370.25,1,3,-81.11,-4.94,90.00,0,-103.66,-28.69,-87.01,-11.77,-99.01,-24.03,-81.11,-4.94,-92.20,-17.15,-92.87,-17.83,-76.82,2.72
2415,5100.00,5370.50,1,3,-80.34,-5.42,90.00,0,-103.75,-29.93,-88.49,-14.52,-97.26,-23.42,-80.34,-5.42,-94.16,-20.29,-92.31,-18.43,-75.30,3.92
2416,5100.00,5370.75,1,3,-78.92,-1.31,90.00,0,-100.94,-25.72,-92.40,-17.11,-96.42,-21.18,-78.92,-1.31,-94.28,-19.01,-92.40,-17.10,-78.13,0.19
2417,5100.00,5371.00,1,3,-78.88,-3.48,90.00,0,-103.34,-29.54,-93.03,-19.18,-98.08,-24.27,-78.88,-3.48,-94.24,-20.41,-93.18,-19.34,-75.66,2.70
2418,5100.00,5371.25,1,3,-77.65,-2.17,90.00,0,-102.06,-28.63,-92.72,-19.25,-98.21,-24.77,-77.65,-2.17,-93.12,-19.65,-93.76,-20.30,-75.76,1.47
2419,5100.00,5371.50,1,3,-77.95,-1.83,90.00,0,-102.43,-28.50,-91.44,-17.43,-97.18,-23.23,-77.95,-1.83,-90.66,-16.64,-95.46,-21.51,-76.53,0.86
2420,5100.00,5371.75,1,3,-79.84,-3.22,90.00,0,-103.45,-28.51,-91.55,-16.53,-96.45,-21.49,-79.84,-3.22,-90.90,-15.87,-96.75,-21.80,-77.06,1.98
2421,5100.00,5372.00,1,3,-84.44,-6.81,90.00,0,-101.85,-25.03,-90.85,-13.87,-96.31,-19.45,-84.44,-6.81,-89.37,-12.31,-98.26,-21.42,-78.32,3.81
2422,5100.00,5372.25,1,3,-82.54,-2.57,90.00,0,-104.20,-26.14,-90.36,-12.05,-95.67,-17.54,-82.54,-2.57,-91.10,-12.83,-96.34,-18.22,-81.11,-0.09
2423,5100.00,5372.50,1,3,-84.16,-3.91,90.00,0,-102.54,-23.76,-89.70,-10.56,-97.78,-18.96,-84.16,-3.91,-92.14,-13.16,-93.93,-15.02,-81.53,0.51
2424,5100.00,5372.75,1,3,-85.25,-4.72,90.00,0,-102.96,-23.68,-90.75,-11.17,-97.43,-18.10,-85.25,-4.72,-92.51,-13.04,-96.24,-16.89,-81.62,1.43
2425,5100.00,5373.00,1,3,-85.21,-5.78,90.00,0,-101.05,-22.61,-90.58,-11.90,-96.49,-18.01,-85.21,-5.78,-93.95,-15.41,-94.44,-15.92,-80.29,2.68
2426,5100.00,5373.25,1,3,-86.32,-6.11,90.00,0,-99.51,-20.21,-90.95,-11.38,-95.35,-15.99,-86.32,-6.11,-93.85,-14.44,-93.80,-14.38,-81.32,2.18
2427,5100.00,5373.50,1,3,-87.13,-5.98,90.00,0,-98.27,-18.03,-92.10,-11.64,-96.61,-16.34,-87.13,-5.98,-94.52,-14.19,-91.74,-11.26,-82.54,1.39
2428,5100.00,5373.75,1,3,-86.95,-3.27,90.00,0,-98.52,-16.42,-91.08,-8.50,-96.67,-14.51,-86.95,-3.27,-94.19,-11.91,-91.65,-9.14,-87.03,-3.38
2429,5100.00,5374.00,1,3,-84.47,-0.83,90.00,0,-100.64,-19.57,-90.69,-9.17,-97.66,-16.54,-84.47,-0.83,-93.01,-11.71,-90.96,-9.48,-87.41,-5.25
2430,5100.00,5374.25,1,3,-85.23,-1.83,90.00,0,-101.94,-20.70,-90.54,-8.79,-97.35,-16.03,-85.23,-1.83,-93.68,-12.22,-91.53,-9.89,-86.56,-3.85
2431,5100.00,5374.50,1,3,-84.74,-1.27,90.00,0,-101.33,-20.23,-90.79,-9.25,-98.35,-17.22,-84.74,-1.27,-94.59,-13.34,-92.11,-10.71,-86.24,-3.62
2432,5100.00,5374.75,1,3,-87.69,-4.77,90.00,0,-101.82,-20.11,-89.88,-7.50,-101.99,-20.28,-87.69,-4.77,-95.96,-14.12,-92.56,-10.53,-85.17,-0.93
2433,5100.00,5375.00,1,3,-88.88,-6.62,90.00,0,-99.51,-18.04,-88.72,-6.43,-105.88,-24.46,-88.88,-6.62,-95.51,-13.94,-93.61,-11.94,-84.38,0.07
2434,5100.00,5375.25,1,3,-87.78,-4.58,90.00,0,-101.04,-19.08,-88.97,-6.11,-105.85,-23.93,-87.78,-4.58,-94.96,-12.83,-93.77,-11.57,-85.90,-1.79
2435,5100.00,5375.50,1,3,-86.20,-0.32,90.00,0,-102.38,-19.30,-91.09,-7.33,-104.64,-21.58,-86.20,-0.32,-95.61,-12.33,-96.16,-12.92,-89.60,-5.50
2436,5100.00,5375.75,1,3,-84.88,1.05,90.00,0,-102.01,-19.60,-91.66,-8.75,-106.06,-23.68,-84.88,1.05,-98.91,-16.45,-97.52,-15.03,-88.61,-5.08
2437,5100.00,5376.00,1,3,-83.52,2.05,90.00,0,-100.73,-19.26,-92.74,-10.99,-105.21,-23.78,-83.52,2.05,-99.29,-17.81,-96.86,-15.31,-87.70,-5.11
2438,5100.00,5376.25,1,3,-84.64,2.12,90.00,0,-103.94,-21.34,-93.08,-10.11,-108.43,-25.85,-84.64,2.12,-98.95,-16.28,-98.24,-15.55,-89.28,-5.67
2439,5100.00,5376.50,1,3,-85.49,1.36,90.00,0,-102.84,-19.68,-92.07,-8.37,-107.11,-23.98,-85.49,1.36,-99.62,-16.41,-100.41,-17.22,-89.70,-5.52
2440,5100.00,5376.75,1,3,-85.31,-0.96,90.00,0,-102.77,-20.95,-92.91,-10.77,-105.33,-23.53,-85.31,-0.96,-99.51,-17.65,-101.72,-19.89,-85.52,-1.34
2441,5100.00,5377.00,1,3,-86.02,-2.09,90.00,0,-104.36,-22.49,-94.46,-12.38,-105.71,-23.85,-86.02,-2.09,-99.51,-17.60,-100.12,-18.22,-84.80,0.11
2442,5100.00,5377.25,1,3,-84.90,0.87,90.00,0,-103.03,-20.69,-94.36,-11.78,-105.53,-23.21,-84.90,0.87,-100.46,-18.09,-101.40,-19.04,-87.12,-3.08
2443,5100.00,5377.50,1,3,-84.80,-0.27,90.00,0,-102.45,-20.77,-94.07,-12.16,-103.23,-21.56,-84.80,-0.27,-98.53,-16.80,-100.95,-19.26,-85.66,-1.82
2444,5100.00,5377.75,1,3,-85.43,1.37,90.00,0,-102.76,-19.66,-95.53,-12.22,-102.72,-19.62,-85.43,1.37,-97.13,-13.91,-101.11,-17.99,-88.76,-4.34
2445,5100.00,5378.00,1,3,-88.20,-3.05,90.00,0,-103.07,-19.62,-94.65,-10.90,-101.68,-18.21,-88.20,-3.05,-98.40,-14.86,-99.80,-16.29,-86.49,-0.15
2446,5100.00,5378.25,1,3,-86.50,-0.00,90.00,0,-103.44,-19.91,-95.47,-11.70,-99.73,-16.14,-86.50,-0.00,-98.50,-14.88,-99.02,-15.41,-88.42,-3.25
2447,5100.00,5378.50,1,3,-86.18,-0.12,90.00,0,-100.63,-17.44,-96.78,-13.48,-98.56,-15.33,-86.18,-0.12,-95.52,-12.16,-99.97,-16.77,-88.07,-3.28
2448,5100.00,5378.75,1,3,-85.69,-0.25,90.00,0,-101.69,-19.08,-97.72,-15.03,-99.97,-17.33,-85.69,-0.25,-94.42,-11.57,-97.99,-15.31,-87.22,-2.84
2449,5100.00,5379.00,1,3,-86.57,-0.36,90.00,0,-103.38,-19.97,-96.28,-12.68,-102.52,-19.09,-86.57,-0.36,-94.06,-10.30,-99.32,-15.83,-88.39,-3.37
2450,5100.00,5379.25,1,3,-87.21,0.21,90.00,0,-101.70,-17.32,-99.95,-15.53,-100.68,-16.28,-87.21,0.21,-93.96,-9.16,-99.73,-15.30,-90.23,-4.64
2451,5100.00,5379.50,1,3,-86.24,1.18,90.00,0,-100.37,-16.50,-100.58,-16.71,-99.25,-15.34,-86.24,1.18,-95.61,-11.53,-99.74,-15.85,-89.86,-4.85
2452,5100.00,5379.75,1,3,-86.36,0.15,90.00,0,-102.44,-18.96,-101.72,-18.23,-96.93,-13.31,-86.36,0.15,-95.96,-12.29,-96.29,-12.63,-88.81,-3.90
2453,5100.00,5380.00,1,3,-87.83,-2.19,90.00,0,-101.38,-17.72,-103.41,-19.78,-97.71,-13.96,-87.83,-2.19,-97.88,-14.13,-98.90,-15.19,-86.88,-0.55
2454,5100.00,5380.25,1,3,-90.96,-4.67,90.00,0,-102.58,-17.49,-104.62,-19.56,-100.24,-15.09,-90.96,-4.67,-98.75,-13.55,-100.29,-15.14,-87.35,1.46
2455,5100.00,5380.50,1,3,-90.83,-5.13,90.00,0,-101.74,-17.11,-104.51,-19.93,-100.95,-16.31,-90.83,-5.13,-96.46,-11.63,-99.80,-15.13,-86.82,1.59
2456,5100.00,5380.75,1,3,-87.14,-2.16,90.00,0,-100.44,-17.44,-105.00,-22.05,-101.07,-18.08,-87.14,-2.16,-95.46,-12.29,-98.65,-15.61,-86.11,-0.34
2457,5100.00,5381.00,1,3,-87.98,-3.58,90.00,0,-99.07,-16.15,-105.56,-22.72,-101.23,-18.35,-87.98,-3.58,-95.61,-12.56,-99.63,-16.72,-85.34,1.04
2458,5100.00,5381.25,1,3,-87.98,-3.28,90.00,0,-100.37,-17.27,-105.68,-22.63,-102.25,-19.17,-87.98,-3.28,-94.80,-11.48,-98.92,-15.79,-85.76,0.56
2459,5100.00,5381.50,1,3,-86.34,-2.52,90.00,0,-100.79,-18.85,-104.60,-22.68,-98.32,-16.33,-86.34,-2.52,-92.00,-9.67,-100.45,-18.50,-85.13,-0.46
2460,5100.00,5381.75,1,3,-88.91,-5.50,90.00,0,-100.69,-18.29,-103.15,-20.78,-96.73,-14.24,-88.91,-5.50,-91.65,-8.78,-100.04,-17.64,-84.77,1.22
2461,5100.00,5382.00,1,3,-88.41,-6.28,90.00,0,-101.77,-20.52,-101.44,-20.18,-96.37,-15.02,-88.41,-6.28,-89.56,-7.66,-99.24,-17.96,-83.54,1.50
2462,5100.00,5382.25,1,3,-88.96,-7.03,90.00,0,-99.31,-18.10,-101.23,-20.04,-98.08,-16.85,-88.96,-7.03,-89.55,-7.73,-101.52,-20.33,-83.20,2.18
2463,5100.00,5382.50,1,3,-86.13,-5.11,90.00,0,-100.37,-20.48,-102.17,-22.29,-100.22,-20.33,-86.13,-5.11,-90.48,-10.23,-101.06,-21.18,-81.82,2.43
2464,5100.00,5382.75,1,3,-86.42,-5.37,90.00,0,-100.97,-20.99,-103.58,-23.61,-102.53,-22.56,-86.42,-5.37,-91.38,-11.11,-100.99,-21.01,-81.70,3.03
2465,5100.00,5383.00,1,3,-87.01,-5.11,90.00,0,-101.77,-21.01,-104.26,-23.52,-103.95,-23.20,-87.01,-5.11,-93.92,-12.98,-100.94,-20.18,-82.41,3.23
2466,5100.00,5383.25,1,3,-87.91,-5.27,90.00,0,-102.60,-21.05,-104.56,-23.02,-103.99,-22.45,-87.91,-5.27,-93.87,-12.09,-102.52,-20.97,-83.24,3.12
2467,5100.00,5383.50,1,3,-86.06,-3.04,90.00,0,-103.50,-22.21,-103.45,-22.16,-104.34,-23.05,-86.06,-3.04,-93.82,-12.31,-100.36,-19.04,-83.71,1.23
2468,5100.00,5383.75,1,3,-89.97,-4.61,90.00,0,-101.00,-16.84,-102.81,-18.68,-106.41,-22.31,-89.97,-4.61,-94.23,-9.72,-101.46,-17.31,-86.57,1.10
2469,5100.00,5384.00,1,3,-90.43,-5.56,90.00,0,-100.90,-17.01,-102.67,-18.81,-106.00,-22.17,-90.43,-5.56,-97.10,-13.09,-102.58,-18.72,-85.61,2.88
2470,5100.00,5384.25,1,3,-90.89,-5.73,90.00,0,-101.35,-17.13,-104.66,-20.49,-105.40,-21.23,-90.89,-5.73,-97.73,-13.40,-105.70,-21.54,-85.83,3.22
2471,5100.00,5384.50,1,3,-90.43,-5.71,90.00,0,-104.96,-21.24,-104.07,-20.34,-106.19,-22.48,-90.43,-5.71,-98.75,-14.93,-104.98,-21.26,-85.21,3.76
2472,5100.00,5384.75,1,3,-89.85,-4.39,90.00,0,-103.95,-19.80,-102.76,-18.59,-105.80,-21.66,-89.85,-4.39,-100.20,-15.98,-107.34,-23.21,-86.00,2.64
2473,5100.00,5385.00,1,3,-86.34,-2.16,90.00,0,-103.10,-20.95,-103.15,-21.00,-106.64,-24.51,-86.34,-2.16,-98.32,-16.10,-107.83,-25.70,-84.64,1.04
2474,5100.00,5385.25,1,3,-84.27,-0.02,90.00,0,-100.77,-19.47,-100.82,-19.53,-106.14,-24.88,-84.27,-0.02,-99.57,-18.26,-107.67,-26.41,-84.76,-0.95
2475,5100.00,5385.50,1,3,-83.35,1.10,90.00,0,-100.74,-19.84,-100.26,-19.36,-107.47,-26.61,-83.35,1.10,-101.52,-20.63,-107.84,-26.98,-84.93,-1.93
2476,5100.00,5385.75,1,3,-83.88,0.28,90.00,0,-102.57,-21.53,-99.81,-18.74,-108.86,-27.84,-83.88,0.28,-98.74,-17.66,-106.95,-25.93,-84.68,-1.23
2477,5100.00,5386.00,1,3,-82.15,0.95,90.00,0,-100.49,-20.86,-103.18,-23.57,-107.40,-27.80,-82.15,0.95,-97.16,-17.49,-108.08,-28.49,-83.53,-1.70
2478,5100.00,5386.25,1,3,-83.39,2.01,90.00,0,-100.30,-18.98,-103.70,-22.41,-107.52,-26.24,-83.39,2.01,-98.67,-17.33,-108.09,-26.81,-86.05,-3.03
2479,5100.00,5386.50,1,3,-80.80,5.54,90.00,0,-102.05,-22.29,-102.38,-22.62,-105.15,-25.41,-80.80,5.54,-97.41,-17.60,-106.59,-26.85,-87.29,-6.72
2480,5100.00,5386.75,1,3,-80.17,7.28,90.00,0,-103.58,-24.14,-101.63,-22.18,-104.61,-25.18,-80.17,7.28,-101.42,-21.97,-104.22,-24.79,-88.41,-8.40
2481,5100.00,5387.00,1,3,-80.16,7.18,90.00,0,-105.80,-26.39,-103.34,-23.93,-104.67,-25.26,-80.16,7.18,-100.60,-21.17,-107.09,-27.69,-88.15,-8.13
2482,5100.00,5387.25,1,3,-78.00,9.28,90.00,0,-105.24,-27.71,-105.19,-27.66,-107.79,-30.27,-78.00,9.28,-103.74,-26.21,-108.00,-30.47,-87.87,-9.93
2483,5100.00,5387.50,1,3,-77.90,8.91,90.00,0,-104.58,-27.19,-104.17,-26.78,-107.81,-30.43,-77.90,8.91,-103.16,-25.77,-106.97,-29.58,-87.39,-9.56
2484,5100.00,5387.75,1,3,-79.59,5.05,90.00,0,-104.86,-26.44,-103.01,-24.59,-106.53,-28.11,-79.59,5.05,-103.53,-25.11,-106.35,-27.94,-85.00,-5.52
2485,5100.00,5388.00,1,3,-79.27,5.49,90.00,0,-105.54,-27.35,-100.44,-22.23,-105.05,-26.85,-79.27,5.49,-103.90,-25.70,-107.29,-29.09,-85.18,-6.03
2486,5100.00,5388.25,1,3,-78.03,6.35,90.00,0,-107.37,-30.24,-99.41,-22.26,-106.80,-29.67,-78.03,6.35,-104.27,-27.14,-109.16,-32.04,-84.75,-6.81
2487,5100.00,5388.50,1,3,-80.32,1.72,90.00,0,-107.27,-29.18,-98.06,-19.93,-103.87,-25.78,-80.32,1.72,-102.48,-24.38,-109.16,-31.08,-82.31,-2.17
2488,5100.00,5388.75,1,3,-80.03,2.63,90.00,0,-106.89,-28.74,-99.88,-21.71,-101.56,-23.40,-80.03,2.63,-103.07,-24.92,-107.75,-29.60,-82.96,-3.09
2489,5100.00,5389.00,1,3,-80.05,5.11,90.00,0,-106.74,-27.85,-97.44,-18.49,-99.08,-20.15,-80.05,5.11,-103.29,-24.39,-106.11,-27.21,-85.94,-6.10
2490,5100.00,5389.25,1,3,-77.92,7.44,90.00,0,-108.43,-31.22,-100.13,-22.91,-97.32,-20.08,-77.92,7.44,-105.54,-28.33,-105.44,-28.23,-86.10,-8.30
2491,5100.00,5389.50,1,3,-76.36,8.12,90.00,0,-107.01,-31.27,-99.50,-23.74,-95.16,-19.37,-76.36,8.12,-105.38,-29.63,-110.25,-inf,-85.23,-8.98
2492,5100.00,5389.75,1,3,-76.15,5.05,90.00,0,-106.08,-31.11,-97.64,-22.64,-94.92,-19.90,-76.15,5.05,-109.46,-34.49,-107.70,-32.72,-81.59,-5.55
2493,5100.00,5390.00,1,3,-75.89,6.05,90.00,0,-105.30,-30.37,-94.96,-19.99,-91.70,-16.68,-75.89,6.05,-107.86,-32.93,-105.80,-30.87,-82.81,-7.11
2494,5100.00,5390.25,1,3,-72.75,10.26,90.00,0,-103.62,-31.26,-93.39,-20.99,-90.89,-18.47,-72.75,10.26,-106.87,-34.51,-105.81,-33.45,-84.52,-11.88
2495,5100.00,5390.50,1,3,-73.91,10.86,90.00,0,-102.24,-28.67,-93.33,-19.72,-94.29,-20.69,-73.91,10.86,-108.36,-34.79,-105.04,-31.47,-86.40,-12.60
2496,5100.00,5390.75,1,3,-75.93,8.84,90.00,0,-101.79,-26.38,-90.67,-15.14,-95.37,-19.93,-75.93,8.84,-107.84,-32.43,-106.06,-30.65,-87.05,-11.34
2497,5100.00,5391.00,1,3,-75.40,7.23,90.00,0,-101.44,-26.78,-88.12,-13.27,-94.47,-19.77,-75.40,7.23,-105.03,-30.38,-106.50,-31.85,-84.78,-9.69
2498,5100.00,5391.25,1,3,-76.74,5.82,90.00,0,-101.49,-25.75,-88.21,-12.23,-91.49,-15.65,-76.74,5.82,-105.06,-29.33,-108.76,-33.03,-85.07,-8.81
2499,5100.00,5391.50,1,3,-77.98,5.88,90.00,0,-102.14,-25.15,-89.94,-12.73,-92.27,-15.16,-77.98,5.88,-105.16,-28.17,-109.15,-32.16,-86.38,-8.87
2500,5100.00,5391.75,1,3,-78.70,5.16,90.00,0,-101.64,-24.08,-88.72,-10.83,-93.70,-16.05,-78.70,5.16,-103.05,-25.50,-111.04,-inf,-86.72,-8.62
2501,5100.00,5392.00,1,3,-80.58,4.09,90.00,0,-102.23,-23.06,-87.85,-8.06,-92.52,-13.16,-80.58,4.09,-104.99,-25.83,-113.42,-inf,-89.93,-10.40
2502,5100.00,5392.25,1,3,-82.09,1.82,90.00,0,-103.71,-23.79,-88.36,-7.79,-91.41,-11.19,-82.09,1.82,-104.45,-24.53,-114.75,-inf,-87.70,-7.01
2503,5100.00,5392.50,1,3,-82.43,2.66,90.00,0,-104.73,-24.17,-91.41,-10.49,-91.97,-11.10,-82.43,2.66,-105.02,-24.45,-113.19,-inf,-88.03,-6.63
2504,5100.00,5392.75,1,3,-81.39,5.47,90.00,0,-106.23,-25.91,-91.48,-10.83,-93.43,-12.90,-81.39,5.47,-108.33,-28.01,-113.93,-inf,-91.23,-10.55
2505,5100.00,5393.00,1,3,-81.33,5.98,90.00,0,-105.36,-24.99,-91.24,-10.51,-92.56,-11.94,-81.33,5.98,-107.18,-26.82,-115.12,-inf,-93.96,-13.41
2506,5100.00,5393.25,1,3,-82.20,5.06,90.00,0,-103.84,-22.80,-91.23,-9.77,-93.51,-12.23,-82.20,5.06,-107.22,-26.19,-116.84,-inf,-92.85,-11.53
2507,5100.00,5393.50,1,3,-84.32,2.91,90.00,0,-102.46,-19.89,-91.05,-7.86,-94.23,-11.40,-84.32,2.91,-104.69,-22.14,-117.53,-inf,-92.69,-9.72
2508,5100.00,5393.75,1,3,-84.86,2.97,90.00,0,-104.68,-21.56,-92.99,-9.44,-92.21,-8.56,-84.86,2.97,-106.22,-23.11,-118.45,-inf,-94.12,-10.68
2509,5100.00,5394.00,1,3,-82.18,4.27,90.00,0,-103.99,-23.17,-92.38,-11.27,-89.07,-7.57,-82.18,4.27,-106.34,-25.53,-120.93,-inf,-95.47,-14.52
2510,5100.00,5394.25,1,3,-84.54,1.46,90.00,0,-103.11,-20.87,-92.14,-9.48,-89.38,-6.25,-84.54,1.46,-105.95,-23.73,-119.57,-inf,-92.44,-9.81
2511,5100.00,5394.50,1,3,-85.72,0.30,90.00,0,-103.37,-20.48,-92.58,-9.23,-89.09,-5.06,-85.72,0.30,-105.93,-23.05,-118.86,-inf,-92.64,-9.30
2512,5100.00,5394.75,1,3,-85.90,-0.21,90.00,0,-101.89,-19.05,-92.60,-9.34,-89.13,-5.20,-85.90,-0.21,-105.10,-22.29,-116.45,-inf,-91.37,-7.94
2513,5100.00,5395.00,1,3,-85.20,-0.81,90.00,0,-102.90,-21.10,-93.19,-11.10,-87.19,-3.96,-85.20,-0.81,-103.56,-21.77,-115.91,-inf,-89.77,-7.26
2514,5100.00,5395.25,1,3,-83.71,-1.08,90.00,0,-102.65,-22.50,-90.91,-10.41,-84.76,-2.81,-83.71,-1.08,-105.06,-24.92,-113.73,-inf,-89.48,-8.83
2515,5100.00,5395.50,1,3,-83.68,-0.39,90.00,0,-104.00,-23.51,-91.53,-10.71,-85.61,-3.55,-83.68,-0.39,-107.29,-26.80,-116.32,-inf,-89.68,-8.65
2516,5100.00,5395.75,1,3,-80.99,2.29,90.00,0,-105.01,-26.02,-90.83,-11.57,-85.29,-5.17,-80.99,2.29,-106.12,-27.14,-117.70,-inf,-91.16,-11.92
2517,5100.00,5396.00,1,3,-82.22,1.15,90.00,0,-106.63,-26.87,-92.28,-12.28,-84.47,-2.93,-82.22,1.15,-107.75,-27.99,-116.38,-inf,-95.33,-15.45
2518,5100.00,5396.25,1,3,-84.86,0.04,90.00,0,-105.27,-23.38,-93.69,-11.53,-86.21,-2.35,-84.86,0.04,-107.79,-25.91,-116.72,-inf,-95.66,-13.60
2519,5100.00,5396.50,1,3,-87.12,-1.13,90.00,0,-103.36,-19.80,-94.64,-10.78,-87.76,-2.20,-87.12,-1.13,-107.28,-23.75,-113.63,-inf,-94.81,-10.96
2520,5100.00,5396.75,1,3,-90.47,-5.25,90.00,0,-101.33,-17.16,-97.14,-12.83,-86.86,0.47,-90.47,-5.25,-106.20,-22.10,-113.74,-inf,-92.54,-7.79
2521,5100.00,5397.00,1,3,-92.27,-8.24,90.00,0,-100.81,-17.30,-95.97,-12.30,-86.24,0.39,-92.27,-8.24,-108.81,-25.37,-111.00,-inf,-89.48,-4.81
2522,5100.00,5397.25,1,3,-92.62,-9.74,90.00,0,-101.77,-19.27,-98.15,-15.59,-84.30,2.73,-92.62,-9.74,-109.12,-26.67,-111.70,-inf,-89.57,-6.19
2523,5100.00,5397.50,1,3,-94.96,-10.70,90.00,0,-101.12,-17.13,-98.03,-13.95,-86.18,1.62,-94.96,-10.70,-110.04,-inf,-113.07,-inf,-89.97,-4.84
2524,5100.00,5397.75,1,3,-94.77,-9.04,90.00,0,-102.05,-16.74,-100.05,-14.68,-88.74,-0.97,-94.77,-9.04,-109.79,-24.56,-111.08,-inf,-89.73,-2.61
2525,5100.00,5398.00,1,3,-95.70,-9.67,90.00,0,-101.34,-15.64,-100.18,-14.44,-90.52,-3.25,-95.70,-9.67,-110.03,-inf,-108.29,-22.68,-88.79,-0.38
2526,5100.00,5398.25,1,3,-94.98,-9.46,90.00,0,-105.51,-20.42,-99.83,-14.63,-89.28,-2.16,-94.98,-9.46,-109.98,-24.91,-107.16,-22.08,-88.66,-1.11
2527,5100.00,5398.50,1,3,-94.32,-9.50,90.00,0,-103.46,-19.05,-100.79,-16.33,-89.23,-3.17,-94.32,-9.50,-105.92,-21.54,-105.30,-20.91,-87.40,-0.06
2528,5100.00,5398.75,1,3,-91.91,-6.74,90.00,0,-101.94,-17.53,-99.12,-14.64,-90.18,-4.53,-91.91,-6.74,-104.11,-19.72,-105.43,-21.05,-87.63,-0.55
2529,5100.00,5399.00,1,3,-91.32,-6.32,90.00,0,-101.93,-17.77,-98.07,-13.80,-92.24,-7.43,-91.32,-6.32,-102.72,-18.57,-104.78,-20.65,-86.66,0.93
2530,5100.00,5399.25,1,3,-92.10,-6.75,90.00,0,-103.42,-18.84,-98.26,-13.55,-94.94,-10.01,-92.10,-6.75,-103.51,-18.93,-104.32,-19.76,-86.54,2.28
2531,5100.00,5399.50,1,3,-92.79,-8.62,90.00,0,-105.77,-22.14,-97.75,-13.96,-92.18,-7.92,-92.79,-8.62,-100.46,-16.76,-104.64,-20.99,-85.52,2.57
2532,5100.00,5399.75,1,3,-88.09,-2.10,90.00,0,-103.29,-19.34,-97.94,-13.86,-92.76,-8.26,-88.09,-2.10,-99.68,-15.66,-101.43,-17.45,-88.23,-2.32
2533,5100.00,5400.00,1,3,-87.40,-1.22,90.00,0,-103.57,-19.79,-98.45,-14.57,-92.43,-8.06,-87.40,-1.22,-98.30,-14.40,-105.07,-21.30,-88.62,-3.18
2534,5100.00,5400.25,1,3,-85.68,0.22,90.00,0,-104.69,-21.88,-98.97,-16.08,-93.26,-10.07,-85.68,0.22,-94.93,-11.87,-107.17,-24.37,-88.25,-4.02
2535,5100.00,5400.50,1,3,-86.02,-0.20,90.00,0,-103.29,-20.34,-97.84,-14.79,-93.08,-9.73,-86.02,-0.20,-93.14,-9.80,-106.52,-23.59,-88.83,-4.64
2536,5100.00,5400.75,1,3,-87.35,-1.47,90.00,0,-101.16,-17.54,-97.32,-13.59,-93.73,-9.74,-87.35,-1.47,-91.05,-6.65,-107.66,-24.10,-90.04,-5.39
2537,5100.00,5401.00,1,3,-84.34,0.98,90.00,0,-100.16,-18.31,-95.98,-14.02,-93.86,-11.80,-84.34,0.98,-90.15,-7.68,-106.84,-25.04,-89.61,-7.04
2538,5100.00,5401.25,1,3,-85.38,-0.36,90.00,0,-98.03,-15.73,-95.88,-13.51,-90.78,-7.95,-85.38,-0.36,-90.30,-7.39,-104.54,-22.33,-90.81,-7.98
2539,5100.00,5401.50,1,3,-84.84,-0.20,90.00,0,-98.20,-16.38,-94.36,-12.39,-88.99,-6.37,-84.84,-0.20,-91.13,-8.88,-106.30,-24.56,-91.15,-8.90
2540,5100.00,5401.75,1,3,-85.24,-0.96,90.00,0,-96.76,-14.91,-92.22,-10.09,-87.98,-5.09,-85.24,-0.96,-91.69,-9.51,-106.67,-24.94,-92.71,-10.63
2541,5100.00,5402.00,1,3,-83.55,0.56,90.00,0,-96.65,-15.73,-93.42,-12.37,-88.09,-6.38,-83.55,0.56,-90.85,-9.59,-106.05,-25.23,-91.47,-10.27
2542,5100.00,5402.25,1,3,-82.87,1.34,90.00,0,-97.71,-17.15,-93.17,-12.45,-88.66,-7.47,-82.87,1.34,-90.84,-9.94,-103.34,-22.84,-90.91,-10.02
2543,5100.00,5402.50,1,3,-84.10,0.65,90.00,0,-97.15,-15.63,-91.51,-9.67,-89.35,-7.19,-84.10,0.65,-92.92,-11.21,-104.26,-22.84,-91.92,-10.12
2544,5100.00,5402.75,1,3,-85.61,-1.42,90.00,0,-98.71,-16.79,-92.33,-10.10,-88.42,-5.51,-85.61,-1.42,-91.02,-8.63,-103.59,-21.74,-91.42,-9.09
2545,5100.00,5403.00,1,3,-84.62,0.02,90.00,0,-99.72,-18.03,-90.98,-8.82,-89.71,-7.35,-84.62,0.02,-93.16,-11.22,-103.25,-21.59,-90.84,-8.66
2546,5100.00,5403.25,1,3,-82.95,1.19,90.00,0,-101.30,-20.77,-92.00,-11.18,-88.83,-7.64,-82.95,1.19,-90.97,-10.06,-101.21,-20.68,-90.65,-9.71
2547,5100.00,5403.50,1,3,-82.75,1.14,90.00,0,-101.40,-21.10,-93.79,-13.32,-90.02,-9.27,-82.75,1.14,-89.46,-8.63,-100.35,-20.03,-88.94,-8.03
2548,5100.00,5403.75,1,3,-84.10,-1.29,90.00,0,-103.25,-22.83,-92.69,-12.03,-90.24,-9.37,-84.10,-1.29,-91.22,-10.45,-100.97,-20.53,-85.58,-3.61
2549,5100.00,5404.00,1,3,-84.33,-1.34,90.00,0,-103.48,-22.86,-90.83,-9.81,-90.13,-9.02,-84.33,-1.34,-91.15,-10.16,-102.38,-21.75,-86.46,-4.56
2550,5100.00,5404.25,1,3,-84.93,-0.55,90.00,0,-101.76,-20.09,-91.86,-9.79,-91.52,-9.42,-84.93,-0.55,-93.28,-11.34,-103.52,-21.86,-87.93,-5.13
2551,5100.00,5404.50,1,3,-82.95,1.54,90.00,0,-102.51,-21.83,-92.69,-11.76,-92.83,-11.91,-82.95,1.54,-92.98,-12.07,-102.10,-21.42,-87.53,-5.88
2552,5100.00,5404.75,1,3,-84.17,1.38,90.00,0,-102.19,-20.35,-92.87,-10.72,-91.71,-9.44,-84.17,1.38,-92.84,-10.68,-104.43,-22.61,-90.56,-8.15
2553,5100.00,5405.00,1,3,-86.10,-0.53,90.00,0,-100.79,-17.90,-93.01,-9.76,-93.27,-10.04,-86.10,-0.53,-93.54,-10.34,-105.83,-22.99,-89.39,-5.49
2554,5100.00,5405.25,1,3,-86.11,-0.84,90.00,0,-102.35,-19.64,-92.42,-9.28,-94.81,-11.88,-86.11,-0.84,-92.34,-9.19,-105.71,-23.03,-88.85,-5.00
2555,5100.00,5405.50,1,3,-86.81,-0.87,90.00,0,-100.84,-17.42,-91.44,-7.37,-95.14,-11.50,-86.81,-0.87,-93.03,-9.19,-105.07,-21.70,-90.90,-6.72
2556,5100.00,5405.75,1,3,-87.38,-0.76,90.00,0,-101.05,-16.99,-92.51,-7.88,-97.25,-13.07,-87.38,-0.76,-95.82,-11.55,-102.63,-18.60,-90.30,-5.17
2557,5100.00,5406.00,1,3,-85.35,2.05,90.00,0,-103.28,-20.00,-94.01,-10.39,-97.42,-14.01,-85.35,2.05,-95.76,-12.27,-102.14,-18.85,-91.14,-7.12
2558,5100.00,5406.25,1,3,-84.42,2.56,90.00,0,-104.76,-22.23,-93.54,-10.68,-97.37,-14.73,-84.42,2.56,-94.68,-11.91,-101.55,-18.99,-90.77,-7.57
2559,5100.00,5406.50,1,3,-87.37,-1.13,90.00,0,-102.09,-18.26,-91.66,-7.13,-96.29,-12.28,-87.37,-1.13,-95.35,-11.27,-102.39,-18.57,-90.25,-5.38
2560,5100.00,5406.75,1,3,-88.51,-3.99,90.00,0,-101.64,-18.52,-91.08,-7.28,-95.19,-11.85,-88.51,-3.99,-94.96,-11.62,-103.22,-20.12,-87.17,-1.98
2561,5100.00,5407.00,1,3,-87.98,-5.11,90.00,0,-103.61,-21.88,-93.09,-11.05,-94.20,-12.24,-87.98,-5.11,-93.70,-11.71,-102.04,-20.29,-84.37,0.72
2562,5100.00,5407.25,1,3,-88.44,-7.01,90.00,0,-103.18,-22.52,-91.21,-10.18,-94.74,-13.94,-88.44,-7.01,-91.99,-11.02,-101.43,-20.75,-82.79,1.92
2563,5100.00,5407.50,1,3,-89.69,-7.03,90.00,0,-100.85,-18.92,-90.55,-8.04,-93.63,-11.45,-89.69,-7.03,-91.53,-9.15,-101.03,-19.09,-85.04,-0.29
2564,5100.00,5407.75,1,3,-89.30,-5.91,90.00,0,-100.50,-18.03,-88.30,-4.61,-94.78,-12.11,-89.30,-5.91,-92.87,-10.06,-101.13,-18.66,-87.03,-2.79
2565,5100.00,5408.00,1,3,-91.95,-8.48,90.00,0,-100.98,-18.02,-87.61,-2.92,-95.15,-11.98,-91.95,-8.48,-92.08,-8.63,-102.06,-19.11,-87.98,-3.47
2566,5100.00,5408.25,1,3,-91.74,-8.46,90.00,0,-103.66,-20.93,-88.59,-4.60,-93.60,-10.53,-91.74,-8.46,-90.91,-7.50,-100.30,-17.53,-87.36,-2.85
2567,5100.00,5408.50,1,3,-93.31,-10.33,90.00,0,-102.52,-19.88,-86.15,-1.03,-93.60,-10.65,-93.31,-10.33,-93.59,-10.64,-99.19,-16.50,-88.35,-4.42
2568,5100.00,5408.75,1,3,-92.61,-9.97,90.00,0,-102.85,-20.58,-86.09,-1.56,-90.91,-8.06,-92.61,-9.97,-95.28,-12.84,-96.90,-14.53,-88.19,-4.69
2569,5100.00,5409.00,1,3,-92.30,-9.27,90.00,0,-103.96,-21.38,-86.81,-2.22,-92.00,-8.93,-92.30,-9.27,-95.49,-12.72,-100.68,-18.06,-87.57,-3.38
2570,5100.00,5409.25,1,3,-93.13,-9.82,90.00,0,-104.80,-21.90,-86.11,-0.43,-92.01,-8.57,-93.13,-9.82,-96.65,-13.59,-100.77,-17.82,-89.37,-5.39
2571,5100.00,5409.50,1,3,-91.44,-7.18,90.00,0,-105.45,-21.92,-89.20,-4.33,-90.01,-5.41,-91.44,-7.18,-96.75,-13.04,-97.91,-14.25,-89.81,-5.15
2572,5100.00,5409.75,1,3,-91.68,-7.03,90.00,0,-103.82,-19.92,-91.08,-6.31,-90.03,-4.97,-91.68,-7.03,-94.27,-10.00,-97.94,-13.91,-90.07,-5.03
2573,5100.00,5410.00,1,3,-91.64,-6.68,90.00,0,-103.88,-19.72,-92.33,-7.51,-90.89,-5.75,-91.64,-6.68,-93.36,-8.69,-100.42,-16.20,-89.59,-4.03
2574,5100.00,5410.25,1,3,-90.09,-5.67,90.00,0,-103.86,-20.44,-93.32,-9.47,-91.17,-6.99,-90.09,-5.67,-94.61,-10.89,-101.34,-17.89,-87.41,-1.83
2575,5100.00,5410.50,1,3,-90.60,-5.46,90.00,0,-102.88,-18.78,-93.48,-8.91,-92.24,-7.48,-90.60,-5.46,-97.03,-12.76,-102.12,-18.01,-87.94,-1.60
2576,5100.00,5410.75,1,3,-89.75,-4.59,90.00,0,-102.20,-18.27,-90.38,-5.41,-93.57,-9.21,-89.75,-4.59,-95.30,-11.11,-102.58,-18.65,-89.28,-3.94
2577,5100.00,5411.00,1,3,-87.22,-2.18,90.00,0,-100.68,-17.62,-89.94,-5.98,-92.80,-9.33,-87.22,-2.18,-95.66,-12.44,-100.33,-17.26,-89.81,-5.81
2578,5100.00,5411.25,1,3,-87.04,-1.75,90.00,0,-102.81,-19.70,-89.79,-5.69,-93.12,-9.60,-87.04,-1.75,-94.54,-11.15,-99.86,-16.70,-90.89,-7.04
2579,5100.00,5411.50,1,3,-89.12,-5.36,90.00,0,-104.44,-21.76,-89.02,-5.24,-91.77,-8.55,-89.12,-5.36,-92.31,-9.17,-97.68,-14.90,-88.54,-4.60
2580,5100.00,5411.75,1,3,-86.57,-1.80,90.00,0,-105.18,-22.59,-91.13,-7.92,-93.53,-10.60,-86.57,-1.80,-93.75,-10.84,-98.19,-15.51,-88.47,-4.63
2581,5100.00,5412.00,1,3,-86.85,-2.41,90.00,0,-105.00,-22.51,-91.77,-8.77,-94.53,-11.79,-86.85,-2.41,-94.91,-12.19,-98.58,-16.01,-87.01,-2.66
2582,5100.00,5412.25,1,3,-82.23,1.07,90.00,0,-105.86,-26.13,-89.89,-9.73,-92.62,-12.68,-82.23,1.07,-92.84,-12.91,-98.67,-18.89,-86.34,-5.55
2583,5100.00,5412.50,1,3,-82.52,0.82,90.00,0,-103.56,-23.64,-91.89,-11.70,-92.09,-11.91,-82.52,0.82,-90.12,-9.78,-98.44,-18.48,-86.77,-5.86
2584,5100.00,5412.75,1,3,-81.00,3.13,90.00,0,-101.69,-22.39,-92.29,-12.80,-94.76,-15.36,-81.00,3.13,-89.27,-9.54,-98.44,-19.11,-88.38,-8.54
2585,5100.00,5413.00,1,3,-80.30,3.95,90.00,0,-101.85,-23.00,-91.83,-12.78,-96.75,-17.85,-80.30,3.95,-91.21,-12.12,-98.64,-19.76,-87.37,-7.89
2586,5100.00,5413.25,1,3,-77.41,6.82,90.00,0,-101.33,-24.73,-91.49,-14.75,-96.63,-19.99,-77.41,6.82,-91.34,-14.59,-97.75,-21.12,-87.53,-10.57
2587,5100.00,5413.50,1,3,-74.80,8.84,90.00,0,-103.19,-28.93,-90.11,-15.73,-96.78,-22.50,-74.80,8.84,-90.23,-15.85,-98.76,-24.48,-87.17,-12.68
2588,5100.00,5413.75,1,3,-73.79,10.99,90.00,0,-103.68,-30.23,-90.26,-16.72,-97.65,-24.18,-73.79,10.99,-93.41,-19.91,-98.91,-25.45,-88.28,-14.68
2589,5100.00,5414.00,1,3,-75.11,9.55,90.00,0,-103.89,-29.23,-91.36,-16.61,-97.91,-23.23,-75.11,9.55,-92.62,-17.90,-99.30,-24.63,-87.64,-12.76
2590,5100.00,5414.25,1,3,-77.09,6.41,90.00,0,-104.30,-28.10,-93.51,-17.23,-98.30,-22.08,-77.09,6.41,-91.28,-14.95,-98.49,-22.26,-85.46,-8.71
2591,5100.00,5414.50,1,3,-79.01,2.37,90.00,0,-105.32,-28.28,-94.92,-17.83,-100.51,-23.47,-79.01,2.37,-88.18,-10.80,-96.86,-19.79,-83.01,-4.72
2592,5100.00,5414.75,1,3,-78.87,4.75,90.00,0,-103.73,-26.11,-94.62,-16.92,-99.03,-21.39,-78.87,4.75,-89.30,-11.38,-96.96,-19.30,-86.27,-8.02
2593,5100.00,5415.00,1,3,-77.86,5.57,90.00,0,-103.98,-27.18,-93.21,-16.31,-99.20,-22.38,-77.86,5.57,-90.82,-13.85,-97.04,-20.20,-85.57,-8.15
2594,5100.00,5415.25,1,3,-76.57,7.78,90.00,0,-107.14,-31.23,-93.80,-17.82,-100.52,-24.60,-76.57,7.78,-90.30,-14.24,-97.91,-21.98,-87.09,-10.85
2595,5100.00,5415.50,1,3,-77.84,7.01,90.00,0,-107.18,-30.12,-93.07,-15.90,-99.16,-22.08,-77.84,7.01,-89.05,-11.71,-98.89,-21.81,-89.36,-12.04
2596,5100.00,5415.75,1,3,-77.02,8.59,90.00,0,-106.90,-30.44,-91.71,-15.13,-97.46,-20.97,-77.02,8.59,-89.49,-12.81,-99.59,-23.11,-92.69,-16.13
2597,5100.00,5416.00,1,3,-73.90,11.41,90.00,0,-107.42,-33.82,-93.19,-19.54,-94.38,-20.74,-73.90,11.41,-88.06,-14.30,-101.15,-27.54,-94.73,-21.09
2598,5100.00,5416.25,1,3,-74.35,10.83,90.00,0,-109.39,-35.38,-95.53,-21.50,-95.79,-21.76,-74.35,10.83,-86.68,-12.44,-102.11,-28.10,-97.60,-23.57
2599,5100.00,5416.50,1,3,-75.40,10.63,90.00,0,-109.09,-34.06,-94.84,-19.75,-99.90,-24.85,-75.40,10.63,-87.57,-12.29,-101.53,-26.49,-98.65,-23.59
2600,5100.00,5416.75,1,3,-75.81,10.92,90.00,0,-107.42,-31.94,-94.63,-19.10,-100.15,-24.66,-75.81,10.92,-88.66,-12.97,-100.91,-25.42,-99.29,-23.80
2601,5100.00,5417.00,1,3,-74.17,10.76,90.00,0,-104.38,-30.56,-95.82,-21.97,-99.62,-25.78,-74.17,10.76,-85.88,-11.78,-103.43,-29.60,-101.07,-27.24
2602,5100.00,5417.25,1,3,-74.46,10.14,90.00,0,-105.66,-31.60,-97.07,-22.99,-100.62,-26.56,-74.46,10.14,-85.33,-10.94,-101.76,-27.70,-102.07,-28.01
2603,5100.00,5417.50,1,3,-77.37,8.99,90.00,0,-104.69,-27.82,-96.81,-19.91,-98.68,-21.79,-77.37,8.99,-87.81,-10.59,-102.09,-25.22,-99.26,-22.38
2604,5100.00,5417.75,1,3,-77.93,8.62,90.00,0,-105.30,-27.92,-96.66,-19.24,-96.97,-19.55,-77.93,8.62,-88.30,-10.56,-103.18,-25.80,-98.59,-21.18
2605,5100.00,5418.00,1,3,-76.40,10.33,90.00,0,-103.84,-27.82,-96.52,-20.47,-98.05,-22.02,-76.40,10.33,-89.20,-12.97,-104.12,-28.10,-94.40,-18.33
2606,5100.00,5418.25,1,3,-78.11,8.55,90.00,0,-100.80,-23.24,-94.99,-17.37,-95.17,-17.55,-78.11,8.55,-89.58,-11.76,-107.05,-29.50,-96.37,-18.77
2607,5100.00,5418.50,1,3,-79.19,6.06,90.00,0,-98.86,-20.60,-95.20,-16.89,-93.86,-15.51,-79.19,6.06,-87.37,-8.58,-105.54,-27.30,-97.40,-19.12
2608,5100.00,5418.75,1,3,-81.12,5.67,90.00,0,-99.87,-19.75,-94.69,-14.45,-93.62,-13.34,-81.12,5.67,-90.55,-10.06,-108.01,-27.92,-96.57,-16.39
2609,5100.00,5419.00,1,3,-80.96,5.73,90.00,0,-98.87,-18.89,-91.82,-11.60,-96.11,-16.08,-80.96,5.73,-91.29,-11.03,-107.58,-27.65,-95.96,-15.92
2610,5100.00,5419.25,1,3,-80.63,6.00,90.00,0,-99.49,-19.79,-93.87,-14.05,-97.19,-17.46,-80.63,6.00,-89.73,-9.62,-107.87,-28.21,-95.51,-15.75
2611,5100.00,5419.50,1,3,-80.18,6.80,90.00,0,-99.04,-19.64,-95.16,-15.69,-98.05,-18.64,-80.18,6.80,-90.41,-10.71,-109.95,-30.60,-93.97,-14.47
2612,5100.00,5419.75,1,3,-80.22,6.82,90.00,0,-99.63,-20.19,-95.07,-15.55,-99.65,-20.21,-80.22,6.82,-90.61,-10.87,-107.35,-27.94,-93.37,-13.80
2613,5100.00,5420.00,1,3,-80.59,6.69,90.00,0,-99.25,-19.46,-97.99,-18.18,-99.37,-19.58,-80.59,6.69,-90.39,-10.25,-106.40,-26.64,-93.57,-13.64
2614,5100.00,5420.25,1,3,-79.24,7.64,90.00,0,-98.91,-20.32,-97.18,-18.57,-98.95,-20.36,-79.24,7.64,-89.33,-10.40,-107.93,-29.38,-94.92,-16.28
2615,5100.00,5420.50,1,3,-80.19,6.16,90.00,0,-98.38,-19.09,-96.50,-17.17,-98.30,-19.00,-80.19,6.16,-89.18,-9.46,-107.37,-28.11,-93.23,-13.81
2616,5100.00,5420.75,1,3,-79.88,6.21,90.00,0,-99.35,-20.36,-97.49,-18.48,-97.55,-18.54,-79.88,6.21,-88.62,-9.17,-106.88,-27.93,-93.05,-13.93
2617,5100.00,5421.00,1,3,-80.59,4.13,90.00,0,-102.84,-23.65,-93.77,-14.45,-95.17,-15.89,-80.59,4.13,-86.86,-6.88,-107.80,-28.63,-93.73,-14.41
2618,5100.00,5421.25,1,3,-80.76,5.19,90.00,0,-104.22,-24.60,-96.39,-16.69,-96.04,-16.33,-80.76,5.19,-88.50,-8.29,-106.71,-27.09,-93.07,-13.26
2619,5100.00,5421.50,1,3,-79.79,6.54,90.00,0,-104.81,-25.88,-95.72,-16.71,-96.70,-17.71,-79.79,6.54,-88.48,-9.05,-107.16,-28.24,-95.60,-16.59
2620,5100.00,5421.75,1,3,-77.31,9.58,90.00,0,-103.03,-26.16,-94.34,-17.41,-97.84,-20.95,-77.31,9.58,-89.70,-12.61,-105.58,-28.72,-95.81,-18.90
2621,5100.00,5422.00,1,3,-76.11,10.25,90.00,0,-102.50,-26.77,-93.87,-18.08,-96.48,-20.72,-76.11,10.25,-89.05,-13.12,-107.26,-31.53,-95.92,-20.16
2622,5100.00,5422.25,1,3,-78.67,8.17,90.00,0,-102.52,-24.45,-94.55,-16.40,-97.13,-19.02,-78.67,8.17,-90.01,-11.67,-104.90,-26.84,-94.71,-16.56
2623,5100.00,5422.50,1,3,-78.14,8.47,90.00,0,-103.07,-25.49,-93.77,-16.10,-94.00,-16.34,-78.14,8.47,-90.77,-12.99,-105.61,-28.04,-94.58,-16.93
2624,5100.00,5422.75,1,3,-77.51,9.46,90.00,0,-103.16,-26.11,-93.66,-16.53,-95.45,-18.35,-77.51,9.46,-91.58,-14.39,-104.84,-27.80,-93.77,-16.64
2625,5100.00,5423.00,1,3,-77.47,10.19,90.00,0,-101.48,-24.39,-93.52,-16.35,-97.33,-20.22,-77.47,10.19,-92.54,-15.34,-103.71,-26.63,-95.05,-17.91
2626,5100.00,5423.25,1,3,-77.68,8.61,90.00,0,-101.73,-24.59,-91.31,-14.02,-96.74,-19.57,-77.68,8.61,-91.08,-13.78,-104.01,-26.88,-93.86,-16.65
2627,5100.00,5423.50,1,3,-76.27,10.73,90.00,0,-101.89,-25.97,-91.74,-15.71,-97.15,-21.20,-76.27,10.73,-92.13,-16.11,-104.39,-28.46,-94.94,-18.97
2628,5100.00,5423.75,1,3,-76.63,11.51,90.00,0,-102.47,-26.13,-93.51,-17.09,-97.73,-21.36,-76.63,11.51,-93.26,-16.84,-102.94,-26.60,-96.19,-19.81
2629,5100.00,5424.00,1,3,-75.45,11.75,90.00,0,-103.86,-28.68,-95.07,-19.86,-95.37,-20.16,-75.45,11.75,-90.54,-15.25,-102.76,-27.59,-96.39,-21.19
2630,5100.00,5424.25,1,3,-74.63,12.25,90.00,0,-104.04,-29.65,-93.27,-18.83,-95.12,-20.70,-74.63,12.25,-90.37,-15.88,-101.56,-27.17,-98.44,-24.04
2631,5100.00,5424.50,1,3,-71.29,15.11,90.00,0,-103.27,-32.11,-91.88,-20.68,-95.89,-24.71,-71.29,15.11,-90.60,-19.39,-100.63,-29.47,-95.56,-24.39
2632,5100.00,5424.75,1,3,-72.31,13.83,90.00,0,-102.33,-30.19,-92.57,-20.40,-94.38,-22.22,-72.31,13.83,-89.98,-17.78,-102.04,-29.90,-95.36,-23.20
2633,5100.00,5425.00,1,3,-71.48,12.14,90.00,0,-101.11,-29.88,-89.91,-18.63,-93.31,-22.06,-71.48,12.14,-86.26,-14.90,-99.96,-28.74,-96.64,-25.40
2634,5100.00,5425.25,1,3,-68.60,13.50,90.00,0,-101.47,-33.06,-88.48,-20.03,-92.76,-24.33,-68.60,13.50,-84.29,-15.77,-98.75,-30.33,-97.36,-28.94
2635,5100.00,5425.50,1,3,-68.07,15.01,90.00,0,-100.12,-32.18,-88.32,-20.35,-93.84,-25.90,-68.07,15.01,-85.97,-17.97,-98.65,-30.72,-97.52,-29.58
2636,5100.00,5425.75,1,3,-64.59,17.74,90.00,0,-100.07,-35.56,-86.35,-21.80,-94.31,-29.80,-64.59,17.74,-85.87,-21.32,-98.03,-33.52,-96.71,-32.20
2637,5100.00,5426.00,1,3,-65.11,15.01,90.00,0,-99.70,-34.73,-85.61,-20.60,-94.64,-29.67,-65.11,15.01,-82.13,-17.08,-98.46,-33.49,-97.51,-32.54
2638,5100.00,5426.25,1,3,-65.27,13.32,90.00,0,-102.03,-36.96,-84.51,-19.40,-92.10,-27.02,-65.27,13.32,-80.36,-15.17,-97.22,-32.14,-98.66,-33.59
2639,5100.00,5426.50,1,3,-66.98,12.08,90.00,0,-98.98,-32.26,-86.86,-20.10,-92.06,-25.33,-66.98,12.08,-80.36,-13.45,-99.01,-32.29,-97.64,-30.92
2640,5100.00,5426.75,1,3,-67.54,11.86,90.00,0,-99.44,-32.17,-88.10,-20.79,-90.35,-23.06,-67.54,11.86,-80.68,-13.21,-101.05,-33.78,-97.68,-30.41
2641,5100.00,5427.00,1,3,-66.33,13.46,90.00,0,-100.59,-34.46,-87.52,-21.36,-90.23,-24.08,-66.33,13.46,-81.37,-15.11,-100.59,-34.45,-96.37,-30.23
2642,5100.00,5427.25,1,3,-68.09,11.08,90.00,0,-98.57,-30.81,-87.78,-19.97,-87.03,-19.22,-68.09,11.08,-80.99,-13.02,-99.64,-31.88,-98.21,-30.45
2643,5100.00,5427.50,1,3,-68.62,10.08,90.00,0,-96.91,-28.70,-89.53,-21.28,-88.66,-20.41,-68.62,10.08,-79.78,-11.25,-102.15,-33.94,-99.35,-31.14
2644,5100.00,5427.75,1,3,-68.18,11.96,90.00,0,-97.50,-29.59,-91.79,-23.86,-88.40,-20.45,-68.18,11.96,-81.46,-13.36,-103.16,-35.25,-99.22,-31.30
2645,5100.00,5428.00,1,3,-66.67,11.86,90.00,0,-100.09,-33.69,-90.69,-24.27,-88.22,-21.79,-66.67,11.86,-79.44,-12.83,-103.14,-36.74,-102.05,-35.65
2646,5100.00,5428.25,1,3,-67.60,9.72,90.00,0,-98.91,-31.75,-89.37,-22.18,-87.11,-19.90,-67.60,9.72,-78.21,-10.70,-102.10,-34.94,-103.15,-35.98
2647,5100.00,5428.50,1,3,-67.31,11.36,90.00,0,-98.99,-31.98,-89.75,-22.72,-88.80,-21.76,-67.31,11.36,-79.66,-12.41,-100.15,-33.14,-103.45,-36.44
2648,5100.00,5428.75,1,3,-67.89,10.71,90.00,0,-96.85,-29.30,-87.52,-19.94,-90.20,-22.64,-67.89,10.71,-79.75,-11.94,-98.97,-31.43,-103.23,-35.69
2649,5100.00,5429.00,1,3,-70.48,7.19,90.00,0,-98.16,-28.44,-89.02,-19.25,-87.75,-17.96,-70.48,7.19,-78.62,-8.30,-99.34,-29.61,-102.70,-32.98
2650,5100.00,5429.25,1,3,-72.17,5.98,90.00,0,-94.67,-23.46,-89.36,-18.10,-89.12,-17.86,-72.17,5.98,-79.10,-7.14,-99.88,-28.68,-101.25,-30.06
2651,5100.00,5429.50,1,3,-71.63,5.47,90.00,0,-94.94,-24.38,-89.04,-18.44,-88.31,-17.69,-71.63,5.47,-77.91,-6.48,-98.61,-28.06,-104.40,-33.85
2652,5100.00,5429.75,1,3,-74.04,3.14,90.00,0,-93.10,-20.74,-88.33,-15.89,-88.14,-15.70,-74.04,3.14,-78.14,-4.50,-98.08,-25.74,-106.13,-33.80
2653,5100.00,5430.00,1,3,-71.56,4.63,90.00,0,-94.98,-24.69,-86.18,-15.79,-89.00,-18.67,-71.56,4.63,-77.04,-5.74,-97.88,-27.60,-105.07,-34.80
2654,5100.00,5430.25,1,3,-72.95,6.08,90.00,0,-96.68,-24.67,-88.41,-16.31,-90.53,-18.47,-72.95,6.08,-80.16,-7.44,-97.82,-25.81,-104.30,-32.30
2655,5100.00,5430.50,1,3,-71.99,7.64,90.00,0,-98.04,-26.73,-90.81,-19.46,-88.34,-16.95,-71.99,7.64,-80.90,-9.09,-98.18,-26.87,-105.19,-33.88
2656,5100.00,5430.75,1,3,-72.90,6.57,90.00,0,-95.48,-23.43,-92.72,-20.65,-89.28,-17.16,-72.90,6.57,-80.54,-7.84,-94.73,-22.67,-104.25,-32.21
2657,5100.00,5431.00,1,3,-73.03,6.05,90.00,0,-95.97,-23.88,-89.09,-16.94,-87.45,-15.26,-73.03,6.05,-80.60,-7.88,-96.15,-24.06,-104.85,-32.78
2658,5100.00,5431.25,1,3,-72.37,8.14,90.00,0,-93.21,-21.42,-89.97,-18.15,-87.09,-15.20,-72.37,8.14,-82.96,-10.86,-95.73,-23.96,-106.26,-34.50
2659,5100.00,5431.50,1,3,-73.14,8.16,90.00,0,-95.52,-22.98,-91.01,-18.43,-87.79,-15.14,-73.14,8.16,-83.72,-10.86,-95.45,-22.91,-103.64,-31.12
2660,5100.00,5431.75,1,3,-75.05,7.11,90.00,0,-94.39,-20.07,-92.84,-18.50,-88.47,-14.02,-75.05,7.11,-84.89,-10.21,-94.89,-20.57,-100.13,-25.84
2661,5100.00,5432.00,1,3,-72.93,8.83,90.00,0,-93.94,-21.52,-93.08,-20.65,-87.20,-14.66,-72.93,8.83,-84.61,-11.95,-95.73,-23.32,-103.27,-30.88
2662,5100.00,5432.25,1,3,-76.63,6.08,90.00,0,-92.72,-16.96,-96.09,-20.38,-87.82,-11.87,-76.63,6.08,-86.05,-9.96,-95.66,-19.95,-101.48,-25.80
2663,5100.00,5432.50,1,3,-76.14,5.89,90.00,0,-93.46,-18.26,-97.01,-21.83,-88.95,-13.62,-76.14,5.89,-84.15,-8.42,-94.69,-19.50,-102.60,-27.45
2664,5100.00,5432.75,1,3,-76.24,6.01,90.00,0,-96.01,-20.71,-95.64,-20.33,-93.01,-17.67,-76.24,6.01,-83.51,-7.53,-95.05,-19.73,-102.05,-26.77
2665,5100.00,5433.00,1,3,-76.28,6.42,90.00,0,-97.59,-22.17,-94.26,-18.82,-93.25,-17.80,-76.28,6.42,-84.06,-8.05,-95.86,-20.43,-101.33,-25.93
2666,5100.00,5433.25,1,3,-75.28,6.95,90.00,0,-97.41,-22.91,-92.36,-17.81,-90.81,-16.22,-75.28,6.95,-84.13,-9.15,-94.57,-20.04,-101.10,-26.61
2667,5100.00,5433.50,1,3,-75.52,7.98,90.00,0,-96.82,-21.91,-91.89,-16.93,-93.86,-18.92,-75.52,7.98,-85.83,-10.59,-93.54,-18.60,-103.35,-28.47
2668,5100.00,5433.75,1,3,-73.37,10.43,90.00,0,-98.32,-25.31,-89.60,-16.51,-93.56,-20.52,-73.37,10.43,-87.03,-13.86,-94.38,-21.35,-103.87,-30.87
2669,5100.00,5434.00,1,3,-70.51,12.51,90.00,0,-99.43,-29.15,-87.51,-17.16,-92.20,-21.90,-70.51,12.51,-86.89,-16.52,-94.90,-24.61,-104.96,-34.69
2670,5100.00,5434.25,1,3,-68.40,14.32,90.00,0,-97.23,-28.98,-88.24,-19.96,-89.18,-20.91,-68.40,14.32,-86.64,-18.34,-97.89,-29.64,-106.52,-38.28
2671,5100.00,5434.50,1,3,-67.63,16.24,90.00,0,-97.02,-29.49,-89.19,-21.63,-89.75,-22.19,-67.63,16.24,-88.50,-20.94,-100.08,-32.55,-105.16,-37.64
2672,5100.00,5434.75,1,3,-65.28,17.89,90.00,0,-95.81,-30.60,-87.66,-22.43,-89.54,-24.31,-65.28,17.89,-88.17,-22.93,-101.46,-36.25,-105.30,-40.08
2673,5100.00,5435.00,1,3,-66.31,17.70,90.00,0,-94.57,-28.33,-88.68,-22.42,-90.57,-24.31,-66.31,17.70,-89.29,-23.02,-102.26,-36.02,-103.01,-36.76
2674,5100.00,5435.25,1,3,-64.94,18.62,90.00,0,-96.35,-31.47,-90.42,-25.53,-88.52,-23.62,-64.94,18.62,-87.75,-22.85,-102.56,-37.67,-105.28,-40.40
2675,5100.00,5435.50,1,3,-65.63,17.20,90.00,0,-96.48,-30.93,-88.33,-22.76,-88.51,-22.94,-65.63,17.20,-87.10,-21.52,-103.09,-37.54,-109.55,-44.00
2676,5100.00,5435.75,1,3,-63.64,18.10,90.00,0,-97.04,-33.46,-84.37,-20.76,-87.74,-24.15,-63.64,18.10,-89.99,-26.41,-103.72,-40.15,-107.34,-43.77
2677,5100.00,5436.00,1,3,-64.94,15.81,90.00,0,-96.15,-31.32,-84.38,-19.50,-85.70,-20.83,-64.94,15.81,-87.82,-22.97,-102.52,-37.69,-106.92,-42.09
2678,5100.00,5436.25,1,3,-64.15,17.32,90.00,0,-95.92,-31.84,-84.57,-20.46,-87.12,-23.02,-64.15,17.32,-89.05,-24.96,-102.27,-38.19,-104.62,-40.55
2679,5100.00,5436.50,1,3,-62.00,19.32,90.00,0,-94.46,-32.51,-85.06,-23.09,-86.11,-24.14,-62.00,19.32,-89.12,-27.16,-100.65,-38.70,-104.22,-42.27
2680,5100.00,5436.75,1,3,-61.73,18.98,90.00,0,-95.87,-34.19,-82.96,-21.25,-88.53,-26.85,-61.73,18.98,-88.14,-26.45,-100.85,-39.17,-102.56,-40.88
2681,5100.00,5437.00,1,3,-61.92,19.69,90.00,0,-94.04,-32.16,-84.58,-22.68,-88.16,-26.28,-61.92,19.69,-88.92,-27.03,-101.59,-39.72,-104.37,-42.49
2682,5100.00,5437.25,1,3,-61.06,21.47,90.00,0,-93.40,-32.36,-86.03,-24.99,-88.79,-27.75,-61.06,21.47,-89.58,-28.54,-101.04,-40.01,-106.09,-45.06
2683,5100.00,5437.50,1,3,-62.11,19.91,90.00,0,-91.45,-29.37,-84.63,-22.54,-89.63,-27.56,-62.11,19.91,-90.62,-28.55,-104.39,-42.32,-105.05,-42.99
2684,5100.00,5437.75,1,3,-61.65,21.91,90.00,0,-92.63,-31.00,-88.17,-26.54,-88.99,-27.36,-61.65,21.91,-90.31,-28.68,-106.57,-44.95,-106.51,-44.89
2685,5100.00,5438.00,1,3,-60.96,21.81,90.00,0,-94.41,-33.48,-87.38,-26.44,-87.22,-26.28,-60.96,21.81,-89.78,-28.84,-104.72,-43.79,-108.92,-47.99
2686,5100.00,5438.25,1,3,-60.97,21.59,90.00,0,-97.10,-36.16,-86.82,-25.87,-87.96,-27.01,-60.97,21.59,-88.14,-27.20,-105.30,-44.36,-108.15,-47.21
2687,5100.00,5438.50,1,3,-60.98,21.68,90.00,0,-97.25,-36.30,-88.67,-27.72,-87.09,-26.13,-60.98,21.68,-87.55,-26.59,-104.29,-43.35,-106.35,-45.40
2688,5100.00,5438.75,1,3,-60.99,21.84,90.00,0,-99.77,-38.81,-90.21,-29.25,-89.74,-28.78,-60.99,21.84,-85.30,-24.33,-105.77,-44.81,-106.24,-45.28
2689,5100.00,5439.00,1,3,-63.74,18.63,90.00,0,-101.72,-38.03,-90.04,-26.34,-90.52,-26.83,-63.74,18.63,-84.35,-20.63,-103.51,-39.83,-105.57,-41.88
2690,5100.00,5439.25,1,3,-63.68,19.59,90.00,0,-99.62,-35.98,-92.48,-28.84,-89.79,-26.14,-63.68,19.59,-85.54,-21.88,-104.01,-40.38,-102.44,-38.81
2691,5100.00,5439.50,1,3,-62.40,20.28,90.00,0,-97.15,-34.79,-93.62,-31.26,-89.26,-26.90,-62.40,20.28,-84.68,-22.30,-105.09,-42.73,-102.51,-40.15
2692,5100.00,5439.75,1,3,-64.15,18.19,90.00,0,-96.08,-31.99,-93.56,-29.47,-89.07,-24.97,-64.15,18.19,-84.34,-20.21,-102.49,-38.41,-101.18,-37.10
2693,5100.00,5440.00,1,3,-64.27,16.34,90.00,0,-98.53,-34.36,-92.69,-28.52,-88.29,-24.11,-64.27,16.34,-82.03,-17.79,-100.90,-36.73,-100.09,-35.92
2694,5100.00,5440.25,1,3,-65.66,16.90,90.00,0,-97.99,-32.41,-93.83,-28.25,-88.98,-23.39,-65.66,16.90,-84.70,-19.07,-99.78,-34.21,-99.72,-34.15
2695,5100.00,5440.50,1,3,-69.05,13.18,90.00,0,-99.48,-30.64,-95.20,-26.34,-88.88,-20.00,-69.05,13.18,-84.00,-15.03,-99.99,-31.14,-100.15,-31.30
2696,5100.00,5440.75,1,3,-70.26,13.27,90.00,0,-97.92,-27.85,-94.30,-24.22,-91.22,-21.13,-70.26,13.27,-85.59,-15.41,-97.82,-27.75,-99.23,-29.16
2697,5100.00,5441.00,1,3,-70.64,12.25,90.00,0,-95.96,-25.56,-94.78,-24.37,-92.18,-21.76,-70.64,12.25,-84.61,-14.05,-98.13,-27.73,-96.38,-25.98
2698,5100.00,5441.25,1,3,-72.41,10.54,90.00,0,-97.42,-25.37,-93.30,-21.23,-93.35,-21.28,-72.41,10.54,-84.68,-12.40,-99.64,-27.59,-94.51,-22.44
2699,5100.00,5441.50,1,3,-73.32,9.65,90.00,0,-98.03,-25.14,-93.79,-20.89,-93.66,-20.75,-73.32,9.65,-84.52,-11.34,-96.80,-23.91,-96.84,-23.95
2700,5100.00,5441.75,1,3,-75.21,7.99,90.00,0,-95.10,-20.49,-92.73,-18.09,-93.83,-19.21,-75.21,7.99,-85.10,-10.12,-96.82,-22.22,-99.14,-24.55
2701,5100.00,5442.00,1,3,-76.78,6.19,90.00,0,-96.14,-20.25,-93.58,-17.66,-92.91,-16.97,-76.78,6.19,-84.58,-8.11,-97.62,-21.74,-100.25,-24.39
2702,5100.00,5442.25,1,3,-77.41,5.22,90.00,0,-94.86,-18.53,-92.81,-16.44,-88.99,-12.48,-77.41,5.22,-85.39,-8.55,-96.19,-19.87,-99.42,-23.13
2703,5100.00,5442.50,1,3,-76.72,6.23,90.00,0,-94.45,-18.60,-91.30,-15.39,-89.55,-13.57,-76.72,6.23,-86.24,-10.04,-95.74,-19.90,-99.03,-23.22
2704,5100.00,5442.75,1,3,-80.67,3.04,90.00,0,-94.58,-15.54,-91.01,-11.82,-89.81,-10.53,-80.67,3.04,-87.83,-8.31,-97.69,-18.72,-98.16,-19.19
2705,5100.00,5443.00,1,3,-79.24,4.46,90.00,0,-94.03,-16.01,-91.64,-13.54,-89.47,-11.25,-79.24,4.46,-87.84,-9.47,-96.88,-18.91,-99.79,-21.85
2706,5100.00,5443.25,1,3,-79.12,5.05,90.00,0,-94.11,-16.07,-90.37,-12.17,-89.46,-11.20,-79.12,5.05,-89.53,-11.27,-101.03,-23.07,-100.48,-22.51
2707,5100.00,5443.50,1,3,-78.60,6.57,90.00,0,-94.61,-16.78,-88.92,-10.83,-93.19,-15.32,-78.60,6.57,-91.82,-13.91,-100.28,-22.52,-101.13,-23.38
2708,5100.00,5443.75,1,3,-82.03,4.83,90.00,0,-95.88,-14.94,-91.02,-9.79,-96.68,-15.77,-82.03,4.83,-92.60,-11.50,-100.88,-20.04,-101.89,-21.06
2709,5100.00,5444.00,1,3,-82.17,4.03,90.00,0,-94.61,-13.71,-89.77,-8.48,-98.08,-17.28,-82.17,4.03,-92.00,-10.95,-101.43,-20.67,-103.43,-22.69
2710,5100.00,5444.25,1,3,-81.62,3.39,90.00,0,-95.02,-14.90,-88.38,-7.71,-96.85,-16.78,-81.62,3.39,-90.17,-9.75,-100.71,-20.69,-104.74,-24.74
2711,5100.00,5444.50,1,3,-82.65,1.30,90.00,0,-95.80,-15.43,-87.80,-6.72,-97.87,-17.55,-82.65,1.30,-87.65,-6.53,-100.57,-20.29,-105.26,-25.01
2712,5100.00,5444.75,1,3,-82.44,0.66,90.00,0,-95.19,-15.31,-86.88,-6.20,-94.04,-14.13,-82.44,0.66,-87.14,-6.52,-100.80,-21.02,-104.60,-24.84
2713,5100.00,5445.00,1,3,-82.57,0.98,90.00,0,-96.52,-16.41,-88.07,-7.31,-95.04,-14.88,-82.57,0.98,-86.86,-5.83,-100.09,-20.03,-101.90,-21.85
2714,5100.00,5445.25,1,3,-84.10,-0.41,90.00,0,-94.32,-13.24,-90.31,-8.91,-94.85,-13.80,-84.10,-0.41,-86.40,-4.09,-97.02,-16.03,-102.19,-21.28
2715,5100.00,5445.50,1,3,-84.98,-1.08,90.00,0,-96.54,-15.00,-88.53,-6.20,-97.85,-16.35,-84.98,-1.08,-87.18,-4.44,-97.32,-15.81,-100.91,-19.47
2716,5100.00,5445.75,1,3,-86.67,-3.13,90.00,0,-96.46,-14.49,-87.16,-3.83,-99.99,-18.11,-86.67,-3.13,-87.53,-4.36,-97.30,-15.35,-99.14,-17.24
2717,5100.00,5446.00,1,3,-87.53,-3.64,90.00,0,-96.90,-14.42,-86.90,-2.72,-98.47,-16.04,-87.53,-3.64,-88.74,-5.29,-97.70,-15.25,-100.25,-17.86
2718,5100.00,5446.25,1,3,-88.04,-6.55,90.00,0,-98.16,-17.47,-84.30,-1.25,-96.98,-16.26,-88.04,-6.55,-85.50,-3.17,-100.91,-20.26,-104.90,-24.26
2719,5100.00,5446.50,1,4,-83.05,0.91,90.00,1,-97.04,-16.47,-86.76,-5.12,-94.76,-14.13,-89.31,-8.24,-83.05,0.91,-101.05,-20.54,-105.42,-24.93
2720,5100.00,5446.75,1,4,-86.41,-2.21,90.00,0,-98.37,-16.11,-89.87,-6.92,-94.70,-12.30,-86.77,-2.78,-86.41,-2.21,-102.76,-20.57,-104.26,-22.08
2721,5100.00,5447.00,1,4,-87.25,-2.35,90.00,0,-96.57,-13.47,-89.17,-5.09,-95.30,-12.13,-88.84,-4.65,-87.25,-2.35,-103.91,-20.96,-102.33,-19.37
2722,5100.00,5447.25,1,4,-88.60,-3.69,90.00,0,-96.87,-13.31,-91.10,-6.93,-96.28,-12.69,-87.35,-1.78,-88.60,-3.69,-104.57,-21.18,-104.27,-20.87
2723,5100.00,5447.50,1,4,-86.55,-0.41,90.00,0,-99.66,-16.23,-90.76,-6.57,-97.50,-14.00,-89.37,-4.80,-86.55,-0.41,-105.36,-22.00,-106.59,-23.24
2724,5100.00,5447.75,1,4,-87.36,-1.07,90.00,0,-97.58,-13.62,-92.07,-7.60,-98.99,-15.08,-88.93,-3.57,-87.36,-1.07,-104.83,-21.01,-107.37,-23.58
2725,5100.00,5448.00,1,4,-87.64,-1.23,90.00,0,-97.39,-13.21,-94.92,-10.59,-99.89,-15.80,-88.17,-2.12,-87.64,-1.23,-104.35,-20.34,-107.62,-23.63
2726,5100.00,5448.25,1,4,-86.82,-0.24,90.00,0,-99.33,-15.52,-94.57,-10.51,-101.61,-17.85,-88.23,-2.65,-86.82,-0.24,-106.65,-22.94,-104.39,-20.66
2727,5100.00,5448.50,1,4,-85.95,0.78,90.00,0,-98.56,-15.12,-93.53,-9.79,-100.65,-17.25,-88.89,-4.16,-85.95,0.78,-104.79,-21.45,-105.52,-22.19
2728,5100.00,5448.75,1,4,-82.53,3.40,90.00,0,-96.50,-15.48,-93.57,-12.44,-101.04,-20.11,-87.92,-6.06,-82.53,3.40,-102.53,-21.60,-103.96,-23.04
2729,5100.00,5449.00,1,4,-82.96,1.97,90.00,0,-94.51,-13.50,-92.99,-11.90,-100.45,-19.58,-86.78,-4.69,-82.96,1.97,-104.02,-23.17,-104.99,-24.15
2730,5100.00,5449.25,1,4,-82.29,2.11,90.00,0,-95.12,-14.77,-89.39,-8.63,-100.87,-20.63,-87.18,-6.00,-82.29,2.11,-103.67,-23.45,-104.84,-24.62
2731,5100.00,5449.50,1,4,-81.19,1.61,90.00,0,-95.64,-16.64,-89.67,-10.38,-100.52,-21.59,-84.38,-4.02,-81.19,1.61,-104.58,-25.66,-105.68,-26.76
2732,5100.00,5449.75,1,4,-82.50,1.08,90.00,0,-98.53,-18.47,-91.57,-11.26,-102.51,-22.49,-84.81,-3.07,-82.50,1.08,-103.94,-23.92,-103.58,-23.57
2733,5100.00,5450.00,1,4,-81.24,2.56,90.00,0,-99.71,-20.35,-94.06,-14.59,-101.09,-21.74,-84.63,-3.80,-81.24,2.56,-105.95,-26.62,-105.23,-25.90
2734,5100.00,5450.25,1,4,-79.81,2.63,90.00,0,-95.66,-17.66,-95.87,-17.87,-102.56,-24.62,-83.07,-3.55,-79.81,2.63,-104.74,-26.80,-104.62,-26.69
2735,5100.00,5450.50,1,4,-82.03,1.08,90.00,0,-93.35,-13.64,-95.25,-15.61,-103.52,-23.97,-84.10,-2.70,-82.03,1.08,-105.43,-25.89,-102.65,-23.10
2736,5100.00,5450.75,1,4,-79.47,5.98,90.00,0,-94.76,-16.16,-95.90,-17.33,-104.55,-26.05,-86.90,-7.73,-79.47,5.98,-104.70,-26.20,-103.23,-24.73
2737,5100.00,5451.00,1,4,-79.66,6.32,90.00,0,-100.19,-21.41,-95.31,-16.46,-105.12,-26.36,-87.22,-7.81,-79.66,6.32,-105.13,-26.38,-101.15,-22.37
2738,5100.00,5451.25,1,4,-81.10,4.21,90.00,0,-99.00,-19.25,-96.43,-16.64,-106.99,-27.28,-86.21,-5.42,-81.10,4.21,-107.51,-27.81,-101.75,-22.03
2739,5100.00,5451.50,1,4,-80.33,4.79,90.00,0,-98.28,-19.14,-96.04,-16.86,-107.42,-28.33,-86.06,-5.99,-80.33,4.79,-108.06,-28.96,-101.91,-22.80
2740,5100.00,5451.75,1,4,-78.85,8.22,90.00,0,-98.77,-20.49,-95.35,-17.02,-108.07,-29.82,-88.69,-10.03,-78.85,8.22,-108.88,-30.64,-102.36,-24.10
2741,5100.00,5452.00,1,4,-76.84,9.69,90.00,0,-98.15,-21.72,-94.31,-17.84,-107.70,-31.30,-88.07,-11.37,-76.84,9.69,-111.14,-inf,-106.25,-29.85
2742,5100.00,5452.25,1,4,-77.18,8.97,90.00,0,-98.09,-21.39,-92.16,-15.37,-107.83,-31.16,-88.22,-11.24,-77.18,8.97,-110.58,-inf,-104.59,-27.92
2743,5100.00,5452.50,1,4,-77.87,6.91,90.00,0,-97.90,-20.80,-89.45,-12.12,-106.73,-29.66,-87.31,-9.82,-77.87,6.91,-110.65,-inf,-103.03,-25.95
2744,5100.00,5452.75,1,4,-75.97,10.53,90.00,0,-98.64,-23.02,-92.51,-16.82,-106.51,-30.91,-88.69,-12.87,-75.97,10.53,-108.62,-33.02,-102.53,-26.93
2745,5100.00,5453.00,1,4,-76.54,10.46,90.00,0,-97.23,-21.03,-94.26,-18.03,-106.58,-30.40,-89.20,-12.81,-76.54,10.46,-104.61,-28.43,-101.46,-25.28
2746,5100.00,5453.25,1,4,-79.46,7.85,90.00,0,-97.21,-18.34,-96.21,-17.32,-105.69,-26.88,-89.52,-10.33,-79.46,7.85,-102.18,-23.36,-99.15,-20.31
2747,5100.00,5453.50,1,4,-80.26,6.32,90.00,0,-97.97,-18.56,-95.49,-16.03,-106.20,-26.83,-88.50,-8.58,-80.26,6.32,-102.20,-22.82,-98.04,-18.63
2748,5100.00,5453.75,1,4,-82.54,4.23,90.00,0,-98.56,-17.32,-96.96,-15.69,-106.51,-25.34,-88.59,-6.57,-82.54,4.23,-99.17,-17.95,-98.79,-17.56
2749,5100.00,5454.00,1,4,-84.03,3.10,90.00,0,-97.66,-15.23,-96.39,-13.92,-108.12,-25.81,-89.19,-5.89,-84.03,3.10,-99.41,-17.02,-100.16,-17.78
2750,5100.00,5454.25,1,4,-81.40,4.99,90.00,0,-100.90,-20.67,-98.81,-18.55,-105.99,-25.78,-87.61,-6.54,-81.40,4.99,-98.90,-18.64,-100.10,-19.86
2751,5100.00,5454.50,1,4,-82.02,4.35,90.00,0,-100.88,-20.18,-97.11,-16.35,-107.19,-26.52,-87.62,-5.98,-82.02,4.35,-101.23,-20.53,-99.75,-19.03
2752,5100.00,5454.75,1,4,-83.00,4.36,90.00,0,-104.02,-22.35,-96.95,-15.18,-107.84,-26.19,-88.60,-5.98,-83.00,4.36,-102.91,-21.24,-103.19,-21.51
2753,5100.00,5455.00,1,4,-85.05,2.85,90.00,0,-105.83,-22.57,-97.28,-13.88,-107.80,-24.55,-89.19,-4.69,-85.05,2.85,-104.96,-21.70,-102.39,-19.11
2754,5100.00,5455.25,1,4,-82.63,5.08,90.00,0,-105.51,-24.04,-98.73,-17.19,-108.82,-27.35,-88.75,-6.39,-82.63,5.08,-107.76,-26.29,-101.83,-20.33
2755,5100.00,5455.50,1,4,-85.07,2.88,90.00,0,-106.87,-23.58,-97.25,-13.80,-108.50,-25.22,-89.21,-4.67,-85.07,2.88,-106.86,-23.57,-102.29,-18.97
2756,5100.00,5455.75,1,4,-86.27,3.30,90.00,0,-105.28,-20.64,-95.86,-10.92,-108.75,-24.13,-92.14,-6.70,-86.27,3.30,-107.51,-22.89,-101.31,-16.62
2757,5100.00,5456.00,1,4,-87.15,3.22,90.00,0,-102.38,-16.83,-97.06,-11.29,-106.43,-20.94,-93.29,-7.05,-87.15,3.22,-107.09,-21.60,-102.90,-17.36
2758,5100.00,5456.25,1,4,-89.12,0.11,90.00,0,-100.04,-13.69,-96.82,-10.27,-104.62,-18.39,-92.54,-5.23,-89.12,0.11,-103.33,-17.08,-98.29,-11.85
2759,5100.00,5456.50,1,4,-88.97,-0.21,90.00,0,-100.53,-14.52,-97.73,-11.58,-104.43,-18.51,-91.30,-3.98,-88.97,-0.21,-103.15,-17.21,-98.37,-12.26
2760,5100.00,5456.75,1,4,-91.82,-2.51,90.00,0,-100.08,-12.46,-100.13,-12.51,-104.02,-16.55,-91.54,-2.06,-91.82,-2.51,-102.85,-15.35,-100.80,-13.22
2761,5100.00,5457.00,1,4,-91.81,-1.76,90.00,0,-101.14,-13.09,-96.89,-8.48,-105.21,-17.29,-94.05,-5.03,-91.81,-1.76,-100.90,-12.85,-99.98,-11.87
2762,5100.00,5457.25,1,4,-89.74,1.44,90.00,0,-100.67,-13.07,-97.50,-9.67,-104.05,-16.57,-96.50,-8.55,-89.74,1.44,-102.77,-15.26,-100.82,-13.23
2763,5100.00,5457.50,1,4,-94.14,-2.90,90.00,0,-102.32,-12.65,-98.03,-7.94,-104.36,-14.77,-96.58,-6.21,-94.14,-2.90,-100.51,-10.72,-100.44,-10.63
2764,5100.00,5457.75,1,4,-91.92,-0.51,90.00,0,-104.01,-15.23,-97.41,-8.15,-105.62,-16.89,-96.32,-6.87,-91.92,-0.51,-100.71,-11.79,-102.48,-13.65
2765,5100.00,5458.00,1,4,-92.50,-0.54,90.00,0,-104.20,-14.85,-100.05,-10.46,-105.45,-16.13,-96.39,-6.26,-92.50,-0.54,-100.09,-10.50,-103.61,-14.24
2766,5100.00,5458.25,1,4,-91.08,0.02,90.00,0,-103.06,-14.84,-100.27,-11.92,-102.37,-14.12,-94.60,-5.43,-91.08,0.02,-100.60,-12.27,-103.80,-15.60
2767,5100.00,5458.50,1,4,-92.42,-0.97,90.00,0,-102.19,-13.09,-99.28,-9.96,-103.60,-14.55,-95.39,-5.39,-92.42,-0.97,-102.10,-12.99,-103.56,-14.52
2768,5100.00,5458.75,1,4,-92.96,-1.76,90.00,0,-99.93,-10.58,-99.93,-10.58,-103.56,-14.42,-95.13,-4.93,-92.96,-1.76,-102.99,-13.83,-102.76,-13.59
2769,5100.00,5459.00,1,4,-94.38,-3.46,90.00,0,-101.88,-12.33,-97.91,-7.96,-103.23,-13.75,-94.98,-4.30,-94.38,-3.46,-103.22,-13.74,-101.60,-12.03
2770,5100.00,5459.25,1,4,-95.21,-4.02,90.00,0,-100.91,-10.83,-100.38,-10.25,-104.55,-14.67,-94.60,-3.15,-95.21,-4.02,-104.19,-14.29,-101.65,-11.63
2771,5100.00,5459.50,1,4,-94.01,-3.40,90.00,0,-97.18,-7.48,-100.13,-10.80,-104.53,-15.43,-95.17,-4.99,-94.01,-3.40,-102.00,-12.80,-101.15,-11.90
2772,5100.00,5459.75,1,4,-95.64,-6.21,90.00,0,-94.63,-4.91,-99.02,-10.11,-102.40,-13.72,-94.53,-4.78,-95.64,-6.21,-101.08,-12.33,-100.92,-12.16
2773,5100.00,5460.00,1,4,-95.89,-6.38,90.00,0,-93.36,-2.98,-99.50,-10.52,-102.41,-13.62,-95.79,-6.25,-95.89,-6.38,-101.47,-12.63,-102.71,-13.93
2774,5100.00,5460.25,1,4,-94.52,-5.51,90.00,0,-92.06,-1.99,-99.26,-10.99,-102.24,-14.14,-96.91,-8.38,-94.52,-5.51,-100.37,-12.17,-102.34,-14.25
2775,5100.00,5460.50,1,4,-93.61,-4.49,90.00,0,-93.48,-4.31,-98.83,-10.67,-103.96,-16.06,-94.85,-6.09,-93.61,-4.49,-98.84,-10.68,-103.37,-15.45
2776,5100.00,5460.75,1,4,-94.36,-5.39,90.00,0,-93.47,-4.21,-97.79,-9.46,-104.88,-16.92,-94.25,-5.25,-94.36,-5.39,-100.08,-11.95,-103.38,-15.39
2777,5100.00,5461.00,1,4,-92.96,-4.25,90.00,0,-94.73,-6.53,-99.00,-11.37,-107.61,-20.24,-91.92,-2.74,-92.96,-4.25,-100.36,-12.81,-105.13,-17.73
2778,5100.00,5461.25,1,4,-93.92,-4.12,90.00,0,-96.45,-7.34,-100.77,-12.13,-107.62,-19.19,-93.06,-2.87,-93.92,-4.12,-100.43,-11.78,-104.58,-16.09
2779,5100.00,5461.50,1,4,-94.04,-5.38,90.00,0,-96.51,-8.36,-101.34,-13.60,-108.54,-20.95,-91.18,-1.15,-94.04,-5.38,-98.36,-10.42,-103.88,-16.22
2780,5100.00,5461.75,1,3,-89.79,0.38,90.00,1,-96.85,-9.42,-99.94,-12.76,-108.92,-21.94,-89.79,0.38,-93.73,-5.74,-100.64,-13.49,-104.95,-17.92
2781,5100.00,5462.00,1,3,-90.71,-0.98,90.00,0,-96.13,-8.35,-101.70,-14.36,-105.19,-17.93,-90.71,-0.98,-93.38,-5.00,-99.30,-11.84,-103.46,-16.18
2782,5100.00,5462.25,1,3,-90.45,-1.37,90.00,0,-96.77,-9.61,-100.27,-13.37,-104.11,-17.32,-90.45,-1.37,-91.91,-3.65,-100.07,-13.16,-103.13,-16.33
2783,5100.00,5462.50,1,3,-89.88,-1.90,90.00,0,-96.24,-10.01,-98.54,-12.48,-104.71,-18.84,-89.88,-1.90,-90.45,-2.80,-98.89,-12.85,-103.03,-17.13
2784,5100.00,5462.75,1,3,-90.37,-2.89,90.00,0,-96.38,-10.32,-100.60,-14.79,-102.65,-16.89,-90.37,-2.89,-89.76,-1.93,-97.16,-11.17,-101.71,-15.93
2785,5100.00,5463.00,1,3,-87.75,-0.12,90.00,0,-94.78,-9.66,-100.74,-15.96,-104.16,-19.43,-87.75,-0.12,-90.78,-4.88,-95.98,-10.97,-100.70,-15.92
2786,5100.00,5463.25,1,3,-86.92,0.28,90.00,0,-94.18,-9.69,-102.24,-18.13,-103.68,-19.59,-86.92,0.28,-90.02,-4.72,-95.92,-11.59,-101.37,-17.25
2787,5100.00,5463.50,1,3,-87.29,-1.18,90.00,0,-94.53,-10.51,-101.23,-17.50,-104.58,-20.89,-87.29,-1.18,-88.61,-3.29,-93.63,-9.53,-101.18,-17.45
2788,5100.00,5463.75,1,3,-90.43,-3.43,90.00,0,-93.41,-7.30,-100.44,-14.93,-104.86,-19.45,-90.43,-3.43,-91.31,-4.66,-92.75,-6.51,-103.12,-17.68
2789,5100.00,5464.00,1,3,-90.82,-4.18,90.00,0,-96.08,-10.47,-100.95,-15.60,-105.58,-20.30,-90.82,-4.18,-89.10,-1.58,-93.57,-7.65,-103.41,-18.11
2790,5100.00,5464.25,1,3,-88.62,-2.80,90.00,0,-95.32,-11.01,-101.83,-17.78,-104.28,-20.25,-88.62,-2.80,-87.73,-1.37,-94.09,-9.66,-103.07,-19.04
2791,5100.00,5464.50,1,3,-87.83,-1.89,90.00,0,-96.15,-12.12,-103.02,-19.19,-101.34,-17.49,-87.83,-1.89,-87.73,-1.72,-94.52,-10.37,-104.02,-20.21
2792,5100.00,5464.75,1,3,-86.13,0.18,90.00,0,-98.44,-15.09,-102.28,-19.02,-100.59,-17.30,-86.13,0.18,-88.29,-3.47,-93.64,-10.02,-104.61,-21.36
2793,5100.00,5465.00,1,3,-86.67,-0.52,90.00,0,-97.19,-13.61,-101.81,-18.36,-99.36,-15.86,-86.67,-0.52,-89.25,-4.55,-91.37,-7.22,-104.53,-21.10
2794,5100.00,5465.25,1,3,-85.94,1.94,90.00,0,-100.40,-16.50,-101.42,-17.55,-100.66,-16.77,-85.94,1.94,-91.20,-6.54,-93.10,-8.76,-105.12,-21.29
2795,5100.00,5465.50,1,3,-85.68,0.85,90.00,0,-99.07,-15.88,-104.23,-21.12,-101.75,-18.62,-85.68,0.85,-91.06,-7.23,-89.67,-5.52,-104.95,-21.84
2796,5100.00,5465.75,1,3,-86.17,0.19,90.00,0,-98.75,-15.37,-103.85,-20.56,-102.31,-18.99,-86.17,0.19,-90.71,-6.60,-89.60,-5.19,-105.09,-21.81
2797,5100.00,5466.00,1,3,-85.38,1.29,90.00,0,-100.19,-17.14,-104.09,-21.09,-101.74,-18.72,-85.38,1.29,-91.58,-7.97,-89.58,-5.55,-102.40,-19.39
2798,5100.00,5466.25,1,3,-84.62,2.10,90.00,0,-100.39,-17.78,-103.27,-20.70,-102.90,-20.33,-84.62,2.10,-91.47,-8.34,-89.73,-6.28,-101.95,-19.37
2799,5100.00,5466.50,1,3,-84.49,2.26,90.00,0,-97.97,-15.38,-102.93,-20.42,-102.67,-20.16,-84.49,2.26,-92.27,-9.33,-89.56,-6.15,-103.05,-20.55
2800,5100.00,5466.75,1,3,-84.94,1.39,90.00,0,-99.37,-16.70,-103.43,-20.82,-101.00,-18.36,-84.94,1.39,-91.00,-7.75,-89.39,-5.80,-104.07,-21.47
2801,5100.00,5467.00,1,3,-84.26,2.09,90.00,0,-100.09,-17.85,-105.72,-23.53,-100.96,-18.73,-84.26,2.09,-91.54,-8.83,-89.01,-5.82,-102.74,-20.52
2802,5100.00,5467.25,1,3,-83.39,3.76,90.00,0,-100.95,-19.03,-103.89,-22.00,-102.01,-20.10,-83.39,3.76,-91.56,-9.20,-90.51,-8.01,-102.49,-20.59
2803,5100.00,5467.50,1,3,-80.77,5.38,90.00,0,-102.51,-22.83,-106.75,-27.08,-104.10,-24.42,-80.77,5.38,-91.44,-11.48,-88.44,-8.16,-102.01,-22.32
2804,5100.00,5467.75,1,3,-80.72,5.08,90.00,0,-102.18,-22.61,-108.70,-29.14,-105.12,-25.56,-80.72,5.08,-92.33,-12.55,-87.63,-7.34,-99.56,-19.96
2805,5100.00,5468.00,1,3,-80.14,7.44,90.00,0,-102.12,-22.67,-108.05,-28.62,-101.47,-22.02,-80.14,7.44,-93.44,-13.84,-90.21,-10.41,-100.44,-20.98
2806,5100.00,5468.25,1,3,-81.65,5.39,90.00,0,-100.68,-20.10,-104.19,-23.62,-101.48,-20.90,-81.65,5.39,-93.72,-12.96,-89.21,-8.03,-102.37,-21.79
2807,5100.00,5468.50,1,3,-81.39,5.18,90.00,0,-100.84,-20.56,-102.76,-22.49,-103.01,-22.75,-81.39,5.18,-95.14,-14.76,-88.13,-7.12,-101.36,-21.08
2808,5100.00,5468.75,1,3,-82.36,2.14,90.00,0,-102.00,-21.68,-103.71,-23.41,-103.15,-22.84,-82.36,2.14,-97.43,-17.06,-85.17,-3.18,-101.29,-20.97
2809,5100.00,5469.00,1,3,-82.65,1.60,90.00,0,-101.63,-21.24,-106.54,-26.17,-101.22,-20.83,-82.65,1.60,-95.90,-15.41,-84.99,-2.79,-101.59,-21.19
2810,5100.00,5469.25,1,3,-82.11,2.29,90.00,0,-101.67,-21.55,-105.26,-25.16,-100.88,-20.75,-82.11,2.29,-97.34,-17.17,-85.09,-3.35,-101.25,-21.12
2811,5100.00,5469.50,1,3,-82.07,3.05,90.00,0,-100.60,-20.24,-104.59,-24.25,-104.24,-23.90,-82.07,3.05,-96.44,-16.01,-85.98,-4.27,-102.06,-21.70
2812,5100.00,5469.75,1,3,-81.46,2.02,90.00,0,-103.44,-24.07,-102.41,-23.05,-103.56,-24.20,-81.46,2.02,-95.41,-15.96,-84.07,-2.94,-104.43,-25.07
2813,5100.00,5470.00,1,3,-81.16,3.25,90.00,0,-103.23,-23.74,-101.58,-22.07,-101.38,-21.88,-81.16,3.25,-97.86,-18.32,-85.09,-4.22,-101.46,-21.96
2814,5100.00,5470.25,1,3,-82.65,3.78,90.00,0,-104.94,-23.79,-99.73,-18.54,-99.88,-18.69,-82.65,3.78,-93.54,-12.15,-88.39,-6.35,-103.90,-22.74
2815,5100.00,5470.50,1,3,-79.55,5.78,90.00,0,-104.50,-25.96,-100.51,-21.96,-99.10,-20.53,-79.55,5.78,-94.35,-15.71,-86.61,-7.34,-104.66,-26.11
2816,5100.00,5470.75,1,3,-78.29,6.45,90.00,0,-103.50,-26.09,-101.11,-23.69,-99.45,-22.02,-78.29,6.45,-94.48,-17.00,-85.83,-7.76,-102.19,-24.77
2817,5100.00,5471.00,1,3,-75.82,8.09,90.00,0,-102.18,-26.97,-103.29,-28.08,-96.83,-21.60,-75.82,8.09,-92.92,-17.65,-85.09,-9.43,-103.82,-28.62
2818,5100.00,5471.25,1,3,-75.71,9.01,90.00,0,-103.43,-28.23,-104.56,-29.36,-97.94,-22.72,-75.71,9.01,-92.11,-16.83,-86.24,-10.69,-103.52,-28.32
2819,5100.00,5471.50,1,3,-77.71,8.26,90.00,0,-103.19,-26.08,-105.58,-28.48,-97.59,-20.45,-77.71,8.26,-90.50,-13.20,-89.04,-11.65,-103.51,-26.39
2820,5100.00,5471.75,1,3,-79.46,6.50,90.00,0,-101.96,-23.36,-105.21,-26.62,-97.50,-18.87,-79.46,6.50,-90.13,-11.24,-89.38,-10.42,-103.88,-25.29
2821,5100.00,5472.00,1,3,-79.08,6.64,90.00,0,-101.41,-23.16,-106.12,-27.88,-98.49,-20.22,-79.08,6.64,-89.59,-11.04,-89.22,-10.63,-103.31,-25.07
2822,5100.00,5472.25,1,3,-78.33,6.86,90.00,0,-103.22,-25.69,-103.92,-26.40,-101.10,-23.57,-78.33,6.86,-88.48,-10.61,-88.80,-10.95,-105.28,-27.76
2823,5100.00,5472.50,1,3,-77.11,9.89,90.00,0,-102.88,-26.18,-104.59,-27.89,-103.20,-26.50,-77.11,9.89,-89.40,-12.48,-92.27,-15.46,-106.99,-30.30
2824,5100.00,5472.75,1,3,-79.73,8.23,90.00,0,-101.88,-22.74,-103.76,-24.62,-103.11,-23.97,-79.73,8.23,-91.08,-11.67,-92.65,-13.33,-106.83,-27.70
2825,5100.00,5473.00,1,3,-81.00,7.89,90.00,0,-101.98,-21.60,-103.98,-23.62,-103.29,-22.92,-81.00,7.89,-92.71,-12.11,-93.18,-12.60,-106.31,-25.95
2826,5100.00,5473.25,1,3,-81.21,7.33,90.00,0,-103.03,-22.53,-103.03,-22.52,-104.08,-23.58,-81.21,7.33,-92.62,-11.87,-92.34,-11.57,-105.46,-24.97
2827,5100.00,5473.50,1,3,-78.74,10.49,90.00,0,-101.46,-23.07,-106.24,-27.86,-103.60,-25.22,-78.74,10.49,-94.24,-15.76,-92.81,-14.28,-102.68,-24.30
2828,5100.00,5473.75,1,3,-78.10,11.17,90.00,0,-102.93,-25.14,-104.55,-26.76,-104.06,-26.27,-78.10,11.17,-94.68,-16.81,-92.52,-14.60,-102.26,-24.47
2829,5100.00,5474.00,1,3,-78.52,10.81,90.00,0,-99.93,-21.73,-104.17,-25.98,-103.93,-25.75,-78.52,10.81,-92.86,-14.53,-94.83,-16.55,-104.21,-26.02
2830,5100.00,5474.25,1,3,-74.96,13.66,90.00,0,-102.14,-27.35,-105.92,-31.13,-102.71,-27.92,-74.96,13.66,-91.97,-17.10,-93.25,-18.41,-106.37,-31.58
2831,5100.00,5474.50,1,3,-75.65,12.69,90.00,0,-102.15,-26.72,-107.15,-31.73,-98.95,-23.52,-75.65,12.69,-92.45,-16.94,-92.39,-16.88,-108.99,-33.56
2832,5100.00,5474.75,1,3,-76.32,11.66,90.00,0,-101.00,-24.95,-106.69,-30.65,-97.46,-21.39,-76.32,11.66,-90.72,-14.54,-94.51,-18.41,-109.56,-33.53
2833,5100.00,5475.00,1,3,-77.93,9.86,90.00,0,-101.61,-24.09,-106.67,-29.16,-99.23,-21.70,-77.93,9.86,-90.45,-12.73,-93.55,-15.94,-109.47,-31.96
2834,5100.00,5475.25,1,3,-79.18,7.74,90.00,0,-100.81,-22.28,-107.59,-29.08,-101.86,-23.34,-79.18,7.74,-89.17,-10.28,-92.67,-14.00,-108.39,-29.88
2835,5100.00,5475.50,1,3,-79.70,5.94,90.00,0,-105.26,-26.54,-110.20,-inf,-103.14,-24.41,-79.70,5.94,-87.35,-7.99,-91.59,-12.64,-108.11,-29.39
2836,5100.00,5475.75,1,3,-82.48,2.72,90.00,0,-105.73,-25.10,-111.33,-inf,-103.21,-22.57,-82.48,2.72,-87.43,-5.80,-89.88,-8.71,-109.31,-28.68
2837,5100.00,5476.00,1,3,-80.53,4.51,90.00,0,-104.91,-25.69,-114.49,-inf,-102.74,-23.50,-80.53,4.51,-86.85,-6.81,-90.67,-11.13,-106.60,-27.38
2838,5100.00,5476.25,1,3,-80.41,2.15,90.00,0,-104.68,-26.33,-113.97,-inf,-102.42,-24.06,-80.41,2.15,-83.70,-3.87,-89.67,-11.00,-107.64,-29.29
2839,5100.00,5476.50,1,3,-78.67,5.22,90.00,0,-102.48,-24.94,-114.73,-inf,-102.27,-24.72,-78.67,5.22,-84.81,-6.38,-92.75,-15.09,-104.99,-27.45
2840,5100.00,5476.75,1,3,-76.74,8.24,90.00,0,-103.04,-26.90,-116.52,-inf,-102.35,-26.21,-76.74,8.24,-86.58,-10.04,-91.26,-15.00,-105.64,-29.51
2841,5100.00,5477.00,1,3,-74.73,10.71,90.00,0,-102.30,-27.92,-114.54,-inf,-105.53,-31.16,-74.73,10.71,-86.75,-12.12,-92.77,-18.34,-105.44,-31.06
2842,5100.00,5477.25,1,3,-73.10,13.60,90.00,0,-101.62,-28.70,-115.29,-inf,-106.50,-33.58,-73.10,13.60,-87.91,-14.86,-95.12,-22.18,-106.62,-33.70
2843,5100.00,5477.50,1,3,-73.00,15.07,90.00,0,-103.75,-30.88,-118.50,-inf,-106.63,-33.76,-73.00,15.07,-89.19,-16.22,-97.48,-24.60,-109.32,-36.45
2844,5100.00,5477.75,1,3,-72.58,14.47,90.00,0,-102.65,-30.21,-116.79,-inf,-107.49,-35.06,-72.58,14.47,-88.03,-15.48,-96.51,-24.07,-110.44,-inf
2845,5100.00,5478.00,1,3,-70.91,16.68,90.00,0,-102.94,-32.11,-116.98,-inf,-104.85,-34.03,-70.91,16.68,-88.60,-17.71,-97.56,-26.73,-110.02,-inf
2846,5100.00,5478.25,1,3,-71.24,14.66,90.00,0,-105.64,-34.55,-116.30,-inf,-105.76,-34.66,-71.24,14.66,-86.81,-15.59,-94.83,-23.71,-110.35,-inf
2847,5100.00,5478.50,1,3,-72.59,15.66,90.00,0,-107.00,-34.53,-116.31,-inf,-105.60,-33.12,-72.59,15.66,-90.05,-17.50,-94.47,-21.96,-110.66,-inf
2848,5100.00,5478.75,1,3,-70.37,16.86,90.00,0,-109.46,-39.17,-116.68,-inf,-104.35,-34.07,-70.37,16.86,-88.49,-18.14,-94.82,-24.52,-111.03,-inf
2849,5100.00,5479.00,1,3,-70.21,16.63,90.00,0,-109.66,-39.54,-116.26,-inf,-105.69,-35.57,-70.21,16.63,-89.17,-19.00,-91.42,-21.27,-110.34,-inf
2850,5100.00,5479.25,1,3,-69.14,19.27,90.00,0,-108.34,-39.25,-113.89,-inf,-104.59,-35.51,-69.14,19.27,-92.55,-23.44,-91.33,-22.22,-110.06,-inf
2851,5100.00,5479.50,1,3,-71.68,16.87,90.00,0,-108.61,-37.02,-110.57,-inf,-105.98,-34.39,-71.68,16.87,-92.77,-21.15,-91.38,-19.74,-110.32,-inf
2852,5100.00,5479.75,1,3,-72.31,15.06,90.00,0,-107.32,-35.14,-109.61,-37.43,-107.72,-35.54,-72.31,15.06,-90.64,-18.41,-90.91,-18.68,-108.56,-36.39
2853,5100.00,5480.00,1,3,-74.47,13.07,90.00,0,-106.09,-31.83,-110.79,-inf,-107.33,-33.07,-74.47,13.07,-90.28,-15.91,-91.68,-17.34,-111.44,-inf
2854,5100.00,5480.25,1,3,-75.70,10.66,90.00,0,-104.72,-29.37,-109.47,-34.12,-106.05,-30.70,-75.70,10.66,-89.29,-13.77,-90.17,-14.68,-110.32,-inf
2855,5100.00,5480.50,1,3,-75.21,10.59,90.00,0,-105.02,-30.17,-108.24,-33.39,-107.71,-32.86,-75.21,10.59,-88.53,-13.49,-89.78,-14.79,-109.71,-34.86
2856,5100.00,5480.75,1,3,-79.15,6.09,90.00,0,-104.34,-26.14,-107.84,-29.64,-107.25,-29.04,-79.15,6.09,-86.95,-8.13,-90.96,-12.53,-111.23,-inf
2857,5100.00,5481.00,1,3,-80.21,7.08,90.00,0,-106.37,-26.93,-109.06,-29.63,-108.64,-29.20,-80.21,7.08,-89.37,-9.48,-92.59,-12.95,-108.49,-29.05
2858,5100.00,5481.25,1,3,-80.98,3.38,90.00,0,-108.05,-28.70,-111.08,-inf,-108.44,-29.09,-80.98,3.38,-85.37,-4.78,-92.12,-12.54,-108.30,-28.95
2859,5100.00,5481.50,1,3,-78.77,4.90,90.00,0,-107.07,-29.51,-113.47,-inf,-111.00,-inf,-78.77,4.90,-84.49,-5.94,-92.24,-14.53,-109.01,-31.45
2860,5100.00,5481.75,1,3,-78.88,5.60,90.00,0,-105.52,-27.69,-114.06,-inf,-112.05,-inf,-78.88,5.60,-85.87,-7.31,-90.78,-12.74,-107.15,-29.32
2861,5100.00,5482.00,1,3,-79.40,4.80,90.00,0,-104.22,-26.04,-112.02,-inf,-111.26,-inf,-79.40,4.80,-85.20,-6.09,-92.06,-13.72,-106.86,-28.70
2862,5100.00,5482.25,1,3,-77.27,7.56,90.00,0,-104.40,-27.82,-111.77,-inf,-112.32,-inf,-77.27,7.56,-86.91,-9.91,-89.67,-12.88,-105.11,-28.54
2863,5100.00,5482.50,1,3,-79.03,7.17,90.00,0,-105.54,-27.27,-110.84,-inf,-111.86,-inf,-79.03,7.17,-89.92,-11.35,-89.10,-10.46,-105.95,-27.68
2864,5100.00,5482.75,1,3,-79.38,7.60,90.00,0,-102.74,-24.04,-110.66,-inf,-107.00,-28.31,-79.38,7.60,-91.82,-12.92,-89.36,-10.29,-107.56,-28.88
2865,5100.00,5483.00,1,3,-79.14,7.05,90.00,0,-103.24,-24.88,-109.52,-31.16,-105.71,-27.34,-79.14,7.05,-89.17,-10.44,-90.03,-11.37,-107.08,-28.72
2866,5100.00,5483.25,1,3,-79.64,5.79,90.00,0,-101.70,-23.06,-106.48,-27.85,-107.73,-29.10,-79.64,5.79,-87.48,-8.25,-90.71,-11.81,-106.44,-27.81
2867,5100.00,5483.50,1,3,-80.33,2.31,90.00,0,-99.31,-20.96,-107.10,-28.77,-107.46,-29.13,-80.33,2.31,-84.41,-4.85,-88.16,-9.36,-104.72,-26.39
2868,5100.00,5483.75,1,3,-80.19,2.90,90.00,0,-100.33,-21.91,-106.98,-28.58,-104.65,-26.24,-80.19,2.90,-84.70,-5.14,-89.12,-10.34,-103.98,-25.57
2869,5100.00,5484.00,1,3,-80.59,1.65,90.00,0,-101.98,-23.63,-108.74,-30.41,-101.63,-23.28,-80.59,1.65,-83.39,-3.44,-89.61,-10.95,-103.12,-24.78
2870,5100.00,5484.25,1,3,-82.43,-1.75,90.00,0,-99.47,-20.97,-109.25,-30.79,-102.45,-23.97,-82.43,-1.75,-81.30,0.35,-90.95,-12.24,-103.46,-24.98
2871,5100.00,5484.50,1,3,-82.28,-0.60,90.00,0,-98.83,-19.82,-110.63,-inf,-104.86,-25.88,-82.28,-0.60,-82.34,-0.71,-91.85,-12.66,-104.34,-25.37
2872,5100.00,5484.75,1,3,-79.99,1.21,90.00,0,-100.61,-23.04,-111.84,-inf,-106.93,-29.38,-79.99,1.21,-81.83,-2.25,-91.07,-13.32,-105.96,-28.40
2873,5100.00,5485.00,1,3,-79.98,2.53,90.00,0,-101.94,-23.87,-112.79,-inf,-108.46,-30.41,-79.98,2.53,-83.57,-4.09,-89.98,-11.64,-105.08,-27.02
2874,5100.00,5485.25,1,3,-79.91,2.73,90.00,0,-103.56,-25.49,-111.13,-inf,-107.93,-29.87,-79.91,2.73,-84.02,-4.69,-88.92,-10.50,-104.42,-26.36
2875,5100.00,5485.50,1,3,-79.38,1.91,90.00,0,-102.37,-25.14,-109.51,-32.28,-109.24,-32.02,-79.38,1.91,-81.85,-2.80,-91.60,-14.22,-105.22,-28.00
2876,5100.00,5485.75,1,3,-79.96,1.45,90.00,0,-102.01,-24.38,-112.46,-inf,-109.82,-32.20,-79.96,1.45,-81.98,-2.38,-91.64,-13.86,-105.32,-27.70
2877,5100.00,5486.00,1,3,-81.68,-0.48,90.00,0,-99.19,-20.72,-112.12,-inf,-108.54,-30.10,-81.68,-0.48,-81.76,-0.63,-91.94,-13.32,-103.56,-25.12
2878,5100.00,5486.25,1,3,-80.58,-0.60,90.00,0,-98.53,-21.23,-111.16,-inf,-111.16,-inf,-80.58,-0.60,-80.56,-0.57,-90.10,-12.61,-103.35,-26.08
2879,5100.00,5486.50,1,3,-81.40,-2.24,90.00,0,-98.47,-21.30,-110.46,-inf,-111.35,-inf,-81.40,-2.24,-79.66,1.02,-89.94,-12.58,-102.83,-25.69
2880,5100.00,5486.75,1,3,-81.92,-3.01,90.00,0,-98.17,-20.99,-109.28,-32.13,-110.71,-inf,-81.92,-3.01,-79.29,1.96,-91.12,-13.79,-103.75,-26.59
2881,5100.00,5487.00,1,4,-80.10,2.42,90.00,1,-100.88,-22.72,-109.69,-31.56,-108.01,-29.88,-83.75,-4.24,-80.10,2.42,-89.43,-10.97,-103.39,-25.25
2882,5100.00,5487.25,1,4,-80.69,1.75,90.00,0,-98.84,-20.33,-108.82,-30.35,-107.51,-29.04,-83.46,-3.34,-80.69,1.75,-90.56,-11.81,-102.83,-24.35
2883,5100.00,5487.50,1,4,-79.29,5.14,90.00,0,-99.12,-20.96,-107.95,-29.82,-107.59,-29.46,-85.77,-6.83,-79.29,5.14,-91.79,-13.47,-103.52,-25.38
2884,5100.00,5487.75,1,4,-79.67,5.92,90.00,0,-102.32,-23.62,-105.44,-26.75,-106.88,-28.19,-86.85,-7.45,-79.67,5.92,-93.62,-14.80,-103.03,-24.34
2885,5100.00,5488.00,1,4,-81.86,4.88,90.00,0,-101.59,-20.92,-106.29,-25.64,-107.17,-26.53,-89.03,-7.71,-81.86,4.88,-92.22,-11.27,-102.42,-21.75
2886,5100.00,5488.25,1,4,-81.73,3.45,90.00,0,-100.98,-20.84,-104.47,-24.34,-108.30,-28.18,-87.88,-6.97,-81.73,3.45,-89.46,-8.81,-103.98,-23.85
2887,5100.00,5488.50,1,4,-80.96,4.26,90.00,0,-100.55,-20.93,-103.68,-24.09,-105.06,-25.47,-88.25,-8.03,-80.96,4.26,-89.24,-9.16,-102.75,-23.15
2888,5100.00,5488.75,1,4,-80.63,5.74,90.00,0,-99.66,-20.02,-103.80,-24.18,-103.74,-24.12,-89.67,-9.61,-80.63,5.74,-90.55,-10.58,-102.54,-22.91
2889,5100.00,5489.00,1,4,-79.11,5.29,90.00,0,-99.92,-21.91,-101.86,-23.86,-102.78,-24.78,-87.47,-8.97,-79.11,5.29,-88.33,-9.92,-102.87,-24.87
2890,5100.00,5489.25,1,4,-76.92,8.42,90.00,0,-102.39,-26.04,-100.88,-24.53,-103.53,-27.18,-88.36,-11.73,-76.92,8.42,-89.59,-13.04,-101.08,-24.73
2891,5100.00,5489.50,1,4,-75.26,9.30,90.00,0,-102.64,-27.86,-99.73,-24.94,-102.08,-27.29,-87.08,-12.05,-75.26,9.30,-89.39,-14.46,-101.70,-26.92
2892,5100.00,5489.75,1,4,-77.19,6.00,90.00,0,-103.31,-27.08,-101.59,-25.37,-103.03,-26.81,-84.67,-7.79,-77.19,6.00,-89.75,-13.34,-101.63,-25.41
2893,5100.00,5490.00,1,4,-76.85,6.75,90.00,0,-102.81,-26.78,-102.84,-26.82,-101.46,-25.43,-84.73,-8.09,-76.85,6.75,-91.77,-15.64,-101.89,-25.86
2894,5100.00,5490.25,1,4,-75.59,6.70,90.00,0,-100.33,-25.57,-104.43,-29.68,-101.06,-26.30,-83.27,-7.86,-75.59,6.70,-90.72,-15.86,-104.22,-29.46
2895,5100.00,5490.50,1,4,-75.71,6.97,90.00,0,-98.13,-23.20,-107.43,-32.51,-100.68,-25.75,-84.40,-8.96,-75.71,6.97,-88.66,-13.56,-103.89,-28.97
2896,5100.00,5490.75,1,4,-75.46,6.96,90.00,0,-97.35,-22.67,-106.92,-32.25,-100.17,-25.49,-84.74,-9.62,-75.46,6.96,-87.16,-12.24,-103.71,-29.04
2897,5100.00,5491.00,1,4,-77.38,6.21,90.00,0,-97.97,-21.50,-106.38,-29.92,-100.96,-24.50,-86.08,-9.13,-77.38,6.21,-88.23,-11.49,-103.50,-27.04
2898,5100.00,5491.25,1,4,-77.58,7.10,90.00,0,-99.44,-22.61,-107.81,-31.00,-101.08,-24.26,-87.13,-9.90,-77.58,7.10,-89.48,-12.44,-104.50,-27.68
2899,5100.00,5491.50,1,4,-77.36,6.48,90.00,0,-97.97,-21.46,-107.25,-30.76,-100.74,-24.24,-88.11,-11.32,-77.36,6.48,-86.60,-9.68,-104.70,-28.21
2900,5100.00,5491.75,1,4,-76.07,7.64,90.00,0,-98.67,-23.27,-107.24,-31.86,-100.15,-24.76,-85.98,-10.21,-76.07,7.64,-88.74,-13.15,-103.27,-27.88
2901,5100.00,5492.00,1,4,-79.15,5.57,90.00,0,-100.97,-22.86,-106.79,-28.70,-102.26,-24.15,-88.63,-10.14,-79.15,5.57,-87.75,-9.16,-102.44,-24.33
2902,5100.00,5492.25,1,4,-80.48,5.20,90.00,0,-102.42,-23.06,-106.57,-27.22,-102.07,-22.71,-87.91,-7.92,-80.48,5.20,-91.05,-11.41,-102.43,-23.07
2903,5100.00,5492.50,1,4,-76.83,9.17,90.00,0,-100.20,-23.85,-109.83,-33.50,-103.22,-26.87,-88.30,-11.68,-76.83,9.17,-91.50,-15.04,-101.45,-25.10
2904,5100.00,5492.75,1,4,-76.93,9.64,90.00,0,-100.40,-23.90,-109.41,-32.92,-103.28,-26.79,-89.46,-12.75,-76.93,9.64,-91.29,-14.65,-101.42,-24.92
2905,5100.00,5493.00,1,4,-77.29,8.48,90.00,0,-100.06,-23.33,-109.06,-32.34,-107.27,-30.55,-87.63,-10.55,-77.29,8.48,-92.05,-15.21,-101.72,-25.00
2906,5100.00,5493.25,1,4,-75.28,10.52,90.00,0,-101.61,-26.69,-107.30,-32.39,-108.39,-33.48,-88.36,-13.25,-75.28,10.52,-90.69,-15.67,-99.21,-24.28
2907,5100.00,5493.50,1,4,-76.24,9.58,90.00,0,-103.13,-27.34,-108.32,-32.53,-111.37,-inf,-88.25,-12.22,-76.24,9.58,-90.44,-14.50,-102.68,-26.89
2908,5100.00,5493.75,1,4,-74.79,11.86,90.00,0,-105.56,-31.05,-106.11,-31.59,-112.69,-inf,-87.93,-13.21,-74.79,11.86,-94.50,-19.94,-103.69,-29.17
2909,5100.00,5494.00,1,4,-75.77,11.18,90.00,0,-107.68,-32.22,-106.41,-30.95,-112.63,-inf,-88.35,-12.67,-75.77,11.18,-94.21,-18.70,-104.48,-29.02
2910,5100.00,5494.25,1,4,-77.96,8.00,90.00,0,-109.52,-32.19,-107.72,-30.39,-111.76,-inf,-86.77,-8.93,-77.96,8.00,-95.76,-18.38,-104.43,-27.09
2911,5100.00,5494.50,1,4,-79.96,4.96,90.00,0,-106.93,-28.16,-107.08,-28.31,-111.42,-inf,-85.68,-5.94,-79.96,4.96,-94.38,-15.51,-107.49,-28.72
2912,5100.00,5494.75,1,4,-80.33,4.82,90.00,0,-106.34,-27.24,-106.18,-27.08,-113.33,-inf,-85.95,-5.86,-80.33,4.82,-94.55,-15.33,-108.16,-29.06
2913,5100.00,5495.00,1,4,-82.50,1.94,90.00,0,-106.14,-25.78,-103.24,-22.87,-112.24,-inf,-85.22,-3.16,-82.50,1.94,-93.93,-13.38,-107.58,-27.22
2914,5100.00,5495.25,1,4,-80.31,3.60,90.00,0,-104.54,-25.79,-104.89,-26.14,-112.26,-inf,-84.60,-4.56,-80.31,3.60,-94.05,-15.19,-104.33,-25.58
2915,5100.00,5495.50,1,4,-82.79,1.70,90.00,0,-102.37,-21.79,-105.29,-24.72,-113.68,-inf,-85.26,-2.92,-82.79,1.70,-94.46,-13.73,-105.48,-24.91
2916,5100.00,5495.75,1,4,-81.21,3.37,90.00,0,-101.24,-21.65,-104.43,-24.85,-114.02,-inf,-85.51,-4.67,-81.21,3.37,-93.66,-13.92,-105.23,-25.66
2917,5100.00,5496.00,1,4,-81.85,2.97,90.00,0,-101.66,-21.55,-104.93,-24.83,-114.12,-inf,-85.74,-4.29,-81.85,2.97,-93.90,-13.64,-106.15,-26.06
2918,5100.00,5496.25,1,4,-83.60,1.73,90.00,0,-101.34,-19.93,-106.09,-24.71,-114.84,-inf,-86.20,-3.10,-83.60,1.73,-95.35,-13.81,-103.44,-22.05
2919,5100.00,5496.50,1,4,-81.74,2.06,90.00,0,-101.29,-21.63,-106.80,-27.16,-116.08,-inf,-84.59,-3.28,-81.74,2.06,-93.91,-14.11,-100.35,-20.68
2920,5100.00,5496.75,1,4,-82.10,0.87,90.00,0,-100.35,-20.82,-107.28,-27.78,-114.14,-inf,-83.56,-1.90,-82.10,0.87,-94.57,-14.94,-100.38,-20.84
2921,5100.00,5497.00,1,4,-78.81,4.24,90.00,0,-102.29,-24.86,-107.03,-29.61,-112.51,-inf,-83.76,-5.20,-78.81,4.24,-93.61,-16.09,-98.38,-20.93
2922,5100.00,5497.25,1,4,-80.05,1.90,90.00,0,-102.20,-24.30,-107.99,-30.10,-113.24,-inf,-82.45,-2.70,-80.05,1.90,-94.45,-16.47,-97.77,-19.84
2923,5100.00,5497.50,1,4,-78.40,2.58,90.00,0,-99.69,-23.18,-108.03,-31.54,-112.58,-inf,-81.57,-3.47,-78.40,2.58,-95.25,-18.70,-93.00,-16.41
2924,5100.00,5497.75,1,4,-78.07,1.74,90.00,0,-100.45,-24.59,-106.28,-30.43,-111.79,-inf,-80.20,-2.37,-78.07,1.74,-96.89,-21.01,-93.23,-17.31
2925,5100.00,5498.00,1,4,-76.33,1.19,90.00,0,-101.49,-27.61,-106.15,-32.27,-112.42,-inf,-77.73,-1.56,-76.33,1.19,-98.43,-24.55,-92.77,-18.84
2926,5100.00,5498.25,1,4,-76.23,2.20,90.00,0,-100.34,-26.14,-102.79,-28.60,-115.16,-inf,-78.78,-2.73,-76.23,2.20,-97.41,-23.21,-91.90,-17.64
2927,5100.00,5498.50,1,4,-74.04,5.92,90.00,0,-99.06,-26.00,-100.92,-27.86,-116.37,-inf,-80.41,-6.48,-74.04,5.92,-98.48,-25.42,-92.55,-19.45
2928,5100.00,5498.75,1,4,-74.76,5.57,90.00,0,-100.02,-26.31,-100.46,-26.75,-113.85,-inf,-80.74,-6.09,-74.76,5.57,-99.37,-25.66,-93.66,-19.91
2929,5100.00,5499.00,1,4,-77.08,2.50,90.00,0,-96.92,-21.75,-99.27,-24.11,-112.93,-inf,-80.00,-3.15,-77.08,2.50,-102.91,-27.76,-92.52,-17.30
2930,5100.00,5499.25,1,4,-76.78,1.81,90.00,0,-96.79,-22.19,-99.86,-25.26,-113.23,-inf,-78.93,-2.36,-76.78,1.81,-101.69,-27.10,-92.51,-17.86
2931,5100.00,5499.50,1,4,-78.53,-1.07,90.00,0,-98.17,-23.19,-100.93,-25.96,-113.45,-inf,-77.73,0.49,-78.53,-1.07,-104.84,-29.88,-91.63,-16.58
2932,5100.00,5499.75,1,4,-79.48,-2.00,90.00,0,-97.71,-22.32,-101.07,-25.70,-114.42,-inf,-77.85,1.10,-79.48,-2.00,-102.92,-27.55,-89.79,-14.27
2933,5100.00,5500.00,1,4,-77.00,-0.55,90.00,0,-97.46,-23.74,-102.61,-28.89,-113.39,-inf,-76.65,0.13,-77.00,-0.55,-103.88,-30.17,-91.86,-18.09
2934,5100.00,5500.25,1,3,-74.42,3.65,90.00,1,-97.40,-24.52,-102.96,-30.09,-115.06,-inf,-74.42,3.65,-78.41,-4.12,-104.70,-31.83,-91.01,-18.08
2935,5100.00,5500.50,1,3,-77.15,1.80,90.00,0,-97.74,-22.77,-103.30,-28.34,-114.91,-inf,-77.15,1.80,-79.34,-2.42,-107.53,-32.58,-91.26,-16.21
2936,5100.00,5500.75,1,3,-77.35,1.89,90.00,0,-97.26,-22.04,-101.81,-26.62,-115.24,-inf,-77.35,1.89,-79.66,-2.55,-106.79,-31.60,-91.54,-16.25
2937,5100.00,5501.00,1,3,-76.87,1.67,90.00,0,-99.20,-24.57,-104.55,-29.93,-114.24,-inf,-76.87,1.67,-78.84,-2.17,-105.90,-31.29,-91.83,-17.13
2938,5100.00,5501.25,1,3,-77.48,-0.76,90.00,0,-99.37,-25.29,-101.50,-27.42,-115.81,-inf,-77.48,-0.76,-76.91,0.34,-104.90,-30.83,-92.00,-17.86
2939,5100.00,5501.50,1,3,-77.99,-1.90,90.00,0,-98.79,-24.84,-102.68,-28.74,-118.93,-inf,-77.99,-1.90,-76.27,1.46,-106.25,-32.31,-91.78,-17.78
2940,5100.00,5501.75,1,3,-79.67,-3.03,90.00,0,-100.09,-25.19,-102.37,-27.48,-118.71,-inf,-79.67,-3.03,-76.82,2.51,-105.43,-30.54,-92.29,-17.33
2941,5100.00,5502.00,1,3,-77.89,-0.52,90.00,0,-98.52,-23.89,-104.35,-29.73,-119.25,-inf,-77.89,-0.52,-77.66,-0.08,-105.84,-31.23,-90.51,-15.79
2942,5100.00,5502.25,1,3,-76.68,0.55,90.00,0,-97.86,-23.91,-103.82,-29.88,-118.82,-inf,-76.68,0.55,-77.62,-1.27,-110.22,-inf,-88.71,-14.63
2943,5100.00,5502.50,1,3,-76.65,0.11,90.00,0,-97.16,-23.45,-105.10,-31.40,-121.00,-inf,-76.65,0.11,-77.16,-0.87,-111.13,-inf,-88.11,-14.26
2944,5100.00,5502.75,1,3,-77.89,-3.17,90.00,0,-96.51,-23.48,-103.95,-30.94,-119.21,-inf,-77.89,-3.17,-75.06,2.19,-109.98,-36.97,-86.58,-13.38
2945,5100.00,5503.00,1,4,-75.29,2.23,90.00,1,-99.98,-26.72,-103.56,-30.30,-118.86,-inf,-78.69,-3.97,-75.29,2.23,-109.19,-35.93,-84.07,-10.44
2946,5100.00,5503.25,1,4,-74.46,2.33,90.00,0,-101.12,-28.65,-101.73,-29.26,-117.45,-inf,-77.60,-3.56,-74.46,2.33,-108.06,-35.59,-84.80,-12.08
2947,5100.00,5503.50,1,4,-74.46,2.41,90.00,0,-99.65,-27.16,-103.99,-31.50,-116.05,-inf,-77.75,-3.72,-74.46,2.41,-108.39,-35.90,-84.54,-11.77
2948,5100.00,5503.75,1,4,-74.18,4.29,90.00,0,-100.37,-27.56,-102.55,-29.75,-112.10,-inf,-80.24,-6.57,-74.18,4.29,-108.63,-35.83,-83.45,-10.26
2949,5100.00,5504.00,1,4,-73.56,5.43,90.00,0,-99.76,-27.28,-100.97,-28.50,-112.82,-inf,-79.94,-6.62,-73.56,5.43,-107.12,-34.66,-86.60,-13.96
2950,5100.00,5504.25,1,4,-72.73,6.64,90.00,0,-103.51,-31.63,-100.66,-28.77,-110.50,-inf,-81.20,-8.78,-72.73,6.64,-106.06,-34.18,-84.30,-12.17
2951,5100.00,5504.50,1,4,-71.07,9.67,90.00,0,-102.16,-31.53,-99.58,-28.95,-110.42,-inf,-83.67,-12.83,-71.07,9.67,-102.90,-32.27,-84.17,-13.35
2952,5100.00,5504.75,1,4,-70.06,10.21,90.00,0,-99.80,-30.13,-99.29,-29.62,-113.57,-inf,-83.41,-13.55,-70.06,10.21,-106.53,-36.86,-83.48,-13.63
2953,5100.00,5505.00,1,4,-69.74,10.06,90.00,0,-98.00,-28.66,-98.02,-28.69,-112.04,-inf,-84.20,-14.73,-69.74,10.06,-102.68,-33.35,-82.07,-12.50
2954,5100.00,5505.25,1,4,-68.36,11.25,90.00,0,-99.19,-31.15,-99.31,-31.26,-111.19,-inf,-85.40,-17.28,-68.36,11.25,-102.86,-34.82,-81.15,-12.89
2955,5100.00,5505.50,1,4,-69.25,10.27,90.00,0,-98.63,-29.76,-98.62,-29.76,-112.79,-inf,-85.49,-16.53,-69.25,10.27,-103.20,-34.33,-81.02,-11.89
2956,5100.00,5505.75,1,4,-70.68,8.42,90.00,0,-99.14,-29.04,-100.92,-30.82,-109.89,-39.79,-86.09,-15.88,-70.68,8.42,-102.01,-31.91,-80.24,-9.70
2957,5100.00,5506.00,1,4,-68.41,11.62,90.00,0,-97.93,-29.81,-101.16,-33.05,-110.03,-inf,-86.68,-18.50,-68.41,11.62,-100.46,-32.34,-81.32,-12.99
2958,5100.00,5506.25,1,4,-67.21,13.36,90.00,0,-98.60,-31.58,-100.84,-33.82,-108.77,-41.76,-87.13,-20.08,-67.21,13.36,-100.89,-33.88,-81.93,-14.77
2959,5100.00,5506.50,1,4,-68.03,11.09,90.00,0,-100.09,-32.38,-100.40,-32.69,-107.42,-39.71,-89.07,-21.33,-68.03,11.09,-98.21,-30.50,-79.77,-11.79
2960,5100.00,5506.75,1,4,-69.35,11.17,90.00,0,-97.95,-28.91,-101.15,-32.12,-109.20,-40.16,-88.73,-19.65,-69.35,11.17,-99.61,-30.57,-81.51,-12.22
2961,5100.00,5507.00,1,4,-71.03,9.37,90.00,0,-95.54,-24.97,-100.72,-30.15,-107.89,-37.33,-87.96,-17.33,-71.03,9.37,-98.94,-28.38,-81.61,-10.70
2962,5100.00,5507.25,1,4,-71.60,8.69,90.00,0,-93.34,-22.26,-100.10,-29.05,-107.92,-36.87,-86.72,-15.56,-71.60,8.69,-97.73,-26.67,-81.95,-10.54
2963,5100.00,5507.50,1,4,-72.93,9.32,90.00,0,-90.66,-18.14,-95.92,-23.45,-108.00,-35.55,-88.06,-15.48,-72.93,9.32,-95.85,-23.38,-85.39,-12.71
2964,5100.00,5507.75,1,4,-73.05,8.76,90.00,0,-90.38,-17.80,-96.72,-24.19,-110.23,-inf,-88.02,-15.39,-73.05,8.76,-95.31,-22.78,-84.57,-11.78
2965,5100.00,5508.00,1,4,-72.58,10.12,90.00,0,-92.67,-20.46,-96.51,-24.31,-111.08,-inf,-89.73,-17.48,-72.58,10.12,-95.29,-23.10,-85.03,-12.62
2966,5100.00,5508.25,1,4,-71.95,9.74,90.00,0,-92.17,-20.62,-98.41,-26.88,-109.84,-38.33,-88.00,-16.38,-71.95,9.74,-95.81,-24.28,-83.92,-12.15
2967,5100.00,5508.50,1,4,-73.76,9.07,90.00,0,-90.19,-16.85,-99.47,-26.20,-111.12,-inf,-88.39,-15.00,-73.76,9.07,-98.42,-25.16,-86.11,-12.62
2968,5100.00,5508.75,1,4,-74.82,8.36,90.00,0,-89.80,-15.45,-98.05,-23.80,-111.05,-inf,-89.11,-14.73,-74.82,8.36,-100.43,-26.19,-86.62,-12.13
2969,5100.00,5509.00,1,4,-74.52,9.60,90.00,0,-89.45,-15.25,-97.68,-23.60,-111.33,-inf,-92.20,-18.07,-74.52,9.60,-98.09,-24.01,-87.67,-13.41
2970,5100.00,5509.25,1,4,-71.83,11.77,90.00,0,-89.27,-17.64,-98.52,-26.96,-111.48,-inf,-90.44,-18.84,-71.83,11.77,-98.45,-26.89,-87.23,-15.56
2971,5100.00,5509.50,1,4,-73.26,10.93,90.00,0,-90.86,-17.87,-98.04,-25.10,-111.58,-inf,-89.84,-16.84,-73.26,10.93,-96.68,-23.74,-88.27,-15.22
2972,5100.00,5509.75,1,4,-71.51,13.19,90.00,0,-90.18,-18.81,-99.91,-28.59,-112.74,-inf,-89.05,-17.67,-71.51,13.19,-95.95,-24.62,-91.40,-20.05
2973,5100.00,5510.00,1,4,-75.15,9.50,90.00,0,-91.36,-16.59,-101.02,-26.33,-112.03,-inf,-88.01,-13.12,-75.15,9.50,-96.04,-21.32,-91.60,-16.83
2974,5100.00,5510.25,1,4,-73.55,11.76,90.00,0,-90.61,-17.26,-101.04,-27.76,-109.98,-36.71,-89.27,-15.88,-73.55,11.76,-96.18,-22.89,-93.40,-20.08
2975,5100.00,5510.50,1,4,-73.82,11.41,90.00,0,-93.23,-19.67,-101.58,-28.05,-110.23,-inf,-90.03,-16.42,-73.82,11.41,-94.61,-21.05,-89.95,-16.33
2976,5100.00,5510.75,1,4,-75.35,10.45,90.00,0,-93.47,-18.43,-99.65,-24.66,-112.39,-inf,-88.97,-13.82,-75.35,10.45,-93.76,-18.72,-95.50,-20.49
2977,5100.00,5511.00,1,4,-75.10,9.66,90.00,0,-92.95,-18.23,-98.18,-23.50,-111.83,-inf,-88.45,-13.60,-75.10,9.66,-91.59,-16.84,-93.43,-18.72
2978,5100.00,5511.25,1,4,-77.84,6.00,90.00,0,-94.78,-17.84,-99.13,-22.23,-112.34,-inf,-88.31,-11.11,-77.84,6.00,-90.93,-13.88,-88.89,-11.74
2979,5100.00,5511.50,1,4,-78.56,5.08,90.00,0,-94.96,-17.50,-98.96,-21.55,-110.82,-inf,-88.23,-10.47,-78.56,5.08,-91.42,-13.86,-88.08,-10.31
2980,5100.00,5511.75,1,4,-79.33,3.78,90.00,0,-94.82,-16.92,-99.23,-21.38,-111.45,-inf,-86.65,-8.22,-79.33,3.78,-90.19,-12.11,-89.17,-11.03
2981,5100.00,5512.00,1,4,-80.50,0.99,90.00,0,-96.13,-18.11,-97.04,-19.02,-112.48,-inf,-83.86,-4.61,-80.50,0.99,-89.99,-11.75,-88.44,-10.07
2982,5100.00,5512.25,1,4,-82.19,-1.22,90.00,0,-96.02,-17.42,-97.85,-19.27,-111.38,-inf,-82.56,-1.85,-82.19,-1.22,-91.07,-12.30,-89.37,-10.46
2983,5100.00,5512.50,1,4,-78.81,2.55,90.00,0,-94.12,-17.15,-100.18,-23.28,-110.66,-inf,-83.23,-5.20,-78.81,2.55,-91.36,-14.32,-89.01,-11.85
2984,5100.00,5512.75,1,4,-78.27,1.44,90.00,0,-96.08,-20.12,-102.02,-26.09,-110.79,-inf,-81.40,-4.05,-78.27,1.44,-91.27,-15.22,-86.35,-10.03
2985,5100.00,5513.00,1,4,-76.81,3.33,90.00,0,-94.53,-19.33,-101.62,-26.45,-111.68,-inf,-81.55,-5.26,-76.81,3.33,-91.42,-16.16,-88.45,-13.08
2986,5100.00,5513.25,1,4,-78.32,2.09,90.00,0,-95.19,-18.90,-100.90,-24.65,-113.93,-inf,-81.69,-4.00,-78.32,2.09,-90.84,-14.46,-89.93,-13.52
2987,5100.00,5513.50,1,4,-79.26,2.87,90.00,0,-94.25,-16.71,-102.56,-25.10,-113.43,-inf,-84.44,-6.01,-79.26,2.87,-89.36,-11.62,-90.80,-13.14
2988,5100.00,5513.75,1,4,-78.38,2.31,90.00,0,-94.42,-17.97,-101.74,-25.36,-113.29,-inf,-82.55,-4.98,-78.38,2.31,-87.46,-10.73,-91.88,-15.38
2989,5100.00,5514.00,1,4,-78.09,3.56,90.00,0,-92.81,-16.20,-101.52,-25.00,-115.09,-inf,-83.88,-6.50,-78.09,3.56,-89.41,-12.68,-90.43,-13.74
2990,5100.00,5514.25,1,4,-77.66,3.70,90.00,0,-91.77,-15.53,-101.32,-25.18,-114.65,-inf,-83.43,-6.42,-77.66,3.70,-90.27,-13.98,-90.08,-13.78
2991,5100.00,5514.50,1,4,-77.85,4.08,90.00,0,-93.12,-16.60,-102.28,-25.85,-116.61,-inf,-85.55,-8.56,-77.85,4.08,-87.34,-10.55,-89.48,-12.84
2992,5100.00,5514.75,1,4,-80.20,1.17,90.00,0,-91.06,-13.11,-100.13,-22.37,-115.05,-inf,-86.78,-8.46,-80.20,1.17,-86.39,-8.01,-87.19,-8.92
2993,5100.00,5515.00,1,4,-82.03,-0.94,90.00,0,-90.72,-11.93,-101.72,-23.18,-112.87,-inf,-86.48,-7.19,-82.03,-0.94,-85.86,-6.45,-87.15,-7.99
2994,5100.00,5515.25,1,4,-80.10,0.50,90.00,0,-90.49,-12.94,-100.33,-22.98,-112.51,-inf,-85.47,-7.41,-80.10,0.50,-86.45,-8.55,-85.99,-8.03
2995,5100.00,5515.50,1,4,-80.37,-0.02,90.00,0,-90.82,-13.27,-100.64,-23.26,-110.94,-inf,-85.71,-7.67,-80.37,-0.02,-84.85,-6.64,-86.50,-8.58
2996,5100.00,5515.75,1,4,-84.30,-4.32,90.00,0,-88.56,-9.49,-98.86,-20.21,-112.61,-inf,-85.85,-6.33,-84.30,-4.32,-85.28,-5.61,-85.43,-5.81
2997,5100.00,5516.00,1,4,-84.21,-4.39,90.00,0,-86.79,-7.62,-96.92,-18.38,-116.07,-inf,-85.27,-5.77,-84.21,-4.39,-86.86,-7.70,-85.25,-5.76
2998,5100.00,5516.25,1,4,-83.21,-4.68,90.00,0,-86.37,-8.55,-95.89,-18.58,-115.09,-inf,-85.88,-7.98,-83.21,-4.68,-84.95,-6.89,-82.53,-3.74
2999,5100.00,5516.50,1,4,-85.41,-6.87,90.00,0,-85.30,-6.75,-95.10,-17.30,-114.51,-inf,-84.95,-6.31,-85.41,-6.87,-86.93,-8.65,-82.66,-3.25
3000,5100.00,5516.75,1,3,-83.65,-4.59,90.00,1,-85.05,-6.38,-96.57,-18.74,-114.64,-inf,-83.65,-4.59,-87.82,-9.60,-86.91,-8.57,-82.79,-3.37
3001,5100.00,5517.00,1,3,-84.55,-5.01,90.00,0,-85.30,-5.96,-96.75,-18.34,-114.45,-inf,-84.55,-5.01,-87.23,-8.27,-87.01,-8.02,-84.02,-4.30
3002,5100.00,5517.25,1,3,-83.72,-3.27,90.00,0,-86.76,-7.24,-98.51,-19.70,-116.25,-inf,-83.72,-3.27,-86.24,-6.62,-88.60,-9.35,-85.34,-5.49
3003,5100.00,5517.50,1,3,-85.93,-5.84,90.00,0,-88.34,-8.71,-97.35,-18.20,-115.20,-inf,-85.93,-5.84,-86.58,-6.65,-86.56,-6.62,-84.38,-3.78
3004,5100.00,5517.75,1,3,-85.89,-5.51,90.00,0,-90.45,-10.80,-95.61,-16.21,-116.48,-inf,-85.89,-5.51,-89.47,-9.73,-88.96,-9.16,-82.61,-0.57
3005,5100.00,5518.00,1,3,-86.79,-6.80,90.00,0,-91.51,-12.07,-95.56,-16.29,-114.80,-inf,-86.79,-6.80,-87.84,-8.04,-89.78,-10.22,-82.06,0.26
3006,5100.00,5518.25,1,3,-86.46,-5.48,90.00,0,-91.97,-11.80,-98.31,-18.35,-114.41,-inf,-86.46,-5.48,-90.95,-10.70,-89.71,-9.34,-82.81,0.19
3007,5100.00,5518.50,1,3,-86.79,-5.87,90.00,0,-92.76,-12.60,-96.10,-16.07,-113.80,-inf,-86.79,-5.87,-88.94,-8.43,-88.96,-8.45,-83.32,-0.73
3008,5100.00,5518.75,1,3,-87.32,-6.21,90.00,0,-94.20,-13.85,-96.77,-16.49,-111.96,-inf,-87.32,-6.21,-87.35,-6.25,-89.46,-8.74,-83.89,-1.30
3009,5100.00,5519.00,1,3,-87.15,-5.68,90.00,0,-91.53,-10.75,-95.71,-15.15,-111.62,-inf,-87.15,-5.68,-88.12,-6.88,-88.47,-7.30,-85.09,-2.84
3010,5100.00,5519.25,1,4,-85.58,-4.28,90.00,1,-90.12,-9.76,-95.15,-15.09,-113.60,-inf,-90.86,-10.57,-85.58,-4.28,-87.29,-6.49,-84.75,-3.10
3011,5100.00,5519.50,1,4,-85.18,-3.12,90.00,0,-92.55,-11.94,-93.66,-13.12,-114.13,-inf,-90.84,-10.10,-85.18,-3.12,-85.86,-4.10,-87.66,-6.43
3012,5100.00,5519.75,1,4,-86.01,-2.87,90.00,0,-92.19,-10.48,-96.75,-15.28,-115.74,-inf,-89.93,-7.95,-86.01,-2.87,-88.45,-6.17,-88.29,-5.97
3013,5100.00,5520.00,1,4,-87.83,-4.28,90.00,0,-92.59,-10.00,-100.22,-17.98,-116.04,-inf,-90.03,-7.08,-87.83,-4.28,-89.74,-6.73,-87.92,-4.41
3014,5100.00,5520.25,1,4,-86.18,-2.99,90.00,0,-93.43,-11.72,-97.78,-16.25,-117.98,-inf,-88.13,-5.66,-86.18,-2.99,-90.91,-8.96,-87.64,-5.02
3015,5100.00,5520.50,1,4,-89.51,-6.62,90.00,0,-95.22,-12.96,-99.43,-17.31,-116.11,-inf,-86.63,-2.74,-89.51,-6.62,-91.14,-8.54,-87.75,-4.35
3016,5100.00,5520.75,1,3,-86.10,-1.71,90.00,1,-94.15,-11.72,-101.08,-18.88,-115.35,-inf,-86.10,-1.71,-91.28,-8.56,-91.84,-9.19,-87.75,-4.20
3017,5100.00,5521.00,1,3,-87.00,-2.04,90.00,0,-93.03,-9.74,-101.67,-18.76,-114.25,-inf,-87.00,-2.04,-91.62,-8.15,-93.30,-10.03,-88.63,-4.45
3018,5100.00,5521.25,1,3,-87.54,-3.03,90.00,0,-95.99,-13.02,-104.20,-21.41,-113.80,-inf,-87.54,-3.03,-87.95,-3.63,-94.81,-11.77,-89.16,-5.27
3019,5100.00,5521.50,1,3,-88.86,-4.58,90.00,0,-98.53,-15.43,-103.92,-20.90,-112.51,-inf,-88.86,-4.58,-89.80,-5.80,-94.40,-11.08,-86.91,-1.66
3020,5100.00,5521.75,1,3,-91.67,-8.07,90.00,0,-95.33,-12.09,-102.24,-19.21,-111.47,-inf,-91.67,-8.07,-89.01,-4.79,-95.22,-11.97,-86.29,-0.59
3021,5100.00,5522.00,1,3,-90.48,-6.21,90.00,0,-95.59,-11.99,-103.25,-19.88,-111.13,-inf,-90.48,-6.21,-90.22,-5.89,-95.06,-11.43,-86.86,-0.98
3022,5100.00,5522.25,1,4,-89.87,-4.86,90.00,1,-95.79,-11.73,-103.93,-20.11,-108.31,-24.52,-93.10,-8.79,-89.87,-4.86,-96.42,-12.41,-86.94,-0.30
3023,5100.00,5522.50,1,4,-89.11,-3.72,90.00,0,-98.62,-14.62,-105.77,-21.89,-109.13,-25.26,-93.50,-9.14,-89.11,-3.72,-97.93,-13.90,-86.98,-0.23
3024,5100.00,5522.75,1,4,-87.42,-3.83,90.00,0,-99.99,-17.83,-106.08,-23.97,-109.55,-27.45,-94.37,-12.01,-87.42,-3.83,-97.79,-15.58,-84.43,1.45
3025,5100.00,5523.00,1,4,-86.26,-0.43,90.00,0,-101.77,-18.68,-104.51,-21.45,-108.90,-25.86,-95.39,-12.10,-86.26,-0.43,-96.62,-13.39,-87.24,-2.13
3026,5100.00,5523.25,1,4,-86.30,0.53,90.00,0,-99.26,-15.60,-107.53,-23.97,-109.71,-26.16,-96.21,-12.43,-86.30,0.53,-95.03,-11.17,-88.94,-3.92
3027,5100.00,5523.50,1,4,-85.92,1.21,90.00,0,-100.04,-16.48,-109.41,-25.92,-109.67,-26.19,-94.70,-10.89,-85.92,1.21,-94.40,-10.56,-89.94,-5.35
3028,5100.00,5523.75,1,4,-86.26,1.96,90.00,0,-100.53,-16.31,-108.57,-24.42,-111.39,-inf,-95.91,-11.49,-86.26,1.96,-93.99,-9.39,-91.90,-6.98
3029,5100.00,5524.00,1,4,-87.60,0.64,90.00,0,-101.59,-16.60,-106.96,-22.04,-112.31,-inf,-96.24,-11.01,-87.60,0.64,-94.02,-8.55,-91.70,-5.79
3030,5100.00,5524.25,1,4,-84.17,4.19,90.00,0,-100.69,-17.86,-107.45,-24.67,-110.25,-inf,-99.10,-16.23,-84.17,4.19,-94.43,-11.36,-91.12,-7.67
3031,5100.00,5524.50,1,4,-82.37,6.22,90.00,0,-101.25,-19.77,-106.82,-25.37,-111.63,-inf,-98.99,-17.48,-82.37,6.22,-96.04,-14.45,-90.89,-8.93
3032,5100.00,5524.75,1,4,-83.30,6.44,90.00,0,-101.67,-19.20,-107.43,-25.00,-114.67,-inf,-99.51,-17.01,-83.30,6.44,-96.73,-14.15,-92.60,-9.75
3033,5100.00,5525.00,1,4,-83.89,6.85,90.00,0,-101.61,-18.47,-107.51,-24.42,-114.06,-inf,-101.56,-18.42,-83.89,6.85,-95.41,-12.07,-95.26,-11.91
3034,5100.00,5525.25,1,4,-82.27,8.97,90.00,0,-99.55,-17.72,-106.95,-25.19,-114.83,-inf,-100.96,-19.15,-82.27,8.97,-95.66,-13.72,-97.74,-15.88
3035,5100.00,5525.50,1,4,-83.35,7.71,90.00,0,-97.70,-14.89,-107.27,-24.59,-115.46,-inf,-99.17,-16.40,-83.35,7.71,-95.94,-13.06,-99.22,-16.45
3036,5100.00,5525.75,1,4,-84.46,4.94,90.00,0,-97.88,-14.47,-104.88,-21.59,-113.13,-inf,-98.51,-15.12,-84.46,4.94,-92.11,-8.25,-100.21,-16.87
3037,5100.00,5526.00,1,4,-85.36,4.61,90.00,0,-98.11,-13.87,-104.53,-20.42,-115.16,-inf,-99.19,-14.98,-85.36,4.61,-93.52,-8.93,-98.15,-13.91
3038,5100.00,5526.25,1,4,-85.24,4.81,90.00,0,-95.06,-10.71,-103.17,-19.12,-114.28,-inf,-99.33,-15.21,-85.24,4.81,-95.28,-10.95,-99.30,-15.18
3039,5100.00,5526.50,1,4,-84.85,4.78,90.00,0,-94.28,-10.29,-106.78,-23.16,-111.96,-inf,-97.35,-13.56,-84.85,4.78,-95.91,-12.04,-98.09,-14.34
3040,5100.00,5526.75,1,4,-86.95,1.89,90.00,0,-93.50,-8.09,-110.68,-inf,-112.29,-inf,-96.36,-11.27,-86.95,1.89,-95.11,-9.90,-96.57,-11.49
3041,5100.00,5527.00,1,4,-88.14,0.00,90.00,0,-93.14,-7.26,-111.56,-inf,-113.29,-inf,-95.48,-9.94,-88.14,0.00,-93.96,-8.22,-95.77,-10.25
3042,5100.00,5527.25,1,4,-88.65,-0.06,90.00,0,-93.22,-6.78,-111.83,-inf,-113.74,-inf,-96.30,-10.31,-88.65,-0.06,-94.71,-8.54,-96.27,-10.27
3043,5100.00,5527.50,1,4,-87.40,1.83,90.00,0,-93.27,-7.33,-111.81,-inf,-113.72,-inf,-96.49,-10.95,-87.40,1.83,-95.35,-9.70,-99.71,-14.34
3044,5100.00,5527.75,1,4,-88.83,0.79,90.00,0,-94.19,-7.23,-112.57,-inf,-114.89,-inf,-96.06,-9.39,-88.83,0.79,-96.61,-9.99,-98.45,-11.98
3045,5100.00,5528.00,1,4,-91.84,-3.70,90.00,0,-94.21,-6.78,-112.30,-inf,-115.42,-inf,-92.28,-4.31,-91.84,-3.70,-94.89,-7.59,-98.63,-11.75
3046,5100.00,5528.25,1,4,-92.13,-3.58,90.00,0,-96.10,-8.55,-110.82,-inf,-112.41,-inf,-93.53,-5.47,-92.13,-3.58,-92.98,-4.75,-99.92,-12.72
3047,5100.00,5528.50,1,4,-91.71,-3.50,90.00,0,-96.02,-8.89,-110.49,-inf,-114.25,-inf,-95.00,-7.71,-91.71,-3.50,-91.30,-2.89,-99.92,-13.11
3048,5100.00,5528.75,1,4,-92.73,-4.58,90.00,0,-96.64,-9.32,-110.05,-inf,-112.56,-inf,-95.02,-7.46,-92.73,-4.58,-90.88,-1.85,-100.67,-13.64
3049,5100.00,5529.00,1,4,-89.98,-1.80,90.00,0,-96.25,-9.85,-107.27,-21.27,-115.83,-inf,-92.78,-5.79,-89.98,-1.80,-92.71,-5.70,-99.90,-13.75
3050,5100.00,5529.25,1,4,-89.18,-2.26,90.00,0,-97.17,-12.01,-106.60,-21.68,-113.69,-inf,-90.17,-3.75,-89.18,-2.26,-91.97,-6.14,-99.04,-13.98
3051,5100.00,5529.50,1,4,-90.69,-4.11,90.00,0,-99.67,-14.36,-104.96,-19.77,-114.50,-inf,-89.42,-2.24,-90.69,-4.11,-92.21,-6.11,-96.63,-11.16
3052,5100.00,5529.75,1,4,-91.13,-4.97,90.00,0,-99.73,-14.62,-104.48,-19.46,-112.67,-inf,-88.81,-1.53,-91.13,-4.97,-92.67,-6.90,-94.96,-9.54
3053,5100.00,5530.00,1,4,-89.47,-3.50,90.00,0,-100.02,-15.53,-102.53,-18.09,-113.30,-inf,-90.20,-4.51,-89.47,-3.50,-90.42,-4.81,-93.90,-9.02
3054,5100.00,5530.25,1,4,-86.40,-0.93,90.00,0,-100.24,-17.25,-99.50,-16.50,-115.91,-inf,-88.85,-4.67,-86.40,-0.93,-90.81,-7.14,-94.04,-10.79
3055,5100.00,5530.50,1,4,-85.63,1.26,90.00,0,-102.16,-18.90,-99.95,-16.65,-114.11,-inf,-90.99,-7.00,-85.63,1.26,-92.27,-8.49,-94.01,-10.43
3056,5100.00,5530.75,1,4,-85.61,1.94,90.00,0,-100.65,-17.11,-101.62,-18.10,-113.07,-inf,-91.53,-7.34,-85.61,1.94,-92.55,-8.52,-96.09,-12.39
3057,5100.00,5531.00,1,4,-87.14,-0.41,90.00,0,-102.09,-18.10,-99.97,-15.94,-111.47,-inf,-91.43,-6.66,-87.14,-0.41,-90.74,-5.81,-95.29,-11.04
3058,5100.00,5531.25,1,4,-86.67,0.28,90.00,0,-101.53,-17.65,-99.70,-15.79,-110.22,-inf,-91.39,-6.75,-86.67,0.28,-91.19,-6.52,-95.99,-11.92
3059,5100.00,5531.50,1,4,-85.83,-0.84,90.00,0,-102.49,-20.06,-101.08,-18.64,-112.21,-inf,-90.54,-7.43,-85.83,-0.84,-87.49,-3.51,-95.77,-13.18
3060,5100.00,5531.75,1,4,-86.30,-0.15,90.00,0,-100.64,-17.34,-99.65,-16.34,-110.93,-inf,-91.17,-7.19,-86.30,-0.15,-89.63,-5.29,-95.57,-12.09
3061,5100.00,5532.00,1,4,-88.12,-2.43,90.00,0,-101.20,-17.41,-97.24,-13.33,-109.20,-25.47,-91.84,-7.39,-88.12,-2.43,-88.49,-3.01,-95.91,-11.92
3062,5100.00,5532.25,1,4,-87.32,-1.14,90.00,0,-101.55,-17.77,-98.55,-14.71,-106.05,-22.32,-91.82,-7.39,-87.32,-1.14,-89.47,-4.43,-95.42,-11.42
3063,5100.00,5532.50,1,4,-86.43,-0.52,90.00,0,-100.02,-16.78,-99.26,-16.00,-105.56,-22.39,-88.83,-4.31,-86.43,-0.52,-92.13,-8.39,-95.26,-11.83
3064,5100.00,5532.75,1,4,-85.46,0.36,90.00,0,-98.79,-16.06,-98.88,-16.15,-105.21,-22.56,-88.78,-4.94,-85.46,0.36,-92.89,-9.83,-94.13,-11.18
3065,5100.00,5533.00,1,4,-82.86,2.05,90.00,0,-98.29,-17.46,-98.86,-18.03,-104.51,-23.73,-87.54,-5.77,-82.86,2.05,-92.23,-11.15,-93.41,-12.42
3066,5100.00,5533.25,1,4,-83.37,0.22,90.00,0,-97.13,-16.57,-98.38,-17.84,-104.55,-24.07,-85.15,-2.88,-83.37,0.22,-93.32,-12.62,-94.19,-13.53
3067,5100.00,5533.50,1,4,-82.46,0.15,90.00,0,-97.22,-17.62,-99.54,-19.97,-104.44,-24.90,-83.68,-2.05,-82.46,0.15,-93.08,-13.36,-95.70,-16.07
3068,5100.00,5533.75,1,4,-80.81,2.16,90.00,0,-97.61,-18.80,-100.28,-21.50,-104.69,-25.93,-84.25,-4.06,-80.81,2.16,-91.20,-12.19,-98.93,-20.14
3069,5100.00,5534.00,1,4,-79.66,1.98,90.00,0,-97.72,-20.14,-100.00,-22.44,-102.54,-25.00,-82.38,-3.13,-79.66,1.98,-93.17,-15.52,-98.00,-20.43
3070,5100.00,5534.25,1,4,-76.74,5.31,90.00,0,-98.43,-22.79,-101.52,-25.89,-102.02,-26.39,-83.26,-6.82,-76.74,5.31,-90.65,-14.90,-95.39,-19.73
3071,5100.00,5534.50,1,4,-76.97,6.77,90.00,0,-98.13,-21.96,-102.91,-26.76,-101.06,-24.90,-84.89,-8.12,-76.97,6.77,-94.30,-18.09,-96.52,-20.34
3072,5100.00,5534.75,1,4,-73.70,7.64,90.00,0,-97.15,-24.13,-100.50,-27.48,-102.48,-29.47,-81.94,-8.33,-73.70,7.64,-95.40,-22.36,-96.53,-23.50
3073,5100.00,5535.00,1,4,-70.97,9.42,90.00,0,-97.06,-26.55,-101.92,-31.42,-103.18,-32.67,-80.85,-9.93,-70.97,9.42,-96.26,-25.75,-95.48,-24.97
3074,5100.00,5535.25,1,4,-72.09,6.76,90.00,0,-97.64,-26.37,-100.09,-28.82,-105.54,-34.29,-79.23,-7.22,-72.09,6.76,-93.85,-22.56,-95.40,-24.13
3075,5100.00,5535.50,1,4,-72.58,5.99,90.00,0,-99.01,-27.39,-102.77,-31.16,-104.40,-32.79,-78.93,-6.43,-72.58,5.99,-93.28,-21.64,-95.41,-23.78
3076,5100.00,5535.75,1,4,-74.33,5.04,90.00,0,-99.43,-26.28,-104.77,-31.62,-103.34,-30.20,-79.83,-5.64,-74.33,5.04,-92.11,-18.91,-95.93,-22.76
3077,5100.00,5536.00,1,4,-74.53,3.29,90.00,0,-99.72,-26.84,-104.04,-31.17,-100.12,-27.25,-78.15,-3.76,-74.53,3.29,-91.98,-19.06,-96.90,-24.02
3078,5100.00,5536.25,1,4,-74.12,1.18,90.00,0,-102.11,-30.44,-105.70,-34.04,-97.99,-26.32,-75.51,-1.53,-74.12,1.18,-91.23,-19.52,-96.67,-24.99
3079,5100.00,5536.50,1,4,-73.37,1.40,90.00,0,-101.89,-30.87,-106.55,-35.54,-96.99,-25.97,-74.95,-1.70,-73.37,1.40,-91.34,-20.29,-96.65,-25.64
3080,5100.00,5536.75,1,4,-72.90,3.84,90.00,0,-101.23,-29.82,-105.33,-33.92,-96.09,-24.67,-77.06,-4.28,-72.90,3.84,-91.91,-20.47,-94.19,-22.76
3081,5100.00,5537.00,1,4,-75.58,2.61,90.00,0,-101.46,-27.78,-104.83,-31.15,-97.17,-23.47,-78.61,-3.26,-75.58,2.61,-92.56,-18.83,-93.21,-19.48
3082,5100.00,5537.25,1,4,-74.67,3.50,90.00,0,-105.18,-32.11,-102.49,-29.42,-98.38,-25.30,-78.62,-4.13,-74.67,3.50,-91.75,-18.63,-93.09,-19.98
3083,5100.00,5537.50,1,4,-75.09,5.54,90.00,0,-104.07,-30.05,-102.46,-28.44,-97.71,-23.67,-81.53,-6.67,-75.09,5.54,-91.13,-17.03,-93.11,-19.04
3084,5100.00,5537.75,1,4,-75.92,3.30,90.00,0,-106.83,-32.58,-103.53,-29.27,-98.35,-24.08,-79.82,-4.15,-75.92,3.30,-92.00,-17.67,-92.17,-17.85
3085,5100.00,5538.00,1,4,-78.66,1.00,90.00,0,-105.97,-29.84,-102.01,-25.88,-99.80,-23.66,-80.36,-2.19,-78.66,1.00,-91.85,-15.61,-91.74,-15.50
3086,5100.00,5538.25,1,4,-78.73,0.97,90.00,0,-105.19,-29.01,-100.83,-24.64,-99.98,-23.78,-80.45,-2.24,-78.73,0.97,-91.61,-15.30,-91.63,-15.33
3087,5100.00,5538.50,1,4,-79.47,1.96,90.00,0,-106.53,-29.19,-102.36,-25.01,-99.85,-22.49,-82.43,-3.49,-79.47,1.96,-92.33,-14.86,-92.17,-14.70
3088,5100.00,5538.75,1,4,-78.25,2.57,90.00,0,-108.52,-32.18,-103.72,-27.37,-101.03,-24.68,-81.54,-3.65,-78.25,2.57,-93.44,-17.02,-92.32,-15.88
3089,5100.00,5539.00,1,4,-78.20,0.86,90.00,0,-107.77,-32.17,-104.30,-28.70,-101.79,-26.19,-79.68,-1.92,-78.20,0.86,-92.62,-16.93,-90.59,-14.85
3090,5100.00,5539.25,1,4,-77.32,0.84,90.00,0,-106.60,-31.88,-104.41,-29.69,-101.80,-27.08,-78.70,-1.77,-77.32,0.84,-92.66,-17.87,-90.01,-15.16
3091,5100.00,5539.50,1,4,-78.35,0.03,90.00,0,-106.62,-31.25,-101.01,-25.64,-100.86,-25.48,-78.96,-1.12,-78.35,0.03,-93.50,-18.07,-89.68,-14.16
3092,5100.00,5539.75,1,4,-75.54,1.96,90.00,0,-109.05,-35.65,-101.59,-28.18,-102.06,-28.66,-77.96,-2.70,-75.54,1.96,-93.21,-19.77,-89.67,-16.16
3093,5100.00,5540.00,1,4,-75.08,1.04,90.00,0,-108.54,-35.98,-102.87,-30.31,-100.78,-28.21,-76.66,-1.97,-75.08,1.04,-92.44,-19.84,-86.90,-14.18
3094,5100.00,5540.25,1,4,-79.78,-2.04,90.00,0,-109.01,-33.38,-103.49,-27.86,-102.97,-27.34,-78.49,0.30,-79.78,-2.04,-92.13,-16.40,-87.30,-11.36
3095,5100.00,5540.50,1,4,-79.48,-1.16,90.00,0,-111.85,-inf,-103.34,-27.48,-104.67,-28.81,-79.13,-0.52,-79.48,-1.16,-94.18,-18.26,-87.12,-10.93
3096,5100.00,5540.75,1,4,-76.67,0.22,90.00,0,-111.72,-inf,-104.22,-30.45,-104.39,-30.62,-77.29,-0.97,-76.67,0.22,-95.73,-21.93,-88.69,-14.78
3097,5100.00,5541.00,1,4,-75.61,2.98,90.00,0,-110.21,-inf,-103.61,-29.76,-105.27,-31.42,-79.27,-3.95,-75.61,2.98,-92.94,-19.05,-88.87,-14.88
3098,5100.00,5541.25,1,4,-75.71,3.53,90.00,0,-108.85,-34.73,-102.84,-28.72,-106.38,-32.26,-80.09,-4.71,-75.71,3.53,-95.24,-21.09,-87.88,-13.58
3099,5100.00,5541.50,1,4,-76.21,1.59,90.00,0,-109.50,-35.58,-102.26,-28.33,-106.57,-32.64,-78.46,-2.66,-76.21,1.59,-94.53,-20.57,-87.41,-13.29
3100,5100.00,5541.75,1,4,-74.76,3.62,90.00,0,-110.19,-inf,-101.57,-28.37,-106.89,-33.70,-79.14,-4.68,-74.76,3.62,-93.90,-20.67,-87.59,-14.24
3101,5100.00,5542.00,1,4,-76.07,2.69,90.00,0,-111.70,-inf,-103.14,-28.94,-108.53,-34.33,-80.20,-4.74,-76.07,2.69,-94.03,-19.78,-84.95,-10.37
3102,5100.00,5542.25,1,4,-74.49,3.52,90.00,0,-109.42,-36.53,-102.50,-29.60,-107.60,-34.71,-79.01,-4.89,-74.49,3.52,-96.67,-23.75,-85.47,-12.33
3103,5100.00,5542.50,1,4,-75.15,3.47,90.00,0,-110.01,-inf,-102.46,-28.92,-107.25,-33.71,-79.81,-5.10,-75.15,3.47,-95.30,-21.73,-85.51,-11.69
3104,5100.00,5542.75,1,4,-73.57,5.47,90.00,0,-109.20,-36.72,-102.85,-30.37,-106.12,-33.63,-80.44,-7.21,-73.57,5.47,-95.43,-22.92,-85.25,-12.53
3105,5100.00,5543.00,1,4,-71.66,7.88,90.00,0,-108.32,-37.31,-105.10,-34.09,-105.23,-34.22,-80.67,-9.16,-71.66,7.88,-95.95,-24.92,-86.80,-15.68
3106,5100.00,5543.25,1,4,-70.21,9.18,90.00,0,-106.95,-37.24,-104.98,-35.27,-106.35,-36.63,-80.69,-10.61,-70.21,9.18,-96.65,-26.93,-85.89,-16.07
3107,5100.00,5543.50,1,4,-69.31,11.64,90.00,0,-103.54,-34.52,-105.19,-36.16,-106.77,-37.74,-83.54,-14.36,-69.31,11.64,-95.00,-25.96,-85.11,-15.97
3108,5100.00,5543.75,1,4,-70.58,10.81,90.00,0,-102.23,-32.00,-104.65,-34.42,-106.99,-36.76,-83.87,-13.45,-70.58,10.81,-94.29,-24.04,-85.88,-15.53
3109,5100.00,5544.00,1,4,-70.35,11.27,90.00,0,-103.11,-33.07,-105.13,-35.08,-106.19,-36.15,-84.37,-14.16,-70.35,11.27,-94.83,-24.78,-85.70,-15.54
3110,5100.00,5544.25,1,4,-70.42,10.70,90.00,0,-102.53,-32.46,-106.76,-36.69,-106.57,-36.50,-84.88,-14.66,-70.42,10.70,-93.33,-23.24,-84.20,-13.96
3111,5100.00,5544.50,1,4,-70.24,11.97,90.00,0,-104.93,-34.95,-105.65,-35.67,-105.91,-35.93,-86.47,-16.40,-70.24,11.97,-92.73,-22.73,-85.17,-15.06
3112,5100.00,5544.75,1,4,-71.13,11.89,90.00,0,-104.17,-33.31,-106.95,-36.10,-107.41,-36.56,-85.99,-15.00,-71.13,11.89,-93.33,-22.45,-87.36,-16.41
3113,5100.00,5545.00,1,4,-71.41,12.52,90.00,0,-103.77,-32.59,-106.78,-35.60,-104.60,-33.42,-87.09,-15.80,-71.41,12.52,-94.17,-22.97,-88.21,-16.94
3114,5100.00,5545.25,1,4,-72.68,10.16,90.00,0,-102.33,-30.05,-106.62,-34.34,-104.09,-31.81,-84.76,-12.23,-72.68,10.16,-92.64,-20.32,-89.62,-17.26
3115,5100.00,5545.50,1,4,-70.52,11.24,90.00,0,-103.91,-33.70,-106.41,-36.20,-105.48,-35.27,-84.11,-13.72,-70.52,11.24,-93.30,-23.07,-86.74,-16.43
3116,5100.00,5545.75,1,4,-71.69,10.55,90.00,0,-101.24,-29.91,-105.95,-34.62,-104.75,-33.42,-85.88,-14.40,-71.69,10.55,-93.47,-22.12,-85.68,-14.19
3117,5100.00,5546.00,1,4,-70.56,11.93,90.00,0,-101.49,-31.20,-107.20,-36.91,-103.50,-33.21,-85.81,-15.40,-70.56,11.93,-93.16,-22.85,-86.38,-15.98
3118,5100.00,5546.25,1,4,-69.85,12.65,90.00,0,-99.42,-29.80,-109.75,-40.13,-104.80,-35.18,-85.60,-15.87,-69.85,12.65,-92.36,-22.72,-86.93,-17.23
3119,5100.00,5546.50,1,4,-70.50,11.87,90.00,0,-99.24,-29.02,-110.63,-inf,-106.90,-36.67,-87.34,-17.03,-70.50,11.87,-90.05,-19.78,-85.64,-15.29
3120,5100.00,5546.75,1,4,-70.26,12.80,90.00,0,-98.51,-28.46,-107.95,-37.91,-106.76,-36.71,-89.01,-18.91,-70.26,12.80,-90.13,-20.04,-86.14,-15.99
3121,5100.00,5547.00,1,4,-73.10,9.52,90.00,0,-95.87,-23.21,-107.52,-34.88,-103.88,-31.24,-87.05,-14.24,-73.10,9.52,-89.87,-17.15,-86.88,-14.07
3122,5100.00,5547.25,1,4,-72.25,9.87,90.00,0,-96.26,-24.42,-107.03,-35.21,-101.90,-30.07,-88.75,-16.85,-72.25,9.87,-89.18,-17.28,-84.96,-12.93
3123,5100.00,5547.50,1,4,-71.73,10.52,90.00,0,-97.92,-26.55,-106.82,-35.46,-101.82,-30.46,-89.17,-17.74,-71.73,10.52,-89.08,-17.64,-85.01,-13.46
3124,5100.00,5547.75,1,4,-74.89,7.72,90.00,0,-96.18,-21.93,-106.04,-31.83,-100.25,-26.02,-87.24,-12.81,-74.89,7.72,-90.48,-16.16,-86.51,-12.03
3125,5100.00,5548.00,1,4,-74.94,8.09,90.00,0,-95.89,-21.55,-107.59,-33.28,-96.65,-22.31,-88.12,-13.62,-74.94,8.09,-89.97,-15.54,-87.36,-12.83
3126,5100.00,5548.25,1,4,-79.22,3.72,90.00,0,-96.74,-19.00,-106.88,-29.19,-97.65,-19.92,-88.68,-10.64,-79.22,3.72,-89.79,-11.83,-86.63,-8.35
3127,5100.00,5548.50,1,4,-78.18,4.71,90.00,0,-97.51,-20.56,-106.06,-29.14,-99.43,-22.50,-91.24,-14.16,-78.18,4.71,-90.63,-13.53,-85.07,-7.44
3128,5100.00,5548.75,1,4,-81.28,2.40,90.00,0,-97.30,-17.92,-104.58,-25.26,-98.92,-19.56,-92.38,-12.85,-81.28,2.40,-88.78,-8.95,-87.15,-7.06
3129,5100.00,5549.00,1,4,-82.93,1.42,90.00,0,-98.77,-18.13,-105.31,-24.72,-98.97,-18.34,-95.40,-14.68,-82.93,1.42,-90.60,-9.58,-86.73,-4.95
3130,5100.00,5549.25,1,4,-82.65,1.99,90.00,0,-98.99,-18.40,-105.44,-24.90,-99.66,-19.08,-94.35,-13.64,-82.65,1.99,-92.70,-11.91,-86.65,-4.90
3131,5100.00,5549.50,1,4,-82.64,0.43,90.00,0,-97.49,-17.58,-104.47,-24.61,-100.71,-20.84,-94.41,-14.41,-82.64,0.43,-91.65,-11.51,-84.58,-2.96
3132,5100.00,5549.75,1,4,-82.60,2.66,90.00,0,-99.58,-18.80,-106.19,-25.46,-100.81,-20.04,-93.14,-12.17,-82.60,2.66,-92.62,-11.61,-87.88,-6.24
3133,5100.00,5550.00,1,4,-83.36,0.45,90.00,0,-99.65,-19.02,-108.94,-28.36,-99.43,-18.80,-92.57,-11.71,-83.36,0.45,-89.20,-7.98,-86.86,-5.12
3134,5100.00,5550.25,1,4,-81.12,3.04,90.00,0,-98.49,-19.07,-109.92,-30.55,-99.05,-19.64,-93.20,-13.65,-81.12,3.04,-88.98,-9.11,-87.64,-7.57
3135,5100.00,5550.50,1,4,-83.69,0.59,90.00,0,-99.27,-18.25,-106.74,-25.77,-100.12,-19.10,-92.79,-11.54,-83.69,0.59,-88.91,-7.19,-87.99,-6.07
3136,5100.00,5550.75,1,4,-83.39,-0.55,90.00,0,-101.74,-21.61,-106.02,-25.90,-102.00,-21.87,-93.14,-12.81,-83.39,-0.55,-87.87,-6.97,-85.50,-3.92
3137,5100.00,5551.00,1,4,-84.70,0.41,90.00,0,-102.12,-20.18,-105.62,-23.71,-101.26,-19.32,-93.27,-11.05,-84.70,0.41,-88.68,-5.77,-90.03,-7.42
3138,5100.00,5551.25,1,4,-85.15,-0.42,90.00,0,-101.40,-19.43,-105.18,-23.23,-100.40,-18.42,-91.28,-8.82,-85.15,-0.42,-88.28,-5.22,-90.74,-8.21
3139,5100.00,5551.50,1,4,-84.42,-0.54,90.00,0,-102.93,-21.77,-104.55,-23.39,-100.07,-18.88,-92.12,-10.63,-84.42,-0.54,-89.99,-8.25,-86.59,-4.00
3140,5100.00,5551.75,1,4,-82.48,-0.50,90.00,0,-102.50,-23.27,-105.10,-25.88,-100.25,-21.01,-95.42,-16.10,-82.48,-0.50,-89.34,-9.69,-83.37,-2.05
3141,5100.00,5552.00,1,4,-82.20,-1.08,90.00,0,-101.27,-22.63,-102.23,-23.59,-97.54,-18.86,-92.78,-13.99,-82.20,-1.08,-86.03,-6.54,-83.68,-3.44
3142,5100.00,5552.25,1,4,-82.56,0.05,90.00,0,-101.85,-22.25,-101.06,-21.46,-97.59,-17.94,-93.37,-13.60,-82.56,0.05,-88.02,-7.77,-85.20,-4.23
3143,5100.00,5552.50,1,4,-81.42,1.82,90.00,0,-100.52,-21.26,-101.98,-22.73,-95.62,-16.29,-91.68,-12.20,-81.42,1.82,-88.16,-8.33,-86.98,-6.96
3144,5100.00,5552.75,1,4,-83.28,-0.39,90.00,0,-100.91,-20.81,-103.13,-23.05,-95.74,-15.55,-91.48,-11.09,-83.28,-0.39,-89.42,-8.82,-85.53,-4.02
3145,5100.00,5553.00,1,4,-84.45,-2.57,90.00,0,-101.94,-21.94,-101.91,-21.91,-98.31,-18.27,-89.86,-9.42,-84.45,-2.57,-88.95,-8.40,-84.20,-2.17
3146,5100.00,5553.25,1,4,-83.25,-1.16,90.00,0,-103.24,-23.59,-102.59,-22.95,-99.64,-19.97,-89.70,-9.63,-83.25,-1.16,-90.48,-10.49,-84.09,-2.54
3147,5100.00,5553.50,1,4,-80.87,1.69,90.00,0,-102.75,-24.11,-101.66,-23.02,-98.98,-20.32,-92.03,-13.20,-80.87,1.69,-92.12,-13.30,-84.03,-3.92
3148,5100.00,5553.75,1,4,-81.58,0.62,90.00,0,-102.56,-23.68,-101.04,-22.15,-101.58,-22.69,-93.64,-14.63,-81.58,0.62,-93.60,-14.59,-83.13,-2.23
3149,5100.00,5554.00,1,4,-81.31,-0.01,90.00,0,-103.56,-25.25,-100.88,-22.56,-102.17,-23.86,-92.56,-14.10,-81.31,-0.01,-94.72,-16.32,-82.05,-1.38
3150,5100.00,5554.25,1,4,-82.66,-1.62,90.00,0,-103.89,-25.11,-99.22,-20.42,-105.85,-27.08,-94.55,-15.67,-82.66,-1.62,-96.18,-17.34,-81.56,0.45
3151,5100.00,5554.50,1,4,-84.73,-2.68,90.00,0,-103.56,-23.36,-97.82,-17.56,-103.89,-23.69,-94.23,-13.88,-84.73,-2.68,-98.59,-18.35,-82.71,1.03
3152,5100.00,5554.75,1,4,-83.50,-1.77,90.00,0,-103.56,-24.04,-99.25,-19.70,-104.29,-24.77,-92.91,-13.20,-83.50,-1.77,-97.32,-17.74,-82.42,0.20
3153,5100.00,5555.00,1,4,-84.93,-3.14,90.00,0,-104.66,-24.58,-100.88,-20.77,-106.58,-26.50,-92.98,-12.68,-84.93,-3.14,-96.77,-16.60,-82.46,1.34
3154,5100.00,5555.25,1,4,-83.27,-1.70,90.00,0,-105.03,-25.69,-101.41,-22.06,-106.80,-27.47,-92.68,-13.15,-83.27,-1.70,-98.24,-18.85,-82.18,0.31
3155,5100.00,5555.50,1,4,-84.40,-3.38,90.00,0,-103.69,-24.30,-96.54,-17.08,-107.30,-27.92,-92.64,-13.06,-84.40,-3.38,-99.15,-19.73,-81.63,1.66
3156,5100.00,5555.75,1,4,-83.79,-4.19,90.00,0,-101.93,-23.70,-93.21,-14.87,-107.08,-28.87,-93.82,-15.50,-83.79,-4.19,-99.23,-20.99,-80.11,2.60
3157,5100.00,5556.00,1,4,-83.14,-3.72,90.00,0,-98.33,-20.41,-95.92,-17.97,-107.92,-30.04,-95.01,-17.05,-83.14,-3.72,-98.88,-20.96,-79.80,2.55
3158,5100.00,5556.25,1,4,-80.32,0.10,90.00,0,-99.18,-21.80,-97.01,-19.61,-106.49,-29.13,-96.29,-18.88,-80.32,0.10,-100.25,-22.87,-80.80,-0.83
3159,5100.00,5556.50,1,4,-81.22,-0.77,90.00,0,-97.87,-20.02,-98.45,-20.61,-105.11,-27.30,-93.64,-15.72,-81.22,-0.77,-100.06,-22.23,-80.94,-0.25
3160,5100.00,5556.75,1,4,-80.53,0.44,90.00,0,-97.02,-19.24,-101.71,-23.96,-105.64,-27.90,-94.94,-17.13,-80.53,0.44,-99.29,-21.53,-81.44,-1.31
3161,5100.00,5557.00,1,4,-80.66,1.55,90.00,0,-98.15,-19.75,-102.46,-24.08,-106.23,-27.87,-90.86,-12.25,-80.66,1.55,-97.77,-19.37,-83.29,-3.25
3162,5100.00,5557.25,1,4,-83.61,-1.47,90.00,0,-99.62,-19.77,-103.31,-23.49,-104.32,-24.50,-90.99,-10.84,-83.61,-1.47,-99.41,-19.56,-83.09,-0.54
3163,5100.00,5557.50,1,4,-83.55,-3.51,90.00,0,-99.13,-20.65,-103.71,-25.26,-102.73,-24.28,-89.77,-11.00,-83.55,-3.51,-98.07,-19.59,-80.77,1.49
3164,5100.00,5557.75,1,4,-84.52,-3.97,90.00,0,-97.57,-18.42,-103.68,-24.58,-102.81,-23.70,-86.92,-7.06,-84.52,-3.97,-99.55,-20.43,-82.01,0.18
3165,5100.00,5558.00,1,4,-82.91,-1.09,90.00,0,-95.62,-16.20,-105.09,-25.76,-102.85,-23.52,-88.42,-8.53,-82.91,-1.09,-100.90,-21.56,-83.37,-1.88
3166,5100.00,5558.25,1,4,-82.70,0.22,90.00,0,-97.25,-17.37,-106.23,-26.42,-102.74,-22.91,-88.60,-8.18,-82.70,0.22,-98.89,-19.03,-84.92,-3.52
3167,5100.00,5558.50,1,4,-80.71,2.10,90.00,0,-98.02,-19.35,-109.34,-30.71,-103.82,-25.18,-88.12,-8.98,-80.71,2.10,-98.71,-20.04,-84.88,-5.08
3168,5100.00,5558.75,1,4,-84.59,-0.82,90.00,0,-96.81,-15.53,-110.09,-inf,-106.64,-25.47,-87.10,-4.66,-84.59,-0.82,-98.92,-17.70,-87.49,-5.19
3169,5100.00,5559.00,1,4,-84.32,-0.36,90.00,0,-99.58,-18.39,-109.77,-28.63,-105.66,-24.51,-86.80,-4.29,-84.32,-0.36,-95.62,-14.33,-88.53,-6.53
3170,5100.00,5559.25,1,4,-83.85,-0.61,90.00,0,-99.44,-18.86,-110.11,-inf,-103.92,-23.38,-86.11,-4.18,-83.85,-0.61,-97.06,-16.45,-87.35,-5.81
3171,5100.00,5559.50,1,4,-84.56,-0.36,90.00,0,-97.93,-16.47,-110.02,-inf,-103.08,-21.69,-86.66,-3.77,-84.56,-0.36,-95.62,-14.09,-89.75,-7.70
3172,5100.00,5559.75,1,4,-85.92,-2.33,90.00,0,-98.23,-16.55,-109.47,-27.88,-104.25,-22.63,-88.83,-6.33,-85.92,-2.33,-98.04,-16.35,-85.83,-2.19
3173,5100.00,5560.00,1,4,-84.27,-0.76,90.00,0,-95.69,-14.69,-111.61,-inf,-104.41,-23.54,-89.36,-7.85,-84.27,-0.76,-97.32,-16.36,-85.66,-3.06
3174,5100.00,5560.25,1,4,-85.11,-0.95,90.00,0,-97.06,-15.34,-113.57,-inf,-105.45,-23.83,-91.72,-9.68,-85.11,-0.95,-96.72,-14.98,-85.80,-2.13
3175,5100.00,5560.50,1,4,-83.81,1.51,90.00,0,-97.11,-15.50,-114.42,-inf,-104.61,-23.10,-90.36,-8.27,-83.81,1.51,-96.99,-15.37,-88.27,-5.76
3176,5100.00,5560.75,1,4,-83.05,1.80,90.00,0,-95.67,-14.68,-110.98,-inf,-105.13,-24.27,-88.74,-7.13,-83.05,1.80,-96.14,-15.17,-88.87,-7.28
3177,5100.00,5561.00,1,4,-84.26,1.72,90.00,0,-96.59,-14.41,-108.68,-26.65,-105.94,-23.89,-90.73,-8.08,-84.26,1.72,-97.36,-15.21,-89.44,-6.54
3178,5100.00,5561.25,1,4,-85.07,0.63,90.00,0,-95.85,-13.29,-105.87,-23.49,-105.59,-23.21,-89.75,-6.52,-85.07,0.63,-93.97,-11.30,-90.86,-7.84
3179,5100.00,5561.50,1,4,-84.92,1.74,90.00,0,-97.75,-14.92,-106.06,-23.34,-106.05,-23.34,-91.67,-8.39,-84.92,1.74,-95.25,-12.31,-90.64,-7.19
3180,5100.00,5561.75,1,4,-83.50,2.83,90.00,0,-98.30,-16.52,-105.05,-23.35,-108.72,-27.03,-90.71,-8.45,-83.50,2.83,-94.01,-12.07,-91.04,-8.82
3181,5100.00,5562.00,1,4,-85.58,0.20,90.00,0,-97.10,-14.27,-105.77,-23.08,-109.62,-26.94,-91.82,-8.59,-85.58,0.20,-94.30,-11.33,-88.92,-5.08
3182,5100.00,5562.25,1,4,-85.01,1.22,90.00,0,-98.25,-15.57,-107.53,-24.96,-112.03,-inf,-90.13,-6.73,-85.01,1.22,-97.91,-15.21,-90.07,-6.66
3183,5100.00,5562.50,1,4,-86.23,0.80,90.00,0,-100.00,-16.30,-107.37,-23.75,-114.26,-inf,-93.31,-9.21,-86.23,0.80,-99.99,-16.29,-89.23,-4.23
3184,5100.00,5562.75,1,4,-85.65,0.62,90.00,0,-98.11,-15.03,-107.61,-24.66,-115.20,-inf,-90.69,-6.95,-85.65,0.62,-97.57,-14.47,-89.76,-5.80
3185,5100.00,5563.00,1,4,-85.36,1.07,90.00,0,-100.95,-18.03,-108.51,-25.65,-113.49,-inf,-91.49,-8.01,-85.36,1.07,-97.96,-14.98,-89.16,-5.16
3186,5100.00,5563.25,1,4,-84.31,3.07,90.00,0,-101.26,-18.63,-109.12,-26.54,-116.57,-inf,-91.59,-8.44,-84.31,3.07,-98.26,-15.57,-90.98,-7.74
3187,5100.00,5563.50,1,4,-84.67,1.58,90.00,0,-100.36,-17.92,-106.72,-24.33,-116.57,-inf,-90.38,-7.25,-84.67,1.58,-96.99,-14.46,-89.81,-6.58
3188,5100.00,5563.75,1,4,-84.00,1.50,90.00,0,-100.66,-18.93,-105.92,-24.23,-116.72,-inf,-90.61,-8.35,-84.00,1.50,-92.88,-10.86,-89.12,-6.58
3189,5100.00,5564.00,1,4,-80.88,4.74,90.00,0,-100.75,-21.09,-104.48,-24.84,-116.18,-inf,-93.59,-13.78,-80.88,4.74,-90.77,-10.80,-89.04,-8.89
3190,5100.00,5564.25,1,4,-80.76,4.28,90.00,0,-99.63,-20.21,-106.05,-26.66,-115.48,-inf,-93.49,-13.94,-80.76,4.28,-90.22,-10.46,-88.23,-8.24
3191,5100.00,5564.50,1,4,-79.73,5.65,90.00,0,-98.41,-19.67,-105.09,-26.40,-116.08,-inf,-90.80,-11.84,-79.73,5.65,-92.45,-13.58,-89.14,-10.05
3192,5100.00,5564.75,1,4,-79.73,5.08,90.00,0,-96.27,-17.64,-104.84,-26.28,-117.41,-inf,-89.53,-10.62,-79.73,5.08,-92.17,-13.42,-89.14,-10.19
3193,5100.00,5565.00,1,4,-78.57,7.64,90.00,0,-95.04,-17.07,-105.45,-27.56,-116.82,-inf,-91.75,-13.69,-78.57,7.64,-93.44,-15.44,-90.81,-12.70
3194,5100.00,5565.25,1,4,-77.31,8.71,90.00,0,-94.37,-17.54,-109.07,-32.30,-117.11,-inf,-91.84,-14.95,-77.31,8.71,-90.88,-13.95,-92.57,-15.69
3195,5100.00,5565.50,1,4,-75.96,10.08,90.00,0,-96.15,-20.56,-107.22,-31.66,-116.36,-inf,-91.50,-15.84,-75.96,10.08,-90.71,-15.02,-92.44,-16.80
3196,5100.00,5565.75,1,4,-75.46,10.38,90.00,0,-94.35,-19.22,-103.02,-27.93,-114.54,-inf,-91.90,-16.73,-75.46,10.38,-91.46,-16.28,-91.38,-16.19
3197,5100.00,5566.00,1,4,-74.10,11.31,90.00,0,-92.64,-18.79,-102.22,-28.43,-115.08,-inf,-95.96,-22.15,-74.10,11.31,-89.02,-15.10,-91.77,-17.91
3198,5100.00,5566.25,1,4,-73.40,11.74,90.00,0,-92.06,-18.89,-101.67,-28.54,-115.05,-inf,-95.11,-21.95,-73.40,11.74,-88.55,-15.30,-92.51,-19.34
3199,5100.00,5566.50,1,4,-75.15,9.85,90.00,0,-94.90,-20.13,-101.99,-27.25,-114.75,-inf,-95.49,-20.73,-75.15,9.85,-87.10,-12.12,-93.55,-18.77
3200,5100.00,5566.75,1,4,-73.04,11.58,90.00,0,-91.90,-19.10,-102.17,-29.41,-113.16,-inf,-93.66,-20.87,-73.04,11.58,-87.26,-14.35,-94.79,-22.01
3201,5100.00,5567.00,1,4,-73.40,12.75,90.00,0,-96.38,-23.18,-101.86,-28.68,-112.87,-inf,-93.27,-20.05,-73.40,12.75,-89.56,-16.28,-93.42,-20.21
3202,5100.00,5567.25,1,4,-72.56,13.15,90.00,0,-95.79,-23.42,-100.96,-28.59,-113.39,-inf,-92.30,-19.89,-72.56,13.15,-89.70,-17.27,-92.35,-19.95
3203,5100.00,5567.50,1,4,-70.43,17.39,90.00,0,-95.67,-25.30,-99.56,-29.20,-111.40,-inf,-97.90,-27.54,-70.43,17.39,-92.11,-21.73,-94.07,-23.70
3204,5100.00,5567.75,1,4,-71.42,16.92,90.00,0,-97.21,-25.87,-98.74,-27.40,-111.95,-inf,-97.34,-25.99,-71.42,16.92,-92.86,-21.49,-94.70,-23.35
3205,5100.00,5568.00,1,4,-71.24,17.87,90.00,0,-99.31,-28.14,-99.31,-28.13,-109.40,-38.23,-97.73,-26.56,-71.24,17.87,-94.74,-23.55,-94.23,-23.04
3206,5100.00,5568.25,1,4,-68.47,20.09,90.00,0,-97.86,-29.43,-97.56,-29.13,-107.93,-39.50,-95.84,-27.41,-68.47,20.09,-95.39,-26.95,-94.11,-25.67
3207,5100.00,5568.50,1,4,-68.86,19.69,90.00,0,-99.37,-30.56,-95.11,-26.29,-105.86,-37.05,-99.00,-30.19,-68.86,19.69,-96.13,-27.31,-93.22,-24.39
3208,5100.00,5568.75,1,4,-69.35,19.60,90.00,0,-97.38,-28.07,-96.50,-27.19,-104.93,-35.62,-97.40,-28.09,-69.35,19.60,-97.08,-27.77,-94.49,-25.17
3209,5100.00,5569.00,1,4,-71.11,15.94,90.00,0,-95.96,-24.95,-95.83,-24.81,-104.87,-33.87,-97.38,-26.37,-71.11,15.94,-94.38,-23.36,-91.09,-20.05
3210,5100.00,5569.25,1,4,-69.86,16.57,90.00,0,-95.89,-26.12,-95.56,-25.79,-105.18,-35.42,-97.31,-27.54,-69.86,16.57,-91.83,-22.04,-91.14,-21.35
3211,5100.00,5569.50,1,4,-69.08,18.00,90.00,0,-99.05,-30.04,-94.56,-25.53,-105.58,-36.57,-99.16,-30.14,-69.08,18.00,-92.66,-23.63,-91.59,-22.56
3212,5100.00,5569.75,1,4,-68.48,17.55,90.00,0,-96.80,-28.39,-90.65,-22.21,-106.22,-37.81,-100.23,-31.82,-68.48,17.55,-92.67,-24.24,-91.79,-23.36
3213,5100.00,5570.00,1,4,-67.51,18.58,90.00,0,-97.93,-30.48,-90.64,-23.17,-105.18,-37.73,-100.28,-32.83,-67.51,18.58,-93.95,-26.50,-90.90,-23.44
3214,5100.00,5570.25,1,4,-66.12,20.43,90.00,0,-99.77,-33.68,-89.68,-23.58,-102.19,-36.10,-99.77,-33.68,-66.12,20.43,-95.66,-29.57,-93.06,-26.97
3215,5100.00,5570.50,1,4,-64.51,22.02,90.00,0,-100.78,-36.29,-90.24,-25.75,-103.39,-38.90,-100.60,-36.11,-64.51,22.02,-93.27,-28.78,-93.09,-28.60
3216,5100.00,5570.75,1,4,-62.35,24.36,90.00,0,-99.02,-36.69,-90.52,-28.18,-103.87,-41.53,-100.87,-38.53,-62.35,24.36,-94.36,-32.02,-92.74,-30.40
3217,5100.00,5571.00,1,4,-64.07,21.88,90.00,0,-98.84,-34.79,-89.12,-25.06,-102.57,-38.52,-98.73,-34.68,-64.07,21.88,-93.98,-29.93,-93.08,-29.03
3218,5100.00,5571.25,1,4,-62.98,21.75,90.00,0,-99.78,-36.83,-87.06,-24.10,-103.14,-40.19,-97.76,-34.81,-62.98,21.75,-94.83,-31.88,-91.87,-28.91
3219,5100.00,5571.50,1,4,-63.44,20.04,90.00,0,-98.41,-35.01,-85.24,-21.82,-103.89,-40.50,-96.39,-33.00,-63.44,20.04,-95.69,-32.30,-91.46,-28.06
3220,5100.00,5571.75,1,4,-64.57,16.76,90.00,0,-99.42,-34.94,-82.17,-17.62,-104.11,-39.63,-95.19,-30.71,-64.57,16.76,-96.40,-31.93,-92.88,-28.39
3221,5100.00,5572.00,1,4,-62.91,17.86,90.00,0,-97.95,-35.11,-81.60,-18.69,-102.27,-39.43,-95.68,-32.84,-62.91,17.86,-96.63,-33.79,-91.94,-29.09
3222,5100.00,5572.25,1,4,-63.61,17.59,90.00,0,-94.51,-30.97,-82.27,-18.68,-102.64,-39.11,-94.32,-30.79,-63.61,17.59,-96.51,-32.97,-92.51,-28.98
3223,5100.00,5572.50,1,4,-61.09,20.59,90.00,0,-95.41,-34.36,-83.03,-21.94,-102.53,-41.47,-93.54,-32.49,-61.09,20.59,-96.49,-35.43,-91.61,-30.56
3224,5100.00,5572.75,1,4,-61.34,21.76,90.00,0,-96.25,-34.93,-84.46,-23.13,-103.03,-41.72,-94.83,-33.52,-61.34,21.76,-96.23,-34.92,-94.45,-33.13
3225,5100.00,5573.00,1,4,-62.50,21.58,90.00,0,-94.84,-32.37,-85.80,-23.32,-102.72,-40.26,-95.75,-33.28,-62.50,21.58,-97.64,-35.18,-94.35,-31.88
3226,5100.00,5573.25,1,4,-64.34,18.11,90.00,0,-96.19,-31.91,-83.30,-18.97,-101.93,-37.65,-98.36,-34.08,-64.34,18.11,-98.23,-33.95,-95.12,-30.84
3227,5100.00,5573.50,1,4,-66.51,16.26,90.00,0,-94.07,-27.65,-83.85,-17.37,-103.61,-37.21,-98.53,-32.13,-66.51,16.26,-96.14,-29.73,-96.05,-29.64
3228,5100.00,5573.75,1,4,-68.14,13.68,90.00,0,-91.28,-23.30,-83.10,-15.00,-103.20,-35.24,-95.60,-27.63,-68.14,13.68,-96.23,-28.26,-95.80,-27.83
3229,5100.00,5574.00,1,4,-67.56,15.06,90.00,0,-91.37,-23.92,-84.14,-16.62,-99.98,-32.56,-96.10,-28.67,-67.56,15.06,-97.36,-29.93,-95.87,-28.44
3230,5100.00,5574.25,1,4,-66.57,16.85,90.00,0,-88.65,-22.14,-86.67,-20.15,-99.85,-33.37,-95.32,-28.84,-66.57,16.85,-97.54,-31.06,-94.47,-27.99
3231,5100.00,5574.50,1,4,-68.47,13.72,90.00,0,-89.88,-21.57,-84.15,-15.75,-102.88,-34.59,-92.60,-24.29,-68.47,13.72,-96.46,-28.16,-96.22,-27.93
3232,5100.00,5574.75,1,4,-67.05,15.15,90.00,0,-89.93,-22.98,-84.20,-17.20,-105.34,-38.42,-91.38,-24.44,-67.05,15.15,-97.38,-30.46,-97.76,-30.83
3233,5100.00,5575.00,1,4,-65.86,16.95,90.00,0,-89.64,-23.84,-85.91,-20.09,-104.03,-38.25,-91.14,-25.35,-65.86,16.95,-95.58,-29.80,-94.02,-28.24
3234,5100.00,5575.25,1,4,-65.90,16.12,90.00,0,-89.76,-23.94,-84.25,-18.39,-106.19,-40.40,-91.19,-25.38,-65.90,16.12,-95.62,-29.82,-95.13,-29.33
3235,5100.00,5575.50,1,4,-68.46,14.02,90.00,0,-88.44,-20.11,-85.93,-17.56,-107.67,-39.39,-90.36,-22.04,-68.46,14.02,-96.27,-27.97,-94.12,-25.82
3236,5100.00,5575.75,1,4,-70.61,12.91,90.00,0,-89.07,-18.62,-88.32,-17.86,-107.46,-37.07,-90.06,-19.63,-70.61,12.91,-97.32,-26.92,-93.44,-23.03
3237,5100.00,5576.00,1,4,-69.89,13.09,90.00,0,-91.31,-21.61,-87.18,-17.42,-107.17,-37.49,-87.56,-17.81,-69.89,13.09,-98.10,-28.42,-94.50,-24.80
3238,5100.00,5576.25,1,4,-71.93,8.76,90.00,0,-87.08,-15.57,-86.97,-15.46,-105.81,-34.42,-84.21,-12.59,-71.93,8.76,-95.16,-23.76,-94.81,-23.40
3239,5100.00,5576.50,1,4,-74.20,4.99,90.00,0,-88.05,-14.91,-85.65,-12.40,-105.39,-32.38,-81.75,-8.13,-74.20,4.99,-94.08,-21.04,-92.49,-19.44
3240,5100.00,5576.75,1,4,-72.66,5.96,90.00,0,-87.78,-15.99,-85.93,-14.09,-106.02,-34.34,-80.72,-8.45,-72.66,5.96,-93.08,-21.37,-93.74,-22.03
3241,5100.00,5577.00,1,4,-70.62,8.80,90.00,0,-88.76,-18.62,-87.54,-17.38,-104.91,-34.82,-81.37,-10.95,-70.62,8.80,-92.00,-21.89,-95.58,-25.49
3242,5100.00,5577.25,1,4,-70.78,10.80,90.00,0,-90.74,-20.26,-89.78,-19.30,-106.12,-35.68,-83.68,-13.04,-70.78,10.80,-93.08,-22.62,-98.42,-27.98
3243,5100.00,5577.50,1,4,-71.19,11.15,90.00,0,-92.62,-21.73,-89.92,-19.00,-105.99,-35.12,-84.73,-13.68,-71.19,11.15,-92.15,-21.25,-97.55,-26.68
3244,5100.00,5577.75,1,4,-72.01,11.71,90.00,0,-92.39,-20.62,-92.04,-20.27,-106.39,-34.66,-87.20,-15.35,-72.01,11.71,-90.80,-19.02,-97.23,-25.49
3245,5100.00,5578.00,1,4,-72.85,10.20,90.00,0,-94.06,-21.58,-90.12,-17.59,-108.00,-35.54,-86.25,-13.62,-72.85,10.20,-90.39,-17.87,-97.14,-24.67
3246,5100.00,5578.25,1,4,-72.98,9.49,90.00,0,-94.59,-22.05,-90.62,-18.03,-108.23,-35.71,-85.41,-12.67,-72.98,9.49,-88.86,-16.24,-97.94,-25.42
3247,5100.00,5578.50,1,4,-71.35,12.46,90.00,0,-95.07,-23.94,-91.34,-20.19,-106.97,-35.85,-88.74,-17.55,-71.35,12.46,-88.21,-17.01,-98.25,-27.13
3248,5100.00,5578.75,1,4,-72.78,10.47,90.00,0,-95.66,-23.23,-94.32,-21.88,-107.00,-34.59,-86.38,-13.80,-72.78,10.47,-88.36,-15.84,-96.84,-24.42
3249,5100.00,5579.00,1,4,-73.38,8.65,90.00,0,-95.13,-22.29,-96.43,-23.59,-107.34,-34.51,-84.67,-11.56,-73.38,8.65,-86.92,-13.92,-97.62,-24.78
3250,5100.00,5579.25,1,4,-73.12,8.09,90.00,0,-95.06,-22.54,-97.00,-24.49,-105.41,-32.92,-83.08,-10.19,-73.12,8.09,-87.26,-14.62,-98.99,-26.49
3251,5100.00,5579.50,1,4,-73.18,9.33,90.00,0,-98.89,-26.17,-95.08,-22.35,-104.13,-31.42,-84.08,-11.05,-73.18,9.33,-90.21,-17.42,-97.98,-25.26
3252,5100.00,5579.75,1,4,-70.40,12.71,90.00,0,-96.45,-26.26,-96.60,-26.41,-102.79,-32.61,-84.66,-14.33,-70.40,12.71,-91.73,-21.53,-97.12,-26.94
3253,5100.00,5580.00,1,4,-70.55,13.96,90.00,0,-98.74,-28.35,-93.67,-23.27,-103.53,-33.14,-86.73,-16.25,-70.55,13.96,-92.89,-22.48,-97.15,-26.76
3254,5100.00,5580.25,1,4,-70.08,13.16,90.00,0,-99.77,-29.90,-92.13,-22.24,-104.16,-34.29,-85.85,-15.87,-70.08,13.16,-90.65,-20.74,-93.67,-23.79
3255,5100.00,5580.50,1,4,-70.33,12.21,90.00,0,-100.98,-30.90,-91.24,-21.13,-103.88,-33.80,-84.64,-14.41,-70.33,12.21,-90.99,-20.87,-94.41,-24.31
3256,5100.00,5580.75,1,4,-71.99,10.43,90.00,0,-102.50,-30.89,-92.92,-21.27,-103.79,-32.17,-83.97,-12.10,-71.99,10.43,-91.78,-20.13,-94.64,-23.00
3257,5100.00,5581.00,1,4,-72.14,10.83,90.00,0,-105.41,-33.61,-92.92,-21.09,-103.35,-31.55,-84.72,-12.70,-72.14,10.83,-91.98,-20.14,-94.54,-22.72
3258,5100.00,5581.25,1,4,-74.38,8.75,90.00,0,-104.30,-30.46,-94.19,-20.30,-104.36,-30.51,-84.59,-10.37,-74.38,8.75,-93.12,-19.22,-94.69,-20.81
3259,5100.00,5581.50,1,4,-74.29,8.10,90.00,0,-103.09,-29.42,-92.40,-18.68,-103.08,-29.41,-83.82,-9.71,-74.29,8.10,-92.56,-18.84,-95.43,-21.74
3260,5100.00,5581.75,1,4,-76.95,4.28,90.00,0,-104.72,-29.15,-93.50,-17.87,-103.57,-28.00,-82.48,-5.93,-76.95,4.28,-90.26,-14.54,-94.79,-19.17
3261,5100.00,5582.00,1,4,-76.15,5.06,90.00,0,-104.89,-29.92,-95.21,-20.20,-105.64,-30.66,-82.20,-6.32,-76.15,5.06,-91.22,-16.14,-94.69,-19.68
3262,5100.00,5582.25,1,4,-75.57,3.13,90.00,0,-102.13,-28.27,-93.72,-19.83,-108.25,-34.40,-79.28,-3.97,-75.57,3.13,-91.02,-17.09,-95.09,-21.21
3263,5100.00,5582.50,1,4,-73.38,5.49,90.00,0,-100.41,-28.11,-94.35,-22.03,-107.70,-35.40,-79.56,-6.36,-73.38,5.49,-89.73,-17.35,-95.61,-23.29
3264,5100.00,5582.75,1,4,-75.66,3.67,90.00,0,-100.64,-26.53,-93.74,-19.59,-106.93,-32.82,-80.03,-4.64,-75.66,3.67,-91.10,-16.91,-94.77,-20.63
3265,5100.00,5583.00,1,4,-74.31,5.62,90.00,0,-98.65,-25.38,-95.31,-22.03,-106.68,-33.42,-80.64,-6.51,-74.31,5.62,-91.74,-18.42,-94.87,-21.59
3266,5100.00,5583.25,1,4,-72.81,8.47,90.00,0,-99.19,-26.96,-95.77,-23.52,-105.99,-33.76,-82.32,-9.65,-72.81,8.47,-91.91,-19.64,-93.51,-21.25
3267,5100.00,5583.50,1,4,-73.34,8.39,90.00,0,-100.02,-27.25,-97.74,-24.97,-104.95,-32.19,-82.70,-9.48,-73.34,8.39,-94.28,-21.50,-92.46,-19.66
3268,5100.00,5583.75,1,4,-73.04,8.15,90.00,0,-99.37,-26.94,-96.76,-24.32,-105.82,-33.40,-82.44,-9.56,-73.04,8.15,-93.67,-21.21,-89.95,-17.45
3269,5100.00,5584.00,1,4,-68.91,11.76,90.00,0,-100.19,-31.56,-94.92,-26.29,-105.52,-36.89,-82.32,-13.50,-68.91,11.76,-92.56,-23.91,-87.92,-19.25
3270,5100.00,5584.25,1,4,-69.44,10.58,90.00,0,-100.70,-31.62,-93.85,-24.76,-109.92,-40.85,-81.23,-11.89,-69.44,10.58,-92.36,-23.27,-89.01,-19.90
3271,5100.00,5584.50,1,4,-69.18,11.46,90.00,0,-101.76,-32.88,-96.06,-27.17,-110.35,-inf,-82.08,-12.99,-69.18,11.46,-93.61,-24.72,-87.99,-19.06
3272,5100.00,5584.75,1,4,-69.68,10.82,90.00,0,-102.98,-33.65,-95.65,-26.30,-110.44,-inf,-82.81,-13.28,-69.68,10.82,-94.35,-25.01,-85.38,-15.94
3273,5100.00,5585.00,1,4,-69.86,8.73,90.00,0,-105.47,-36.16,-94.36,-25.04,-110.14,-inf,-80.19,-10.51,-69.86,8.73,-96.03,-26.71,-84.49,-15.05
3274,5100.00,5585.25,1,4,-69.55,10.15,90.00,0,-108.08,-38.92,-95.48,-26.31,-110.70,-inf,-81.87,-12.48,-69.55,10.15,-94.38,-25.22,-84.64,-15.36
3275,5100.00,5585.50,1,4,-68.78,10.29,90.00,0,-108.31,-39.92,-95.74,-27.34,-107.79,-39.40,-80.98,-12.34,-68.78,10.29,-94.85,-26.45,-84.32,-15.82
3276,5100.00,5585.75,1,4,-69.87,10.32,90.00,0,-105.10,-35.62,-96.74,-27.25,-108.52,-39.03,-81.65,-11.89,-69.87,10.32,-96.94,-27.44,-86.66,-17.09
3277,5100.00,5586.00,1,4,-69.72,9.64,90.00,0,-107.04,-37.77,-98.73,-29.45,-110.99,-inf,-80.37,-10.74,-69.72,9.64,-98.46,-29.18,-86.99,-17.65
3278,5100.00,5586.25,1,4,-67.88,13.75,90.00,0,-108.41,-40.72,-96.75,-29.05,-110.61,-inf,-83.35,-15.53,-67.88,13.75,-97.14,-29.44,-87.61,-19.87
3279,5100.00,5586.50,1,4,-67.40,12.30,90.00,0,-107.43,-40.28,-98.66,-31.51,-111.61,-inf,-81.48,-14.17,-67.40,12.30,-99.49,-32.33,-84.89,-17.67
3280,5100.00,5586.75,1,4,-67.37,11.80,90.00,0,-106.07,-38.98,-102.08,-34.99,-110.86,-inf,-81.18,-13.92,-67.37,11.80,-99.94,-32.85,-83.76,-16.57
3281,5100.00,5587.00,1,4,-68.58,10.85,90.00,0,-107.79,-39.55,-102.89,-34.65,-111.27,-inf,-80.74,-12.25,-68.58,10.85,-98.50,-30.26,-85.76,-17.45
3282,5100.00,5587.25,1,4,-69.88,10.00,90.00,0,-106.62,-37.15,-102.00,-32.53,-113.20,-inf,-81.79,-12.06,-69.88,10.00,-97.22,-27.75,-84.84,-15.24
3283,5100.00,5587.50,1,4,-69.52,10.37,90.00,0,-106.30,-37.17,-101.76,-32.62,-116.00,-inf,-81.43,-12.03,-69.52,10.37,-98.00,-28.86,-85.65,-16.42
3284,5100.00,5587.75,1,4,-69.36,11.13,90.00,0,-104.57,-35.53,-101.69,-32.65,-116.07,-inf,-81.84,-12.57,-69.36,11.13,-100.31,-31.27,-86.80,-17.69
3285,5100.00,5588.00,1,4,-67.41,13.51,90.00,0,-105.03,-37.80,-97.48,-30.25,-115.73,-inf,-82.19,-14.82,-67.41,13.51,-98.56,-31.33,-87.98,-20.72
3286,5100.00,5588.25,1,4,-68.81,12.77,90.00,0,-103.87,-35.28,-97.60,-29.00,-117.97,-inf,-83.22,-14.48,-68.81,12.77,-100.78,-32.19,-87.47,-18.83
3287,5100.00,5588.50,1,4,-69.13,11.26,90.00,0,-104.36,-35.54,-97.17,-28.34,-118.68,-inf,-81.57,-12.51,-69.13,11.26,-101.96,-33.14,-87.50,-18.63
3288,5100.00,5588.75,1,4,-69.84,11.02,90.00,0,-106.82,-37.30,-97.30,-27.78,-118.15,-inf,-82.16,-12.40,-69.84,11.02,-99.87,-30.35,-87.67,-18.09
3289,5100.00,5589.00,1,4,-71.65,8.42,90.00,0,-108.86,-37.79,-94.50,-23.42,-120.89,-inf,-80.93,-9.40,-71.65,8.42,-101.06,-29.99,-89.11,-17.98
3290,5100.00,5589.25,1,4,-71.45,9.46,90.00,0,-111.46,-inf,-95.29,-24.29,-121.57,-inf,-81.97,-10.62,-71.45,9.46,-99.55,-28.55,-89.08,-18.02
3291,5100.00,5589.50,1,4,-70.55,12.33,90.00,0,-110.77,-inf,-94.64,-24.31,-120.69,-inf,-84.03,-13.54,-70.55,12.33,-99.70,-29.39,-91.92,-21.58
3292,5100.00,5589.75,1,4,-69.94,12.91,90.00,0,-114.57,-inf,-93.85,-24.11,-122.57,-inf,-84.55,-14.68,-69.94,12.91,-96.83,-27.10,-90.18,-20.42
3293,5100.00,5590.00,1,4,-71.34,9.61,90.00,0,-115.50,-inf,-92.37,-21.44,-122.98,-inf,-82.12,-10.89,-71.34,9.61,-99.07,-28.17,-89.66,-18.71
3294,5100.00,5590.25,1,4,-71.18,7.87,90.00,0,-114.57,-inf,-94.93,-24.39,-124.12,-inf,-79.83,-8.76,-71.18,7.87,-96.71,-26.17,-88.55,-17.95
3295,5100.00,5590.50,1,4,-71.25,8.99,90.00,0,-115.96,-inf,-94.97,-24.21,-124.06,-inf,-81.21,-10.06,-71.25,8.99,-95.84,-25.09,-89.21,-18.41
3296,5100.00,5590.75,1,4,-71.85,9.32,90.00,0,-116.01,-inf,-98.19,-26.81,-123.73,-inf,-82.63,-10.92,-71.85,9.32,-93.56,-22.17,-88.27,-16.80
3297,5100.00,5591.00,1,4,-71.65,7.88,90.00,0,-115.75,-inf,-94.70,-23.69,-125.23,-inf,-80.29,-8.75,-71.65,7.88,-92.80,-21.77,-90.85,-19.81
3298,5100.00,5591.25,1,4,-70.38,10.92,90.00,0,-116.34,-inf,-93.96,-23.90,-128.01,-inf,-82.77,-12.48,-70.38,10.92,-90.91,-20.83,-90.94,-20.85
3299,5100.00,5591.50,1,4,-70.46,11.05,90.00,0,-115.29,-inf,-94.15,-24.00,-126.32,-inf,-82.98,-12.62,-70.46,11.05,-90.01,-19.83,-92.64,-22.48
3300,5100.00,5591.75,1,4,-69.97,11.26,90.00,0,-114.04,-inf,-95.49,-25.82,-123.59,-inf,-82.59,-12.70,-69.97,11.26,-89.19,-19.48,-93.58,-23.90
3301,5100.00,5592.00,1,4,-71.67,8.87,90.00,0,-116.26,-inf,-95.07,-23.91,-122.03,-inf,-81.26,-9.68,-71.67,8.87,-91.20,-20.02,-97.35,-26.20
3302,5100.00,5592.25,1,4,-68.32,11.58,90.00,0,-118.20,-inf,-93.91,-25.87,-122.19,-inf,-80.52,-12.25,-68.32,11.58,-91.90,-23.86,-96.77,-28.74
3303,5100.00,5592.50,1,4,-67.64,13.66,90.00,0,-118.48,-inf,-93.84,-26.38,-121.32,-inf,-82.00,-14.39,-67.64,13.66,-93.44,-25.97,-98.62,-31.16
3304,5100.00,5592.75,1,4,-66.24,16.56,90.00,0,-120.42,-inf,-94.29,-28.13,-121.09,-inf,-83.72,-17.50,-66.24,16.56,-93.55,-27.40,-100.25,-34.11
3305,5100.00,5593.00,1,4,-67.14,15.64,90.00,0,-120.64,-inf,-96.28,-29.25,-119.40,-inf,-83.68,-16.56,-67.14,15.64,-92.71,-25.68,-99.60,-32.58
3306,5100.00,5593.25,1,4,-65.03,17.90,90.00,0,-117.69,-inf,-96.63,-31.67,-118.72,-inf,-83.87,-18.86,-65.03,17.90,-92.25,-27.28,-100.98,-36.02
3307,5100.00,5593.50,1,4,-66.39,16.48,90.00,0,-116.83,-inf,-95.57,-29.27,-117.78,-inf,-83.79,-17.42,-66.39,16.48,-92.74,-26.44,-101.07,-34.78
3308,5100.00,5593.75,1,4,-65.25,17.81,90.00,0,-117.53,-inf,-96.50,-31.31,-116.97,-inf,-83.92,-18.69,-65.25,17.81,-93.07,-27.88,-101.59,-36.41
3309,5100.00,5594.00,1,4,-65.98,14.64,90.00,0,-116.40,-inf,-95.06,-29.23,-117.48,-inf,-81.00,-15.04,-65.98,14.64,-95.47,-29.63,-103.33,-37.50
3310,5100.00,5594.25,1,4,-65.46,14.99,90.00,0,-116.85,-inf,-94.15,-28.82,-115.55,-inf,-80.81,-15.37,-65.46,14.99,-96.87,-31.55,-103.75,-38.43
3311,5100.00,5594.50,1,4,-66.23,13.79,90.00,0,-115.55,-inf,-93.12,-27.06,-116.93,-inf,-80.43,-14.22,-66.23,13.79,-95.49,-29.44,-103.84,-37.79
3312,5100.00,5594.75,1,4,-65.36,14.73,90.00,0,-113.59,-inf,-94.29,-29.07,-117.43,-inf,-80.57,-15.23,-65.36,14.73,-93.33,-28.11,-100.36,-35.15
3313,5100.00,5595.00,1,4,-65.49,11.88,90.00,0,-112.18,-inf,-93.66,-28.44,-117.94,-inf,-77.70,-12.24,-65.49,11.88,-91.24,-26.01,-100.73,-35.52
3314,5100.00,5595.25,1,4,-66.84,11.41,90.00,0,-111.36,-inf,-93.06,-26.51,-119.11,-inf,-78.68,-11.87,-66.84,11.41,-91.48,-24.93,-100.34,-33.80
3315,5100.00,5595.50,1,4,-66.26,11.99,90.00,0,-111.24,-inf,-93.60,-27.60,-117.83,-inf,-78.52,-12.28,-66.26,11.99,-95.96,-29.96,-99.97,-33.98
3316,5100.00,5595.75,1,4,-65.53,12.63,90.00,0,-112.58,-inf,-91.23,-25.92,-118.13,-inf,-78.56,-13.05,-65.53,12.63,-93.77,-28.47,-100.39,-35.10
3317,5100.00,5596.00,1,4,-67.60,9.65,90.00,0,-111.76,-inf,-92.03,-24.87,-117.97,-inf,-77.54,-9.97,-67.60,9.65,-93.94,-26.78,-99.51,-32.35
3318,5100.00,5596.25,1,4,-68.92,9.53,90.00,0,-113.36,-inf,-93.63,-25.16,-120.09,-inf,-78.93,-10.06,-68.92,9.53,-90.73,-22.24,-98.56,-30.09
3319,5100.00,5596.50,1,4,-69.43,9.13,90.00,0,-113.77,-inf,-93.60,-24.65,-121.04,-inf,-79.16,-9.80,-69.43,9.13,-89.91,-20.94,-96.06,-27.13
3320,5100.00,5596.75,1,4,-69.34,9.19,90.00,0,-112.78,-inf,-93.83,-24.97,-123.24,-inf,-79.32,-10.06,-69.34,9.19,-88.30,-19.40,-95.06,-26.20
3321,5100.00,5597.00,1,4,-70.29,8.18,90.00,0,-114.97,-inf,-92.59,-22.89,-123.47,-inf,-79.08,-8.87,-70.29,8.18,-89.95,-20.22,-97.24,-27.55
3322,5100.00,5597.25,1,4,-70.99,9.78,90.00,0,-116.33,-inf,-93.98,-23.40,-123.94,-inf,-81.77,-10.87,-70.99,9.78,-89.78,-19.17,-97.72,-27.16
3323,5100.00,5597.50,1,4,-71.73,8.53,90.00,0,-118.94,-inf,-93.02,-21.84,-125.28,-inf,-81.16,-9.55,-71.73,8.53,-89.94,-18.73,-98.01,-26.85
3324,5100.00,5597.75,1,4,-71.33,9.58,90.00,0,-118.65,-inf,-93.07,-22.16,-124.78,-inf,-81.75,-10.51,-71.33,9.58,-91.44,-20.52,-98.97,-28.09
3325,5100.00,5598.00,1,4,-71.16,11.55,90.00,0,-119.08,-inf,-94.12,-23.24,-123.55,-inf,-83.74,-12.65,-71.16,11.55,-92.88,-21.99,-98.69,-27.82
3326,5100.00,5598.25,1,4,-69.14,13.09,90.00,0,-120.89,-inf,-93.07,-24.13,-123.45,-inf,-83.39,-14.30,-69.14,13.09,-92.21,-23.26,-96.78,-27.84
3327,5100.00,5598.50,1,4,-67.42,15.08,90.00,0,-122.87,-inf,-91.34,-24.04,-122.11,-inf,-84.16,-16.78,-67.42,15.08,-91.90,-24.60,-95.06,-27.76
3328,5100.00,5598.75,1,4,-68.57,16.07,90.00,0,-121.77,-inf,-89.54,-21.05,-121.21,-inf,-89.03,-20.54,-68.57,16.07,-91.14,-22.66,-96.72,-28.25
3329,5100.00,5599.00,1,4,-69.32,15.47,90.00,0,-121.86,-inf,-89.36,-20.11,-119.91,-inf,-90.58,-21.35,-69.32,15.47,-90.33,-21.09,-95.91,-26.70
3330,5100.00,5599.25,1,4,-69.59,16.54,90.00,0,-120.58,-inf,-90.74,-21.21,-120.60,-inf,-91.96,-22.44,-69.59,16.54,-92.58,-23.07,-95.15,-25.64
3331,5100.00,5599.50,1,4,-71.01,15.57,90.00,0,-120.60,-inf,-92.19,-21.27,-121.34,-inf,-92.88,-21.96,-71.01,15.57,-92.24,-21.32,-94.18,-23.27
3332,5100.00,5599.75,1,4,-71.75,15.03,90.00,0,-118.27,-inf,-93.62,-21.98,-123.11,-inf,-91.53,-19.87,-71.75,15.03,-93.46,-21.82,-93.87,-22.23
3333,5100.00,5600.00,1,4,-72.80,13.77,90.00,0,-119.42,-inf,-92.39,-19.71,-122.91,-inf,-94.38,-21.73,-72.80,13.77,-92.13,-19.45,-92.63,-19.96
3334,5100.00,5600.25,1,4,-73.55,11.94,90.00,0,-118.28,-inf,-93.49,-20.16,-120.88,-inf,-92.35,-19.02,-73.55,11.94,-90.02,-16.64,-91.56,-18.21
3335,5100.00,5600.50,1,4,-73.82,12.06,90.00,0,-119.48,-inf,-94.18,-20.59,-122.21,-inf,-91.09,-17.45,-73.82,12.06,-91.10,-17.46,-92.63,-19.01
3336,5100.00,5600.75,1,4,-72.38,13.67,90.00,0,-117.79,-inf,-93.43,-21.20,-122.18,-inf,-92.25,-20.01,-72.38,13.67,-91.84,-19.59,-91.68,-19.43
3337,5100.00,5601.00,1,4,-70.52,15.91,90.00,0,-119.04,-inf,-93.82,-23.39,-119.71,-inf,-93.27,-22.83,-70.52,15.91,-93.07,-22.63,-90.99,-20.54
3338,5100.00,5601.25,1,4,-71.27,15.12,90.00,0,-118.56,-inf,-95.55,-24.39,-119.46,-inf,-94.00,-22.83,-71.27,15.12,-93.12,-21.95,-89.86,-18.66
3339,5100.00,5601.50,1,4,-76.05,10.94,90.00,0,-117.02,-inf,-97.70,-21.96,-119.42,-inf,-90.68,-14.83,-76.05,10.94,-94.96,-19.20,-92.52,-16.72
3340,5100.00,5601.75,1,4,-74.20,12.64,90.00,0,-118.99,-inf,-96.54,-22.54,-119.30,-inf,-90.76,-16.70,-74.20,12.64,-93.61,-19.60,-93.26,-19.24
3341,5100.00,5602.00,1,4,-72.62,14.07,90.00,0,-118.31,-inf,-95.44,-22.97,-118.98,-inf,-90.77,-18.26,-72.62,14.07,-92.19,-19.69,-94.96,-22.49
3342,5100.00,5602.25,1,4,-72.01,14.09,90.00,0,-117.55,-inf,-93.00,-21.13,-117.39,-inf,-90.53,-18.63,-72.01,14.09,-91.86,-19.98,-94.98,-23.12
3343,5100.00,5602.50,1,4,-71.03,13.62,90.00,0,-118.23,-inf,-91.47,-20.59,-116.18,-inf,-88.49,-17.58,-71.03,13.62,-91.57,-20.69,-92.97,-22.10
3344,5100.00,5602.75,1,4,-70.43,13.58,90.00,0,-118.72,-inf,-90.60,-20.32,-115.03,-inf,-86.87,-16.53,-70.43,13.58,-91.38,-21.10,-96.65,-26.39
3345,5100.00,5603.00,1,4,-71.05,12.77,90.00,0,-117.64,-inf,-90.78,-19.91,-116.74,-inf,-86.06,-15.10,-71.05,12.77,-92.45,-21.59,-97.84,-27.00
3346,5100.00,5603.25,1,4,-74.36,10.33,90.00,0,-116.36,-inf,-89.94,-15.85,-117.06,-inf,-87.95,-13.80,-74.36,10.33,-93.48,-19.45,-96.39,-22.38
3347,5100.00,5603.50,1,4,-72.64,11.91,90.00,0,-117.89,-inf,-89.09,-16.63,-116.83,-inf,-88.32,-15.84,-72.64,11.91,-93.01,-20.60,-96.87,-24.49
3348,5100.00,5603.75,1,4,-74.42,8.87,90.00,0,-117.92,-inf,-87.85,-13.79,-116.12,-inf,-86.91,-12.80,-74.42,8.87,-91.10,-17.13,-98.46,-24.56
3349,5100.00,5604.00,1,4,-70.39,12.81,90.00,0,-116.69,-inf,-86.83,-16.56,-115.50,-inf,-87.10,-16.84,-70.39,12.81,-92.40,-22.20,-100.81,-30.64
3350,5100.00,5604.25,1,4,-71.77,10.85,90.00,0,-116.57,-inf,-86.54,-14.98,-114.66,-inf,-85.67,-14.07,-71.77,10.85,-95.49,-24.05,-97.93,-26.50
3351,5100.00,5604.50,1,4,-71.29,10.67,90.00,0,-116.62,-inf,-87.31,-16.27,-114.82,-inf,-84.03,-12.88,-71.29,10.67,-95.25,-24.31,-98.02,-27.08
3352,5100.00,5604.75,1,4,-72.34,9.69,90.00,0,-116.10,-inf,-86.75,-14.71,-114.11,-inf,-84.57,-12.43,-72.34,9.69,-93.75,-21.82,-98.82,-26.91
3353,5100.00,5605.00,1,4,-73.83,7.01,90.00,0,-115.07,-inf,-85.34,-12.04,-113.84,-inf,-83.28,-9.81,-73.83,7.01,-94.22,-21.14,-98.46,-25.40
3354,5100.00,5605.25,1,4,-70.97,11.57,90.00,0,-116.82,-inf,-87.53,-16.76,-115.28,-inf,-85.66,-14.84,-70.97,11.57,-91.87,-21.16,-94.75,-24.05
3355,5100.00,5605.50,1,4,-73.65,9.45,90.00,0,-117.06,-inf,-88.50,-15.19,-116.50,-inf,-85.95,-12.53,-73.65,9.45,-92.39,-19.16,-95.79,-22.58
3356,5100.00,5605.75,1,4,-73.73,9.89,90.00,0,-118.25,-inf,-88.83,-15.40,-113.12,-inf,-87.39,-13.91,-73.73,9.89,-90.95,-17.57,-95.05,-21.71
3357,5100.00,5606.00,1,4,-75.88,7.73,90.00,0,-120.75,-inf,-88.79,-13.39,-112.32,-inf,-88.76,-13.37,-75.88,7.73,-88.93,-13.54,-94.88,-19.63
3358,5100.00,5606.25,1,4,-75.20,8.96,90.00,0,-120.75,-inf,-90.69,-15.90,-115.32,-inf,-89.62,-14.81,-75.20,8.96,-88.66,-13.81,-93.61,-18.87
3359,5100.00,5606.50,1,4,-74.04,9.17,90.00,0,-120.89,-inf,-90.08,-16.44,-115.09,-inf,-89.18,-15.52,-74.04,9.17,-86.79,-13.04,-94.03,-20.45
3360,5100.00,5606.75,1,4,-74.44,7.81,90.00,0,-118.00,-inf,-89.52,-15.63,-116.32,-inf,-89.26,-15.37,-74.44,7.81,-85.07,-10.96,-93.53,-19.71
3361,5100.00,5607.00,1,4,-72.81,8.94,90.00,0,-119.19,-inf,-88.41,-16.01,-117.90,-inf,-89.65,-17.28,-72.81,8.94,-84.46,-11.90,-93.17,-20.85
3362,5100.00,5607.25,1,4,-72.53,8.77,90.00,0,-118.16,-inf,-86.55,-14.41,-116.75,-inf,-90.06,-18.00,-72.53,8.77,-84.64,-12.41,-91.65,-19.61
3363,5100.00,5607.50,1,4,-70.29,10.86,90.00,0,-119.49,-inf,-88.71,-18.71,-114.80,-inf,-90.52,-20.54,-70.29,10.86,-83.16,-13.00,-92.85,-22.88
3364,5100.00,5607.75,1,4,-69.29,11.00,90.00,0,-118.03,-inf,-87.85,-18.84,-115.21,-inf,-90.48,-21.49,-69.29,11.00,-82.11,-12.94,-92.39,-23.41
3365,5100.00,5608.00,1,4,-67.89,11.82,90.00,0,-117.35,-inf,-88.76,-21.12,-114.43,-inf,-91.47,-23.84,-67.89,11.82,-80.82,-13.00,-95.68,-28.06
3366,5100.00,5608.25,1,4,-67.19,12.43,90.00,0,-115.86,-inf,-89.54,-22.56,-112.53,-inf,-89.50,-22.52,-67.19,12.43,-80.78,-13.64,-96.55,-29.60
3367,5100.00,5608.50,1,4,-70.01,8.91,90.00,0,-114.75,-inf,-88.64,-19.10,-112.46,-inf,-89.99,-20.47,-70.01,8.91,-79.92,-10.02,-97.60,-28.12
3368,5100.00,5608.75,1,4,-69.91,7.81,90.00,0,-114.63,-inf,-86.98,-17.66,-112.46,-inf,-90.86,-21.58,-69.91,7.81,-78.60,-8.82,-97.89,-28.63
3369,5100.00,5609.00,1,4,-67.20,9.70,90.00,0,-113.43,-inf,-84.64,-17.81,-113.85,-inf,-91.20,-24.43,-67.20,9.70,-78.00,-10.90,-95.98,-29.22
3370,5100.00,5609.25,1,4,-66.05,10.78,90.00,0,-114.69,-inf,-82.47,-16.68,-114.17,-inf,-91.58,-25.87,-66.05,10.78,-78.50,-12.57,-97.18,-31.48
3371,5100.00,5609.50,1,4,-67.58,9.91,90.00,0,-113.28,-inf,-81.15,-13.82,-115.84,-inf,-92.98,-25.81,-67.58,9.91,-80.29,-12.91,-97.67,-30.50
3372,5100.00,5609.75,1,4,-68.77,8.60,90.00,0,-115.22,-inf,-81.63,-13.22,-118.06,-inf,-92.86,-24.64,-68.77,8.60,-79.73,-11.21,-96.82,-28.61
3373,5100.00,5610.00,1,4,-68.84,10.47,90.00,0,-114.90,-inf,-82.11,-13.45,-117.77,-inf,-93.74,-25.26,-68.84,10.47,-83.11,-14.50,-97.76,-29.29
3374,5100.00,5610.25,1,4,-68.58,11.64,90.00,0,-116.13,-inf,-82.81,-14.36,-118.25,-inf,-92.76,-24.45,-68.58,11.64,-84.57,-16.17,-98.60,-30.30
3375,5100.00,5610.50,1,4,-66.92,13.25,90.00,0,-116.47,-inf,-82.25,-15.41,-116.62,-inf,-93.70,-26.97,-66.92,13.25,-85.30,-18.52,-97.30,-30.58
3376,5100.00,5610.75,1,4,-70.40,9.67,90.00,0,-115.82,-inf,-81.60,-11.34,-114.00,-inf,-93.55,-23.58,-70.40,9.67,-86.65,-16.60,-96.43,-26.47
3377,5100.00,5611.00,1,4,-69.99,9.99,90.00,0,-114.69,-inf,-82.14,-12.32,-114.43,-inf,-91.59,-21.98,-69.99,9.99,-85.49,-15.80,-95.11,-25.52
3378,5100.00,5611.25,1,4,-68.90,10.95,90.00,0,-113.28,-inf,-82.04,-13.27,-110.32,-inf,-93.53,-24.95,-68.90,10.95,-84.94,-16.27,-94.66,-26.09
3379,5100.00,5611.50,1,4,-70.85,8.93,90.00,0,-114.61,-inf,-82.53,-11.94,-110.03,-inf,-92.07,-21.72,-70.85,8.93,-83.98,-13.46,-96.31,-25.97
3380,5100.00,5611.75,1,4,-70.83,7.43,90.00,0,-112.26,-inf,-79.92,-9.33,-110.73,-inf,-90.94,-20.79,-70.83,7.43,-84.47,-14.20,-95.59,-25.47
3381,5100.00,5612.00,1,4,-71.90,5.45,90.00,0,-110.78,-inf,-78.71,-7.13,-110.44,-inf,-91.98,-21.14,-71.90,5.45,-84.18,-13.16,-93.93,-23.10
3382,5100.00,5612.25,1,4,-70.40,4.80,90.00,0,-108.95,-39.79,-76.23,-6.13,-110.71,-inf,-92.40,-23.22,-70.40,4.80,-82.80,-13.45,-93.70,-24.53
3383,5100.00,5612.50,1,4,-69.17,3.61,90.00,0,-109.50,-41.90,-73.40,-4.47,-109.01,-41.41,-90.05,-22.42,-69.17,3.61,-82.61,-14.87,-94.56,-26.95
3384,5100.00,5612.75,1,4,-70.42,2.03,90.00,0,-109.89,-41.58,-73.11,-3.06,-109.47,-41.16,-90.67,-22.33,-70.42,2.03,-81.66,-13.14,-96.11,-27.79
3385,5100.00,5613.00,1,4,-71.77,2.62,90.00,0,-108.10,-38.23,-75.24,-3.88,-110.11,-inf,-91.81,-21.91,-71.77,2.62,-82.47,-12.35,-99.58,-29.70
3386,5100.00,5613.25,1,4,-68.27,4.40,90.00,0,-107.27,-40.35,-73.08,-4.96,-108.55,-41.63,-93.03,-26.09,-68.27,4.40,-83.82,-16.81,-98.71,-31.79
3387,5100.00,5613.50,1,4,-68.18,3.72,90.00,0,-106.96,-40.31,-72.43,-4.46,-109.60,-42.95,-89.84,-23.18,-68.18,3.72,-82.26,-15.49,-95.61,-28.96
3388,5100.00,5613.75,1,4,-68.28,4.20,90.00,0,-108.84,-41.96,-73.01,-4.91,-108.62,-41.73,-89.60,-22.69,-68.28,4.20,-82.94,-15.95,-98.01,-31.12
3389,5100.00,5614.00,1,4,-68.89,5.17,90.00,0,-109.82,-42.08,-74.68,-5.96,-108.09,-40.35,-88.23,-20.45,-68.89,5.17,-84.74,-16.91,-96.57,-28.82
3390,5100.00,5614.25,1,4,-69.72,4.62,90.00,0,-109.08,-40.65,-74.95,-5.42,-108.74,-40.31,-87.40,-18.91,-69.72,4.62,-85.96,-17.45,-94.61,-26.17
3391,5100.00,5614.50,1,4,-70.55,3.29,90.00,0,-108.82,-39.94,-74.41,-4.10,-106.95,-38.06,-90.00,-21.09,-70.55,3.29,-84.55,-15.54,-93.99,-25.09
3392,5100.00,5614.75,1,4,-69.47,3.92,90.00,0,-107.09,-39.10,-73.79,-4.48,-109.38,-41.39,-89.57,-21.55,-69.47,3.92,-85.98,-17.92,-94.16,-26.16
3393,5100.00,5615.00,1,4,-67.25,8.13,90.00,0,-104.36,-37.73,-76.36,-9.25,-108.27,-41.65,-90.68,-24.04,-67.25,8.13,-83.65,-16.94,-92.40,-25.76
3394,5100.00,5615.25,1,4,-69.15,6.72,90.00,0,-104.55,-36.23,-76.91,-7.94,-107.59,-39.27,-87.80,-19.44,-69.15,6.72,-86.25,-17.86,-88.87,-20.51
3395,5100.00,5615.50,1,4,-72.37,2.89,90.00,0,-103.89,-33.32,-76.01,-3.98,-106.72,-36.15,-87.01,-16.34,-72.37,2.89,-87.85,-17.20,-90.45,-19.84
3396,5100.00,5615.75,1,4,-74.22,0.81,90.00,0,-103.55,-31.95,-75.64,-1.87,-107.12,-35.52,-87.08,-15.36,-74.22,0.81,-88.96,-17.28,-91.28,-19.64
3397,5100.00,5616.00,1,4,-76.44,0.30,90.00,0,-103.57,-29.99,-77.81,-2.19,-105.12,-31.55,-87.01,-13.24,-76.44,0.30,-88.11,-14.38,-90.31,-16.64
3398,5100.00,5616.25,1,4,-75.53,1.99,90.00,0,-104.37,-30.97,-78.81,-3.94,-106.32,-32.92,-87.32,-13.74,-75.53,1.99,-89.21,-15.69,-88.74,-15.22
3399,5100.00,5616.50,1,4,-72.96,4.05,90.00,0,-104.80,-33.28,-78.14,-5.55,-108.05,-36.53,-87.48,-15.85,-72.96,4.05,-89.60,-18.01,-88.18,-16.57
3400,5100.00,5616.75,1,4,-74.46,2.96,90.00,0,-104.36,-31.67,-78.86,-4.99,-107.16,-34.48,-87.22,-14.39,-74.46,2.96,-89.35,-16.57,-87.15,-14.31
3401,5100.00,5617.00,1,4,-76.09,2.30,90.00,0,-105.15,-31.07,-79.71,-4.25,-107.11,-33.03,-87.42,-13.14,-76.09,2.30,-90.81,-16.64,-89.91,-15.72
3402,5100.00,5617.25,1,4,-75.10,3.61,90.00,0,-104.22,-30.69,-80.01,-5.37,-107.67,-34.14,-88.20,-14.52,-75.10,3.61,-92.19,-18.61,-89.21,-15.56
3403,5100.00,5617.50,1,4,-74.87,6.14,90.00,0,-103.52,-29.60,-83.36,-8.92,-105.44,-31.52,-90.77,-16.76,-74.87,6.14,-90.13,-16.10,-88.74,-14.67
3404,5100.00,5617.75,1,4,-74.77,6.97,90.00,0,-103.63,-29.65,-84.75,-10.40,-106.66,-32.69,-90.21,-16.13,-74.77,6.97,-89.48,-15.38,-89.54,-15.44
3405,5100.00,5618.00,1,4,-73.03,6.76,90.00,0,-103.61,-31.41,-81.72,-9.01,-104.22,-32.02,-91.10,-18.84,-73.03,6.76,-88.40,-16.10,-88.64,-16.34
3406,5100.00,5618.25,1,4,-74.51,4.90,90.00,0,-103.49,-30.19,-81.58,-7.59,-103.01,-29.72,-90.63,-17.26,-74.51,4.90,-87.29,-13.82,-88.03,-14.59
3407,5100.00,5618.50,1,4,-75.53,4.42,90.00,0,-102.27,-28.07,-82.20,-7.27,-100.17,-25.97,-88.69,-14.34,-75.53,4.42,-88.09,-13.72,-90.30,-16.00
3408,5100.00,5618.75,1,4,-78.07,2.33,90.00,0,-101.19,-25.10,-83.55,-6.63,-100.26,-24.17,-89.17,-12.88,-78.07,2.33,-87.58,-11.19,-88.30,-11.96
3409,5100.00,5619.00,1,4,-78.94,3.45,90.00,0,-101.16,-23.82,-85.84,-7.87,-98.81,-21.46,-89.51,-11.92,-78.94,3.45,-89.84,-12.27,-91.57,-14.09
3410,5100.00,5619.25,1,4,-75.39,6.78,90.00,0,-101.29,-26.72,-86.10,-11.22,-98.66,-24.08,-88.45,-13.70,-75.39,6.78,-89.76,-15.06,-90.89,-16.22
3411,5100.00,5619.50,1,4,-76.79,4.46,90.00,0,-102.55,-27.08,-84.08,-7.99,-97.20,-21.72,-88.89,-13.23,-76.79,4.46,-88.88,-13.23,-91.72,-16.16
3412,5100.00,5619.75,1,4,-77.95,2.54,90.00,0,-100.09,-24.05,-83.33,-6.42,-98.01,-21.96,-86.94,-10.55,-77.95,2.54,-89.68,-13.47,-90.69,-14.52
3413,5100.00,5620.00,1,4,-74.91,6.48,90.00,0,-100.69,-26.66,-84.89,-10.49,-98.43,-24.39,-87.05,-12.80,-74.91,6.48,-90.68,-16.56,-90.65,-16.53
3414,5100.00,5620.25,1,4,-72.00,9.05,90.00,0,-101.13,-29.64,-84.01,-12.28,-94.65,-23.14,-87.00,-15.39,-72.00,9.05,-91.49,-19.96,-91.82,-20.29
3415,5100.00,5620.50,1,4,-72.23,8.29,90.00,0,-99.66,-28.02,-82.66,-10.67,-92.61,-20.94,-89.05,-17.34,-72.23,8.29,-93.09,-21.43,-90.22,-18.53
3416,5100.00,5620.75,1,4,-73.30,7.08,90.00,0,-100.27,-27.74,-82.23,-9.22,-93.48,-20.93,-90.38,-17.79,-73.30,7.08,-92.68,-20.11,-89.63,-17.03
3417,5100.00,5621.00,1,4,-70.39,9.44,90.00,0,-99.61,-29.68,-81.31,-11.06,-92.76,-22.81,-91.86,-21.91,-70.39,9.44,-92.55,-22.60,-89.81,-19.84
3418,5100.00,5621.25,1,4,-70.17,10.26,90.00,0,-98.13,-28.35,-81.75,-11.69,-95.86,-26.07,-92.46,-22.66,-70.17,10.26,-92.87,-23.07,-91.07,-21.26
3419,5100.00,5621.50,1,4,-71.07,10.39,90.00,0,-98.64,-27.94,-82.98,-12.02,-96.46,-25.75,-93.11,-22.39,-71.07,10.39,-91.40,-20.67,-93.69,-22.98
3420,5100.00,5621.75,1,4,-74.86,7.51,90.00,0,-96.26,-22.08,-84.33,-9.74,-94.91,-20.72,-95.91,-21.73,-74.86,7.51,-91.66,-17.43,-92.94,-18.73
3421,5100.00,5622.00,1,4,-74.29,9.36,90.00,0,-92.66,-18.79,-86.87,-12.84,-95.33,-21.49,-97.66,-23.83,-74.29,9.36,-91.56,-17.68,-93.42,-19.56
3422,5100.00,5622.25,1,4,-74.74,9.65,90.00,0,-90.81,-16.42,-87.97,-13.49,-96.26,-21.94,-97.97,-23.66,-74.74,9.65,-92.93,-18.58,-96.82,-22.50
3423,5100.00,5622.50,1,4,-76.70,8.26,90.00,0,-91.46,-15.24,-89.47,-13.17,-94.78,-18.62,-99.34,-23.22,-76.70,8.26,-92.27,-16.07,-96.88,-20.75
3424,5100.00,5622.75,1,4,-78.04,7.61,90.00,0,-91.66,-14.15,-90.58,-13.01,-95.43,-18.01,-100.61,-23.24,-78.04,7.61,-92.94,-15.47,-97.44,-20.05
3425,5100.00,5623.00,1,4,-79.50,6.07,90.00,0,-90.98,-12.18,-90.12,-11.27,-96.05,-17.43,-99.84,-21.26,-79.50,6.07,-93.92,-15.25,-98.40,-19.81
3426,5100.00,5623.25,1,4,-78.52,6.72,90.00,0,-91.53,-13.66,-89.45,-11.47,-96.06,-18.31,-101.14,-23.44,-78.52,6.72,-92.34,-14.50,-98.36,-20.63
3427,5100.00,5623.50,1,4,-77.07,7.25,90.00,0,-90.71,-14.23,-90.71,-14.23,-95.31,-18.94,-98.80,-22.46,-77.07,7.25,-88.82,-12.25,-97.91,-21.56
3428,5100.00,5623.75,1,4,-75.68,7.29,90.00,0,-88.43,-13.29,-88.76,-13.64,-93.11,-18.11,-97.53,-22.57,-75.68,7.29,-88.79,-13.67,-97.14,-22.18
3429,5100.00,5624.00,1,4,-74.58,9.24,90.00,0,-90.09,-15.90,-88.19,-13.93,-93.32,-19.18,-98.11,-24.00,-74.58,9.24,-91.30,-17.13,-97.19,-23.08
3430,5100.00,5624.25,1,4,-74.04,10.54,90.00,0,-90.93,-17.18,-88.99,-15.19,-92.76,-19.03,-96.99,-23.30,-74.04,10.54,-93.61,-19.89,-98.27,-24.58
3431,5100.00,5624.50,1,4,-72.12,11.59,90.00,0,-86.01,-14.01,-92.62,-20.75,-93.56,-21.70,-96.27,-24.42,-72.12,11.59,-95.25,-23.40,-98.93,-27.09
3432,5100.00,5624.75,1,4,-70.16,13.45,90.00,0,-86.12,-16.05,-93.01,-23.02,-92.59,-22.60,-92.92,-22.93,-70.16,13.45,-97.45,-27.47,-101.51,-31.54
3433,5100.00,5625.00,1,4,-71.90,10.14,90.00,0,-83.31,-11.51,-92.23,-20.69,-93.98,-22.45,-95.60,-24.08,-71.90,10.14,-98.87,-27.36,-101.26,-29.75
3434,5100.00,5625.25,1,4,-68.05,11.09,90.00,0,-79.69,-11.68,-92.30,-24.56,-95.18,-27.45,-95.67,-27.94,-68.05,11.09,-98.75,-31.02,-103.00,-35.28
3435,5100.00,5625.50,1,4,-65.58,13.58,90.00,0,-79.70,-14.14,-92.44,-27.05,-95.59,-30.20,-95.29,-29.89,-65.58,13.58,-98.33,-32.94,-103.78,-38.39
3436,5100.00,5625.75,1,4,-65.15,14.57,90.00,0,-80.29,-15.16,-94.14,-29.13,-97.23,-32.22,-94.22,-29.21,-65.15,14.57,-97.78,-32.77,-101.03,-36.03
3437,5100.00,5626.00,1,4,-66.27,12.77,90.00,0,-79.70,-13.47,-93.01,-26.96,-95.27,-29.22,-92.54,-26.49,-66.27,12.77,-96.15,-30.11,-101.60,-35.56
3438,5100.00,5626.25,1,4,-65.05,16.18,90.00,0,-82.96,-17.94,-91.02,-26.06,-95.62,-30.66,-90.73,-25.77,-65.05,16.18,-94.11,-29.15,-101.65,-36.70
3439,5100.00,5626.50,1,4,-62.79,19.96,90.00,0,-86.05,-23.28,-90.73,-27.98,-95.56,-32.81,-90.17,-27.42,-62.79,19.96,-92.63,-29.88,-100.48,-37.73
3440,5100.00,5626.75,1,4,-61.87,20.54,90.00,0,-86.13,-24.28,-90.32,-28.47,-97.09,-35.25,-88.95,-27.10,-61.87,20.54,-91.35,-29.51,-101.65,-39.82
3441,5100.00,5627.00,1,4,-63.69,19.42,90.00,0,-87.49,-23.83,-91.36,-27.72,-98.61,-34.97,-89.30,-25.65,-63.69,19.42,-90.36,-26.71,-103.70,-40.06
3442,5100.00,5627.25,1,4,-62.57,20.82,90.00,0,-88.88,-26.34,-94.20,-31.67,-98.27,-35.74,-88.09,-25.54,-62.57,20.82,-89.74,-27.20,-103.12,-40.59
3443,5100.00,5627.50,1,4,-64.57,18.98,90.00,0,-88.01,-23.48,-95.56,-31.04,-99.34,-34.83,-87.81,-23.28,-64.57,18.98,-92.08,-27.56,-101.95,-37.44
3444,5100.00,5627.75,1,4,-64.55,19.19,90.00,0,-90.90,-26.39,-97.00,-32.50,-100.69,-36.19,-87.34,-22.82,-64.55,19.19,-89.67,-25.16,-99.84,-35.34
3445,5100.00,5628.00,1,4,-63.89,20.22,90.00,0,-90.35,-26.49,-97.44,-33.59,-100.97,-37.12,-87.69,-23.83,-63.89,20.22,-90.94,-27.08,-100.23,-36.38
3446,5100.00,5628.25,1,4,-62.87,21.11,90.00,0,-91.28,-28.44,-97.75,-34.91,-100.16,-37.32,-86.78,-23.92,-62.87,21.11,-91.38,-28.53,-102.49,-39.65
3447,5100.00,5628.50,1,4,-63.51,19.96,90.00,0,-92.09,-28.61,-96.55,-33.08,-100.09,-36.62,-85.73,-22.23,-63.51,19.96,-91.31,-27.83,-103.49,-40.02
3448,5100.00,5628.75,1,4,-59.89,24.65,90.00,0,-92.98,-33.11,-100.70,-40.83,-100.40,-40.53,-87.11,-27.23,-59.89,24.65,-91.32,-31.44,-102.93,-43.06
3449,5100.00,5629.00,1,4,-57.96,24.91,90.00,0,-94.43,-36.48,-101.75,-43.80,-99.91,-41.96,-85.06,-27.11,-57.96,24.91,-88.62,-30.67,-104.34,-46.39
3450,5100.00,5629.25,1,4,-60.80,20.94,90.00,0,-94.41,-33.65,-102.46,-41.70,-101.99,-41.23,-84.86,-24.08,-60.80,20.94,-85.46,-24.68,-107.82,-47.05
3451,5100.00,5629.50,1,4,-59.66,22.75,90.00,0,-94.12,-34.48,-102.99,-43.35,-102.16,-42.53,-86.04,-26.39,-59.66,22.75,-85.80,-26.15,-105.97,-46.33
3452,5100.00,5629.75,1,4,-58.85,23.11,90.00,0,-94.25,-35.42,-104.42,-45.60,-102.32,-43.50,-86.62,-27.79,-58.85,23.11,-84.43,-25.60,-105.66,-46.83
3453,5100.00,5630.00,1,4,-58.84,21.87,90.00,0,-96.22,-37.41,-103.91,-45.10,-100.39,-41.58,-83.50,-24.67,-58.84,21.87,-84.52,-25.70,-106.61,-47.79
3454,5100.00,5630.25,1,4,-59.90,21.77,90.00,0,-95.64,-35.77,-104.04,-44.16,-99.95,-40.08,-84.66,-24.77,-59.90,21.77,-85.47,-25.58,-105.82,-45.94
3455,5100.00,5630.50,1,4,-61.26,21.57,90.00,0,-94.12,-32.88,-102.92,-41.68,-99.32,-38.09,-86.18,-24.93,-61.26,21.57,-86.73,-25.49,-107.31,-46.07
3456,5100.00,5630.75,1,4,-62.44,19.49,90.00,0,-95.22,-32.82,-101.87,-39.47,-98.74,-36.35,-83.75,-21.32,-62.44,19.49,-88.05,-25.65,-106.97,-44.58
3457,5100.00,5631.00,1,4,-67.16,15.62,90.00,0,-97.49,-30.44,-101.36,-34.32,-98.58,-31.54,-84.10,-16.98,-67.16,15.62,-90.57,-23.51,-107.08,-40.04
3458,5100.00,5631.25,1,4,-69.53,12.86,90.00,0,-96.53,-27.22,-102.40,-33.09,-98.39,-29.08,-83.57,-14.09,-69.53,12.86,-90.89,-21.56,-104.33,-35.02
3459,5100.00,5631.50,1,4,-69.52,13.19,90.00,0,-96.43,-27.11,-102.98,-33.66,-95.37,-26.04,-84.09,-14.63,-69.52,13.19,-91.14,-21.80,-106.75,-37.43
3460,5100.00,5631.75,1,4,-68.59,13.58,90.00,0,-95.07,-26.66,-101.51,-33.11,-94.94,-26.53,-83.70,-15.17,-68.59,13.58,-90.19,-21.76,-103.45,-35.05
3461,5100.00,5632.00,1,4,-68.87,14.10,90.00,0,-93.30,-24.59,-102.24,-33.54,-94.27,-25.56,-85.40,-16.61,-68.87,14.10,-89.53,-20.79,-102.47,-33.77
3462,5100.00,5632.25,1,4,-67.89,15.30,90.00,0,-94.53,-26.76,-99.67,-31.90,-92.90,-25.12,-86.29,-18.46,-67.89,15.30,-88.75,-20.95,-104.41,-36.65
3463,5100.00,5632.50,1,4,-66.83,15.60,90.00,0,-94.70,-27.98,-99.69,-32.98,-91.20,-24.48,-84.86,-18.08,-66.83,15.60,-89.48,-22.75,-106.50,-39.79
3464,5100.00,5632.75,1,4,-64.74,16.85,90.00,0,-93.77,-29.11,-100.40,-35.75,-92.22,-27.56,-83.20,-18.49,-64.74,16.85,-90.35,-25.69,-108.50,-43.84
3465,5100.00,5633.00,1,4,-66.11,15.96,90.00,0,-96.77,-30.76,-98.90,-32.89,-92.30,-26.29,-83.69,-17.61,-66.11,15.96,-90.52,-24.50,-107.60,-41.60
3466,5100.00,5633.25,1,4,-65.06,18.24,90.00,0,-97.00,-32.01,-98.34,-33.35,-93.07,-28.07,-85.90,-20.87,-65.06,18.24,-89.37,-24.36,-107.11,-42.12
3467,5100.00,5633.50,1,4,-65.51,17.30,90.00,0,-96.66,-31.23,-97.50,-32.07,-93.44,-28.01,-86.14,-20.67,-65.51,17.30,-87.36,-21.90,-108.25,-42.82
3468,5100.00,5633.75,1,4,-65.15,17.34,90.00,0,-96.17,-31.09,-98.05,-32.97,-93.04,-27.95,-84.91,-19.79,-65.15,17.34,-88.56,-23.47,-108.70,-43.63
3469,5100.00,5634.00,1,4,-67.12,16.75,90.00,0,-97.06,-30.02,-95.81,-28.77,-93.67,-26.63,-86.10,-19.01,-67.12,16.75,-91.98,-24.94,-105.89,-38.86
3470,5100.00,5634.25,1,4,-67.28,17.12,90.00,0,-99.94,-32.74,-95.99,-28.79,-94.93,-27.72,-86.45,-19.21,-67.28,17.12,-92.45,-25.24,-106.44,-39.24
3471,5100.00,5634.50,1,4,-66.09,18.69,90.00,0,-100.56,-34.52,-97.00,-30.96,-95.52,-29.48,-87.85,-21.79,-66.09,18.69,-90.04,-23.99,-105.66,-39.63
3472,5100.00,5634.75,1,4,-65.54,19.92,90.00,0,-100.78,-35.28,-94.80,-29.30,-97.40,-31.90,-89.80,-24.29,-65.54,19.92,-89.67,-24.15,-106.60,-41.11
3473,5100.00,5635.00,1,4,-67.47,19.12,90.00,0,-101.54,-34.12,-95.44,-28.01,-96.35,-28.92,-90.46,-23.02,-67.47,19.12,-92.39,-24.95,-105.44,-38.02
3474,5100.00,5635.25,1,4,-67.07,19.74,90.00,0,-103.09,-36.06,-95.24,-28.21,-95.15,-28.12,-92.44,-25.40,-67.07,19.74,-91.35,-24.30,-106.14,-39.12
3475,5100.00,5635.50,1,4,-69.04,18.54,90.00,0,-102.25,-33.27,-94.18,-25.19,-95.17,-26.18,-95.60,-26.61,-69.04,18.54,-92.20,-23.20,-106.67,-37.69
3476,5100.00,5635.75,1,4,-70.06,17.56,90.00,0,-101.93,-31.94,-93.04,-23.04,-95.26,-25.27,-96.51,-26.52,-70.06,17.56,-92.75,-22.75,-107.35,-37.37
3477,5100.00,5636.00,1,4,-69.15,17.93,90.00,0,-99.31,-30.23,-91.69,-22.58,-94.60,-25.51,-96.39,-27.30,-69.15,17.93,-93.27,-24.18,-107.46,-38.39
3478,5100.00,5636.25,1,4,-68.80,17.98,90.00,0,-98.52,-29.78,-90.75,-21.99,-93.44,-24.69,-95.57,-26.82,-68.80,17.98,-95.85,-27.10,-106.30,-37.57
3479,5100.00,5636.50,1,4,-69.52,17.93,90.00,0,-94.29,-24.83,-92.47,-22.99,-93.63,-24.16,-97.43,-27.97,-69.52,17.93,-99.29,-29.83,-105.73,-36.27
3480,5100.00,5636.75,1,4,-68.35,19.89,90.00,0,-95.57,-27.26,-93.91,-25.59,-93.67,-25.35,-98.09,-29.78,-68.35,19.89,-100.37,-32.06,-104.32,-36.01
3481,5100.00,5637.00,1,4,-69.30,18.46,90.00,0,-92.90,-23.64,-93.29,-24.04,-94.99,-25.73,-99.39,-30.14,-69.30,18.46,-98.52,-29.27,-106.60,-37.36
3482,5100.00,5637.25,1,4,-68.77,18.47,90.00,0,-93.22,-24.50,-93.18,-24.46,-93.27,-24.55,-96.89,-28.17,-68.77,18.47,-98.67,-29.95,-106.94,-38.23
3483,5100.00,5637.50,1,4,-67.17,19.79,90.00,0,-91.97,-24.83,-93.53,-26.39,-93.20,-26.06,-96.88,-29.74,-67.17,19.79,-98.59,-31.46,-108.86,-41.73
3484,5100.00,5637.75,1,4,-67.09,20.10,90.00,0,-91.26,-24.20,-93.65,-26.59,-95.87,-28.82,-98.13,-31.08,-67.09,20.10,-96.87,-29.82,-109.00,-41.95
3485,5100.00,5638.00,1,4,-67.48,20.59,90.00,0,-92.44,-24.98,-95.64,-28.19,-94.25,-26.80,-98.12,-30.67,-67.48,20.59,-101.33,-33.88,-109.25,-41.81
3486,5100.00,5638.25,1,4,-66.13,21.23,90.00,0,-90.75,-24.64,-94.56,-28.47,-94.37,-28.27,-99.50,-33.40,-66.13,21.23,-102.81,-36.71,-107.55,-41.46
3487,5100.00,5638.50,1,4,-66.33,21.12,90.00,0,-93.52,-27.21,-93.16,-26.86,-92.83,-26.53,-97.40,-31.10,-66.33,21.12,-104.47,-38.18,-104.67,-38.38
3488,5100.00,5638.75,1,4,-68.67,18.77,90.00,0,-92.27,-23.65,-92.65,-24.03,-96.58,-27.97,-95.43,-26.82,-68.67,18.77,-103.84,-35.23,-106.46,-37.85
3489,5100.00,5639.00,1,4,-72.20,14.76,90.00,0,-90.88,-18.77,-94.19,-22.11,-95.57,-23.50,-94.34,-22.26,-72.20,14.76,-103.71,-31.65,-105.61,-33.55
3490,5100.00,5639.25,1,4,-70.48,16.30,90.00,0,-90.30,-19.88,-95.12,-24.73,-94.45,-24.06,-94.59,-24.20,-70.48,16.30,-103.82,-33.44,-108.58,-38.20
3491,5100.00,5639.50,1,4,-71.27,16.39,90.00,0,-90.37,-19.14,-97.04,-25.86,-97.55,-26.37,-95.50,-24.32,-71.27,16.39,-103.83,-32.66,-110.01,-inf
3492,5100.00,5639.75,1,4,-73.12,13.61,90.00,0,-88.58,-15.52,-98.74,-25.79,-97.18,-24.23,-95.99,-23.03,-73.12,13.61,-102.36,-29.42,-110.07,-inf
3493,5100.00,5640.00,1,4,-72.51,13.57,90.00,0,-88.23,-15.80,-98.96,-26.63,-97.90,-25.57,-92.83,-20.47,-72.51,13.57,-102.49,-30.17,-110.74,-inf
3494,5100.00,5640.25,1,4,-72.60,13.94,90.00,0,-89.64,-17.13,-98.02,-25.58,-100.37,-27.94,-91.50,-19.02,-72.60,13.94,-102.03,-29.60,-109.62,-37.19
3495,5100.00,5640.50,1,4,-73.51,12.78,90.00,0,-89.14,-15.74,-96.66,-23.35,-100.36,-27.06,-91.99,-18.64,-73.51,12.78,-101.41,-28.12,-107.30,-34.01
3496,5100.00,5640.75,1,4,-74.58,11.38,90.00,0,-89.00,-14.57,-94.05,-19.73,-100.48,-26.19,-92.26,-17.91,-74.58,11.38,-101.21,-26.92,-106.49,-32.21
3497,5100.00,5641.00,1,4,-73.92,11.88,90.00,0,-90.33,-16.59,-94.92,-21.24,-98.18,-24.52,-89.84,-16.09,-73.92,11.88,-102.79,-29.13,-104.15,-30.50
3498,5100.00,5641.25,1,4,-72.68,12.25,90.00,0,-89.30,-16.78,-95.76,-23.31,-97.59,-25.14,-88.65,-16.11,-72.68,12.25,-100.34,-27.90,-103.95,-31.51
3499,5100.00,5641.50,1,4,-70.94,13.49,90.00,0,-90.27,-19.46,-95.74,-24.97,-97.14,-26.37,-87.04,-16.18,-70.94,13.49,-100.43,-29.67,-105.09,-34.34
3500,5100.00,5641.75,1,4,-68.96,14.23,90.00,0,-91.73,-22.91,-97.68,-28.88,-98.22,-29.42,-84.45,-15.53,-68.96,14.23,-100.34,-31.53,-105.52,-36.72
3501,5100.00,5642.00,1,4,-69.13,13.21,90.00,0,-90.81,-21.86,-97.65,-28.72,-96.39,-27.46,-83.59,-14.51,-69.13,13.21,-101.15,-32.23,-102.81,-33.88
3502,5100.00,5642.25,1,4,-68.48,15.58,90.00,0,-92.09,-23.71,-96.66,-28.29,-98.97,-30.60,-85.62,-17.17,-68.48,15.58,-102.32,-33.95,-101.99,-33.63
3503,5100.00,5642.50,1,4,-70.65,13.43,90.00,0,-93.52,-23.04,-95.47,-24.99,-98.49,-28.02,-85.48,-14.88,-70.65,13.43,-103.23,-32.76,-102.29,-31.83
3504,5100.00,5642.75,1,4,-72.94,10.71,90.00,0,-91.46,-18.82,-95.34,-22.73,-99.45,-26.85,-85.21,-12.38,-72.94,10.71,-105.29,-32.71,-102.53,-29.94
3505,5100.00,5643.00,1,4,-74.08,8.65,90.00,0,-90.14,-16.53,-91.64,-18.06,-100.62,-27.09,-84.64,-10.78,-74.08,8.65,-104.00,-30.47,-105.31,-31.78
3506,5100.00,5643.25,1,4,-76.65,6.67,90.00,0,-89.89,-13.92,-91.63,-15.71,-101.36,-25.55,-85.65,-9.38,-76.65,6.67,-104.79,-28.99,-106.30,-30.50
3507,5100.00,5643.50,1,4,-76.24,5.62,90.00,0,-89.57,-14.22,-88.39,-12.99,-100.67,-25.47,-84.27,-8.51,-76.24,5.62,-106.28,-31.09,-107.62,-32.43
3508,5100.00,5643.75,1,4,-73.74,8.96,90.00,0,-89.34,-16.01,-91.60,-18.31,-98.89,-25.65,-84.92,-11.39,-73.74,8.96,-105.17,-31.94,-105.47,-32.24
3509,5100.00,5644.00,1,4,-75.01,7.89,90.00,0,-87.59,-13.03,-90.92,-16.46,-98.08,-23.71,-86.45,-11.81,-75.01,7.89,-106.76,-32.40,-104.60,-30.24
3510,5100.00,5644.25,1,4,-77.92,6.09,90.00,0,-89.20,-11.97,-89.56,-12.35,-96.82,-19.81,-88.88,-11.63,-77.92,6.09,-105.86,-28.89,-104.32,-27.35
3511,5100.00,5644.50,1,4,-80.46,4.62,90.00,0,-90.79,-11.31,-90.10,-10.56,-98.01,-18.78,-90.13,-10.59,-80.46,4.62,-106.67,-27.48,-103.64,-24.45
3512,5100.00,5644.75,1,4,-82.14,3.67,90.00,0,-91.06,-10.07,-91.51,-10.56,-99.31,-18.66,-90.86,-9.84,-82.14,3.67,-105.52,-24.92,-101.50,-20.88
3513,5100.00,5645.00,1,4,-81.36,2.70,90.00,0,-91.06,-11.26,-88.79,-8.75,-99.02,-19.48,-88.39,-8.29,-81.36,2.70,-104.99,-25.48,-99.39,-19.85
3514,5100.00,5645.25,1,4,-83.37,-0.41,90.00,0,-93.43,-13.07,-88.41,-7.55,-100.64,-20.45,-85.45,-3.78,-83.37,-0.41,-105.52,-25.35,-100.04,-19.84
3515,5100.00,5645.50,1,4,-81.91,0.96,90.00,0,-94.33,-14.84,-88.52,-8.60,-100.88,-21.49,-85.09,-4.38,-81.91,0.96,-105.71,-26.35,-100.92,-21.53
3516,5100.00,5645.75,1,4,-79.35,3.06,90.00,0,-94.23,-16.52,-87.17,-9.05,-100.88,-23.26,-85.06,-6.60,-79.35,3.06,-105.69,-28.07,-99.20,-21.56
3517,5100.00,5646.00,1,4,-77.52,4.70,90.00,0,-90.73,-14.32,-86.81,-10.15,-101.95,-25.68,-85.62,-8.83,-77.52,4.70,-105.03,-28.77,-98.86,-22.57
3518,5100.00,5646.25,1,4,-76.84,6.37,90.00,0,-91.94,-15.89,-87.06,-10.77,-100.85,-24.90,-87.22,-10.95,-76.84,6.37,-107.23,-31.29,-101.47,-25.52
3519,5100.00,5646.50,1,4,-76.98,5.72,90.00,0,-92.29,-16.23,-88.16,-11.94,-102.82,-26.86,-85.28,-8.79,-76.98,5.72,-110.43,-inf,-98.99,-23.02
3520,5100.00,5646.75,1,4,-79.53,2.15,90.00,0,-93.18,-15.60,-87.23,-9.28,-103.08,-25.60,-83.77,-5.15,-79.53,2.15,-110.67,-inf,-101.18,-23.70
3521,5100.00,5647.00,1,4,-79.55,2.79,90.00,0,-93.79,-15.97,-86.86,-8.59,-103.88,-26.16,-85.04,-6.44,-79.55,2.79,-107.77,-30.05,-101.83,-24.10
3522,5100.00,5647.25,1,4,-80.55,3.68,90.00,0,-94.38,-15.25,-88.35,-8.81,-104.57,-25.56,-87.61,-7.97,-80.55,3.68,-107.91,-28.91,-102.06,-23.04
3523,5100.00,5647.50,1,4,-79.77,2.27,90.00,0,-93.96,-16.10,-84.81,-6.11,-106.34,-28.58,-86.32,-7.92,-79.77,2.27,-109.33,-31.58,-101.26,-23.49
3524,5100.00,5647.75,1,4,-78.63,2.65,90.00,0,-93.12,-16.27,-82.70,-4.69,-105.77,-29.02,-88.80,-11.77,-78.63,2.65,-110.88,-inf,-98.12,-21.34
3525,5100.00,5648.00,1,4,-82.57,-1.09,90.00,0,-94.07,-14.95,-83.03,-1.87,-104.65,-25.66,-88.45,-8.95,-82.57,-1.09,-110.57,-inf,-97.64,-18.60
3526,5100.00,5648.25,1,4,-85.45,-3.87,90.00,0,-96.52,-16.34,-82.76,0.70,-106.72,-26.63,-89.42,-8.80,-85.45,-3.87,-110.04,-inf,-97.71,-17.55
3527,5100.00,5648.50,1,4,-85.53,-3.08,90.00,0,-97.41,-16.61,-83.71,0.02,-107.82,-27.10,-90.02,-8.76,-85.53,-3.08,-110.92,-inf,-98.51,-17.73
3528,5100.00,5648.75,1,4,-86.93,-3.90,90.00,0,-100.93,-19.33,-83.92,1.40,-107.65,-26.09,-91.97,-10.00,-86.93,-3.90,-110.12,-inf,-100.95,-19.35
3529,5100.00,5649.00,1,4,-85.30,-1.91,90.00,0,-103.34,-22.07,-84.48,-0.45,-109.44,-28.20,-91.51,-9.85,-85.30,-1.91,-111.10,-inf,-98.51,-17.19
3530,5100.00,5649.25,1,4,-84.20,-0.13,90.00,0,-104.36,-23.21,-85.59,-2.55,-110.02,-inf,-91.34,-9.79,-84.20,-0.13,-111.37,-inf,-95.38,-14.08
3531,5100.00,5649.50,1,4,-81.99,3.05,90.00,0,-104.54,-24.28,-87.18,-5.95,-111.39,-inf,-90.81,-10.17,-81.99,3.05,-109.90,-29.66,-96.15,-15.79
3532,5100.00,5649.75,1,4,-80.89,4.51,90.00,0,-106.34,-26.75,-87.26,-6.87,-111.80,-inf,-91.33,-11.45,-80.89,4.51,-110.18,-inf,-98.46,-18.83
3533,5100.00,5650.00,1,4,-81.52,4.74,90.00,0,-104.77,-24.50,-88.73,-7.80,-113.16,-inf,-91.47,-10.87,-81.52,4.74,-110.67,-inf,-97.42,-17.08
3534,5100.00,5650.25,1,4,-78.41,7.83,90.00,0,-103.03,-25.27,-88.34,-10.20,-112.51,-inf,-91.90,-13.98,-78.41,7.83,-107.99,-30.24,-99.97,-22.19
3535,5100.00,5650.50,1,4,-76.55,10.92,90.00,0,-100.17,-23.94,-89.67,-13.26,-111.85,-inf,-93.60,-17.31,-76.55,10.92,-108.89,-32.68,-101.65,-25.43
3536,5100.00,5650.75,1,4,-74.01,13.43,90.00,0,-98.99,-25.16,-89.93,-16.01,-111.21,-inf,-93.61,-19.75,-74.01,13.43,-109.46,-35.64,-99.45,-25.62
3537,5100.00,5651.00,1,4,-75.12,11.34,90.00,0,-97.13,-22.29,-90.76,-15.84,-110.93,-inf,-90.12,-15.19,-75.12,11.34,-108.97,-34.16,-98.41,-23.58
3538,5100.00,5651.25,1,4,-74.86,9.95,90.00,0,-96.57,-22.10,-86.99,-12.30,-109.51,-35.07,-90.92,-16.38,-74.86,9.95,-109.59,-35.15,-98.17,-23.71
3539,5100.00,5651.50,1,4,-77.39,6.84,90.00,0,-95.39,-18.76,-86.08,-8.99,-109.39,-32.82,-90.94,-14.21,-77.39,6.84,-109.54,-32.96,-100.52,-23.92
3540,5100.00,5651.75,1,4,-77.60,6.89,90.00,0,-97.97,-21.15,-86.71,-9.45,-110.65,-inf,-89.71,-12.69,-77.60,6.89,-114.78,-inf,-100.40,-23.59
3541,5100.00,5652.00,1,4,-78.32,5.62,90.00,0,-95.62,-18.28,-86.56,-8.75,-111.47,-inf,-88.81,-11.23,-78.32,5.62,-113.80,-inf,-98.55,-21.25
3542,5100.00,5652.25,1,4,-80.31,4.11,90.00,0,-96.10,-17.13,-86.23,-6.46,-113.37,-inf,-91.61,-12.48,-80.31,4.11,-114.65,-inf,-97.00,-18.04
3543,5100.00,5652.50,1,4,-80.50,4.83,90.00,0,-97.11,-17.77,-88.15,-8.29,-113.89,-inf,-90.56,-10.97,-80.50,4.83,-115.43,-inf,-96.33,-16.98
3544,5100.00,5652.75,1,4,-78.76,6.08,90.00,0,-97.94,-20.10,-86.76,-8.37,-113.65,-inf,-91.92,-13.95,-78.76,6.08,-115.14,-inf,-95.71,-17.84
3545,5100.00,5653.00,1,4,-76.81,5.37,90.00,0,-100.00,-24.27,-83.50,-7.01,-114.20,-inf,-89.20,-13.29,-76.81,5.37,-113.98,-inf,-97.46,-21.73
3546,5100.00,5653.25,1,4,-76.69,6.70,90.00,0,-98.83,-22.96,-85.39,-9.03,-114.12,-inf,-89.09,-13.03,-76.69,6.70,-110.41,-inf,-96.41,-20.52
3547,5100.00,5653.50,1,4,-75.88,7.15,90.00,0,-97.74,-22.60,-85.81,-10.30,-112.92,-inf,-87.49,-12.11,-75.88,7.15,-110.85,-inf,-95.30,-20.14
3548,5100.00,5653.75,1,4,-75.27,7.58,90.00,0,-96.77,-22.17,-84.91,-9.92,-114.67,-inf,-88.58,-13.84,-75.27,7.58,-108.93,-34.35,-96.08,-21.48
3549,5100.00,5654.00,1,4,-74.93,8.64,90.00,0,-97.22,-22.82,-84.99,-10.22,-114.36,-inf,-92.00,-17.54,-74.93,8.64,-110.99,-inf,-95.20,-20.79
3550,5100.00,5654.25,1,4,-74.13,9.18,90.00,0,-98.63,-24.98,-84.44,-10.43,-113.72,-inf,-93.71,-20.03,-74.13,9.18,-113.96,-inf,-93.95,-20.28
3551,5100.00,5654.50,1,4,-75.82,6.71,90.00,0,-99.00,-24.00,-83.37,-7.71,-111.89,-inf,-94.55,-19.53,-75.82,6.71,-113.19,-inf,-93.91,-18.88
3552,5100.00,5654.75,1,4,-76.24,4.73,90.00,0,-98.94,-23.95,-81.46,-5.38,-111.56,-inf,-97.85,-22.85,-76.24,4.73,-113.69,-inf,-93.21,-18.17
3553,5100.00,5655.00,1,4,-77.62,3.40,90.00,0,-97.53,-21.51,-81.56,-4.16,-111.31,-inf,-95.90,-19.87,-77.62,3.40,-111.47,-inf,-94.12,-18.07
3554,5100.00,5655.25,1,4,-77.94,2.57,90.00,0,-99.53,-23.48,-80.95,-3.23,-110.13,-inf,-94.34,-18.25,-77.94,2.57,-111.83,-inf,-95.74,-19.66
3555,5100.00,5655.50,1,4,-79.42,2.45,90.00,0,-98.34,-20.84,-82.53,-3.44,-111.98,-inf,-93.05,-15.47,-79.42,2.45,-112.22,-inf,-97.64,-20.13
3556,5100.00,5655.75,1,4,-80.03,0.43,90.00,0,-99.13,-21.88,-81.03,-1.46,-111.72,-inf,-90.99,-13.58,-80.03,0.43,-114.86,-inf,-100.23,-22.99
3557,5100.00,5656.00,1,4,-79.93,1.98,90.00,0,-97.65,-19.81,-83.05,-3.72,-111.00,-inf,-89.56,-11.47,-79.93,1.98,-115.80,-inf,-99.10,-21.28
3558,5100.00,5656.25,1,4,-78.51,3.10,90.00,0,-94.85,-18.00,-82.44,-4.29,-111.09,-inf,-92.01,-15.10,-78.51,3.10,-115.47,-inf,-98.42,-21.61
3559,5100.00,5656.50,1,4,-78.45,2.66,90.00,0,-93.85,-17.20,-82.23,-4.30,-112.62,-inf,-89.62,-12.83,-78.45,2.66,-116.65,-inf,-97.72,-21.12
3560,5100.00,5656.75,1,4,-78.93,4.94,90.00,0,-93.51,-15.67,-85.28,-6.72,-113.58,-inf,-93.52,-15.69,-78.93,4.94,-116.78,-inf,-98.47,-20.71
3561,5100.00,5657.00,1,4,-79.69,4.10,90.00,0,-94.52,-16.15,-84.96,-5.66,-111.25,-inf,-95.99,-17.66,-79.69,4.10,-117.84,-inf,-95.49,-17.14
3562,5100.00,5657.25,1,4,-81.58,4.32,90.00,0,-95.78,-15.45,-87.12,-5.92,-111.81,-inf,-99.01,-18.74,-81.58,4.32,-119.36,-inf,-98.60,-18.32
3563,5100.00,5657.50,1,4,-82.37,3.14,90.00,0,-94.24,-13.39,-87.04,-5.26,-114.34,-inf,-97.20,-16.45,-82.37,3.14,-122.52,-inf,-97.70,-16.96
3564,5100.00,5657.75,1,4,-80.68,5.08,90.00,0,-96.17,-16.56,-87.01,-6.66,-113.73,-inf,-96.51,-16.91,-80.68,5.08,-124.33,-inf,-100.11,-20.56
3565,5100.00,5658.00,1,4,-79.82,6.21,90.00,0,-95.50,-16.52,-87.45,-7.91,-113.25,-inf,-95.72,-16.74,-79.82,6.21,-123.07,-inf,-103.19,-24.28
3566,5100.00,5658.25,1,4,-78.56,6.88,90.00,0,-92.78,-14.89,-86.83,-8.50,-112.43,-inf,-100.60,-22.83,-78.56,6.88,-124.44,-inf,-101.71,-23.94
3567,5100.00,5658.50,1,4,-77.06,7.41,90.00,0,-94.87,-18.47,-85.29,-8.36,-111.65,-inf,-99.27,-22.91,-77.06,7.41,-120.96,-inf,-101.47,-25.12
3568,5100.00,5658.75,1,4,-78.02,5.25,90.00,0,-93.97,-16.99,-83.97,-6.14,-110.83,-inf,-98.95,-22.03,-78.02,5.25,-121.75,-inf,-101.35,-24.45
3569,5100.00,5659.00,1,4,-74.94,8.32,90.00,0,-93.49,-19.09,-83.98,-9.13,-110.32,-inf,-100.24,-25.88,-74.94,8.32,-120.35,-inf,-101.70,-27.34
3570,5100.00,5659.25,1,4,-73.48,9.15,90.00,0,-95.97,-22.97,-83.11,-9.69,-111.19,-inf,-98.30,-25.30,-73.48,9.15,-118.39,-inf,-101.49,-28.50
3571,5100.00,5659.50,1,4,-74.25,7.02,90.00,0,-96.27,-22.78,-81.63,-7.45,-111.89,-inf,-97.86,-24.38,-74.25,7.02,-117.29,-inf,-99.99,-26.52
3572,5100.00,5659.75,1,4,-72.57,7.87,90.00,0,-95.34,-23.41,-80.77,-8.25,-110.57,-inf,-98.76,-26.84,-72.57,7.87,-115.56,-inf,-98.97,-27.04
3573,5100.00,5660.00,1,4,-74.14,5.42,90.00,0,-96.91,-23.85,-79.80,-5.73,-110.74,-inf,-97.91,-24.85,-74.14,5.42,-113.81,-inf,-98.24,-25.19
3574,5100.00,5660.25,1,4,-74.75,6.19,90.00,0,-98.46,-24.63,-81.36,-6.71,-106.07,-32.26,-94.94,-21.09,-74.75,6.19,-112.73,-inf,-97.68,-23.85
3575,5100.00,5660.50,1,4,-76.62,4.19,90.00,0,-98.87,-23.63,-81.15,-4.66,-107.39,-32.17,-98.06,-22.82,-76.62,4.19,-114.85,-inf,-96.29,-21.04
3576,5100.00,5660.75,1,4,-77.74,2.78,90.00,0,-99.49,-23.57,-80.81,-3.23,-107.01,-31.11,-97.09,-21.16,-77.74,2.78,-118.24,-inf,-98.09,-22.17
3577,5100.00,5661.00,1,4,-73.52,6.12,90.00,0,-99.75,-27.16,-79.86,-6.39,-105.84,-33.27,-96.82,-24.23,-73.52,6.12,-116.52,-inf,-100.37,-27.79
3578,5100.00,5661.25,1,4,-74.26,3.07,90.00,0,-99.26,-26.73,-77.47,-3.29,-104.72,-32.20,-95.77,-23.23,-74.26,3.07,-112.93,-inf,-100.60,-28.07
3579,5100.00,5661.50,1,4,-76.57,-2.30,90.00,0,-99.38,-27.11,-74.34,2.12,-103.95,-31.69,-96.07,-23.79,-76.57,-2.30,-112.12,-inf,-101.94,-29.67
3580,5100.00,5661.75,1,4,-76.99,-1.66,90.00,0,-101.61,-28.53,-75.42,1.43,-105.69,-32.62,-94.06,-20.96,-76.99,-1.66,-114.15,-inf,-103.87,-30.79
3581,5100.00,5662.00,1,4,-76.04,0.96,90.00,0,-101.21,-27.71,-77.20,-1.30,-107.01,-33.52,-92.16,-18.61,-76.04,0.96,-115.71,-inf,-102.96,-29.47
3582,5100.00,5662.25,1,4,-76.29,1.63,90.00,0,-99.18,-25.15,-78.22,-2.12,-107.67,-33.65,-91.12,-17.02,-76.29,1.63,-117.60,-inf,-102.42,-28.39
3583,5100.00,5662.50,1,4,-78.18,0.77,90.00,0,-100.03,-24.48,-79.27,-1.34,-107.92,-32.38,-92.02,-16.38,-78.18,0.77,-117.36,-inf,-102.15,-26.60
3584,5100.00,5662.75,1,4,-77.19,6.12,90.00,0,-101.28,-25.03,-84.27,-7.29,-105.93,-29.68,-91.75,-15.39,-77.19,6.12,-116.80,-inf,-102.30,-26.05
3585,5100.00,5663.00,1,4,-77.75,4.36,90.00,0,-100.74,-24.33,-82.91,-5.42,-105.73,-29.33,-91.03,-14.48,-77.75,4.36,-116.79,-inf,-103.72,-27.32
3586,5100.00,5663.25,1,4,-74.83,8.34,90.00,0,-100.46,-26.21,-83.79,-9.04,-103.06,-28.81,-94.31,-20.03,-74.83,8.34,-117.63,-inf,-105.55,-31.31
3587,5100.00,5663.50,1,4,-74.65,10.18,90.00,0,-100.01,-25.75,-85.66,-11.08,-103.48,-29.23,-95.07,-20.79,-74.65,10.18,-117.42,-inf,-106.68,-32.43
3588,5100.00,5663.75,1,4,-74.29,10.31,90.00,0,-102.45,-28.54,-85.19,-10.95,-104.21,-30.30,-96.37,-22.44,-74.29,10.31,-115.17,-inf,-109.39,-35.48
3589,5100.00,5664.00,1,4,-75.43,8.62,90.00,0,-100.74,-25.85,-84.56,-9.19,-103.52,-28.64,-96.87,-21.97,-75.43,8.62,-115.64,-inf,-110.10,-inf
3590,5100.00,5664.25,1,4,-79.93,5.91,90.00,0,-103.34,-24.38,-86.49,-6.71,-101.76,-22.79,-98.33,-19.34,-79.93,5.91,-113.81,-inf,-110.52,-inf
3591,5100.00,5664.50,1,4,-78.20,6.82,90.00,0,-102.41,-25.02,-85.47,-7.36,-102.82,-25.42,-100.37,-22.97,-78.20,6.82,-113.36,-inf,-108.84,-31.45
3592,5100.00,5664.75,1,4,-78.04,7.47,90.00,0,-102.10,-24.76,-86.04,-8.09,-104.09,-26.76,-99.58,-22.23,-78.04,7.47,-111.55,-inf,-109.68,-32.36
3593,5100.00,5665.00,1,4,-76.39,9.60,90.00,0,-102.77,-26.83,-86.52,-10.19,-104.59,-28.65,-100.40,-24.44,-76.39,9.60,-111.10,-inf,-108.49,-32.55
3594,5100.00,5665.25,1,4,-77.64,6.59,90.00,0,-102.68,-25.89,-84.59,-7.04,-102.21,-25.42,-101.90,-25.11,-77.64,6.59,-108.73,-31.95,-107.85,-31.08
3595,5100.00,5665.50,1,4,-77.08,8.23,90.00,0,-103.32,-26.84,-85.87,-8.86,-100.37,-23.88,-101.06,-24.57,-77.08,8.23,-108.54,-32.06,-106.36,-29.88
3596,5100.00,5665.75,1,4,-73.72,11.72,90.00,0,-104.06,-30.62,-86.15,-12.47,-98.05,-24.59,-100.12,-26.67,-73.72,11.72,-108.13,-34.69,-106.32,-32.88
3597,5100.00,5666.00,1,4,-72.72,12.57,90.00,0,-101.83,-29.34,-86.04,-13.36,-97.20,-24.70,-100.62,-28.12,-72.72,12.57,-108.29,-35.80,-107.84,-35.35
3598,5100.00,5666.25,1,4,-71.70,12.10,90.00,0,-102.24,-30.79,-84.28,-12.61,-97.31,-25.86,-101.84,-30.39,-71.70,12.10,-108.65,-37.21,-108.12,-36.67
3599,5100.00,5666.50,1,4,-73.90,10.28,90.00,0,-101.76,-28.24,-84.63,-10.77,-98.83,-25.31,-103.49,-29.97,-73.90,10.28,-109.86,-36.34,-107.11,-33.59
3600,5100.00,5666.75,1,4,-73.66,10.97,90.00,0,-102.52,-29.19,-85.10,-11.47,-100.63,-27.30,-100.96,-27.63,-73.66,10.97,-108.61,-35.29,-107.97,-34.64
3601,5100.00,5667.00,1,4,-72.89,11.93,90.00,0,-103.47,-30.85,-85.29,-12.43,-100.73,-28.10,-100.72,-28.09,-72.89,11.93,-108.54,-35.92,-108.56,-35.94
3602,5100.00,5667.25,1,4,-71.41,13.63,90.00,0,-107.49,-36.27,-85.50,-14.12,-99.00,-27.77,-102.25,-31.03,-71.41,13.63,-110.41,-inf,-108.15,-36.93
3603,5100.00,5667.50,1,4,-69.53,16.81,90.00,0,-105.99,-36.54,-87.11,-17.59,-97.20,-27.75,-103.76,-34.31,-69.53,16.81,-110.69,-inf,-106.61,-37.16
3604,5100.00,5667.75,1,4,-70.31,15.79,90.00,0,-105.81,-35.61,-86.86,-16.57,-97.04,-26.84,-102.61,-32.41,-70.31,15.79,-113.67,-inf,-107.97,-37.78
3605,5100.00,5668.00,1,4,-69.05,20.34,90.00,0,-104.81,-35.80,-90.97,-21.93,-99.41,-30.40,-100.54,-31.53,-69.05,20.34,-114.85,-inf,-108.57,-39.56
3606,5100.00,5668.25,1,4,-69.91,18.37,90.00,0,-106.09,-36.24,-89.46,-19.56,-98.90,-29.04,-100.69,-30.84,-69.91,18.37,-116.93,-inf,-109.06,-39.20
3607,5100.00,5668.50,1,4,-66.86,22.90,90.00,0,-105.71,-38.88,-91.75,-24.90,-99.64,-32.80,-98.47,-31.63,-66.86,22.90,-117.35,-inf,-109.44,-42.60
3608,5100.00,5668.75,1,4,-67.24,23.08,90.00,0,-103.97,-36.75,-92.77,-25.54,-99.49,-32.27,-98.85,-31.63,-67.24,23.08,-116.92,-inf,-107.33,-40.11
3609,5100.00,5669.00,1,4,-67.63,22.86,90.00,0,-104.93,-37.32,-92.74,-25.12,-101.16,-33.55,-98.59,-30.98,-67.63,22.86,-116.05,-inf,-108.46,-40.85
3610,5100.00,5669.25,1,4,-66.31,24.73,90.00,0,-101.37,-35.08,-94.50,-28.20,-101.46,-35.16,-97.61,-31.31,-66.31,24.73,-117.45,-inf,-108.28,-41.98
3611,5100.00,5669.50,1,4,-67.18,23.00,90.00,0,-101.11,-33.95,-92.57,-25.40,-103.43,-36.27,-97.79,-30.63,-67.18,23.00,-115.34,-inf,-107.79,-40.63
3612,5100.00,5669.75,1,4,-67.45,22.73,90.00,0,-102.76,-35.33,-92.97,-25.52,-105.41,-37.98,-95.64,-28.20,-67.45,22.73,-116.68,-inf,-110.34,-inf
3613,5100.00,5670.00,1,4,-67.36,22.34,90.00,0,-101.01,-33.68,-91.36,-24.01,-104.89,-37.56,-98.94,-31.61,-67.36,22.34,-113.24,-inf,-111.16,-inf
3614,5100.00,5670.25,1,4,-67.94,21.37,90.00,0,-100.57,-32.66,-91.39,-23.46,-107.87,-39.96,-96.18,-28.26,-67.94,21.37,-113.95,-inf,-111.44,-inf
3615,5100.00,5670.50,1,4,-68.42,19.73,90.00,0,-100.09,-31.71,-89.70,-21.29,-107.15,-38.78,-96.15,-27.77,-68.42,19.73,-112.14,-inf,-110.99,-inf
3616,5100.00,5670.75,1,4,-67.24,21.56,90.00,0,-101.14,-33.93,-90.32,-23.09,-108.41,-41.20,-97.06,-29.84,-67.24,21.56,-114.04,-inf,-112.62,-inf
3617,5100.00,5671.00,1,4,-68.25,21.57,90.00,0,-101.54,-33.32,-92.17,-23.94,-105.67,-37.46,-96.19,-27.96,-68.25,21.57,-111.24,-inf,-114.23,-inf
3618,5100.00,5671.25,1,4,-66.67,23.35,90.00,0,-99.39,-32.73,-93.10,-26.44,-100.75,-34.10,-97.09,-30.43,-66.67,23.35,-109.53,-42.88,-112.58,-inf
3619,5100.00,5671.50,1,4,-64.28,26.31,90.00,0,-100.62,-36.34,-94.01,-29.73,-98.97,-34.70,-98.18,-33.90,-64.28,26.31,-109.98,-45.71,-112.25,-inf
3620,5100.00,5671.75,1,4,-63.50,26.99,90.00,0,-100.49,-36.99,-95.11,-31.61,-96.22,-32.73,-98.06,-34.57,-63.50,26.99,-110.69,-inf,-110.85,-inf
3621,5100.00,5672.00,1,4,-61.85,29.16,90.00,0,-104.21,-42.37,-94.05,-32.20,-98.91,-37.06,-99.19,-37.35,-61.85,29.16,-109.30,-47.46,-110.76,-inf
3622,5100.00,5672.25,1,4,-63.37,27.42,90.00,0,-104.65,-41.29,-93.53,-30.16,-98.40,-35.04,-100.18,-36.82,-63.37,27.42,-110.72,-inf,-108.11,-44.75
3623,5100.00,5672.50,1,4,-65.85,25.19,90.00,0,-105.97,-40.13,-93.63,-27.79,-101.48,-35.64,-99.29,-33.45,-65.85,25.19,-107.48,-41.64,-106.75,-40.91
3624,5100.00,5672.75,1,4,-65.12,25.59,90.00,0,-107.53,-42.43,-93.44,-28.32,-100.19,-35.08,-98.83,-33.73,-65.12,25.59,-106.03,-40.93,-105.66,-40.55
3625,5100.00,5673.00,1,4,-64.58,24.76,90.00,0,-108.19,-43.62,-91.02,-26.44,-98.97,-34.40,-101.46,-36.89,-64.58,24.76,-107.15,-42.58,-103.90,-39.33
3626,5100.00,5673.25,1,4,-64.81,25.01,90.00,0,-106.57,-41.78,-91.95,-27.15,-101.63,-36.84,-97.98,-33.18,-64.81,25.01,-106.76,-41.96,-104.97,-40.17
3627,5100.00,5673.50,1,4,-63.35,27.73,90.00,0,-106.47,-43.13,-94.98,-31.64,-101.06,-37.72,-97.38,-34.03,-63.35,27.73,-105.26,-41.91,-103.18,-39.84
3628,5100.00,5673.75,1,4,-64.61,26.06,90.00,0,-108.23,-43.63,-95.27,-30.67,-99.74,-35.14,-96.89,-32.28,-64.61,26.06,-100.96,-36.36,-102.71,-38.11
3629,5100.00,5674.00,1,4,-65.26,24.82,90.00,0,-108.58,-43.33,-94.31,-29.05,-99.89,-34.64,-97.41,-32.16,-65.26,24.82,-97.46,-32.21,-105.02,-39.77
3630,5100.00,5674.25,1,4,-65.57,24.00,90.00,0,-108.44,-42.89,-93.85,-28.29,-99.02,-33.47,-98.75,-33.19,-65.57,24.00,-95.51,-29.95,-104.29,-38.74
3631,5100.00,5674.50,1,4,-67.37,22.37,90.00,0,-106.20,-38.85,-93.47,-26.11,-99.44,-32.09,-97.34,-29.99,-67.37,22.37,-98.21,-30.86,-104.17,-36.82
3632,5100.00,5674.75,1,4,-66.65,23.47,90.00,0,-105.58,-38.95,-95.06,-28.42,-97.17,-30.54,-96.55,-29.92,-66.65,23.47,-101.18,-34.54,-103.63,-37.00
3633,5100.00,5675.00,1,4,-65.80,23.35,90.00,0,-105.93,-40.15,-91.69,-25.90,-98.03,-32.24,-98.56,-32.77,-65.80,23.35,-102.32,-36.54,-102.39,-36.61
3634,5100.00,5675.25,1,4,-66.18,21.89,90.00,0,-103.50,-37.34,-90.08,-23.91,-97.77,-31.61,-99.41,-33.25,-66.18,21.89,-101.76,-35.61,-100.78,-34.62
3635,5100.00,5675.50,1,4,-65.51,23.67,90.00,0,-103.65,-38.16,-91.27,-25.77,-98.38,-32.89,-101.58,-36.09,-65.51,23.67,-103.90,-38.41,-101.96,-36.47
3636,5100.00,5675.75,1,4,-65.59,23.80,90.00,0,-103.71,-38.13,-91.70,-26.12,-98.03,-32.45,-101.86,-36.29,-65.59,23.80,-103.13,-37.55,-102.16,-36.58
3637,5100.00,5676.00,1,4,-68.19,22.10,90.00,0,-103.55,-35.38,-93.05,-24.87,-101.25,-33.08,-101.16,-33.00,-68.19,22.10,-103.64,-35.48,-100.03,-31.86
3638,5100.00,5676.25,1,4,-69.45,19.62,90.00,0,-102.43,-33.02,-90.96,-21.52,-103.27,-33.86,-103.10,-33.69,-69.45,19.62,-101.68,-32.27,-99.41,-30.00
3639,5100.00,5676.50,1,4,-69.44,19.84,90.00,0,-105.85,-36.46,-91.29,-21.87,-101.46,-32.06,-100.77,-31.38,-69.44,19.84,-104.84,-35.44,-99.05,-29.66
3640,5100.00,5676.75,1,4,-69.41,20.37,90.00,0,-104.97,-35.60,-91.75,-22.36,-103.27,-33.90,-101.58,-32.21,-69.41,20.37,-104.57,-35.20,-99.94,-30.57
3641,5100.00,5677.00,1,4,-69.50,20.95,90.00,0,-103.03,-33.57,-93.48,-24.00,-105.20,-35.73,-101.14,-31.68,-69.50,20.95,-105.86,-36.39,-97.68,-28.21
3642,5100.00,5677.25,1,4,-69.97,20.40,90.00,0,-103.41,-33.47,-94.05,-24.10,-104.46,-34.53,-98.44,-28.50,-69.97,20.40,-105.57,-35.63,-97.65,-27.72
3643,5100.00,5677.50,1,4,-68.96,21.32,90.00,0,-103.52,-34.60,-93.25,-24.31,-104.17,-35.25,-99.03,-30.11,-68.96,21.32,-104.96,-36.03,-99.00,-30.07
3644,5100.00,5677.75,1,4,-70.83,20.78,90.00,0,-106.48,-35.68,-95.53,-24.72,-105.45,-34.65,-99.25,-28.45,-70.83,20.78,-105.99,-35.20,-99.38,-28.58
3645,5100.00,5678.00,1,4,-69.61,21.97,90.00,0,-106.63,-37.04,-95.52,-25.92,-104.60,-35.01,-98.90,-29.31,-69.61,21.97,-106.47,-36.88,-99.71,-30.12
3646,5100.00,5678.25,1,4,-69.31,21.85,90.00,0,-105.82,-36.55,-95.18,-25.89,-105.40,-36.12,-99.12,-29.84,-69.31,21.85,-106.73,-37.45,-97.85,-28.56
3647,5100.00,5678.50,1,4,-66.78,23.77,90.00,0,-104.85,-38.09,-93.64,-26.87,-106.20,-39.43,-99.98,-33.22,-66.78,23.77,-104.74,-37.98,-98.03,-31.26
3648,5100.00,5678.75,1,4,-68.45,23.67,90.00,0,-106.04,-37.60,-96.38,-27.94,-106.33,-37.89,-100.56,-32.12,-68.45,23.67,-105.59,-37.16,-99.25,-30.81
3649,5100.00,5679.00,1,4,-68.09,23.69,90.00,0,-107.62,-39.55,-96.22,-28.14,-104.63,-36.55,-99.32,-31.24,-68.09,23.69,-107.77,-39.70,-98.56,-30.49
3650,5100.00,5679.25,1,4,-66.21,26.44,90.00,0,-107.71,-41.51,-98.03,-31.83,-104.03,-37.83,-100.99,-34.79,-66.21,26.44,-106.48,-40.28,-98.94,-32.73
3651,5100.00,5679.50,1,4,-66.39,25.53,90.00,0,-106.88,-40.50,-97.11,-30.73,-104.93,-38.56,-101.04,-34.66,-66.39,25.53,-105.86,-39.49,-97.18,-30.80
3652,5100.00,5679.75,1,4,-66.67,25.80,90.00,0,-104.60,-37.94,-98.10,-31.44,-105.34,-38.68,-101.85,-35.19,-66.67,25.80,-106.72,-40.06,-97.95,-31.29
3653,5100.00,5680.00,1,4,-68.25,23.33,90.00,0,-105.10,-36.87,-95.95,-27.71,-104.56,-36.32,-101.33,-33.09,-68.25,23.33,-107.34,-39.11,-97.38,-29.14
3654,5100.00,5680.25,1,4,-66.76,24.77,90.00,0,-103.97,-37.22,-96.68,-29.93,-106.58,-39.83,-100.37,-33.62,-66.76,24.77,-106.12,-39.37,-96.78,-30.03
3655,5100.00,5680.50,1,4,-65.42,25.87,90.00,0,-107.43,-42.02,-97.49,-32.08,-105.20,-39.79,-99.10,-33.69,-65.42,25.87,-104.29,-38.88,-95.91,-30.50
3656,5100.00,5680.75,1,4,-66.56,24.49,90.00,0,-106.40,-39.85,-98.21,-31.65,-103.25,-36.70,-99.39,-32.84,-66.56,24.49,-104.61,-38.06,-95.05,-28.49
3657,5100.00,5681.00,1,4,-65.95,24.30,90.00,0,-105.86,-39.92,-96.84,-30.90,-101.76,-35.82,-99.18,-33.25,-65.95,24.30,-101.31,-35.38,-94.54,-28.61
3658,5100.00,5681.25,1,4,-65.62,23.65,90.00,0,-107.54,-41.93,-96.16,-30.56,-102.02,-36.42,-99.93,-34.32,-65.62,23.65,-103.29,-37.69,-92.14,-26.53
3659,5100.00,5681.50,1,4,-66.15,21.43,90.00,0,-105.52,-39.40,-95.72,-29.59,-98.92,-32.80,-97.84,-31.72,-66.15,21.43,-103.56,-37.44,-89.94,-23.80
3660,5100.00,5681.75,1,4,-67.00,22.16,90.00,0,-105.31,-38.33,-96.60,-29.62,-99.67,-32.69,-97.09,-30.11,-67.00,22.16,-105.50,-38.52,-92.74,-25.76
3661,5100.00,5682.00,1,4,-67.31,22.61,90.00,0,-105.38,-38.10,-97.51,-30.22,-102.90,-35.62,-97.72,-30.44,-67.31,22.61,-106.74,-39.45,-93.28,-25.98
3662,5100.00,5682.25,1,4,-66.72,22.74,90.00,0,-106.68,-39.98,-97.56,-30.86,-103.76,-37.06,-98.88,-32.18,-66.72,22.74,-103.81,-37.12,-92.05,-25.34
3663,5100.00,5682.50,1,4,-68.54,20.88,90.00,0,-106.85,-38.34,-98.25,-29.74,-102.10,-33.60,-98.62,-30.11,-68.54,20.88,-101.07,-32.57,-92.25,-23.73
3664,5100.00,5682.75,1,4,-68.93,21.98,90.00,0,-109.37,-40.47,-98.59,-29.69,-101.51,-32.61,-97.18,-28.27,-68.93,21.98,-101.71,-32.80,-96.35,-27.45
3665,5100.00,5683.00,1,4,-69.72,21.23,90.00,0,-110.82,-inf,-98.74,-29.05,-103.83,-34.15,-98.15,-28.46,-69.72,21.23,-101.93,-32.24,-95.07,-25.37
3666,5100.00,5683.25,1,4,-71.43,19.74,90.00,0,-112.53,-inf,-97.83,-26.44,-101.60,-30.22,-98.21,-26.82,-71.43,19.74,-103.73,-32.35,-96.23,-24.84
3667,5100.00,5683.50,1,4,-70.63,21.35,90.00,0,-111.97,-inf,-99.81,-29.20,-105.97,-35.37,-98.73,-28.12,-70.63,21.35,-104.55,-33.95,-96.29,-25.68
3668,5100.00,5683.75,1,4,-70.91,19.00,90.00,0,-111.89,-inf,-101.63,-30.77,-103.31,-32.45,-100.42,-29.56,-70.91,19.00,-101.55,-30.69,-91.90,-21.01
3669,5100.00,5684.00,1,4,-70.05,18.97,90.00,0,-110.71,-inf,-102.81,-32.82,-100.87,-30.87,-97.80,-27.80,-70.05,18.97,-103.62,-33.62,-90.91,-20.88
3670,5100.00,5684.25,1,4,-71.09,16.92,90.00,0,-111.99,-inf,-101.80,-30.79,-101.55,-30.54,-96.98,-25.97,-71.09,16.92,-105.63,-34.63,-89.52,-18.45
3671,5100.00,5684.50,1,4,-70.50,17.47,90.00,0,-109.73,-39.31,-103.93,-33.50,-103.36,-32.93,-95.24,-24.80,-70.50,17.47,-104.46,-34.04,-89.73,-19.25
3672,5100.00,5684.75,1,4,-69.92,18.08,90.00,0,-110.04,-inf,-102.13,-32.27,-100.51,-30.65,-94.55,-24.68,-69.92,18.08,-104.92,-35.06,-90.21,-20.32
3673,5100.00,5685.00,1,4,-67.83,20.70,90.00,0,-109.95,-42.16,-102.41,-34.61,-102.63,-34.83,-95.97,-28.17,-67.83,20.70,-103.37,-35.58,-90.56,-22.74
3674,5100.00,5685.25,1,4,-64.46,25.79,90.00,0,-110.51,-inf,-101.73,-37.27,-99.62,-35.16,-99.09,-34.64,-64.46,25.79,-101.26,-36.81,-93.28,-28.82
3675,5100.00,5685.50,1,4,-63.48,27.14,90.00,0,-110.11,-inf,-103.91,-40.43,-99.93,-36.46,-98.86,-35.39,-63.48,27.14,-99.72,-36.24,-94.12,-30.65
3676,5100.00,5685.75,1,4,-64.33,27.49,90.00,0,-109.04,-44.72,-105.08,-40.77,-101.44,-37.12,-98.54,-34.22,-64.33,27.49,-100.64,-36.32,-96.63,-32.31
3677,5100.00,5686.00,1,4,-61.93,29.28,90.00,0,-111.09,-inf,-103.33,-41.41,-101.27,-39.35,-99.69,-37.77,-61.93,29.28,-98.79,-36.87,-95.28,-33.36
3678,5100.00,5686.25,1,4,-60.85,30.56,90.00,0,-109.86,-49.01,-102.99,-42.15,-100.82,-39.97,-98.71,-37.86,-60.85,30.56,-98.74,-37.89,-96.74,-35.89
3679,5100.00,5686.50,1,4,-59.49,31.03,90.00,0,-108.67,-49.19,-100.95,-41.46,-101.25,-41.77,-98.00,-38.51,-59.49,31.03,-96.63,-37.14,-96.17,-36.68
3680,5100.00,5686.75,1,4,-60.06,31.32,90.00,0,-108.17,-48.11,-100.96,-40.90,-100.87,-40.81,-99.59,-39.53,-60.06,31.32,-96.63,-36.57,-99.12,-39.06
3681,5100.00,5687.00,1,4,-61.70,29.65,90.00,0,-107.19,-45.49,-100.50,-38.80,-101.64,-39.94,-97.86,-36.17,-61.70,29.65,-97.55,-35.85,-99.34,-37.64
3682,5100.00,5687.25,1,4,-62.56,28.24,90.00,0,-108.22,-45.66,-99.29,-36.74,-102.58,-40.03,-97.91,-35.36,-62.56,28.24,-95.31,-32.76,-100.57,-38.01
3683,5100.00,5687.50,1,4,-62.45,27.81,90.00,0,-106.44,-44.00,-97.43,-34.98,-103.57,-41.13,-98.04,-35.59,-62.45,27.81,-95.53,-33.09,-98.06,-35.61
3684,5100.00,5687.75,1,4,-61.10,29.77,90.00,0,-104.64,-43.55,-101.38,-40.28,-103.59,-42.50,-98.14,-37.05,-61.10,29.77,-95.00,-33.90,-100.06,-38.97
3685,5100.00,5688.00,1,4,-62.78,28.57,90.00,0,-105.54,-42.77,-102.55,-39.78,-106.47,-43.70,-96.51,-33.73,-62.78,28.57,-96.44,-33.67,-101.20,-38.43
3686,5100.00,5688.25,1,4,-62.93,29.23,90.00,0,-107.25,-44.33,-106.12,-43.19,-106.67,-43.75,-96.75,-33.82,-62.93,29.23,-97.47,-34.54,-102.82,-39.89
3687,5100.00,5688.50,1,4,-60.91,32.07,90.00,0,-107.47,-46.56,-105.29,-44.38,-109.73,-48.82,-99.15,-38.24,-60.91,32.07,-98.08,-37.17,-101.69,-40.78
3688,5100.00,5688.75,1,4,-60.57,33.48,90.00,0,-108.06,-47.49,-103.58,-43.01,-109.98,-49.41,-101.10,-40.53,-60.57,33.48,-101.34,-40.77,-101.38,-40.81
3689,5100.00,5689.00,1,4,-61.25,32.84,90.00,0,-109.94,-48.70,-101.35,-40.11,-108.38,-47.14,-102.50,-41.26,-61.25,32.84,-101.54,-40.30,-101.78,-40.54
3690,5100.00,5689.25,1,4,-62.28,31.60,90.00,0,-111.29,-inf,-100.74,-38.47,-108.79,-46.51,-102.14,-39.86,-62.28,31.60,-102.64,-40.36,-100.16,-37.88
3691,5100.00,5689.50,1,4,-63.74,30.48,90.00,0,-112.45,-inf,-102.32,-38.58,-105.19,-41.45,-102.75,-39.01,-63.74,30.48,-102.11,-38.37,-101.28,-37.54
3692,5100.00,5689.75,1,4,-62.68,31.08,90.00,0,-111.35,-inf,-100.50,-37.82,-105.58,-42.90,-104.71,-42.03,-62.68,31.08,-101.38,-38.70,-100.13,-37.45
3693,5100.00,5690.00,1,4,-64.35,29.25,90.00,0,-110.83,-inf,-100.19,-35.85,-107.48,-43.13,-104.19,-39.85,-64.35,29.25,-99.02,-34.67,-102.25,-37.91
3694,5100.00,5690.25,1,4,-68.17,24.95,90.00,0,-109.04,-40.89,-99.55,-31.40,-107.38,-39.23,-105.66,-37.51,-68.17,24.95,-98.02,-29.87,-102.11,-33.96
3695,5100.00,5690.50,1,4,-66.40,26.01,90.00,0,-107.68,-41.29,-100.89,-34.49,-106.90,-40.51,-106.23,-39.84,-66.40,26.01,-95.92,-29.52,-101.23,-34.84
3696,5100.00,5690.75,1,4,-67.59,25.04,90.00,0,-105.96,-38.38,-99.45,-31.87,-105.30,-37.72,-104.17,-36.59,-67.59,25.04,-96.95,-29.37,-104.20,-36.63
3697,5100.00,5691.00,1,4,-66.14,26.38,90.00,0,-106.48,-40.35,-98.25,-32.12,-102.52,-36.39,-106.72,-40.59,-66.14,26.38,-97.53,-31.39,-104.72,-38.59
3698,5100.00,5691.25,1,4,-67.42,25.21,90.00,0,-108.94,-41.54,-99.54,-32.13,-104.17,-36.76,-106.42,-39.01,-67.42,25.21,-96.24,-28.82,-106.41,-39.00
3699,5100.00,5691.50,1,4,-66.55,25.53,90.00,0,-106.82,-40.28,-96.86,-30.32,-105.32,-38.78,-104.20,-37.66,-66.55,25.53,-97.03,-30.49,-105.66,-39.13
3700,5100.00,5691.75,1,4,-66.60,24.50,90.00,0,-106.66,-40.08,-96.22,-29.63,-105.46,-38.88,-102.54,-35.96,-66.60,24.50,-95.39,-28.81,-103.57,-36.98
3701,5100.00,5692.00,1,4,-65.13,25.97,90.00,0,-108.64,-43.53,-96.38,-31.26,-104.27,-39.16,-102.45,-37.33,-65.13,25.97,-94.92,-29.80,-107.62,-42.51
3702,5100.00,5692.25,1,4,-62.57,28.04,90.00,0,-110.65,-inf,-97.11,-34.55,-100.31,-37.74,-102.85,-40.28,-62.57,28.04,-94.06,-31.49,-104.43,-41.86
3703,5100.00,5692.50,1,4,-62.93,28.10,90.00,0,-112.24,-inf,-98.15,-35.22,-100.54,-37.61,-104.24,-41.31,-62.93,28.10,-94.32,-31.39,-104.09,-41.16
3704,5100.00,5692.75,1,4,-63.69,28.30,90.00,0,-114.74,-inf,-98.93,-35.25,-99.73,-36.04,-102.13,-38.44,-63.69,28.30,-96.93,-33.24,-104.74,-41.05
3705,5100.00,5693.00,1,4,-61.54,31.49,90.00,0,-114.64,-inf,-98.14,-36.60,-102.47,-40.93,-104.92,-43.38,-61.54,31.49,-99.32,-37.78,-104.11,-42.57
3706,5100.00,5693.25,1,4,-60.62,32.61,90.00,0,-112.48,-inf,-97.47,-36.85,-103.60,-42.99,-107.41,-46.80,-60.62,32.61,-99.41,-38.80,-106.88,-46.26
3707,5100.00,5693.50,1,4,-63.32,30.77,90.00,0,-111.13,-inf,-99.47,-36.15,-103.80,-40.48,-107.45,-44.13,-63.32,30.77,-99.90,-36.58,-108.41,-45.09
3708,5100.00,5693.75,1,4,-63.73,29.06,90.00,0,-110.03,-inf,-98.10,-34.37,-102.78,-39.05,-104.09,-40.36,-63.73,29.06,-97.87,-34.14,-108.10,-44.37
3709,5100.00,5694.00,1,4,-64.36,26.63,90.00,0,-110.10,-inf,-96.73,-32.38,-102.50,-38.15,-104.55,-40.20,-64.36,26.63,-94.26,-29.90,-107.53,-43.18
3710,5100.00,5694.25,1,4,-64.77,26.24,90.00,0,-110.58,-inf,-96.68,-31.91,-100.02,-35.25,-105.76,-40.99,-64.77,26.24,-94.74,-29.97,-108.47,-43.70
3711,5100.00,5694.50,1,4,-62.92,27.08,90.00,0,-107.42,-44.51,-95.09,-32.18,-101.27,-38.36,-103.86,-40.94,-62.92,27.08,-93.53,-30.61,-108.76,-45.85
3712,5100.00,5694.75,1,4,-64.59,26.45,90.00,0,-105.75,-41.16,-96.43,-31.84,-101.08,-36.49,-106.65,-42.07,-64.59,26.45,-94.79,-30.20,-110.50,-inf
3713,5100.00,5695.00,1,4,-66.34,24.76,90.00,0,-106.02,-39.70,-94.97,-28.65,-103.59,-37.27,-106.68,-40.36,-66.34,24.76,-95.94,-29.62,-108.57,-42.25
3714,5100.00,5695.25,1,4,-66.05,24.61,90.00,0,-108.44,-42.40,-95.98,-29.95,-100.80,-34.76,-105.84,-39.80,-66.05,24.61,-94.35,-28.31,-107.99,-41.96
3715,5100.00,5695.50,1,4,-65.97,24.39,90.00,0,-107.91,-41.95,-94.13,-28.16,-102.30,-36.34,-108.83,-42.87,-65.97,24.39,-94.84,-28.88,-107.93,-41.97
3716,5100.00,5695.75,1,4,-65.60,25.17,90.00,0,-107.70,-42.11,-94.41,-28.81,-102.02,-36.43,-107.34,-41.75,-65.60,25.17,-95.59,-30.00,-110.05,-inf
3717,5100.00,5696.00,1,4,-65.91,23.34,90.00,0,-107.39,-41.50,-91.45,-25.55,-100.65,-34.77,-106.98,-41.09,-65.91,23.34,-96.41,-30.52,-107.17,-41.28
3718,5100.00,5696.25,1,4,-68.67,20.07,90.00,0,-108.05,-39.42,-91.71,-23.06,-99.61,-30.98,-106.95,-38.32,-68.67,20.07,-94.00,-25.35,-107.91,-39.28
3719,5100.00,5696.50,1,4,-65.99,23.78,90.00,0,-107.02,-41.06,-92.83,-26.85,-100.37,-34.40,-105.91,-39.95,-65.99,23.78,-95.53,-29.56,-107.96,-41.99
3720,5100.00,5696.75,1,4,-64.49,27.17,90.00,0,-107.81,-43.33,-95.56,-31.07,-103.57,-39.09,-105.37,-40.89,-64.49,27.17,-96.91,-32.43,-109.29,-44.81
3721,5100.00,5697.00,1,4,-67.74,24.00,90.00,0,-107.10,-39.38,-97.49,-29.77,-105.46,-37.74,-104.99,-37.26,-67.74,24.00,-95.19,-27.46,-109.91,-42.19
3722,5100.00,5697.25,1,4,-67.88,24.14,90.00,0,-106.34,-38.48,-95.82,-27.95,-106.09,-38.23,-104.04,-36.18,-67.88,24.14,-97.85,-29.98,-108.29,-40.43
3723,5100.00,5697.50,1,4,-68.26,24.76,90.00,0,-103.94,-35.70,-97.38,-29.13,-105.53,-37.28,-103.68,-35.43,-68.26,24.76,-100.56,-32.31,-107.66,-39.42
3724,5100.00,5697.75,1,4,-65.52,25.85,90.00,0,-105.83,-40.31,-96.43,-30.91,-102.80,-37.28,-103.02,-37.51,-65.52,25.85,-96.33,-30.82,-103.99,-38.47
3725,5100.00,5698.00,1,4,-67.30,24.92,90.00,0,-103.97,-36.68,-98.74,-31.45,-103.81,-36.52,-103.01,-35.72,-67.30,24.92,-97.24,-29.95,-103.34,-36.05
3726,5100.00,5698.25,1,4,-69.18,22.19,90.00,0,-101.98,-32.83,-99.17,-30.02,-103.34,-34.19,-102.17,-33.02,-69.18,22.19,-95.90,-26.74,-100.85,-31.69
3727,5100.00,5698.50,1,4,-71.71,19.70,90.00,0,-100.98,-29.32,-98.60,-26.93,-102.41,-30.74,-100.62,-28.95,-71.71,19.70,-97.13,-25.45,-101.76,-30.09
3728,5100.00,5698.75,1,4,-74.79,16.03,90.00,0,-99.68,-24.99,-98.15,-23.45,-102.45,-27.76,-101.65,-26.96,-74.79,16.03,-95.63,-20.92,-101.64,-26.95
3729,5100.00,5699.00,1,4,-71.92,18.05,90.00,0,-98.27,-26.41,-96.16,-24.30,-104.00,-32.15,-101.75,-29.89,-71.92,18.05,-94.55,-22.68,-102.20,-30.35
3730,5100.00,5699.25,1,4,-70.30,18.90,90.00,0,-97.10,-26.84,-95.43,-25.17,-105.58,-35.33,-100.21,-29.96,-70.30,18.90,-93.83,-23.56,-100.78,-30.53
3731,5100.00,5699.50,1,4,-69.78,19.89,90.00,0,-96.80,-27.06,-96.45,-26.71,-106.27,-36.54,-99.12,-29.38,-69.78,19.89,-95.10,-25.36,-100.51,-30.78
3732,5100.00,5699.75,1,4,-67.42,22.35,90.00,0,-96.26,-28.87,-97.49,-30.10,-103.72,-36.32,-99.69,-32.30,-67.42,22.35,-95.05,-27.66,-101.01,-33.62
3733,5100.00,5700.00,1,4,-67.10,23.19,90.00,0,-96.23,-29.15,-97.26,-30.18,-105.89,-38.81,-97.88,-30.80,-67.10,23.19,-97.72,-30.64,-102.77,-35.69
3734,5100.00,5700.25,1,4,-67.55,23.19,90.00,0,-98.43,-30.90,-98.14,-30.61,-107.06,-39.53,-97.28,-29.75,-67.55,23.19,-96.97,-29.43,-104.13,-36.60
3735,5100.00,5700.50,1,4,-70.41,19.52,90.00,0,-98.69,-28.32,-98.19,-27.83,-107.66,-37.30,-96.63,-26.26,-70.41,19.52,-94.51,-24.13,-103.77,-33.41
3736,5100.00,5700.75,1,4,-70.89,18.72,90.00,0,-98.55,-27.71,-98.68,-27.83,-106.82,-35.98,-96.22,-25.37,-70.89,18.72,-94.00,-23.15,-102.13,-31.29
3737,5100.00,5701.00,1,4,-70.33,18.79,90.00,0,-99.05,-28.77,-99.20,-28.92,-108.82,-38.55,-97.60,-27.32,-70.33,18.79,-91.95,-21.65,-102.68,-32.41
3738,5100.00,5701.25,1,4,-67.91,21.98,90.00,0,-99.05,-31.16,-96.15,-28.26,-110.44,-inf,-99.80,-31.91,-67.91,21.98,-93.87,-25.98,-103.52,-35.64
3739,5100.00,5701.50,1,4,-70.10,19.90,90.00,0,-102.42,-32.35,-93.28,-23.20,-109.78,-39.72,-101.13,-31.07,-70.10,19.90,-96.47,-26.40,-102.25,-32.19
3740,5100.00,5701.75,1,4,-72.55,18.05,90.00,0,-100.80,-28.32,-95.09,-22.59,-109.79,-37.31,-100.76,-28.28,-72.55,18.05,-96.85,-24.35,-101.11,-28.62
3741,5100.00,5702.00,1,4,-74.09,16.75,90.00,0,-100.70,-26.69,-96.63,-22.60,-110.80,-inf,-100.08,-26.07,-74.09,16.75,-96.58,-22.55,-99.87,-25.85
3742,5100.00,5702.25,1,4,-76.48,14.43,90.00,0,-100.69,-24.36,-96.56,-20.20,-108.50,-32.17,-100.86,-24.52,-76.48,14.43,-97.28,-20.93,-99.08,-22.74
3743,5100.00,5702.50,1,4,-75.03,15.87,90.00,0,-98.87,-23.93,-96.52,-21.57,-107.48,-32.56,-101.60,-26.67,-75.03,15.87,-99.00,-24.06,-98.35,-23.41
3744,5100.00,5702.75,1,4,-75.95,14.96,90.00,0,-100.63,-24.80,-96.99,-21.14,-108.89,-33.08,-102.77,-26.94,-75.95,14.96,-97.43,-21.58,-97.53,-21.69
3745,5100.00,5703.00,1,4,-74.80,15.42,90.00,0,-101.72,-27.03,-94.97,-20.25,-106.62,-31.94,-100.97,-26.28,-74.80,15.42,-97.38,-22.67,-97.45,-22.74
3746,5100.00,5703.25,1,4,-74.17,16.02,90.00,0,-101.04,-26.96,-95.22,-21.13,-107.33,-33.26,-101.98,-27.92,-74.17,16.02,-99.18,-25.10,-95.61,-21.51
3747,5100.00,5703.50,1,4,-73.76,16.15,90.00,0,-100.84,-27.18,-94.06,-20.36,-106.92,-33.27,-101.58,-27.91,-73.76,16.15,-100.92,-27.26,-95.60,-21.92
3748,5100.00,5703.75,1,4,-72.79,16.81,90.00,0,-100.81,-28.10,-93.39,-20.65,-109.09,-36.39,-102.52,-29.82,-72.79,16.81,-102.45,-29.75,-94.82,-22.10
3749,5100.00,5704.00,1,4,-72.63,17.43,90.00,0,-99.90,-27.34,-94.53,-21.95,-107.87,-35.32,-104.19,-31.64,-72.63,17.43,-102.14,-29.59,-95.00,-22.42
3750,5100.00,5704.25,1,4,-73.81,14.78,90.00,0,-100.75,-27.07,-91.51,-17.77,-107.79,-34.12,-104.22,-30.55,-73.81,14.78,-102.27,-28.59,-94.21,-20.50
3751,5100.00,5704.50,1,4,-73.22,16.83,90.00,0,-102.16,-29.02,-93.28,-20.10,-107.62,-34.48,-106.55,-33.42,-73.22,16.83,-103.68,-30.54,-95.60,-22.44
3752,5100.00,5704.75,1,4,-72.80,16.57,90.00,0,-101.35,-28.63,-91.57,-18.81,-106.66,-33.95,-105.25,-32.54,-72.80,16.57,-102.55,-29.84,-97.46,-24.74
3753,5100.00,5705.00,1,4,-71.50,17.35,90.00,0,-101.24,-29.81,-90.91,-19.44,-107.12,-35.70,-106.19,-34.77,-71.50,17.35,-101.77,-30.35,-96.84,-25.41
3754,5100.00,5705.25,1,4,-70.00,18.72,90.00,0,-98.85,-28.90,-90.81,-20.83,-109.36,-39.42,-103.30,-33.36,-70.00,18.72,-100.13,-30.18,-98.92,-28.97
3755,5100.00,5705.50,1,4,-69.59,18.87,90.00,0,-98.09,-28.54,-91.39,-21.82,-109.64,-40.10,-103.11,-33.57,-69.59,18.87,-98.36,-28.82,-96.22,-26.67
3756,5100.00,5705.75,1,4,-68.62,19.61,90.00,0,-100.04,-31.47,-92.75,-24.17,-109.33,-40.76,-100.49,-31.92,-68.62,19.61,-100.29,-31.72,-92.36,-23.78
3757,5100.00,5706.00,1,4,-67.72,20.71,90.00,0,-101.26,-33.57,-93.90,-26.20,-111.59,-inf,-97.30,-29.61,-67.72,20.71,-99.79,-32.10,-92.52,-24.82
3758,5100.00,5706.25,1,4,-70.03,18.75,90.00,0,-101.59,-31.62,-95.39,-25.41,-113.30,-inf,-100.15,-30.18,-70.03,18.75,-101.84,-31.87,-91.51,-21.51
3759,5100.00,5706.50,1,4,-70.76,18.32,90.00,0,-101.47,-30.78,-94.60,-23.89,-114.82,-inf,-98.25,-27.55,-70.76,18.32,-101.93,-31.24,-92.97,-22.25
3760,5100.00,5706.75,1,4,-72.00,17.26,90.00,0,-101.71,-29.78,-94.59,-22.65,-117.24,-inf,-97.12,-25.18,-72.00,17.26,-102.16,-30.24,-93.81,-21.86
3761,5100.00,5707.00,1,4,-69.88,19.17,90.00,0,-101.72,-31.88,-95.56,-25.72,-116.30,-inf,-94.33,-24.48,-69.88,19.17,-101.86,-32.03,-94.39,-24.54
3762,5100.00,5707.25,1,4,-71.18,17.34,90.00,0,-101.50,-30.39,-97.37,-26.26,-115.27,-inf,-92.40,-21.26,-71.18,17.34,-100.82,-29.71,-94.07,-22.95
3763,5100.00,5707.50,1,4,-70.51,18.47,90.00,0,-101.38,-30.92,-96.57,-26.11,-115.55,-inf,-93.46,-22.99,-70.51,18.47,-101.22,-30.76,-94.62,-24.15
3764,5100.00,5707.75,1,4,-69.15,19.71,90.00,0,-100.12,-31.02,-97.55,-28.44,-114.15,-inf,-93.14,-24.03,-69.15,19.71,-99.91,-30.81,-94.66,-25.55
3765,5100.00,5708.00,1,4,-67.56,20.46,90.00,0,-101.81,-34.28,-97.16,-29.64,-112.45,-inf,-91.03,-23.49,-67.56,20.46,-99.75,-32.22,-94.91,-27.39
3766,5100.00,5708.25,1,4,-66.68,22.35,90.00,0,-100.12,-33.46,-97.72,-31.06,-112.94,-inf,-92.69,-26.02,-66.68,22.35,-98.99,-32.33,-96.63,-29.97
3767,5100.00,5708.50,1,4,-65.12,23.05,90.00,0,-99.67,-34.57,-96.59,-31.49,-110.88,-inf,-92.49,-27.39,-65.12,23.05,-99.10,-34.01,-93.84,-28.74
3768,5100.00,5708.75,1,4,-66.10,22.49,90.00,0,-100.05,-33.97,-96.68,-30.61,-111.07,-inf,-92.72,-26.64,-66.10,22.49,-98.28,-32.21,-95.42,-29.35
3769,5100.00,5709.00,1,4,-66.04,21.98,90.00,0,-101.30,-35.29,-96.80,-30.78,-112.23,-inf,-91.51,-25.49,-66.04,21.98,-96.78,-30.76,-95.57,-29.56
3770,5100.00,5709.25,1,4,-68.69,19.44,90.00,0,-99.21,-30.56,-96.59,-27.94,-112.45,-inf,-91.57,-22.90,-68.69,19.44,-96.96,-28.31,-96.98,-28.33
3771,5100.00,5709.50,1,4,-66.86,21.06,90.00,0,-98.80,-31.97,-97.40,-30.56,-112.39,-inf,-91.76,-24.91,-66.86,21.06,-96.16,-29.32,-95.42,-28.58
3772,5100.00,5709.75,1,4,-64.57,23.42,90.00,0,-97.22,-32.66,-97.20,-32.64,-111.71,-inf,-92.68,-28.12,-64.57,23.42,-94.24,-29.68,-97.24,-32.68
3773,5100.00,5710.00,1,4,-63.37,24.65,90.00,0,-96.54,-33.19,-96.33,-32.98,-110.62,-inf,-92.91,-29.55,-63.37,24.65,-95.22,-31.86,-96.77,-33.41
3774,5100.00,5710.25,1,4,-65.28,21.86,90.00,0,-95.24,-29.99,-97.25,-32.00,-112.74,-inf,-91.62,-26.36,-65.28,21.86,-93.37,-28.12,-97.09,-31.84
3775,5100.00,5710.50,1,4,-66.12,21.46,90.00,0,-93.97,-27.88,-96.87,-30.78,-110.08,-inf,-94.22,-28.13,-66.12,21.46,-93.13,-27.04,-97.51,-31.43
3776,5100.00,5710.75,1,4,-65.24,22.16,90.00,0,-95.62,-30.40,-96.42,-31.20,-111.34,-inf,-93.89,-28.67,-65.24,22.16,-92.25,-27.02,-96.73,-31.52
3777,5100.00,5711.00,1,4,-63.56,24.22,90.00,0,-99.13,-35.59,-95.98,-32.44,-110.86,-inf,-94.11,-30.57,-63.56,24.22,-91.92,-28.37,-97.88,-34.33
3778,5100.00,5711.25,1,4,-64.47,23.95,90.00,0,-101.47,-37.02,-94.85,-30.40,-109.76,-45.31,-97.90,-33.45,-64.47,23.95,-91.63,-27.17,-100.86,-36.41
3779,5100.00,5711.50,1,4,-65.51,23.57,90.00,0,-101.50,-36.02,-95.40,-29.91,-105.80,-40.31,-97.57,-32.08,-65.51,23.57,-93.75,-28.26,-98.09,-32.60
3780,5100.00,5711.75,1,4,-65.59,22.77,90.00,0,-102.12,-36.55,-92.73,-27.15,-106.98,-41.42,-97.75,-32.18,-65.59,22.77,-94.29,-28.71,-96.96,-31.39
3781,5100.00,5712.00,1,4,-64.26,23.81,90.00,0,-100.32,-36.08,-93.06,-28.82,-105.51,-41.27,-98.68,-34.44,-64.26,23.81,-93.35,-29.10,-96.07,-31.83
3782,5100.00,5712.25,1,4,-66.14,22.90,90.00,0,-99.42,-33.31,-94.35,-28.23,-103.60,-37.49,-98.97,-32.85,-66.14,22.90,-96.31,-30.19,-95.79,-29.67
3783,5100.00,5712.50,1,4,-64.92,24.40,90.00,0,-101.05,-36.14,-93.51,-28.60,-106.49,-41.59,-100.91,-36.00,-64.92,24.40,-96.66,-31.75,-96.48,-31.57
3784,5100.00,5712.75,1,4,-65.56,24.31,90.00,0,-99.15,-33.60,-94.71,-29.15,-107.97,-42.43,-101.86,-36.32,-65.56,24.31,-96.72,-31.17,-97.55,-32.00
3785,5100.00,5713.00,1,4,-69.07,20.90,90.00,0,-98.80,-29.77,-94.70,-25.65,-109.25,-40.21,-102.89,-33.85,-69.07,20.90,-98.50,-29.47,-96.36,-27.32
3786,5100.00,5713.25,1,4,-71.16,18.15,90.00,0,-101.73,-30.63,-92.77,-21.65,-107.79,-36.69,-101.85,-30.76,-71.16,18.15,-98.65,-27.55,-95.88,-24.77
3787,5100.00,5713.50,1,4,-69.61,20.18,90.00,0,-101.11,-31.54,-93.66,-24.07,-108.33,-38.76,-101.51,-31.94,-69.61,20.18,-99.75,-30.18,-95.99,-26.41
3788,5100.00,5713.75,1,4,-69.35,19.99,90.00,0,-100.05,-30.75,-94.94,-25.63,-105.76,-36.45,-101.48,-32.17,-69.35,19.99,-101.19,-31.89,-93.25,-23.93
3789,5100.00,5714.00,1,4,-68.32,22.13,90.00,0,-102.74,-34.44,-95.65,-27.34,-104.79,-36.49,-100.27,-31.97,-68.32,22.13,-101.98,-33.69,-95.46,-27.16
3790,5100.00,5714.25,1,4,-66.96,22.54,90.00,0,-101.90,-34.96,-96.93,-29.99,-104.22,-37.28,-99.65,-32.71,-66.96,22.54,-105.52,-38.58,-92.37,-25.42
3791,5100.00,5714.50,1,4,-67.96,20.48,90.00,0,-100.76,-32.84,-98.04,-30.12,-105.53,-37.61,-98.06,-30.13,-67.96,20.48,-104.27,-36.36,-90.60,-22.66
3792,5100.00,5714.75,1,4,-71.03,17.76,90.00,0,-103.23,-32.27,-98.20,-27.23,-107.37,-36.41,-97.77,-26.80,-71.03,17.76,-102.50,-31.54,-91.08,-20.08
3793,5100.00,5715.00,1,4,-72.56,16.34,90.00,0,-104.18,-31.71,-99.72,-27.25,-109.03,-36.57,-96.88,-24.40,-72.56,16.34,-101.56,-29.09,-91.22,-18.70
3794,5100.00,5715.25,1,4,-74.48,15.08,90.00,0,-103.97,-29.62,-99.52,-25.16,-111.16,-inf,-97.13,-22.75,-74.48,15.08,-104.05,-29.70,-92.07,-17.65
3795,5100.00,5715.50,1,4,-74.39,14.12,90.00,0,-104.62,-30.38,-99.46,-25.21,-113.76,-inf,-95.96,-21.70,-74.39,14.12,-101.53,-27.29,-90.78,-16.45
3796,5100.00,5715.75,1,4,-74.07,14.00,90.00,0,-104.76,-30.86,-96.77,-22.85,-111.21,-inf,-95.57,-21.63,-74.07,14.00,-102.11,-28.20,-90.58,-16.59
3797,5100.00,5716.00,1,4,-74.78,14.05,90.00,0,-104.13,-29.51,-97.01,-22.37,-112.32,-inf,-97.17,-22.53,-74.78,14.05,-100.87,-26.24,-91.57,-16.87
3798,5100.00,5716.25,1,4,-75.09,14.64,90.00,0,-103.39,-28.44,-97.07,-22.10,-111.47,-inf,-96.13,-21.15,-75.09,14.64,-102.22,-27.27,-93.80,-18.79
3799,5100.00,5716.50,1,4,-74.71,14.50,90.00,0,-104.90,-30.34,-95.60,-21.01,-110.68,-inf,-95.89,-21.31,-74.71,14.50,-101.15,-26.58,-93.39,-18.77
3800,5100.00,5716.75,1,4,-74.09,14.26,90.00,0,-108.16,-34.22,-96.86,-22.90,-109.70,-35.76,-92.42,-18.42,-74.09,14.26,-103.32,-29.38,-92.93,-18.94
3801,5100.00,5717.00,1,4,-75.24,12.29,90.00,0,-107.20,-32.21,-94.55,-19.52,-111.71,-inf,-91.69,-16.61,-75.24,12.29,-106.25,-31.27,-92.24,-17.17
3802,5100.00,5717.25,1,4,-72.49,15.36,90.00,0,-105.87,-33.51,-93.67,-21.27,-112.28,-inf,-92.20,-19.79,-72.49,15.36,-107.72,-35.36,-93.33,-20.93
3803,5100.00,5717.50,1,4,-71.97,15.98,90.00,0,-106.31,-34.44,-92.74,-20.84,-109.55,-37.69,-93.97,-22.08,-71.97,15.98,-109.40,-37.53,-92.82,-20.93
3804,5100.00,5717.75,1,4,-73.28,14.60,90.00,0,-106.62,-33.49,-92.40,-19.22,-109.18,-36.05,-94.90,-21.74,-73.28,14.60,-110.62,-inf,-92.23,-19.05
3805,5100.00,5718.00,1,4,-75.39,10.87,90.00,0,-107.09,-32.04,-91.21,-16.06,-107.10,-32.05,-92.02,-16.89,-75.39,10.87,-107.86,-32.81,-90.84,-15.67
3806,5100.00,5718.25,1,4,-74.61,11.09,90.00,0,-106.59,-32.30,-90.20,-15.80,-102.99,-28.69,-94.14,-19.81,-74.61,11.09,-109.50,-35.21,-89.33,-14.90
3807,5100.00,5718.50,1,4,-75.60,8.59,90.00,0,-107.69,-32.64,-88.42,-13.17,-104.32,-29.28,-93.45,-18.35,-75.60,8.59,-108.84,-33.80,-87.56,-12.27
3808,5100.00,5718.75,1,4,-74.01,10.36,90.00,0,-105.23,-31.60,-87.92,-14.12,-104.85,-31.22,-97.01,-23.36,-74.01,10.36,-107.16,-33.52,-87.80,-14.00
3809,5100.00,5719.00,1,4,-74.92,8.15,90.00,0,-103.81,-29.50,-88.19,-13.71,-102.83,-28.53,-95.83,-21.50,-74.92,8.15,-105.17,-30.87,-85.33,-10.67
3810,5100.00,5719.25,1,4,-75.47,6.07,90.00,0,-104.11,-29.59,-88.32,-13.63,-100.20,-25.67,-97.68,-23.14,-75.47,6.07,-104.28,-29.76,-82.93,-7.74
3811,5100.00,5719.50,1,4,-74.32,8.68,90.00,0,-103.97,-30.20,-89.70,-15.82,-101.82,-28.04,-99.89,-26.11,-74.32,8.68,-103.64,-29.87,-84.46,-10.30
3812,5100.00,5719.75,1,4,-73.99,9.72,90.00,0,-103.81,-30.26,-90.13,-16.48,-101.73,-28.17,-100.24,-26.68,-73.99,9.72,-101.13,-27.56,-85.38,-11.53
3813,5100.00,5720.00,1,4,-76.45,7.13,90.00,0,-103.45,-27.77,-92.11,-16.33,-101.55,-25.86,-99.75,-24.06,-76.45,7.13,-102.08,-26.39,-84.70,-8.44
3814,5100.00,5720.25,1,4,-75.80,7.60,90.00,0,-102.26,-27.15,-90.97,-15.76,-102.39,-27.28,-99.71,-24.60,-75.80,7.60,-103.11,-28.00,-84.68,-9.07
3815,5100.00,5720.50,1,4,-73.53,10.17,90.00,0,-102.39,-29.25,-91.29,-18.09,-101.68,-28.54,-101.79,-28.65,-73.53,10.17,-103.27,-30.13,-84.97,-11.54
3816,5100.00,5720.75,1,4,-72.99,13.28,90.00,0,-105.61,-32.82,-93.39,-20.57,-104.03,-31.24,-102.51,-29.71,-72.99,13.28,-104.09,-31.30,-87.85,-14.92
3817,5100.00,5721.00,1,4,-73.80,13.11,90.00,0,-104.23,-30.64,-95.01,-21.39,-102.46,-28.87,-100.37,-26.77,-73.80,13.11,-105.09,-31.50,-88.52,-14.79
3818,5100.00,5721.25,1,4,-73.05,13.94,90.00,0,-104.86,-31.98,-95.85,-22.95,-104.18,-31.30,-98.00,-25.11,-73.05,13.94,-103.57,-30.69,-88.64,-15.65
3819,5100.00,5721.50,1,4,-74.09,13.98,90.00,0,-106.71,-32.79,-97.62,-23.68,-105.63,-31.71,-101.93,-28.00,-74.09,13.98,-103.39,-29.47,-89.48,-15.44
3820,5100.00,5721.75,1,4,-74.12,13.48,90.00,0,-109.74,-35.81,-96.33,-22.38,-104.15,-30.22,-101.09,-27.15,-74.12,13.48,-103.39,-29.46,-89.08,-15.02
3821,5100.00,5722.00,1,4,-73.75,15.56,90.00,0,-107.91,-34.27,-98.35,-24.70,-106.02,-32.38,-101.63,-27.99,-73.75,15.56,-103.32,-29.68,-91.14,-17.43
3822,5100.00,5722.25,1,4,-73.52,15.82,90.00,0,-110.45,-inf,-95.47,-22.04,-107.55,-34.14,-102.09,-28.68,-73.52,15.82,-103.77,-30.36,-91.81,-18.34
3823,5100.00,5722.50,1,4,-74.21,14.63,90.00,0,-107.33,-33.27,-97.23,-23.15,-106.73,-32.67,-102.74,-28.68,-74.21,14.63,-103.18,-29.12,-90.57,-16.41
3824,5100.00,5722.75,1,4,-75.04,12.59,90.00,0,-109.50,-34.69,-99.29,-24.47,-107.93,-33.12,-101.42,-26.60,-75.04,12.59,-106.76,-31.94,-88.58,-13.59
3825,5100.00,5723.00,1,4,-76.43,10.86,90.00,0,-108.24,-32.15,-98.03,-21.91,-108.51,-32.42,-103.54,-27.45,-76.43,10.86,-108.02,-31.93,-88.18,-11.82
3826,5100.00,5723.25,1,4,-75.71,12.59,90.00,0,-106.37,-30.88,-97.73,-22.22,-112.57,-inf,-103.64,-28.15,-75.71,12.59,-108.11,-32.63,-89.48,-13.83
3827,5100.00,5723.50,1,4,-74.87,13.61,90.00,0,-108.10,-33.42,-97.39,-22.69,-111.57,-inf,-102.60,-27.91,-74.87,13.61,-108.93,-34.24,-89.77,-14.95
3828,5100.00,5723.75,1,4,-72.78,17.78,90.00,0,-107.23,-34.52,-98.63,-25.91,-112.37,-inf,-104.62,-31.91,-72.78,17.78,-109.67,-36.96,-92.39,-19.63
3829,5100.00,5724.00,1,4,-74.00,16.21,90.00,0,-108.43,-34.53,-96.11,-22.18,-114.30,-inf,-104.96,-31.05,-74.00,16.21,-108.86,-34.96,-92.61,-18.65
3830,5100.00,5724.25,1,4,-74.08,15.90,90.00,0,-110.33,-inf,-96.96,-22.97,-113.04,-inf,-103.24,-29.26,-74.08,15.90,-112.50,-inf,-91.84,-17.80
3831,5100.00,5724.50,1,4,-75.80,13.13,90.00,0,-110.06,-inf,-96.94,-21.32,-115.08,-inf,-102.04,-26.44,-75.80,13.13,-112.83,-inf,-90.39,-14.65
3832,5100.00,5724.75,1,4,-74.13,15.91,90.00,0,-110.37,-inf,-98.16,-24.12,-112.41,-inf,-99.43,-25.40,-74.13,15.91,-111.53,-inf,-92.06,-17.97
3833,5100.00,5725.00,1,4,-77.78,11.22,90.00,0,-111.49,-inf,-97.98,-20.48,-111.17,-inf,-98.23,-20.73,-77.78,11.22,-112.45,-inf,-90.71,-13.04
3834,5100.00,5725.25,1,4,-73.41,16.79,90.00,0,-114.60,-inf,-96.36,-23.02,-111.21,-inf,-98.35,-25.02,-73.41,16.79,-112.16,-inf,-93.21,-19.85
3835,5100.00,5725.50,1,4,-75.08,15.82,90.00,0,-115.53,-inf,-96.33,-21.32,-111.82,-inf,-99.41,-24.42,-75.08,15.82,-111.47,-inf,-94.39,-19.37
3836,5100.00,5725.75,1,4,-73.58,18.04,90.00,0,-118.02,-inf,-96.46,-22.93,-111.54,-inf,-102.01,-28.49,-73.58,18.04,-111.76,-inf,-95.24,-21.70
3837,5100.00,5726.00,1,4,-73.24,17.66,90.00,0,-116.60,-inf,-96.15,-22.96,-112.47,-inf,-102.91,-29.74,-73.24,17.66,-111.57,-inf,-93.78,-20.57
3838,5100.00,5726.25,1,4,-73.06,16.69,90.00,0,-118.02,-inf,-96.00,-23.01,-114.39,-inf,-102.01,-29.03,-73.06,16.69,-110.92,-inf,-91.90,-18.88
3839,5100.00,5726.50,1,4,-75.78,13.74,90.00,0,-116.55,-inf,-95.82,-20.18,-113.07,-inf,-102.83,-27.23,-75.78,13.74,-112.04,-inf,-91.53,-15.82
3840,5100.00,5726.75,1,4,-75.26,13.22,90.00,0,-116.02,-inf,-95.65,-20.56,-112.86,-inf,-103.71,-28.65,-75.26,13.22,-112.76,-inf,-89.98,-14.78
3841,5100.00,5727.00,1,4,-74.70,14.43,90.00,0,-115.91,-inf,-95.63,-21.05,-116.90,-inf,-104.37,-29.82,-74.70,14.43,-113.83,-inf,-90.90,-16.25
3842,5100.00,5727.25,1,4,-74.06,16.16,90.00,0,-114.62,-inf,-95.47,-21.49,-117.56,-inf,-104.54,-30.58,-74.06,16.16,-111.56,-inf,-92.74,-18.73
3843,5100.00,5727.50,1,4,-72.42,17.95,90.00,0,-113.80,-inf,-94.51,-22.13,-117.57,-inf,-105.73,-33.38,-72.42,17.95,-110.98,-inf,-93.60,-21.22
3844,5100.00,5727.75,1,4,-71.88,18.92,90.00,0,-109.51,-37.69,-97.58,-25.74,-116.29,-inf,-105.41,-33.59,-71.88,18.92,-110.24,-inf,-92.87,-21.01
3845,5100.00,5728.00,1,4,-73.36,18.22,90.00,0,-111.01,-inf,-97.22,-23.90,-116.82,-inf,-104.39,-31.09,-73.36,18.22,-112.11,-inf,-94.34,-21.01
3846,5100.00,5728.25,1,4,-70.41,21.27,90.00,0,-109.30,-38.92,-96.46,-26.07,-114.62,-inf,-103.73,-33.35,-70.41,21.27,-112.35,-inf,-95.24,-24.85
3847,5100.00,5728.50,1,4,-68.55,23.25,90.00,0,-108.37,-39.84,-98.58,-30.04,-114.49,-inf,-104.46,-35.92,-68.55,23.25,-111.59,-inf,-94.30,-25.76
3848,5100.00,5728.75,1,4,-67.05,24.80,90.00,0,-112.51,-inf,-98.91,-31.87,-115.29,-inf,-101.83,-34.79,-67.05,24.80,-108.52,-41.49,-94.62,-27.57
3849,5100.00,5729.00,1,4,-68.28,24.85,90.00,0,-111.74,-inf,-97.80,-29.53,-116.18,-inf,-102.92,-34.66,-68.28,24.85,-108.17,-39.90,-98.12,-29.85
3850,5100.00,5729.25,1,4,-67.95,24.97,90.00,0,-109.80,-41.87,-96.65,-28.71,-116.58,-inf,-104.14,-36.20,-67.95,24.97,-109.17,-41.24,-98.75,-30.82
3851,5100.00,5729.50,1,4,-65.81,26.39,90.00,0,-109.87,-44.07,-96.47,-30.66,-115.85,-inf,-103.09,-37.29,-65.81,26.39,-109.67,-43.86,-96.85,-31.04
3852,5100.00,5729.75,1,4,-66.28,25.24,90.00,0,-109.08,-42.81,-95.63,-29.36,-112.96,-inf,-103.42,-37.16,-66.28,25.24,-110.07,-inf,-95.62,-29.35
3853,5100.00,5730.00,1,4,-69.16,23.67,90.00,0,-110.50,-inf,-97.56,-28.41,-112.88,-inf,-101.12,-31.97,-69.16,23.67,-107.87,-38.73,-98.19,-29.04
3854,5100.00,5730.25,1,4,-67.28,25.80,90.00,0,-112.08,-inf,-97.97,-30.70,-112.34,-inf,-100.44,-33.18,-67.28,25.80,-109.15,-41.89,-98.85,-31.58
3855,5100.00,5730.50,1,4,-66.86,25.96,90.00,0,-110.31,-inf,-97.83,-30.98,-112.08,-inf,-99.92,-33.07,-66.86,25.96,-110.50,-inf,-98.07,-31.22
3856,5100.00,5730.75,1,4,-65.57,25.93,90.00,0,-109.28,-43.72,-96.89,-31.33,-111.32,-inf,-98.86,-33.29,-65.57,25.93,-110.39,-inf,-95.85,-30.28
3857,5100.00,5731.00,1,4,-66.53,24.12,90.00,0,-108.23,-41.71,-96.09,-29.57,-112.52,-inf,-98.59,-32.07,-66.53,24.12,-111.58,-inf,-94.42,-27.90
3858,5100.00,5731.25,1,4,-63.31,28.20,90.00,0,-109.85,-46.54,-98.68,-35.37,-112.90,-inf,-99.36,-36.05,-63.31,28.20,-112.84,-inf,-94.64,-31.33
3859,5100.00,5731.50,1,4,-65.17,24.63,90.00,0,-108.24,-43.08,-95.75,-30.59,-113.29,-inf,-99.80,-34.64,-65.17,24.63,-113.73,-inf,-92.50,-27.34
3860,5100.00,5731.75,1,4,-64.48,23.58,90.00,0,-110.45,-inf,-95.66,-31.20,-113.49,-inf,-102.89,-38.43,-64.48,23.58,-114.34,-inf,-89.42,-24.95
3861,5100.00,5732.00,1,4,-66.61,21.05,90.00,0,-112.98,-inf,-95.34,-28.76,-115.39,-inf,-103.21,-36.64,-66.61,21.05,-112.95,-inf,-88.95,-22.35
3862,5100.00,5732.25,1,4,-67.06,21.70,90.00,0,-113.06,-inf,-95.38,-28.35,-115.71,-inf,-104.25,-37.22,-67.06,21.70,-114.27,-inf,-90.44,-23.40
3863,5100.00,5732.50,1,4,-68.24,20.88,90.00,0,-113.35,-inf,-94.93,-26.72,-116.15,-inf,-101.97,-33.76,-68.24,20.88,-114.94,-inf,-91.31,-23.08
3864,5100.00,5732.75,1,4,-71.01,17.01,90.00,0,-110.86,-inf,-94.40,-23.45,-116.26,-inf,-101.10,-30.16,-71.01,17.01,-112.26,-inf,-89.84,-18.86
3865,5100.00,5733.00,1,4,-71.70,16.17,90.00,0,-108.55,-36.95,-95.72,-24.10,-115.21,-inf,-101.42,-29.82,-71.70,16.17,-112.78,-inf,-89.29,-17.62
3866,5100.00,5733.25,1,4,-72.87,13.49,90.00,0,-109.14,-36.46,-92.83,-20.11,-118.29,-inf,-101.70,-29.02,-72.87,13.49,-111.14,-inf,-87.92,-15.11
3867,5100.00,5733.50,1,4,-71.76,14.55,90.00,0,-108.78,-37.16,-92.56,-20.91,-118.52,-inf,-102.39,-30.78,-71.76,14.55,-112.10,-inf,-87.92,-16.21
3868,5100.00,5733.75,1,4,-70.41,16.34,90.00,0,-109.64,-39.32,-90.14,-19.79,-117.66,-inf,-101.03,-30.72,-70.41,16.34,-110.22,-inf,-90.19,-19.83
3869,5100.00,5734.00,1,4,-72.48,13.33,90.00,0,-109.23,-36.95,-88.53,-16.15,-117.69,-inf,-98.13,-25.84,-72.48,13.33,-110.01,-inf,-90.19,-17.84
3870,5100.00,5734.25,1,4,-70.07,14.86,90.00,0,-108.78,-38.85,-87.48,-17.48,-118.65,-inf,-94.72,-24.78,-70.07,14.86,-111.74,-inf,-90.09,-20.12
3871,5100.00,5734.50,1,4,-69.50,15.51,90.00,0,-107.14,-37.75,-88.85,-19.42,-117.01,-inf,-93.19,-23.79,-69.50,15.51,-114.09,-inf,-89.02,-19.59
3872,5100.00,5734.75,1,4,-70.27,15.19,90.00,0,-103.71,-33.56,-88.59,-18.39,-116.28,-inf,-92.83,-22.66,-70.27,15.19,-113.74,-inf,-90.98,-20.80
3873,5100.00,5735.00,1,4,-70.92,12.85,90.00,0,-106.24,-35.54,-87.91,-17.13,-115.84,-inf,-94.72,-24.01,-70.92,12.85,-113.55,-inf,-86.74,-15.93
3874,5100.00,5735.25,1,4,-68.56,15.78,90.00,0,-107.76,-39.31,-88.14,-19.64,-114.51,-inf,-94.98,-26.53,-68.56,15.78,-113.82,-inf,-87.66,-19.16
3875,5100.00,5735.50,1,4,-67.70,18.27,90.00,0,-109.23,-41.59,-90.57,-22.91,-116.59,-inf,-97.86,-30.22,-67.70,18.27,-111.85,-inf,-88.62,-20.95
3876,5100.00,5735.75,1,4,-66.95,19.14,90.00,0,-111.69,-inf,-89.98,-23.06,-118.98,-inf,-95.36,-28.46,-66.95,19.14,-112.16,-inf,-89.73,-22.81
3877,5100.00,5736.00,1,4,-66.41,18.96,90.00,0,-109.29,-42.93,-89.17,-22.79,-119.92,-inf,-95.20,-28.84,-66.41,18.96,-115.04,-inf,-88.92,-22.55
3878,5100.00,5736.25,1,4,-67.51,18.70,90.00,0,-110.33,-inf,-90.66,-23.19,-121.61,-inf,-96.48,-29.03,-67.51,18.70,-114.62,-inf,-89.16,-21.68
3879,5100.00,5736.50,1,4,-66.50,19.77,90.00,0,-107.98,-41.53,-89.58,-23.11,-121.70,-inf,-97.03,-30.57,-66.50,19.77,-116.26,-inf,-90.24,-23.77
3880,5100.00,5736.75,1,4,-65.16,20.05,90.00,0,-109.28,-44.16,-87.51,-22.37,-124.73,-inf,-94.24,-29.12,-65.16,20.05,-114.96,-inf,-91.26,-26.13
3881,5100.00,5737.00,1,4,-62.09,21.69,90.00,0,-110.33,-inf,-85.68,-23.60,-123.24,-inf,-93.54,-31.48,-62.09,21.69,-114.38,-inf,-90.27,-28.20
3882,5100.00,5737.25,1,4,-63.46,19.32,90.00,0,-110.94,-inf,-83.93,-20.48,-125.62,-inf,-93.77,-30.35,-63.46,19.32,-113.13,-inf,-91.51,-28.10
3883,5100.00,5737.50,1,4,-62.21,21.39,90.00,0,-109.31,-47.13,-85.47,-23.27,-124.89,-inf,-93.23,-31.05,-62.21,21.39,-113.96,-inf,-90.27,-28.08
3884,5100.00,5737.75,1,4,-62.17,20.85,90.00,0,-107.24,-45.11,-84.65,-22.49,-127.40,-inf,-92.46,-30.32,-62.17,20.85,-110.86,-inf,-90.57,-28.43
3885,5100.00,5738.00,1,4,-61.48,20.94,90.00,0,-106.11,-44.66,-83.96,-22.49,-125.97,-inf,-93.64,-32.19,-61.48,20.94,-109.53,-48.08,-89.41,-27.96
3886,5100.00,5738.25,1,4,-60.66,23.62,90.00,0,-107.27,-46.63,-86.60,-25.95,-124.36,-inf,-95.70,-35.06,-60.66,23.62,-110.24,-inf,-89.34,-28.69
3887,5100.00,5738.50,1,4,-61.74,24.50,90.00,0,-111.44,-inf,-88.70,-26.96,-125.36,-inf,-97.44,-35.71,-61.74,24.50,-108.67,-46.94,-91.35,-29.62
3888,5100.00,5738.75,1,4,-64.11,22.28,90.00,0,-108.47,-44.39,-88.88,-24.78,-126.21,-inf,-96.34,-32.24,-64.11,22.28,-109.61,-45.52,-91.93,-27.83
3889,5100.00,5739.00,1,4,-66.51,18.78,90.00,0,-108.19,-41.73,-87.13,-20.64,-124.89,-inf,-99.37,-32.91,-66.51,18.78,-108.28,-41.82,-91.12,-24.65
3890,5100.00,5739.25,1,4,-67.29,17.86,90.00,0,-104.73,-37.51,-86.84,-19.57,-123.80,-inf,-99.06,-31.84,-67.29,17.86,-109.83,-42.61,-91.45,-24.21
3891,5100.00,5739.50,1,4,-69.03,16.85,90.00,0,-103.06,-34.11,-87.28,-18.27,-123.69,-inf,-99.82,-30.88,-69.03,16.85,-109.22,-40.28,-93.53,-24.57
3892,5100.00,5739.75,1,4,-69.38,14.84,90.00,0,-104.07,-34.83,-85.12,-15.77,-123.45,-inf,-97.39,-28.14,-69.38,14.84,-108.20,-38.96,-94.33,-25.08
3893,5100.00,5740.00,1,4,-71.15,11.97,90.00,0,-105.28,-34.40,-83.67,-12.56,-124.38,-inf,-96.70,-25.81,-71.15,11.97,-107.68,-36.80,-96.51,-25.62
3894,5100.00,5740.25,1,4,-71.98,11.08,90.00,0,-104.53,-32.87,-83.53,-11.59,-124.00,-inf,-96.72,-25.05,-71.98,11.08,-108.28,-36.62,-98.43,-26.76
3895,5100.00,5740.50,1,4,-72.21,10.00,90.00,0,-106.53,-34.73,-82.60,-10.42,-124.08,-inf,-98.57,-26.76,-72.21,10.00,-106.10,-34.30,-96.61,-24.79
3896,5100.00,5740.75,1,4,-73.58,8.98,90.00,0,-105.54,-32.48,-82.97,-9.44,-123.43,-inf,-99.89,-26.82,-73.58,8.98,-103.66,-30.59,-96.39,-23.30
3897,5100.00,5741.00,1,4,-74.84,10.19,90.00,0,-103.42,-28.97,-85.65,-10.86,-121.68,-inf,-99.10,-24.64,-74.84,10.19,-105.76,-31.31,-99.07,-24.62
3898,5100.00,5741.25,1,4,-74.04,11.53,90.00,0,-100.43,-26.68,-86.51,-12.53,-126.60,-inf,-98.77,-25.01,-74.04,11.53,-107.55,-33.81,-97.00,-23.24
3899,5100.00,5741.50,1,4,-73.72,13.05,90.00,0,-99.48,-25.96,-88.10,-14.44,-126.42,-inf,-99.59,-26.06,-73.72,13.05,-108.08,-34.56,-96.64,-23.10
3900,5100.00,5741.75,1,4,-72.74,14.46,90.00,0,-99.45,-26.85,-88.81,-16.12,-126.87,-inf,-100.18,-27.58,-72.74,14.46,-108.52,-35.92,-95.77,-23.16
3901,5100.00,5742.00,1,4,-70.81,17.34,90.00,0,-100.98,-30.25,-89.93,-19.15,-127.55,-inf,-101.61,-30.88,-70.81,17.34,-107.05,-36.32,-96.07,-25.33
3902,5100.00,5742.25,1,4,-69.95,17.73,90.00,0,-103.11,-33.23,-89.17,-19.24,-127.86,-inf,-101.19,-31.31,-69.95,17.73,-109.06,-39.18,-95.87,-25.98
3903,5100.00,5742.50,1,4,-70.74,17.35,90.00,0,-104.91,-34.25,-89.45,-18.73,-127.20,-inf,-101.57,-30.91,-70.74,17.35,-107.13,-36.47,-97.09,-26.42
3904,5100.00,5742.75,1,4,-70.80,17.76,90.00,0,-105.11,-34.38,-90.02,-19.24,-130.10,-inf,-101.09,-30.35,-70.80,17.76,-106.48,-35.74,-97.84,-27.10
3905,5100.00,5743.00,1,4,-71.72,14.72,90.00,0,-102.38,-30.81,-87.48,-15.79,-130.61,-inf,-99.41,-27.83,-71.72,14.72,-105.94,-34.37,-97.31,-25.72
3906,5100.00,5743.25,1,4,-72.36,14.77,90.00,0,-103.89,-31.67,-88.61,-16.30,-130.61,-inf,-98.12,-25.90,-72.36,14.77,-103.99,-31.77,-96.46,-24.23
3907,5100.00,5743.50,1,4,-70.77,16.10,90.00,0,-105.33,-34.66,-87.77,-17.02,-130.55,-inf,-99.33,-28.67,-70.77,16.10,-107.78,-37.12,-99.19,-28.52
3908,5100.00,5743.75,1,4,-70.74,16.05,90.00,0,-104.70,-34.06,-87.54,-16.81,-130.62,-inf,-99.57,-28.92,-70.74,16.05,-107.99,-37.35,-101.68,-31.04
3909,5100.00,5744.00,1,4,-69.48,18.35,90.00,0,-105.56,-36.15,-88.74,-19.27,-130.52,-inf,-99.82,-30.40,-69.48,18.35,-109.52,-40.10,-101.80,-32.38
3910,5100.00,5744.25,1,4,-70.89,17.79,90.00,0,-107.73,-36.91,-89.82,-18.95,-130.63,-inf,-98.70,-27.88,-70.89,17.79,-110.71,-inf,-101.95,-31.13
3911,5100.00,5744.50,1,4,-72.31,13.89,90.00,0,-108.40,-36.27,-86.95,-14.67,-128.26,-inf,-97.13,-24.99,-72.31,13.89,-108.80,-36.67,-102.04,-29.91
3912,5100.00,5744.75,1,4,-73.16,14.73,90.00,0,-109.47,-36.45,-89.38,-16.26,-128.83,-inf,-95.29,-22.24,-73.16,14.73,-108.40,-35.38,-103.13,-30.10
3913,5100.00,5745.00,1,4,-71.40,16.90,90.00,0,-112.73,-inf,-90.33,-18.96,-128.00,-inf,-94.48,-23.14,-71.40,16.90,-103.78,-32.47,-102.71,-31.40
3914,5100.00,5745.25,1,4,-70.67,18.39,90.00,0,-113.73,-inf,-91.18,-20.54,-127.45,-inf,-95.22,-24.60,-70.67,18.39,-104.78,-34.18,-103.30,-32.69
3915,5100.00,5745.50,1,4,-74.47,15.25,90.00,0,-111.81,-inf,-92.18,-17.77,-124.72,-inf,-95.44,-21.07,-74.47,15.25,-104.16,-29.82,-104.21,-29.86
3916,5100.00,5745.75,1,4,-74.41,15.76,90.00,0,-113.46,-inf,-94.27,-19.93,-124.87,-inf,-94.41,-20.07,-74.41,15.76,-100.95,-26.65,-103.46,-29.16
3917,5100.00,5746.00,1,4,-73.04,15.29,90.00,0,-114.35,-inf,-97.73,-24.80,-124.60,-inf,-89.68,-16.67,-73.04,15.29,-99.86,-26.94,-106.95,-34.04
3918,5100.00,5746.25,1,4,-72.91,16.08,90.00,0,-115.16,-inf,-97.64,-24.82,-125.20,-inf,-90.71,-17.83,-72.91,16.08,-99.18,-26.37,-107.16,-34.36
3919,5100.00,5746.50,1,4,-71.48,18.04,90.00,0,-113.72,-inf,-98.84,-27.42,-126.83,-inf,-91.28,-19.82,-71.48,18.04,-99.11,-27.69,-107.38,-35.96
3920,5100.00,5746.75,1,4,-73.73,15.94,90.00,0,-114.99,-inf,-98.51,-24.87,-127.66,-inf,-91.55,-17.86,-73.73,15.94,-99.46,-25.82,-106.26,-32.63
3921,5100.00,5747.00,1,4,-74.63,16.32,90.00,0,-115.79,-inf,-96.46,-21.89,-127.25,-inf,-94.42,-19.84,-74.63,16.32,-100.72,-26.18,-105.24,-30.70
3922,5100.00,5747.25,1,4,-75.88,15.14,90.00,0,-118.09,-inf,-98.29,-22.53,-128.86,-inf,-94.03,-18.23,-75.88,15.14,-101.34,-25.58,-101.20,-25.45
3923,5100.00,5747.50,1,4,-79.07,12.32,90.00,0,-117.80,-inf,-98.98,-20.11,-127.72,-inf,-95.01,-16.09,-79.07,12.32,-101.87,-23.03,-99.21,-20.34
3924,5100.00,5747.75,1,4,-79.58,11.77,90.00,0,-119.47,-inf,-98.28,-18.92,-126.10,-inf,-95.48,-16.07,-79.58,11.77,-99.41,-20.06,-100.67,-21.33
3925,5100.00,5748.00,1,4,-80.85,10.45,90.00,0,-118.20,-inf,-96.48,-15.90,-127.17,-inf,-95.96,-15.36,-80.85,10.45,-100.49,-19.98,-101.31,-20.81
3926,5100.00,5748.25,1,4,-80.24,10.12,90.00,0,-119.16,-inf,-94.61,-14.63,-127.38,-inf,-96.70,-16.78,-80.24,10.12,-97.69,-17.78,-100.44,-20.57
3927,5100.00,5748.50,1,4,-84.04,6.49,90.00,0,-119.66,-inf,-95.38,-11.96,-127.35,-inf,-96.72,-13.36,-84.04,6.49,-96.61,-13.25,-101.90,-18.68
3928,5100.00,5748.75,1,4,-82.83,7.55,90.00,0,-118.45,-inf,-95.29,-12.95,-123.99,-inf,-96.35,-14.05,-82.83,7.55,-97.36,-15.10,-99.79,-17.58
3929,5100.00,5749.00,1,4,-83.85,5.14,90.00,0,-118.05,-inf,-93.54,-10.48,-123.32,-inf,-95.34,-12.40,-83.85,5.14,-94.85,-11.89,-100.06,-17.29
3930,5100.00,5749.25,1,4,-83.06,6.19,90.00,0,-118.75,-inf,-94.96,-12.61,-122.05,-inf,-93.20,-10.72,-83.06,6.19,-96.58,-14.30,-101.42,-19.25
3931,5100.00,5749.50,1,4,-81.60,7.14,90.00,0,-117.01,-inf,-97.93,-17.01,-121.69,-inf,-91.34,-10.11,-81.60,7.14,-95.43,-14.45,-102.49,-21.63
3932,5100.00,5749.75,1,4,-85.00,2.49,90.00,0,-117.41,-inf,-97.60,-14.39,-121.27,-inf,-89.13,-4.84,-85.00,2.49,-96.77,-13.52,-101.22,-18.09
3933,5100.00,5750.00,1,4,-84.09,3.21,90.00,0,-119.21,-inf,-97.48,-14.96,-119.84,-inf,-89.18,-5.76,-84.09,3.21,-95.24,-12.62,-101.07,-18.62
3934,5100.00,5750.25,1,4,-85.09,2.13,90.00,0,-120.38,-inf,-97.19,-14.00,-119.79,-inf,-89.27,-5.08,-85.09,2.13,-94.55,-11.21,-101.53,-18.45
3935,5100.00,5750.50,1,4,-84.36,2.44,90.00,0,-122.83,-inf,-97.91,-15.38,-120.19,-inf,-88.14,-4.39,-84.36,2.44,-96.62,-14.04,-101.29,-18.83
3936,5100.00,5750.75,1,4,-85.34,-0.13,90.00,0,-121.63,-inf,-96.63,-14.20,-121.93,-inf,-86.14,-1.59,-85.34,-0.13,-96.81,-14.39,-102.58,-20.27
3937,5100.00,5751.00,1,4,-84.52,0.77,90.00,0,-121.21,-inf,-94.27,-12.13,-122.21,-inf,-86.61,-2.95,-84.52,0.77,-95.97,-13.92,-103.08,-21.17
3938,5100.00,5751.25,1,4,-85.34,0.60,90.00,0,-121.57,-inf,-93.57,-10.59,-118.30,-inf,-87.64,-3.39,-85.34,0.60,-96.49,-13.69,-101.86,-19.20
3939,5100.00,5751.50,1,4,-84.88,0.03,90.00,0,-120.53,-inf,-90.94,-8.47,-121.59,-inf,-86.95,-3.44,-84.88,0.03,-96.48,-14.44,-101.22,-19.28
3940,5100.00,5751.75,1,4,-83.88,2.74,90.00,0,-119.04,-inf,-90.70,-8.05,-122.34,-inf,-90.31,-7.59,-83.88,2.74,-96.47,-14.29,-101.26,-19.18
3941,5100.00,5752.00,1,4,-83.56,4.55,90.00,0,-120.17,-inf,-91.23,-8.39,-123.11,-inf,-94.05,-11.50,-83.56,4.55,-96.56,-14.14,-100.99,-18.68
3942,5100.00,5752.25,1,4,-82.15,6.04,90.00,0,-120.67,-inf,-90.54,-8.82,-126.54,-inf,-94.92,-13.54,-82.15,6.04,-98.30,-17.03,-101.98,-20.76
3943,5100.00,5752.50,1,4,-83.56,3.60,90.00,0,-120.39,-inf,-89.29,-6.40,-127.10,-inf,-93.90,-11.62,-83.56,3.60,-97.85,-15.75,-101.35,-19.31
3944,5100.00,5752.75,1,4,-85.32,1.43,90.00,0,-116.79,-inf,-88.96,-4.74,-124.38,-inf,-92.54,-9.06,-85.32,1.43,-99.02,-15.94,-102.19,-19.17
3945,5100.00,5753.00,1,4,-84.58,2.31,90.00,0,-119.20,-inf,-88.73,-4.95,-121.23,-inf,-93.37,-10.42,-84.58,2.31,-99.84,-17.19,-103.53,-20.93
3946,5100.00,5753.25,1,4,-83.15,2.56,90.00,0,-117.62,-inf,-87.20,-4.70,-118.51,-inf,-92.90,-11.36,-83.15,2.56,-98.73,-17.42,-104.94,-23.69
3947,5100.00,5753.50,1,4,-81.89,5.02,90.00,0,-118.99,-inf,-89.02,-7.63,-119.21,-inf,-93.31,-12.36,-81.89,5.02,-97.37,-16.58,-104.74,-24.02
3948,5100.00,5753.75,1,4,-83.29,3.44,90.00,0,-117.76,-inf,-89.68,-7.27,-119.78,-inf,-91.74,-9.62,-83.29,3.44,-96.24,-14.42,-104.17,-22.47
3949,5100.00,5754.00,1,4,-83.46,4.22,90.00,0,-116.97,-inf,-93.17,-10.76,-119.37,-inf,-90.40,-7.64,-83.46,4.22,-97.91,-15.73,-103.13,-21.03
3950,5100.00,5754.25,1,4,-83.36,5.04,90.00,0,-118.25,-inf,-94.17,-11.72,-120.71,-inf,-91.43,-8.71,-83.36,5.04,-97.61,-15.31,-101.37,-19.15
3951,5100.00,5754.50,1,4,-82.60,6.64,90.00,0,-115.86,-inf,-96.29,-14.39,-120.32,-inf,-93.55,-11.50,-82.60,6.64,-95.37,-13.43,-99.08,-17.25
3952,5100.00,5754.75,1,4,-82.72,7.06,90.00,0,-116.71,-inf,-98.07,-16.02,-122.45,-inf,-94.54,-12.35,-82.72,7.06,-94.72,-12.54,-99.75,-17.73
3953,5100.00,5755.00,1,4,-83.00,7.68,90.00,0,-116.00,-inf,-99.88,-17.49,-122.50,-inf,-94.84,-12.28,-83.00,7.68,-96.49,-14.01,-100.01,-17.62
3954,5100.00,5755.25,1,4,-81.28,8.88,90.00,0,-117.37,-inf,-100.84,-20.04,-123.67,-inf,-94.66,-13.72,-81.28,8.88,-95.01,-14.09,-99.11,-18.29
3955,5100.00,5755.50,1,4,-80.19,9.68,90.00,0,-116.47,-inf,-98.33,-18.53,-124.59,-inf,-95.35,-15.49,-80.19,9.68,-95.16,-15.29,-97.23,-17.41
3956,5100.00,5755.75,1,4,-83.24,5.29,90.00,0,-117.12,-inf,-97.84,-15.60,-125.17,-inf,-93.08,-10.60,-83.24,5.29,-93.14,-10.66,-97.99,-15.76
3957,5100.00,5756.00,1,4,-85.58,2.25,90.00,0,-119.23,-inf,-98.19,-14.49,-124.56,-inf,-91.09,-6.70,-85.58,2.25,-93.90,-9.93,-96.73,-12.96
3958,5100.00,5756.25,1,4,-84.77,3.29,90.00,0,-118.43,-inf,-96.91,-13.63,-126.08,-inf,-91.16,-7.32,-84.77,3.29,-94.30,-10.86,-99.10,-15.89
3959,5100.00,5756.50,1,4,-82.00,4.83,90.00,0,-119.20,-inf,-95.70,-14.80,-128.35,-inf,-88.79,-7.28,-82.00,4.83,-95.64,-14.73,-99.45,-18.63
3960,5100.00,5756.75,1,4,-83.66,2.81,90.00,0,-117.02,-inf,-92.96,-10.78,-127.64,-inf,-88.86,-6.06,-83.66,2.81,-95.66,-13.65,-101.24,-19.36
3961,5100.00,5757.00,1,4,-81.75,5.63,90.00,0,-119.12,-inf,-94.05,-13.15,-126.36,-inf,-89.81,-8.54,-81.75,5.63,-96.22,-15.40,-102.83,-22.10
3962,5100.00,5757.25,1,4,-84.14,2.23,90.00,0,-117.07,-inf,-94.21,-11.83,-125.80,-inf,-88.19,-4.85,-84.14,2.23,-96.60,-14.34,-100.54,-18.37
3963,5100.00,5757.50,1,4,-81.08,5.57,90.00,0,-116.03,-inf,-94.28,-14.10,-123.55,-inf,-88.48,-7.80,-81.08,5.57,-98.78,-18.71,-98.58,-18.50
3964,5100.00,5757.75,1,4,-80.22,6.21,90.00,0,-115.06,-inf,-93.32,-13.86,-123.49,-inf,-88.58,-8.74,-80.22,6.21,-98.72,-19.38,-97.23,-17.87
3965,5100.00,5758.00,1,4,-80.03,6.81,90.00,0,-114.05,-inf,-91.64,-12.18,-121.93,-inf,-89.92,-10.33,-80.03,6.81,-98.29,-19.04,-99.26,-20.02
3966,5100.00,5758.25,1,4,-79.98,6.45,90.00,0,-112.08,-inf,-93.94,-14.70,-121.77,-inf,-88.27,-8.62,-79.98,6.45,-97.17,-18.01,-100.47,-21.34
3967,5100.00,5758.50,1,4,-80.92,4.54,90.00,0,-111.93,-inf,-94.43,-14.67,-120.90,-inf,-87.14,-6.68,-80.92,4.54,-96.28,-16.57,-96.71,-17.01
3968,5100.00,5758.75,1,4,-77.58,9.10,90.00,0,-113.77,-inf,-95.63,-18.49,-120.90,-inf,-89.14,-11.78,-77.58,9.10,-96.08,-18.95,-95.11,-17.97
3969,5100.00,5759.00,1,4,-78.26,9.30,90.00,0,-114.74,-inf,-95.90,-18.05,-119.19,-inf,-90.12,-12.08,-78.26,9.30,-97.25,-19.42,-96.30,-18.46
3970,5100.00,5759.25,1,4,-81.89,6.71,90.00,0,-112.67,-inf,-94.48,-13.23,-117.42,-inf,-92.80,-11.45,-81.89,6.71,-96.55,-15.37,-97.53,-16.38
3971,5100.00,5759.50,1,4,-81.29,7.07,90.00,0,-113.39,-inf,-94.69,-14.01,-115.53,-inf,-92.55,-11.76,-81.29,7.07,-95.61,-14.96,-97.25,-16.64
3972,5100.00,5759.75,1,4,-82.50,4.71,90.00,0,-113.08,-inf,-94.67,-13.23,-116.24,-inf,-89.73,-7.83,-82.50,4.71,-96.19,-14.82,-98.11,-16.78
3973,5100.00,5760.00,1,4,-79.46,7.80,90.00,0,-115.05,-inf,-96.95,-18.09,-117.12,-inf,-89.59,-10.42,-79.46,7.80,-95.10,-16.20,-97.70,-18.85
3974,5100.00,5760.25,1,4,-79.65,6.03,90.00,0,-115.45,-inf,-97.22,-18.47,-114.15,-inf,-86.97,-7.58,-79.65,6.03,-97.65,-18.91,-96.42,-17.66
3975,5100.00,5760.50,1,4,-80.42,5.95,90.00,0,-115.38,-inf,-95.55,-16.01,-114.44,-inf,-88.02,-7.94,-80.42,5.95,-97.85,-18.36,-97.25,-17.74
3976,5100.00,5760.75,1,4,-75.95,10.03,90.00,0,-113.16,-inf,-95.35,-19.77,-112.85,-inf,-87.37,-11.53,-75.95,10.03,-97.47,-21.90,-99.25,-23.69
3977,5100.00,5761.00,1,4,-79.66,4.45,90.00,0,-112.65,-inf,-94.17,-15.73,-111.32,-inf,-85.26,-5.96,-79.66,4.45,-96.18,-17.79,-97.33,-18.95
3978,5100.00,5761.25,1,4,-78.27,5.46,90.00,0,-110.85,-inf,-91.62,-14.27,-112.32,-inf,-85.20,-7.26,-78.27,5.46,-97.62,-20.39,-96.08,-18.83
3979,5100.00,5761.50,1,4,-76.75,6.96,90.00,0,-110.17,-inf,-90.61,-14.51,-110.29,-inf,-85.25,-8.76,-76.75,6.96,-99.39,-23.42,-97.13,-21.14
3980,5100.00,5761.75,1,4,-76.76,4.36,90.00,0,-109.22,-33.82,-93.37,-17.90,-110.33,-inf,-81.65,-5.07,-76.76,4.36,-98.67,-23.25,-97.21,-21.78
3981,5100.00,5762.00,1,4,-75.58,6.32,90.00,0,-109.59,-34.91,-95.82,-21.11,-110.40,-inf,-82.34,-6.85,-75.58,6.32,-98.80,-24.11,-99.66,-24.98
3982,5100.00,5762.25,1,4,-75.54,3.92,90.00,0,-112.34,-inf,-95.98,-21.89,-112.74,-inf,-79.69,-4.24,-75.54,3.92,-100.30,-26.22,-98.59,-24.51
3983,5100.00,5762.50,1,4,-75.19,5.21,90.00,0,-110.25,-inf,-97.65,-23.59,-112.88,-inf,-80.61,-5.49,-75.19,5.21,-101.74,-27.69,-99.52,-25.47
3984,5100.00,5762.75,1,4,-76.04,4.38,90.00,0,-110.45,-inf,-98.57,-23.87,-114.13,-inf,-80.61,-4.64,-76.04,4.38,-104.49,-29.80,-99.05,-24.35
3985,5100.00,5763.00,1,4,-76.26,3.73,90.00,0,-111.66,-inf,-99.11,-24.37,-112.50,-inf,-80.17,-3.99,-76.26,3.73,-107.41,-32.69,-97.57,-22.82
3986,5100.00,5763.25,1,4,-77.37,3.05,90.00,0,-111.38,-inf,-103.07,-27.44,-112.39,-inf,-80.56,-3.25,-77.37,3.05,-109.22,-33.60,-99.07,-23.42
3987,5100.00,5763.50,1,4,-75.74,4.98,90.00,0,-109.04,-34.50,-104.12,-29.57,-112.84,-inf,-80.85,-5.15,-75.74,4.98,-111.08,-inf,-99.58,-25.02
3988,5100.00,5763.75,1,4,-77.16,2.57,90.00,0,-111.33,-inf,-106.16,-30.91,-113.18,-inf,-79.84,-2.74,-77.16,2.57,-110.75,-inf,-98.74,-23.47
3989,5100.00,5764.00,1,4,-77.41,1.46,90.00,0,-113.27,-inf,-104.24,-29.16,-113.66,-inf,-78.95,-1.60,-77.41,1.46,-110.53,-inf,-99.30,-24.22
3990,5100.00,5764.25,1,4,-77.57,2.95,90.00,0,-112.94,-inf,-101.59,-25.78,-114.02,-inf,-80.66,-3.16,-77.57,2.95,-113.51,-inf,-99.48,-23.67
3991,5100.00,5764.50,1,4,-76.11,5.04,90.00,0,-113.25,-inf,-105.56,-30.62,-113.82,-inf,-81.28,-5.21,-76.11,5.04,-112.79,-inf,-100.44,-25.50
3992,5100.00,5764.75,1,4,-77.55,5.30,90.00,0,-113.98,-inf,-104.40,-27.97,-111.58,-inf,-83.03,-5.53,-77.55,5.30,-113.68,-inf,-100.90,-24.46
3993,5100.00,5765.00,1,4,-75.41,5.87,90.00,0,-115.34,-inf,-103.67,-29.25,-109.23,-34.82,-81.40,-6.03,-75.41,5.87,-114.31,-inf,-102.60,-28.18
3994,5100.00,5765.25,1,4,-76.00,3.67,90.00,0,-115.95,-inf,-105.64,-31.19,-107.63,-33.18,-79.75,-3.78,-76.00,3.67,-115.78,-inf,-104.45,-29.99
3995,5100.00,5765.50,1,4,-75.21,4.05,90.00,0,-115.17,-inf,-106.22,-32.45,-108.02,-34.25,-79.33,-4.15,-75.21,4.05,-114.97,-inf,-103.55,-29.77
3996,5100.00,5765.75,1,4,-76.22,0.16,90.00,0,-115.26,-inf,-103.38,-30.08,-108.03,-34.73,-76.43,-0.25,-76.22,0.16,-115.01,-inf,-100.55,-27.25
3997,5100.00,5766.00,1,4,-77.70,-0.78,90.00,0,-116.30,-inf,-103.62,-29.34,-107.20,-32.92,-76.97,0.66,-77.70,-0.78,-113.55,-inf,-99.96,-25.67
3998,5100.00,5766.25,1,4,-77.43,-2.61,90.00,0,-120.68,-inf,-106.14,-33.22,-107.48,-34.56,-74.86,2.51,-77.43,-2.61,-115.37,-inf,-98.76,-25.83
3999,5100.00,5766.50,2,4,-56.74,25.10,0.00,0,-110.10,-inf,-96.08,-21.65,-107.79,-33.38,-101.06,-26.65,-74.48,17.90,-100.50,-26.09,-103.15,-28.74
4000,5100.00,5766.50,2,4,-74.48,17.90,0.00,0,-110.10,-inf,-96.08,-21.65,-107.79,-33.38,-101.06,-26.65,-74.48,17.90,-100.50,-26.09,-103.15,-28.74
4001,5100.00,5766.50,2,4,-74.48,17.90,0.00,0,-110.10,-inf,-96.08,-21.65,-107.79,-33.38,-101.06,-26.65,-74.48,17.90,-100.50,-26.09,-103.15,-28.74
4002,5100.00,5766.50,2,4,-74.48,17.90,0.00,0,-110.10,-inf,-96.08,-21.65,-107.79,-33.38,-101.06,-26.65,-74.48,17.90,-100.50,-26.09,-103.15,-28.74
4003,5100.00,5766.50,2,4,-74.48,17.90,0.00,0,-110.10,-inf,-96.08,-21.65,-107.79,-33.38,-101.06,-26.65,-74.48,17.90,-100.50,-26.09,-103.15,-28.74
4004,5100.00,5766.50,2,4,-74.48,17.90,0.00,0,-110.10,-inf,-96.08,-21.65,-107.79,-33.38,-101.06,-26.65,-74.48,17.90,-100.50,-26.09,-103.15,-28.74
4005,5100.00,5766.50,2,4,-74.48,17.90,0.00,0,-110.10,-inf,-96.08,-21.65,-107.79,-33.38,-101.06,-26.65,-74.48,17.90,-100.50,-26.09,-103.15,-28.74
4006,5100.00,5766.50,2,4,-74.48,17.90,0.00,0,-110.10,-inf,-96.08,-21.65,-107.79,-33.38,-101.06,-26.65,-74.48,17.90,-100.50,-26.09,-103.15,-28.74
4007,5100.00,5766.50,2,4,-74.48,17.90,0.00,0,-110.10,-inf,-96.08,-21.65,-107.79,-33.38,-101.06,-26.65,-74.48,17.90,-100.50,-26.09,-103.15,-28.74
4008,5100.00,5766.50,2,4,-74.48,17.90,0.00,0,-110.10,-inf,-96.08,-21.65,-107.79,-33.38,-101.06,-26.65,-74.48,17.90,-100.50,-26.09,-103.15,-28.74
4009,5099.88,5766.50,2,4,-74.57,17.59,45.00,0,-110.29,-inf,-95.52,-20.99,-108.95,-34.45,-100.90,-26.39,-74.57,17.59,-101.08,-26.58,-102.60,-28.09
4010,5099.62,5766.50,2,4,-74.33,18.85,90.00,0,-110.87,-inf,-97.70,-23.40,-108.04,-33.76,-101.78,-27.50,-74.33,18.85,-100.60,-26.32,-103.82,-29.54
4011,5099.38,5766.50,2,4,-76.90,15.64,90.00,0,-111.10,-inf,-97.05,-20.23,-107.94,-31.15,-102.17,-25.37,-76.90,15.64,-99.02,-22.21,-102.42,-25.63
4012,5099.12,5766.50,2,4,-74.12,19.47,90.00,0,-110.62,-inf,-100.06,-25.98,-108.14,-34.07,-102.03,-27.95,-74.12,19.47,-99.74,-25.65,-102.63,-28.55
4013,5098.88,5766.50,2,4,-74.25,18.93,90.00,0,-111.61,-inf,-100.82,-26.61,-107.90,-33.70,-102.34,-28.13,-74.25,18.93,-97.54,-23.33,-103.30,-29.09
4014,5098.62,5766.50,2,4,-73.49,18.99,90.00,0,-110.87,-inf,-102.97,-29.53,-107.11,-33.67,-102.02,-28.57,-73.49,18.99,-95.09,-21.62,-106.62,-33.18
4015,5098.38,5766.50,2,4,-72.29,20.00,90.00,0,-109.40,-37.15,-104.43,-32.18,-105.97,-33.72,-102.99,-30.74,-72.29,20.00,-94.60,-22.33,-106.83,-34.58
4016,5098.12,5766.50,2,4,-72.00,18.49,90.00,0,-109.54,-37.60,-102.39,-30.44,-105.15,-33.21,-101.13,-29.18,-72.00,18.49,-92.30,-20.32,-105.58,-33.64
4017,5097.88,5766.50,2,4,-68.61,21.07,90.00,0,-108.52,-39.94,-105.25,-36.67,-103.11,-34.53,-101.82,-33.24,-68.61,21.07,-90.99,-22.39,-106.56,-37.98
4018,5097.62,5766.50,2,4,-71.43,19.36,90.00,0,-107.62,-36.23,-104.62,-33.23,-102.89,-31.50,-101.82,-30.43,-71.43,19.36,-92.60,-21.19,-108.06,-36.68
4019,5097.38,5766.50,2,4,-69.11,22.13,90.00,0,-106.54,-37.45,-104.44,-35.35,-102.25,-33.16,-100.39,-31.30,-69.11,22.13,-93.73,-24.63,-107.23,-38.14
4020,5097.12,5766.50,2,4,-68.27,23.87,90.00,0,-107.13,-38.88,-103.27,-35.02,-102.41,-34.15,-101.22,-32.96,-68.27,23.87,-95.37,-27.10,-106.80,-38.54
4021,5096.88,5766.50,2,4,-69.31,22.87,90.00,0,-105.96,-36.66,-103.12,-33.82,-101.58,-32.29,-102.32,-33.03,-69.31,22.87,-95.39,-26.09,-108.54,-39.25
4022,5096.62,5766.50,2,4,-68.98,24.31,90.00,0,-106.47,-37.50,-103.30,-34.33,-101.43,-32.46,-101.76,-32.79,-68.98,24.31,-98.35,-29.37,-108.60,-39.63
4023,5096.38,5766.50,2,4,-66.72,25.95,90.00,0,-105.84,-39.14,-101.96,-35.25,-100.75,-34.05,-101.76,-35.06,-66.72,25.95,-97.36,-30.65,-107.66,-40.96
4024,5096.12,5766.50,2,4,-69.79,24.06,90.00,0,-103.49,-33.72,-102.62,-32.85,-102.84,-33.07,-103.08,-33.31,-69.79,24.06,-100.26,-30.48,-107.55,-37.78
4025,5095.88,5766.50,2,4,-70.08,23.68,90.00,0,-102.31,-32.25,-102.28,-32.22,-104.00,-33.93,-104.07,-34.01,-70.08,23.68,-99.73,-29.66,-107.64,-37.58
4026,5095.62,5766.50,2,4,-69.42,23.90,90.00,0,-101.17,-31.76,-102.87,-33.47,-104.68,-35.27,-102.59,-33.18,-69.42,23.90,-99.28,-29.88,-105.18,-35.78
4027,5095.38,5766.50,2,4,-66.80,25.03,90.00,0,-97.28,-30.49,-100.42,-33.63,-102.50,-35.71,-101.37,-34.59,-66.80,25.03,-99.85,-33.06,-103.45,-36.66
4028,5095.12,5766.50,2,4,-66.73,25.27,90.00,0,-96.51,-29.79,-100.68,-33.96,-102.71,-35.99,-102.96,-36.24,-66.73,25.27,-100.51,-33.79,-105.27,-38.55
4029,5094.88,5766.50,2,4,-67.51,24.89,90.00,0,-97.03,-29.53,-100.48,-32.99,-102.85,-35.35,-102.53,-35.03,-67.51,24.89,-101.93,-34.43,-107.82,-40.33
4030,5094.62,5766.50,2,4,-67.37,25.08,90.00,0,-98.15,-30.79,-99.35,-31.99,-99.76,-32.40,-104.70,-37.34,-67.37,25.08,-103.07,-35.71,-109.83,-42.48
4031,5094.38,5766.50,2,4,-66.99,25.83,90.00,0,-98.62,-31.64,-100.96,-33.98,-99.98,-33.00,-102.23,-35.25,-66.99,25.83,-103.46,-36.48,-111.22,-inf
4032,5094.12,5766.50,2,4,-67.19,24.77,90.00,0,-96.82,-29.64,-99.25,-32.08,-102.74,-35.56,-100.13,-32.95,-67.19,24.77,-103.08,-35.91,-109.50,-42.32
4033,5093.88,5766.50,2,4,-66.40,25.69,90.00,0,-96.61,-30.22,-100.34,-33.94,-102.45,-36.05,-101.21,-34.81,-66.40,25.69,-102.35,-35.96,-108.18,-41.79
4034,5093.62,5766.50,2,4,-65.65,25.14,90.00,0,-94.41,-28.77,-101.16,-35.53,-105.18,-39.55,-98.24,-32.60,-65.65,25.14,-100.28,-34.65,-106.94,-41.30
4035,5093.38,5766.50,2,4,-66.11,25.34,90.00,0,-96.85,-30.75,-99.91,-33.82,-105.55,-39.45,-98.13,-32.03,-66.11,25.34,-99.66,-33.57,-107.39,-41.30
4036,5093.12,5766.50,2,4,-66.60,25.03,90.00,0,-98.00,-31.41,-100.19,-33.61,-107.81,-41.23,-97.92,-31.33,-66.60,25.03,-99.00,-32.41,-105.17,-38.59
4037,5092.88,5766.50,2,4,-66.62,25.47,90.00,0,-98.21,-31.60,-100.64,-34.03,-109.87,-43.26,-98.26,-31.65,-66.62,25.47,-100.35,-33.74,-105.37,-38.77
4038,5092.62,5766.50,2,4,-67.48,24.85,90.00,0,-98.19,-30.72,-101.98,-34.51,-107.73,-40.25,-99.02,-31.54,-67.48,24.85,-100.02,-32.55,-105.57,-38.10
4039,5092.38,5766.50,2,4,-68.69,23.94,90.00,0,-97.91,-29.23,-103.97,-35.29,-107.84,-39.16,-99.41,-30.73,-68.69,23.94,-100.41,-31.73,-106.58,-37.91
4040,5092.12,5766.50,2,4,-71.48,20.54,90.00,0,-98.03,-26.58,-104.63,-33.19,-104.73,-33.29,-97.65,-26.20,-71.48,20.54,-99.39,-27.94,-107.82,-36.39
4041,5091.88,5766.50,2,4,-70.76,21.60,90.00,0,-99.08,-28.34,-104.48,-33.75,-104.52,-33.79,-96.74,-25.99,-70.76,21.60,-101.32,-30.58,-110.70,-inf
4042,5091.62,5766.50,2,4,-71.14,21.08,90.00,0,-99.60,-28.49,-107.08,-35.97,-105.14,-34.03,-96.79,-25.67,-71.14,21.08,-99.25,-28.15,-108.97,-37.87
4043,5091.38,5766.50,2,4,-67.43,24.41,90.00,0,-98.50,-31.09,-107.85,-40.43,-104.63,-37.21,-96.72,-29.30,-67.43,24.41,-98.72,-31.30,-108.24,-40.82
4044,5091.12,5766.50,2,4,-68.70,23.66,90.00,0,-99.45,-30.77,-111.94,-inf,-101.70,-33.01,-97.01,-28.32,-68.70,23.66,-100.58,-31.89,-108.65,-39.96
4045,5090.88,5766.50,2,4,-71.84,20.97,90.00,0,-99.94,-28.12,-112.77,-inf,-99.29,-27.47,-100.08,-28.27,-71.84,20.97,-101.17,-29.35,-105.42,-33.61
4046,5090.62,5766.50,2,4,-73.25,18.76,90.00,0,-99.30,-26.10,-114.08,-inf,-97.70,-24.50,-100.12,-26.92,-73.25,18.76,-99.64,-26.45,-104.23,-31.04
4047,5090.38,5766.50,2,4,-74.90,17.56,90.00,0,-99.37,-24.53,-112.16,-inf,-97.82,-22.98,-100.28,-25.44,-74.90,17.56,-101.95,-27.12,-105.34,-30.51
4048,5090.12,5766.50,2,4,-73.66,18.88,90.00,0,-98.64,-25.02,-108.60,-34.99,-98.84,-25.22,-100.89,-27.28,-73.66,18.88,-103.23,-29.62,-103.33,-29.72
4049,5089.88,5766.50,2,4,-72.51,19.12,90.00,0,-97.06,-24.59,-110.80,-inf,-100.06,-27.60,-97.75,-25.29,-72.51,19.12,-101.21,-28.75,-103.16,-30.70
4050,5089.62,5766.50,2,4,-72.04,19.50,90.00,0,-97.25,-25.25,-109.49,-37.51,-100.90,-28.90,-96.56,-24.56,-72.04,19.50,-101.31,-29.31,-105.84,-33.85
4051,5089.38,5766.50,2,4,-69.49,21.48,90.00,0,-95.96,-26.49,-112.64,-inf,-100.26,-30.80,-96.23,-26.76,-69.49,21.48,-100.00,-30.54,-108.32,-38.86
4052,5089.12,5766.50,2,4,-69.78,19.53,90.00,0,-93.28,-23.52,-112.64,-inf,-97.89,-28.15,-96.59,-26.85,-69.78,19.53,-97.20,-27.45,-105.42,-35.68
4053,5088.88,5766.50,2,4,-69.93,20.17,90.00,0,-94.58,-24.68,-108.94,-39.05,-96.61,-26.71,-97.71,-27.81,-69.93,20.17,-99.73,-29.83,-106.88,-36.98
4054,5088.62,5766.50,2,4,-70.79,18.26,90.00,0,-93.05,-22.30,-110.86,-inf,-96.81,-26.07,-94.56,-23.81,-70.79,18.26,-101.47,-30.74,-107.62,-36.89
4055,5088.38,5766.50,2,4,-70.16,18.00,90.00,0,-91.00,-20.87,-110.16,-inf,-98.86,-28.76,-94.30,-24.19,-70.16,18.00,-99.33,-29.23,-108.37,-38.28
4056,5088.12,5766.50,2,4,-67.61,20.67,90.00,0,-90.51,-22.92,-110.22,-inf,-98.70,-31.12,-95.87,-28.30,-67.61,20.67,-100.44,-32.87,-108.68,-41.11
4057,5087.88,5766.50,2,4,-65.44,22.17,90.00,0,-89.05,-23.62,-111.08,-inf,-98.77,-33.36,-97.18,-31.76,-65.44,22.17,-102.40,-36.99,-109.68,-44.27
4058,5087.62,5766.50,2,4,-65.72,21.66,90.00,0,-88.54,-22.82,-110.98,-inf,-99.56,-33.87,-98.17,-32.47,-65.72,21.66,-101.86,-36.17,-110.43,-inf
4059,5087.38,5766.50,2,4,-66.80,20.63,90.00,0,-88.47,-21.68,-110.66,-inf,-99.26,-32.49,-99.93,-33.17,-66.80,20.63,-103.12,-36.36,-108.01,-41.25
4060,5087.12,5766.50,2,4,-66.10,20.00,90.00,0,-87.01,-20.92,-109.49,-43.44,-97.88,-31.82,-100.90,-34.85,-66.10,20.00,-100.41,-34.35,-108.11,-42.06
4061,5086.88,5766.50,2,4,-67.15,17.28,90.00,0,-85.15,-18.01,-108.86,-41.79,-97.66,-30.58,-99.75,-32.68,-67.15,17.28,-98.35,-31.27,-108.22,-41.15
4062,5086.62,5766.50,2,4,-68.24,15.89,90.00,0,-84.93,-16.71,-108.90,-40.77,-98.85,-30.72,-101.18,-33.05,-68.24,15.89,-95.04,-26.91,-108.17,-40.04
4063,5086.38,5766.50,2,4,-68.41,14.96,90.00,0,-84.17,-15.77,-109.95,-41.67,-97.61,-29.33,-104.52,-36.24,-68.41,14.96,-93.64,-25.35,-108.97,-40.69
4064,5086.12,5766.50,2,4,-68.88,15.33,90.00,0,-84.91,-16.05,-109.34,-40.59,-100.23,-31.48,-102.36,-33.61,-68.88,15.33,-95.33,-26.57,-108.51,-39.75
4065,5085.88,5766.50,2,4,-70.14,13.49,90.00,0,-84.52,-14.41,-109.21,-39.26,-99.79,-29.83,-99.95,-29.99,-70.14,13.49,-93.25,-23.28,-109.54,-39.58
4066,5085.62,5766.50,2,4,-69.94,11.26,90.00,0,-81.81,-11.91,-107.46,-37.84,-98.44,-28.81,-99.98,-30.36,-69.94,11.26,-92.13,-22.48,-108.78,-39.16
4067,5085.38,5766.50,2,4,-69.34,12.41,90.00,0,-82.41,-13.11,-106.96,-37.86,-98.38,-29.28,-100.30,-31.19,-69.34,12.41,-92.35,-23.23,-110.75,-inf
4068,5085.12,5766.50,2,4,-69.64,13.62,90.00,0,-83.96,-14.34,-105.16,-35.70,-97.63,-28.17,-102.96,-33.50,-69.64,13.62,-94.63,-25.16,-111.18,-inf
4069,5084.88,5766.50,2,4,-70.61,11.62,90.00,0,-82.76,-12.18,-105.05,-34.73,-97.29,-26.95,-100.97,-30.64,-70.61,11.62,-95.38,-25.04,-110.95,-inf
4070,5084.62,5766.50,2,4,-72.97,11.06,90.00,0,-84.91,-12.01,-104.11,-31.47,-99.71,-27.06,-99.36,-26.71,-72.97,11.06,-94.31,-21.64,-113.28,-inf
4071,5084.38,5766.50,2,4,-74.13,9.69,90.00,0,-84.49,-10.42,-102.92,-29.23,-99.44,-25.74,-99.63,-25.93,-74.13,9.69,-96.67,-22.96,-112.35,-inf
4072,5084.12,5766.50,2,4,-73.51,11.94,90.00,0,-86.40,-12.94,-102.85,-29.61,-102.65,-29.40,-96.37,-23.11,-73.51,11.94,-99.08,-25.83,-113.14,-inf
4073,5083.88,5766.50,2,4,-75.47,10.97,90.00,0,-87.64,-12.26,-103.32,-28.18,-103.04,-27.90,-95.80,-20.63,-75.47,10.97,-100.39,-25.25,-112.62,-inf
4074,5083.62,5766.50,2,4,-76.83,9.59,90.00,0,-87.70,-10.99,-104.12,-27.74,-100.47,-24.08,-95.68,-19.25,-76.83,9.59,-100.81,-24.42,-112.27,-inf
4075,5083.38,5766.50,2,4,-77.11,9.86,90.00,0,-88.27,-11.28,-103.08,-26.39,-99.33,-22.63,-98.05,-21.33,-77.11,9.86,-100.01,-23.30,-110.89,-inf
4076,5083.12,5766.50,2,4,-78.43,8.42,90.00,0,-88.62,-10.40,-105.78,-27.93,-96.01,-18.10,-96.51,-18.61,-78.43,8.42,-100.88,-23.02,-109.21,-31.36
4077,5082.88,5766.50,2,4,-78.32,7.60,90.00,0,-87.20,-9.07,-104.80,-27.17,-95.41,-17.71,-99.05,-21.39,-78.32,7.60,-100.10,-22.45,-108.66,-31.03
4078,5082.62,5766.50,2,4,-74.78,10.94,90.00,0,-87.19,-12.51,-104.89,-30.44,-94.46,-19.97,-98.01,-23.54,-74.78,10.94,-100.24,-25.79,-106.18,-31.73
4079,5082.38,5766.50,2,4,-74.14,12.81,90.00,0,-89.12,-15.07,-106.31,-32.39,-94.07,-20.12,-98.96,-25.03,-74.14,12.81,-99.11,-25.18,-105.31,-31.39
4080,5082.12,5766.50,2,4,-72.65,15.25,90.00,0,-91.95,-19.38,-104.61,-32.08,-92.16,-19.59,-99.26,-26.72,-72.65,15.25,-100.39,-27.85,-105.04,-32.51
4081,5081.88,5766.50,2,4,-71.32,16.62,90.00,0,-91.42,-20.15,-102.83,-31.60,-93.92,-22.67,-96.57,-25.33,-71.32,16.62,-101.09,-29.86,-105.41,-34.18
4082,5081.62,5766.50,2,4,-70.40,18.46,90.00,0,-93.00,-22.64,-103.20,-32.86,-94.50,-24.15,-98.10,-27.75,-70.40,18.46,-99.47,-29.12,-105.55,-35.20
4083,5081.38,5766.50,2,4,-65.73,22.33,90.00,0,-91.69,-25.98,-103.56,-37.86,-93.28,-27.57,-98.51,-32.80,-65.73,22.33,-99.27,-33.57,-108.96,-43.26
4084,5081.12,5766.50,2,4,-65.05,21.97,90.00,0,-90.78,-25.75,-101.48,-36.47,-91.34,-26.31,-99.81,-34.79,-65.05,21.97,-98.91,-33.89,-108.78,-43.76
4085,5080.88,5766.50,2,4,-65.03,22.69,90.00,0,-93.23,-28.21,-101.26,-36.24,-91.02,-26.00,-100.49,-35.48,-65.03,22.69,-98.56,-33.55,-107.45,-42.44
4086,5080.62,5766.50,2,4,-64.40,23.25,90.00,0,-94.99,-30.61,-99.84,-35.46,-90.45,-26.06,-99.54,-35.16,-64.40,23.25,-97.78,-33.41,-107.26,-42.88
4087,5080.38,5766.50,2,4,-64.77,23.36,90.00,0,-96.58,-31.83,-97.67,-32.92,-91.80,-27.04,-98.34,-33.58,-64.77,23.36,-96.50,-31.74,-108.13,-43.38
4088,5080.12,5766.50,2,4,-63.04,24.20,90.00,0,-95.33,-32.31,-95.92,-32.90,-90.72,-27.70,-98.86,-35.84,-63.04,24.20,-96.08,-33.06,-107.86,-44.85
4089,5079.88,5766.50,2,4,-62.83,24.29,90.00,0,-93.91,-31.09,-96.32,-33.50,-90.99,-28.17,-99.01,-36.19,-62.83,24.29,-95.75,-32.93,-109.21,-46.40
4090,5079.62,5766.50,2,4,-62.20,25.37,90.00,0,-93.29,-31.10,-98.33,-36.14,-91.56,-29.37,-100.34,-38.15,-62.20,25.37,-96.42,-34.23,-108.02,-45.83
4091,5079.38,5766.50,2,4,-60.51,27.25,90.00,0,-93.38,-32.88,-95.38,-34.88,-93.48,-32.98,-100.59,-40.09,-60.51,27.25,-95.56,-35.06,-109.27,-48.77
4092,5079.12,5766.50,2,4,-61.79,24.87,90.00,0,-95.06,-33.28,-95.18,-33.40,-89.49,-27.71,-102.40,-40.63,-61.79,24.87,-95.83,-34.06,-112.10,-inf
4093,5078.88,5766.50,2,4,-61.43,25.34,90.00,0,-96.99,-35.57,-96.69,-35.28,-88.56,-27.13,-104.75,-43.34,-61.43,25.34,-97.86,-36.44,-111.90,-inf
4094,5078.62,5766.50,2,4,-60.54,26.08,90.00,0,-97.38,-36.85,-96.74,-36.21,-88.41,-27.87,-103.30,-42.77,-60.54,26.08,-97.47,-36.94,-109.20,-48.67
4095,5078.38,5766.50,2,4,-58.25,28.34,90.00,0,-98.94,-40.70,-94.18,-35.94,-88.68,-30.43,-102.90,-44.65,-58.25,28.34,-97.60,-39.36,-110.66,-inf
4096,5078.12,5766.50,2,4,-57.99,29.48,90.00,0,-98.10,-40.11,-95.71,-37.73,-89.78,-31.80,-102.90,-44.91,-57.99,29.48,-97.79,-39.81,-110.07,-inf
4097,5077.88,5766.50,2,4,-59.86,25.63,90.00,0,-98.68,-38.84,-96.02,-36.17,-87.00,-27.14,-102.28,-42.43,-59.86,25.63,-95.42,-35.58,-111.00,-inf
4098,5077.62,5766.50,2,4,-59.02,26.73,90.00,0,-98.74,-39.73,-98.79,-39.78,-87.26,-28.25,-100.74,-41.73,-59.02,26.73,-94.91,-35.90,-109.21,-50.20
4099,5077.38,5766.50,2,4,-59.07,28.21,90.00,0,-99.60,-40.54,-100.21,-41.14,-89.58,-30.51,-101.56,-42.50,-59.07,28.21,-94.23,-35.16,-107.83,-48.76
4100,5077.12,5766.50,2,4,-58.54,28.52,90.00,0,-99.72,-41.19,-101.15,-42.62,-90.14,-31.60,-100.47,-41.94,-58.54,28.52,-92.16,-33.62,-107.17,-48.64
4101,5076.88,5766.50,2,4,-62.36,24.88,90.00,0,-100.74,-38.38,-100.02,-37.67,-89.82,-27.46,-99.42,-37.07,-62.36,24.88,-93.78,-31.42,-105.59,-43.24
4102,5076.62,5766.50,2,4,-62.01,23.15,90.00,0,-99.64,-37.65,-99.01,-37.01,-86.55,-24.54,-98.52,-36.53,-62.01,23.15,-94.98,-32.99,-104.30,-42.30
4103,5076.38,5766.50,2,4,-62.14,24.24,90.00,0,-96.90,-34.78,-98.73,-36.61,-88.65,-26.52,-100.58,-38.46,-62.14,24.24,-94.26,-32.13,-104.26,-42.14
4104,5076.12,5766.50,2,4,-62.01,23.70,90.00,0,-95.03,-33.03,-96.31,-34.31,-88.34,-26.34,-100.80,-38.80,-62.01,23.70,-93.65,-31.65,-102.83,-40.84
4105,5075.88,5766.50,2,4,-63.36,23.49,90.00,0,-95.75,-32.41,-96.58,-33.24,-90.87,-27.53,-101.04,-37.70,-63.36,23.49,-92.74,-29.40,-102.81,-39.47
4106,5075.62,5766.50,2,4,-63.54,24.37,90.00,0,-97.16,-33.64,-95.82,-32.30,-93.17,-29.65,-102.13,-38.60,-63.54,24.37,-93.53,-30.01,-100.96,-37.44
4107,5075.38,5766.50,2,4,-61.33,25.44,90.00,0,-98.54,-37.22,-94.77,-33.45,-89.64,-28.31,-104.23,-42.91,-61.33,25.44,-94.94,-33.62,-100.60,-39.28
4108,5075.12,5766.50,2,4,-62.27,24.19,90.00,0,-98.79,-36.53,-95.94,-33.68,-89.21,-26.95,-105.52,-43.26,-62.27,24.19,-93.48,-31.23,-100.17,-37.92
4109,5074.88,5766.50,2,4,-61.90,24.99,90.00,0,-99.23,-37.35,-93.21,-31.32,-90.06,-28.17,-105.23,-43.34,-61.90,24.99,-96.23,-34.35,-100.33,-38.44
4110,5074.62,5766.50,2,4,-62.60,25.41,90.00,0,-99.07,-36.47,-96.34,-33.74,-91.06,-28.46,-105.93,-43.34,-62.60,25.41,-96.31,-33.72,-100.96,-38.36
4111,5074.38,5766.50,2,4,-61.60,25.85,90.00,0,-98.22,-36.63,-98.59,-37.00,-89.64,-28.04,-104.51,-42.92,-61.60,25.85,-96.66,-35.07,-101.60,-40.01
4112,5074.12,5766.50,2,4,-57.98,29.71,90.00,0,-97.56,-39.59,-99.88,-41.90,-89.93,-31.95,-105.21,-47.23,-57.98,29.71,-97.24,-39.26,-100.59,-42.61
4113,5073.88,5766.50,2,4,-58.75,27.86,90.00,0,-94.47,-35.73,-103.34,-44.60,-88.59,-29.85,-104.19,-45.45,-58.75,27.86,-98.62,-39.88,-99.05,-40.31
4114,5073.62,5766.50,2,4,-60.80,25.22,90.00,0,-93.07,-32.28,-103.11,-42.32,-88.10,-27.31,-101.70,-40.91,-60.80,25.22,-98.84,-38.05,-99.39,-38.60
4115,5073.38,5766.50,2,4,-61.37,23.81,90.00,0,-92.76,-31.40,-105.22,-43.87,-86.89,-25.53,-101.09,-39.74,-61.37,23.81,-97.85,-36.50,-100.55,-39.20
4116,5073.12,5766.50,2,4,-63.78,20.85,90.00,0,-93.22,-29.48,-106.77,-43.02,-85.98,-22.21,-100.83,-37.08,-63.78,20.85,-97.92,-34.18,-100.96,-37.22
4117,5072.88,5766.50,2,4,-67.31,18.23,90.00,0,-94.92,-27.67,-107.40,-40.15,-86.85,-19.55,-102.30,-35.05,-67.31,18.23,-98.49,-31.24,-100.83,-33.58
4118,5072.62,5766.50,2,4,-65.53,20.37,90.00,0,-94.76,-29.26,-103.83,-38.34,-87.79,-22.27,-105.00,-39.50,-65.53,20.37,-95.51,-30.01,-99.22,-33.72
4119,5072.38,5766.50,2,4,-64.08,22.14,90.00,0,-92.83,-28.77,-105.51,-41.45,-90.08,-26.01,-101.86,-37.80,-64.08,22.14,-92.55,-28.49,-98.73,-34.67
4120,5072.12,5766.50,2,4,-62.01,24.64,90.00,0,-96.21,-34.21,-104.35,-42.35,-90.07,-28.07,-101.54,-39.55,-62.01,24.64,-92.12,-30.12,-99.20,-37.21
4121,5071.88,5766.50,2,4,-61.22,25.73,90.00,0,-96.85,-35.64,-102.72,-41.51,-89.73,-28.51,-101.36,-40.15,-61.22,25.73,-94.39,-33.18,-98.01,-36.80
4122,5071.62,5766.50,2,4,-62.26,25.45,90.00,0,-101.15,-38.89,-103.83,-41.58,-89.73,-27.47,-103.75,-41.50,-62.26,25.45,-96.67,-34.41,-98.19,-35.94
4123,5071.38,5766.50,2,4,-64.18,21.02,90.00,0,-101.46,-37.31,-102.80,-38.65,-86.21,-22.03,-103.38,-39.23,-64.18,21.02,-96.65,-32.50,-98.65,-34.50
4124,5071.12,5766.50,2,4,-63.15,23.90,90.00,0,-100.88,-37.74,-102.54,-39.40,-89.08,-25.94,-104.11,-40.98,-63.15,23.90,-95.63,-32.49,-97.32,-34.18
4125,5070.88,5766.50,2,4,-63.28,22.20,90.00,0,-100.83,-37.58,-103.54,-40.29,-86.56,-23.29,-107.81,-44.55,-63.28,22.20,-95.51,-32.25,-100.05,-36.80
4126,5070.62,5766.50,2,4,-63.77,19.59,90.00,0,-99.77,-36.05,-100.10,-36.37,-84.14,-20.38,-106.74,-43.02,-63.77,19.59,-95.12,-31.39,-98.97,-35.25
4127,5070.38,5766.50,2,4,-60.32,22.80,90.00,0,-100.10,-39.80,-101.43,-41.13,-83.92,-23.60,-108.88,-48.58,-60.32,22.80,-93.52,-33.23,-100.25,-39.95
4128,5070.12,5766.50,2,4,-63.29,22.07,90.00,0,-97.46,-34.19,-101.50,-38.23,-86.73,-23.44,-106.56,-43.29,-63.29,22.07,-95.25,-31.98,-99.46,-36.20
4129,5069.88,5766.50,2,4,-63.41,22.95,90.00,0,-99.92,-36.53,-101.57,-38.19,-87.75,-24.34,-108.21,-44.83,-63.41,22.95,-95.67,-32.28,-101.42,-38.03
4130,5069.62,5766.50,2,4,-59.10,26.35,90.00,0,-102.79,-43.70,-101.37,-42.28,-86.59,-27.49,-107.79,-48.70,-59.10,26.35,-94.73,-35.64,-100.96,-41.87
4131,5069.38,5766.50,2,4,-59.52,26.59,90.00,0,-103.56,-44.04,-101.24,-41.73,-87.43,-27.91,-108.01,-48.50,-59.52,26.59,-95.27,-35.75,-99.78,-40.27
4132,5069.12,5766.50,2,4,-58.82,27.16,90.00,0,-106.59,-47.78,-100.27,-41.45,-87.10,-28.28,-106.04,-47.23,-58.82,27.16,-96.29,-37.47,-100.09,-41.28
4133,5068.88,5766.50,2,4,-61.09,23.97,90.00,0,-108.71,-47.64,-101.98,-40.91,-85.89,-24.81,-106.79,-45.72,-61.09,23.97,-96.51,-35.43,-99.13,-38.06
4134,5068.62,5766.50,2,4,-60.72,26.06,90.00,0,-109.82,-49.10,-103.64,-42.92,-88.11,-27.39,-105.07,-44.36,-60.72,26.06,-96.75,-36.03,-97.99,-37.27
4135,5068.38,5766.50,2,4,-61.97,23.89,90.00,0,-108.56,-46.61,-102.93,-40.98,-86.96,-25.00,-107.15,-45.20,-61.97,23.89,-95.66,-33.71,-98.98,-37.04
4136,5068.12,5766.50,2,4,-60.39,24.67,90.00,0,-109.14,-48.76,-102.36,-41.98,-86.30,-25.91,-108.98,-48.60,-60.39,24.67,-93.46,-33.08,-98.64,-38.26
4137,5067.88,5766.50,2,4,-62.19,22.35,90.00,0,-108.31,-46.14,-100.36,-38.19,-85.67,-23.49,-112.51,-inf,-62.19,22.35,-93.10,-30.93,-99.58,-37.42
4138,5067.62,5766.50,2,4,-62.52,21.86,90.00,0,-105.68,-43.19,-97.30,-34.81,-85.50,-22.99,-115.20,-inf,-62.52,21.86,-93.92,-31.43,-99.51,-37.02
4139,5067.38,5766.50,2,4,-63.11,22.49,90.00,0,-108.18,-45.09,-97.68,-34.59,-87.00,-23.89,-112.12,-inf,-63.11,22.49,-94.03,-30.94,-101.18,-38.09
4140,5067.12,5766.50,2,4,-61.05,24.40,90.00,0,-108.51,-47.48,-97.03,-36.00,-86.72,-25.67,-113.41,-inf,-61.05,24.40,-94.40,-33.36,-103.29,-42.26
4141,5066.88,5766.50,2,4,-59.10,27.80,90.00,0,-107.57,-48.48,-98.20,-39.10,-88.24,-29.15,-110.90,-inf,-59.10,27.80,-96.51,-37.42,-102.95,-43.86
4142,5066.62,5766.50,2,4,-59.24,27.32,90.00,0,-108.44,-49.21,-96.34,-37.10,-88.01,-28.77,-110.71,-inf,-59.24,27.32,-96.25,-37.01,-103.95,-44.71
4143,5066.38,5766.50,2,4,-60.86,24.72,90.00,0,-107.36,-46.52,-95.26,-34.41,-86.96,-26.10,-109.88,-49.04,-60.86,24.72,-95.29,-34.44,-104.67,-43.83
4144,5066.12,5766.50,2,4,-61.14,23.84,90.00,0,-107.22,-46.10,-95.37,-34.24,-86.01,-24.87,-108.26,-47.14,-61.14,23.84,-96.98,-35.86,-103.61,-42.48
4145,5065.88,5766.50,2,4,-62.62,23.20,90.00,0,-106.20,-43.60,-97.24,-34.64,-86.79,-24.17,-110.23,-inf,-62.62,23.20,-97.47,-34.87,-104.57,-41.97
4146,5065.62,5766.50,2,4,-62.53,23.67,90.00,0,-105.61,-43.10,-98.07,-35.55,-87.26,-24.73,-109.29,-46.78,-62.53,23.67,-97.43,-34.92,-103.44,-40.92
4147,5065.38,5766.50,2,4,-62.29,25.17,90.00,0,-105.06,-42.78,-94.21,-31.93,-89.60,-27.31,-107.95,-45.67,-62.29,25.17,-98.47,-36.19,-105.41,-43.13
4148,5065.12,5766.50,2,4,-62.01,25.73,90.00,0,-107.16,-45.16,-94.22,-32.22,-89.85,-27.85,-106.06,-44.06,-62.01,25.73,-100.41,-38.42,-104.41,-42.42
4149,5064.88,5766.50,2,4,-60.75,26.39,90.00,0,-107.40,-46.66,-92.93,-32.18,-89.54,-28.79,-104.77,-44.03,-60.75,26.39,-98.63,-37.89,-106.99,-46.25
4150,5064.62,5766.50,2,4,-63.01,24.72,90.00,0,-106.84,-43.85,-93.43,-30.43,-90.59,-27.59,-102.26,-39.27,-63.01,24.72,-98.02,-35.02,-106.65,-43.65
4151,5064.38,5766.50,2,4,-62.75,26.41,90.00,0,-105.52,-42.78,-95.93,-33.19,-91.96,-29.21,-104.06,-41.31,-62.75,26.41,-99.09,-36.34,-105.07,-42.32
4152,5064.12,5766.50,2,4,-61.28,28.19,90.00,0,-103.63,-42.36,-94.13,-32.86,-94.31,-33.03,-105.42,-44.15,-61.28,28.19,-98.00,-36.73,-103.68,-42.41
4153,5063.88,5766.50,2,4,-60.63,28.71,90.00,0,-103.46,-42.84,-93.22,-32.59,-95.79,-35.17,-104.47,-43.84,-60.63,28.71,-96.82,-36.19,-104.60,-43.97
4154,5063.62,5766.50,2,4,-58.74,29.13,90.00,0,-100.93,-42.19,-90.65,-31.92,-96.81,-38.07,-105.88,-47.14,-58.74,29.13,-95.13,-36.39,-102.93,-44.19
4155,5063.38,5766.50,2,4,-57.68,30.67,90.00,0,-100.53,-42.86,-90.11,-32.43,-99.88,-42.20,-109.12,-51.44,-57.68,30.67,-98.22,-40.55,-104.77,-47.10
4156,5063.12,5766.50,2,4,-58.37,30.75,90.00,0,-103.23,-44.86,-91.19,-32.82,-100.82,-42.46,-108.74,-50.38,-58.37,30.75,-97.17,-38.80,-105.38,-47.02
4157,5062.88,5766.50,2,4,-56.59,29.53,90.00,0,-103.67,-47.08,-86.83,-30.24,-101.44,-44.85,-106.78,-50.20,-56.59,29.53,-100.11,-43.52,-104.29,-47.70
4158,5062.62,5766.50,2,4,-58.55,27.25,90.00,0,-104.28,-45.73,-86.56,-28.01,-99.38,-40.84,-104.12,-45.58,-58.55,27.25,-99.86,-41.31,-105.39,-46.85
4159,5062.38,5766.50,2,4,-58.96,27.19,90.00,0,-102.47,-43.52,-87.01,-28.05,-100.32,-41.37,-104.62,-45.67,-58.96,27.19,-99.51,-40.56,-104.15,-45.20
4160,5062.12,5766.50,2,4,-61.05,25.42,90.00,0,-101.99,-40.95,-87.28,-26.23,-102.26,-41.22,-105.68,-44.64,-61.05,25.42,-100.55,-39.51,-103.27,-42.23
4161,5061.88,5766.50,2,4,-61.31,23.51,90.00,0,-102.54,-41.24,-85.33,-24.02,-104.04,-42.75,-105.03,-43.73,-61.31,23.51,-101.34,-40.04,-102.26,-40.97
4162,5061.62,5766.50,2,4,-61.45,23.90,90.00,0,-102.61,-41.18,-85.99,-24.54,-105.88,-44.45,-104.76,-43.32,-61.45,23.90,-99.30,-37.87,-101.91,-40.48
4163,5061.38,5766.50,2,4,-59.16,27.82,90.00,0,-104.32,-45.17,-87.86,-28.70,-105.09,-45.94,-105.45,-46.30,-59.16,27.82,-100.58,-41.43,-100.69,-41.54
4164,5061.12,5766.50,2,4,-57.91,28.38,90.00,0,-104.08,-46.18,-87.15,-29.24,-103.32,-45.41,-105.76,-47.85,-57.91,28.38,-102.22,-44.31,-98.28,-40.37
4165,5060.88,5766.50,2,4,-58.09,26.17,90.00,0,-106.65,-48.57,-84.83,-26.74,-98.96,-40.88,-106.27,-48.19,-58.09,26.17,-103.06,-44.98,-98.66,-40.58
4166,5060.62,5766.50,2,4,-58.74,24.38,90.00,0,-107.22,-48.49,-83.71,-24.97,-99.32,-40.59,-106.09,-47.37,-58.74,24.38,-101.40,-42.67,-95.44,-36.71
4167,5060.38,5766.50,2,4,-56.46,24.86,90.00,0,-105.43,-48.98,-81.77,-25.31,-98.12,-41.68,-106.31,-49.86,-56.46,24.86,-98.58,-42.13,-95.74,-39.30
4168,5060.12,5766.50,2,4,-59.95,22.09,90.00,0,-107.04,-47.11,-82.46,-22.51,-100.45,-40.52,-106.15,-46.23,-59.95,22.09,-98.67,-38.74,-96.69,-36.77
4169,5059.88,5766.50,2,4,-58.62,23.95,90.00,0,-107.71,-49.12,-82.97,-24.36,-103.93,-45.33,-106.29,-47.69,-58.62,23.95,-97.35,-38.75,-98.86,-40.26
4170,5059.62,5766.50,2,4,-61.11,21.96,90.00,0,-109.82,-48.73,-83.49,-22.38,-104.30,-43.21,-107.52,-46.43,-61.11,21.96,-97.83,-36.75,-99.10,-38.01
4171,5059.38,5766.50,2,4,-60.73,20.65,90.00,0,-109.98,-49.29,-81.64,-20.91,-105.22,-44.52,-106.29,-45.59,-60.73,20.65,-101.09,-40.40,-97.70,-37.01
4172,5059.12,5766.50,2,4,-61.16,22.31,90.00,0,-113.93,-inf,-83.80,-22.65,-104.17,-43.04,-106.68,-45.55,-61.16,22.31,-101.46,-40.33,-100.06,-38.93
4173,5058.88,5766.50,2,4,-59.61,24.78,90.00,0,-115.59,-inf,-84.84,-25.23,-104.51,-44.91,-106.47,-46.87,-59.61,24.78,-102.24,-42.64,-98.68,-39.08
4174,5058.62,5766.50,2,4,-62.26,22.41,90.00,0,-117.84,-inf,-85.11,-22.85,-104.30,-42.06,-106.74,-44.50,-62.26,22.41,-104.07,-41.83,-98.89,-36.65
4175,5058.38,5766.50,2,4,-61.59,22.13,90.00,0,-117.82,-inf,-84.05,-22.47,-105.37,-43.81,-104.16,-42.60,-61.59,22.13,-103.95,-42.39,-99.92,-38.36
4176,5058.12,5766.50,2,4,-62.30,19.73,90.00,0,-117.70,-inf,-82.32,-20.02,-103.27,-41.02,-101.85,-39.60,-62.30,19.73,-100.79,-38.54,-99.59,-37.34
4177,5057.88,5766.50,2,4,-61.52,21.07,90.00,0,-117.05,-inf,-82.93,-21.42,-103.33,-41.85,-102.36,-40.88,-61.52,21.07,-99.56,-38.07,-99.66,-38.17
4178,5057.62,5766.50,2,4,-63.15,18.20,90.00,0,-114.26,-inf,-81.63,-18.48,-100.94,-37.86,-102.12,-39.04,-63.15,18.20,-98.26,-35.18,-101.87,-38.79
4179,5057.38,5766.50,2,4,-59.80,21.71,90.00,0,-112.13,-inf,-81.83,-22.03,-100.68,-40.91,-100.96,-41.19,-59.80,21.71,-97.38,-37.61,-102.33,-42.56
4180,5057.12,5766.50,2,4,-57.77,21.08,90.00,0,-111.41,-inf,-79.00,-21.23,-98.79,-41.06,-102.28,-44.55,-57.77,21.08,-100.36,-42.63,-101.84,-44.11
4181,5056.88,5766.50,2,4,-57.82,22.24,90.00,0,-109.46,-51.66,-80.28,-22.46,-99.05,-41.26,-101.89,-44.09,-57.82,22.24,-98.98,-41.18,-101.95,-44.15
4182,5056.62,5766.50,2,4,-61.14,18.18,90.00,0,-106.21,-45.14,-79.51,-18.38,-98.59,-37.52,-102.07,-40.99,-61.14,18.18,-101.04,-39.96,-99.90,-38.83
4183,5056.38,5766.50,2,4,-60.80,16.80,90.00,0,-106.24,-45.53,-77.72,-16.92,-100.06,-39.35,-100.00,-39.29,-60.80,16.80,-101.94,-41.23,-100.89,-40.18
4184,5056.12,5766.50,2,4,-59.85,17.88,90.00,0,-103.49,-43.71,-77.85,-18.00,-101.72,-41.93,-103.57,-43.78,-59.85,17.88,-101.14,-41.36,-98.64,-38.86
4185,5055.88,5766.50,2,4,-59.94,17.00,90.00,0,-103.10,-43.25,-77.05,-17.11,-100.49,-40.64,-105.84,-45.99,-59.94,17.00,-101.54,-41.69,-98.61,-38.75
4186,5055.62,5766.50,2,4,-57.71,16.36,90.00,0,-102.19,-44.58,-74.11,-16.40,-100.51,-42.90,-105.46,-47.85,-57.71,16.36,-102.24,-44.63,-101.13,-43.52
4187,5055.38,5766.50,2,4,-58.85,14.96,90.00,0,-98.31,-39.60,-73.86,-15.01,-100.56,-41.85,-105.78,-47.07,-58.85,14.96,-104.04,-45.33,-101.20,-42.49
4188,5055.12,5766.50,2,4,-59.88,12.82,90.00,0,-96.10,-36.44,-72.74,-12.87,-100.70,-41.05,-106.51,-46.86,-59.88,12.82,-102.27,-42.62,-101.84,-42.19
4189,5054.88,5766.50,2,4,-58.50,13.81,90.00,0,-96.12,-37.80,-72.36,-13.86,-102.00,-43.68,-105.21,-46.89,-58.50,13.81,-100.40,-42.08,-102.20,-43.88
4190,5054.62,5766.50,2,4,-58.27,15.28,90.00,0,-93.29,-35.14,-73.63,-15.36,-104.52,-46.37,-104.62,-46.47,-58.27,15.28,-102.50,-44.36,-103.65,-45.51
4191,5054.38,5766.50,2,4,-57.07,16.73,90.00,0,-88.29,-31.31,-73.99,-16.93,-103.30,-46.33,-103.13,-46.16,-57.07,16.73,-101.08,-44.10,-103.28,-46.31
4192,5054.12,5766.50,2,4,-58.16,14.92,90.00,0,-89.78,-31.75,-73.20,-15.04,-101.47,-43.45,-106.92,-48.90,-58.16,14.92,-100.87,-42.85,-103.03,-45.01
4193,5053.88,5766.50,2,4,-56.59,16.57,90.00,0,-92.57,-36.07,-73.25,-16.66,-97.03,-40.53,-107.88,-51.38,-56.59,16.57,-100.74,-44.24,-101.14,-44.64
4194,5053.62,5766.50,2,4,-54.65,19.31,90.00,0,-92.21,-37.61,-74.10,-19.45,-95.61,-41.01,-107.33,-52.73,-54.65,19.31,-99.96,-45.36,-98.97,-44.37
4195,5053.38,5766.50,2,4,-57.31,20.08,90.00,0,-91.22,-33.95,-77.72,-20.41,-96.55,-39.28,-107.30,-50.03,-57.31,20.08,-100.69,-43.42,-98.14,-40.87
4196,5053.12,5766.50,2,4,-55.64,20.24,90.00,0,-90.77,-35.18,-76.13,-20.50,-94.82,-39.22,-106.00,-50.41,-55.64,20.24,-104.24,-48.65,-98.02,-42.43
4197,5052.88,5766.50,2,4,-54.12,20.41,90.00,0,-91.33,-37.25,-74.69,-20.57,-96.59,-42.51,-106.93,-52.85,-54.12,20.41,-106.06,-51.98,-97.71,-43.63
4198,5052.62,5766.50,2,4,-54.19,17.86,90.00,0,-91.53,-37.41,-72.13,-17.94,-98.60,-44.48,-105.72,-51.60,-54.19,17.86,-106.08,-51.96,-96.73,-42.61
4199,5052.38,5766.50,2,4,-54.68,17.33,90.00,0,-89.93,-35.32,-72.13,-17.45,-100.26,-45.65,-104.48,-49.88,-54.68,17.33,-104.42,-49.81,-95.16,-40.55
4200,5052.12,5766.50,2,4,-55.74,16.29,90.00,0,-90.20,-34.57,-72.12,-16.39,-102.18,-46.55,-102.32,-46.68,-55.74,16.29,-103.70,-48.07,-96.55,-40.92
4201,5051.88,5766.50,2,4,-57.34,19.49,90.00,0,-91.05,-33.76,-77.11,-19.77,-102.97,-45.67,-97.93,-40.63,-57.34,19.49,-104.47,-47.17,-98.05,-40.76
4202,5051.62,5766.50,2,4,-59.17,18.66,90.00,0,-91.97,-32.86,-78.17,-19.00,-101.20,-42.09,-97.58,-38.46,-59.17,18.66,-103.50,-44.39,-96.71,-37.60
4203,5051.38,5766.50,2,4,-58.34,18.08,90.00,0,-91.59,-33.31,-76.67,-18.33,-100.45,-42.17,-98.50,-40.23,-58.34,18.08,-103.74,-45.46,-98.08,-39.80
4204,5051.12,5766.50,2,4,-61.49,15.78,90.00,0,-90.42,-29.04,-77.62,-16.14,-101.60,-40.22,-99.19,-37.81,-61.49,15.78,-103.18,-41.80,-96.73,-35.36
4205,5050.88,5766.50,2,4,-61.52,17.30,90.00,0,-89.75,-28.30,-79.39,-17.88,-102.59,-41.15,-98.21,-36.76,-61.52,17.30,-104.46,-43.02,-97.01,-35.57
4206,5050.62,5766.50,2,4,-60.47,17.45,90.00,0,-88.80,-28.40,-78.47,-18.01,-100.31,-39.92,-96.84,-36.45,-60.47,17.45,-101.58,-41.18,-98.45,-38.06
4207,5050.38,5766.50,2,4,-61.31,15.96,90.00,0,-88.79,-27.58,-77.77,-16.47,-99.26,-38.05,-95.90,-34.69,-61.31,15.96,-100.28,-39.08,-99.20,-37.99
4208,5050.12,5766.50,2,4,-58.47,20.19,90.00,0,-88.66,-30.23,-79.44,-20.98,-100.90,-42.47,-93.69,-35.25,-58.47,20.19,-98.63,-40.20,-99.09,-40.66
4209,5049.88,5766.50,2,4,-57.73,19.70,90.00,0,-90.63,-32.94,-77.87,-20.14,-101.33,-43.65,-93.80,-36.12,-57.73,19.70,-99.63,-41.94,-97.91,-40.22
4210,5049.62,5766.50,2,4,-56.50,23.66,90.00,0,-88.99,-32.50,-81.26,-24.76,-98.55,-42.07,-93.70,-37.22,-56.50,23.66,-100.78,-44.30,-98.57,-42.09
4211,5049.38,5766.50,2,4,-56.35,23.56,90.00,0,-88.86,-32.52,-81.09,-24.74,-99.17,-42.84,-92.52,-36.19,-56.35,23.56,-98.80,-42.46,-96.45,-40.12
4212,5049.12,5766.50,2,4,-54.95,23.48,90.00,0,-87.49,-32.56,-79.76,-24.81,-99.29,-44.36,-88.36,-33.43,-54.95,23.48,-97.82,-42.90,-98.22,-43.29
4213,5048.88,5766.50,2,4,-56.20,23.29,90.00,0,-88.59,-32.40,-80.88,-24.68,-101.71,-45.53,-89.50,-33.32,-56.20,23.29,-97.76,-41.57,-96.48,-40.30
4214,5048.62,5766.50,2,4,-55.89,23.84,90.00,0,-89.22,-33.35,-80.88,-24.99,-103.90,-48.02,-90.50,-34.63,-55.89,23.84,-99.15,-43.27,-99.34,-43.47
4215,5048.38,5766.50,2,4,-57.52,20.82,90.00,0,-89.17,-31.69,-79.15,-21.64,-105.44,-47.96,-90.49,-33.01,-57.52,20.82,-99.44,-41.96,-98.58,-41.10
4216,5048.12,5766.50,2,4,-57.37,21.83,90.00,0,-89.19,-31.85,-80.65,-23.29,-106.95,-49.61,-87.47,-30.13,-57.37,21.83,-97.61,-40.27,-99.20,-41.86
4217,5047.88,5766.50,2,4,-60.81,20.35,90.00,0,-91.15,-30.38,-83.14,-22.35,-105.83,-45.06,-87.86,-27.09,-60.81,20.35,-97.85,-37.08,-99.71,-38.95
4218,5047.62,5766.50,2,4,-61.16,21.83,90.00,0,-91.86,-30.73,-85.09,-23.95,-106.35,-45.22,-90.19,-29.06,-61.16,21.83,-98.60,-37.47,-102.12,-40.99
4219,5047.38,5766.50,2,4,-61.67,19.34,90.00,0,-93.84,-32.22,-81.99,-20.33,-105.70,-44.08,-90.44,-28.81,-61.67,19.34,-100.33,-38.71,-102.31,-40.70
4220,5047.12,5766.50,2,4,-59.96,19.80,90.00,0,-94.52,-34.60,-80.55,-20.60,-107.89,-47.97,-89.57,-29.65,-59.96,19.80,-98.80,-38.89,-102.16,-42.24
4221,5046.88,5766.50,2,4,-60.19,19.84,90.00,0,-93.45,-33.30,-80.75,-20.57,-108.17,-48.03,-90.93,-30.78,-60.19,19.84,-100.76,-40.62,-101.62,-41.48
4222,5046.62,5766.50,2,4,-57.53,24.67,90.00,0,-92.48,-34.97,-83.64,-26.11,-105.53,-48.01,-90.56,-33.05,-57.53,24.67,-103.30,-45.78,-101.08,-43.57
4223,5046.38,5766.50,2,4,-55.98,24.75,90.00,0,-92.55,-36.58,-81.71,-25.73,-105.99,-50.03,-90.30,-34.33,-55.98,24.75,-105.66,-49.70,-102.10,-46.13
4224,5046.12,5766.50,2,4,-53.80,26.01,90.00,0,-92.65,-38.86,-81.43,-27.63,-109.06,-55.27,-85.99,-32.19,-53.80,26.01,-107.21,-53.42,-103.54,-49.75
4225,5045.88,5766.50,2,4,-51.14,28.28,90.00,0,-93.88,-42.74,-80.42,-29.28,-110.78,-inf,-87.50,-36.36,-51.14,28.28,-107.33,-56.20,-103.42,-52.28
4226,5045.62,5766.50,2,4,-49.69,30.52,90.00,0,-93.45,-43.76,-81.76,-32.07,-112.70,-inf,-86.51,-36.82,-49.69,30.52,-107.20,-57.52,-101.57,-51.89
4227,5045.38,5766.50,2,4,-50.89,28.70,90.00,0,-93.51,-42.62,-81.49,-30.60,-113.98,-inf,-84.89,-34.00,-50.89,28.70,-104.98,-54.10,-102.25,-51.37
4228,5045.12,5766.50,2,4,-53.57,27.09,90.00,0,-92.90,-39.33,-82.93,-29.36,-115.43,-inf,-85.60,-32.03,-53.57,27.09,-102.54,-48.97,-102.41,-48.85
4229,5044.88,5766.50,2,4,-53.17,28.44,90.00,0,-94.71,-41.55,-84.00,-30.83,-117.11,-inf,-86.24,-33.07,-53.17,28.44,-102.95,-49.79,-102.76,-49.60
4230,5044.62,5766.50,2,4,-53.99,27.64,90.00,0,-94.60,-40.62,-83.72,-29.74,-117.98,-inf,-86.81,-32.83,-53.99,27.64,-104.60,-50.63,-101.43,-47.45
4231,5044.38,5766.50,2,4,-56.22,25.70,90.00,0,-94.05,-37.84,-83.74,-27.52,-117.35,-inf,-88.09,-31.88,-56.22,25.70,-103.76,-47.55,-100.15,-43.94
4232,5044.12,5766.50,2,4,-55.39,26.77,90.00,0,-95.53,-40.15,-83.47,-28.08,-117.07,-inf,-89.88,-34.49,-55.39,26.77,-103.20,-47.82,-98.92,-43.53
4233,5043.88,5766.50,2,4,-51.81,31.20,90.00,0,-97.65,-45.85,-84.23,-32.42,-118.20,-inf,-91.00,-39.19,-51.81,31.20,-102.55,-50.74,-99.83,-48.02
4234,5043.62,5766.50,2,4,-50.25,34.03,90.00,0,-97.12,-46.87,-85.81,-35.56,-118.29,-inf,-91.82,-41.57,-50.25,34.03,-103.70,-53.45,-99.31,-49.07
4235,5043.38,5766.50,2,4,-48.85,34.20,90.00,0,-99.10,-50.25,-84.82,-35.97,-115.83,-inf,-89.10,-40.24,-48.85,34.20,-104.45,-55.60,-97.78,-48.93
4236,5043.12,5766.50,2,4,-50.78,33.81,90.00,0,-97.22,-46.44,-87.13,-36.35,-113.09,-inf,-89.66,-38.88,-50.78,33.81,-107.22,-56.45,-98.14,-47.37
4237,5042.88,5766.50,2,4,-50.28,34.38,90.00,0,-96.45,-46.17,-87.29,-37.01,-113.94,-inf,-90.03,-39.75,-50.28,34.38,-103.64,-53.36,-97.29,-47.01
4238,5042.62,5766.50,2,4,-51.43,33.21,90.00,0,-97.10,-45.67,-86.61,-35.18,-115.51,-inf,-90.82,-39.39,-51.43,33.21,-102.12,-50.69,-101.36,-49.93
4239,5042.38,5766.50,2,4,-46.97,38.60,90.00,0,-99.78,-52.81,-87.95,-40.98,-115.74,-inf,-90.72,-43.75,-46.97,38.60,-103.79,-56.82,-101.24,-54.27
4240,5042.12,5766.50,2,4,-46.97,38.95,90.00,0,-99.60,-52.63,-90.12,-43.15,-116.51,-inf,-89.11,-42.15,-46.97,38.95,-101.19,-54.22,-101.35,-54.38
4241,5041.88,5766.50,2,4,-47.27,39.55,90.00,0,-97.80,-50.53,-95.72,-48.45,-112.99,-inf,-88.57,-41.30,-47.27,39.55,-100.88,-53.61,-101.32,-54.05
4242,5041.62,5766.50,2,4,-45.89,40.86,90.00,0,-100.17,-54.27,-96.49,-50.60,-112.69,-inf,-87.97,-42.08,-45.89,40.86,-102.36,-56.46,-104.23,-58.34
4243,5041.38,5766.50,2,4,-49.75,36.72,90.00,0,-98.92,-49.17,-94.18,-44.43,-111.44,-inf,-88.22,-38.46,-49.75,36.72,-99.99,-50.24,-104.74,-54.98
4244,5041.12,5766.50,2,4,-46.87,38.21,90.00,0,-100.84,-53.97,-91.81,-44.94,-112.73,-inf,-86.76,-39.89,-46.87,38.21,-100.14,-53.27,-102.58,-55.71
4245,5040.88,5766.50,2,4,-46.78,37.16,90.00,0,-102.81,-56.03,-91.66,-44.88,-114.61,-inf,-85.14,-38.36,-46.78,37.16,-100.23,-53.45,-103.70,-56.92
4246,5040.62,5766.50,2,4,-46.16,36.87,90.00,0,-100.88,-54.72,-91.09,-44.93,-112.32,-inf,-84.07,-37.91,-46.16,36.87,-101.98,-55.82,-104.92,-58.76
4247,5040.38,5766.50,2,4,-48.33,35.70,90.00,0,-101.66,-53.33,-91.80,-43.47,-110.54,-inf,-85.22,-36.89,-48.33,35.70,-102.07,-53.74,-102.57,-54.24
4248,5040.12,5766.50,2,4,-47.17,37.39,90.00,0,-103.06,-55.90,-91.75,-44.59,-109.35,-62.18,-85.98,-38.82,-47.17,37.39,-100.54,-53.37,-101.95,-54.78
4249,5039.88,5766.50,2,4,-46.49,35.63,90.00,0,-101.65,-55.16,-88.06,-41.57,-106.51,-60.03,-83.70,-37.21,-46.49,35.63,-102.99,-56.50,-101.89,-55.40
4250,5039.62,5766.50,2,4,-47.93,33.14,90.00,0,-104.93,-57.00,-89.29,-41.36,-103.44,-55.52,-81.96,-34.03,-47.93,33.14,-104.35,-56.43,-102.72,-54.79
4251,5039.38,5766.50,2,4,-47.70,31.16,90.00,0,-104.52,-56.82,-88.65,-40.95,-104.40,-56.70,-79.46,-31.75,-47.70,31.16,-101.54,-53.84,-101.60,-53.90
4252,5039.12,5766.50,2,4,-50.96,27.40,90.00,0,-103.57,-52.62,-87.79,-36.84,-102.71,-51.75,-79.01,-28.05,-50.96,27.40,-100.54,-49.58,-100.66,-49.71
4253,5038.88,5766.50,2,4,-51.52,27.66,90.00,0,-102.30,-50.79,-89.15,-37.64,-103.08,-51.57,-79.80,-28.28,-51.52,27.66,-99.71,-48.20,-100.80,-49.29
4254,5038.62,5766.50,2,4,-53.85,27.65,90.00,0,-100.73,-46.89,-90.15,-36.30,-101.44,-47.59,-82.46,-28.61,-53.85,27.65,-100.12,-46.28,-101.62,-47.77
4255,5038.38,5766.50,2,4,-53.13,28.13,90.00,0,-99.64,-46.52,-92.94,-39.81,-101.59,-48.46,-81.89,-28.76,-53.13,28.13,-98.15,-45.02,-102.41,-49.28
4256,5038.12,5766.50,2,4,-55.47,27.91,90.00,0,-100.95,-45.49,-95.39,-39.93,-103.51,-48.05,-84.10,-28.63,-55.47,27.91,-99.87,-44.41,-100.91,-45.46
4257,5037.88,5766.50,2,4,-54.93,28.67,90.00,0,-100.78,-45.85,-94.45,-39.52,-104.66,-49.74,-84.37,-29.43,-54.93,28.67,-101.79,-46.86,-101.94,-47.01
4258,5037.62,5766.50,2,4,-54.80,26.96,90.00,0,-100.81,-46.01,-93.49,-38.70,-104.67,-49.88,-82.33,-27.53,-54.80,26.96,-99.71,-44.92,-103.52,-48.73
4259,5037.38,5766.50,2,4,-53.89,27.86,90.00,0,-99.55,-45.66,-92.03,-38.14,-103.69,-49.80,-82.46,-28.57,-53.89,27.86,-99.78,-45.89,-105.91,-52.02
4260,5037.12,5766.50,2,4,-53.25,29.67,90.00,0,-99.40,-46.16,-90.28,-37.03,-101.43,-48.18,-84.28,-31.03,-53.25,29.67,-99.23,-45.98,-106.39,-53.14
4261,5036.88,5766.50,2,4,-54.54,28.00,90.00,0,-98.81,-44.27,-88.67,-34.13,-100.21,-45.67,-84.20,-29.66,-54.54,28.00,-101.99,-47.45,-107.26,-52.73
4262,5036.62,5766.50,2,4,-53.99,29.04,90.00,0,-98.86,-44.88,-86.90,-32.92,-100.93,-46.95,-85.93,-31.94,-53.99,29.04,-102.14,-48.16,-109.75,-55.77
4263,5036.38,5766.50,2,4,-53.51,30.23,90.00,0,-100.70,-47.19,-87.35,-33.84,-102.71,-49.20,-86.85,-33.34,-53.51,30.23,-101.86,-48.35,-108.50,-54.99
4264,5036.12,5766.50,2,4,-50.83,31.85,90.00,0,-99.63,-48.80,-90.07,-39.24,-102.48,-51.65,-83.91,-33.08,-50.83,31.85,-101.78,-50.95,-109.35,-58.52
4265,5035.88,5766.50,2,4,-50.89,33.03,90.00,0,-99.46,-48.57,-91.59,-40.70,-103.08,-52.19,-85.18,-34.29,-50.89,33.03,-102.70,-51.81,-108.59,-57.70
4266,5035.62,5766.50,2,4,-51.33,30.62,90.00,0,-100.25,-48.92,-93.01,-41.68,-102.46,-51.13,-82.57,-31.24,-51.33,30.62,-100.99,-49.66,-109.09,-57.76
4267,5035.38,5766.50,2,4,-49.69,31.75,90.00,0,-99.87,-50.18,-91.92,-42.23,-102.09,-52.40,-82.07,-32.38,-49.69,31.75,-103.75,-54.06,-108.59,-58.90
4268,5035.12,5766.50,2,4,-49.89,30.03,90.00,0,-101.96,-52.07,-90.18,-40.29,-100.83,-50.94,-80.49,-30.60,-49.89,30.03,-103.73,-53.85,-108.43,-58.55
4269,5034.88,5766.50,2,4,-52.44,27.25,90.00,0,-101.59,-49.16,-88.75,-36.32,-104.44,-52.00,-80.39,-27.95,-52.44,27.25,-103.05,-50.61,-109.53,-57.10
4270,5034.62,5766.50,2,4,-49.29,32.40,90.00,0,-100.06,-50.77,-89.09,-39.80,-104.85,-55.55,-82.85,-33.55,-49.29,32.40,-99.70,-50.41,-108.85,-59.56
4271,5034.38,5766.50,2,4,-50.44,32.33,90.00,0,-99.48,-49.04,-88.81,-38.37,-106.28,-55.85,-84.37,-33.94,-50.44,32.33,-101.37,-50.93,-109.63,-59.20
4272,5034.12,5766.50,2,4,-48.05,34.03,90.00,0,-98.91,-50.87,-89.10,-41.06,-106.62,-58.58,-83.30,-35.25,-48.05,34.03,-103.64,-55.59,-111.63,-inf
4273,5033.88,5766.50,2,4,-46.68,36.65,90.00,0,-97.15,-50.47,-87.64,-40.96,-107.22,-60.54,-85.92,-39.24,-46.68,36.65,-102.52,-55.84,-112.40,-inf
4274,5033.62,5766.50,2,4,-47.90,35.29,90.00,0,-96.05,-48.15,-89.16,-41.25,-111.06,-inf,-85.01,-37.11,-47.90,35.29,-101.98,-54.08,-108.76,-60.86
4275,5033.38,5766.50,2,4,-48.82,34.18,90.00,0,-94.86,-46.05,-86.59,-37.77,-112.23,-inf,-86.36,-37.54,-48.82,34.18,-101.27,-52.45,-108.51,-59.69
4276,5033.12,5766.50,2,4,-48.41,33.92,90.00,0,-94.97,-46.57,-86.41,-38.01,-111.26,-inf,-85.16,-36.76,-48.41,33.92,-101.02,-52.61,-106.79,-58.38
4277,5032.88,5766.50,2,4,-49.93,32.73,90.00,0,-97.30,-47.37,-84.93,-35.00,-111.06,-inf,-87.33,-37.40,-49.93,32.73,-103.70,-53.77,-106.44,-56.50
4278,5032.62,5766.50,2,4,-48.59,34.30,90.00,0,-100.27,-51.69,-85.52,-36.94,-110.74,-inf,-86.83,-38.25,-48.59,34.30,-105.09,-56.50,-103.03,-54.45
4279,5032.38,5766.50,2,4,-49.05,33.45,90.00,0,-101.26,-52.21,-84.48,-35.44,-109.51,-60.47,-87.52,-38.47,-49.05,33.45,-103.21,-54.16,-102.26,-53.21
4280,5032.12,5766.50,2,4,-47.71,34.38,90.00,0,-100.25,-52.53,-84.25,-36.53,-109.59,-61.88,-86.85,-39.14,-47.71,34.38,-102.34,-54.63,-100.66,-52.95
4281,5031.88,5766.50,2,4,-44.91,34.99,90.00,0,-98.97,-54.06,-81.88,-36.96,-109.89,-64.98,-84.86,-39.94,-44.91,34.99,-100.87,-55.96,-98.43,-53.52
4282,5031.62,5766.50,2,4,-45.79,35.19,90.00,0,-97.73,-51.95,-83.50,-37.72,-107.88,-62.10,-85.15,-39.36,-45.79,35.19,-102.64,-56.85,-99.18,-53.39
4283,5031.38,5766.50,2,4,-45.26,38.62,90.00,0,-99.59,-54.33,-88.04,-42.78,-107.36,-62.10,-86.84,-41.57,-45.26,38.62,-101.16,-55.90,-98.51,-53.25
4284,5031.12,5766.50,2,4,-43.87,39.48,90.00,0,-100.49,-56.61,-86.49,-42.62,-105.86,-61.98,-87.11,-43.23,-43.87,39.48,-101.50,-57.63,-98.29,-54.41
4285,5030.88,5766.50,2,4,-41.10,41.35,90.00,0,-101.30,-60.20,-87.00,-45.90,-108.53,-67.43,-84.92,-43.82,-41.10,41.35,-100.72,-59.62,-96.94,-55.84
4286,5030.62,5766.50,2,4,-39.60,42.50,90.00,0,-104.70,-65.10,-86.76,-47.17,-109.02,-69.42,-84.44,-44.84,-39.60,42.50,-100.41,-60.82,-96.37,-56.77
4287,5030.38,5766.50,2,4,-40.96,41.88,90.00,0,-105.79,-64.83,-87.10,-46.14,-110.48,-inf,-85.44,-44.48,-40.96,41.88,-98.93,-57.97,-98.51,-57.55
4288,5030.12,5766.50,2,4,-42.96,38.45,90.00,0,-103.00,-60.04,-84.27,-41.31,-110.46,-inf,-85.21,-42.25,-42.96,38.45,-99.46,-56.50,-96.62,-53.66
4289,5029.88,5766.50,2,4,-42.12,39.39,90.00,0,-102.65,-60.53,-84.72,-42.61,-109.26,-67.14,-84.93,-42.82,-42.12,39.39,-100.45,-58.34,-96.39,-54.28
4290,5029.62,5766.50,2,4,-41.86,37.67,90.00,0,-102.70,-60.84,-82.07,-40.21,-108.10,-66.25,-83.67,-41.81,-41.86,37.67,-99.67,-57.81,-94.43,-52.58
4291,5029.38,5766.50,2,4,-42.44,36.10,90.00,0,-105.15,-62.71,-80.55,-38.12,-106.78,-64.34,-83.46,-41.02,-42.44,36.10,-99.63,-57.19,-93.55,-51.11
4292,5029.12,5766.50,2,4,-43.01,36.19,90.00,0,-107.83,-64.81,-81.19,-38.18,-106.86,-63.85,-84.22,-41.21,-43.01,36.19,-97.42,-54.41,-95.28,-52.26
4293,5028.88,5766.50,2,4,-43.26,35.87,90.00,0,-107.62,-64.36,-80.36,-37.10,-109.79,-66.53,-86.21,-42.95,-43.26,35.87,-98.25,-54.99,-94.46,-51.20
4294,5028.62,5766.50,2,4,-45.08,32.42,90.00,0,-106.73,-61.66,-78.32,-33.24,-108.79,-63.72,-86.23,-41.15,-45.08,32.42,-97.87,-52.80,-94.17,-49.09
4295,5028.38,5766.50,2,4,-47.42,31.85,90.00,0,-105.55,-58.13,-80.61,-33.18,-106.65,-59.23,-86.04,-38.61,-47.42,31.85,-96.96,-49.54,-95.53,-48.11
4296,5028.12,5766.50,2,4,-49.01,30.00,90.00,0,-103.65,-54.64,-79.94,-30.93,-104.76,-55.76,-87.83,-38.82,-49.01,30.00,-96.21,-47.20,-94.68,-45.68
4297,5027.88,5766.50,2,4,-48.96,27.76,90.00,0,-100.50,-51.55,-77.20,-28.25,-105.85,-56.90,-87.66,-38.71,-48.96,27.76,-98.92,-49.97,-96.94,-47.99
4298,5027.62,5766.50,2,4,-49.14,25.51,90.00,0,-101.59,-52.47,-74.95,-25.81,-106.55,-57.42,-87.34,-38.21,-49.14,25.51,-101.29,-52.17,-97.33,-48.21
4299,5027.38,5766.50,2,4,-49.02,26.26,90.00,0,-100.72,-51.70,-75.62,-26.60,-105.32,-56.30,-87.87,-38.86,-49.02,26.26,-100.23,-51.22,-95.90,-46.89
4300,5027.12,5766.50,2,4,-51.47,23.06,90.00,0,-100.14,-48.69,-74.72,-23.25,-107.25,-55.80,-90.39,-38.94,-51.47,23.06,-101.51,-50.06,-96.13,-44.68
4301,5026.88,5766.50,2,4,-50.97,22.88,90.00,0,-98.51,-47.56,-73.96,-22.99,-105.18,-54.23,-92.73,-41.79,-50.97,22.88,-102.38,-51.44,-98.57,-47.63
4302,5026.62,5766.50,2,4,-52.48,22.37,90.00,0,-100.67,-48.21,-74.99,-22.51,-106.71,-54.25,-92.40,-39.95,-52.48,22.37,-103.22,-50.77,-96.85,-44.39
4303,5026.38,5766.50,2,4,-51.08,22.59,90.00,0,-102.64,-51.59,-73.77,-22.70,-102.02,-50.97,-91.47,-40.42,-51.08,22.59,-105.08,-54.03,-98.64,-47.58
4304,5026.12,5766.50,2,4,-51.30,24.03,90.00,0,-104.46,-53.17,-75.44,-24.14,-101.81,-50.52,-94.81,-43.52,-51.30,24.03,-106.49,-55.20,-97.68,-46.39
4305,5025.88,5766.50,2,4,-52.34,23.90,90.00,0,-102.42,-50.09,-76.35,-24.01,-103.73,-51.40,-95.64,-43.31,-52.34,23.90,-108.63,-56.30,-99.13,-46.80
4306,5025.62,5766.50,2,4,-49.90,26.32,90.00,0,-101.09,-51.20,-76.37,-26.47,-105.89,-56.00,-93.89,-44.00,-49.90,26.32,-110.87,-inf,-96.97,-47.08
4307,5025.38,5766.50,2,4,-52.91,22.71,90.00,0,-102.43,-49.54,-75.76,-22.84,-103.78,-50.89,-93.28,-40.39,-52.91,22.71,-111.48,-inf,-98.07,-45.18
4308,5025.12,5766.50,2,4,-53.87,21.69,90.00,0,-105.10,-51.26,-75.71,-21.84,-107.75,-53.91,-91.68,-37.84,-53.87,21.69,-110.94,-inf,-99.20,-45.36
4309,5024.88,5766.50,2,4,-52.94,20.51,90.00,0,-105.87,-52.97,-73.55,-20.62,-106.19,-53.30,-90.63,-37.73,-52.94,20.51,-110.77,-inf,-101.58,-48.68
4310,5024.62,5766.50,2,4,-52.44,21.43,90.00,0,-104.64,-52.23,-74.02,-21.58,-103.36,-50.95,-89.55,-37.14,-52.44,21.43,-110.66,-inf,-101.14,-48.74
4311,5024.38,5766.50,2,4,-49.82,23.82,90.00,0,-102.95,-53.15,-73.77,-23.95,-104.56,-54.76,-90.00,-40.20,-49.82,23.82,-108.54,-58.74,-100.24,-50.44
4312,5024.12,5766.50,2,4,-51.00,24.00,90.00,0,-103.09,-52.10,-75.19,-24.19,-105.43,-54.44,-90.37,-39.38,-51.00,24.00,-108.27,-57.28,-97.18,-46.19
4313,5023.88,5766.50,2,4,-51.72,24.33,90.00,0,-102.63,-50.92,-76.26,-24.54,-103.17,-51.46,-91.20,-39.49,-51.72,24.33,-106.53,-54.83,-97.03,-45.32
4314,5023.62,5766.50,2,4,-53.38,22.02,90.00,0,-101.19,-47.83,-75.56,-22.18,-104.33,-50.98,-91.78,-38.43,-53.38,22.02,-107.68,-54.32,-99.41,-46.06
4315,5023.38,5766.50,2,4,-53.05,24.91,90.00,0,-104.11,-51.08,-78.37,-25.33,-105.87,-52.84,-89.33,-36.30,-53.05,24.91,-106.01,-52.97,-100.00,-46.97
4316,5023.12,5766.50,2,4,-53.03,24.02,90.00,0,-105.23,-52.22,-77.38,-24.35,-107.62,-54.61,-89.50,-36.49,-53.03,24.02,-104.32,-51.31,-98.03,-45.02
4317,5022.88,5766.50,2,4,-52.54,24.81,90.00,0,-105.49,-52.97,-77.82,-25.29,-108.90,-56.38,-88.38,-35.85,-52.54,24.81,-105.11,-52.58,-95.31,-42.78
4318,5022.62,5766.50,2,4,-53.34,23.81,90.00,0,-106.24,-52.92,-77.60,-24.27,-109.89,-56.57,-88.18,-34.86,-53.34,23.81,-104.43,-51.11,-96.45,-43.13
4319,5022.38,5766.50,2,4,-54.36,24.34,90.00,0,-105.34,-51.00,-79.33,-24.98,-109.56,-55.22,-88.49,-34.15,-54.36,24.34,-103.90,-49.55,-96.15,-41.80
4320,5022.12,5766.50,2,4,-54.64,22.15,90.00,0,-106.75,-52.14,-77.24,-22.61,-108.67,-54.06,-88.09,-33.47,-54.64,22.15,-105.27,-50.65,-94.28,-39.67
4321,5021.88,5766.50,2,4,-53.67,22.67,90.00,0,-106.47,-52.83,-76.61,-22.95,-109.17,-55.52,-90.06,-36.41,-53.67,22.67,-105.82,-52.18,-95.36,-41.72
4322,5021.62,5766.50,2,4,-54.73,20.64,90.00,0,-110.66,-inf,-75.57,-20.84,-108.96,-54.27,-90.20,-35.51,-54.73,20.64,-107.61,-52.91,-96.47,-41.77
4323,5021.38,5766.50,2,4,-53.33,22.57,90.00,0,-111.00,-inf,-76.14,-22.81,-106.60,-53.29,-90.22,-36.91,-53.33,22.57,-107.55,-54.24,-95.52,-42.21
4324,5021.12,5766.50,2,4,-55.17,23.96,90.00,0,-110.40,-inf,-79.72,-24.56,-106.29,-51.14,-89.33,-34.18,-55.17,23.96,-110.78,-inf,-95.65,-40.50
4325,5020.88,5766.50,2,4,-55.99,25.56,90.00,0,-107.83,-51.86,-82.58,-26.60,-105.82,-49.84,-89.68,-33.71,-55.99,25.56,-106.36,-50.39,-96.14,-40.16
4326,5020.62,5766.50,2,4,-57.66,24.21,90.00,0,-107.43,-49.78,-82.83,-25.17,-107.36,-49.72,-90.97,-33.32,-57.66,24.21,-106.06,-48.42,-94.77,-37.12
4327,5020.38,5766.50,2,4,-55.58,28.71,90.00,0,-107.72,-52.14,-86.58,-31.00,-104.69,-49.12,-90.01,-34.43,-55.58,28.71,-106.04,-50.46,-94.60,-39.03
4328,5020.12,5766.50,2,4,-55.66,29.72,90.00,0,-107.20,-51.54,-87.92,-32.26,-103.39,-47.74,-90.61,-34.95,-55.66,29.72,-106.58,-50.92,-96.45,-40.79
4329,5019.88,5766.50,2,4,-58.49,26.80,90.00,0,-106.81,-48.32,-88.01,-29.52,-102.28,-43.79,-89.95,-31.46,-58.49,26.80,-106.12,-47.64,-97.95,-39.47
4330,5019.62,5766.50,2,4,-59.07,27.11,90.00,0,-106.88,-47.82,-88.62,-29.55,-103.74,-44.68,-91.46,-32.39,-59.07,27.11,-107.46,-48.40,-98.68,-39.61
4331,5019.38,5766.50,2,4,-60.80,26.00,90.00,0,-105.53,-44.73,-88.92,-28.11,-102.77,-41.98,-93.21,-32.41,-60.80,26.00,-104.76,-43.97,-99.57,-38.78
4332,5019.12,5766.50,2,4,-60.25,26.05,90.00,0,-106.20,-45.96,-87.57,-27.33,-104.51,-44.28,-94.77,-34.54,-60.25,26.05,-105.61,-45.38,-101.21,-40.97
4333,5018.88,5766.50,2,4,-57.14,29.91,90.00,0,-107.10,-49.96,-88.69,-31.55,-102.18,-45.04,-94.96,-37.82,-57.14,29.91,-106.17,-49.03,-100.22,-43.08
4334,5018.62,5766.50,2,4,-59.63,26.79,90.00,0,-108.23,-48.61,-88.15,-28.53,-103.77,-44.15,-93.51,-33.89,-59.63,26.79,-105.91,-46.29,-99.16,-39.54
4335,5018.38,5766.50,2,4,-65.38,19.56,90.00,0,-109.59,-44.26,-86.10,-20.73,-104.33,-39.00,-93.40,-28.06,-65.38,19.56,-107.09,-41.76,-99.15,-33.82
4336,5018.12,5766.50,2,4,-64.88,20.86,90.00,0,-109.67,-44.82,-87.23,-22.35,-105.30,-40.45,-93.31,-28.46,-64.88,20.86,-105.45,-40.60,-98.60,-33.75
4337,5017.88,5766.50,2,4,-64.81,22.75,90.00,0,-111.06,-inf,-90.08,-25.28,-105.31,-40.53,-92.59,-27.80,-64.81,22.75,-106.06,-41.27,-101.68,-36.90
4338,5017.62,5766.50,2,4,-65.47,20.76,90.00,0,-112.98,-inf,-89.63,-24.18,-106.65,-41.22,-89.69,-24.24,-65.47,20.76,-106.18,-40.74,-101.26,-35.82
4339,5017.38,5766.50,2,4,-66.29,19.46,90.00,0,-111.42,-inf,-88.18,-21.91,-104.86,-38.63,-90.61,-24.36,-66.29,19.46,-106.59,-40.35,-99.32,-33.07
4340,5017.12,5766.50,2,4,-65.51,19.43,90.00,0,-113.14,-inf,-87.34,-21.85,-104.15,-38.69,-89.65,-24.18,-65.51,19.43,-108.03,-42.57,-99.09,-33.63
4341,5016.88,5766.50,2,4,-63.83,20.62,90.00,0,-110.79,-inf,-87.34,-23.53,-104.23,-40.44,-88.29,-24.48,-63.83,20.62,-108.45,-44.65,-99.55,-35.76
4342,5016.62,5766.50,2,4,-63.92,20.30,90.00,0,-113.31,-inf,-87.72,-23.83,-105.19,-41.32,-87.53,-23.64,-63.92,20.30,-106.60,-42.72,-97.45,-33.57
4343,5016.38,5766.50,2,4,-61.69,24.51,90.00,0,-115.00,-inf,-91.64,-29.96,-107.42,-45.74,-88.70,-27.02,-61.69,24.51,-107.44,-45.76,-96.37,-34.69
4344,5016.12,5766.50,2,4,-61.53,23.75,90.00,0,-111.94,-inf,-88.99,-27.47,-107.77,-46.26,-88.73,-27.22,-61.53,23.75,-105.08,-43.57,-96.54,-35.03
4345,5015.88,5766.50,2,4,-59.33,27.44,90.00,0,-112.46,-inf,-90.56,-31.24,-107.47,-48.14,-90.37,-31.04,-59.33,27.44,-104.36,-45.03,-98.14,-38.82
4346,5015.62,5766.50,2,4,-60.92,24.10,90.00,0,-110.95,-inf,-86.80,-25.89,-108.98,-48.07,-91.05,-30.14,-60.92,24.10,-105.02,-44.12,-99.01,-38.10
4347,5015.38,5766.50,2,4,-60.87,24.02,90.00,0,-109.01,-48.16,-86.14,-25.27,-109.16,-48.31,-92.73,-31.88,-60.87,24.02,-105.46,-44.61,-99.00,-38.15
4348,5015.12,5766.50,2,4,-59.91,27.34,90.00,0,-107.07,-47.16,-89.59,-29.68,-105.91,-46.01,-93.02,-33.11,-59.91,27.34,-106.82,-46.91,-99.31,-39.41
4349,5014.88,5766.50,2,4,-60.27,28.55,90.00,0,-108.40,-48.14,-91.91,-31.64,-105.73,-45.47,-94.67,-34.40,-60.27,28.55,-107.90,-47.63,-97.76,-37.49
4350,5014.62,5766.50,2,4,-60.70,27.20,90.00,0,-111.24,-inf,-90.31,-29.61,-104.05,-43.36,-94.23,-33.54,-60.70,27.20,-109.81,-49.12,-97.92,-37.22
4351,5014.38,5766.50,2,4,-61.67,26.50,90.00,0,-110.73,-inf,-90.48,-28.82,-106.29,-44.63,-94.60,-32.94,-61.67,26.50,-109.55,-47.89,-98.31,-36.65
4352,5014.12,5766.50,2,4,-60.02,27.79,90.00,0,-110.70,-inf,-90.00,-29.99,-105.24,-45.23,-95.03,-35.02,-60.02,27.79,-112.21,-inf,-96.69,-36.68
4353,5013.88,5766.50,2,4,-60.77,26.75,90.00,0,-110.34,-inf,-89.45,-28.68,-105.10,-44.33,-98.17,-37.40,-60.77,26.75,-113.09,-inf,-94.57,-33.80
4354,5013.62,5766.50,2,4,-59.86,27.47,90.00,0,-111.72,-inf,-89.87,-30.02,-104.40,-44.55,-96.74,-36.89,-59.86,27.47,-112.90,-inf,-93.26,-33.41
4355,5013.38,5766.50,2,4,-59.86,27.15,90.00,0,-113.70,-inf,-89.83,-29.97,-106.24,-46.39,-97.52,-37.66,-59.86,27.15,-111.12,-inf,-91.88,-32.02
4356,5013.12,5766.50,2,4,-59.40,27.90,90.00,0,-113.91,-inf,-89.38,-29.99,-105.73,-46.33,-100.21,-40.82,-59.40,27.90,-110.21,-inf,-93.12,-33.72
4357,5012.88,5766.50,2,4,-56.76,31.57,90.00,0,-112.98,-inf,-90.32,-33.56,-103.32,-46.57,-99.51,-42.76,-56.76,31.57,-109.92,-53.17,-95.68,-38.92
4358,5012.62,5766.50,2,4,-54.33,35.73,90.00,0,-113.91,-inf,-91.91,-37.58,-103.00,-48.67,-102.13,-47.80,-54.33,35.73,-109.98,-55.65,-99.17,-44.84
4359,5012.38,5766.50,2,4,-53.82,35.65,90.00,0,-116.28,-inf,-91.56,-37.74,-99.15,-45.33,-101.40,-47.58,-53.82,35.65,-109.01,-55.18,-99.07,-45.25
4360,5012.12,5766.50,2,4,-52.65,36.65,90.00,0,-115.35,-inf,-91.58,-38.93,-97.92,-45.27,-99.93,-47.28,-52.65,36.65,-109.12,-56.47,-99.85,-47.20
4361,5011.88,5766.50,2,4,-52.39,36.31,90.00,0,-115.02,-inf,-90.70,-38.31,-99.92,-47.53,-97.73,-45.34,-52.39,36.31,-108.73,-56.34,-99.43,-47.04
4362,5011.62,5766.50,2,4,-53.12,37.72,90.00,0,-114.34,-inf,-94.82,-41.70,-100.49,-47.36,-96.95,-43.83,-53.12,37.72,-106.53,-53.41,-100.94,-47.82
4363,5011.38,5766.50,2,4,-53.61,37.82,90.00,0,-113.29,-inf,-95.13,-41.51,-101.13,-47.52,-98.96,-45.34,-53.61,37.82,-107.16,-53.54,-100.53,-46.92
4364,5011.12,5766.50,2,4,-52.45,38.63,90.00,0,-114.87,-inf,-94.51,-42.06,-101.04,-48.59,-99.24,-46.79,-52.45,38.63,-107.64,-55.20,-99.52,-47.07
4365,5010.88,5766.50,2,4,-50.17,40.17,90.00,0,-113.93,-inf,-94.01,-43.84,-100.13,-49.96,-97.86,-47.69,-50.17,40.17,-107.65,-57.48,-98.25,-48.08
4366,5010.62,5766.50,2,4,-49.43,41.36,90.00,0,-114.20,-inf,-93.87,-44.44,-101.05,-51.62,-98.67,-49.24,-49.43,41.36,-106.80,-57.37,-100.56,-51.13
4367,5010.38,5766.50,2,4,-49.36,41.06,90.00,0,-111.67,-inf,-93.97,-44.61,-102.44,-53.08,-96.11,-46.75,-49.36,41.06,-107.49,-58.12,-100.64,-51.28
4368,5010.12,5766.50,2,4,-48.29,42.87,90.00,0,-113.96,-inf,-95.10,-46.80,-103.12,-54.83,-96.71,-48.42,-48.29,42.87,-110.25,-inf,-100.27,-51.97
4369,5009.88,5766.50,2,4,-48.54,41.51,90.00,0,-115.69,-inf,-92.91,-44.37,-106.54,-58.00,-95.92,-47.39,-48.54,41.51,-110.95,-inf,-100.05,-51.52
4370,5009.62,5766.50,2,4,-49.71,40.07,90.00,0,-116.66,-inf,-91.90,-42.19,-106.98,-57.27,-97.37,-47.66,-49.71,40.07,-108.25,-58.53,-100.57,-50.86
4371,5009.38,5766.50,2,4,-51.25,39.23,90.00,0,-116.13,-inf,-93.52,-42.27,-106.32,-55.07,-97.10,-45.85,-51.25,39.23,-108.94,-57.69,-99.23,-47.98
4372,5009.12,5766.50,2,4,-50.46,39.52,90.00,0,-116.95,-inf,-92.05,-41.60,-104.69,-54.24,-96.96,-46.50,-50.46,39.52,-111.21,-inf,-103.24,-52.79
4373,5008.88,5766.50,2,4,-50.02,42.24,90.00,0,-115.95,-inf,-94.78,-44.76,-105.29,-55.26,-100.76,-50.74,-50.02,42.24,-113.60,-inf,-103.23,-53.20
4374,5008.62,5766.50,2,4,-49.20,44.57,90.00,0,-112.20,-inf,-98.11,-48.91,-106.73,-57.53,-99.56,-50.37,-49.20,44.57,-113.55,-inf,-104.74,-55.55
4375,5008.38,5766.50,2,4,-47.51,45.77,90.00,0,-111.35,-inf,-97.98,-50.47,-105.54,-58.03,-98.71,-51.20,-47.51,45.77,-113.46,-inf,-103.17,-55.66
4376,5008.12,5766.50,2,4,-48.86,43.65,90.00,0,-109.26,-60.39,-97.32,-48.46,-106.85,-57.99,-97.78,-48.92,-48.86,43.65,-115.39,-inf,-101.16,-52.30
4377,5007.88,5766.50,2,4,-50.03,41.50,90.00,0,-109.84,-59.81,-94.93,-44.89,-106.73,-56.70,-98.01,-47.98,-50.03,41.50,-113.50,-inf,-100.38,-50.35
4378,5007.62,5766.50,2,4,-49.73,41.31,90.00,0,-108.38,-58.65,-95.08,-45.34,-108.60,-58.86,-96.72,-46.99,-49.73,41.31,-114.62,-inf,-98.73,-48.99
4379,5007.38,5766.50,2,4,-51.73,39.89,90.00,0,-108.66,-56.92,-97.70,-45.96,-107.74,-56.01,-96.47,-44.73,-51.73,39.89,-115.31,-inf,-97.90,-46.17
4380,5007.12,5766.50,2,4,-56.41,34.25,90.00,0,-107.10,-50.68,-96.31,-39.90,-108.64,-52.23,-95.77,-39.35,-56.41,34.25,-113.23,-inf,-96.46,-40.05
4381,5006.88,5766.50,2,4,-55.43,36.05,90.00,0,-107.07,-51.64,-97.21,-41.78,-108.60,-53.17,-96.40,-40.97,-55.43,36.05,-114.12,-inf,-98.00,-42.57
4382,5006.62,5766.50,2,4,-54.87,37.71,90.00,0,-107.01,-52.15,-97.71,-42.85,-109.92,-55.06,-99.76,-44.89,-54.87,37.71,-114.91,-inf,-98.32,-43.45
4383,5006.38,5766.50,2,4,-56.33,34.84,90.00,0,-104.05,-47.72,-98.30,-41.98,-109.56,-53.23,-99.11,-42.78,-56.33,34.84,-113.67,-inf,-94.65,-38.33
4384,5006.12,5766.50,2,4,-56.38,34.10,90.00,0,-106.12,-49.75,-95.12,-38.74,-106.02,-49.65,-98.92,-42.54,-56.38,34.10,-115.36,-inf,-95.08,-38.70
4385,5005.88,5766.50,2,4,-56.32,33.98,90.00,0,-107.70,-51.39,-93.45,-37.13,-102.43,-46.11,-99.09,-42.77,-56.32,33.98,-114.87,-inf,-97.38,-41.06
4386,5005.62,5766.50,2,4,-57.13,33.03,90.00,0,-108.07,-50.94,-94.18,-37.05,-100.84,-43.72,-100.98,-43.86,-57.13,33.03,-115.58,-inf,-95.17,-38.04
4387,5005.38,5766.50,2,4,-56.44,33.60,90.00,0,-108.11,-51.67,-94.81,-38.38,-100.97,-44.54,-101.10,-44.66,-56.44,33.60,-115.77,-inf,-94.10,-37.66
4388,5005.12,5766.50,2,4,-56.83,32.61,90.00,0,-107.11,-50.28,-96.77,-39.94,-103.38,-46.55,-101.29,-44.47,-56.83,32.61,-117.75,-inf,-91.63,-34.80
4389,5004.88,5766.50,2,4,-57.36,30.30,90.00,0,-111.05,-inf,-97.56,-40.20,-102.38,-45.02,-100.35,-42.99,-57.36,30.30,-118.34,-inf,-88.90,-31.54
4390,5004.62,5766.50,2,4,-56.31,30.70,90.00,0,-112.31,-inf,-95.80,-39.50,-104.13,-47.82,-99.79,-43.49,-56.31,30.70,-119.22,-inf,-88.29,-31.98
4391,5004.38,5766.50,2,4,-57.57,29.32,90.00,0,-112.73,-inf,-95.84,-38.28,-106.47,-48.90,-100.11,-42.55,-57.57,29.32,-119.43,-inf,-88.05,-30.48
4392,5004.12,5766.50,2,4,-56.41,30.98,90.00,0,-111.18,-inf,-94.05,-37.65,-105.45,-49.04,-100.00,-43.60,-56.41,30.98,-119.89,-inf,-89.19,-32.79
4393,5003.88,5766.50,2,4,-55.94,31.57,90.00,0,-111.54,-inf,-94.52,-38.58,-103.39,-47.46,-99.15,-43.21,-55.94,31.57,-115.79,-inf,-89.37,-33.44
4394,5003.62,5766.50,2,4,-54.73,33.07,90.00,0,-112.14,-inf,-94.43,-39.70,-105.60,-50.87,-99.39,-44.66,-54.73,33.07,-114.13,-inf,-89.76,-35.03
4395,5003.38,5766.50,2,4,-53.38,34.28,90.00,0,-111.25,-inf,-93.66,-40.28,-107.56,-54.18,-96.55,-43.17,-53.38,34.28,-114.24,-inf,-90.24,-36.87
4396,5003.12,5766.50,2,4,-51.20,37.11,90.00,0,-112.20,-inf,-94.34,-43.14,-106.44,-55.23,-97.45,-46.25,-51.20,37.11,-113.24,-inf,-90.95,-39.74
4397,5002.88,5766.50,2,4,-52.35,35.36,90.00,0,-113.25,-inf,-92.72,-40.36,-106.78,-54.43,-98.73,-46.38,-52.35,35.36,-112.19,-inf,-90.43,-38.08
4398,5002.62,5766.50,2,4,-55.07,31.93,90.00,0,-111.81,-inf,-91.59,-36.52,-105.40,-50.33,-98.33,-43.26,-55.07,31.93,-115.49,-inf,-89.88,-34.81
4399,5002.38,5766.50,2,4,-55.31,30.99,90.00,0,-111.33,-inf,-92.35,-37.04,-106.28,-50.97,-101.55,-46.24,-55.31,30.99,-115.77,-inf,-88.05,-32.73
4400,5002.12,5766.50,2,4,-54.68,33.24,90.00,0,-109.79,-55.12,-93.59,-38.92,-105.51,-50.83,-100.02,-45.34,-54.68,33.24,-117.06,-inf,-90.26,-35.59
4401,5001.88,5766.50,2,4,-54.73,32.57,90.00,0,-111.53,-inf,-94.20,-39.48,-107.61,-52.89,-99.94,-45.21,-54.73,32.57,-117.37,-inf,-88.98,-34.25
4402,5001.62,5766.50,2,4,-54.65,31.66,90.00,0,-108.96,-54.31,-94.21,-39.56,-109.68,-55.03,-97.55,-42.91,-54.65,31.66,-117.00,-inf,-87.79,-33.15
4403,5001.38,5766.50,2,4,-54.95,31.61,90.00,0,-107.72,-52.78,-94.12,-39.17,-110.26,-inf,-101.01,-46.06,-54.95,31.61,-115.88,-inf,-87.90,-32.95
4404,5001.12,5766.50,2,4,-55.20,29.70,90.00,0,-106.22,-51.03,-94.40,-39.21,-111.36,-inf,-99.01,-43.82,-55.20,29.70,-117.10,-inf,-85.81,-30.61
4405,5000.88,5766.50,2,4,-56.49,27.62,90.00,0,-105.95,-49.47,-93.59,-37.11,-111.52,-inf,-99.52,-43.04,-56.49,27.62,-114.66,-inf,-84.93,-28.45
4406,5000.62,5766.50,2,4,-55.71,27.85,90.00,0,-107.37,-51.67,-92.39,-36.69,-109.94,-54.24,-98.18,-42.48,-55.71,27.85,-115.58,-inf,-84.49,-28.79
4407,5000.38,5766.50,2,4,-56.20,25.76,90.00,0,-106.50,-50.31,-94.97,-38.78,-107.18,-50.98,-99.54,-43.35,-56.20,25.76,-115.32,-inf,-82.37,-26.16
4408,5000.12,5766.50,2,4,-55.83,26.35,90.00,0,-105.74,-49.92,-94.93,-39.11,-107.22,-51.40,-99.36,-43.54,-55.83,26.35,-115.75,-inf,-82.62,-26.79
4409,4999.88,5766.50,2,4,-57.08,23.72,90.00,0,-105.42,-48.36,-93.31,-36.24,-107.82,-50.75,-96.66,-39.60,-57.08,23.72,-119.41,-inf,-81.26,-24.18
4410,4999.62,5766.50,2,4,-59.35,22.03,90.00,0,-103.49,-44.17,-93.10,-33.78,-108.76,-49.44,-96.04,-36.72,-59.35,22.03,-121.19,-inf,-81.95,-22.60
4411,4999.38,5766.50,2,4,-58.74,23.77,90.00,0,-103.00,-44.28,-91.83,-33.10,-108.90,-50.18,-95.84,-37.12,-58.74,23.77,-119.59,-inf,-83.44,-24.70
4412,4999.12,5766.50,2,4,-56.69,26.52,90.00,0,-102.69,-46.01,-94.05,-37.37,-109.04,-52.36,-95.42,-38.74,-56.69,26.52,-119.80,-inf,-84.05,-27.37
4413,4998.88,5766.50,2,4,-58.49,26.79,90.00,0,-102.72,-44.24,-93.12,-34.63,-109.78,-51.29,-96.93,-38.45,-58.49,26.79,-118.93,-inf,-86.76,-28.27
4414,4998.62,5766.50,2,4,-57.83,28.10,90.00,0,-104.00,-46.17,-93.45,-35.62,-108.12,-50.29,-100.84,-43.02,-57.83,28.10,-120.20,-inf,-87.31,-29.47
4415,4998.38,5766.50,2,4,-58.48,26.53,90.00,0,-102.49,-44.02,-90.12,-31.64,-110.23,-inf,-103.31,-44.84,-58.48,26.53,-118.99,-inf,-87.04,-28.56
4416,4998.12,5766.50,2,4,-59.68,24.73,90.00,0,-99.50,-39.84,-90.48,-30.81,-110.33,-inf,-102.75,-43.09,-59.68,24.73,-118.39,-inf,-86.09,-26.42
4417,4997.88,5766.50,2,4,-59.26,26.84,90.00,0,-102.81,-43.56,-90.67,-31.42,-109.34,-50.09,-103.18,-43.92,-59.26,26.84,-117.43,-inf,-88.58,-29.33
4418,4997.62,5766.50,2,4,-59.57,26.99,90.00,0,-103.30,-43.74,-92.27,-32.71,-111.55,-inf,-104.84,-45.28,-59.57,26.99,-118.01,-inf,-88.43,-28.86
4419,4997.38,5766.50,2,4,-59.45,26.05,90.00,0,-101.07,-41.64,-92.71,-33.27,-112.36,-inf,-106.18,-46.75,-59.45,26.05,-117.24,-inf,-86.81,-27.37
4420,4997.12,5766.50,2,4,-60.36,26.02,90.00,0,-102.27,-41.92,-96.26,-35.91,-111.02,-inf,-105.58,-45.23,-60.36,26.02,-115.63,-inf,-87.26,-26.90
4421,4996.88,5766.50,2,4,-57.04,29.36,90.00,0,-101.71,-44.67,-94.30,-37.26,-111.88,-inf,-104.75,-47.71,-57.04,29.36,-116.74,-inf,-87.65,-30.61
4422,4996.62,5766.50,2,4,-56.54,31.09,90.00,0,-102.81,-46.28,-97.13,-40.60,-109.39,-52.86,-103.86,-47.32,-56.54,31.09,-115.12,-inf,-88.76,-32.23
4423,4996.38,5766.50,2,4,-54.10,35.72,90.00,0,-101.90,-47.79,-96.66,-42.55,-110.18,-inf,-103.69,-49.59,-54.10,35.72,-115.09,-inf,-92.08,-37.98
4424,4996.12,5766.50,2,4,-56.01,34.08,90.00,0,-102.34,-46.33,-97.39,-41.38,-108.48,-52.47,-105.16,-49.15,-56.01,34.08,-113.84,-inf,-92.27,-36.26
4425,4995.88,5766.50,2,4,-53.79,36.62,90.00,0,-102.73,-48.95,-97.27,-43.49,-106.46,-52.68,-106.75,-52.96,-53.79,36.62,-115.21,-inf,-92.79,-39.00
4426,4995.62,5766.50,2,4,-51.86,38.33,90.00,0,-102.29,-50.43,-94.45,-42.59,-106.23,-54.37,-105.37,-53.51,-51.86,38.33,-116.41,-inf,-94.13,-42.27
4427,4995.38,5766.50,2,4,-50.04,39.71,90.00,0,-102.55,-52.51,-93.97,-43.93,-104.94,-54.90,-103.14,-53.10,-50.04,39.71,-116.69,-inf,-93.75,-43.71
4428,4995.12,5766.50,2,4,-49.90,39.86,90.00,0,-103.34,-53.44,-94.50,-44.60,-105.02,-55.13,-101.20,-51.30,-49.90,39.86,-114.56,-inf,-93.47,-43.58
4429,4994.88,5766.50,2,4,-48.55,41.90,90.00,0,-102.41,-53.86,-96.29,-47.74,-102.47,-53.92,-101.98,-53.43,-48.55,41.90,-113.99,-inf,-94.10,-45.55
4430,4994.62,5766.50,2,4,-47.82,42.96,90.00,0,-101.40,-53.58,-100.29,-52.48,-103.04,-55.22,-99.66,-51.84,-47.82,42.96,-112.09,-inf,-93.84,-46.03
4431,4994.38,5766.50,2,4,-47.44,42.63,90.00,0,-101.46,-54.02,-100.89,-53.45,-104.57,-57.13,-98.80,-51.36,-47.44,42.63,-110.12,-inf,-92.48,-45.04
4432,4994.12,5766.50,2,4,-49.67,41.22,90.00,0,-101.33,-51.66,-102.41,-52.73,-105.58,-55.91,-97.76,-48.09,-49.67,41.22,-113.65,-inf,-94.11,-44.44
4433,4993.88,5766.50,2,4,-52.46,37.65,90.00,0,-100.55,-48.09,-101.91,-49.45,-108.20,-55.74,-96.58,-44.12,-52.46,37.65,-113.80,-inf,-93.12,-40.66
4434,4993.62,5766.50,2,4,-51.46,39.21,90.00,0,-101.50,-50.04,-99.88,-48.42,-106.39,-54.94,-99.64,-48.18,-51.46,39.21,-114.11,-inf,-93.45,-41.99
4435,4993.38,5766.50,2,4,-52.13,38.84,90.00,0,-100.49,-48.36,-99.48,-47.35,-106.97,-54.84,-99.99,-47.85,-52.13,38.84,-112.60,-inf,-94.24,-42.11
4436,4993.12,5766.50,2,4,-50.36,40.23,90.00,0,-100.85,-50.48,-100.61,-50.25,-108.91,-58.55,-101.37,-51.01,-50.36,40.23,-114.60,-inf,-92.86,-42.50
4437,4992.88,5766.50,2,4,-52.42,38.15,90.00,0,-100.60,-48.18,-99.18,-46.76,-107.55,-55.13,-99.98,-47.56,-52.42,38.15,-115.80,-inf,-93.46,-41.04
4438,4992.62,5766.50,2,4,-52.11,39.29,90.00,0,-101.68,-49.57,-100.64,-48.53,-108.09,-55.98,-101.31,-49.20,-52.11,39.29,-119.84,-inf,-94.20,-42.09
4439,4992.38,5766.50,2,4,-52.78,37.81,90.00,0,-102.04,-49.26,-101.22,-48.45,-108.95,-56.17,-98.69,-45.91,-52.78,37.81,-118.13,-inf,-93.12,-40.35
4440,4992.12,5766.50,2,4,-52.09,38.32,90.00,0,-104.00,-51.91,-100.57,-48.48,-109.70,-57.60,-97.81,-45.71,-52.09,38.32,-116.11,-inf,-92.97,-40.87
4441,4991.88,5766.50,2,4,-53.54,37.53,90.00,0,-105.70,-52.17,-100.94,-47.41,-112.68,-inf,-95.85,-42.31,-53.54,37.53,-114.12,-inf,-95.01,-41.48
4442,4991.62,5766.50,2,4,-52.05,40.00,90.00,0,-105.53,-53.48,-101.81,-49.76,-113.48,-inf,-97.08,-45.02,-52.05,40.00,-112.10,-inf,-96.33,-44.28
4443,4991.38,5766.50,2,4,-51.07,40.69,90.00,0,-105.30,-54.23,-102.52,-51.45,-113.98,-inf,-99.27,-48.21,-51.07,40.69,-110.94,-inf,-94.39,-43.32
4444,4991.12,5766.50,2,4,-53.02,39.80,90.00,0,-107.20,-54.17,-102.46,-49.44,-114.91,-inf,-99.08,-46.05,-53.02,39.80,-112.76,-inf,-96.53,-43.51
4445,4990.88,5766.50,2,4,-54.72,37.72,90.00,0,-106.57,-51.86,-100.31,-45.59,-116.11,-inf,-98.93,-44.21,-54.72,37.72,-113.69,-inf,-96.43,-41.71
4446,4990.62,5766.50,2,4,-58.12,33.66,90.00,0,-107.41,-49.30,-100.16,-42.04,-117.82,-inf,-99.05,-40.93,-58.12,33.66,-112.43,-inf,-94.88,-36.77
4447,4990.38,5766.50,2,4,-57.68,33.24,90.00,0,-109.50,-51.82,-99.37,-41.69,-118.31,-inf,-97.00,-39.33,-57.68,33.24,-112.26,-inf,-94.17,-36.50
4448,4990.12,5766.50,2,4,-62.22,28.78,90.00,0,-110.18,-inf,-98.53,-36.32,-118.67,-inf,-95.39,-33.18,-62.22,28.78,-109.74,-47.53,-95.93,-33.72
4449,4989.88,5766.50,2,4,-61.28,29.39,90.00,0,-112.03,-inf,-97.61,-36.33,-117.77,-inf,-94.13,-32.85,-61.28,29.39,-108.79,-47.51,-97.38,-36.11
4450,4989.62,5766.50,2,4,-64.64,26.62,90.00,0,-111.54,-inf,-97.45,-32.82,-117.74,-inf,-95.07,-30.44,-64.64,26.62,-107.29,-42.66,-98.56,-33.93
4451,4989.38,5766.50,2,4,-65.58,25.93,90.00,0,-110.00,-inf,-98.72,-33.15,-118.76,-inf,-95.49,-29.92,-65.58,25.93,-105.96,-40.39,-97.86,-32.29
4452,4989.12,5766.50,2,4,-66.85,23.75,90.00,0,-110.02,-inf,-99.45,-32.62,-119.32,-inf,-94.19,-27.35,-66.85,23.75,-106.60,-39.77,-95.93,-29.10
4453,4988.88,5766.50,2,4,-67.47,22.27,90.00,0,-108.46,-41.02,-96.00,-28.55,-119.25,-inf,-95.55,-28.10,-67.47,22.27,-104.94,-37.50,-94.12,-26.67
4454,4988.62,5766.50,2,4,-65.34,24.88,90.00,0,-110.09,-inf,-96.43,-31.10,-117.59,-inf,-94.51,-29.18,-65.34,24.88,-107.17,-41.84,-96.01,-30.68
4455,4988.38,5766.50,2,4,-65.84,25.18,90.00,0,-109.38,-43.55,-97.33,-31.50,-115.83,-inf,-94.15,-28.32,-65.84,25.18,-107.23,-41.40,-100.41,-34.58
4456,4988.12,5766.50,2,4,-63.59,27.77,90.00,0,-107.50,-43.91,-96.09,-32.50,-114.27,-inf,-95.58,-32.00,-63.59,27.77,-110.08,-inf,-100.41,-36.83
4457,4987.88,5766.50,2,4,-64.26,28.21,90.00,0,-108.24,-43.99,-98.09,-33.83,-115.12,-inf,-96.41,-32.15,-64.26,28.21,-111.04,-inf,-101.71,-37.46
4458,4987.62,5766.50,2,4,-63.70,30.09,90.00,0,-107.75,-44.05,-101.57,-37.87,-115.68,-inf,-97.20,-33.50,-63.70,30.09,-111.97,-inf,-103.89,-40.19
4459,4987.38,5766.50,2,4,-64.74,28.27,90.00,0,-107.86,-43.12,-101.42,-36.68,-116.76,-inf,-95.94,-31.20,-64.74,28.27,-110.58,-inf,-102.43,-37.70
4460,4987.12,5766.50,2,4,-64.21,27.99,90.00,0,-109.96,-45.75,-103.39,-39.19,-115.25,-inf,-93.99,-29.78,-64.21,27.99,-110.04,-inf,-103.25,-39.04
4461,4986.88,5766.50,2,4,-66.26,27.21,90.00,0,-108.45,-42.19,-100.99,-34.73,-114.90,-inf,-96.96,-30.71,-66.26,27.21,-111.12,-inf,-102.65,-36.39
4462,4986.62,5766.50,2,4,-68.62,24.63,90.00,0,-107.71,-39.11,-101.87,-33.26,-114.79,-inf,-96.05,-27.44,-68.62,24.63,-110.23,-inf,-103.65,-35.05
4463,4986.38,5766.50,2,4,-67.45,26.02,90.00,0,-109.34,-41.91,-103.66,-36.22,-112.39,-inf,-96.63,-29.19,-67.45,26.02,-109.85,-42.41,-101.72,-34.27
4464,4986.12,5766.50,2,4,-66.17,27.76,90.00,0,-109.69,-43.53,-103.51,-37.34,-111.18,-inf,-97.07,-30.90,-66.17,27.76,-109.36,-43.20,-103.81,-37.64
4465,4985.88,5766.50,2,4,-66.12,26.66,90.00,0,-112.81,-inf,-103.71,-37.60,-111.46,-inf,-94.80,-28.68,-66.12,26.66,-108.51,-42.40,-104.08,-37.97
4466,4985.62,5766.50,2,4,-64.92,27.60,90.00,0,-110.41,-inf,-102.99,-38.08,-111.31,-inf,-94.62,-29.71,-64.92,27.60,-106.72,-41.81,-103.55,-38.64
4467,4985.38,5766.50,2,4,-64.23,27.22,90.00,0,-109.75,-45.53,-102.59,-38.37,-110.69,-inf,-93.11,-28.89,-64.23,27.22,-106.76,-42.54,-103.86,-39.64
4468,4985.12,5766.50,2,4,-63.19,27.43,90.00,0,-111.13,-inf,-100.33,-37.15,-108.96,-45.78,-92.37,-29.18,-63.19,27.43,-108.08,-44.90,-101.72,-38.54
4469,4984.88,5766.50,2,4,-61.77,28.83,90.00,0,-111.08,-inf,-98.47,-36.70,-107.51,-45.75,-92.42,-30.65,-61.77,28.83,-109.24,-47.48,-105.87,-44.10
4470,4984.62,5766.50,2,4,-63.40,26.86,90.00,0,-110.74,-inf,-97.64,-34.24,-109.59,-46.19,-92.00,-28.59,-63.40,26.86,-109.64,-46.24,-108.44,-45.04
4471,4984.38,5766.50,2,4,-64.33,25.88,90.00,0,-111.80,-inf,-96.06,-31.74,-109.83,-45.51,-92.58,-28.25,-64.33,25.88,-108.73,-44.41,-105.51,-41.19
4472,4984.12,5766.50,2,4,-65.81,23.83,90.00,0,-111.84,-inf,-95.06,-29.27,-109.26,-43.47,-91.92,-26.12,-65.81,23.83,-110.13,-inf,-106.80,-41.01
4473,4983.88,5766.50,2,4,-65.87,23.59,90.00,0,-111.09,-inf,-92.39,-26.53,-109.00,-43.14,-93.85,-27.99,-65.87,23.59,-109.44,-43.58,-107.23,-41.38
4474,4983.62,5766.50,2,4,-65.06,23.37,90.00,0,-112.51,-inf,-91.64,-26.59,-107.36,-42.31,-92.13,-27.08,-65.06,23.37,-110.91,-inf,-106.94,-41.90
4475,4983.38,5766.50,2,4,-66.50,22.80,90.00,0,-110.31,-inf,-93.12,-26.64,-108.25,-41.78,-92.53,-26.05,-66.50,22.80,-111.53,-inf,-108.29,-41.82
4476,4983.12,5766.50,2,4,-67.89,20.15,90.00,0,-110.54,-inf,-91.11,-23.24,-104.57,-36.71,-91.96,-24.09,-67.89,20.15,-113.39,-inf,-106.20,-38.34
4477,4982.88,5766.50,2,4,-66.95,21.47,90.00,0,-107.82,-40.90,-91.37,-24.43,-105.67,-38.75,-92.65,-25.73,-66.95,21.47,-113.26,-inf,-106.55,-39.63
4478,4982.62,5766.50,2,4,-66.46,22.74,90.00,0,-107.08,-40.64,-91.23,-24.78,-103.93,-37.49,-95.79,-29.35,-66.46,22.74,-114.35,-inf,-105.59,-39.16
4479,4982.38,5766.50,2,4,-65.79,22.82,90.00,0,-105.80,-40.03,-90.75,-24.97,-104.87,-39.10,-94.61,-28.83,-65.79,22.82,-114.37,-inf,-105.11,-39.34
4480,4982.12,5766.50,2,4,-69.47,20.64,90.00,0,-103.87,-34.44,-92.71,-23.26,-103.84,-34.41,-96.56,-27.12,-69.47,20.64,-112.84,-inf,-104.52,-35.09
4481,4981.88,5766.50,2,4,-68.92,20.21,90.00,0,-105.27,-36.38,-91.33,-22.42,-102.95,-34.07,-95.54,-26.65,-68.92,20.21,-111.42,-inf,-106.15,-37.27
4482,4981.62,5766.50,2,4,-68.87,20.00,90.00,0,-104.43,-35.60,-90.54,-21.68,-103.04,-34.21,-97.46,-28.62,-68.87,20.00,-108.93,-40.10,-104.48,-35.64
4483,4981.38,5766.50,2,4,-66.42,23.14,90.00,0,-104.27,-37.88,-91.52,-25.11,-102.77,-36.38,-98.64,-32.24,-66.42,23.14,-104.99,-38.59,-103.73,-37.34
4484,4981.12,5766.50,2,4,-64.82,24.03,90.00,0,-103.70,-38.90,-90.50,-25.68,-102.79,-37.99,-99.57,-34.77,-64.82,24.03,-103.63,-38.82,-102.08,-37.28
4485,4980.88,5766.50,2,4,-63.94,24.60,90.00,0,-103.62,-39.70,-89.91,-25.98,-105.49,-41.57,-100.41,-36.48,-63.94,24.60,-101.22,-37.30,-103.84,-39.92
4486,4980.62,5766.50,2,4,-61.71,25.68,90.00,0,-105.64,-43.94,-88.28,-26.57,-102.80,-41.10,-101.63,-39.92,-61.71,25.68,-103.15,-41.45,-103.95,-42.25
4487,4980.38,5766.50,2,4,-63.80,23.10,90.00,0,-106.10,-42.33,-87.70,-23.90,-103.24,-39.46,-103.36,-39.58,-63.80,23.10,-101.18,-37.41,-103.21,-39.43
4488,4980.12,5766.50,2,4,-64.26,22.83,90.00,0,-106.19,-41.96,-87.91,-23.66,-104.35,-40.11,-101.01,-36.77,-64.26,22.83,-101.74,-37.51,-104.81,-40.57
4489,4979.88,5766.50,2,4,-64.11,24.33,90.00,0,-107.37,-43.28,-89.98,-25.88,-104.67,-40.57,-97.40,-33.31,-64.11,24.33,-102.27,-38.18,-104.57,-40.48
4490,4979.62,5766.50,2,4,-62.29,25.27,90.00,0,-109.54,-47.26,-88.80,-26.51,-104.39,-42.11,-97.70,-35.42,-62.29,25.27,-100.80,-38.51,-104.70,-42.42
4491,4979.38,5766.50,2,4,-62.41,23.31,90.00,0,-110.15,-inf,-86.36,-23.95,-102.05,-39.66,-99.35,-36.96,-62.41,23.31,-101.43,-39.04,-107.73,-45.33
4492,4979.12,5766.50,2,4,-64.21,22.28,90.00,0,-110.07,-inf,-87.22,-23.02,-100.51,-36.33,-99.52,-35.34,-64.21,22.28,-104.34,-40.16,-109.58,-45.39
4493,4978.88,5766.50,2,4,-63.22,22.24,90.00,0,-109.68,-46.49,-85.96,-22.75,-100.21,-37.02,-100.13,-36.94,-63.22,22.24,-109.17,-45.99,-110.34,-inf
4494,4978.62,5766.50,2,4,-62.50,25.25,90.00,0,-110.15,-inf,-88.64,-26.14,-100.50,-38.02,-100.17,-37.68,-62.50,25.25,-109.58,-47.10,-108.69,-46.20
4495,4978.38,5766.50,2,4,-60.19,27.75,90.00,0,-110.05,-inf,-89.00,-28.81,-102.42,-42.23,-97.56,-37.38,-60.19,27.75,-110.64,-inf,-108.40,-48.21
4496,4978.12,5766.50,2,4,-58.83,27.90,90.00,0,-108.32,-49.49,-87.98,-29.14,-103.47,-44.65,-94.64,-35.81,-58.83,27.90,-109.48,-50.65,-108.51,-49.68
4497,4977.88,5766.50,2,4,-55.21,30.74,90.00,0,-109.95,-54.74,-86.63,-31.42,-105.52,-50.32,-96.73,-41.53,-55.21,30.74,-110.11,-inf,-107.35,-52.15
4498,4977.62,5766.50,2,4,-53.24,33.77,90.00,0,-111.87,-inf,-87.76,-34.52,-106.68,-53.44,-97.96,-44.72,-53.24,33.77,-112.83,-inf,-104.44,-51.20
4499,4977.38,5766.50,2,4,-51.04,35.59,90.00,0,-111.99,-inf,-87.30,-36.26,-105.11,-54.07,-98.04,-47.00,-51.04,35.59,-110.19,-inf,-106.27,-55.23
4500,4977.12,5766.50,2,4,-51.75,35.07,90.00,0,-113.17,-inf,-87.97,-36.22,-108.01,-56.26,-94.78,-43.03,-51.75,35.07,-108.16,-56.41,-107.11,-55.36
4501,4976.88,5766.50,2,4,-53.79,33.65,90.00,0,-112.04,-inf,-88.24,-34.45,-107.71,-53.92,-98.37,-44.58,-53.79,33.65,-107.44,-53.65,-106.49,-52.70
4502,4976.62,5766.50,2,4,-54.03,34.51,90.00,0,-110.92,-inf,-89.56,-35.54,-104.99,-50.97,-98.78,-44.75,-54.03,34.51,-107.63,-53.61,-108.62,-54.59
4503,4976.38,5766.50,2,4,-54.35,34.53,90.00,0,-108.31,-53.96,-90.47,-36.12,-103.27,-48.92,-97.07,-42.72,-54.35,34.53,-108.07,-53.71,-106.72,-52.37
4504,4976.12,5766.50,2,4,-55.37,32.63,90.00,0,-107.94,-52.57,-89.81,-34.44,-103.60,-48.23,-94.84,-39.47,-55.37,32.63,-105.61,-50.25,-106.08,-50.71
4505,4975.88,5766.50,2,4,-57.44,31.42,90.00,0,-106.93,-49.49,-91.00,-33.56,-106.52,-49.08,-95.63,-38.19,-57.44,31.42,-105.12,-47.69,-102.39,-44.95
4506,4975.62,5766.50,2,4,-57.77,30.59,90.00,0,-106.56,-48.79,-90.36,-32.59,-104.77,-47.00,-95.56,-37.80,-57.77,30.59,-104.06,-46.29,-101.70,-43.93
4507,4975.38,5766.50,2,4,-55.89,32.70,90.00,0,-106.48,-50.59,-91.02,-35.13,-105.50,-49.61,-94.41,-38.52,-55.89,32.70,-104.48,-48.59,-103.42,-47.53
4508,4975.12,5766.50,2,4,-57.34,32.22,90.00,0,-110.12,-inf,-91.82,-34.48,-106.26,-48.92,-95.56,-38.23,-57.34,32.22,-107.08,-49.75,-105.43,-48.10
4509,4974.88,5766.50,2,4,-56.67,31.85,90.00,0,-109.75,-53.08,-91.37,-34.70,-107.12,-50.45,-92.99,-36.32,-56.67,31.85,-108.62,-51.95,-105.31,-48.64
4510,4974.62,5766.50,2,4,-57.37,31.16,90.00,0,-113.54,-inf,-91.76,-34.39,-107.90,-50.53,-92.38,-35.01,-57.37,31.16,-109.58,-52.21,-105.12,-47.75
4511,4974.38,5766.50,2,4,-57.77,31.33,90.00,0,-114.02,-inf,-93.19,-35.43,-105.22,-47.45,-92.32,-34.56,-57.77,31.33,-109.96,-52.19,-105.79,-48.02
4512,4974.12,5766.50,2,4,-57.15,31.01,90.00,0,-115.23,-inf,-93.96,-36.82,-103.99,-46.85,-90.20,-33.06,-57.15,31.01,-110.17,-inf,-104.70,-47.55
4513,4973.88,5766.50,2,4,-55.60,31.96,90.00,0,-114.29,-inf,-91.81,-36.22,-104.64,-49.05,-90.33,-34.73,-55.60,31.96,-111.65,-inf,-104.33,-48.74
4514,4973.62,5766.50,2,4,-53.62,33.92,90.00,0,-115.01,-inf,-94.07,-40.46,-102.97,-49.35,-89.35,-35.74,-53.62,33.92,-111.62,-inf,-102.29,-48.67
4515,4973.38,5766.50,2,4,-55.13,32.00,90.00,0,-116.91,-inf,-93.42,-38.30,-99.83,-44.70,-89.20,-34.08,-55.13,32.00,-109.12,-53.99,-102.01,-46.88
4516,4973.12,5766.50,2,4,-54.50,32.13,90.00,0,-116.34,-inf,-90.67,-36.17,-103.29,-48.79,-89.52,-35.02,-54.50,32.13,-109.16,-54.66,-104.30,-49.80
4517,4972.88,5766.50,2,4,-51.96,35.75,90.00,0,-114.40,-inf,-91.10,-39.14,-104.70,-52.75,-91.18,-39.23,-51.96,35.75,-111.44,-inf,-106.41,-54.45
4518,4972.62,5766.50,2,4,-49.44,38.03,90.00,0,-115.31,-inf,-89.79,-40.35,-103.95,-54.51,-92.45,-43.02,-49.44,38.03,-109.70,-60.27,-106.51,-57.07
4519,4972.38,5766.50,2,4,-48.78,39.20,90.00,0,-117.03,-inf,-91.13,-42.35,-102.73,-53.96,-91.85,-43.07,-48.78,39.20,-110.13,-inf,-107.98,-59.21
4520,4972.12,5766.50,2,4,-48.00,40.33,90.00,0,-114.60,-inf,-91.36,-43.36,-105.92,-57.92,-92.28,-44.28,-48.00,40.33,-111.40,-inf,-106.93,-58.93
4521,4971.88,5766.50,2,4,-47.63,40.67,90.00,0,-116.06,-inf,-91.24,-43.60,-107.16,-59.53,-92.49,-44.85,-47.63,40.67,-107.94,-60.30,-105.58,-57.94
4522,4971.62,5766.50,2,4,-47.45,38.39,90.00,0,-114.70,-inf,-88.14,-40.70,-105.61,-58.16,-90.35,-42.91,-47.45,38.39,-110.15,-inf,-106.38,-58.94
4523,4971.38,5766.50,2,4,-48.97,36.70,90.00,0,-114.48,-inf,-88.63,-39.66,-105.37,-56.40,-89.30,-40.33,-48.97,36.70,-108.61,-59.64,-107.08,-58.11
4524,4971.12,5766.50,2,4,-49.11,37.64,90.00,0,-113.32,-inf,-88.92,-39.81,-107.26,-58.15,-91.59,-42.48,-49.11,37.64,-110.15,-inf,-107.25,-58.14
4525,4970.88,5766.50,2,4,-48.70,37.56,90.00,0,-112.52,-inf,-88.64,-39.94,-106.66,-57.96,-90.70,-42.00,-48.70,37.56,-109.37,-60.67,-107.85,-59.15
4526,4970.62,5766.50,2,4,-48.59,35.10,90.00,0,-110.81,-inf,-85.46,-36.87,-107.88,-59.29,-88.97,-40.38,-48.59,35.10,-108.64,-60.06,-104.81,-56.22
4527,4970.38,5766.50,2,4,-47.39,35.28,90.00,0,-108.89,-61.50,-84.69,-37.30,-106.71,-59.32,-87.44,-40.05,-47.39,35.28,-106.97,-59.58,-102.95,-55.56
4528,4970.12,5766.50,2,4,-45.41,37.96,90.00,0,-110.09,-inf,-86.42,-41.01,-108.10,-62.69,-86.73,-41.31,-45.41,37.96,-109.07,-63.65,-102.21,-56.80
4529,4969.88,5766.50,2,4,-44.07,40.55,90.00,0,-111.53,-inf,-86.36,-42.29,-108.26,-64.19,-90.11,-46.04,-44.07,40.55,-110.46,-inf,-103.28,-59.21
4530,4969.62,5766.50,2,4,-44.83,39.71,90.00,0,-111.06,-inf,-86.88,-42.05,-110.18,-inf,-88.85,-44.02,-44.83,39.71,-110.32,-inf,-101.94,-57.11
4531,4969.38,5766.50,2,4,-43.16,42.12,90.00,0,-110.14,-inf,-89.28,-46.12,-108.65,-65.49,-88.02,-44.86,-43.16,42.12,-109.29,-66.13,-100.80,-57.64
4532,4969.12,5766.50,2,4,-42.34,43.26,90.00,0,-111.03,-inf,-89.66,-47.32,-109.60,-67.26,-88.29,-45.94,-42.34,43.26,-107.99,-65.65,-101.99,-59.65
4533,4968.88,5766.50,2,4,-41.80,45.90,90.00,0,-110.55,-inf,-93.61,-51.82,-110.30,-inf,-89.67,-47.87,-41.80,45.90,-106.81,-65.01,-102.03,-60.23
4534,4968.62,5766.50,2,4,-39.65,48.19,90.00,0,-111.62,-inf,-92.90,-53.25,-109.24,-69.59,-90.23,-50.58,-39.65,48.19,-110.49,-inf,-101.60,-61.95
4535,4968.38,5766.50,2,4,-37.26,49.80,90.00,0,-109.36,-72.11,-91.17,-53.92,-108.98,-71.73,-90.12,-52.86,-37.26,49.80,-111.91,-inf,-99.61,-62.36
4536,4968.12,5766.50,2,4,-38.28,50.72,90.00,0,-109.70,-71.42,-92.57,-54.30,-108.93,-70.65,-93.04,-54.76,-38.28,50.72,-110.24,-inf,-100.57,-62.30
4537,4967.88,5766.50,2,4,-42.77,46.19,90.00,0,-108.67,-65.89,-92.09,-49.32,-106.63,-63.86,-93.64,-50.87,-42.77,46.19,-110.14,-inf,-100.78,-58.01
4538,4967.62,5766.50,2,4,-40.87,48.93,90.00,0,-109.79,-68.91,-93.03,-52.16,-106.05,-65.18,-94.54,-53.67,-40.87,48.93,-111.49,-inf,-102.16,-61.29
4539,4967.38,5766.50,2,4,-41.08,50.03,90.00,0,-111.95,-inf,-93.70,-52.62,-106.34,-65.26,-97.68,-56.60,-41.08,50.03,-110.69,-inf,-102.64,-61.56
4540,4967.12,5766.50,2,4,-42.95,48.53,90.00,0,-111.21,-inf,-94.07,-51.12,-109.90,-66.96,-98.57,-55.62,-42.95,48.53,-111.85,-inf,-101.52,-58.57
4541,4966.88,5766.50,2,4,-44.64,46.59,90.00,0,-112.46,-inf,-94.28,-49.64,-107.43,-62.79,-96.70,-52.06,-44.64,46.59,-111.56,-inf,-103.23,-58.58
4542,4966.62,5766.50,2,4,-43.51,46.64,90.00,0,-114.54,-inf,-94.45,-50.94,-107.48,-63.97,-93.53,-50.02,-43.51,46.64,-110.51,-inf,-103.40,-59.88
4543,4966.38,5766.50,2,4,-46.17,44.29,90.00,0,-113.74,-inf,-94.42,-48.25,-109.12,-62.94,-94.93,-48.76,-46.17,44.29,-108.61,-62.43,-100.47,-54.30
4544,4966.12,5766.50,2,4,-47.76,42.68,90.00,0,-113.34,-inf,-96.64,-48.88,-110.34,-inf,-92.99,-45.23,-47.76,42.68,-107.14,-59.37,-101.85,-54.08
4545,4965.88,5766.50,2,4,-46.84,43.60,90.00,0,-110.90,-inf,-97.52,-50.68,-109.06,-62.22,-92.84,-46.00,-46.84,43.60,-111.26,-inf,-100.26,-53.42
4546,4965.62,5766.50,2,4,-46.81,43.48,90.00,0,-107.32,-60.51,-94.11,-47.30,-107.80,-60.99,-95.12,-48.31,-46.81,43.48,-112.00,-inf,-99.79,-52.98
4547,4965.38,5766.50,2,4,-46.62,43.18,90.00,0,-104.34,-57.72,-94.75,-48.13,-110.39,-inf,-94.11,-47.49,-46.62,43.18,-112.80,-inf,-97.28,-50.66
4548,4965.12,5766.50,2,4,-47.50,41.34,90.00,0,-104.37,-56.88,-93.42,-45.92,-110.10,-inf,-92.58,-45.08,-47.50,41.34,-111.81,-inf,-97.93,-50.43
4549,4964.88,5766.50,2,4,-45.73,42.17,90.00,0,-106.80,-61.07,-92.68,-46.95,-109.49,-63.76,-91.23,-45.50,-45.73,42.17,-112.59,-inf,-97.06,-51.33
4550,4964.62,5766.50,2,4,-46.31,42.03,90.00,0,-109.29,-62.98,-94.15,-47.84,-108.92,-62.61,-91.01,-44.70,-46.31,42.03,-112.86,-inf,-97.88,-51.56
4551,4964.38,5766.50,2,4,-47.91,40.80,90.00,0,-108.45,-60.54,-94.65,-46.74,-108.84,-60.93,-91.63,-43.72,-47.91,40.80,-113.56,-inf,-97.23,-49.32
4552,4964.12,5766.50,2,4,-51.16,34.26,90.00,0,-109.35,-58.20,-94.12,-42.96,-109.12,-57.97,-86.70,-35.54,-51.16,34.26,-113.19,-inf,-96.54,-45.38
4553,4963.88,5766.50,2,4,-51.47,35.92,90.00,0,-106.21,-54.73,-96.47,-45.00,-111.25,-inf,-89.39,-37.91,-51.47,35.92,-114.74,-inf,-94.92,-43.45
4554,4963.62,5766.50,2,4,-52.68,34.88,90.00,0,-103.96,-51.28,-97.50,-44.81,-113.49,-inf,-89.85,-37.17,-52.68,34.88,-112.69,-inf,-93.98,-41.30
4555,4963.38,5766.50,2,4,-52.25,33.86,90.00,0,-104.84,-52.60,-96.96,-44.72,-112.89,-inf,-90.70,-38.46,-52.25,33.86,-114.79,-inf,-88.97,-36.72
4556,4963.12,5766.50,2,4,-50.92,36.22,90.00,0,-105.14,-54.22,-96.45,-45.53,-112.78,-inf,-91.76,-40.84,-50.92,36.22,-115.83,-inf,-90.43,-39.51
4557,4962.88,5766.50,2,4,-51.55,36.48,90.00,0,-103.37,-51.82,-96.45,-44.90,-113.80,-inf,-92.98,-41.43,-51.55,36.48,-115.87,-inf,-91.56,-40.01
4558,4962.62,5766.50,2,4,-51.54,35.86,90.00,0,-105.30,-53.76,-97.77,-46.23,-113.58,-inf,-92.32,-40.78,-51.54,35.86,-118.72,-inf,-90.29,-38.75
4559,4962.38,5766.50,2,4,-50.36,37.20,90.00,0,-104.21,-53.85,-96.19,-45.84,-116.62,-inf,-93.50,-43.15,-50.36,37.20,-120.61,-inf,-90.31,-39.95
4560,4962.12,5766.50,2,4,-51.16,35.46,90.00,0,-104.92,-53.76,-95.69,-44.53,-115.46,-inf,-93.27,-42.11,-51.16,35.46,-122.97,-inf,-88.84,-37.69
4561,4961.88,5766.50,2,4,-53.30,34.58,90.00,0,-103.86,-50.56,-98.48,-45.17,-117.29,-inf,-93.57,-40.27,-53.30,34.58,-123.94,-inf,-90.43,-37.12
4562,4961.62,5766.50,2,4,-53.28,34.91,90.00,0,-105.45,-52.17,-99.85,-46.57,-118.37,-inf,-94.14,-40.86,-53.28,34.91,-122.10,-inf,-90.46,-37.18
4563,4961.38,5766.50,2,4,-51.39,36.28,90.00,0,-105.65,-54.26,-98.92,-47.53,-118.55,-inf,-94.33,-42.94,-51.39,36.28,-121.52,-inf,-89.64,-38.25
4564,4961.12,5766.50,2,4,-50.35,37.67,90.00,0,-107.34,-56.99,-97.39,-47.04,-114.76,-inf,-91.97,-41.62,-50.35,37.67,-119.10,-inf,-91.94,-41.59
4565,4960.88,5766.50,2,4,-51.11,37.58,90.00,0,-108.63,-57.52,-97.90,-46.79,-114.83,-inf,-92.23,-41.12,-51.11,37.58,-119.20,-inf,-93.22,-42.11
4566,4960.62,5766.50,2,4,-52.60,34.41,90.00,0,-106.46,-53.87,-96.51,-43.92,-115.10,-inf,-89.47,-36.87,-52.60,34.41,-117.50,-inf,-92.89,-40.29
4567,4960.38,5766.50,2,4,-56.21,29.99,90.00,0,-106.37,-50.16,-96.03,-39.82,-113.53,-inf,-88.25,-32.04,-56.21,29.99,-117.61,-inf,-92.77,-36.56
4568,4960.12,5766.50,2,4,-56.06,30.57,90.00,0,-105.88,-49.82,-97.45,-41.40,-112.84,-inf,-88.72,-32.67,-56.06,30.57,-119.64,-inf,-92.81,-36.75
4569,4959.88,5766.50,2,4,-55.60,32.17,90.00,0,-105.88,-50.28,-97.59,-41.98,-115.92,-inf,-89.88,-34.28,-55.60,32.17,-118.87,-inf,-94.68,-39.08
4570,4959.62,5766.50,2,4,-54.70,30.77,90.00,0,-104.99,-50.29,-97.07,-42.37,-118.86,-inf,-87.04,-32.34,-54.70,30.77,-117.60,-inf,-92.70,-38.00
4571,4959.38,5766.50,2,4,-56.03,30.87,90.00,0,-105.94,-49.92,-96.90,-40.87,-119.51,-inf,-88.75,-32.72,-56.03,30.87,-117.75,-inf,-94.23,-38.20
4572,4959.12,5766.50,2,4,-55.27,31.41,90.00,0,-105.07,-49.81,-97.15,-41.89,-121.36,-inf,-88.47,-33.21,-55.27,31.41,-115.29,-inf,-93.92,-38.66
4573,4958.88,5766.50,2,4,-54.84,31.61,90.00,0,-103.48,-48.64,-96.29,-41.46,-120.09,-inf,-88.46,-33.62,-54.84,31.61,-113.66,-inf,-93.37,-38.53
4574,4958.62,5766.50,2,4,-57.63,28.75,90.00,0,-103.00,-45.38,-95.21,-37.58,-120.65,-inf,-88.04,-30.41,-57.63,28.75,-113.79,-inf,-95.51,-37.88
4575,4958.38,5766.50,2,4,-56.59,29.33,90.00,0,-102.42,-45.84,-95.24,-38.66,-118.72,-inf,-87.19,-30.61,-56.59,29.33,-115.34,-inf,-97.02,-40.44
4576,4958.12,5766.50,2,4,-57.53,27.75,90.00,0,-102.71,-45.18,-93.54,-36.01,-120.27,-inf,-86.52,-28.99,-57.53,27.75,-114.86,-inf,-98.47,-40.94
4577,4957.88,5766.50,2,4,-54.60,31.99,90.00,0,-100.78,-46.18,-94.12,-39.52,-120.82,-inf,-88.25,-33.65,-54.60,31.99,-116.72,-inf,-99.08,-44.48
4578,4957.62,5766.50,2,4,-54.51,33.44,90.00,0,-97.81,-43.30,-95.95,-41.44,-120.66,-inf,-90.13,-35.61,-54.51,33.44,-116.85,-inf,-99.48,-44.97
4579,4957.38,5766.50,2,4,-55.13,32.02,90.00,0,-96.92,-41.79,-93.65,-38.52,-120.88,-inf,-89.82,-34.69,-55.13,32.02,-117.66,-inf,-98.21,-43.09
4580,4957.12,5766.50,2,4,-54.73,32.28,90.00,0,-97.59,-42.86,-94.53,-39.81,-120.71,-inf,-89.43,-34.70,-54.73,32.28,-117.73,-inf,-96.48,-41.75
4581,4956.88,5766.50,2,4,-54.17,33.26,90.00,0,-98.88,-44.70,-96.15,-41.98,-121.47,-inf,-90.88,-36.70,-54.17,33.26,-117.35,-inf,-92.86,-38.69
4582,4956.62,5766.50,2,4,-55.03,31.77,90.00,0,-100.06,-45.03,-93.17,-38.14,-122.95,-inf,-91.65,-36.62,-55.03,31.77,-116.31,-inf,-91.41,-36.38
4583,4956.38,5766.50,2,4,-54.05,33.39,90.00,0,-98.93,-44.88,-94.08,-40.04,-121.10,-inf,-92.43,-38.38,-54.05,33.39,-115.65,-inf,-92.10,-38.06
4584,4956.12,5766.50,2,4,-53.08,32.39,90.00,0,-100.94,-47.87,-90.66,-37.58,-119.87,-inf,-92.83,-39.75,-53.08,32.39,-115.61,-inf,-88.92,-35.85
4585,4955.88,5766.50,2,4,-53.83,33.04,90.00,0,-101.67,-47.84,-89.48,-35.65,-120.19,-inf,-95.60,-41.77,-53.83,33.04,-116.23,-inf,-93.15,-39.32
4586,4955.62,5766.50,2,4,-52.86,34.18,90.00,0,-101.93,-49.06,-88.96,-36.10,-121.41,-inf,-95.69,-42.83,-52.86,34.18,-116.59,-inf,-95.64,-42.78
4587,4955.38,5766.50,2,4,-53.99,31.33,90.00,0,-103.06,-49.07,-87.06,-33.07,-121.52,-inf,-94.45,-40.46,-53.99,31.33,-114.04,-inf,-93.39,-39.40
4588,4955.12,5766.50,2,4,-52.52,32.87,90.00,0,-104.10,-51.58,-87.12,-34.61,-122.13,-inf,-95.57,-43.05,-52.52,32.87,-113.79,-inf,-92.68,-40.17
4589,4954.88,5766.50,2,4,-54.20,30.04,90.00,0,-104.54,-50.35,-85.47,-31.27,-122.16,-inf,-95.78,-41.58,-54.20,30.04,-114.62,-inf,-92.79,-38.59
4590,4954.62,5766.50,2,4,-53.67,28.66,90.00,0,-104.03,-50.37,-83.40,-29.73,-119.76,-inf,-96.19,-42.52,-53.67,28.66,-113.68,-inf,-90.47,-36.80
4591,4954.38,5766.50,2,4,-55.25,27.68,90.00,0,-106.63,-51.39,-84.52,-29.28,-118.81,-inf,-95.70,-40.47,-55.25,27.68,-111.94,-inf,-89.28,-34.04
4592,4954.12,5766.50,2,4,-54.93,28.49,90.00,0,-106.13,-51.21,-85.07,-30.15,-118.03,-inf,-94.02,-39.10,-54.93,28.49,-114.80,-inf,-90.36,-35.43
4593,4953.88,5766.50,2,4,-55.83,27.29,90.00,0,-107.51,-51.69,-84.65,-28.82,-116.37,-inf,-93.21,-37.39,-55.83,27.29,-116.27,-inf,-90.67,-34.85
4594,4953.62,5766.50,2,4,-55.31,27.97,90.00,0,-107.69,-52.38,-84.76,-29.45,-118.05,-inf,-92.93,-37.63,-55.31,27.97,-114.96,-inf,-91.40,-36.09
4595,4953.38,5766.50,2,4,-55.86,24.91,90.00,0,-106.22,-50.37,-81.58,-25.71,-116.54,-inf,-93.34,-37.49,-55.86,24.91,-115.31,-inf,-90.84,-34.99
4596,4953.12,5766.50,2,4,-56.11,25.00,90.00,0,-105.68,-49.59,-81.99,-25.89,-114.72,-inf,-93.58,-37.48,-56.11,25.00,-117.62,-inf,-90.64,-34.55
4597,4952.88,5766.50,2,4,-58.31,23.91,90.00,0,-104.35,-46.06,-83.51,-25.20,-113.66,-inf,-93.29,-35.00,-58.31,23.91,-118.64,-inf,-90.32,-32.02
4598,4952.62,5766.50,2,4,-59.98,22.87,90.00,0,-104.67,-44.71,-83.83,-23.86,-113.07,-inf,-94.71,-34.76,-59.98,22.87,-117.27,-inf,-92.39,-32.43
4599,4952.38,5766.50,2,4,-60.22,22.44,90.00,0,-104.05,-43.85,-83.60,-23.38,-112.77,-inf,-95.32,-35.13,-60.22,22.44,-121.37,-inf,-92.06,-31.87
4600,4952.12,5766.50,2,4,-60.66,23.20,90.00,0,-104.86,-44.21,-84.86,-24.20,-112.98,-inf,-94.84,-34.19,-60.66,23.20,-120.44,-inf,-94.26,-33.62
4601,4951.88,5766.50,2,4,-61.30,22.41,90.00,0,-104.98,-43.71,-84.67,-23.37,-113.95,-inf,-96.46,-35.18,-61.30,22.41,-118.96,-inf,-93.19,-31.91
4602,4951.62,5766.50,2,4,-62.63,20.85,90.00,0,-105.84,-43.25,-84.41,-21.79,-114.47,-inf,-98.50,-35.90,-62.63,20.85,-118.99,-inf,-92.23,-29.63
4603,4951.38,5766.50,2,4,-62.46,19.41,90.00,0,-105.19,-42.78,-82.72,-20.27,-116.12,-inf,-97.98,-35.57,-62.46,19.41,-117.08,-inf,-90.57,-28.16
4604,4951.12,5766.50,2,4,-60.88,20.14,90.00,0,-105.56,-44.72,-82.00,-21.13,-116.63,-inf,-96.07,-35.23,-60.88,20.14,-115.57,-inf,-89.11,-28.27
4605,4950.88,5766.50,2,4,-60.43,20.69,90.00,0,-105.53,-45.13,-82.16,-21.74,-116.01,-inf,-95.47,-35.07,-60.43,20.69,-113.55,-inf,-89.12,-28.72
4606,4950.62,5766.50,2,4,-60.83,19.38,90.00,0,-102.94,-42.16,-80.98,-20.15,-115.80,-inf,-92.96,-32.18,-60.83,19.38,-112.78,-inf,-90.57,-29.78
4607,4950.38,5766.50,2,4,-61.66,18.97,90.00,0,-103.93,-42.33,-81.22,-19.57,-115.49,-inf,-93.66,-32.06,-61.66,18.97,-113.60,-inf,-92.79,-31.18
4608,4950.12,5766.50,2,4,-59.47,20.59,90.00,0,-103.84,-44.41,-80.66,-21.20,-115.34,-inf,-92.79,-33.35,-59.47,20.59,-114.75,-inf,-92.13,-32.70
4609,4949.88,5766.50,2,4,-56.07,23.90,90.00,0,-102.63,-46.57,-80.63,-24.56,-112.85,-inf,-92.03,-35.98,-56.07,23.90,-115.04,-inf,-92.06,-36.01
4610,4949.62,5766.50,2,4,-55.34,22.14,90.00,0,-104.20,-48.88,-77.95,-22.61,-113.51,-inf,-91.37,-36.05,-55.34,22.14,-117.16,-inf,-90.21,-34.89
4611,4949.38,5766.50,2,4,-55.57,21.20,90.00,0,-105.17,-49.63,-77.40,-21.84,-112.53,-inf,-91.33,-35.80,-55.57,21.20,-116.39,-inf,-87.00,-31.46
4612,4949.12,5766.50,2,4,-57.72,20.24,90.00,0,-105.55,-47.87,-78.98,-21.27,-112.65,-inf,-91.67,-33.99,-57.72,20.24,-116.76,-inf,-85.93,-28.25
4613,4948.88,5766.50,2,4,-58.51,20.83,90.00,0,-106.07,-47.59,-80.59,-22.09,-112.55,-inf,-91.98,-33.51,-58.51,20.83,-115.98,-inf,-86.63,-28.15
4614,4948.62,5766.50,2,4,-57.46,22.14,90.00,0,-105.05,-47.62,-81.18,-23.73,-114.98,-inf,-90.97,-33.54,-57.46,22.14,-113.42,-inf,-86.16,-28.72
4615,4948.38,5766.50,2,4,-55.64,24.18,90.00,0,-106.32,-50.70,-82.38,-26.75,-113.79,-inf,-88.68,-33.06,-55.64,24.18,-112.45,-inf,-85.00,-29.37
4616,4948.12,5766.50,2,4,-55.32,23.73,90.00,0,-108.36,-53.06,-81.92,-26.60,-113.61,-inf,-87.26,-31.96,-55.32,23.73,-113.29,-inf,-83.96,-28.65
4617,4947.88,5766.50,2,4,-55.08,23.24,90.00,0,-106.84,-51.78,-82.02,-26.95,-113.56,-inf,-86.66,-31.60,-55.08,23.24,-115.72,-inf,-82.09,-27.03
4618,4947.62,5766.50,2,4,-54.55,24.34,90.00,0,-108.44,-53.90,-82.78,-28.23,-112.10,-inf,-87.46,-32.92,-54.55,24.34,-116.06,-inf,-82.43,-27.89
4619,4947.38,5766.50,2,4,-55.16,23.36,90.00,0,-107.26,-52.12,-84.02,-28.88,-114.38,-inf,-86.38,-31.24,-55.16,23.36,-117.21,-inf,-81.15,-26.00
4620,4947.12,5766.50,2,4,-52.47,27.68,90.00,0,-104.12,-51.66,-86.22,-33.75,-110.73,-inf,-87.43,-34.96,-52.47,27.68,-115.79,-inf,-82.74,-30.28
4621,4946.88,5766.50,2,4,-53.86,25.97,90.00,0,-105.51,-51.66,-85.84,-31.98,-110.87,-inf,-88.32,-34.47,-53.86,25.97,-115.34,-inf,-82.08,-28.22
4622,4946.62,5766.50,2,4,-55.30,25.35,90.00,0,-104.52,-49.24,-86.38,-31.09,-112.14,-inf,-87.54,-32.25,-55.30,25.35,-114.89,-inf,-83.56,-28.26
4623,4946.38,5766.50,2,4,-55.76,24.81,90.00,0,-105.40,-49.65,-85.42,-29.67,-113.35,-inf,-89.81,-34.06,-55.76,24.81,-115.66,-inf,-83.27,-27.51
4624,4946.12,5766.50,2,4,-57.92,24.02,90.00,0,-106.44,-48.53,-87.03,-29.12,-113.32,-inf,-90.57,-32.67,-57.92,24.02,-113.45,-inf,-84.66,-26.75
4625,4945.88,5766.50,2,4,-56.36,25.75,90.00,0,-107.35,-51.01,-86.13,-29.77,-114.26,-inf,-91.25,-34.91,-56.36,25.75,-112.58,-inf,-85.45,-29.10
4626,4945.62,5766.50,2,4,-55.70,25.74,90.00,0,-107.38,-51.70,-83.53,-27.84,-114.78,-inf,-92.77,-37.08,-55.70,25.74,-112.98,-inf,-86.79,-31.10
4627,4945.38,5766.50,2,4,-57.24,25.54,90.00,0,-107.03,-49.80,-85.74,-28.50,-112.37,-inf,-91.90,-34.68,-57.24,25.54,-112.91,-inf,-87.36,-30.13
4628,4945.12,5766.50,2,4,-58.80,24.71,90.00,0,-108.13,-49.35,-87.08,-28.30,-113.16,-inf,-92.93,-34.14,-58.80,24.71,-112.69,-inf,-87.26,-28.47
4629,4944.88,5766.50,2,4,-58.68,23.00,90.00,0,-107.10,-48.45,-83.41,-24.73,-112.41,-inf,-94.99,-36.34,-58.68,23.00,-110.85,-inf,-87.47,-28.80
4630,4944.62,5766.50,2,4,-60.20,21.73,90.00,0,-104.64,-44.47,-83.38,-23.18,-111.68,-inf,-95.80,-35.62,-60.20,21.73,-110.94,-inf,-88.47,-28.29
4631,4944.38,5766.50,2,4,-62.10,19.54,90.00,0,-104.89,-42.84,-83.21,-21.12,-111.50,-inf,-93.93,-31.87,-62.10,19.54,-109.50,-47.45,-88.17,-26.11
4632,4944.12,5766.50,2,4,-59.23,21.56,90.00,0,-103.83,-44.63,-81.99,-22.77,-110.39,-inf,-93.70,-34.51,-59.23,21.56,-109.10,-49.90,-88.40,-29.20
4633,4943.88,5766.50,2,4,-59.03,21.41,90.00,0,-104.73,-45.73,-81.74,-22.71,-108.09,-49.09,-92.89,-33.89,-59.03,21.41,-108.17,-49.17,-87.82,-28.81
4634,4943.62,5766.50,2,4,-60.55,20.80,90.00,0,-103.54,-43.02,-83.56,-23.03,-105.80,-45.29,-91.50,-30.98,-60.55,20.80,-109.33,-48.81,-86.92,-26.40
4635,4943.38,5766.50,2,4,-58.35,24.68,90.00,0,-104.51,-46.18,-85.55,-27.21,-106.51,-48.17,-92.56,-34.22,-58.35,24.68,-111.49,-inf,-88.30,-29.97
4636,4943.12,5766.50,2,4,-59.33,23.47,90.00,0,-106.53,-47.21,-84.59,-25.27,-105.77,-46.46,-93.30,-33.99,-59.33,23.47,-111.07,-inf,-89.38,-30.07
4637,4942.88,5766.50,2,4,-60.24,23.63,90.00,0,-110.41,-inf,-85.35,-25.11,-107.62,-47.40,-94.40,-34.17,-60.24,23.63,-110.29,-inf,-91.54,-31.31
4638,4942.62,5766.50,2,4,-59.99,24.81,90.00,0,-112.39,-inf,-86.10,-26.11,-108.37,-48.39,-95.70,-35.72,-59.99,24.81,-109.40,-49.42,-93.42,-33.43
4639,4942.38,5766.50,2,4,-60.60,24.96,90.00,0,-111.10,-inf,-86.90,-26.30,-108.86,-48.27,-96.54,-35.95,-60.60,24.96,-109.19,-48.60,-94.11,-33.52
4640,4942.12,5766.50,2,4,-59.33,24.89,90.00,0,-110.41,-inf,-85.38,-26.06,-110.07,-inf,-95.04,-35.73,-59.33,24.89,-106.90,-47.59,-93.39,-34.08
4641,4941.88,5766.50,2,4,-58.59,25.18,90.00,0,-107.77,-49.20,-85.13,-26.55,-111.21,-inf,-95.69,-37.11,-58.59,25.18,-108.49,-49.91,-91.34,-32.76
4642,4941.62,5766.50,2,4,-58.58,22.88,90.00,0,-108.60,-50.04,-82.73,-24.15,-109.61,-51.05,-97.56,-39.00,-58.58,22.88,-105.70,-47.14,-88.29,-29.73
4643,4941.38,5766.50,2,4,-58.47,22.37,90.00,0,-108.83,-50.38,-81.93,-23.47,-112.85,-inf,-97.33,-38.88,-58.47,22.37,-106.36,-47.92,-88.20,-29.75
4644,4941.12,5766.50,2,4,-56.44,25.09,90.00,0,-108.73,-52.30,-82.45,-26.01,-112.49,-inf,-97.74,-41.31,-56.44,25.09,-103.41,-46.98,-89.95,-33.52
4645,4940.88,5766.50,2,4,-55.09,28.89,90.00,0,-109.39,-54.31,-85.32,-30.23,-111.84,-inf,-99.60,-44.52,-55.09,28.89,-102.71,-47.63,-91.05,-35.97
4646,4940.62,5766.50,2,4,-56.07,27.62,90.00,0,-107.67,-51.61,-84.88,-28.81,-111.77,-inf,-98.48,-42.41,-56.07,27.62,-102.25,-46.18,-91.52,-35.46
4647,4940.38,5766.50,2,4,-58.51,22.04,90.00,0,-108.54,-50.06,-81.43,-22.93,-111.34,-inf,-97.01,-38.53,-58.51,22.04,-102.20,-43.73,-89.00,-30.52
4648,4940.12,5766.50,2,4,-59.36,20.81,90.00,0,-103.97,-44.64,-80.88,-21.53,-111.56,-inf,-97.68,-38.35,-59.36,20.81,-104.89,-45.57,-89.49,-30.16
4649,4939.88,5766.50,2,4,-55.91,23.15,90.00,0,-104.24,-48.35,-79.59,-23.68,-114.37,-inf,-96.93,-41.04,-55.91,23.15,-104.04,-48.15,-89.80,-33.91
4650,4939.62,5766.50,2,4,-54.52,25.02,90.00,0,-108.98,-54.47,-80.26,-25.74,-114.66,-inf,-99.88,-45.37,-54.52,25.02,-102.94,-48.43,-88.46,-33.95
4651,4939.38,5766.50,2,4,-56.50,22.01,90.00,0,-106.74,-50.27,-79.43,-22.94,-112.55,-inf,-98.88,-42.40,-56.50,22.01,-104.40,-47.93,-86.18,-29.70
4652,4939.12,5766.50,2,4,-58.75,18.43,90.00,0,-106.69,-48.00,-77.62,-18.88,-113.33,-inf,-97.25,-38.56,-58.75,18.43,-105.64,-46.95,-88.10,-29.41
4653,4938.88,5766.50,2,4,-59.41,19.86,90.00,0,-105.28,-45.92,-79.98,-20.58,-112.43,-inf,-95.77,-36.41,-59.41,19.86,-104.47,-45.11,-88.69,-29.32
4654,4938.62,5766.50,2,4,-54.62,22.50,90.00,0,-105.76,-51.16,-77.55,-22.93,-110.56,-inf,-99.90,-45.30,-54.62,22.50,-104.44,-49.84,-88.06,-33.46
4655,4938.38,5766.50,2,4,-54.83,22.98,90.00,0,-105.57,-50.76,-78.75,-23.92,-113.32,-inf,-99.62,-44.81,-54.83,22.98,-101.97,-47.17,-85.33,-30.52
4656,4938.12,5766.50,2,4,-54.52,20.85,90.00,0,-106.10,-51.61,-75.81,-21.29,-111.34,-inf,-99.77,-45.29,-54.52,20.85,-101.69,-47.20,-86.01,-31.52
4657,4937.88,5766.50,2,4,-58.15,19.88,90.00,0,-105.47,-47.36,-78.41,-20.27,-111.87,-inf,-102.80,-44.70,-58.15,19.88,-102.46,-44.36,-89.65,-31.55
4658,4937.62,5766.50,2,4,-55.59,23.81,90.00,0,-104.57,-49.00,-79.86,-24.27,-112.54,-inf,-104.15,-48.58,-55.59,23.81,-100.84,-45.27,-90.48,-34.91
4659,4937.38,5766.50,2,4,-58.46,20.32,90.00,0,-104.47,-46.05,-79.07,-20.61,-117.58,-inf,-103.38,-44.96,-58.46,20.32,-99.53,-41.11,-92.54,-34.12
4660,4937.12,5766.50,2,4,-59.46,20.39,90.00,0,-104.22,-44.79,-80.41,-20.96,-116.42,-inf,-102.78,-43.36,-59.46,20.39,-99.32,-39.90,-90.29,-30.86
4661,4936.88,5766.50,2,4,-60.58,20.21,90.00,0,-104.22,-43.69,-81.56,-20.99,-115.94,-inf,-100.53,-40.00,-60.58,20.21,-96.53,-35.99,-90.41,-29.87
4662,4936.62,5766.50,2,4,-59.36,20.89,90.00,0,-103.32,-44.00,-80.81,-21.46,-116.25,-inf,-98.09,-38.77,-59.36,20.89,-95.67,-36.34,-92.32,-33.00
4663,4936.38,5766.50,2,4,-56.38,23.11,90.00,0,-106.21,-49.85,-79.98,-23.60,-115.63,-inf,-97.44,-41.08,-56.38,23.11,-95.37,-39.00,-92.22,-35.86
4664,4936.12,5766.50,2,4,-58.51,21.55,90.00,0,-106.33,-47.85,-80.48,-21.98,-115.32,-inf,-98.34,-39.86,-58.51,21.55,-96.27,-37.79,-93.78,-35.30
4665,4935.88,5766.50,2,4,-59.29,22.24,90.00,0,-107.28,-48.02,-82.19,-22.90,-118.27,-inf,-97.69,-38.42,-59.29,22.24,-96.91,-37.64,-93.06,-33.80
4666,4935.62,5766.50,2,4,-60.46,21.52,90.00,0,-106.07,-45.64,-82.95,-22.49,-116.97,-inf,-97.71,-37.28,-60.46,21.52,-96.11,-35.68,-91.40,-30.97
4667,4935.38,5766.50,2,4,-58.87,20.79,90.00,0,-106.37,-47.54,-80.15,-21.29,-114.58,-inf,-99.34,-40.50,-58.87,20.79,-95.63,-36.80,-91.97,-33.14
4668,4935.12,5766.50,2,4,-57.66,22.38,90.00,0,-106.50,-48.87,-80.74,-23.09,-114.05,-inf,-99.54,-41.90,-57.66,22.38,-94.27,-36.63,-90.61,-32.97
4669,4934.88,5766.50,2,4,-57.82,21.04,90.00,0,-105.30,-47.51,-79.35,-21.53,-112.95,-inf,-99.87,-42.08,-57.82,21.04,-92.21,-34.42,-92.66,-34.87
4670,4934.62,5766.50,2,4,-57.32,22.44,90.00,0,-105.21,-47.91,-80.35,-23.04,-110.70,-inf,-97.35,-40.05,-57.32,22.44,-91.26,-33.96,-95.28,-37.98
4671,4934.38,5766.50,2,4,-58.67,22.58,90.00,0,-106.36,-47.71,-82.29,-23.62,-111.63,-inf,-97.28,-38.63,-58.67,22.58,-90.05,-31.40,-95.25,-36.60
4672,4934.12,5766.50,2,4,-60.68,19.27,90.00,0,-106.08,-45.45,-80.66,-19.99,-113.46,-inf,-98.84,-38.21,-60.68,19.27,-90.71,-30.08,-93.73,-33.10
4673,4933.88,5766.50,2,4,-60.93,18.41,90.00,0,-101.76,-40.89,-80.27,-19.35,-112.79,-inf,-99.72,-38.85,-60.93,18.41,-88.43,-27.55,-92.75,-31.88
4674,4933.62,5766.50,2,4,-59.19,18.25,90.00,0,-99.39,-40.26,-78.08,-18.90,-113.36,-inf,-96.91,-37.79,-59.19,18.25,-89.00,-29.87,-91.04,-31.91
4675,4933.38,5766.50,2,4,-61.40,17.01,90.00,0,-100.27,-38.96,-79.46,-18.08,-114.03,-inf,-96.59,-35.28,-61.40,17.01,-90.15,-28.83,-87.62,-26.30
4676,4933.12,5766.50,2,4,-62.27,15.98,90.00,0,-98.54,-36.39,-79.23,-16.98,-110.83,-inf,-96.93,-34.77,-62.27,15.98,-92.12,-29.96,-87.06,-24.89
4677,4932.88,5766.50,2,4,-62.21,16.16,90.00,0,-99.45,-37.34,-79.54,-17.35,-108.91,-46.80,-94.36,-32.24,-62.21,16.16,-94.37,-32.26,-86.10,-23.97
4678,4932.62,5766.50,2,4,-60.83,17.80,90.00,0,-98.39,-37.63,-79.74,-18.93,-107.23,-46.47,-91.79,-31.02,-60.83,17.80,-96.58,-35.82,-87.11,-26.34
4679,4932.38,5766.50,2,4,-62.45,17.14,90.00,0,-100.70,-38.33,-81.22,-18.80,-107.06,-44.70,-92.75,-30.38,-62.45,17.14,-95.48,-33.12,-86.16,-23.78
4680,4932.12,5766.50,2,4,-65.26,16.07,90.00,0,-98.66,-33.50,-83.46,-18.24,-108.28,-43.13,-96.42,-31.26,-65.26,16.07,-97.57,-32.42,-86.56,-21.37
4681,4931.88,5766.50,2,4,-66.57,16.03,90.00,0,-97.92,-31.45,-85.04,-18.51,-108.73,-42.26,-95.77,-29.30,-66.57,16.03,-96.50,-30.03,-87.98,-21.49
4682,4931.62,5766.50,2,4,-64.75,16.34,90.00,0,-98.64,-33.99,-84.14,-19.44,-109.65,-45.00,-97.21,-32.56,-64.75,16.34,-98.00,-33.34,-84.77,-20.08
4683,4931.38,5766.50,2,4,-64.52,16.94,90.00,0,-102.07,-37.64,-85.02,-20.55,-110.28,-inf,-96.79,-32.36,-64.52,16.94,-97.54,-33.11,-84.62,-20.15
4684,4931.12,5766.50,2,4,-67.44,12.79,90.00,0,-102.35,-35.14,-84.53,-17.23,-112.22,-inf,-95.74,-28.52,-67.44,12.79,-97.34,-30.13,-82.72,-15.38
4685,4930.88,5766.50,2,4,-68.18,11.66,90.00,0,-102.10,-34.20,-85.11,-17.13,-111.77,-inf,-93.57,-25.66,-68.18,11.66,-99.74,-31.84,-81.82,-13.75
4686,4930.62,5766.50,2,4,-70.41,9.59,90.00,0,-101.08,-31.12,-85.94,-15.87,-114.57,-inf,-96.08,-26.12,-70.41,9.59,-100.93,-30.97,-81.58,-11.32
4687,4930.38,5766.50,2,4,-72.67,8.90,90.00,0,-99.70,-27.55,-84.95,-12.57,-112.02,-inf,-94.88,-22.71,-72.67,8.90,-101.58,-29.42,-85.02,-12.64
4688,4930.12,5766.50,2,4,-71.91,10.55,90.00,0,-100.25,-28.70,-84.59,-12.82,-113.67,-inf,-92.04,-20.46,-71.91,10.55,-100.08,-28.54,-88.94,-17.31
4689,4929.88,5766.50,2,4,-73.66,9.26,90.00,0,-101.42,-28.25,-84.73,-11.24,-113.60,-inf,-93.15,-19.93,-73.66,9.26,-101.86,-28.68,-89.89,-16.63
4690,4929.62,5766.50,2,4,-74.25,6.79,90.00,0,-101.81,-28.39,-81.91,-7.82,-111.73,-inf,-94.56,-21.11,-74.25,6.79,-100.89,-27.46,-90.77,-17.27
4691,4929.38,5766.50,2,4,-75.17,6.29,90.00,0,-103.73,-29.47,-82.95,-8.07,-109.57,-35.32,-92.76,-18.44,-75.17,6.29,-100.02,-25.76,-88.85,-14.44
4692,4929.12,5766.50,2,4,-76.25,4.96,90.00,0,-100.66,-25.60,-83.05,-7.26,-108.35,-33.30,-94.05,-18.94,-76.25,4.96,-99.37,-24.30,-87.20,-11.88
4693,4928.88,5766.50,2,4,-76.34,5.77,90.00,0,-102.14,-26.81,-84.93,-9.11,-106.37,-31.05,-94.79,-19.42,-76.34,5.77,-100.24,-24.90,-86.31,-10.63
4694,4928.62,5766.50,2,4,-78.38,3.78,90.00,0,-103.46,-26.58,-84.04,-6.25,-106.31,-29.44,-94.85,-17.92,-78.38,3.78,-100.76,-23.87,-88.10,-10.89
4695,4928.38,5766.50,2,4,-77.79,1.45,90.00,0,-104.18,-28.73,-79.90,-2.52,-109.66,-34.21,-93.81,-18.30,-77.79,1.45,-101.48,-26.02,-89.87,-14.26
4696,4928.12,5766.50,2,4,-78.53,0.36,90.00,0,-106.14,-30.44,-79.44,-1.36,-109.24,-33.54,-95.49,-19.74,-78.53,0.36,-102.36,-26.65,-89.79,-13.92
4697,4927.88,5766.50,2,4,-76.56,2.10,90.00,0,-105.28,-30.80,-79.27,-3.05,-108.68,-34.20,-94.15,-19.63,-76.56,2.10,-104.27,-29.79,-89.12,-14.50
4698,4927.62,5766.50,2,4,-75.73,3.94,90.00,0,-108.05,-33.79,-80.76,-5.40,-108.49,-34.23,-93.17,-18.86,-75.73,3.94,-103.97,-29.70,-87.59,-13.12
4699,4927.38,5766.50,2,4,-74.44,5.60,90.00,0,-107.77,-34.38,-81.13,-6.95,-110.01,-inf,-94.19,-20.77,-74.44,5.60,-104.63,-31.25,-87.78,-14.24
4700,4927.12,5766.50,2,4,-74.21,6.24,90.00,0,-107.82,-34.53,-81.50,-7.50,-111.52,-inf,-95.25,-21.93,-74.21,6.24,-105.27,-31.98,-88.28,-14.85
4701,4926.88,5766.50,2,4,-74.96,6.57,90.00,0,-108.95,-34.86,-83.47,-8.84,-108.78,-34.68,-95.87,-21.75,-74.96,6.57,-106.17,-32.08,-86.74,-12.40
4702,4926.62,5766.50,2,4,-74.64,6.46,90.00,0,-109.90,-36.14,-83.41,-9.16,-109.34,-35.59,-94.51,-20.72,-74.64,6.46,-104.71,-30.95,-85.69,-11.65
4703,4926.38,5766.50,2,4,-72.83,8.13,90.00,0,-109.82,-37.61,-82.76,-10.15,-109.04,-36.83,-92.68,-20.43,-72.83,8.13,-105.33,-33.12,-86.95,-14.59
4704,4926.12,5766.50,2,4,-72.94,8.61,90.00,0,-109.41,-37.03,-83.59,-10.88,-110.69,-inf,-94.62,-22.22,-72.94,8.61,-105.18,-32.80,-86.68,-14.14
4705,4925.88,5766.50,2,4,-72.69,8.02,90.00,0,-109.11,-37.05,-84.17,-11.84,-108.27,-36.22,-95.37,-23.29,-72.69,8.02,-104.06,-32.01,-83.76,-11.40
4706,4925.62,5766.50,2,4,-72.99,7.81,90.00,0,-108.13,-35.80,-83.99,-11.36,-106.54,-34.21,-94.97,-22.62,-72.99,7.81,-104.01,-31.68,-84.17,-11.55
4707,4925.38,5766.50,2,4,-72.58,8.89,90.00,0,-107.60,-35.55,-84.16,-11.84,-109.55,-37.50,-93.51,-21.43,-72.58,8.89,-102.37,-30.32,-85.73,-13.49
4708,4925.12,5766.50,2,4,-71.98,10.18,90.00,0,-107.09,-35.51,-85.71,-13.96,-108.46,-36.87,-95.43,-23.83,-71.98,10.18,-102.93,-31.35,-85.34,-13.57
4709,4924.88,5766.50,2,4,-72.81,8.95,90.00,0,-106.06,-33.77,-85.49,-12.98,-108.95,-36.65,-97.04,-24.74,-72.81,8.95,-104.39,-32.09,-84.60,-12.04
4710,4924.62,5766.50,2,4,-75.09,5.34,90.00,0,-103.67,-29.69,-83.80,-9.34,-108.12,-34.14,-98.45,-24.45,-75.09,5.34,-104.90,-30.91,-83.42,-8.91
4711,4924.38,5766.50,2,4,-76.31,3.96,90.00,0,-103.72,-28.87,-82.95,-7.38,-107.01,-32.16,-100.91,-26.06,-76.31,3.96,-104.09,-29.25,-83.92,-8.51
4712,4924.12,5766.50,2,4,-74.95,4.42,90.00,0,-103.94,-30.32,-80.89,-6.37,-106.34,-32.72,-100.20,-26.57,-74.95,4.42,-108.25,-34.63,-85.05,-11.11
4713,4923.88,5766.50,2,4,-73.00,6.94,90.00,0,-103.70,-31.50,-82.63,-10.02,-107.93,-35.73,-99.98,-27.77,-73.00,6.94,-106.35,-34.15,-83.56,-11.03
4714,4923.62,5766.50,2,4,-73.35,5.92,90.00,0,-105.15,-32.79,-81.54,-8.61,-107.22,-34.86,-100.78,-28.42,-73.35,5.92,-104.12,-31.75,-83.44,-10.73
4715,4923.38,5766.50,2,4,-74.23,6.22,90.00,0,-105.42,-32.11,-82.47,-8.61,-104.81,-31.50,-100.63,-27.32,-74.23,6.22,-102.60,-29.29,-85.17,-11.57
4716,4923.12,5766.50,2,4,-73.10,6.74,90.00,0,-105.34,-33.07,-82.51,-9.81,-105.87,-33.60,-101.24,-28.96,-73.10,6.74,-102.09,-29.82,-83.51,-10.90
4717,4922.88,5766.50,2,4,-75.16,4.07,90.00,0,-106.84,-33.11,-81.57,-7.06,-104.24,-30.51,-98.97,-25.24,-75.16,4.07,-103.88,-30.15,-83.34,-9.11
4718,4922.62,5766.50,2,4,-75.57,4.93,90.00,0,-111.04,-inf,-83.14,-8.16,-102.34,-27.98,-99.31,-24.94,-75.57,4.93,-103.95,-29.58,-84.27,-9.45
4719,4922.38,5766.50,2,4,-76.79,2.61,90.00,0,-110.88,-inf,-81.14,-5.07,-101.22,-26.31,-101.69,-26.79,-76.79,2.61,-103.40,-28.50,-84.57,-9.18
4720,4922.12,5766.50,2,4,-76.80,3.86,90.00,0,-110.39,-inf,-82.21,-5.92,-102.52,-27.22,-103.70,-28.40,-76.80,3.86,-103.33,-28.02,-86.31,-10.65
4721,4921.88,5766.50,2,4,-76.73,3.72,90.00,0,-110.09,-inf,-82.32,-6.20,-99.85,-24.64,-103.54,-28.34,-76.73,3.72,-106.21,-31.01,-85.39,-9.76
4722,4921.62,5766.50,2,4,-76.65,5.63,90.00,0,-110.47,-inf,-85.50,-9.43,-102.38,-26.77,-102.37,-26.76,-76.65,5.63,-106.98,-31.38,-85.43,-9.35
4723,4921.38,5766.50,2,4,-77.26,3.70,90.00,0,-111.00,-inf,-83.23,-6.67,-102.75,-27.03,-102.52,-26.80,-77.26,3.70,-106.84,-31.12,-85.18,-8.94
4724,4921.12,5766.50,2,4,-80.69,-0.52,90.00,0,-110.19,-inf,-82.32,-3.21,-100.52,-23.08,-101.33,-23.90,-80.69,-0.52,-106.37,-28.95,-84.61,-6.28
4725,4920.88,5766.50,2,4,-79.07,-0.09,90.00,0,-109.64,-33.62,-80.02,-1.80,-100.04,-24.01,-100.48,-24.45,-79.07,-0.09,-108.13,-32.11,-86.25,-9.80
4726,4920.62,5766.50,2,4,-79.38,-0.21,90.00,0,-108.32,-32.06,-80.21,-1.70,-98.89,-22.60,-101.76,-25.49,-79.38,-0.21,-109.65,-33.39,-86.46,-9.76
4727,4920.38,5766.50,2,4,-78.36,1.87,90.00,0,-108.56,-32.37,-81.72,-4.12,-98.80,-22.60,-99.57,-23.37,-78.36,1.87,-109.92,-33.74,-86.21,-9.58
4728,4920.12,5766.50,2,4,-78.13,2.50,90.00,0,-107.89,-31.69,-82.03,-4.52,-100.85,-24.64,-98.69,-22.47,-78.13,2.50,-109.17,-32.97,-86.91,-10.33
4729,4919.88,5766.50,2,4,-75.06,4.51,90.00,0,-109.24,-35.49,-80.52,-5.75,-100.12,-26.36,-99.21,-25.45,-75.06,4.51,-109.33,-35.58,-87.39,-13.45
4730,4919.62,5766.50,2,4,-74.56,6.68,90.00,0,-109.23,-35.52,-83.52,-9.32,-101.43,-27.71,-100.48,-26.76,-74.56,6.68,-108.84,-35.13,-85.56,-11.55
4731,4919.38,5766.50,2,4,-76.10,6.08,90.00,0,-108.44,-33.30,-85.99,-10.48,-101.23,-26.08,-99.20,-24.04,-76.10,6.08,-109.98,-34.84,-84.92,-9.30
4732,4919.12,5766.50,2,4,-77.33,5.26,90.00,0,-106.86,-30.65,-87.12,-10.56,-100.06,-23.84,-99.80,-23.58,-77.33,5.26,-107.51,-31.30,-84.92,-8.09
4733,4918.88,5766.50,2,4,-76.74,5.87,90.00,0,-105.75,-30.00,-86.91,-10.82,-101.06,-25.31,-100.03,-24.28,-76.74,5.87,-108.80,-33.06,-85.05,-8.76
4734,4918.62,5766.50,2,4,-77.17,3.72,90.00,0,-104.35,-28.72,-85.06,-8.91,-101.31,-25.67,-100.11,-24.47,-77.17,3.72,-109.54,-33.91,-83.26,-6.81
4735,4918.38,5766.50,2,4,-77.07,4.61,90.00,0,-103.83,-28.05,-85.98,-9.76,-101.84,-26.05,-99.20,-23.40,-77.07,4.61,-109.81,-34.03,-84.05,-7.58
4736,4918.12,5766.50,2,4,-76.53,5.44,90.00,0,-105.15,-29.71,-85.77,-9.92,-103.40,-27.96,-99.87,-24.42,-76.53,5.44,-112.13,-inf,-84.64,-8.65
4737,4917.88,5766.50,2,4,-75.95,6.21,90.00,0,-107.55,-32.54,-85.98,-10.60,-103.05,-28.03,-97.65,-22.61,-75.95,6.21,-110.18,-inf,-84.91,-9.43
4738,4917.62,5766.50,2,4,-74.96,7.55,90.00,0,-108.68,-34.42,-85.83,-11.26,-101.35,-27.08,-96.87,-22.59,-74.96,7.55,-111.45,-inf,-85.84,-11.27
4739,4917.38,5766.50,2,4,-76.09,5.22,90.00,0,-108.55,-33.60,-83.96,-8.43,-104.41,-29.47,-99.47,-24.51,-76.09,5.22,-111.41,-inf,-85.05,-9.66
4740,4917.12,5766.50,2,4,-75.43,7.66,90.00,0,-108.05,-33.31,-85.77,-10.67,-106.65,-31.90,-99.05,-24.29,-75.43,7.66,-112.04,-inf,-86.98,-11.98
4741,4916.88,5766.50,2,4,-76.89,6.85,90.00,0,-109.96,-33.88,-86.52,-10.03,-106.18,-30.11,-99.82,-23.73,-76.89,6.85,-112.50,-inf,-87.54,-11.14
4742,4916.62,5766.50,2,4,-76.39,6.16,90.00,0,-108.70,-33.26,-86.08,-10.24,-105.90,-30.46,-98.60,-23.13,-76.39,6.16,-113.91,-inf,-85.49,-9.60
4743,4916.38,5766.50,2,4,-76.46,5.68,90.00,0,-107.17,-31.75,-84.45,-8.45,-108.25,-32.82,-97.72,-22.28,-76.46,5.68,-112.39,-inf,-86.53,-10.76
4744,4916.12,5766.50,2,4,-76.94,5.65,90.00,0,-107.48,-31.58,-84.50,-7.97,-109.22,-33.33,-100.46,-24.55,-76.94,5.65,-112.15,-inf,-87.58,-11.38
4745,4915.88,5766.50,2,4,-72.05,9.10,90.00,0,-108.04,-36.48,-82.77,-10.88,-109.66,-38.11,-100.45,-28.89,-72.05,9.10,-113.78,-inf,-86.66,-14.98
4746,4915.62,5766.50,2,4,-72.81,7.57,90.00,0,-108.96,-36.84,-82.17,-9.61,-110.90,-inf,-98.33,-26.21,-72.81,7.57,-113.10,-inf,-85.48,-13.16
4747,4915.38,5766.50,2,4,-72.55,7.61,90.00,0,-110.16,-inf,-83.04,-10.84,-111.46,-inf,-100.33,-28.47,-72.55,7.61,-111.73,-inf,-83.48,-11.32
4748,4915.12,5766.50,2,4,-73.46,5.64,90.00,0,-112.45,-inf,-81.10,-8.06,-109.33,-36.92,-99.71,-27.29,-73.46,5.64,-113.93,-inf,-83.65,-10.90
4749,4914.88,5766.50,2,4,-76.41,2.15,90.00,0,-111.96,-inf,-80.81,-5.35,-109.11,-34.76,-101.22,-26.87,-76.41,2.15,-114.91,-inf,-82.65,-7.61
4750,4914.62,5766.50,2,4,-79.24,-0.56,90.00,0,-112.12,-inf,-79.65,-1.31,-110.39,-inf,-98.95,-22.99,-79.24,-0.56,-116.48,-inf,-86.03,-9.65
4751,4914.38,5766.50,2,4,-78.85,0.46,90.00,0,-111.83,-inf,-80.27,-2.12,-113.03,-inf,-99.34,-23.25,-78.85,0.46,-116.14,-inf,-86.81,-10.36
4752,4914.12,5766.50,2,4,-76.72,0.43,90.00,0,-110.33,-inf,-78.66,-2.97,-112.47,-inf,-101.38,-27.46,-76.72,0.43,-114.68,-inf,-82.60,-8.04
4753,4913.88,5766.50,2,4,-77.88,-0.23,90.00,0,-111.64,-inf,-79.33,-2.72,-112.39,-inf,-99.37,-24.60,-77.88,-0.23,-115.34,-inf,-82.74,-7.24
4754,4913.62,5766.50,2,4,-79.24,-1.80,90.00,0,-107.40,-32.16,-79.04,-1.45,-110.93,-inf,-97.83,-22.57,-79.24,-1.80,-113.97,-inf,-82.81,-6.73
4755,4913.38,5766.50,2,4,-77.78,-0.62,90.00,0,-106.92,-32.47,-79.34,-3.19,-111.68,-inf,-95.90,-21.42,-77.78,-0.62,-116.59,-inf,-81.42,-6.00
4756,4913.12,5766.50,2,4,-78.69,-0.44,90.00,0,-106.95,-31.49,-81.64,-5.00,-111.54,-inf,-98.61,-23.13,-78.69,-0.44,-115.45,-inf,-81.05,-4.19
4757,4912.88,5766.50,2,4,-78.45,-0.54,90.00,0,-109.67,-34.51,-80.93,-4.43,-110.94,-inf,-98.21,-23.03,-78.45,-0.54,-114.25,-inf,-81.06,-4.60
4758,4912.62,5766.50,2,4,-77.71,1.30,90.00,0,-108.03,-32.73,-81.60,-5.13,-112.08,-inf,-99.61,-24.29,-77.71,1.30,-113.08,-inf,-82.67,-6.48
4759,4912.38,5766.50,2,4,-79.88,-0.59,90.00,0,-108.87,-32.30,-81.13,-2.71,-112.49,-inf,-98.76,-22.17,-79.88,-0.59,-110.91,-inf,-84.16,-6.77
4760,4912.12,5766.50,2,4,-79.49,1.23,90.00,0,-107.03,-29.97,-82.12,-3.45,-112.34,-inf,-98.02,-20.93,-79.49,1.23,-110.60,-inf,-86.86,-9.33
4761,4911.88,5766.50,2,4,-79.96,0.11,90.00,0,-105.54,-28.53,-81.14,-2.01,-110.35,-inf,-99.18,-22.15,-79.96,0.11,-107.95,-30.94,-87.27,-9.84
4762,4911.62,5766.50,2,4,-79.06,1.57,90.00,0,-103.82,-27.04,-81.47,-2.91,-110.13,-inf,-96.83,-20.02,-79.06,1.57,-108.89,-32.12,-89.40,-12.38
4763,4911.38,5766.50,2,4,-77.97,1.15,90.00,0,-104.52,-29.02,-79.62,-2.00,-110.42,-inf,-93.98,-18.42,-77.97,1.15,-107.54,-32.05,-91.08,-15.46
4764,4911.12,5766.50,2,4,-77.56,2.37,90.00,0,-104.19,-28.61,-80.63,-3.43,-110.71,-inf,-93.14,-17.49,-77.56,2.37,-108.12,-32.55,-90.59,-14.87
4765,4910.88,5766.50,2,4,-74.36,5.73,90.00,0,-107.32,-33.98,-81.55,-7.51,-109.30,-35.97,-92.43,-19.04,-74.36,5.73,-109.16,-35.82,-86.83,-13.30
4766,4910.62,5766.50,2,4,-75.20,5.54,90.00,0,-104.42,-30.28,-82.34,-7.50,-107.25,-33.11,-93.42,-19.23,-75.20,5.54,-109.31,-35.18,-87.04,-12.68
4767,4910.38,5766.50,2,4,-74.00,5.76,90.00,0,-105.70,-32.72,-83.17,-9.75,-106.03,-33.05,-94.50,-21.49,-74.00,5.76,-108.50,-35.52,-82.83,-9.38
4768,4910.12,5766.50,2,4,-75.38,3.93,90.00,0,-106.02,-32.11,-81.93,-7.29,-107.19,-33.28,-97.85,-23.93,-75.38,3.93,-107.75,-33.84,-83.01,-8.54
4769,4909.88,5766.50,2,4,-73.35,6.25,90.00,0,-105.39,-32.96,-81.14,-8.09,-105.31,-32.88,-97.47,-25.03,-73.35,6.25,-107.87,-35.44,-85.36,-12.71
4770,4909.62,5766.50,2,4,-72.30,6.14,90.00,0,-105.96,-34.61,-79.01,-6.85,-106.19,-34.84,-98.00,-26.64,-72.30,6.14,-111.14,-inf,-88.28,-16.84
4771,4909.38,5766.50,2,4,-72.66,4.54,90.00,0,-106.59,-35.24,-77.60,-5.08,-108.41,-37.06,-95.00,-23.62,-72.66,4.54,-113.83,-inf,-89.14,-17.71
4772,4909.12,5766.50,2,4,-74.76,-1.06,90.00,0,-104.67,-33.48,-73.93,0.56,-108.30,-37.11,-94.39,-23.18,-74.76,-1.06,-115.69,-inf,-87.82,-16.54
4773,4908.88,5766.50,2,4,-75.85,-1.43,90.00,0,-104.38,-32.31,-74.63,0.94,-107.47,-35.41,-93.28,-21.18,-75.85,-1.43,-116.24,-inf,-89.49,-17.35
4774,4908.62,5766.50,2,4,-75.46,0.12,90.00,0,-101.03,-28.52,-75.85,-0.63,-105.22,-32.71,-95.28,-22.75,-75.46,0.12,-114.69,-inf,-89.41,-16.81
4775,4908.38,5766.50,2,4,-76.85,-1.79,90.00,0,-104.24,-31.38,-75.27,1.29,-104.75,-31.89,-95.53,-22.66,-76.85,-1.79,-113.84,-inf,-90.02,-17.08
4776,4908.12,5766.50,2,4,-75.85,1.10,90.00,0,-101.93,-28.57,-77.21,-1.56,-105.54,-32.18,-96.39,-23.01,-75.85,1.10,-111.74,-inf,-91.13,-17.71
4777,4907.88,5766.50,2,4,-76.37,1.83,90.00,0,-100.56,-26.38,-78.70,-2.64,-104.27,-30.09,-93.52,-19.29,-76.37,1.83,-110.36,-inf,-89.97,-15.68
4778,4907.62,5766.50,2,4,-75.56,1.62,90.00,0,-98.78,-25.48,-77.56,-2.24,-104.41,-31.13,-93.04,-19.72,-75.56,1.62,-109.31,-36.03,-90.83,-17.47
4779,4907.38,5766.50,2,4,-77.64,-1.78,90.00,0,-98.09,-24.43,-76.22,0.93,-102.50,-28.85,-91.28,-17.56,-77.64,-1.78,-111.21,-inf,-89.97,-16.22
4780,4907.12,5766.50,2,4,-78.41,-3.91,90.00,0,-100.06,-27.03,-74.82,2.89,-101.66,-28.64,-93.14,-20.08,-78.41,-3.91,-112.46,-inf,-87.54,-14.37
4781,4906.88,5766.50,2,4,-79.58,-2.79,90.00,0,-100.36,-25.38,-77.38,1.29,-101.07,-26.10,-93.73,-18.71,-79.58,-2.79,-111.28,-inf,-87.19,-11.96
4782,4906.62,5766.50,2,4,-77.13,0.25,90.00,0,-100.61,-26.36,-77.99,-1.37,-97.05,-22.79,-95.19,-20.92,-77.13,0.25,-113.27,-inf,-87.62,-13.18
4783,4906.38,5766.50,2,4,-77.22,-1.36,90.00,0,-98.42,-24.93,-76.16,0.67,-96.28,-22.79,-96.17,-22.67,-77.22,-1.36,-112.66,-inf,-89.82,-16.25
4784,4906.12,5766.50,2,4,-75.76,-0.22,90.00,0,-95.82,-23.17,-75.84,-0.38,-97.47,-24.82,-98.07,-25.42,-75.76,-0.22,-113.28,-inf,-89.26,-16.53
4785,4905.88,5766.50,2,4,-76.27,0.45,90.00,0,-95.52,-22.02,-77.16,-1.26,-97.30,-23.81,-96.65,-23.16,-76.27,0.45,-113.46,-inf,-88.88,-15.28
4786,4905.62,5766.50,2,4,-76.80,-1.16,90.00,0,-96.13,-22.94,-76.10,0.15,-95.76,-22.57,-96.09,-22.90,-76.80,-1.16,-112.92,-inf,-87.16,-13.82
4787,4905.38,5766.50,2,4,-76.36,-1.66,90.00,0,-97.38,-24.93,-75.24,0.44,-96.90,-24.44,-95.36,-22.89,-76.36,-1.66,-114.23,-inf,-85.01,-12.32
4788,4905.12,5766.50,2,4,-75.52,0.61,90.00,0,-95.81,-22.98,-76.69,-1.59,-99.05,-26.24,-95.70,-22.87,-75.52,0.61,-113.59,-inf,-86.62,-13.63
4789,4904.88,5766.50,2,4,-75.96,0.72,90.00,0,-92.09,-18.74,-77.12,-1.52,-98.26,-24.96,-98.04,-24.74,-75.96,0.72,-111.03,-inf,-89.62,-16.23
4790,4904.62,5766.50,2,4,-76.87,0.77,90.00,0,-93.11,-18.82,-78.12,-1.61,-98.04,-23.79,-97.47,-23.22,-76.87,0.77,-112.29,-inf,-90.72,-16.40
4791,4904.38,5766.50,2,4,-81.04,-4.04,90.00,0,-92.83,-17.19,-77.40,2.78,-97.48,-21.90,-96.55,-20.95,-81.04,-4.04,-113.18,-inf,-91.49,-15.82
4792,4904.12,5766.50,2,4,-81.55,-6.39,90.00,0,-93.53,-19.21,-75.42,5.17,-94.88,-20.57,-94.13,-19.82,-81.55,-6.39,-114.54,-inf,-93.09,-18.77
4793,4903.88,5766.50,2,4,-79.43,-5.58,90.00,0,-93.00,-20.17,-74.07,4.62,-94.30,-21.48,-94.24,-21.42,-79.43,-5.58,-114.32,-inf,-91.19,-18.34
4794,4903.62,5766.50,2,4,-80.18,-6.09,90.00,0,-90.10,-16.87,-74.51,4.30,-90.93,-17.72,-91.95,-18.76,-80.18,-6.09,-113.64,-inf,-89.83,-16.60
4795,4903.38,5766.50,2,4,-80.53,-8.25,90.00,0,-90.35,-18.60,-72.53,6.67,-90.31,-18.57,-94.52,-22.82,-80.53,-8.25,-114.25,-inf,-90.60,-18.86
4796,4903.12,5766.50,2,4,-80.59,-6.72,90.00,0,-91.63,-18.55,-74.24,4.95,-91.55,-18.46,-94.52,-21.46,-80.59,-6.72,-114.16,-inf,-88.25,-15.09
4797,4902.88,5766.50,2,4,-80.48,-7.36,90.00,0,-94.45,-22.04,-73.40,5.81,-93.19,-20.77,-93.89,-21.47,-80.48,-7.36,-112.12,-inf,-87.67,-15.15
4798,4902.62,5766.50,2,4,-79.93,-7.72,90.00,0,-96.94,-25.40,-72.37,6.65,-95.25,-23.71,-94.81,-23.27,-79.93,-7.72,-111.67,-inf,-88.50,-16.89
4799,4902.38,5766.50,2,4,-80.08,-7.27,90.00,0,-98.62,-26.55,-72.95,6.40,-95.33,-23.25,-94.96,-22.88,-80.08,-7.27,-110.46,-inf,-90.33,-18.21
4800,4902.12,5766.50,2,4,-82.05,-9.07,90.00,0,-99.76,-27.28,-73.17,7.59,-96.22,-23.73,-95.35,-22.86,-82.05,-9.07,-109.45,-36.97,-88.52,-15.94
4801,4901.88,5766.50,2,4,-81.81,-7.16,90.00,0,-102.54,-28.66,-74.86,5.95,-95.87,-21.97,-95.63,-21.72,-81.81,-7.16,-107.44,-33.56,-90.06,-16.07
4802,4901.62,5766.50,2,4,-81.44,-5.62,90.00,0,-103.42,-28.65,-76.01,4.79,-95.62,-20.82,-97.27,-22.49,-81.44,-5.62,-107.60,-32.83,-92.95,-18.12
4803,4901.38,5766.50,2,4,-81.94,-5.48,90.00,0,-100.86,-25.47,-76.72,4.41,-94.11,-18.67,-96.72,-21.31,-81.94,-5.48,-107.38,-32.00,-92.90,-17.45
4804,4901.12,5766.50,2,4,-80.34,-5.68,90.00,0,-98.59,-24.96,-74.85,4.85,-93.77,-20.11,-95.12,-21.47,-80.34,-5.68,-108.69,-35.07,-93.17,-19.50
4805,4900.88,5766.50,2,4,-83.20,-8.50,90.00,0,-98.75,-24.61,-74.92,6.99,-91.17,-16.95,-96.72,-22.57,-83.20,-8.50,-109.56,-35.43,-93.61,-19.44
4806,4900.62,5766.50,2,4,-84.55,-11.55,90.00,0,-100.42,-27.70,-73.14,9.88,-91.48,-18.71,-97.45,-24.73,-84.55,-11.55,-109.92,-37.21,-94.00,-21.26
4807,4900.38,5766.50,2,4,-84.73,-14.97,90.00,0,-98.33,-28.70,-69.82,13.31,-90.97,-21.31,-99.52,-29.89,-84.73,-14.97,-110.46,-inf,-94.68,-25.05
4808,4900.12,5766.50,2,4,-84.40,-15.25,90.00,0,-100.14,-31.12,-69.19,13.98,-91.95,-22.90,-99.04,-30.01,-84.40,-15.25,-112.08,-inf,-96.57,-27.54
4809,4900.12,5766.50,0,4,-60.83,29.27,90.00,0,-109.09,-48.52,-97.42,-36.85,-93.14,-32.56,-92.66,-32.08,-60.59,27.18,-99.90,-39.32,-96.05,-35.47
4810,4900.38,5766.50,0,4,-59.95,28.22,90.00,0,-110.58,-inf,-97.41,-37.47,-93.46,-33.52,-93.24,-33.29,-59.95,28.22,-101.81,-41.87,-96.00,-36.06
4811,4900.62,5766.50,0,4,-60.06,27.57,90.00,0,-111.67,-inf,-98.53,-38.47,-92.74,-32.68,-92.89,-32.83,-60.06,27.57,-103.63,-43.58,-94.04,-33.98
4812,4900.88,5766.50,0,4,-60.76,26.16,90.00,0,-115.25,-inf,-97.80,-37.05,-91.32,-30.57,-92.46,-31.71,-60.76,26.16,-102.87,-42.12,-93.86,-33.10
4813,4901.12,5766.50,0,4,-59.89,26.98,90.00,0,-113.66,-inf,-96.83,-36.95,-92.71,-32.83,-90.32,-30.44,-59.89,26.98,-102.75,-42.87,-96.35,-36.47
4814,4901.38,5766.50,0,4,-61.70,24.98,90.00,0,-112.56,-inf,-96.37,-34.68,-94.39,-32.70,-89.84,-28.15,-61.70,24.98,-100.76,-39.07,-94.79,-33.10
4815,4901.62,5766.50,0,4,-59.46,27.80,90.00,0,-112.05,-inf,-96.24,-36.78,-94.89,-35.44,-90.52,-31.07,-59.46,27.80,-102.63,-43.18,-95.60,-36.15
4816,4901.88,5766.50,0,4,-60.42,26.85,90.00,0,-113.10,-inf,-94.68,-34.27,-96.71,-36.31,-89.97,-29.55,-60.42,26.85,-107.15,-46.75,-97.04,-36.63
4817,4902.12,5766.50,0,4,-60.38,26.63,90.00,0,-115.07,-inf,-93.33,-32.96,-98.76,-38.39,-90.76,-30.39,-60.38,26.63,-107.14,-46.77,-93.62,-33.25
4818,4902.38,5766.50,0,4,-59.93,27.24,90.00,0,-114.56,-inf,-90.90,-30.97,-101.12,-41.19,-92.59,-32.66,-59.93,27.24,-108.04,-48.11,-94.44,-34.51
4819,4902.62,5766.50,0,4,-59.63,27.59,90.00,0,-115.75,-inf,-92.95,-33.33,-99.76,-40.14,-93.49,-33.87,-59.63,27.59,-109.19,-49.57,-91.39,-31.77
4820,4902.88,5766.50,0,4,-58.72,26.17,90.00,0,-114.19,-inf,-93.82,-35.10,-97.24,-38.52,-89.30,-30.58,-58.72,26.17,-109.71,-50.99,-88.71,-29.99
4821,4903.12,5766.50,0,4,-58.81,25.91,90.00,0,-116.59,-inf,-91.22,-32.41,-97.02,-38.22,-90.23,-31.43,-58.81,25.91,-110.58,-inf,-88.65,-29.84
4822,4903.38,5766.50,0,4,-60.47,24.10,90.00,0,-116.49,-inf,-89.36,-28.90,-97.05,-36.60,-89.96,-29.50,-60.47,24.10,-110.49,-inf,-89.88,-29.42
4823,4903.62,5766.50,0,4,-59.43,25.74,90.00,0,-117.23,-inf,-90.89,-31.46,-97.93,-38.51,-90.82,-31.39,-59.43,25.74,-110.74,-inf,-89.45,-30.02
4824,4903.88,5766.50,0,4,-60.97,23.92,90.00,0,-118.04,-inf,-92.07,-31.11,-98.49,-37.54,-90.21,-29.25,-60.97,23.92,-108.69,-47.73,-88.51,-27.54
4825,4904.12,5766.50,0,4,-59.32,25.65,90.00,0,-117.97,-inf,-90.26,-30.95,-101.08,-41.77,-88.55,-29.24,-59.32,25.65,-108.55,-49.24,-91.81,-32.51
4826,4904.38,5766.50,0,4,-62.50,21.81,90.00,0,-117.17,-inf,-92.46,-29.98,-102.33,-39.86,-86.34,-23.85,-62.50,21.81,-105.25,-42.78,-92.01,-29.54
4827,4904.62,5766.50,0,4,-62.33,22.15,90.00,0,-117.96,-inf,-92.30,-29.99,-103.08,-40.78,-86.63,-24.32,-62.33,22.15,-104.49,-42.19,-92.10,-29.79
4828,4904.88,5766.50,0,4,-60.01,23.64,90.00,0,-118.25,-inf,-91.75,-31.76,-101.54,-41.55,-86.94,-26.94,-60.01,23.64,-103.02,-43.02,-88.54,-28.54
4829,4905.12,5766.50,0,4,-59.75,24.44,90.00,0,-116.75,-inf,-92.00,-32.26,-102.17,-42.43,-89.09,-29.35,-59.75,24.44,-100.22,-40.48,-87.72,-27.97
4830,4905.38,5766.50,0,4,-59.32,24.86,90.00,0,-117.90,-inf,-91.26,-31.95,-101.89,-42.58,-89.17,-29.85,-59.32,24.86,-103.86,-44.54,-87.82,-28.50
4831,4905.62,5766.50,0,4,-61.06,23.10,90.00,0,-115.92,-inf,-91.31,-30.27,-103.00,-41.97,-88.77,-27.73,-61.06,23.10,-105.62,-44.59,-87.96,-26.92
4832,4905.88,5766.50,0,4,-61.66,22.44,90.00,0,-116.59,-inf,-92.43,-30.79,-103.47,-41.83,-86.87,-25.22,-61.66,22.44,-107.37,-45.73,-89.59,-27.94
4833,4906.12,5766.50,0,4,-62.96,20.98,90.00,0,-114.59,-inf,-91.88,-28.95,-104.25,-41.32,-86.98,-24.03,-62.96,20.98,-108.16,-45.23,-89.09,-26.16
4834,4906.38,5766.50,0,4,-60.15,23.63,90.00,0,-116.98,-inf,-88.79,-28.65,-104.43,-44.30,-87.50,-27.36,-60.15,23.63,-107.43,-47.30,-90.33,-30.19
4835,4906.62,5766.50,0,4,-59.50,23.86,90.00,0,-118.78,-inf,-90.03,-30.54,-104.26,-44.78,-85.91,-26.42,-59.50,23.86,-109.41,-49.93,-90.40,-30.92
4836,4906.88,5766.50,0,4,-57.84,26.54,90.00,0,-118.82,-inf,-89.22,-31.39,-104.72,-46.90,-88.20,-30.36,-57.84,26.54,-107.90,-50.07,-91.05,-33.22
4837,4907.12,5766.50,0,4,-59.97,24.59,90.00,0,-119.09,-inf,-91.35,-31.39,-104.52,-44.56,-88.79,-28.83,-59.97,24.59,-108.46,-48.50,-88.89,-28.93
4838,4907.38,5766.50,0,4,-59.20,24.58,90.00,0,-117.40,-inf,-89.18,-29.99,-105.60,-46.41,-89.10,-29.91,-59.20,24.58,-110.03,-inf,-87.90,-28.71
4839,4907.62,5766.50,0,4,-59.59,22.84,90.00,0,-114.40,-inf,-90.39,-30.81,-104.58,-45.01,-86.63,-27.05,-59.59,22.84,-109.44,-49.87,-86.07,-26.49
4840,4907.88,5766.50,0,4,-60.39,22.78,90.00,0,-114.73,-inf,-91.45,-31.09,-104.39,-44.02,-88.83,-28.46,-60.39,22.78,-109.72,-49.36,-85.77,-25.40
4841,4908.12,5766.50,0,4,-62.40,19.23,90.00,0,-113.07,-inf,-89.41,-27.05,-106.19,-43.84,-87.22,-24.85,-62.40,19.23,-108.63,-46.28,-84.33,-21.96
4842,4908.38,5766.50,0,4,-63.05,19.48,90.00,0,-111.79,-inf,-92.36,-29.35,-105.67,-42.67,-91.12,-28.12,-63.05,19.48,-110.01,-inf,-83.87,-20.84
4843,4908.62,5766.50,0,4,-63.21,19.71,90.00,0,-113.01,-inf,-91.77,-28.60,-105.89,-42.72,-95.49,-32.32,-63.21,19.71,-108.85,-45.69,-83.97,-20.77
4844,4908.88,5766.50,0,4,-62.26,20.87,90.00,0,-108.23,-46.01,-88.47,-26.24,-107.10,-44.88,-95.99,-33.77,-62.26,20.87,-110.10,-inf,-85.14,-22.89
4845,4909.12,5766.50,0,4,-62.46,19.84,90.00,0,-106.35,-43.94,-89.55,-27.14,-109.36,-46.95,-99.07,-36.65,-62.46,19.84,-111.74,-inf,-83.45,-21.00
4846,4909.38,5766.50,0,4,-63.88,17.44,90.00,0,-106.76,-42.96,-85.96,-22.13,-109.94,-46.14,-100.33,-36.53,-63.88,17.44,-112.07,-inf,-83.35,-19.50
4847,4909.62,5766.50,0,4,-63.72,18.35,90.00,0,-108.89,-45.23,-88.17,-24.49,-111.13,-inf,-103.31,-39.65,-63.72,18.35,-112.39,-inf,-83.45,-19.75
4848,4909.88,5766.50,0,4,-63.99,15.73,90.00,0,-106.42,-42.54,-87.56,-23.66,-111.16,-inf,-103.18,-39.30,-63.99,15.73,-113.75,-inf,-80.59,-16.62
4849,4910.12,5766.50,0,4,-63.62,16.46,90.00,0,-106.51,-42.99,-86.54,-23.00,-114.42,-inf,-101.98,-38.46,-63.62,16.46,-112.42,-inf,-81.29,-17.70
4850,4910.38,5766.50,0,4,-62.06,18.09,90.00,0,-107.50,-45.51,-86.59,-24.58,-112.53,-inf,-105.83,-43.84,-62.06,18.09,-112.20,-inf,-81.36,-19.31
4851,4910.62,5766.50,0,4,-63.32,16.84,90.00,0,-107.79,-44.56,-84.97,-21.72,-110.77,-inf,-105.79,-42.56,-63.32,16.84,-111.92,-inf,-81.99,-18.71
4852,4910.88,5766.50,0,4,-62.81,17.72,90.00,0,-109.06,-46.33,-85.23,-22.47,-110.52,-inf,-107.29,-44.56,-62.81,17.72,-111.48,-inf,-82.43,-19.65
4853,4911.12,5766.50,0,4,-65.03,16.26,90.00,0,-111.84,-inf,-88.30,-23.35,-109.71,-44.78,-108.52,-43.59,-65.03,16.26,-109.18,-44.25,-82.36,-17.35
4854,4911.38,5766.50,0,4,-64.85,14.47,90.00,0,-108.40,-43.70,-88.57,-23.85,-109.13,-44.43,-109.49,-44.79,-64.85,14.47,-108.11,-43.41,-79.93,-15.10
4855,4911.62,5766.50,0,4,-65.15,14.28,90.00,0,-107.80,-42.80,-86.58,-21.55,-109.40,-44.40,-111.48,-inf,-65.15,14.28,-108.07,-43.07,-80.43,-15.31
4856,4911.88,5766.50,0,4,-65.76,14.05,90.00,0,-109.88,-44.29,-87.33,-21.72,-107.56,-41.97,-112.67,-inf,-65.76,14.05,-106.67,-41.08,-80.73,-15.00
4857,4912.12,5766.50,0,4,-64.59,14.83,90.00,0,-108.43,-43.99,-85.79,-21.31,-107.07,-42.62,-111.63,-inf,-64.59,14.83,-108.42,-43.97,-80.63,-16.08
4858,4912.38,5766.50,0,4,-61.26,19.23,90.00,0,-105.71,-44.50,-87.21,-25.99,-109.18,-47.98,-112.62,-inf,-61.26,19.23,-109.89,-48.69,-81.62,-20.37
4859,4912.62,5766.50,0,4,-63.03,18.78,90.00,0,-104.66,-41.68,-89.20,-26.22,-112.03,-inf,-111.26,-inf,-63.03,18.78,-108.21,-45.23,-82.81,-19.79
4860,4912.88,5766.50,0,4,-62.73,20.77,90.00,0,-103.93,-41.24,-90.94,-28.24,-110.59,-inf,-109.91,-47.22,-62.73,20.77,-108.16,-45.47,-84.57,-21.85
4861,4913.12,5766.50,0,4,-61.82,19.46,90.00,0,-103.28,-41.51,-89.17,-27.39,-108.97,-47.19,-108.90,-47.12,-61.82,19.46,-108.89,-47.12,-82.19,-20.37
4862,4913.38,5766.50,0,4,-61.26,22.33,90.00,0,-105.35,-44.12,-88.68,-27.44,-109.94,-48.70,-110.12,-inf,-61.26,22.33,-110.27,-inf,-85.40,-24.15
4863,4913.62,5766.50,0,4,-64.67,18.40,90.00,0,-105.62,-41.01,-89.84,-25.22,-112.04,-inf,-109.99,-45.38,-64.67,18.40,-110.81,-inf,-84.25,-19.60
4864,4913.88,5766.50,0,4,-65.93,17.16,90.00,0,-106.56,-40.70,-88.28,-22.40,-113.39,-inf,-107.42,-41.57,-65.93,17.16,-110.86,-inf,-84.84,-18.93
4865,4914.12,5766.50,0,4,-66.02,16.35,90.00,0,-104.56,-38.64,-88.69,-22.75,-111.94,-inf,-108.06,-42.13,-66.02,16.35,-110.47,-inf,-83.68,-17.68
4866,4914.38,5766.50,0,4,-66.35,15.67,90.00,0,-106.32,-40.09,-90.03,-23.78,-113.20,-inf,-108.90,-42.67,-66.35,15.67,-110.52,-inf,-82.88,-16.55
4867,4914.62,5766.50,0,4,-67.86,16.63,90.00,0,-107.84,-40.07,-90.79,-23.00,-113.80,-inf,-109.14,-41.38,-67.86,16.63,-112.24,-inf,-85.86,-18.03
4868,4914.88,5766.50,0,4,-68.67,15.37,90.00,0,-109.12,-40.58,-87.82,-19.23,-114.21,-inf,-107.67,-39.13,-68.67,15.37,-109.70,-41.15,-86.65,-18.04
4869,4915.12,5766.50,0,4,-70.47,12.80,90.00,0,-108.56,-38.31,-88.29,-17.98,-114.45,-inf,-108.19,-37.94,-70.47,12.80,-109.35,-39.11,-85.10,-14.71
4870,4915.38,5766.50,0,4,-70.05,12.04,90.00,0,-107.58,-37.79,-89.60,-19.78,-112.39,-inf,-108.81,-39.03,-70.05,12.04,-106.47,-36.68,-83.07,-13.08
4871,4915.62,5766.50,0,4,-71.14,8.30,90.00,0,-106.63,-36.09,-88.54,-17.93,-111.91,-inf,-108.98,-38.44,-71.14,8.30,-108.05,-37.50,-80.08,-9.02
4872,4915.88,5766.50,0,4,-73.11,3.11,90.00,0,-107.02,-35.64,-88.74,-17.28,-111.81,-inf,-108.90,-37.52,-73.11,3.11,-109.59,-38.20,-76.49,-3.52
4873,4916.12,5766.50,0,4,-74.39,4.43,90.00,0,-107.27,-34.21,-89.94,-16.80,-109.17,-36.12,-108.08,-35.03,-74.39,4.43,-107.76,-34.71,-79.23,-4.98
4874,4916.38,5766.50,0,4,-74.61,2.52,90.00,0,-106.37,-33.70,-89.97,-17.21,-112.26,-inf,-106.18,-33.51,-74.61,2.52,-107.80,-35.13,-77.39,-2.93
4875,4916.62,5766.50,0,4,-74.54,1.85,90.00,0,-107.25,-34.89,-90.57,-18.15,-112.63,-inf,-104.27,-31.91,-74.54,1.85,-108.21,-35.85,-76.59,-2.18
4876,4916.88,5766.50,0,4,-72.88,3.41,90.00,0,-111.17,-inf,-87.12,-15.75,-111.23,-inf,-104.87,-33.62,-72.88,3.41,-109.60,-38.35,-76.70,-3.99
4877,4917.12,5766.50,0,4,-75.18,2.38,90.00,0,-111.50,-inf,-84.18,-10.62,-112.07,-inf,-104.99,-31.80,-75.18,2.38,-109.01,-35.81,-78.67,-4.02
4878,4917.38,5766.50,0,4,-77.33,0.43,90.00,0,-111.68,-inf,-84.62,-9.64,-112.35,-inf,-104.85,-30.32,-77.33,0.43,-111.21,-inf,-78.81,-2.24
4879,4917.62,5766.50,0,4,-77.51,1.60,90.00,0,-111.81,-inf,-82.63,-6.54,-115.11,-inf,-105.19,-29.96,-77.51,1.60,-110.52,-inf,-81.74,-5.42
4880,4917.88,5766.50,0,4,-78.05,2.15,90.00,0,-112.63,-inf,-83.75,-6.98,-114.06,-inf,-104.92,-28.94,-78.05,2.15,-109.85,-33.87,-82.84,-5.85
4881,4918.12,5766.50,0,4,-80.13,-0.29,90.00,0,-111.31,-inf,-82.76,-4.46,-111.19,-inf,-105.67,-28.69,-80.13,-0.29,-109.89,-32.91,-83.07,-4.87
4882,4918.38,5766.50,0,4,-79.46,0.98,90.00,0,-109.74,-32.82,-83.08,-4.96,-110.39,-inf,-105.09,-28.17,-79.46,0.98,-109.78,-32.86,-84.03,-6.18
4883,4918.62,5766.50,0,4,-79.76,-0.00,90.00,0,-109.39,-32.63,-82.43,-4.31,-111.42,-inf,-105.68,-28.92,-79.76,-0.00,-110.79,-inf,-83.27,-5.42
4884,4918.88,5766.50,0,4,-78.74,1.13,90.00,0,-110.00,-33.74,-84.96,-8.07,-112.86,-inf,-105.12,-28.86,-78.74,1.13,-109.90,-33.64,-81.57,-3.80
4885,4919.12,5766.50,0,4,-79.83,0.72,90.00,0,-109.81,-32.65,-85.39,-7.51,-111.49,-inf,-108.00,-30.83,-79.83,0.72,-107.14,-29.97,-82.39,-3.67
4886,4919.38,5766.50,0,4,-80.43,-0.13,90.00,0,-109.04,-31.69,-84.05,-5.66,-111.71,-inf,-106.47,-29.11,-80.43,-0.13,-108.74,-31.39,-82.79,-3.97
4887,4919.62,5766.50,0,4,-79.64,0.80,90.00,0,-106.04,-29.02,-82.73,-4.36,-109.32,-32.31,-107.86,-30.85,-79.64,0.80,-108.27,-31.26,-84.52,-6.66
4888,4919.88,5766.50,0,4,-80.04,-0.18,90.00,0,-106.31,-29.37,-82.32,-3.90,-108.44,-31.50,-107.15,-30.21,-80.04,-0.18,-104.94,-27.99,-83.68,-5.71
4889,4920.12,5766.50,0,4,-82.41,-3.28,90.00,0,-103.08,-25.60,-82.60,-3.55,-104.13,-26.66,-105.71,-28.24,-82.41,-3.28,-106.98,-29.51,-81.89,-2.48
4890,4920.38,5766.50,0,4,-80.61,-1.53,90.00,0,-105.44,-28.67,-82.51,-4.39,-106.50,-29.74,-103.17,-26.40,-80.61,-1.53,-105.97,-29.20,-81.85,-3.47
4891,4920.62,5766.50,0,4,-76.51,1.84,90.00,0,-106.58,-32.25,-82.29,-7.20,-105.08,-30.75,-102.65,-28.32,-76.51,1.84,-105.02,-30.69,-80.73,-5.27
4892,4920.88,5766.50,0,4,-77.70,-0.62,90.00,0,-105.81,-31.43,-81.18,-5.80,-105.23,-30.85,-105.13,-30.75,-77.70,-0.62,-104.01,-29.64,-79.30,-3.25
4893,4921.12,5766.50,0,4,-74.67,5.85,90.00,0,-107.83,-34.16,-84.03,-9.95,-103.80,-30.13,-102.56,-28.89,-74.67,5.85,-106.38,-32.71,-83.29,-9.12
4894,4921.38,5766.50,0,4,-73.14,7.13,90.00,0,-107.07,-34.70,-83.12,-10.37,-105.22,-32.85,-104.70,-32.32,-73.14,7.13,-104.63,-32.26,-83.67,-10.97
4895,4921.62,5766.50,0,4,-72.99,6.15,90.00,0,-103.00,-30.95,-80.96,-8.31,-106.07,-34.02,-104.47,-32.42,-72.99,6.15,-104.09,-32.04,-84.07,-11.74
4896,4921.88,5766.50,0,4,-72.17,6.96,90.00,0,-106.01,-34.64,-80.79,-8.89,-105.17,-33.80,-104.86,-33.49,-72.17,6.96,-107.17,-35.80,-84.34,-12.74
4897,4922.12,5766.50,0,4,-73.79,4.19,90.00,0,-108.09,-35.71,-80.12,-6.93,-105.83,-33.44,-106.62,-34.23,-73.79,4.19,-108.57,-36.18,-82.20,-9.34
4898,4922.38,5766.50,0,4,-70.33,9.14,90.00,0,-107.36,-37.53,-81.00,-10.82,-106.59,-36.75,-108.25,-38.42,-70.33,9.14,-108.45,-38.61,-84.99,-15.03
4899,4922.62,5766.50,0,4,-74.00,6.43,90.00,0,-106.13,-33.02,-83.63,-10.11,-109.13,-36.02,-107.13,-34.02,-74.00,6.43,-112.39,-inf,-83.40,-9.86
4900,4922.88,5766.50,0,4,-75.63,4.70,90.00,0,-104.31,-29.94,-85.78,-11.10,-110.20,-inf,-107.69,-33.33,-75.63,4.70,-111.69,-inf,-81.89,-6.68
4901,4923.12,5766.50,0,4,-73.57,7.41,90.00,0,-102.91,-30.06,-86.11,-13.05,-109.86,-37.02,-107.50,-34.66,-73.57,7.41,-111.81,-inf,-82.72,-9.40
4902,4923.38,5766.50,0,4,-74.21,4.06,90.00,0,-103.84,-31.06,-84.22,-11.12,-112.15,-inf,-106.15,-33.37,-74.21,4.06,-112.23,-inf,-79.61,-5.83
4903,4923.62,5766.50,0,4,-73.69,6.70,90.00,0,-102.73,-29.88,-83.35,-10.10,-110.58,-inf,-104.57,-31.73,-73.69,6.70,-110.46,-inf,-83.62,-10.40
4904,4923.88,5766.50,0,4,-71.20,9.06,90.00,0,-101.78,-31.09,-84.94,-14.08,-115.09,-inf,-102.26,-31.57,-71.20,9.06,-108.10,-37.41,-82.23,-11.23
4905,4924.12,5766.50,0,4,-70.57,8.32,90.00,0,-100.22,-30.25,-83.53,-13.36,-115.42,-inf,-103.03,-33.05,-70.57,8.32,-106.69,-36.72,-80.86,-10.51
4906,4924.38,5766.50,0,4,-70.79,10.33,90.00,0,-99.50,-29.10,-84.54,-13.97,-115.74,-inf,-101.38,-30.98,-70.79,10.33,-106.44,-36.04,-84.07,-13.47
4907,4924.62,5766.50,0,4,-71.02,10.32,90.00,0,-99.48,-28.84,-85.23,-14.44,-115.93,-inf,-100.23,-29.59,-71.02,10.32,-108.69,-38.06,-83.96,-13.12
4908,4924.88,5766.50,0,4,-71.43,10.29,90.00,0,-99.53,-28.49,-85.51,-14.31,-116.00,-inf,-102.21,-31.16,-71.43,10.29,-111.58,-inf,-84.38,-13.13
4909,4925.12,5766.50,0,4,-72.19,10.20,90.00,0,-99.92,-28.12,-86.13,-14.17,-116.43,-inf,-103.56,-31.77,-72.19,10.20,-112.37,-inf,-85.11,-13.12
4910,4925.38,5766.50,0,4,-70.99,9.77,90.00,0,-99.06,-28.50,-85.61,-14.91,-113.67,-inf,-105.88,-35.33,-70.99,9.77,-112.46,-inf,-82.68,-11.86
4911,4925.62,5766.50,0,4,-73.91,5.69,90.00,0,-100.54,-27.66,-84.94,-11.79,-114.37,-inf,-107.45,-34.58,-73.91,5.69,-112.07,-inf,-81.22,-7.66
4912,4925.88,5766.50,0,4,-74.29,5.24,90.00,0,-101.90,-28.75,-84.56,-11.08,-114.28,-inf,-105.97,-32.82,-74.29,5.24,-109.81,-36.66,-81.28,-7.41
4913,4926.12,5766.50,0,4,-72.63,6.48,90.00,0,-103.64,-31.89,-84.26,-12.25,-111.92,-inf,-108.00,-36.25,-72.63,6.48,-109.48,-37.73,-80.78,-8.45
4914,4926.38,5766.50,0,4,-71.72,8.16,90.00,0,-102.80,-31.70,-86.12,-14.88,-111.38,-inf,-108.23,-37.13,-71.72,8.16,-110.90,-inf,-81.15,-9.60
4915,4926.62,5766.50,0,4,-70.51,7.41,90.00,0,-101.70,-31.91,-84.51,-14.57,-114.98,-inf,-107.27,-37.48,-70.51,7.41,-112.40,-inf,-79.06,-8.72
4916,4926.88,5766.50,0,4,-70.11,8.74,90.00,0,-100.97,-31.40,-82.69,-12.91,-115.46,-inf,-104.56,-35.00,-70.11,8.74,-108.59,-39.03,-81.29,-11.43
4917,4927.12,5766.50,0,4,-71.84,7.64,90.00,0,-103.98,-32.82,-84.09,-12.71,-115.94,-inf,-104.51,-33.36,-71.84,7.64,-108.87,-37.71,-81.44,-9.86
4918,4927.38,5766.50,0,4,-69.83,8.66,90.00,0,-104.62,-35.35,-84.07,-14.65,-115.64,-inf,-101.33,-32.06,-69.83,8.66,-109.84,-40.56,-79.99,-10.33
4919,4927.62,5766.50,0,4,-67.51,11.21,90.00,0,-102.68,-35.49,-83.75,-16.46,-118.14,-inf,-101.64,-34.45,-67.51,11.21,-108.59,-41.40,-80.46,-13.06
4920,4927.88,5766.50,0,4,-64.47,13.33,90.00,0,-103.63,-39.35,-85.75,-21.44,-118.40,-inf,-103.02,-38.75,-64.47,13.33,-110.41,-inf,-78.63,-14.19
4921,4928.12,5766.50,0,4,-66.75,11.37,90.00,0,-101.86,-35.41,-86.44,-19.95,-115.35,-inf,-102.48,-36.04,-66.75,11.37,-111.43,-inf,-78.89,-12.19
4922,4928.38,5766.50,0,4,-66.37,9.78,90.00,0,-99.63,-33.69,-88.54,-22.59,-115.93,-inf,-101.88,-35.95,-66.37,9.78,-111.66,-inf,-76.46,-10.12
4923,4928.62,5766.50,0,4,-64.66,12.65,90.00,0,-100.87,-36.45,-87.72,-23.28,-118.23,-inf,-100.89,-36.47,-64.66,12.65,-113.85,-inf,-77.79,-13.15
4924,4928.88,5766.50,0,4,-62.72,14.81,90.00,0,-101.34,-38.77,-87.70,-25.11,-116.51,-inf,-98.42,-35.84,-62.72,14.81,-114.70,-inf,-78.05,-15.35
4925,4929.12,5766.50,0,4,-64.47,13.66,90.00,0,-101.11,-36.83,-86.06,-21.75,-115.87,-inf,-97.18,-32.90,-64.47,13.66,-114.78,-inf,-79.02,-14.58
4926,4929.38,5766.50,0,4,-65.92,13.82,90.00,0,-104.68,-38.93,-86.90,-21.12,-117.09,-inf,-94.69,-28.93,-65.92,13.82,-115.22,-inf,-80.92,-15.04
4927,4929.62,5766.50,0,4,-63.30,17.17,90.00,0,-103.15,-39.94,-86.49,-23.25,-118.17,-inf,-95.43,-32.21,-63.30,17.17,-114.01,-inf,-82.01,-18.74
4928,4929.88,5766.50,0,4,-61.65,18.80,90.00,0,-102.60,-41.01,-86.49,-24.88,-119.62,-inf,-98.00,-36.41,-61.65,18.80,-111.14,-inf,-81.89,-20.26
4929,4930.12,5766.50,0,4,-62.63,18.49,90.00,0,-103.36,-40.79,-88.06,-25.47,-118.60,-inf,-97.93,-35.36,-62.63,18.49,-110.79,-inf,-82.33,-19.71
4930,4930.38,5766.50,0,4,-63.92,19.82,90.00,0,-103.27,-39.39,-89.28,-25.39,-118.45,-inf,-94.34,-30.46,-63.92,19.82,-111.41,-inf,-85.97,-22.06
4931,4930.62,5766.50,0,4,-65.27,19.28,90.00,0,-102.83,-37.61,-90.82,-25.58,-119.80,-inf,-94.07,-28.84,-65.27,19.28,-110.95,-inf,-86.71,-21.45
4932,4930.88,5766.50,0,4,-63.36,22.19,90.00,0,-104.48,-41.15,-90.96,-27.62,-118.58,-inf,-93.83,-30.50,-63.36,22.19,-109.22,-45.89,-88.46,-25.12
4933,4931.12,5766.50,0,4,-64.13,22.96,90.00,0,-102.10,-37.99,-93.64,-29.52,-118.12,-inf,-95.24,-31.13,-64.13,22.96,-108.79,-44.68,-89.80,-25.68
4934,4931.38,5766.50,0,4,-65.34,21.80,90.00,0,-98.93,-33.63,-93.89,-28.57,-120.36,-inf,-95.23,-29.92,-65.34,21.80,-107.29,-41.98,-90.10,-24.78
4935,4931.62,5766.50,0,4,-65.30,21.74,90.00,0,-99.44,-34.16,-95.36,-30.08,-119.62,-inf,-93.37,-28.09,-65.30,21.74,-108.58,-43.30,-90.01,-24.72
4936,4931.88,5766.50,0,4,-63.57,23.32,90.00,0,-99.12,-35.57,-94.03,-30.48,-120.65,-inf,-93.40,-29.85,-63.57,23.32,-108.60,-45.06,-90.17,-26.62
4937,4932.12,5766.50,0,4,-61.66,26.00,90.00,0,-101.52,-39.87,-93.84,-32.18,-118.55,-inf,-92.93,-31.27,-61.66,26.00,-108.69,-47.04,-92.18,-30.53
4938,4932.38,5766.50,0,4,-61.85,27.29,90.00,0,-102.65,-40.80,-95.08,-33.23,-117.61,-inf,-95.35,-33.50,-61.85,27.29,-110.90,-inf,-93.36,-31.51
4939,4932.62,5766.50,0,4,-60.27,29.21,90.00,0,-105.25,-44.98,-94.44,-34.17,-115.43,-inf,-96.42,-36.15,-60.27,29.21,-110.74,-inf,-93.89,-33.62
4940,4932.88,5766.50,0,4,-62.35,27.63,90.00,0,-106.56,-44.22,-96.42,-34.07,-112.29,-inf,-97.79,-35.45,-62.35,27.63,-109.82,-47.48,-93.21,-30.86
4941,4933.12,5766.50,0,4,-61.85,27.70,90.00,0,-106.70,-44.86,-96.29,-34.45,-113.01,-inf,-96.85,-35.01,-61.85,27.70,-111.06,-inf,-92.61,-30.76
4942,4933.38,5766.50,0,4,-59.77,28.56,90.00,0,-105.37,-45.60,-95.59,-35.83,-114.93,-inf,-97.53,-37.76,-59.77,28.56,-108.86,-49.10,-90.59,-30.82
4943,4933.62,5766.50,0,4,-59.43,28.66,90.00,0,-105.95,-46.53,-95.80,-36.37,-115.49,-inf,-97.52,-38.10,-59.43,28.66,-107.88,-48.46,-90.12,-30.70
4944,4933.88,5766.50,0,4,-57.99,29.32,90.00,0,-106.69,-48.70,-96.44,-38.46,-115.02,-inf,-95.07,-37.09,-57.99,29.32,-107.68,-49.69,-89.28,-31.29
4945,4934.12,5766.50,0,4,-58.01,29.60,90.00,0,-105.58,-47.57,-97.07,-39.07,-114.21,-inf,-93.68,-35.67,-58.01,29.60,-102.53,-44.53,-90.33,-32.32
4946,4934.38,5766.50,0,4,-57.27,31.70,90.00,0,-107.23,-49.97,-99.05,-41.78,-111.98,-inf,-95.42,-38.15,-57.27,31.70,-101.99,-44.73,-91.72,-34.45
4947,4934.62,5766.50,0,4,-56.49,33.03,90.00,0,-109.03,-52.54,-99.10,-42.61,-113.68,-inf,-94.46,-37.97,-56.49,33.03,-102.00,-45.51,-93.38,-36.89
4948,4934.88,5766.50,0,4,-53.61,33.75,90.00,0,-108.83,-55.22,-96.92,-43.31,-113.64,-inf,-92.97,-39.36,-53.61,33.75,-102.23,-48.62,-90.20,-36.59
4949,4935.12,5766.50,0,4,-52.64,34.40,90.00,0,-108.82,-56.18,-97.13,-44.49,-114.80,-inf,-92.05,-39.41,-52.64,34.40,-100.98,-48.34,-90.14,-37.50
4950,4935.38,5766.50,0,4,-52.76,34.46,90.00,0,-107.31,-54.56,-95.80,-43.05,-113.42,-inf,-91.99,-39.24,-52.76,34.46,-101.26,-48.51,-90.92,-38.17
4951,4935.62,5766.50,0,4,-52.16,36.23,90.00,0,-107.73,-55.57,-95.77,-43.60,-110.67,-inf,-94.27,-42.11,-52.16,36.23,-99.08,-46.92,-92.44,-40.28
4952,4935.88,5766.50,0,4,-52.21,35.39,90.00,0,-106.76,-54.56,-94.94,-42.74,-108.26,-56.06,-93.29,-41.08,-52.21,35.39,-97.86,-45.65,-91.87,-39.66
4953,4936.12,5766.50,0,4,-52.92,34.98,90.00,0,-105.47,-52.55,-93.45,-40.53,-110.16,-inf,-93.40,-40.48,-52.92,34.98,-99.74,-46.82,-93.21,-40.29
4954,4936.38,5766.50,0,4,-53.22,33.07,90.00,0,-103.03,-49.81,-94.10,-40.88,-112.67,-inf,-92.31,-39.09,-53.22,33.07,-99.58,-46.37,-89.54,-36.32
4955,4936.62,5766.50,0,4,-51.85,35.44,90.00,0,-101.17,-49.32,-96.65,-44.80,-113.12,-inf,-92.31,-40.46,-51.85,35.44,-100.18,-48.33,-91.02,-39.17
4956,4936.88,5766.50,0,4,-50.59,36.56,90.00,0,-103.41,-52.82,-97.44,-46.85,-112.01,-inf,-92.08,-41.49,-50.59,36.56,-98.78,-48.19,-90.71,-40.12
4957,4937.12,5766.50,0,4,-49.71,38.17,90.00,0,-103.96,-54.25,-100.60,-50.89,-113.10,-inf,-91.14,-41.43,-49.71,38.17,-100.78,-51.07,-92.59,-42.88
4958,4937.38,5766.50,0,4,-48.15,39.64,90.00,0,-103.99,-55.84,-98.42,-50.27,-114.69,-inf,-90.07,-41.92,-48.15,39.64,-100.66,-52.51,-95.07,-46.92
4959,4937.62,5766.50,0,4,-49.68,38.66,90.00,0,-103.38,-53.71,-98.17,-48.50,-112.24,-inf,-90.70,-41.02,-49.68,38.66,-100.07,-50.40,-96.61,-46.94
4960,4937.88,5766.50,0,4,-51.98,35.35,90.00,0,-102.79,-50.81,-96.63,-44.65,-111.35,-inf,-89.28,-37.30,-51.98,35.35,-100.76,-48.78,-96.66,-44.68
4961,4938.12,5766.50,0,4,-55.48,30.96,90.00,0,-101.80,-46.33,-96.60,-41.13,-113.19,-inf,-87.66,-32.19,-55.48,30.96,-100.26,-44.79,-100.93,-45.45
4962,4938.38,5766.50,0,4,-56.25,29.24,90.00,0,-101.23,-44.99,-97.87,-41.63,-113.47,-inf,-86.32,-30.08,-56.25,29.24,-100.10,-43.85,-102.53,-46.29
4963,4938.62,5766.50,0,4,-60.29,27.64,90.00,0,-100.62,-40.34,-96.98,-36.70,-111.71,-inf,-89.75,-29.46,-60.29,27.64,-99.87,-39.58,-102.27,-41.98
4964,4938.88,5766.50,0,4,-58.00,28.77,90.00,0,-102.46,-44.46,-96.64,-38.64,-110.76,-inf,-88.12,-30.12,-58.00,28.77,-99.00,-41.00,-102.09,-44.09
4965,4939.12,5766.50,0,4,-58.11,29.84,90.00,0,-101.37,-43.26,-95.07,-36.96,-112.66,-inf,-90.42,-32.31,-58.11,29.84,-98.20,-40.09,-102.37,-44.26
4966,4939.38,5766.50,0,4,-60.30,28.38,90.00,0,-101.29,-40.99,-94.94,-34.64,-110.86,-inf,-91.50,-31.19,-60.30,28.38,-100.16,-39.86,-102.69,-42.39
4967,4939.62,5766.50,0,4,-63.85,25.44,90.00,0,-102.21,-38.37,-96.42,-32.58,-112.03,-inf,-91.91,-28.07,-63.85,25.44,-100.61,-36.77,-102.41,-38.57
4968,4939.88,5766.50,0,4,-66.37,23.87,90.00,0,-100.71,-34.36,-97.06,-30.71,-114.02,-inf,-94.19,-27.83,-66.37,23.87,-100.38,-34.02,-100.42,-34.06
4969,4940.12,5766.50,0,4,-69.94,20.05,90.00,0,-101.47,-31.56,-96.45,-26.54,-113.35,-inf,-94.45,-24.54,-69.94,20.05,-97.38,-27.47,-102.06,-32.16
4970,4940.38,5766.50,0,4,-70.49,19.92,90.00,0,-102.23,-31.79,-95.80,-25.34,-113.74,-inf,-95.75,-25.29,-70.49,19.92,-98.35,-27.90,-101.29,-30.84
4971,4940.62,5766.50,0,4,-70.47,19.10,90.00,0,-100.80,-30.38,-95.54,-25.11,-115.95,-inf,-94.31,-23.88,-70.47,19.10,-96.69,-26.27,-102.28,-31.87
4972,4940.88,5766.50,0,4,-69.90,19.86,90.00,0,-102.25,-32.39,-98.19,-28.33,-115.15,-inf,-93.21,-23.34,-69.90,19.86,-97.22,-27.35,-101.05,-31.19
4973,4941.12,5766.50,0,4,-69.26,20.95,90.00,0,-102.75,-33.52,-96.62,-27.39,-113.68,-inf,-94.52,-25.28,-69.26,20.95,-98.20,-28.96,-101.15,-31.92
4974,4941.38,5766.50,0,4,-69.76,19.70,90.00,0,-100.78,-31.07,-95.37,-25.65,-113.33,-inf,-93.50,-23.76,-69.76,19.70,-98.09,-28.37,-102.43,-32.71
4975,4941.62,5766.50,0,4,-69.30,20.55,90.00,0,-100.44,-31.18,-93.98,-24.70,-113.34,-inf,-96.49,-27.22,-69.30,20.55,-97.73,-28.46,-102.87,-33.60
4976,4941.88,5766.50,0,4,-68.82,20.41,90.00,0,-102.71,-33.93,-92.31,-23.51,-113.80,-inf,-95.58,-26.79,-68.82,20.41,-99.45,-30.67,-101.92,-33.14
4977,4942.12,5766.50,0,4,-70.48,18.18,90.00,0,-102.57,-32.15,-91.50,-21.05,-113.43,-inf,-94.51,-24.07,-70.48,18.18,-100.25,-29.83,-103.16,-32.74
4978,4942.38,5766.50,0,4,-71.52,16.71,90.00,0,-102.46,-31.03,-90.68,-19.20,-112.80,-inf,-94.36,-22.91,-71.52,16.71,-101.08,-29.64,-103.23,-31.79
4979,4942.62,5766.50,0,4,-71.63,16.04,90.00,0,-104.21,-32.69,-90.23,-18.65,-113.42,-inf,-92.99,-21.44,-71.63,16.04,-101.17,-29.64,-103.50,-31.97
4980,4942.88,5766.50,0,4,-71.00,17.56,90.00,0,-102.72,-31.79,-92.13,-21.17,-114.51,-inf,-92.85,-21.90,-71.00,17.56,-103.36,-32.44,-101.92,-31.00
4981,4943.12,5766.50,0,4,-70.93,17.07,90.00,0,-105.52,-34.67,-93.40,-22.53,-115.93,-inf,-90.36,-19.46,-70.93,17.07,-104.33,-33.49,-103.90,-33.05
4982,4943.38,5766.50,0,4,-69.34,14.43,90.00,0,-105.73,-36.54,-93.06,-23.86,-113.29,-inf,-84.59,-15.27,-69.34,14.43,-104.57,-35.38,-102.27,-33.08
4983,4943.62,5766.50,0,4,-68.07,15.73,90.00,0,-105.54,-37.59,-92.41,-24.44,-113.29,-inf,-84.76,-16.71,-68.07,15.73,-104.29,-36.34,-100.67,-32.71
4984,4943.88,5766.50,0,4,-66.58,16.94,90.00,0,-104.58,-38.08,-91.16,-24.65,-113.17,-inf,-84.68,-18.12,-66.58,16.94,-104.30,-37.80,-100.05,-33.55
4985,4944.12,5766.50,0,4,-67.80,12.64,90.00,0,-107.03,-39.45,-91.26,-23.67,-110.55,-inf,-80.96,-13.18,-67.80,12.64,-103.52,-35.95,-99.85,-32.27
4986,4944.38,5766.50,0,4,-67.86,13.46,90.00,0,-108.37,-40.70,-91.67,-23.98,-114.40,-inf,-81.97,-14.13,-67.86,13.46,-100.61,-32.94,-98.68,-31.01
4987,4944.62,5766.50,0,4,-68.49,12.91,90.00,0,-109.84,-41.56,-90.83,-22.53,-114.63,-inf,-82.20,-13.75,-68.49,12.91,-99.95,-31.68,-97.26,-28.98
4988,4944.88,5766.50,0,4,-70.28,11.12,90.00,0,-113.46,-inf,-90.25,-20.25,-113.30,-inf,-82.20,-11.98,-70.28,11.12,-102.62,-32.66,-99.22,-29.26
4989,4945.12,5766.50,0,4,-70.88,11.46,90.00,0,-113.02,-inf,-90.08,-19.45,-114.36,-inf,-83.42,-12.61,-70.88,11.46,-104.81,-34.23,-97.76,-27.17
4990,4945.38,5766.50,0,4,-70.89,15.52,90.00,0,-112.75,-inf,-93.75,-22.95,-115.62,-inf,-88.21,-17.36,-70.89,15.52,-105.12,-34.35,-96.49,-25.71
4991,4945.62,5766.50,0,4,-71.05,15.69,90.00,0,-115.04,-inf,-92.37,-21.40,-116.63,-inf,-89.72,-18.73,-71.05,15.69,-103.28,-32.34,-94.89,-23.93
4992,4945.88,5766.50,0,4,-69.58,17.95,90.00,0,-115.31,-inf,-92.59,-23.06,-115.64,-inf,-90.83,-21.29,-69.58,17.95,-102.09,-32.58,-96.40,-26.88
4993,4946.12,5766.50,0,4,-68.12,18.24,90.00,0,-117.41,-inf,-90.02,-21.94,-116.20,-inf,-90.71,-22.63,-68.12,18.24,-102.13,-34.07,-95.09,-27.03
4994,4946.38,5766.50,0,4,-69.19,16.19,90.00,0,-121.06,-inf,-87.42,-18.26,-116.02,-inf,-93.15,-24.05,-69.19,16.19,-104.62,-35.53,-93.30,-24.19
4995,4946.62,5766.50,0,4,-70.01,16.07,90.00,0,-123.05,-inf,-89.03,-19.08,-112.96,-inf,-93.18,-23.25,-70.01,16.07,-103.90,-34.00,-92.27,-22.34
4996,4946.88,5766.50,0,4,-70.81,15.13,90.00,0,-122.47,-inf,-89.14,-18.40,-109.43,-38.75,-93.81,-23.11,-70.81,15.13,-101.54,-30.86,-91.37,-20.65
4997,4947.12,5766.50,0,4,-70.50,15.40,90.00,0,-121.83,-inf,-88.32,-17.88,-109.26,-38.89,-95.98,-25.59,-70.50,15.40,-101.82,-31.45,-91.75,-21.35
4998,4947.38,5766.50,0,4,-69.06,17.71,90.00,0,-121.41,-inf,-88.96,-19.92,-106.99,-38.00,-97.45,-28.45,-69.06,17.71,-98.88,-29.88,-93.95,-24.95
4999,4947.62,5766.50,0,4,-66.55,20.68,90.00,0,-122.68,-inf,-88.74,-22.21,-105.05,-38.54,-102.51,-35.99,-66.55,20.68,-100.35,-33.84,-95.53,-29.02
5000,4947.88,5766.50,0,4,-65.13,21.06,90.00,0,-123.31,-inf,-87.27,-22.14,-107.33,-42.23,-102.31,-37.21,-65.13,21.06,-99.36,-34.26,-96.28,-31.18
5001,4948.12,5766.50,0,4,-63.39,25.22,90.00,0,-121.76,-inf,-90.21,-26.82,-106.36,-42.98,-101.49,-38.11,-63.39,25.22,-100.75,-37.37,-98.38,-35.00
5002,4948.38,5766.50,0,4,-62.16,24.80,90.00,0,-121.74,-inf,-88.29,-26.13,-103.62,-41.47,-98.06,-35.91,-62.16,24.80,-100.41,-38.26,-98.58,-36.43
5003,4948.62,5766.50,0,4,-63.56,24.96,90.00,0,-120.89,-inf,-90.76,-27.21,-103.70,-40.15,-96.69,-33.14,-63.56,24.96,-102.28,-38.73,-98.24,-34.69
5004,4948.88,5766.50,0,4,-61.94,24.80,90.00,0,-120.90,-inf,-88.14,-26.20,-101.64,-39.71,-96.43,-34.50,-61.94,24.80,-101.35,-39.42,-99.38,-37.45
5005,4949.12,5766.50,0,4,-62.38,23.67,90.00,0,-122.79,-inf,-87.14,-24.77,-102.83,-40.47,-98.34,-35.97,-62.38,23.67,-99.26,-36.90,-98.73,-36.37
5006,4949.38,5766.50,0,4,-62.93,22.80,90.00,0,-122.81,-inf,-86.86,-23.93,-100.96,-38.05,-98.61,-35.70,-62.93,22.80,-100.66,-37.75,-96.85,-33.94
5007,4949.62,5766.50,0,4,-59.06,25.43,90.00,0,-119.00,-inf,-85.27,-26.22,-101.69,-42.65,-100.02,-40.97,-59.06,25.43,-100.51,-41.46,-96.38,-37.34
5008,4949.88,5766.50,0,4,-58.63,25.85,90.00,0,-120.74,-inf,-85.36,-26.73,-100.30,-41.67,-98.98,-40.36,-58.63,25.85,-98.44,-39.82,-97.25,-38.63
5009,4950.12,5766.50,0,4,-57.63,27.22,90.00,0,-121.08,-inf,-85.89,-28.26,-99.59,-41.97,-99.27,-41.65,-57.63,27.22,-98.45,-40.84,-96.46,-38.84
5010,4950.38,5766.50,0,4,-58.18,25.89,90.00,0,-122.43,-inf,-85.22,-27.04,-97.90,-39.72,-99.95,-41.78,-58.18,25.89,-100.64,-42.47,-93.38,-35.20
5011,4950.62,5766.50,0,4,-59.55,24.32,90.00,0,-122.93,-inf,-84.55,-25.00,-102.36,-42.82,-101.50,-41.97,-59.55,24.32,-102.61,-43.07,-95.10,-35.56
5012,4950.88,5766.50,0,4,-57.33,27.68,90.00,0,-124.93,-inf,-86.15,-28.82,-100.61,-43.28,-99.04,-41.71,-57.33,27.68,-100.48,-43.16,-94.85,-37.52
5013,4951.12,5766.50,0,4,-57.19,26.20,90.00,0,-124.47,-inf,-84.15,-26.96,-101.26,-44.08,-98.28,-41.10,-57.19,26.20,-100.71,-43.53,-94.85,-37.66
5014,4951.38,5766.50,0,4,-59.62,25.84,90.00,0,-121.82,-inf,-86.69,-27.07,-101.99,-42.38,-97.72,-38.11,-59.62,25.84,-101.56,-41.95,-95.28,-35.67
5015,4951.62,5766.50,0,4,-62.40,22.16,90.00,0,-120.44,-inf,-85.67,-23.28,-104.45,-42.08,-101.03,-38.66,-62.40,22.16,-101.49,-39.12,-92.95,-30.58
5016,4951.88,5766.50,0,4,-61.74,23.58,90.00,0,-119.92,-inf,-87.19,-25.46,-103.80,-42.08,-102.10,-40.38,-61.74,23.58,-101.57,-39.85,-91.22,-29.49
5017,4952.12,5766.50,0,4,-62.34,21.53,90.00,0,-119.43,-inf,-85.31,-22.98,-103.80,-41.49,-102.88,-40.57,-62.34,21.53,-97.72,-35.41,-90.96,-28.64
5018,4952.38,5766.50,0,4,-61.10,21.42,90.00,0,-118.19,-inf,-83.64,-22.54,-102.69,-41.62,-104.69,-43.61,-61.10,21.42,-97.05,-35.98,-90.57,-29.50
5019,4952.62,5766.50,0,4,-63.28,18.08,90.00,0,-115.67,-inf,-82.42,-19.15,-104.03,-40.82,-105.19,-41.98,-63.28,18.08,-97.61,-34.40,-89.04,-25.82
5020,4952.88,5766.50,0,4,-62.37,19.76,90.00,0,-113.97,-inf,-82.87,-20.50,-103.48,-41.15,-104.36,-42.03,-62.37,19.76,-98.08,-35.75,-92.13,-29.79
5021,4953.12,5766.50,0,4,-63.87,17.74,90.00,0,-116.89,-inf,-82.18,-18.32,-102.15,-38.35,-104.55,-40.75,-63.87,17.74,-100.95,-37.15,-92.50,-28.69
5022,4953.38,5766.50,0,4,-64.11,19.00,90.00,0,-117.35,-inf,-83.64,-19.53,-100.90,-36.84,-103.11,-39.05,-64.11,19.00,-104.12,-40.06,-95.48,-31.42
5023,4953.62,5766.50,0,4,-64.11,20.63,90.00,0,-119.08,-inf,-85.46,-21.35,-101.41,-37.33,-101.17,-37.09,-64.11,20.63,-104.32,-40.24,-96.52,-32.44
5024,4953.88,5766.50,0,4,-64.36,21.10,90.00,0,-119.74,-inf,-86.37,-22.02,-101.37,-37.04,-101.27,-36.95,-64.36,21.10,-105.70,-41.37,-95.83,-31.50
5025,4954.12,5766.50,0,4,-63.32,20.25,90.00,0,-120.26,-inf,-84.25,-20.94,-99.61,-36.34,-101.11,-37.83,-63.32,20.25,-104.39,-41.12,-95.03,-31.75
5026,4954.38,5766.50,0,4,-64.64,17.06,90.00,0,-117.05,-inf,-82.06,-17.42,-99.70,-35.14,-102.67,-38.11,-64.64,17.06,-102.85,-38.29,-96.53,-31.97
5027,4954.62,5766.50,0,4,-65.36,15.61,90.00,0,-117.94,-inf,-81.35,-16.00,-101.57,-36.32,-98.46,-33.21,-65.36,15.61,-102.79,-37.54,-95.36,-30.11
5028,4954.88,5766.50,0,4,-64.18,18.03,90.00,0,-118.06,-inf,-82.73,-18.56,-102.54,-38.43,-99.15,-35.03,-64.18,18.03,-101.74,-37.63,-94.75,-30.63
5029,4955.12,5766.50,0,4,-63.79,21.68,90.00,0,-118.01,-inf,-86.70,-22.92,-103.25,-39.49,-100.41,-36.65,-63.79,21.68,-104.42,-40.65,-93.68,-29.91
5030,4955.38,5766.50,0,4,-65.64,19.55,90.00,0,-119.12,-inf,-89.02,-23.41,-104.82,-39.23,-99.03,-33.44,-65.64,19.55,-104.14,-38.55,-88.31,-22.69
5031,4955.62,5766.50,0,4,-66.84,18.67,90.00,0,-120.11,-inf,-89.16,-22.35,-105.56,-38.78,-97.44,-30.65,-66.84,18.67,-101.98,-35.20,-89.12,-22.31
5032,4955.88,5766.50,0,4,-67.09,18.55,90.00,0,-121.78,-inf,-90.09,-23.04,-106.16,-39.13,-98.52,-31.49,-67.09,18.55,-103.11,-36.08,-88.42,-21.36
5033,4956.12,5766.50,0,4,-67.23,18.25,90.00,0,-122.67,-inf,-89.94,-22.76,-104.92,-37.76,-99.83,-32.66,-67.23,18.25,-102.31,-35.15,-88.16,-20.97
5034,4956.38,5766.50,0,4,-68.51,16.26,90.00,0,-122.53,-inf,-89.89,-21.45,-105.35,-36.95,-99.37,-30.96,-68.51,16.26,-101.93,-33.53,-86.99,-18.52
5035,4956.62,5766.50,0,4,-68.79,16.97,90.00,0,-121.82,-inf,-91.99,-23.27,-105.96,-37.26,-100.05,-31.34,-68.79,16.97,-100.11,-31.41,-87.69,-18.94
5036,4956.88,5766.50,0,4,-69.33,19.40,90.00,0,-123.75,-inf,-95.42,-26.13,-105.86,-36.58,-102.05,-32.77,-69.33,19.40,-100.36,-31.08,-91.12,-21.81
5037,4957.12,5766.50,0,4,-69.02,19.47,90.00,0,-122.14,-inf,-94.67,-25.69,-106.20,-37.23,-101.70,-32.73,-69.02,19.47,-102.65,-33.68,-90.82,-21.82
5038,4957.38,5766.50,0,4,-68.89,17.55,90.00,0,-122.47,-inf,-94.90,-26.07,-107.51,-38.69,-102.85,-34.03,-68.89,17.55,-104.20,-35.39,-87.59,-18.72
5039,4957.62,5766.50,0,4,-65.84,20.35,90.00,0,-121.33,-inf,-95.54,-29.74,-107.98,-42.18,-102.75,-36.95,-65.84,20.35,-104.64,-38.84,-87.16,-21.33
5040,4957.88,5766.50,0,4,-67.03,17.45,90.00,0,-119.28,-inf,-95.49,-28.54,-109.75,-42.80,-104.53,-37.58,-67.03,17.45,-106.50,-39.55,-85.07,-18.05
5041,4958.12,5766.50,0,4,-65.51,19.93,90.00,0,-116.49,-inf,-95.10,-29.63,-110.80,-inf,-102.79,-37.33,-65.51,19.93,-107.58,-42.12,-86.23,-20.73
5042,4958.38,5766.50,0,4,-66.85,18.26,90.00,0,-114.45,-inf,-95.66,-28.87,-110.29,-inf,-97.64,-30.85,-66.85,18.26,-107.50,-40.71,-85.99,-19.15
5043,4958.62,5766.50,0,4,-67.46,20.09,90.00,0,-115.25,-inf,-95.35,-27.93,-108.21,-40.79,-96.54,-29.12,-67.46,20.09,-106.69,-39.27,-89.55,-22.11
5044,4958.88,5766.50,0,4,-69.30,16.92,90.00,0,-115.62,-inf,-96.89,-27.67,-106.91,-37.69,-96.80,-27.58,-69.30,16.92,-105.62,-36.41,-87.39,-18.11
5045,4959.12,5766.50,0,4,-69.50,17.14,90.00,0,-115.17,-inf,-95.23,-25.80,-108.31,-38.89,-99.81,-30.39,-69.50,17.14,-105.85,-36.43,-87.91,-18.43
5046,4959.38,5766.50,0,4,-66.14,20.49,90.00,0,-116.20,-inf,-95.73,-29.62,-110.61,-inf,-99.56,-33.45,-66.14,20.49,-109.16,-43.06,-87.75,-21.62
5047,4959.62,5766.50,0,4,-66.35,19.95,90.00,0,-117.02,-inf,-94.94,-28.63,-108.66,-42.35,-98.28,-31.96,-66.35,19.95,-110.03,-inf,-87.54,-21.20
5048,4959.88,5766.50,0,4,-66.00,20.63,90.00,0,-118.87,-inf,-94.36,-28.39,-109.16,-43.19,-98.47,-32.50,-66.00,20.63,-111.60,-inf,-88.09,-22.10
5049,4960.12,5766.50,0,4,-69.43,16.91,90.00,0,-122.17,-inf,-94.40,-25.04,-105.72,-36.38,-96.76,-27.41,-69.43,16.91,-112.59,-inf,-87.91,-18.50
5050,4960.38,5766.50,0,4,-72.67,14.46,90.00,0,-119.21,-inf,-92.98,-20.42,-106.51,-33.99,-97.37,-24.84,-72.67,14.46,-109.71,-37.18,-89.53,-16.92
5051,4960.62,5766.50,0,4,-73.43,13.00,90.00,0,-117.08,-inf,-92.36,-19.09,-106.00,-32.78,-98.78,-25.55,-73.43,13.00,-105.85,-32.63,-88.51,-15.16
5052,4960.88,5766.50,0,4,-73.54,14.66,90.00,0,-116.93,-inf,-93.29,-19.85,-106.31,-32.92,-96.97,-23.56,-73.54,14.66,-103.44,-30.04,-91.70,-18.24
5053,4961.12,5766.50,0,4,-72.19,15.63,90.00,0,-119.36,-inf,-92.98,-20.87,-108.06,-35.98,-97.73,-25.64,-72.19,15.63,-102.35,-30.27,-90.95,-18.82
5054,4961.38,5766.50,0,4,-70.96,17.36,90.00,0,-119.37,-inf,-93.88,-22.98,-109.60,-38.71,-97.66,-26.77,-70.96,17.36,-102.96,-32.07,-91.36,-20.44
5055,4961.62,5766.50,0,4,-71.24,17.11,90.00,0,-118.64,-inf,-94.84,-23.67,-111.05,-inf,-95.84,-24.68,-71.24,17.11,-102.09,-30.94,-91.46,-20.27
5056,4961.88,5766.50,0,4,-71.29,17.43,90.00,0,-119.90,-inf,-96.66,-25.44,-112.15,-inf,-97.52,-26.30,-71.29,17.43,-100.53,-29.32,-91.18,-19.93
5057,4962.12,5766.50,0,4,-70.07,20.08,90.00,0,-119.90,-inf,-96.73,-26.69,-111.29,-inf,-99.93,-29.90,-70.07,20.08,-101.55,-31.52,-93.18,-23.13
5058,4962.38,5766.50,0,4,-69.10,21.56,90.00,0,-119.13,-inf,-97.90,-28.82,-112.49,-inf,-99.60,-30.52,-69.10,21.56,-102.75,-33.68,-93.63,-24.54
5059,4962.62,5766.50,0,4,-69.13,20.59,90.00,0,-119.81,-inf,-95.56,-26.46,-111.67,-inf,-97.86,-28.76,-69.13,20.59,-103.23,-34.14,-93.22,-24.11
5060,4962.88,5766.50,0,4,-69.34,20.39,90.00,0,-119.94,-inf,-94.55,-25.24,-111.74,-inf,-96.33,-27.03,-69.34,20.39,-105.15,-35.85,-94.56,-25.25
5061,4963.12,5766.50,0,4,-71.09,20.07,90.00,0,-119.03,-inf,-97.32,-26.27,-113.22,-inf,-96.91,-25.86,-71.09,20.07,-104.60,-33.56,-96.16,-25.10
5062,4963.38,5766.50,0,4,-69.43,22.30,90.00,0,-121.20,-inf,-97.62,-28.22,-114.10,-inf,-97.47,-28.07,-69.43,22.30,-105.91,-36.51,-97.09,-27.68
5063,4963.62,5766.50,0,4,-68.75,23.33,90.00,0,-119.90,-inf,-97.17,-28.44,-113.74,-inf,-98.58,-29.85,-68.75,23.33,-107.49,-38.76,-97.65,-28.92
5064,4963.88,5766.50,0,4,-67.94,24.09,90.00,0,-120.30,-inf,-97.05,-29.12,-111.75,-inf,-98.69,-30.77,-67.94,24.09,-108.19,-40.27,-97.48,-29.56
5065,4964.12,5766.50,0,4,-67.62,24.88,90.00,0,-121.18,-inf,-98.54,-30.93,-112.20,-inf,-97.61,-30.00,-67.62,24.88,-109.96,-42.35,-98.59,-30.98
5066,4964.38,5766.50,0,4,-65.99,26.10,90.00,0,-121.54,-inf,-99.92,-33.94,-114.70,-inf,-95.42,-29.43,-65.99,26.10,-110.20,-inf,-98.91,-32.93
5067,4964.62,5766.50,0,4,-62.98,31.47,90.00,0,-124.71,-inf,-100.49,-37.52,-112.11,-inf,-99.61,-36.63,-62.98,31.47,-112.42,-inf,-102.21,-39.23
5068,4964.88,5766.50,0,4,-62.62,31.61,90.00,0,-123.69,-inf,-100.94,-38.32,-109.17,-46.55,-99.18,-36.56,-62.62,31.61,-112.78,-inf,-101.94,-39.32
5069,4965.12,5766.50,0,4,-62.25,32.07,90.00,0,-121.75,-inf,-101.63,-39.38,-108.61,-46.37,-99.40,-37.15,-62.25,32.07,-112.26,-inf,-101.40,-39.16
5070,4965.38,5766.50,0,4,-60.57,32.06,90.00,0,-124.28,-inf,-97.89,-37.33,-110.44,-inf,-97.84,-37.27,-60.57,32.06,-110.73,-inf,-99.26,-38.69
5071,4965.62,5766.50,0,4,-60.27,33.26,90.00,0,-122.23,-inf,-99.81,-39.54,-111.98,-inf,-100.92,-40.65,-60.27,33.26,-111.84,-inf,-98.00,-37.73
5072,4965.88,5766.50,0,4,-60.27,33.74,90.00,0,-122.01,-inf,-99.50,-39.23,-111.84,-inf,-101.05,-40.79,-60.27,33.74,-109.59,-49.32,-100.19,-39.92
5073,4966.12,5766.50,0,4,-57.87,36.11,90.00,0,-123.75,-inf,-100.84,-42.96,-109.87,-51.99,-100.91,-43.04,-57.87,36.11,-109.18,-51.31,-99.46,-41.58
5074,4966.38,5766.50,0,4,-58.41,35.91,90.00,0,-122.18,-inf,-99.26,-40.85,-109.06,-50.65,-102.75,-44.34,-58.41,35.91,-110.25,-inf,-100.65,-42.24
5075,4966.62,5766.50,0,4,-58.84,34.41,90.00,0,-119.98,-inf,-96.47,-37.64,-110.48,-inf,-102.88,-44.05,-58.84,34.41,-110.23,-inf,-100.14,-41.31
5076,4966.88,5766.50,0,4,-56.37,37.03,90.00,0,-121.95,-inf,-95.95,-39.58,-111.45,-inf,-103.10,-46.74,-56.37,37.03,-114.30,-inf,-102.67,-46.30
5077,4967.12,5766.50,0,4,-52.95,40.78,90.00,0,-121.09,-inf,-96.08,-43.13,-110.52,-inf,-104.49,-51.54,-52.95,40.78,-115.64,-inf,-103.76,-50.81
5078,4967.38,5766.50,0,4,-53.18,41.62,90.00,0,-121.54,-inf,-98.83,-45.64,-109.84,-56.66,-102.65,-49.47,-53.18,41.62,-116.25,-inf,-104.53,-51.35
5079,4967.62,5766.50,0,4,-53.70,40.98,90.00,0,-123.71,-inf,-97.91,-44.21,-110.10,-inf,-102.99,-49.30,-53.70,40.98,-115.83,-inf,-105.45,-51.76
5080,4967.88,5766.50,0,4,-56.29,37.17,90.00,0,-125.45,-inf,-95.94,-39.65,-110.11,-inf,-101.72,-45.43,-56.29,37.17,-113.72,-inf,-105.40,-49.11
5081,4968.12,5766.50,0,4,-55.90,36.59,90.00,0,-124.70,-inf,-94.64,-38.74,-111.38,-inf,-100.04,-44.13,-55.90,36.59,-116.04,-inf,-106.74,-50.84
5082,4968.38,5766.50,0,4,-56.23,36.69,90.00,0,-126.17,-inf,-97.63,-41.40,-112.91,-inf,-97.03,-40.80,-56.23,36.69,-114.93,-inf,-104.02,-47.79
5083,4968.62,5766.50,0,4,-56.62,36.70,90.00,0,-126.07,-inf,-97.90,-41.27,-110.66,-inf,-98.13,-41.51,-56.62,36.70,-115.28,-inf,-103.05,-46.43
5084,4968.88,5766.50,0,4,-58.65,34.84,90.00,0,-127.56,-inf,-98.56,-39.91,-112.26,-inf,-98.17,-39.52,-58.65,34.84,-114.25,-inf,-102.56,-43.91
5085,4969.12,5766.50,0,4,-59.45,34.21,90.00,0,-128.20,-inf,-101.30,-41.85,-114.45,-inf,-96.83,-37.38,-59.45,34.21,-115.42,-inf,-103.16,-43.71
5086,4969.38,5766.50,0,4,-56.75,36.78,90.00,0,-126.95,-inf,-98.41,-41.66,-114.19,-inf,-97.55,-40.81,-56.75,36.78,-116.44,-inf,-106.26,-49.52
5087,4969.62,5766.50,0,4,-56.88,36.28,90.00,0,-126.24,-inf,-98.97,-42.09,-115.64,-inf,-96.16,-39.28,-56.88,36.28,-116.86,-inf,-108.54,-51.66
5088,4969.88,5766.50,0,4,-57.29,34.96,90.00,0,-125.88,-inf,-98.60,-41.31,-118.49,-inf,-94.71,-37.42,-57.29,34.96,-115.95,-inf,-107.19,-49.90
5089,4970.12,5766.50,0,4,-58.24,35.21,90.00,0,-126.00,-inf,-97.32,-39.07,-115.85,-inf,-98.14,-39.90,-58.24,35.21,-114.58,-inf,-109.10,-50.86
5090,4970.38,5766.50,0,4,-60.67,32.18,90.00,0,-125.80,-inf,-96.43,-35.76,-115.34,-inf,-97.18,-36.51,-60.67,32.18,-116.23,-inf,-112.49,-inf
5091,4970.62,5766.50,0,4,-62.47,31.47,90.00,0,-123.15,-inf,-96.84,-34.36,-115.31,-inf,-100.16,-37.69,-62.47,31.47,-117.28,-inf,-114.64,-inf
5092,4970.88,5766.50,0,4,-62.56,32.04,90.00,0,-124.11,-inf,-97.94,-35.38,-113.36,-inf,-100.66,-38.10,-62.56,32.04,-117.89,-inf,-114.77,-inf
5093,4971.12,5766.50,0,4,-60.86,34.04,90.00,0,-123.93,-inf,-98.78,-37.92,-112.35,-inf,-100.40,-39.54,-60.86,34.04,-117.20,-inf,-113.94,-inf
5094,4971.38,5766.50,0,4,-60.26,34.85,90.00,0,-125.22,-inf,-99.19,-38.93,-113.10,-inf,-100.57,-40.31,-60.26,34.85,-116.70,-inf,-113.79,-inf
5095,4971.62,5766.50,0,4,-61.59,32.99,90.00,0,-125.20,-inf,-98.10,-36.51,-112.80,-inf,-100.32,-38.72,-61.59,32.99,-115.72,-inf,-111.49,-inf
5096,4971.88,5766.50,0,4,-61.22,32.62,90.00,0,-123.78,-inf,-97.53,-36.31,-113.72,-inf,-99.05,-37.83,-61.22,32.62,-115.60,-inf,-109.22,-47.99
5097,4972.12,5766.50,0,4,-56.27,37.80,90.00,0,-125.63,-inf,-100.40,-44.13,-115.32,-inf,-97.28,-41.01,-56.27,37.80,-115.27,-inf,-108.68,-52.42
5098,4972.38,5766.50,0,4,-56.09,37.17,90.00,0,-121.71,-inf,-104.03,-47.94,-113.50,-inf,-95.07,-38.98,-56.09,37.17,-116.09,-inf,-106.72,-50.63
5099,4972.62,5766.50,0,4,-56.03,37.32,90.00,0,-121.48,-inf,-103.91,-47.89,-112.29,-inf,-95.14,-39.11,-56.03,37.32,-116.78,-inf,-107.99,-51.96
5100,4972.88,5766.50,0,4,-56.45,36.68,90.00,0,-123.13,-inf,-106.37,-49.92,-112.05,-inf,-94.55,-38.10,-56.45,36.68,-116.57,-inf,-109.15,-52.71
5101,4973.12,5766.50,0,4,-53.59,39.37,90.00,0,-123.46,-inf,-106.19,-52.60,-110.89,-inf,-94.38,-40.79,-53.59,39.37,-116.62,-inf,-107.69,-54.10
5102,4973.38,5766.50,0,4,-53.62,39.93,90.00,0,-122.69,-inf,-108.09,-54.47,-110.52,-inf,-95.21,-41.59,-53.62,39.93,-114.78,-inf,-106.06,-52.44
5103,4973.62,5766.50,0,4,-55.19,38.71,90.00,0,-123.29,-inf,-106.20,-51.01,-110.90,-inf,-95.72,-40.53,-55.19,38.71,-116.96,-inf,-108.01,-52.82
5104,4973.88,5766.50,0,4,-56.05,37.78,90.00,0,-123.33,-inf,-106.49,-50.43,-109.97,-53.91,-95.51,-39.46,-56.05,37.78,-117.29,-inf,-110.45,-inf
5105,4974.12,5766.50,0,4,-57.05,38.18,90.00,0,-124.80,-inf,-105.50,-48.45,-106.90,-49.85,-98.79,-41.74,-57.05,38.18,-117.75,-inf,-107.18,-50.14
5106,4974.38,5766.50,0,4,-57.42,37.62,90.00,0,-127.25,-inf,-103.61,-46.19,-106.62,-49.21,-99.03,-41.62,-57.42,37.62,-118.84,-inf,-106.31,-48.89
5107,4974.62,5766.50,0,4,-57.95,37.64,90.00,0,-126.60,-inf,-101.89,-43.94,-107.72,-49.77,-101.50,-43.55,-57.95,37.64,-119.22,-inf,-106.23,-48.28
5108,4974.88,5766.50,0,4,-58.94,35.74,90.00,0,-125.81,-inf,-98.79,-39.84,-106.76,-47.82,-102.34,-43.40,-58.94,35.74,-118.26,-inf,-105.45,-46.50
5109,4975.12,5766.50,0,4,-61.24,32.75,90.00,0,-126.90,-inf,-97.02,-35.78,-106.76,-45.52,-102.76,-41.52,-61.24,32.75,-116.57,-inf,-105.77,-44.53
5110,4975.38,5766.50,0,4,-62.06,30.38,90.00,0,-124.67,-inf,-94.51,-32.45,-108.46,-46.40,-102.77,-40.71,-62.06,30.38,-115.55,-inf,-103.16,-41.10
5111,4975.62,5766.50,0,4,-61.70,29.83,90.00,0,-125.51,-inf,-92.83,-31.14,-109.40,-47.70,-104.15,-42.46,-61.70,29.83,-114.05,-inf,-104.87,-43.18
5112,4975.88,5766.50,0,4,-60.53,29.84,90.00,0,-124.17,-inf,-91.18,-30.65,-110.17,-inf,-105.53,-45.01,-60.53,29.84,-116.63,-inf,-105.48,-44.95
5113,4976.12,5766.50,0,4,-58.96,31.58,90.00,0,-125.34,-inf,-91.38,-32.42,-112.01,-inf,-104.63,-45.67,-58.96,31.58,-114.03,-inf,-107.05,-48.10
5114,4976.38,5766.50,0,4,-59.37,31.90,90.00,0,-123.45,-inf,-92.31,-32.94,-111.54,-inf,-103.20,-43.83,-59.37,31.90,-111.01,-inf,-109.50,-50.14
5115,4976.62,5766.50,0,4,-59.52,33.20,90.00,0,-121.79,-inf,-94.03,-34.51,-112.21,-inf,-105.54,-46.02,-59.52,33.20,-111.39,-inf,-109.66,-50.14
5116,4976.88,5766.50,0,4,-58.66,35.60,90.00,0,-118.28,-inf,-95.98,-37.32,-115.05,-inf,-106.52,-47.86,-58.66,35.60,-111.99,-inf,-110.46,-inf
5117,4977.12,5766.50,0,4,-59.27,34.27,90.00,0,-117.80,-inf,-94.85,-35.58,-114.80,-inf,-108.13,-48.86,-59.27,34.27,-114.13,-inf,-110.03,-inf
5118,4977.38,5766.50,0,4,-58.57,34.66,90.00,0,-116.01,-inf,-94.39,-35.82,-114.62,-inf,-109.50,-50.93,-58.57,34.66,-113.99,-inf,-110.73,-inf
5119,4977.62,5766.50,0,4,-58.56,33.97,90.00,0,-116.12,-inf,-93.51,-34.96,-115.46,-inf,-108.84,-50.28,-58.56,33.97,-111.80,-inf,-111.67,-inf
5120,4977.88,5766.50,0,4,-59.36,32.20,90.00,0,-117.00,-inf,-92.36,-33.00,-116.64,-inf,-107.70,-48.34,-59.36,32.20,-112.53,-inf,-112.29,-inf
5121,4978.12,5766.50,0,4,-61.19,31.87,90.00,0,-118.91,-inf,-94.25,-33.06,-118.29,-inf,-107.25,-46.06,-61.19,31.87,-113.16,-inf,-110.46,-inf
5122,4978.38,5766.50,0,4,-60.10,34.12,90.00,0,-114.68,-inf,-95.73,-35.63,-116.10,-inf,-109.49,-49.39,-60.10,34.12,-113.35,-inf,-110.76,-inf
5123,4978.62,5766.50,0,4,-59.91,32.93,90.00,0,-113.23,-inf,-93.77,-33.86,-116.31,-inf,-110.52,-inf,-59.91,32.93,-113.29,-inf,-111.80,-inf
5124,4978.88,5766.50,0,4,-58.82,34.52,90.00,0,-110.29,-inf,-94.66,-35.84,-117.08,-inf,-106.70,-47.88,-58.82,34.52,-115.60,-inf,-112.68,-inf
5125,4979.12,5766.50,0,4,-58.47,34.56,90.00,0,-109.12,-50.65,-94.59,-36.12,-117.17,-inf,-106.41,-47.94,-58.47,34.56,-115.63,-inf,-108.43,-49.97
5126,4979.38,5766.50,0,4,-57.84,34.83,90.00,0,-108.06,-50.22,-94.12,-36.28,-115.41,-inf,-107.96,-50.12,-57.84,34.83,-115.78,-inf,-106.77,-48.92
5127,4979.62,5766.50,0,4,-56.95,35.71,90.00,0,-109.91,-52.97,-93.99,-37.05,-116.31,-inf,-108.19,-51.24,-56.95,35.71,-116.69,-inf,-107.31,-50.36
5128,4979.88,5766.50,0,4,-59.53,33.55,90.00,0,-109.88,-50.35,-94.58,-35.05,-118.06,-inf,-107.11,-47.58,-59.53,33.55,-115.45,-inf,-108.54,-49.01
5129,4980.12,5766.50,0,4,-57.72,34.64,90.00,0,-109.12,-51.40,-93.54,-35.82,-117.26,-inf,-108.83,-51.11,-57.72,34.64,-113.08,-inf,-108.96,-51.24
5130,4980.38,5766.50,0,4,-58.09,30.24,90.00,0,-105.21,-47.13,-88.84,-30.75,-117.11,-inf,-108.61,-50.53,-58.09,30.24,-113.59,-inf,-107.50,-49.41
5131,4980.62,5766.50,0,4,-60.00,28.29,90.00,0,-103.76,-43.77,-88.85,-28.85,-116.50,-inf,-108.16,-48.17,-60.00,28.29,-113.20,-inf,-106.64,-46.64
5132,4980.88,5766.50,0,4,-60.59,25.53,90.00,0,-103.09,-42.51,-86.45,-25.86,-118.79,-inf,-109.01,-48.43,-60.59,25.53,-111.81,-inf,-107.93,-47.34
5133,4981.12,5766.50,0,4,-59.51,26.47,90.00,0,-104.40,-44.90,-86.26,-26.75,-118.39,-inf,-109.94,-50.44,-59.51,26.47,-111.35,-inf,-108.46,-48.96
5134,4981.38,5766.50,0,4,-59.96,28.64,90.00,0,-106.13,-46.18,-89.11,-29.15,-115.87,-inf,-108.48,-48.52,-59.96,28.64,-110.39,-inf,-108.03,-48.08
5135,4981.62,5766.50,0,4,-61.05,28.59,90.00,0,-106.07,-45.03,-90.30,-29.25,-117.29,-inf,-108.40,-47.36,-61.05,28.59,-110.35,-inf,-108.13,-47.09
5136,4981.88,5766.50,0,4,-60.30,28.75,90.00,0,-107.72,-47.42,-89.61,-29.31,-117.14,-inf,-109.31,-49.01,-60.30,28.75,-110.75,-inf,-106.64,-46.34
5137,4982.12,5766.50,0,4,-57.39,31.10,90.00,0,-108.86,-51.47,-88.92,-31.53,-114.98,-inf,-110.38,-inf,-57.39,31.10,-110.62,-inf,-107.22,-49.83
5138,4982.38,5766.50,0,4,-58.52,29.92,90.00,0,-108.25,-49.74,-88.90,-30.39,-112.67,-inf,-109.62,-51.11,-58.52,29.92,-110.90,-inf,-106.92,-48.41
5139,4982.62,5766.50,0,4,-58.59,30.75,90.00,0,-111.89,-inf,-89.78,-31.19,-113.95,-inf,-112.29,-inf,-58.59,30.75,-113.49,-inf,-109.23,-50.65
5140,4982.88,5766.50,0,4,-59.62,29.86,90.00,0,-110.62,-inf,-89.94,-30.32,-113.68,-inf,-114.58,-inf,-59.62,29.86,-112.96,-inf,-108.96,-49.35
5141,4983.12,5766.50,0,4,-59.99,26.50,90.00,0,-108.44,-48.46,-86.74,-26.75,-114.51,-inf,-112.03,-inf,-59.99,26.50,-113.13,-inf,-109.26,-49.28
5142,4983.38,5766.50,0,4,-59.66,25.20,90.00,0,-108.63,-48.99,-85.03,-25.37,-116.20,-inf,-110.99,-inf,-59.66,25.20,-113.83,-inf,-109.95,-50.30
5143,4983.62,5766.50,0,4,-57.92,26.27,90.00,0,-108.55,-50.65,-84.33,-26.41,-116.93,-inf,-111.58,-inf,-57.92,26.27,-111.19,-inf,-108.86,-50.95
5144,4983.88,5766.50,0,4,-60.26,21.39,90.00,0,-107.28,-47.05,-81.74,-21.48,-118.71,-inf,-109.36,-49.14,-60.26,21.39,-109.96,-49.74,-110.22,-inf
5145,4984.12,5766.50,0,4,-61.15,20.73,90.00,0,-109.30,-48.19,-81.98,-20.83,-117.47,-inf,-107.44,-46.33,-61.15,20.73,-108.64,-47.53,-109.25,-48.15
5146,4984.38,5766.50,0,4,-62.05,20.65,90.00,0,-106.23,-44.22,-82.85,-20.79,-116.52,-inf,-108.01,-45.99,-62.05,20.65,-108.34,-46.32,-106.71,-44.69
5147,4984.62,5766.50,0,4,-65.08,18.04,90.00,0,-105.04,-40.03,-83.31,-18.24,-114.69,-inf,-106.12,-41.11,-65.08,18.04,-107.30,-42.29,-104.29,-39.28
5148,4984.88,5766.50,0,4,-64.30,21.53,90.00,0,-105.78,-41.51,-86.16,-21.86,-112.80,-inf,-109.79,-45.52,-64.30,21.53,-108.25,-43.98,-103.84,-39.57
5149,4985.12,5766.50,0,4,-66.46,20.28,90.00,0,-107.84,-41.42,-87.16,-20.70,-114.78,-inf,-107.10,-40.68,-66.46,20.28,-107.78,-41.36,-103.80,-37.38
5150,4985.38,5766.50,0,4,-68.19,18.27,90.00,0,-111.00,-inf,-86.79,-18.61,-115.55,-inf,-105.08,-36.95,-68.19,18.27,-111.01,-inf,-104.36,-36.23
5151,4985.62,5766.50,0,4,-68.19,16.55,90.00,0,-108.78,-40.68,-85.02,-16.84,-115.50,-inf,-104.34,-36.24,-68.19,16.55,-109.91,-41.81,-102.82,-34.72
5152,4985.88,5766.50,0,4,-68.33,17.53,90.00,0,-111.19,-inf,-86.22,-17.90,-116.56,-inf,-104.80,-36.55,-68.33,17.53,-109.92,-41.67,-102.01,-33.76
5153,4986.12,5766.50,0,4,-69.16,15.68,90.00,0,-109.95,-40.91,-85.11,-15.96,-117.86,-inf,-105.87,-36.82,-69.16,15.68,-108.60,-39.56,-103.60,-34.56
5154,4986.38,5766.50,0,4,-68.81,17.40,90.00,0,-110.90,-inf,-86.57,-17.76,-117.05,-inf,-105.75,-37.02,-68.81,17.40,-109.19,-40.46,-103.07,-34.33
5155,4986.62,5766.50,0,4,-69.60,18.29,90.00,0,-110.71,-inf,-88.38,-18.79,-117.84,-inf,-105.80,-36.26,-69.60,18.29,-108.88,-39.35,-104.62,-35.08
5156,4986.88,5766.50,0,4,-70.27,18.91,90.00,0,-110.01,-inf,-89.96,-19.70,-120.61,-inf,-105.29,-35.08,-70.27,18.91,-105.12,-34.91,-103.95,-33.74
5157,4987.12,5766.50,0,4,-69.35,19.00,90.00,0,-111.05,-inf,-88.98,-19.64,-118.57,-inf,-104.31,-35.01,-69.35,19.00,-107.59,-38.30,-103.51,-34.21
5158,4987.38,5766.50,0,4,-68.96,19.64,90.00,0,-110.49,-inf,-89.44,-20.50,-116.49,-inf,-103.80,-34.89,-68.96,19.64,-107.15,-38.24,-100.76,-31.85
5159,4987.62,5766.50,0,4,-68.36,20.35,90.00,0,-111.09,-inf,-89.67,-21.32,-115.03,-inf,-102.78,-34.47,-68.36,20.35,-109.78,-41.46,-99.73,-31.41
5160,4987.88,5766.50,0,4,-70.02,20.18,90.00,0,-110.33,-inf,-91.57,-21.56,-114.90,-inf,-103.11,-33.12,-70.02,20.18,-109.66,-39.68,-100.11,-30.12
5161,4988.12,5766.50,0,4,-67.61,23.40,90.00,0,-111.73,-inf,-93.38,-25.78,-115.34,-inf,-102.19,-34.60,-67.61,23.40,-109.93,-42.34,-97.90,-30.31
5162,4988.38,5766.50,0,4,-66.62,25.75,90.00,0,-112.92,-inf,-95.51,-28.90,-115.76,-inf,-102.34,-35.73,-66.62,25.75,-107.26,-40.66,-99.17,-32.56
5163,4988.62,5766.50,0,4,-66.55,27.40,90.00,0,-115.14,-inf,-98.46,-31.91,-116.03,-inf,-102.69,-36.15,-66.55,27.40,-108.57,-42.03,-100.35,-33.80
5164,4988.88,5766.50,0,4,-66.27,27.64,90.00,0,-115.81,-inf,-98.27,-32.00,-115.09,-inf,-101.44,-35.17,-66.27,27.64,-109.47,-43.20,-101.32,-35.06
5165,4989.12,5766.50,0,4,-66.81,26.36,90.00,0,-114.57,-inf,-96.89,-30.08,-115.71,-inf,-101.10,-34.30,-66.81,26.36,-108.49,-41.69,-100.71,-33.91
5166,4989.38,5766.50,0,4,-63.20,30.68,90.00,0,-114.28,-inf,-98.96,-35.77,-116.75,-inf,-100.39,-37.20,-63.20,30.68,-105.78,-42.59,-101.87,-38.67
5167,4989.62,5766.50,0,4,-64.31,29.59,90.00,0,-114.89,-inf,-99.87,-35.56,-118.64,-inf,-100.06,-35.75,-64.31,29.59,-104.83,-40.52,-101.40,-37.09
5168,4989.88,5766.50,0,4,-63.04,29.30,90.00,0,-114.86,-inf,-98.03,-35.00,-119.99,-inf,-95.91,-32.87,-63.04,29.30,-106.10,-43.07,-103.39,-40.36
5169,4990.12,5766.50,0,4,-64.79,27.75,90.00,0,-115.93,-inf,-97.75,-32.97,-121.77,-inf,-96.14,-31.35,-64.79,27.75,-106.60,-41.82,-106.11,-41.32
5170,4990.38,5766.50,0,4,-65.12,27.09,90.00,0,-120.85,-inf,-95.96,-30.85,-119.60,-inf,-97.87,-32.75,-65.12,27.09,-103.97,-38.86,-103.50,-38.39
5171,4990.62,5766.50,0,4,-65.65,25.72,90.00,0,-118.00,-inf,-95.94,-30.30,-118.58,-inf,-95.79,-30.14,-65.65,25.72,-104.13,-38.49,-101.46,-35.82
5172,4990.88,5766.50,0,4,-65.20,26.72,90.00,0,-119.12,-inf,-95.91,-30.72,-119.33,-inf,-97.96,-32.77,-65.20,26.72,-103.36,-38.17,-100.92,-35.73
5173,4991.12,5766.50,0,4,-65.46,25.32,90.00,0,-120.99,-inf,-96.19,-30.75,-117.98,-inf,-94.17,-28.72,-65.46,25.32,-101.66,-36.21,-103.52,-38.08
5174,4991.38,5766.50,0,4,-64.94,26.23,90.00,0,-122.14,-inf,-96.18,-31.24,-119.72,-inf,-94.65,-29.71,-64.94,26.23,-103.21,-38.28,-105.09,-40.15
5175,4991.62,5766.50,0,4,-66.10,25.02,90.00,0,-119.90,-inf,-95.70,-29.62,-119.63,-inf,-95.55,-29.46,-66.10,25.02,-101.33,-35.25,-102.81,-36.73
5176,4991.88,5766.50,0,4,-62.96,28.08,90.00,0,-120.64,-inf,-97.27,-34.31,-119.72,-inf,-93.99,-31.03,-62.96,28.08,-101.87,-38.92,-104.48,-41.53
5177,4992.12,5766.50,0,4,-62.69,28.94,90.00,0,-118.66,-inf,-99.93,-37.25,-115.99,-inf,-94.01,-31.32,-62.69,28.94,-102.52,-39.83,-105.01,-42.32
5178,4992.38,5766.50,0,4,-65.13,27.16,90.00,0,-118.72,-inf,-101.30,-36.18,-118.61,-inf,-95.04,-29.92,-65.13,27.16,-101.04,-35.91,-106.20,-41.07
5179,4992.62,5766.50,0,4,-64.39,25.82,90.00,0,-118.06,-inf,-100.12,-35.74,-118.95,-inf,-91.60,-27.21,-64.39,25.82,-104.36,-39.98,-105.83,-41.45
5180,4992.88,5766.50,0,4,-63.98,26.02,90.00,0,-117.00,-inf,-100.90,-36.93,-118.85,-inf,-91.11,-27.14,-63.98,26.02,-104.98,-41.01,-108.48,-44.52
5181,4993.12,5766.50,0,4,-62.61,24.93,90.00,0,-115.47,-inf,-103.67,-41.07,-119.27,-inf,-88.04,-25.42,-62.61,24.93,-105.24,-42.64,-108.32,-45.72
5182,4993.38,5766.50,0,4,-61.51,25.14,90.00,0,-116.69,-inf,-102.02,-40.53,-118.85,-inf,-87.09,-25.58,-61.51,25.14,-105.27,-43.77,-107.73,-46.24
5183,4993.62,5766.50,0,4,-62.52,24.99,90.00,0,-116.90,-inf,-102.65,-40.14,-119.40,-inf,-88.01,-25.49,-62.52,24.99,-104.15,-41.64,-110.48,-inf
5184,4993.88,5766.50,0,4,-62.12,26.87,90.00,0,-118.40,-inf,-100.23,-38.12,-118.24,-inf,-89.89,-27.77,-62.12,26.87,-103.75,-41.64,-112.92,-inf
5185,4994.12,5766.50,0,4,-62.91,25.40,90.00,0,-118.05,-inf,-99.44,-36.54,-114.97,-inf,-89.12,-26.21,-62.91,25.40,-104.25,-41.35,-113.53,-inf
5186,4994.38,5766.50,0,4,-63.46,24.16,90.00,0,-115.96,-inf,-99.01,-35.57,-112.76,-inf,-88.33,-24.88,-63.46,24.16,-104.44,-41.00,-114.82,-inf
5187,4994.62,5766.50,0,4,-64.53,21.68,90.00,0,-114.25,-inf,-100.05,-35.55,-111.99,-inf,-86.69,-22.16,-64.53,21.68,-102.94,-38.43,-111.73,-inf
5188,4994.88,5766.50,0,4,-63.15,24.82,90.00,0,-113.85,-inf,-101.39,-38.25,-109.41,-46.27,-88.63,-25.48,-63.15,24.82,-104.03,-40.89,-111.16,-inf
5189,4995.12,5766.50,0,4,-61.63,25.46,90.00,0,-114.22,-inf,-100.93,-39.31,-109.34,-47.73,-87.65,-26.02,-61.63,25.46,-103.92,-42.31,-112.02,-inf
5190,4995.38,5766.50,0,4,-58.46,27.92,90.00,0,-114.06,-inf,-98.14,-39.69,-110.23,-inf,-86.96,-28.50,-58.46,27.92,-104.49,-46.03,-112.46,-inf
5191,4995.62,5766.50,0,4,-57.83,28.29,90.00,0,-112.73,-inf,-93.83,-36.00,-107.50,-49.67,-87.23,-29.40,-57.83,28.29,-107.49,-49.66,-110.92,-inf
5192,4995.88,5766.50,0,4,-58.83,25.80,90.00,0,-112.39,-inf,-94.79,-35.98,-111.72,-inf,-85.23,-26.41,-58.83,25.80,-108.58,-49.77,-114.03,-inf
5193,4996.12,5766.50,0,4,-57.52,27.96,90.00,0,-113.05,-inf,-95.20,-37.69,-111.78,-inf,-86.18,-28.66,-57.52,27.96,-106.97,-49.46,-113.86,-inf
5194,4996.38,5766.50,0,4,-57.27,26.28,90.00,0,-113.31,-inf,-95.06,-37.81,-109.59,-52.33,-84.01,-26.74,-57.27,26.28,-107.01,-49.75,-112.50,-inf
5195,4996.62,5766.50,0,4,-59.59,23.70,90.00,0,-115.62,-inf,-95.20,-35.62,-109.05,-49.47,-83.72,-24.12,-59.59,23.70,-107.40,-47.83,-112.17,-inf
5196,4996.88,5766.50,0,4,-60.53,21.52,90.00,0,-114.04,-inf,-94.70,-34.20,-109.10,-48.60,-82.38,-21.86,-60.53,21.52,-109.91,-49.41,-110.78,-inf
5197,4997.12,5766.50,0,4,-61.56,20.79,90.00,0,-117.24,-inf,-93.92,-32.39,-109.02,-47.50,-82.76,-21.21,-61.56,20.79,-110.05,-inf,-109.91,-48.38
5198,4997.38,5766.50,0,4,-63.04,19.26,90.00,0,-115.43,-inf,-96.16,-33.18,-108.32,-45.34,-82.56,-19.53,-63.04,19.26,-110.43,-inf,-110.79,-inf
5199,4997.62,5766.50,0,4,-60.01,24.66,90.00,0,-116.09,-inf,-97.98,-37.98,-108.59,-48.59,-85.05,-25.04,-60.01,24.66,-109.97,-49.97,-111.36,-inf
5200,4997.88,5766.50,0,4,-62.01,23.30,90.00,0,-115.12,-inf,-97.31,-35.32,-108.12,-46.13,-85.81,-23.79,-62.01,23.30,-112.62,-inf,-109.60,-47.60
5201,4998.12,5766.50,0,4,-62.60,23.37,90.00,0,-115.40,-inf,-97.78,-35.20,-106.98,-44.40,-86.50,-23.90,-62.60,23.37,-115.25,-inf,-110.09,-inf
5202,4998.38,5766.50,0,4,-59.84,27.37,90.00,0,-115.85,-inf,-97.83,-38.00,-106.79,-46.96,-87.95,-28.11,-59.84,27.37,-114.67,-inf,-109.03,-49.19
5203,4998.62,5766.50,0,4,-61.02,25.51,90.00,0,-114.48,-inf,-97.48,-36.47,-106.96,-45.95,-87.20,-26.18,-61.02,25.51,-113.00,-inf,-108.42,-47.41
5204,4998.88,5766.50,0,4,-61.46,24.29,90.00,0,-115.53,-inf,-100.49,-39.05,-105.54,-44.09,-86.14,-24.68,-61.46,24.29,-112.95,-inf,-109.57,-48.12
5205,4999.12,5766.50,0,4,-60.94,23.05,90.00,0,-118.22,-inf,-102.63,-41.71,-106.64,-45.72,-84.21,-23.27,-60.94,23.05,-114.50,-inf,-107.00,-46.08
5206,4999.38,5766.50,0,4,-62.46,22.08,90.00,0,-120.02,-inf,-100.86,-38.42,-103.16,-40.72,-84.83,-22.37,-62.46,22.08,-113.54,-inf,-111.23,-inf
5207,4999.62,5766.50,0,4,-63.07,22.78,90.00,0,-119.00,-inf,-102.82,-39.78,-102.08,-39.04,-86.26,-23.19,-63.07,22.78,-112.35,-inf,-107.42,-44.37
5208,4999.88,5766.50,0,4,-60.98,22.77,90.00,0,-118.60,-inf,-104.16,-43.21,-103.34,-42.39,-83.96,-22.98,-60.98,22.77,-111.52,-inf,-109.84,-48.88
5209,5000.12,5766.50,0,4,-61.44,23.05,90.00,0,-116.79,-inf,-103.36,-41.95,-102.06,-40.65,-84.75,-23.31,-61.44,23.05,-112.90,-inf,-110.55,-inf
5210,5000.38,5766.50,0,4,-61.65,24.19,90.00,0,-116.92,-inf,-102.95,-41.32,-100.24,-38.61,-86.29,-24.64,-61.65,24.19,-114.95,-inf,-108.84,-47.21
5211,5000.62,5766.50,0,4,-61.82,23.76,90.00,0,-114.52,-inf,-103.16,-41.36,-101.16,-39.36,-85.94,-24.13,-61.82,23.76,-115.22,-inf,-111.36,-inf
5212,5000.88,5766.50,0,4,-61.47,25.47,90.00,0,-116.15,-inf,-104.33,-42.87,-102.04,-40.58,-87.43,-25.96,-61.47,25.47,-117.43,-inf,-109.07,-47.61
5213,5001.12,5766.50,0,4,-61.63,25.87,90.00,0,-118.37,-inf,-103.52,-41.89,-99.95,-38.33,-88.15,-26.51,-61.63,25.87,-116.87,-inf,-110.99,-inf
5214,5001.38,5766.50,0,4,-62.50,25.72,90.00,0,-116.35,-inf,-102.15,-39.66,-101.42,-38.93,-89.00,-26.50,-62.50,25.72,-117.00,-inf,-109.00,-46.51
5215,5001.62,5766.50,0,4,-62.37,25.81,90.00,0,-113.99,-inf,-100.76,-38.40,-100.56,-38.21,-89.08,-26.72,-62.37,25.81,-116.59,-inf,-108.30,-45.95
5216,5001.88,5766.50,0,4,-61.94,25.54,90.00,0,-114.44,-inf,-100.83,-38.90,-100.46,-38.54,-88.24,-26.30,-61.94,25.54,-115.21,-inf,-108.25,-46.32
5217,5002.12,5766.50,0,4,-62.19,24.77,90.00,0,-116.30,-inf,-102.30,-40.12,-102.26,-40.08,-87.50,-25.31,-62.19,24.77,-111.56,-inf,-107.99,-45.82
5218,5002.38,5766.50,0,4,-62.14,23.87,90.00,0,-115.42,-inf,-100.35,-38.23,-102.60,-40.48,-86.50,-24.36,-62.14,23.87,-110.89,-inf,-106.50,-44.38
5219,5002.62,5766.50,0,4,-60.65,23.44,90.00,0,-115.99,-inf,-100.65,-40.02,-103.59,-42.96,-84.41,-23.76,-60.65,23.44,-110.09,-inf,-104.01,-43.38
5220,5002.88,5766.50,0,4,-62.30,22.06,90.00,0,-114.11,-inf,-100.49,-38.22,-104.12,-41.85,-84.73,-22.44,-62.30,22.06,-109.55,-47.28,-102.14,-39.87
5221,5003.12,5766.50,0,4,-61.67,22.15,90.00,0,-112.89,-inf,-100.22,-38.57,-105.26,-43.61,-84.13,-22.46,-61.67,22.15,-110.78,-inf,-102.04,-40.39
5222,5003.38,5766.50,0,4,-63.51,19.29,90.00,0,-111.61,-inf,-101.03,-37.56,-104.76,-41.30,-83.05,-19.54,-63.51,19.29,-109.67,-46.21,-102.13,-38.67
5223,5003.62,5766.50,0,4,-64.32,17.03,90.00,0,-110.91,-inf,-100.02,-35.78,-105.29,-41.06,-81.53,-17.21,-64.32,17.03,-110.56,-inf,-102.24,-38.01
5224,5003.88,5766.50,0,4,-62.80,18.80,90.00,0,-110.26,-inf,-100.24,-37.50,-104.10,-41.37,-81.78,-18.99,-62.80,18.80,-111.51,-inf,-102.09,-39.35
5225,5004.12,5766.50,0,4,-63.85,17.08,90.00,0,-107.53,-43.76,-101.22,-37.45,-103.41,-39.64,-81.09,-17.24,-63.85,17.08,-111.10,-inf,-103.82,-40.05
5226,5004.38,5766.50,0,4,-65.77,14.93,90.00,0,-106.15,-40.52,-96.20,-30.56,-104.44,-38.81,-80.93,-15.17,-65.77,14.93,-108.20,-42.56,-104.19,-38.56
5227,5004.62,5766.50,0,4,-65.68,16.34,90.00,0,-108.23,-42.65,-94.16,-28.58,-104.52,-38.94,-82.45,-16.79,-65.68,16.34,-106.27,-40.69,-103.01,-37.43
5228,5004.88,5766.50,0,4,-62.64,20.64,90.00,0,-109.01,-46.40,-93.67,-31.06,-104.81,-42.21,-83.93,-21.29,-62.64,20.64,-108.71,-46.10,-102.25,-39.65
5229,5005.12,5766.50,0,4,-61.54,21.24,90.00,0,-109.24,-47.73,-93.30,-31.79,-102.03,-40.52,-83.40,-21.87,-61.54,21.24,-107.84,-46.33,-103.36,-41.85
5230,5005.38,5766.50,0,4,-58.73,24.07,90.00,0,-107.75,-49.03,-93.77,-35.05,-105.39,-46.67,-83.35,-24.61,-58.73,24.07,-107.10,-48.38,-104.75,-46.03
5231,5005.62,5766.50,0,4,-60.47,19.93,90.00,0,-106.81,-46.38,-93.09,-32.66,-105.07,-44.64,-80.74,-20.28,-60.47,19.93,-106.20,-45.77,-105.85,-45.42
5232,5005.88,5766.50,0,4,-61.41,18.50,90.00,0,-104.70,-43.34,-92.37,-31.01,-103.01,-41.66,-80.28,-18.87,-61.41,18.50,-107.93,-46.58,-103.31,-41.96
5233,5006.12,5766.50,0,4,-62.41,19.57,90.00,0,-104.15,-41.79,-91.63,-29.26,-102.83,-40.46,-82.73,-20.32,-62.41,19.57,-108.49,-46.13,-99.54,-37.18
5234,5006.38,5766.50,0,4,-61.48,19.54,90.00,0,-103.22,-41.79,-90.91,-29.47,-102.73,-41.30,-81.74,-20.27,-61.48,19.54,-109.16,-47.73,-97.43,-36.00
5235,5006.62,5766.50,0,4,-62.40,18.68,90.00,0,-105.51,-43.17,-91.70,-29.36,-102.19,-39.86,-81.66,-19.27,-62.40,18.68,-108.00,-45.67,-99.82,-37.48
5236,5006.88,5766.50,0,4,-60.31,21.37,90.00,0,-106.66,-46.38,-91.85,-31.57,-103.70,-43.42,-82.31,-22.00,-60.31,21.37,-108.25,-47.97,-100.78,-40.50
5237,5007.12,5766.50,0,4,-58.86,24.78,90.00,0,-105.27,-46.43,-93.44,-34.60,-102.83,-43.99,-84.44,-25.58,-58.86,24.78,-105.42,-46.58,-101.89,-43.05
5238,5007.38,5766.50,0,4,-58.83,25.79,90.00,0,-104.41,-45.59,-95.43,-36.62,-102.82,-44.01,-85.42,-26.59,-58.83,25.79,-106.54,-47.73,-100.69,-41.88
5239,5007.62,5766.50,0,4,-61.32,23.17,90.00,0,-105.38,-44.08,-96.56,-35.26,-102.12,-40.82,-85.18,-23.86,-61.32,23.17,-106.94,-45.64,-100.36,-39.06
5240,5007.88,5766.50,0,4,-60.97,23.06,90.00,0,-103.52,-42.57,-97.28,-36.33,-101.40,-40.45,-84.75,-23.79,-60.97,23.06,-106.66,-45.71,-97.34,-36.39
5241,5008.12,5766.50,0,4,-61.30,22.53,90.00,0,-103.68,-42.40,-97.76,-36.48,-98.99,-37.71,-84.69,-23.39,-61.30,22.53,-105.97,-44.69,-95.60,-34.32
5242,5008.38,5766.50,0,4,-59.19,25.28,90.00,0,-104.17,-44.99,-93.96,-34.78,-99.99,-40.81,-85.66,-26.47,-59.19,25.28,-106.22,-47.04,-97.32,-38.14
5243,5008.62,5766.50,0,4,-60.29,23.27,90.00,0,-101.53,-41.27,-94.66,-34.39,-99.62,-39.35,-84.34,-24.06,-60.29,23.27,-104.78,-44.51,-101.23,-40.96
5244,5008.88,5766.50,0,4,-61.88,22.83,90.00,0,-103.73,-41.87,-92.30,-30.44,-101.86,-40.00,-86.09,-24.21,-61.88,22.83,-107.71,-45.85,-99.90,-38.04
5245,5009.12,5766.50,0,4,-60.81,23.80,90.00,0,-104.57,-43.78,-91.74,-30.95,-100.81,-40.02,-86.11,-25.31,-60.81,23.80,-106.97,-46.18,-99.89,-39.09
5246,5009.38,5766.50,0,4,-59.09,25.13,90.00,0,-105.35,-46.27,-89.26,-30.18,-100.12,-41.04,-86.49,-27.41,-59.09,25.13,-107.04,-47.96,-99.57,-40.50
5247,5009.62,5766.50,0,4,-59.75,25.86,90.00,0,-107.26,-47.52,-91.18,-31.44,-100.73,-41.00,-88.00,-28.26,-59.75,25.86,-104.21,-44.48,-97.98,-38.25
5248,5009.88,5766.50,0,4,-60.60,25.45,90.00,0,-105.68,-45.09,-93.56,-32.97,-99.28,-38.69,-88.02,-27.42,-60.60,25.45,-102.17,-41.58,-98.10,-37.51
5249,5010.12,5766.50,0,4,-58.05,28.15,90.00,0,-103.90,-45.86,-92.83,-34.78,-99.03,-40.99,-88.42,-30.37,-58.05,28.15,-101.93,-43.88,-99.67,-41.62
5250,5010.38,5766.50,0,4,-57.78,28.98,90.00,0,-103.91,-46.13,-91.03,-33.26,-97.73,-39.95,-90.77,-33.00,-57.78,28.98,-100.88,-43.11,-100.40,-42.62
5251,5010.62,5766.50,0,4,-58.51,29.45,90.00,0,-105.76,-47.26,-93.04,-34.53,-96.06,-37.55,-92.71,-34.20,-58.51,29.45,-100.79,-42.28,-99.67,-41.17
5252,5010.88,5766.50,0,4,-57.27,30.56,90.00,0,-107.27,-50.00,-93.88,-36.60,-96.06,-38.79,-91.68,-34.41,-57.27,30.56,-101.24,-43.97,-99.35,-42.08
5253,5011.12,5766.50,0,4,-58.84,29.89,90.00,0,-106.16,-47.33,-95.48,-36.64,-98.23,-39.40,-92.23,-33.39,-58.84,29.89,-102.07,-43.24,-99.10,-40.27
5254,5011.38,5766.50,0,4,-57.61,31.61,90.00,0,-105.13,-47.52,-95.01,-37.40,-99.74,-42.13,-93.97,-36.36,-57.61,31.61,-104.20,-46.59,-96.89,-39.27
5255,5011.62,5766.50,0,4,-57.16,31.14,90.00,0,-102.53,-45.38,-95.68,-38.52,-99.41,-42.25,-92.27,-35.12,-57.16,31.14,-106.03,-48.87,-94.94,-37.78
5256,5011.88,5766.50,0,4,-56.11,32.71,90.00,0,-105.97,-49.86,-95.55,-39.44,-98.92,-42.81,-93.63,-37.52,-56.11,32.71,-104.55,-48.45,-95.07,-38.97
5257,5012.12,5766.50,0,4,-58.50,30.60,90.00,0,-105.40,-46.90,-94.71,-36.22,-99.81,-41.31,-94.97,-36.48,-58.50,30.60,-105.85,-47.36,-95.01,-36.51
5258,5012.38,5766.50,0,4,-57.29,32.50,90.00,0,-104.56,-47.28,-94.22,-36.93,-100.87,-43.59,-97.45,-40.17,-57.29,32.50,-105.88,-48.60,-96.02,-38.74
5259,5012.62,5766.50,0,4,-57.72,32.47,90.00,0,-104.62,-46.90,-94.84,-37.13,-100.36,-42.64,-98.70,-40.98,-57.72,32.47,-105.49,-47.78,-96.18,-38.47
5260,5012.88,5766.50,0,4,-59.57,29.32,90.00,0,-105.43,-45.87,-92.55,-32.98,-101.05,-41.48,-97.68,-38.12,-59.57,29.32,-107.09,-47.53,-94.69,-35.12
5261,5013.12,5766.50,0,4,-60.41,29.01,90.00,0,-103.44,-43.04,-92.05,-31.64,-101.33,-40.93,-99.77,-39.37,-60.41,29.01,-107.45,-47.05,-97.54,-37.13
5262,5013.38,5766.50,0,4,-61.28,26.80,90.00,0,-106.68,-45.41,-90.10,-28.83,-99.85,-38.58,-96.86,-35.59,-61.28,26.80,-108.15,-46.88,-98.67,-37.41
5263,5013.62,5766.50,0,4,-63.27,24.48,90.00,0,-104.98,-41.72,-90.04,-26.78,-98.22,-34.97,-100.48,-37.23,-63.27,24.48,-107.44,-44.18,-95.24,-31.99
5264,5013.88,5766.50,0,4,-63.33,24.39,90.00,0,-105.19,-41.88,-89.41,-26.09,-99.46,-36.14,-102.21,-38.90,-63.33,24.39,-106.82,-43.51,-96.51,-33.20
5265,5014.12,5766.50,0,4,-62.51,25.42,90.00,0,-104.28,-41.79,-90.24,-27.74,-98.50,-36.00,-101.88,-39.39,-62.51,25.42,-106.14,-43.64,-95.27,-32.77
5266,5014.38,5766.50,0,4,-61.70,26.30,90.00,0,-104.05,-42.35,-91.14,-29.44,-95.18,-33.49,-101.08,-39.39,-61.70,26.30,-108.10,-46.41,-95.57,-33.87
5267,5014.62,5766.50,0,4,-64.40,24.26,90.00,0,-102.72,-38.33,-92.96,-28.57,-95.38,-30.99,-101.06,-36.67,-64.40,24.26,-111.89,-inf,-94.75,-30.36
5268,5014.88,5766.50,0,4,-64.35,23.69,90.00,0,-102.50,-38.17,-93.06,-28.72,-95.17,-30.84,-101.67,-37.33,-64.35,23.69,-110.32,-inf,-92.63,-28.29
5269,5015.12,5766.50,0,4,-66.68,20.66,90.00,0,-103.95,-37.31,-91.98,-25.33,-96.50,-29.85,-100.02,-33.38,-66.68,20.66,-110.00,-inf,-91.26,-24.61
5270,5015.38,5766.50,0,4,-63.85,23.49,90.00,0,-104.64,-40.81,-91.19,-27.34,-96.88,-33.04,-102.18,-38.35,-63.85,23.49,-111.26,-inf,-91.65,-27.81
5271,5015.62,5766.50,0,4,-64.38,23.32,90.00,0,-106.58,-42.22,-90.89,-26.52,-96.65,-32.29,-102.33,-37.98,-64.38,23.32,-112.47,-inf,-93.11,-28.75
5272,5015.88,5766.50,0,4,-63.57,23.45,90.00,0,-105.13,-41.57,-91.61,-28.04,-97.38,-33.82,-102.56,-39.00,-63.57,23.45,-110.86,-inf,-90.34,-26.77
5273,5016.12,5766.50,0,4,-64.58,22.57,90.00,0,-104.33,-39.78,-91.37,-26.80,-96.79,-32.23,-103.29,-38.73,-64.58,22.57,-112.72,-inf,-90.96,-26.39
5274,5016.38,5766.50,0,4,-63.94,23.40,90.00,0,-103.67,-39.74,-92.68,-28.75,-95.08,-31.16,-104.72,-40.80,-63.94,23.40,-113.22,-inf,-90.86,-26.93
5275,5016.62,5766.50,0,4,-63.81,23.75,90.00,0,-105.89,-42.10,-92.78,-28.99,-96.57,-32.78,-105.52,-41.73,-63.81,23.75,-115.03,-inf,-90.69,-26.89
5276,5016.88,5766.50,0,4,-65.35,22.05,90.00,0,-108.89,-43.57,-90.65,-25.31,-97.70,-32.37,-104.50,-39.18,-65.35,22.05,-114.85,-inf,-91.94,-26.61
5277,5017.12,5766.50,0,4,-66.28,21.16,90.00,0,-106.88,-40.63,-89.66,-23.39,-99.98,-33.73,-105.41,-39.16,-66.28,21.16,-114.46,-inf,-93.26,-27.00
5278,5017.38,5766.50,0,4,-65.92,22.31,90.00,0,-107.27,-41.37,-90.45,-24.54,-101.39,-35.49,-105.35,-39.46,-65.92,22.31,-111.09,-inf,-94.18,-28.28
5279,5017.62,5766.50,0,4,-66.18,20.67,90.00,0,-109.57,-43.42,-88.13,-21.96,-100.93,-34.79,-104.68,-38.54,-66.18,20.67,-109.25,-43.11,-95.40,-29.25
5280,5017.88,5766.50,0,4,-68.13,17.50,90.00,0,-110.06,-inf,-86.81,-18.70,-98.13,-30.07,-108.37,-40.31,-68.13,17.50,-108.46,-40.40,-94.39,-26.32
5281,5018.12,5766.50,0,4,-67.30,18.93,90.00,0,-111.30,-inf,-87.57,-20.29,-102.05,-34.81,-108.04,-40.80,-67.30,18.93,-106.61,-39.37,-93.66,-26.40
5282,5018.38,5766.50,0,4,-66.20,21.23,90.00,0,-113.43,-inf,-88.74,-22.55,-101.73,-35.57,-108.88,-42.71,-66.20,21.23,-105.41,-39.24,-95.80,-29.63
5283,5018.62,5766.50,0,4,-65.06,22.74,90.00,0,-113.57,-inf,-89.58,-24.54,-101.42,-36.38,-109.67,-44.64,-65.06,22.74,-105.30,-40.27,-94.59,-29.56
5284,5018.88,5766.50,0,4,-65.54,22.03,90.00,0,-112.76,-inf,-90.86,-25.33,-98.91,-33.40,-113.55,-inf,-65.54,22.03,-103.77,-38.26,-91.81,-26.29
5285,5019.12,5766.50,0,4,-64.69,21.77,90.00,0,-114.42,-inf,-89.28,-24.60,-102.67,-38.00,-113.87,-inf,-64.69,21.77,-104.53,-39.86,-90.53,-25.85
5286,5019.38,5766.50,0,4,-64.67,21.54,90.00,0,-115.10,-inf,-89.51,-24.85,-103.65,-39.00,-114.11,-inf,-64.67,21.54,-102.02,-37.37,-89.72,-25.06
5287,5019.62,5766.50,0,4,-65.89,18.52,90.00,0,-114.84,-inf,-85.29,-19.41,-104.13,-38.30,-114.26,-inf,-65.89,18.52,-102.20,-36.37,-93.28,-27.45
5288,5019.88,5766.50,0,4,-62.18,21.71,90.00,0,-114.02,-inf,-84.57,-22.39,-104.91,-42.76,-112.57,-inf,-62.18,21.71,-100.84,-38.69,-94.22,-32.07
5289,5020.12,5766.50,0,4,-63.41,21.70,90.00,0,-113.69,-inf,-85.96,-22.56,-105.81,-42.43,-114.28,-inf,-63.41,21.70,-98.39,-35.01,-95.56,-32.18
5290,5020.38,5766.50,0,4,-62.77,23.06,90.00,0,-114.24,-inf,-87.00,-24.24,-103.03,-40.28,-112.59,-inf,-62.77,23.06,-98.11,-35.36,-95.01,-32.26
5291,5020.62,5766.50,0,4,-63.19,21.72,90.00,0,-115.07,-inf,-85.96,-22.78,-103.25,-40.09,-112.64,-inf,-63.19,21.72,-97.11,-33.95,-94.53,-31.37
5292,5020.88,5766.50,0,4,-66.41,19.24,90.00,0,-113.85,-inf,-87.39,-20.99,-104.12,-37.75,-110.96,-inf,-66.41,19.24,-97.00,-30.64,-92.55,-26.18
5293,5021.12,5766.50,0,4,-67.74,18.45,90.00,0,-113.00,-inf,-88.87,-21.15,-107.52,-39.83,-110.15,-inf,-67.74,18.45,-94.80,-27.11,-91.83,-24.13
5294,5021.38,5766.50,0,4,-67.10,19.58,90.00,0,-115.05,-inf,-89.80,-22.72,-106.08,-39.02,-112.34,-inf,-67.10,19.58,-96.74,-29.68,-91.19,-24.11
5295,5021.62,5766.50,0,4,-65.70,19.39,90.00,0,-117.70,-inf,-89.17,-23.49,-104.88,-39.22,-114.79,-inf,-65.70,19.39,-97.10,-31.44,-88.08,-22.40
5296,5021.88,5766.50,0,4,-63.55,23.16,90.00,0,-120.20,-inf,-91.33,-27.78,-103.40,-39.87,-115.64,-inf,-63.55,23.16,-97.04,-33.50,-89.79,-26.24
5297,5022.12,5766.50,0,4,-61.04,24.75,90.00,0,-118.62,-inf,-88.99,-27.96,-100.52,-39.49,-116.60,-inf,-61.04,24.75,-96.28,-35.25,-90.22,-29.18
5298,5022.38,5766.50,0,4,-59.38,23.97,90.00,0,-119.86,-inf,-86.19,-26.82,-100.19,-40.83,-114.53,-inf,-59.38,23.97,-95.92,-36.56,-87.53,-28.16
5299,5022.62,5766.50,0,4,-58.74,24.40,90.00,0,-119.01,-inf,-85.14,-26.41,-99.82,-41.10,-112.22,-inf,-58.74,24.40,-95.91,-37.19,-88.77,-30.04
5300,5022.88,5766.50,0,4,-59.00,23.93,90.00,0,-120.45,-inf,-84.98,-25.98,-98.52,-39.53,-112.51,-inf,-59.00,23.93,-97.52,-38.53,-88.24,-29.25
5301,5023.12,5766.50,0,4,-60.97,23.91,90.00,0,-120.87,-inf,-87.49,-26.53,-97.70,-36.74,-112.99,-inf,-60.97,23.91,-98.39,-37.44,-89.77,-28.81
5302,5023.38,5766.50,0,4,-58.85,25.57,90.00,0,-119.94,-inf,-86.09,-27.24,-97.17,-38.33,-113.78,-inf,-58.85,25.57,-99.42,-40.58,-91.25,-32.41
5303,5023.62,5766.50,0,4,-59.85,23.51,90.00,0,-120.29,-inf,-85.04,-25.20,-97.97,-38.14,-111.84,-inf,-59.85,23.51,-100.14,-40.31,-89.46,-29.63
5304,5023.88,5766.50,0,4,-58.88,23.33,90.00,0,-122.06,-inf,-83.85,-24.97,-100.02,-41.16,-111.75,-inf,-58.88,23.33,-101.75,-42.89,-87.90,-29.03
5305,5024.12,5766.50,0,4,-61.30,19.59,90.00,0,-121.32,-inf,-82.05,-20.76,-99.80,-38.55,-111.30,-inf,-61.30,19.59,-100.90,-39.65,-87.89,-26.63
5306,5024.38,5766.50,0,4,-61.89,18.23,90.00,0,-121.43,-inf,-80.74,-18.85,-99.44,-37.61,-109.77,-47.94,-61.89,18.23,-101.22,-39.40,-90.06,-28.23
5307,5024.62,5766.50,0,4,-61.12,19.84,90.00,0,-120.43,-inf,-81.53,-20.41,-98.87,-37.79,-109.20,-48.12,-61.12,19.84,-101.30,-40.22,-91.78,-30.69
5308,5024.88,5766.50,0,4,-58.53,22.75,90.00,0,-120.77,-inf,-82.07,-23.54,-97.23,-38.72,-108.91,-50.40,-58.53,22.75,-103.39,-44.89,-90.50,-31.99
5309,5025.12,5766.50,0,4,-57.74,22.99,90.00,0,-120.30,-inf,-81.78,-24.05,-97.23,-39.51,-110.09,-inf,-57.74,22.99,-103.47,-45.76,-88.26,-30.54
5310,5025.38,5766.50,0,4,-60.80,18.55,90.00,0,-121.31,-inf,-79.97,-19.18,-96.66,-35.92,-107.17,-46.44,-60.80,18.55,-102.06,-41.32,-89.40,-28.66
5311,5025.62,5766.50,0,4,-60.62,18.00,90.00,0,-120.61,-inf,-79.02,-18.40,-97.41,-36.86,-105.79,-45.23,-60.62,18.00,-102.31,-41.76,-90.85,-30.29
5312,5025.88,5766.50,0,4,-57.53,22.39,90.00,0,-120.70,-inf,-80.49,-22.96,-99.34,-41.84,-105.64,-48.14,-57.53,22.39,-101.05,-43.55,-90.27,-32.77
5313,5026.12,5766.50,0,4,-57.30,20.99,90.00,0,-119.86,-inf,-78.78,-21.49,-100.97,-43.70,-106.08,-48.82,-57.30,20.99,-102.26,-45.00,-88.77,-31.51
5314,5026.38,5766.50,0,4,-60.59,17.68,90.00,0,-119.01,-inf,-79.05,-18.48,-101.72,-41.20,-106.78,-46.26,-60.59,17.68,-102.26,-41.75,-86.58,-26.05
5315,5026.62,5766.50,0,4,-61.37,17.74,90.00,0,-119.18,-inf,-79.57,-18.21,-104.24,-42.94,-106.95,-45.65,-61.37,17.74,-104.04,-42.74,-89.84,-28.54
5316,5026.88,5766.50,0,4,-57.49,21.59,90.00,0,-119.93,-inf,-79.73,-22.24,-106.93,-49.47,-106.56,-49.10,-57.49,21.59,-102.87,-45.41,-88.19,-30.73
5317,5027.12,5766.50,0,4,-54.52,23.98,90.00,0,-119.95,-inf,-79.19,-24.67,-104.06,-49.55,-105.39,-50.89,-54.52,23.98,-102.89,-48.39,-87.38,-32.87
5318,5027.38,5766.50,0,4,-55.25,23.97,90.00,0,-116.10,-inf,-80.85,-25.60,-103.02,-47.79,-106.55,-51.31,-55.25,23.97,-104.21,-48.98,-84.50,-29.27
5319,5027.62,5766.50,0,4,-57.57,23.83,90.00,0,-112.34,-inf,-84.28,-26.72,-103.54,-45.98,-106.91,-49.35,-57.57,23.83,-104.46,-46.90,-84.81,-27.25
5320,5027.88,5766.50,0,4,-57.41,25.59,90.00,0,-113.01,-inf,-85.91,-28.52,-103.44,-46.04,-106.79,-49.40,-57.41,25.59,-103.58,-46.19,-86.49,-29.10
5321,5028.12,5766.50,0,4,-57.03,24.43,90.00,0,-111.17,-inf,-82.89,-25.86,-104.03,-47.01,-108.89,-51.88,-57.03,24.43,-104.61,-47.59,-87.42,-30.41
5322,5028.38,5766.50,0,4,-54.62,27.82,90.00,0,-110.36,-inf,-84.09,-29.48,-104.54,-49.93,-109.33,-54.72,-54.62,27.82,-103.97,-49.36,-87.88,-33.27
5323,5028.62,5766.50,0,4,-55.42,28.26,90.00,0,-111.40,-inf,-84.69,-29.27,-105.14,-49.72,-107.95,-52.54,-55.42,28.26,-102.53,-47.11,-91.68,-36.26
5324,5028.88,5766.50,0,4,-56.07,27.51,90.00,0,-113.58,-inf,-84.60,-28.54,-106.09,-50.03,-106.17,-50.11,-56.07,27.51,-100.29,-44.23,-91.65,-35.59
5325,5029.12,5766.50,0,4,-55.21,29.66,90.00,0,-114.43,-inf,-85.92,-30.71,-106.13,-50.92,-107.41,-52.20,-55.21,29.66,-101.25,-46.05,-93.18,-37.98
5326,5029.38,5766.50,0,4,-53.53,32.25,90.00,0,-116.01,-inf,-86.95,-33.42,-105.76,-52.23,-105.85,-52.33,-53.53,32.25,-101.96,-48.44,-93.90,-40.37
5327,5029.62,5766.50,0,4,-54.02,31.50,90.00,0,-117.90,-inf,-86.41,-32.39,-106.32,-52.30,-105.43,-51.41,-54.02,31.50,-105.04,-51.02,-94.70,-40.68
5328,5029.88,5766.50,0,4,-54.49,29.66,90.00,0,-116.70,-inf,-84.88,-30.38,-109.21,-54.72,-102.44,-47.95,-54.49,29.66,-104.57,-50.08,-94.09,-39.61
5329,5030.12,5766.50,0,4,-54.68,29.39,90.00,0,-116.47,-inf,-84.72,-30.04,-108.07,-53.39,-103.03,-48.35,-54.68,29.39,-103.67,-48.99,-94.80,-40.12
5330,5030.38,5766.50,0,4,-55.15,28.61,90.00,0,-115.15,-inf,-84.24,-29.08,-110.88,-inf,-102.00,-46.85,-55.15,28.61,-102.16,-47.01,-96.86,-41.72
5331,5030.62,5766.50,0,4,-54.55,30.41,90.00,0,-116.08,-inf,-85.49,-30.93,-111.51,-inf,-103.19,-48.64,-54.55,30.41,-103.35,-48.80,-97.72,-43.17
5332,5030.88,5766.50,0,4,-54.12,32.03,90.00,0,-115.73,-inf,-87.00,-32.88,-112.98,-inf,-100.55,-46.43,-54.12,32.03,-101.36,-47.25,-97.70,-43.58
5333,5031.12,5766.50,0,4,-56.11,30.24,90.00,0,-116.15,-inf,-87.43,-31.32,-114.63,-inf,-97.67,-41.57,-56.11,30.24,-103.95,-47.84,-97.03,-40.92
5334,5031.38,5766.50,0,4,-54.78,33.23,90.00,0,-113.47,-inf,-89.51,-34.73,-112.32,-inf,-99.45,-44.67,-54.78,33.23,-102.34,-47.55,-97.19,-42.41
5335,5031.62,5766.50,0,4,-54.55,34.50,90.00,0,-113.22,-inf,-92.52,-37.98,-111.48,-inf,-97.13,-42.58,-54.55,34.50,-101.75,-47.21,-94.89,-40.35
5336,5031.88,5766.50,0,4,-55.81,32.98,90.00,0,-112.15,-inf,-93.57,-37.76,-111.21,-inf,-95.05,-39.24,-55.81,32.98,-101.26,-45.45,-94.05,-38.24
5337,5032.12,5766.50,0,4,-56.94,31.34,90.00,0,-110.38,-inf,-94.17,-37.24,-110.54,-inf,-95.67,-38.74,-56.94,31.34,-97.69,-40.75,-92.50,-35.57
5338,5032.38,5766.50,0,4,-57.30,31.28,90.00,0,-108.39,-51.10,-95.49,-38.20,-110.15,-inf,-95.24,-37.94,-57.30,31.28,-94.68,-37.38,-94.55,-37.26
5339,5032.62,5766.50,0,4,-61.79,26.67,90.00,0,-110.74,-inf,-95.38,-33.59,-113.09,-inf,-93.38,-31.59,-61.79,26.67,-95.98,-34.20,-94.90,-33.11
5340,5032.88,5766.50,0,4,-63.16,25.77,90.00,0,-110.25,-inf,-95.74,-32.59,-114.93,-inf,-93.15,-30.00,-63.16,25.77,-96.72,-33.57,-96.66,-33.52
5341,5033.12,5766.50,0,4,-62.27,25.95,90.00,0,-109.04,-46.78,-94.07,-31.81,-116.09,-inf,-92.27,-30.00,-62.27,25.95,-96.96,-34.70,-96.85,-34.59
5342,5033.38,5766.50,0,4,-63.44,23.99,90.00,0,-105.51,-42.09,-93.31,-29.88,-115.23,-inf,-91.30,-27.86,-63.44,23.99,-98.43,-35.01,-94.87,-31.44
5343,5033.62,5766.50,0,4,-63.09,24.74,90.00,0,-105.31,-42.24,-91.94,-28.86,-113.68,-inf,-92.40,-29.32,-63.09,24.74,-98.15,-35.07,-98.17,-35.09
5344,5033.88,5766.50,0,4,-64.32,22.95,90.00,0,-105.99,-41.69,-90.41,-26.10,-112.51,-inf,-93.41,-29.11,-64.32,22.95,-98.33,-34.03,-96.26,-31.96
5345,5034.12,5766.50,0,4,-65.96,21.12,90.00,0,-105.58,-39.65,-89.01,-23.06,-113.57,-inf,-96.17,-30.24,-65.96,21.12,-97.93,-32.00,-97.55,-31.62
5346,5034.38,5766.50,0,4,-67.52,18.75,90.00,0,-104.32,-36.85,-87.89,-20.39,-112.88,-inf,-95.90,-28.43,-67.52,18.75,-98.52,-31.05,-96.97,-29.50
5347,5034.62,5766.50,0,4,-67.27,20.08,90.00,0,-103.31,-36.08,-89.41,-22.16,-111.15,-inf,-97.51,-30.28,-67.27,20.08,-98.49,-31.25,-96.39,-29.15
5348,5034.88,5766.50,0,4,-67.64,20.68,90.00,0,-104.18,-36.58,-90.52,-22.89,-113.00,-inf,-97.40,-29.79,-67.64,20.68,-98.69,-31.09,-98.88,-31.28
5349,5035.12,5766.50,0,4,-68.00,19.83,90.00,0,-102.07,-34.12,-90.53,-22.55,-110.78,-inf,-96.37,-28.41,-68.00,19.83,-97.51,-29.55,-97.13,-29.17
5350,5035.38,5766.50,0,4,-67.06,21.51,90.00,0,-100.08,-33.05,-92.30,-25.26,-111.50,-inf,-97.31,-30.27,-67.06,21.51,-97.24,-30.21,-96.43,-29.39
5351,5035.62,5766.50,0,4,-69.17,18.64,90.00,0,-100.47,-31.35,-90.63,-21.48,-109.69,-40.58,-97.98,-28.86,-69.17,18.64,-97.88,-28.76,-95.72,-26.60
5352,5035.88,5766.50,0,4,-69.29,17.94,90.00,0,-100.82,-31.59,-89.80,-20.54,-109.49,-40.26,-97.29,-28.06,-69.29,17.94,-96.79,-27.56,-95.95,-26.72
5353,5036.12,5766.50,0,4,-70.84,17.18,90.00,0,-102.05,-31.29,-91.02,-20.22,-110.91,-inf,-96.77,-26.01,-70.84,17.18,-96.36,-25.59,-97.36,-26.59
5354,5036.38,5766.50,0,4,-69.55,17.29,90.00,0,-102.80,-33.33,-90.18,-20.67,-108.21,-38.73,-96.86,-27.38,-69.55,17.29,-93.80,-24.31,-94.97,-25.49
5355,5036.62,5766.50,0,4,-69.54,16.29,90.00,0,-103.41,-33.96,-87.79,-18.29,-107.30,-37.86,-96.05,-26.60,-69.54,16.29,-95.00,-25.55,-96.53,-27.08
5356,5036.88,5766.50,0,4,-68.76,16.99,90.00,0,-104.46,-35.79,-87.53,-18.80,-106.93,-38.26,-97.43,-28.75,-68.76,16.99,-95.55,-26.87,-95.50,-26.81
5357,5037.12,5766.50,0,4,-67.37,17.07,90.00,0,-105.42,-38.13,-86.86,-19.53,-103.80,-36.51,-99.39,-32.10,-67.37,17.07,-91.56,-24.26,-92.57,-25.27
5358,5037.38,5766.50,0,4,-66.20,18.63,90.00,0,-105.11,-38.97,-87.89,-21.72,-101.56,-35.42,-99.73,-33.59,-66.20,18.63,-90.03,-23.87,-94.41,-28.26
5359,5037.62,5766.50,0,4,-64.80,20.65,90.00,0,-106.57,-41.81,-88.11,-23.33,-101.32,-36.55,-99.11,-34.34,-64.80,20.65,-92.71,-27.94,-93.46,-28.69
5360,5037.88,5766.50,0,4,-64.49,19.90,90.00,0,-104.89,-40.44,-86.96,-22.49,-103.21,-38.77,-100.05,-35.60,-64.49,19.90,-91.45,-26.99,-92.03,-27.58
5361,5038.12,5766.50,0,4,-60.91,24.42,90.00,0,-104.86,-43.97,-87.69,-26.79,-102.01,-41.11,-97.58,-36.69,-60.91,24.42,-93.43,-32.53,-93.96,-33.06
5362,5038.38,5766.50,0,4,-61.61,25.16,90.00,0,-105.08,-43.48,-90.11,-28.51,-103.72,-42.13,-98.82,-37.22,-61.61,25.16,-93.38,-31.78,-94.39,-32.79
5363,5038.62,5766.50,0,4,-61.98,25.28,90.00,0,-104.00,-42.03,-90.56,-28.58,-101.38,-39.41,-98.39,-36.42,-61.98,25.28,-96.86,-34.89,-93.60,-31.63
5364,5038.88,5766.50,0,4,-63.15,22.98,90.00,0,-102.54,-39.42,-89.43,-26.30,-101.27,-38.15,-98.66,-35.54,-63.15,22.98,-96.17,-33.05,-91.60,-28.47
5365,5039.12,5766.50,0,4,-67.42,18.95,90.00,0,-102.05,-34.68,-90.11,-22.72,-100.18,-32.81,-98.11,-30.74,-67.42,18.95,-95.75,-28.38,-91.85,-24.47
5366,5039.38,5766.50,0,4,-67.34,20.67,90.00,0,-101.35,-34.05,-91.79,-24.48,-98.58,-31.27,-100.81,-33.50,-67.34,20.67,-96.51,-29.20,-95.22,-27.91
5367,5039.62,5766.50,0,4,-66.64,20.02,90.00,0,-103.73,-37.13,-88.53,-21.90,-98.61,-32.01,-100.97,-34.36,-66.64,20.02,-97.29,-30.68,-96.93,-30.32
5368,5039.88,5766.50,0,4,-65.25,21.11,90.00,0,-102.01,-36.79,-87.97,-22.72,-99.38,-34.16,-98.00,-32.78,-65.25,21.11,-101.52,-36.30,-96.83,-31.61
5369,5040.12,5766.50,0,4,-62.75,23.37,90.00,0,-101.52,-38.79,-87.67,-24.93,-101.45,-38.72,-100.58,-37.85,-62.75,23.37,-102.52,-39.79,-94.56,-31.82
5370,5040.38,5766.50,0,4,-60.37,25.58,90.00,0,-103.84,-43.48,-87.51,-27.15,-98.43,-38.07,-98.44,-38.08,-60.37,25.58,-105.08,-44.72,-95.14,-34.78
5371,5040.62,5766.50,0,4,-61.92,23.45,90.00,0,-102.66,-40.76,-86.63,-24.71,-98.45,-36.55,-98.00,-36.10,-61.92,23.45,-103.40,-41.50,-96.35,-34.45
5372,5040.88,5766.50,0,4,-61.86,22.58,90.00,0,-102.08,-40.25,-85.52,-23.67,-96.97,-35.13,-97.13,-35.29,-61.86,22.58,-103.31,-41.48,-97.18,-35.35
5373,5041.12,5766.50,0,4,-60.51,24.66,90.00,0,-102.58,-42.08,-86.14,-25.64,-100.21,-39.72,-96.82,-36.32,-60.51,24.66,-103.45,-42.96,-99.64,-39.15
5374,5041.38,5766.50,0,4,-62.02,22.79,90.00,0,-103.84,-41.84,-85.74,-23.72,-100.52,-38.52,-96.44,-34.44,-62.02,22.79,-100.99,-38.99,-100.00,-38.01
5375,5041.62,5766.50,0,4,-61.09,22.92,90.00,0,-103.92,-42.86,-84.81,-23.73,-98.97,-37.91,-95.82,-34.76,-61.09,22.92,-101.82,-40.75,-101.11,-40.04
5376,5041.88,5766.50,0,4,-59.13,26.11,90.00,0,-103.56,-44.44,-86.56,-27.43,-97.06,-37.94,-95.26,-36.14,-59.13,26.11,-102.22,-43.10,-100.89,-41.77
5377,5042.12,5766.50,0,4,-59.59,25.94,90.00,0,-104.27,-44.69,-87.38,-27.79,-97.73,-38.15,-92.56,-32.98,-59.59,25.94,-102.99,-43.41,-102.41,-42.83
5378,5042.38,5766.50,0,4,-60.20,26.49,90.00,0,-102.86,-42.67,-89.21,-29.01,-94.91,-34.72,-94.30,-34.11,-60.20,26.49,-102.66,-42.47,-103.86,-43.67
5379,5042.62,5766.50,0,4,-59.11,28.54,90.00,0,-102.39,-43.28,-91.35,-32.24,-94.58,-35.48,-94.33,-35.22,-59.11,28.54,-102.99,-43.89,-102.45,-43.35
5380,5042.88,5766.50,0,4,-60.01,29.18,90.00,0,-104.77,-44.76,-94.33,-34.32,-94.52,-34.51,-95.96,-35.95,-60.01,29.18,-103.51,-43.50,-102.96,-42.95
5381,5043.12,5766.50,0,4,-60.97,27.69,90.00,0,-104.42,-43.45,-94.10,-33.13,-94.76,-33.79,-94.22,-33.25,-60.97,27.69,-102.71,-41.74,-101.51,-40.54
5382,5043.38,5766.50,0,4,-60.34,28.38,90.00,0,-107.23,-46.90,-92.80,-32.47,-95.00,-34.67,-95.29,-34.96,-60.34,28.38,-102.17,-41.84,-105.33,-45.00
5383,5043.62,5766.50,0,4,-60.39,28.05,90.00,0,-108.89,-48.51,-91.98,-31.59,-95.86,-35.47,-94.46,-34.07,-60.39,28.05,-103.48,-43.09,-106.26,-45.88
5384,5043.88,5766.50,0,4,-59.37,26.69,90.00,0,-107.70,-48.34,-89.79,-30.42,-96.43,-37.06,-89.87,-30.50,-59.37,26.69,-105.51,-46.15,-107.21,-47.84
5385,5044.12,5766.50,0,4,-59.10,29.02,90.00,0,-110.12,-inf,-92.32,-33.22,-98.45,-39.35,-91.70,-32.60,-59.10,29.02,-106.83,-47.73,-108.03,-48.94
5386,5044.38,5766.50,0,4,-60.22,28.30,90.00,0,-108.05,-47.83,-90.64,-30.42,-101.32,-41.11,-94.83,-34.62,-60.22,28.30,-109.42,-49.21,-108.97,-48.76
5387,5044.62,5766.50,0,4,-59.98,30.07,90.00,0,-107.45,-47.48,-92.81,-32.84,-101.57,-41.60,-96.22,-36.25,-59.98,30.07,-108.51,-48.54,-106.07,-46.09
5388,5044.88,5766.50,0,4,-58.98,29.02,90.00,0,-106.35,-47.38,-89.46,-30.48,-102.31,-43.33,-96.78,-37.81,-58.98,29.02,-105.64,-46.67,-105.03,-46.06
5389,5045.12,5766.50,0,4,-59.81,25.98,90.00,0,-107.27,-47.47,-86.87,-27.06,-102.01,-42.21,-94.89,-35.09,-59.81,25.98,-103.54,-43.74,-105.50,-45.70
5390,5045.38,5766.50,0,4,-55.35,28.57,90.00,0,-108.43,-53.09,-84.46,-29.11,-100.07,-44.73,-97.25,-41.90,-55.35,28.57,-103.26,-47.92,-106.27,-50.93
5391,5045.62,5766.50,0,4,-58.32,25.53,90.00,0,-108.78,-50.47,-84.32,-26.00,-100.76,-42.46,-97.55,-39.24,-58.32,25.53,-105.81,-47.50,-105.92,-47.61
5392,5045.88,5766.50,0,4,-57.98,24.35,90.00,0,-108.07,-50.11,-82.67,-24.69,-97.90,-39.94,-99.58,-41.62,-57.98,24.35,-103.83,-45.87,-107.89,-49.93
5393,5046.12,5766.50,0,4,-59.02,22.08,90.00,0,-108.02,-49.02,-81.38,-22.37,-98.08,-39.09,-97.59,-38.59,-59.02,22.08,-105.37,-46.37,-108.33,-49.34
5394,5046.38,5766.50,0,4,-59.28,23.41,90.00,0,-110.30,-inf,-83.06,-23.78,-98.07,-38.81,-98.67,-39.41,-59.28,23.41,-105.52,-46.26,-107.20,-47.94
5395,5046.62,5766.50,0,4,-61.84,21.99,90.00,0,-110.05,-inf,-84.31,-22.47,-98.93,-37.12,-97.51,-35.69,-61.84,21.99,-108.40,-46.59,-109.23,-47.41
5396,5046.88,5766.50,0,4,-63.12,22.12,90.00,0,-108.88,-45.79,-85.86,-22.75,-99.97,-36.87,-98.14,-35.05,-63.12,22.12,-108.55,-45.46,-107.56,-44.47
5397,5047.12,5766.50,0,4,-61.61,22.22,90.00,0,-110.22,-inf,-84.22,-22.61,-100.15,-38.57,-98.84,-37.25,-61.61,22.22,-109.69,-48.11,-108.79,-47.21
5398,5047.38,5766.50,0,4,-61.34,23.12,90.00,0,-110.40,-inf,-84.97,-23.64,-98.40,-37.09,-98.41,-37.10,-61.34,23.12,-111.42,-inf,-108.90,-47.59
5399,5047.62,5766.50,0,4,-63.18,23.77,90.00,0,-109.73,-46.57,-88.03,-24.86,-97.28,-34.12,-98.61,-35.45,-63.18,23.77,-112.89,-inf,-108.96,-45.80
5400,5047.88,5766.50,0,4,-61.51,24.49,90.00,0,-109.84,-48.35,-86.88,-25.37,-96.36,-34.86,-99.82,-38.33,-61.51,24.49,-112.40,-inf,-108.94,-47.44
5401,5048.12,5766.50,0,4,-61.32,22.86,90.00,0,-109.86,-48.56,-84.60,-23.28,-97.80,-36.50,-102.10,-40.80,-61.32,22.86,-111.52,-inf,-108.01,-46.72
5402,5048.38,5766.50,0,4,-62.54,19.80,90.00,0,-110.90,-inf,-82.61,-20.08,-97.51,-35.02,-102.49,-40.00,-62.54,19.80,-108.67,-46.18,-107.51,-45.02
5403,5048.62,5766.50,0,4,-60.82,21.21,90.00,0,-112.76,-inf,-82.29,-21.47,-97.91,-37.13,-102.00,-41.22,-60.82,21.21,-107.80,-47.01,-106.09,-45.31
5404,5048.88,5766.50,0,4,-60.73,21.31,90.00,0,-110.03,-inf,-82.27,-21.54,-98.13,-37.44,-103.34,-42.64,-60.73,21.31,-109.46,-48.76,-106.50,-45.80
5405,5049.12,5766.50,0,4,-60.37,20.23,90.00,0,-110.73,-inf,-80.79,-20.42,-97.23,-36.90,-103.74,-43.42,-60.37,20.23,-108.95,-48.62,-105.37,-45.04
5406,5049.38,5766.50,0,4,-59.40,18.47,90.00,0,-109.17,-49.84,-78.00,-18.60,-96.07,-36.73,-101.35,-42.02,-59.40,18.47,-109.74,-50.41,-102.72,-43.38
5407,5049.62,5766.50,0,4,-58.22,17.45,90.00,0,-110.00,-51.86,-75.75,-17.53,-96.50,-38.36,-100.16,-42.02,-58.22,17.45,-108.05,-49.91,-105.18,-47.04
5408,5049.88,5766.50,0,4,-58.87,16.43,90.00,0,-108.64,-49.87,-75.37,-16.50,-96.27,-37.49,-100.46,-41.69,-58.87,16.43,-111.35,-inf,-106.30,-47.53
5409,5050.12,5766.50,0,4,-58.09,16.43,90.00,0,-108.95,-50.96,-74.58,-16.49,-95.81,-37.82,-99.65,-41.65,-58.09,16.43,-112.73,-inf,-110.06,-inf
5410,5050.38,5766.50,0,4,-62.31,11.11,90.00,0,-108.89,-46.90,-73.47,-11.16,-97.26,-35.27,-98.24,-36.25,-62.31,11.11,-112.23,-inf,-109.04,-47.05
5411,5050.62,5766.50,0,4,-60.61,11.44,90.00,0,-109.75,-49.44,-72.10,-11.49,-95.14,-34.82,-96.99,-36.68,-60.61,11.44,-114.25,-inf,-111.08,-inf
5412,5050.88,5766.50,0,4,-61.02,11.01,90.00,0,-108.97,-48.28,-72.10,-11.09,-92.90,-32.21,-94.18,-33.49,-61.02,11.01,-113.24,-inf,-112.20,-inf
5413,5051.12,5766.50,0,4,-60.78,13.01,90.00,0,-106.49,-45.92,-73.89,-13.11,-93.37,-32.80,-94.29,-33.72,-60.78,13.01,-114.03,-inf,-113.27,-inf
5414,5051.38,5766.50,0,4,-65.02,8.02,90.00,0,-106.83,-42.44,-73.14,-8.13,-92.69,-28.29,-93.84,-29.45,-65.02,8.02,-114.29,-inf,-112.15,-inf
5415,5051.62,5766.50,0,4,-65.02,10.23,90.00,0,-106.60,-41.97,-75.43,-10.43,-92.38,-27.74,-92.79,-28.15,-65.02,10.23,-113.77,-inf,-112.98,-inf
5416,5051.88,5766.50,0,4,-66.13,7.98,90.00,0,-108.74,-43.25,-74.24,-8.13,-93.76,-28.27,-92.39,-26.89,-66.13,7.98,-109.21,-43.72,-113.44,-inf
5417,5052.12,5766.50,0,4,-67.81,10.11,90.00,0,-109.42,-42.02,-78.20,-10.41,-94.45,-27.04,-93.02,-25.60,-67.81,10.11,-107.52,-40.11,-111.88,-inf
5418,5052.38,5766.50,0,4,-65.02,15.06,90.00,0,-109.65,-44.76,-80.52,-15.51,-95.36,-30.47,-92.90,-28.00,-65.02,15.06,-109.20,-44.31,-111.78,-inf
5419,5052.62,5766.50,0,4,-62.09,17.78,90.00,0,-109.87,-47.85,-80.31,-18.22,-96.73,-34.71,-91.87,-29.85,-62.09,17.78,-110.09,-inf,-110.58,-inf
5420,5052.88,5766.50,0,4,-62.55,17.55,90.00,0,-110.97,-inf,-80.77,-18.23,-93.80,-31.33,-90.55,-28.07,-62.55,17.55,-110.52,-inf,-110.56,-inf
5421,5053.12,5766.50,0,4,-63.10,17.59,90.00,0,-111.68,-inf,-81.26,-18.17,-95.31,-32.29,-91.81,-28.79,-63.10,17.59,-113.25,-inf,-111.10,-inf
5422,5053.38,5766.50,0,4,-63.87,13.61,90.00,0,-111.62,-inf,-77.72,-13.85,-97.39,-33.70,-91.99,-28.29,-63.87,13.61,-112.84,-inf,-112.21,-inf
5423,5053.62,5766.50,0,4,-65.46,10.75,90.00,0,-111.23,-inf,-76.40,-10.95,-97.56,-32.45,-91.32,-26.20,-65.46,10.75,-116.37,-inf,-111.40,-inf
5424,5053.88,5766.50,0,4,-62.74,14.68,90.00,0,-111.55,-inf,-77.80,-15.07,-100.51,-37.92,-88.77,-26.16,-62.74,14.68,-115.77,-inf,-112.08,-inf
5425,5054.12,5766.50,0,4,-64.10,13.13,90.00,0,-110.23,-inf,-77.61,-13.53,-100.07,-36.18,-88.55,-24.64,-64.10,13.13,-114.58,-inf,-111.93,-inf
5426,5054.38,5766.50,0,4,-66.29,12.37,90.00,0,-109.83,-43.78,-79.34,-13.09,-101.46,-35.41,-87.47,-21.39,-66.29,12.37,-112.49,-inf,-109.98,-43.94
5427,5054.62,5766.50,0,4,-69.77,8.72,90.00,0,-111.85,-inf,-79.00,-9.29,-104.21,-34.99,-88.57,-19.29,-69.77,8.72,-113.75,-inf,-107.73,-38.50
5428,5054.88,5766.50,0,4,-70.95,6.51,90.00,0,-110.86,-inf,-77.96,-7.12,-104.80,-34.72,-87.40,-17.24,-70.95,6.51,-114.28,-inf,-109.68,-39.60
5429,5055.12,5766.50,0,4,-71.56,5.01,90.00,0,-109.65,-39.28,-77.07,-5.65,-105.67,-35.29,-86.55,-16.07,-71.56,5.01,-113.68,-inf,-110.59,-inf
5430,5055.38,5766.50,0,4,-67.56,7.77,90.00,0,-108.28,-41.40,-75.61,-8.10,-102.62,-35.73,-87.72,-20.80,-67.56,7.77,-113.69,-inf,-112.85,-inf
5431,5055.62,5766.50,0,4,-69.85,6.21,90.00,0,-110.03,-inf,-76.56,-6.82,-104.48,-35.56,-85.88,-16.88,-69.85,6.21,-111.20,-inf,-111.26,-inf
5432,5055.88,5766.50,0,4,-71.02,4.97,90.00,0,-108.56,-38.74,-76.43,-5.54,-101.79,-31.97,-86.48,-16.57,-71.02,4.97,-110.29,-inf,-110.94,-inf
5433,5056.12,5766.50,0,4,-69.43,7.55,90.00,0,-107.54,-38.82,-77.56,-8.22,-101.94,-33.22,-86.40,-17.60,-69.43,7.55,-112.71,-inf,-109.05,-40.33
5434,5056.38,5766.50,0,4,-65.64,13.00,90.00,0,-106.24,-40.81,-79.30,-13.69,-103.68,-38.26,-87.58,-22.13,-65.64,13.00,-115.74,-inf,-110.54,-inf
5435,5056.62,5766.50,0,4,-66.72,11.23,90.00,0,-105.32,-38.91,-78.91,-12.25,-104.09,-37.69,-85.23,-18.77,-66.72,11.23,-114.61,-inf,-108.54,-42.14
5436,5056.88,5766.50,0,4,-67.87,10.43,90.00,0,-102.66,-35.16,-79.58,-11.80,-104.59,-37.09,-84.50,-16.92,-67.87,10.43,-114.95,-inf,-108.11,-40.61
5437,5057.12,5766.50,0,4,-67.55,10.11,90.00,0,-101.97,-34.82,-78.33,-10.85,-102.61,-35.46,-86.50,-19.30,-67.55,10.11,-113.14,-inf,-109.36,-42.22
5438,5057.38,5766.50,0,4,-69.31,6.35,90.00,0,-99.92,-31.51,-76.08,-6.86,-103.55,-35.14,-86.49,-18.01,-69.31,6.35,-114.84,-inf,-110.04,-inf
5439,5057.62,5766.50,0,4,-68.29,7.23,90.00,0,-104.65,-37.10,-75.86,-7.62,-105.14,-37.60,-87.24,-19.65,-68.29,7.23,-115.11,-inf,-109.58,-42.04
5440,5057.88,5766.50,0,4,-67.60,5.98,90.00,0,-106.48,-39.86,-73.77,-6.22,-105.88,-39.25,-87.72,-21.07,-67.60,5.98,-113.09,-inf,-109.07,-42.45
5441,5058.12,5766.50,0,4,-66.40,7.87,90.00,0,-106.87,-41.12,-74.46,-8.09,-102.30,-36.56,-88.44,-22.67,-66.40,7.87,-111.58,-inf,-106.33,-40.59
5442,5058.38,5766.50,0,4,-65.98,7.89,90.00,0,-104.51,-39.19,-74.05,-8.11,-101.65,-36.33,-88.16,-22.82,-65.98,7.89,-111.52,-inf,-106.12,-40.79
5443,5058.62,5766.50,0,4,-64.42,10.48,90.00,0,-106.10,-42.05,-75.14,-10.74,-101.10,-37.05,-88.06,-24.00,-64.42,10.48,-111.27,-inf,-106.83,-42.78
5444,5058.88,5766.50,0,4,-63.15,10.65,90.00,0,-104.90,-42.11,-73.94,-10.80,-101.42,-38.63,-89.66,-26.86,-63.15,10.65,-109.07,-46.27,-107.73,-44.94
5445,5059.12,5766.50,0,4,-61.51,10.66,90.00,0,-105.22,-44.07,-72.25,-10.75,-103.40,-42.25,-90.75,-29.59,-61.51,10.66,-107.37,-46.22,-104.95,-43.80
5446,5059.38,5766.50,0,4,-62.40,10.00,90.00,0,-106.86,-44.88,-72.45,-10.06,-103.99,-42.00,-92.60,-30.61,-62.40,10.00,-107.64,-45.65,-106.12,-44.14
5447,5059.62,5766.50,0,4,-60.84,11.76,90.00,0,-106.90,-46.35,-72.66,-11.83,-103.39,-42.83,-91.70,-31.14,-60.84,11.76,-106.05,-45.49,-104.79,-44.23
5448,5059.88,5766.50,0,4,-59.70,12.70,90.00,0,-107.47,-48.00,-72.45,-12.75,-102.23,-42.76,-93.44,-33.96,-59.70,12.70,-103.05,-43.58,-104.05,-44.58
5449,5060.12,5766.50,0,4,-60.84,13.52,90.00,0,-104.11,-43.46,-74.45,-13.61,-103.50,-42.85,-93.53,-32.88,-60.84,13.52,-102.43,-41.78,-101.20,-40.55
5450,5060.38,5766.50,0,4,-64.84,10.86,90.00,0,-101.58,-37.09,-75.80,-10.96,-103.35,-38.86,-95.93,-31.43,-64.84,10.86,-101.39,-36.90,-101.68,-37.18
5451,5060.62,5766.50,0,4,-66.55,11.86,90.00,0,-101.10,-34.82,-78.62,-12.08,-103.14,-36.86,-94.93,-28.65,-66.55,11.86,-101.82,-35.55,-102.28,-36.01
5452,5060.88,5766.50,0,4,-65.14,14.59,90.00,0,-101.23,-36.24,-79.98,-14.85,-103.96,-38.97,-95.76,-30.77,-65.14,14.59,-101.37,-36.38,-104.01,-39.02
5453,5061.12,5766.50,0,4,-61.83,18.51,90.00,0,-104.83,-43.06,-80.58,-18.76,-105.07,-43.30,-95.75,-33.98,-61.83,18.51,-103.30,-41.53,-103.88,-42.12
5454,5061.38,5766.50,0,4,-63.67,15.93,90.00,0,-104.98,-41.42,-79.84,-16.18,-104.42,-40.86,-94.80,-31.23,-63.67,15.93,-103.03,-39.47,-104.61,-41.05
5455,5061.62,5766.50,0,4,-63.00,14.22,90.00,0,-105.75,-42.91,-77.36,-14.37,-103.80,-40.96,-94.30,-31.45,-63.00,14.22,-106.11,-43.27,-105.24,-42.40
5456,5061.88,5766.50,0,4,-65.22,13.92,90.00,0,-104.50,-39.46,-79.36,-14.15,-102.08,-37.03,-94.64,-29.60,-65.22,13.92,-106.45,-41.40,-103.94,-38.90
5457,5062.12,5766.50,0,4,-64.89,13.82,90.00,0,-104.39,-39.67,-78.96,-14.08,-97.98,-33.26,-93.91,-29.19,-64.89,13.82,-109.56,-44.85,-105.67,-40.95
5458,5062.38,5766.50,0,4,-63.71,14.08,90.00,0,-103.28,-39.74,-78.03,-14.33,-94.57,-31.02,-94.93,-31.38,-63.71,14.08,-105.04,-41.49,-106.80,-43.26
5459,5062.62,5766.50,0,4,-65.53,12.00,90.00,0,-101.56,-36.29,-77.75,-12.23,-95.28,-30.01,-94.85,-29.58,-65.53,12.00,-106.93,-41.67,-104.22,-38.96
5460,5062.88,5766.50,0,4,-64.72,11.55,90.00,0,-98.50,-34.07,-76.43,-11.72,-95.46,-31.03,-95.44,-31.01,-64.72,11.55,-108.89,-44.46,-103.06,-38.63
5461,5063.12,5766.50,0,4,-65.42,11.56,90.00,0,-99.91,-34.79,-77.20,-11.79,-94.16,-29.03,-95.13,-30.00,-65.42,11.56,-109.54,-44.41,-102.29,-37.17
5462,5063.38,5766.50,0,4,-65.92,13.01,90.00,0,-98.04,-32.33,-79.23,-13.32,-95.12,-29.40,-96.21,-30.49,-65.92,13.01,-110.61,-inf,-102.83,-37.12
5463,5063.62,5766.50,0,4,-65.83,12.89,90.00,0,-98.28,-32.67,-79.00,-13.18,-95.52,-29.90,-96.32,-30.70,-65.83,12.89,-110.49,-inf,-102.22,-36.60
5464,5063.88,5766.50,0,4,-65.91,9.78,90.00,0,-100.70,-35.22,-75.84,-9.95,-93.78,-28.30,-95.59,-30.11,-65.91,9.78,-108.97,-43.49,-104.74,-39.26
5465,5064.12,5766.50,0,4,-66.11,10.71,90.00,0,-101.66,-35.91,-77.00,-10.91,-94.68,-28.93,-95.10,-29.35,-66.11,10.71,-109.73,-43.98,-103.41,-37.66
5466,5064.38,5766.50,0,4,-65.39,11.97,90.00,0,-99.54,-34.41,-77.56,-12.18,-96.02,-30.89,-95.73,-30.61,-65.39,11.97,-108.33,-43.20,-102.02,-36.89
5467,5064.62,5766.50,0,4,-64.61,13.86,90.00,0,-98.16,-33.72,-78.76,-14.16,-97.70,-33.26,-94.12,-29.67,-64.61,13.86,-105.33,-40.89,-101.39,-36.95
5468,5064.88,5766.50,0,4,-64.33,12.35,90.00,0,-98.56,-34.47,-76.91,-12.60,-96.72,-32.63,-92.60,-28.51,-64.33,12.35,-104.61,-40.53,-100.30,-36.21
5469,5065.12,5766.50,0,4,-64.20,11.84,90.00,0,-100.32,-36.40,-76.21,-12.02,-97.77,-33.84,-92.91,-28.98,-64.20,11.84,-104.13,-40.21,-102.08,-38.15
5470,5065.38,5766.50,0,4,-66.12,11.28,90.00,0,-99.30,-33.49,-77.61,-11.50,-97.24,-31.42,-95.15,-29.33,-66.12,11.28,-102.98,-37.17,-101.16,-35.35
5471,5065.62,5766.50,0,4,-66.61,10.47,90.00,0,-98.82,-32.58,-77.31,-10.71,-98.06,-31.82,-92.95,-26.70,-66.61,10.47,-103.28,-37.04,-101.92,-35.68
5472,5065.88,5766.50,0,4,-66.60,10.46,90.00,0,-98.21,-31.99,-77.27,-10.69,-96.99,-30.76,-94.31,-28.08,-66.60,10.46,-102.92,-36.70,-102.49,-36.26
5473,5066.12,5766.50,0,4,-64.77,12.62,90.00,0,-95.87,-31.32,-77.65,-12.89,-95.67,-31.12,-95.66,-31.12,-64.77,12.62,-100.89,-36.35,-101.13,-36.59
5474,5066.38,5766.50,0,4,-65.73,15.64,90.00,0,-98.30,-32.69,-81.96,-16.25,-95.80,-30.18,-96.93,-31.31,-65.73,15.64,-98.19,-32.58,-102.24,-36.63
5475,5066.62,5766.50,0,4,-66.81,12.74,90.00,0,-98.88,-32.29,-79.89,-13.10,-95.87,-29.28,-96.01,-29.43,-66.81,12.74,-101.48,-34.90,-103.91,-37.33
5476,5066.88,5766.50,0,4,-66.25,12.04,90.00,0,-97.82,-31.84,-78.57,-12.34,-95.25,-29.26,-95.76,-29.78,-66.25,12.04,-103.05,-37.07,-103.87,-37.88
5477,5067.12,5766.50,0,4,-68.15,10.05,90.00,0,-94.12,-26.37,-78.47,-10.34,-98.14,-30.39,-97.15,-29.40,-68.15,10.05,-106.91,-39.17,-103.94,-36.20
5478,5067.38,5766.50,0,4,-68.43,10.92,90.00,0,-91.04,-22.93,-79.81,-11.43,-100.01,-31.92,-99.18,-31.09,-68.43,10.92,-106.38,-38.29,-102.31,-34.22
5479,5067.62,5766.50,0,4,-68.75,8.78,90.00,0,-92.25,-24.02,-77.82,-9.11,-97.85,-29.63,-96.64,-28.42,-68.75,8.78,-107.58,-39.37,-103.61,-35.40
5480,5067.88,5766.50,0,4,-69.22,7.15,90.00,0,-93.69,-25.22,-76.58,-7.40,-96.67,-28.22,-95.73,-27.27,-69.22,7.15,-106.81,-38.35,-101.74,-33.29
5481,5068.12,5766.50,0,4,-68.93,7.48,90.00,0,-94.61,-26.38,-76.59,-7.68,-97.22,-28.99,-98.32,-30.10,-68.93,7.48,-107.91,-39.69,-100.59,-32.36
5482,5068.38,5766.50,0,4,-69.63,5.53,90.00,0,-98.59,-30.03,-75.26,-5.67,-96.77,-28.21,-97.83,-29.28,-69.63,5.53,-107.86,-39.31,-98.78,-30.23
5483,5068.62,5766.50,0,4,-70.49,6.76,90.00,0,-98.20,-28.53,-77.43,-6.97,-97.75,-28.08,-97.06,-27.40,-70.49,6.76,-104.43,-34.77,-99.49,-29.83
5484,5068.88,5766.50,0,4,-71.13,7.79,90.00,0,-96.26,-25.78,-79.20,-8.11,-97.31,-26.84,-100.02,-29.55,-71.13,7.79,-107.19,-36.72,-98.43,-27.96
5485,5069.12,5766.50,0,4,-70.79,7.60,90.00,0,-96.05,-25.95,-78.61,-7.86,-99.06,-28.96,-99.53,-29.44,-70.79,7.60,-104.33,-34.23,-99.89,-29.80
5486,5069.38,5766.50,0,4,-71.38,6.03,90.00,0,-98.60,-28.17,-77.60,-6.26,-101.39,-30.97,-95.10,-24.67,-71.38,6.03,-102.47,-32.05,-100.81,-30.39
5487,5069.62,5766.50,0,4,-69.08,8.34,90.00,0,-96.32,-27.82,-77.65,-8.60,-104.36,-35.88,-93.88,-25.38,-69.08,8.34,-105.77,-37.28,-99.76,-31.26
5488,5069.88,5766.50,0,4,-68.32,8.46,90.00,0,-95.15,-27.40,-77.01,-8.72,-105.51,-37.77,-92.94,-25.19,-68.32,8.46,-105.00,-37.26,-99.84,-32.10
5489,5070.12,5766.50,0,4,-69.31,6.93,90.00,0,-98.19,-29.68,-76.44,-7.16,-105.67,-37.15,-91.69,-23.15,-69.31,6.93,-104.00,-35.49,-102.18,-33.67
5490,5070.38,5766.50,0,4,-68.58,10.14,90.00,0,-96.30,-28.11,-79.23,-10.70,-107.13,-38.95,-89.82,-21.61,-68.58,10.14,-106.44,-38.26,-101.39,-33.21
5491,5070.62,5766.50,0,4,-68.84,9.88,90.00,0,-95.36,-26.93,-79.25,-10.46,-107.25,-38.83,-89.89,-21.44,-68.84,9.88,-105.98,-37.56,-102.11,-33.69
5492,5070.88,5766.50,0,4,-67.62,9.03,90.00,0,-93.20,-26.08,-76.97,-9.39,-107.61,-40.50,-90.84,-23.71,-67.62,9.03,-105.17,-38.06,-101.31,-34.20
5493,5071.12,5766.50,0,4,-67.20,9.44,90.00,0,-93.94,-27.21,-76.96,-9.80,-107.53,-40.80,-90.50,-23.75,-67.20,9.44,-106.34,-39.61,-99.44,-32.71
5494,5071.38,5766.50,0,4,-67.03,9.20,90.00,0,-92.85,-26.31,-76.55,-9.55,-108.93,-42.39,-90.45,-23.89,-67.03,9.20,-105.79,-39.25,-99.06,-32.52
5495,5071.62,5766.50,0,4,-68.25,8.19,90.00,0,-92.29,-24.64,-76.91,-8.72,-110.14,-inf,-88.37,-20.70,-68.25,8.19,-104.35,-36.71,-99.81,-32.17
5496,5071.88,5766.50,0,4,-68.96,7.69,90.00,0,-92.00,-23.70,-77.13,-8.24,-109.60,-41.32,-88.71,-20.39,-68.96,7.69,-102.71,-34.43,-100.52,-32.24
5497,5072.12,5766.50,0,4,-68.73,8.84,90.00,0,-92.78,-24.56,-78.25,-9.59,-107.80,-39.59,-87.64,-19.38,-68.73,8.84,-102.54,-34.33,-101.78,-33.58
5498,5072.38,5766.50,0,4,-71.96,3.23,90.00,0,-91.49,-21.19,-75.68,-3.95,-108.84,-38.57,-86.23,-15.85,-71.96,3.23,-103.42,-33.15,-103.38,-33.11
5499,5072.62,5766.50,0,4,-69.77,5.45,90.00,0,-92.52,-23.82,-75.66,-6.00,-107.49,-38.80,-86.75,-18.00,-69.77,5.45,-102.81,-34.13,-103.04,-34.36
5500,5072.88,5766.50,0,4,-71.19,3.67,90.00,0,-90.52,-20.85,-75.15,-4.09,-105.92,-36.28,-89.86,-20.18,-71.19,3.67,-103.88,-34.25,-102.21,-32.58
5501,5073.12,5766.50,0,4,-71.14,3.35,90.00,0,-90.96,-21.45,-74.72,-3.69,-108.22,-38.73,-90.68,-21.16,-71.14,3.35,-104.71,-35.23,-101.08,-31.59
5502,5073.38,5766.50,0,4,-70.29,2.95,90.00,0,-91.67,-23.14,-73.43,-3.23,-108.91,-40.40,-89.72,-21.17,-70.29,2.95,-105.44,-36.93,-98.05,-29.53
5503,5073.62,5766.50,0,4,-68.95,3.35,90.00,0,-90.02,-22.70,-72.51,-3.64,-107.98,-40.67,-88.40,-21.07,-68.95,3.35,-106.13,-38.83,-99.33,-32.02
5504,5073.88,5766.50,0,4,-70.55,3.29,90.00,0,-91.55,-22.64,-74.09,-3.65,-110.88,-inf,-88.76,-19.84,-70.55,3.29,-108.30,-39.42,-99.66,-30.78
5505,5074.12,5766.50,0,4,-71.55,3.48,90.00,0,-90.73,-20.75,-75.33,-3.90,-108.85,-38.91,-89.87,-19.89,-71.55,3.48,-109.17,-39.23,-101.87,-31.93
5506,5074.38,5766.50,0,4,-69.29,5.68,90.00,0,-90.50,-22.23,-75.32,-6.12,-106.97,-38.72,-88.58,-20.29,-69.29,5.68,-106.73,-38.48,-102.64,-34.38
5507,5074.62,5766.50,0,4,-70.41,3.83,90.00,0,-90.41,-21.48,-74.48,-4.16,-106.54,-37.63,-90.28,-21.34,-70.41,3.83,-107.52,-38.61,-105.04,-36.14
5508,5074.88,5766.50,0,4,-69.07,5.39,90.00,0,-89.57,-21.57,-74.83,-5.86,-107.68,-39.71,-87.85,-19.84,-69.07,5.39,-107.95,-39.98,-104.94,-36.97
5509,5075.12,5766.50,0,4,-67.81,7.15,90.00,0,-89.76,-22.70,-75.22,-7.47,-106.68,-39.64,-91.59,-24.53,-67.81,7.15,-106.15,-39.11,-103.56,-36.51
5510,5075.38,5766.50,0,4,-66.01,6.79,90.00,0,-91.58,-26.38,-72.94,-6.96,-105.70,-40.52,-91.35,-26.15,-66.01,6.79,-106.74,-41.55,-103.35,-38.16
5511,5075.62,5766.50,0,4,-66.05,7.43,90.00,0,-92.40,-27.06,-73.63,-7.60,-107.13,-41.80,-91.41,-26.07,-66.05,7.43,-106.96,-41.63,-103.39,-38.06
5512,5075.88,5766.50,0,4,-67.38,5.07,90.00,0,-92.70,-26.48,-72.55,-5.19,-107.29,-41.09,-92.97,-26.76,-67.38,5.07,-106.54,-40.33,-102.00,-35.80
5513,5076.12,5766.50,0,4,-66.74,6.66,90.00,0,-91.56,-25.67,-73.55,-6.84,-105.83,-39.95,-91.65,-25.75,-66.74,6.66,-106.99,-41.10,-101.54,-35.65
5514,5076.38,5766.50,0,4,-67.77,4.93,90.00,0,-92.64,-26.07,-72.84,-5.11,-107.59,-41.03,-90.40,-23.82,-67.77,4.93,-107.09,-40.53,-101.24,-34.68
5515,5076.62,5766.50,0,4,-69.10,4.76,90.00,0,-91.43,-23.56,-74.04,-5.00,-107.23,-39.38,-91.08,-23.21,-69.10,4.76,-108.59,-40.74,-102.39,-34.54
5516,5076.88,5766.50,0,4,-71.00,4.56,90.00,0,-90.06,-20.33,-75.85,-4.94,-106.08,-36.38,-92.17,-22.44,-71.00,4.56,-111.16,-inf,-103.28,-33.58
5517,5077.12,5766.50,0,4,-68.89,7.36,90.00,0,-91.71,-23.54,-76.51,-7.67,-102.86,-34.70,-92.91,-24.74,-68.89,7.36,-110.46,-inf,-102.02,-33.87
5518,5077.38,5766.50,0,4,-68.33,8.24,90.00,0,-91.68,-23.94,-76.83,-8.54,-103.53,-35.81,-94.08,-26.35,-68.33,8.24,-108.65,-40.93,-102.96,-35.24
5519,5077.62,5766.50,0,4,-68.01,9.62,90.00,0,-90.38,-22.79,-78.02,-10.04,-102.94,-35.38,-95.08,-27.51,-68.01,9.62,-111.63,-inf,-102.18,-34.61
5520,5077.88,5766.50,0,4,-64.36,10.48,90.00,0,-91.43,-27.43,-75.01,-10.66,-102.04,-38.06,-95.62,-31.63,-64.36,10.48,-112.41,-inf,-102.20,-38.21
5521,5078.12,5766.50,0,4,-62.82,11.99,90.00,0,-90.49,-27.94,-75.00,-12.19,-104.01,-41.46,-95.26,-32.71,-62.82,11.99,-114.78,-inf,-101.14,-38.59
5522,5078.38,5766.50,0,4,-63.32,11.79,90.00,0,-93.65,-30.60,-75.23,-11.92,-104.25,-41.21,-96.85,-33.81,-63.32,11.79,-115.78,-inf,-100.56,-37.52
5523,5078.62,5766.50,0,4,-62.69,12.82,90.00,0,-92.59,-30.12,-75.64,-12.96,-105.15,-42.68,-98.84,-36.37,-62.69,12.82,-116.35,-inf,-102.76,-40.29
5524,5078.88,5766.50,0,4,-63.87,10.77,90.00,0,-90.74,-27.21,-74.80,-10.95,-104.81,-41.29,-95.74,-32.22,-63.87,10.77,-113.85,-inf,-105.04,-41.52
5525,5079.12,5766.50,0,4,-65.23,10.38,90.00,0,-90.07,-25.21,-75.82,-10.61,-105.42,-40.57,-96.99,-32.14,-65.23,10.38,-112.93,-inf,-108.12,-43.27
5526,5079.38,5766.50,0,4,-62.60,9.90,90.00,0,-89.92,-27.74,-72.61,-10.02,-106.03,-43.85,-96.84,-34.66,-62.60,9.90,-110.15,-inf,-109.05,-46.88
5527,5079.62,5766.50,0,4,-62.95,9.58,90.00,0,-91.45,-28.95,-72.61,-9.68,-107.29,-44.80,-95.61,-33.11,-62.95,9.58,-110.52,-inf,-110.58,-inf
5528,5079.88,5766.50,0,4,-67.73,4.81,90.00,0,-93.31,-26.80,-72.62,-4.91,-109.54,-43.04,-95.27,-28.76,-67.73,4.81,-108.49,-41.99,-110.43,-inf
5529,5080.12,5766.50,0,4,-66.51,6.06,90.00,0,-94.95,-29.40,-72.62,-6.13,-108.71,-43.16,-96.79,-31.24,-66.51,6.06,-108.51,-42.96,-111.24,-inf
5530,5080.38,5766.50,0,4,-69.10,3.48,90.00,0,-95.27,-27.77,-72.63,-3.55,-108.80,-41.31,-97.08,-29.58,-69.10,3.48,-110.56,-inf,-108.72,-41.23
5531,5080.62,5766.50,0,4,-65.01,7.67,90.00,0,-94.38,-30.05,-72.74,-7.74,-108.35,-44.02,-96.37,-32.04,-65.01,7.67,-112.12,-inf,-108.07,-43.74
5532,5080.88,5766.50,0,4,-66.79,5.79,90.00,0,-96.51,-30.74,-72.64,-5.86,-111.09,-inf,-94.94,-29.16,-66.79,5.79,-109.27,-43.50,-108.91,-43.14
5533,5081.12,5766.50,0,4,-68.17,4.41,90.00,0,-96.50,-29.67,-72.64,-4.50,-109.87,-43.04,-93.58,-26.74,-68.17,4.41,-111.19,-inf,-108.63,-41.80
5534,5081.38,5766.50,0,4,-67.22,5.36,90.00,0,-93.86,-27.74,-72.64,-5.44,-109.50,-43.39,-95.43,-29.32,-67.22,5.36,-111.07,-inf,-106.13,-40.02
5535,5081.62,5766.50,0,4,-66.99,5.60,90.00,0,-94.70,-28.77,-72.65,-5.68,-109.27,-43.34,-95.02,-29.09,-66.99,5.60,-111.10,-inf,-107.31,-41.38
5536,5081.88,5766.50,0,4,-66.42,7.09,90.00,0,-93.81,-28.16,-73.59,-7.18,-110.69,-inf,-97.03,-31.38,-66.42,7.09,-112.09,-inf,-107.48,-41.83
5537,5082.12,5766.50,0,4,-69.46,5.93,90.00,0,-92.50,-24.01,-75.52,-6.09,-110.16,-inf,-98.26,-29.78,-69.46,5.93,-113.84,-inf,-104.92,-36.44
5538,5082.38,5766.50,0,4,-67.31,9.92,90.00,0,-91.67,-24.76,-77.46,-10.17,-109.09,-42.20,-99.01,-32.12,-67.31,9.92,-114.82,-inf,-105.07,-38.18
5539,5082.62,5766.50,0,4,-71.47,8.62,90.00,0,-91.33,-20.38,-80.57,-9.16,-111.29,-inf,-98.78,-27.86,-71.47,8.62,-114.13,-inf,-103.91,-32.99
5540,5082.88,5766.50,0,4,-71.79,7.73,90.00,0,-90.45,-19.28,-80.00,-8.28,-109.45,-38.34,-99.99,-28.87,-71.79,7.73,-115.92,-inf,-103.37,-32.25
5541,5083.12,5766.50,0,4,-71.67,9.51,90.00,0,-92.79,-21.55,-81.67,-10.05,-107.56,-36.35,-100.70,-29.49,-71.67,9.51,-114.75,-inf,-100.64,-29.43
5542,5083.38,5766.50,0,4,-69.84,10.39,90.00,0,-92.78,-23.30,-80.61,-10.80,-107.40,-37.94,-100.93,-31.46,-69.84,10.39,-116.50,-inf,-102.01,-32.54
5543,5083.62,5766.50,0,4,-68.70,9.93,90.00,0,-92.81,-24.51,-78.89,-10.22,-106.69,-38.41,-101.34,-33.06,-68.70,9.93,-113.65,-inf,-100.63,-32.35
5544,5083.88,5766.50,0,4,-70.43,9.17,90.00,0,-94.65,-24.70,-79.90,-9.50,-105.83,-35.89,-102.20,-32.26,-70.43,9.17,-113.49,-inf,-97.51,-27.57
5545,5084.12,5766.50,0,4,-69.43,10.20,90.00,0,-97.37,-28.33,-79.81,-10.39,-105.89,-36.86,-103.84,-34.81,-69.43,10.20,-111.54,-inf,-100.25,-31.22
5546,5084.38,5766.50,0,4,-70.61,11.35,90.00,0,-100.06,-29.75,-82.19,-11.60,-107.05,-36.75,-102.43,-32.13,-70.61,11.35,-112.36,-inf,-102.32,-32.02
5547,5084.62,5766.50,0,4,-70.73,10.48,90.00,0,-100.52,-30.17,-81.41,-10.70,-105.81,-35.46,-103.22,-32.87,-70.73,10.48,-113.33,-inf,-101.12,-30.76
5548,5084.88,5766.50,0,4,-73.54,7.43,90.00,0,-101.34,-28.51,-81.15,-7.64,-105.52,-32.70,-103.04,-30.22,-73.54,7.43,-112.69,-inf,-101.74,-28.92
5549,5085.12,5766.50,0,4,-74.65,5.15,90.00,0,-102.26,-28.76,-79.94,-5.33,-105.45,-31.96,-103.36,-29.87,-74.65,5.15,-115.23,-inf,-100.14,-26.65
5550,5085.38,5766.50,0,4,-74.68,6.35,90.00,0,-103.99,-30.21,-81.21,-6.57,-107.11,-33.33,-102.81,-29.03,-74.68,6.35,-115.67,-inf,-100.00,-26.21
5551,5085.62,5766.50,0,4,-74.98,8.41,90.00,0,-103.68,-29.28,-83.71,-8.77,-104.45,-30.05,-105.19,-30.79,-74.98,8.41,-115.15,-inf,-99.51,-25.10
5552,5085.88,5766.50,0,4,-76.31,7.55,90.00,0,-102.44,-26.83,-84.27,-8.03,-105.07,-29.46,-105.77,-30.17,-76.31,7.55,-115.09,-inf,-98.19,-22.56
5553,5086.12,5766.50,0,4,-73.77,10.68,90.00,0,-102.11,-28.69,-84.83,-11.10,-107.05,-33.63,-105.53,-32.11,-73.77,10.68,-115.16,-inf,-100.04,-26.61
5554,5086.38,5766.50,0,4,-72.65,12.34,90.00,0,-99.26,-26.85,-85.53,-12.91,-110.27,-inf,-103.34,-30.93,-72.65,12.34,-115.35,-inf,-99.75,-27.34
5555,5086.62,5766.50,0,4,-72.22,13.89,90.00,0,-101.60,-29.55,-86.66,-14.46,-110.75,-inf,-105.44,-33.40,-72.22,13.89,-114.92,-inf,-100.48,-28.43
5556,5086.88,5766.50,0,4,-73.82,12.20,90.00,0,-101.93,-28.36,-86.59,-12.81,-110.62,-inf,-106.93,-33.37,-73.82,12.20,-114.39,-inf,-98.96,-25.38
5557,5087.12,5766.50,0,4,-73.30,13.35,90.00,0,-101.16,-28.04,-87.23,-13.95,-111.91,-inf,-107.93,-34.82,-73.30,13.35,-115.34,-inf,-101.28,-28.16
5558,5087.38,5766.50,0,4,-70.39,15.00,90.00,0,-99.21,-28.95,-85.93,-15.56,-112.46,-inf,-105.25,-34.99,-70.39,15.00,-115.77,-inf,-100.46,-30.19
5559,5087.62,5766.50,0,4,-71.04,16.68,90.00,0,-99.91,-28.96,-88.66,-17.64,-114.66,-inf,-104.81,-33.86,-71.04,16.68,-116.00,-inf,-100.28,-29.33
5560,5087.88,5766.50,0,4,-70.70,16.51,90.00,0,-100.52,-29.91,-88.06,-17.37,-115.53,-inf,-102.58,-31.96,-70.70,16.51,-114.79,-inf,-100.28,-29.66
5561,5088.12,5766.50,0,4,-71.93,17.74,90.00,0,-101.98,-30.12,-91.36,-19.46,-115.39,-inf,-99.96,-28.10,-71.93,17.74,-116.68,-inf,-100.64,-28.78
5562,5088.38,5766.50,0,4,-72.43,17.17,90.00,0,-100.57,-28.22,-91.84,-19.44,-115.14,-inf,-99.96,-27.61,-72.43,17.17,-113.55,-inf,-98.15,-25.80
5563,5088.62,5766.50,0,4,-70.62,17.63,90.00,0,-101.15,-30.59,-90.00,-19.41,-113.66,-inf,-101.88,-31.33,-70.62,17.63,-113.03,-inf,-95.91,-25.35
5564,5088.88,5766.50,0,4,-72.22,16.10,90.00,0,-103.74,-31.63,-89.57,-17.37,-117.07,-inf,-102.86,-30.74,-72.22,16.10,-112.17,-inf,-97.62,-25.49
5565,5089.12,5766.50,0,4,-72.36,16.78,90.00,0,-103.29,-31.02,-90.69,-18.35,-115.18,-inf,-99.92,-27.64,-72.36,16.78,-111.96,-inf,-99.33,-27.05
5566,5089.38,5766.50,0,4,-72.64,14.29,90.00,0,-101.53,-29.05,-87.83,-15.22,-112.84,-inf,-99.63,-27.15,-72.64,14.29,-112.92,-inf,-99.92,-27.43
5567,5089.62,5766.50,0,4,-72.89,13.65,90.00,0,-102.02,-29.31,-87.58,-14.73,-109.22,-36.52,-97.14,-24.42,-72.89,13.65,-114.29,-inf,-99.80,-27.08
5568,5089.88,5766.50,0,4,-72.47,14.93,90.00,0,-101.86,-29.52,-88.59,-16.15,-109.54,-37.21,-98.22,-25.88,-72.47,14.93,-110.87,-inf,-99.62,-27.28
5569,5090.12,5766.50,0,4,-72.76,14.52,90.00,0,-100.83,-28.22,-88.45,-15.73,-110.07,-inf,-98.75,-26.13,-72.76,14.52,-110.64,-inf,-98.93,-26.31
5570,5090.38,5766.50,0,4,-72.74,14.20,90.00,0,-99.16,-26.57,-87.99,-15.29,-111.42,-inf,-98.43,-25.84,-72.74,14.20,-111.20,-inf,-101.41,-28.83
5571,5090.62,5766.50,0,4,-72.00,13.93,90.00,0,-100.49,-28.66,-86.88,-14.91,-110.13,-inf,-96.49,-24.66,-72.00,13.93,-111.57,-inf,-100.59,-28.76
5572,5090.88,5766.50,0,4,-72.88,12.64,90.00,0,-100.98,-28.32,-86.38,-13.54,-109.17,-36.52,-97.11,-24.44,-72.88,12.64,-112.68,-inf,-99.31,-26.65
5573,5091.12,5766.50,0,4,-73.52,13.29,90.00,0,-101.41,-28.09,-87.79,-14.31,-107.24,-33.92,-98.51,-25.18,-73.52,13.29,-111.48,-inf,-100.57,-27.24
5574,5091.38,5766.50,0,4,-71.05,13.58,90.00,0,-102.03,-31.16,-85.29,-14.26,-105.58,-34.71,-100.38,-29.50,-71.05,13.58,-110.24,-inf,-97.03,-26.15
5575,5091.62,5766.50,0,4,-71.43,12.91,90.00,0,-102.39,-31.18,-84.97,-13.58,-103.96,-32.74,-100.29,-29.07,-71.43,12.91,-109.90,-38.69,-96.91,-25.69
5576,5091.88,5766.50,0,4,-72.02,13.16,90.00,0,-104.02,-32.20,-85.83,-13.83,-104.97,-33.15,-101.11,-29.29,-72.02,13.16,-109.40,-37.58,-98.04,-26.21
5577,5092.12,5766.50,0,4,-72.30,11.86,90.00,0,-103.26,-31.24,-84.61,-12.35,-104.32,-32.29,-102.07,-30.04,-72.30,11.86,-109.96,-37.94,-98.82,-26.79
5578,5092.38,5766.50,0,4,-71.80,13.15,90.00,0,-102.68,-31.08,-85.46,-13.68,-103.32,-31.73,-102.08,-30.48,-71.80,13.15,-111.36,-inf,-100.59,-28.99
5579,5092.62,5766.50,0,4,-70.46,15.82,90.00,0,-101.91,-31.55,-87.09,-16.65,-103.11,-32.76,-101.95,-31.59,-70.46,15.82,-112.49,-inf,-99.16,-28.80
5580,5092.88,5766.50,0,4,-72.58,14.33,90.00,0,-102.77,-30.35,-88.08,-15.54,-100.25,-27.82,-101.32,-28.90,-72.58,14.33,-113.66,-inf,-97.84,-25.41
5581,5093.12,5766.50,0,4,-72.18,15.60,90.00,0,-101.77,-29.71,-89.43,-17.29,-102.00,-29.94,-100.31,-28.25,-72.18,15.60,-113.16,-inf,-96.89,-24.82
5582,5093.38,5766.50,0,4,-72.49,16.35,90.00,0,-101.89,-29.49,-90.77,-18.31,-103.12,-30.72,-99.26,-26.85,-72.49,16.35,-114.06,-inf,-98.67,-26.27
5583,5093.62,5766.50,0,4,-72.98,15.96,90.00,0,-99.74,-26.86,-91.21,-18.28,-102.35,-29.47,-99.66,-26.78,-72.98,15.96,-109.69,-36.82,-98.63,-25.74
5584,5093.88,5766.50,0,4,-73.06,16.62,90.00,0,-98.54,-25.56,-92.36,-19.35,-103.63,-30.66,-99.55,-26.58,-73.06,16.62,-110.59,-inf,-99.92,-26.95
5585,5094.12,5766.50,0,4,-73.72,15.73,90.00,0,-98.28,-24.67,-92.00,-18.34,-104.00,-30.39,-99.71,-26.10,-73.72,15.73,-113.81,-inf,-99.60,-25.99
5586,5094.38,5766.50,0,4,-71.94,17.11,90.00,0,-99.48,-27.62,-91.04,-19.14,-105.73,-33.88,-100.72,-28.86,-71.94,17.11,-111.53,-inf,-98.67,-26.81
5587,5094.62,5766.50,0,4,-72.92,16.57,90.00,0,-97.74,-24.90,-92.29,-19.42,-107.71,-34.88,-99.46,-26.62,-72.92,16.57,-114.20,-inf,-98.66,-25.82
5588,5094.88,5766.50,0,4,-71.98,15.09,90.00,0,-97.26,-25.41,-88.46,-16.51,-108.36,-36.51,-98.45,-26.59,-71.98,15.09,-112.04,-inf,-100.28,-28.43
5589,5095.12,5766.50,0,4,-70.06,18.32,90.00,0,-96.93,-26.92,-90.33,-20.29,-109.31,-39.31,-98.57,-28.57,-70.06,18.32,-110.18,-inf,-101.45,-31.45
5590,5095.38,5766.50,0,4,-70.18,20.94,90.00,0,-96.97,-26.81,-95.50,-25.34,-112.00,-inf,-98.70,-28.55,-70.18,20.94,-109.87,-39.72,-103.50,-33.35
5591,5095.62,5766.50,0,4,-70.52,20.09,90.00,0,-95.36,-24.87,-96.45,-25.96,-109.49,-39.01,-98.08,-27.60,-70.52,20.09,-109.59,-39.12,-101.26,-30.78
5592,5095.88,5766.50,0,4,-69.45,20.77,90.00,0,-97.84,-28.43,-95.67,-26.24,-106.89,-37.48,-95.21,-25.79,-69.45,20.77,-108.31,-38.90,-101.00,-31.59
5593,5096.12,5766.50,0,4,-68.01,22.87,90.00,0,-96.57,-28.57,-96.84,-28.84,-107.66,-39.67,-97.76,-29.76,-68.01,22.87,-106.90,-38.91,-100.75,-32.76
5594,5096.38,5766.50,0,4,-66.05,24.16,90.00,0,-95.30,-29.27,-97.54,-31.51,-108.93,-42.90,-95.94,-29.90,-66.05,24.16,-106.48,-40.45,-100.31,-34.28
5595,5096.62,5766.50,0,4,-69.85,20.39,90.00,0,-94.88,-25.06,-98.11,-28.29,-111.10,-inf,-95.35,-25.53,-69.85,20.39,-107.26,-37.45,-102.46,-32.65
5596,5096.88,5766.50,0,4,-70.42,17.77,90.00,0,-91.81,-21.43,-96.67,-26.31,-110.92,-inf,-93.50,-23.12,-70.42,17.77,-108.45,-38.10,-100.89,-30.53
5597,5097.12,5766.50,0,4,-67.47,21.83,90.00,0,-93.84,-26.39,-97.15,-29.70,-112.11,-inf,-94.11,-26.66,-67.47,21.83,-110.61,-inf,-100.93,-33.49
5598,5097.38,5766.50,0,4,-67.14,21.96,90.00,0,-96.23,-29.11,-93.79,-26.67,-109.29,-42.18,-94.89,-27.77,-67.14,21.96,-110.91,-inf,-98.57,-31.45
5599,5097.62,5766.50,0,4,-65.58,20.73,90.00,0,-97.64,-32.09,-89.16,-23.59,-109.10,-43.56,-92.42,-26.86,-65.58,20.73,-111.54,-inf,-95.71,-30.16
5600,5097.88,5766.50,0,4,-63.59,23.28,90.00,0,-98.57,-34.99,-89.91,-26.33,-111.03,-inf,-92.43,-28.85,-63.59,23.28,-111.09,-inf,-96.52,-32.94
5601,5098.12,5766.50,0,4,-62.85,23.04,90.00,0,-100.10,-37.27,-88.23,-25.39,-112.23,-inf,-91.44,-28.60,-62.85,23.04,-110.83,-inf,-97.97,-35.14
5602,5098.38,5766.50,0,4,-63.78,24.50,90.00,0,-99.79,-36.03,-91.26,-27.49,-111.64,-inf,-94.22,-30.45,-63.78,24.50,-109.01,-45.24,-98.45,-34.68
5603,5098.62,5766.50,0,4,-63.79,24.57,90.00,0,-99.87,-36.09,-91.61,-27.83,-113.60,-inf,-94.18,-30.40,-63.79,24.57,-110.96,-inf,-97.37,-33.59
5604,5098.88,5766.50,0,4,-63.10,26.45,90.00,0,-100.47,-37.39,-93.75,-30.66,-111.66,-inf,-94.29,-31.20,-63.10,26.45,-111.61,-inf,-98.99,-35.90
5605,5099.12,5766.50,0,4,-64.32,26.05,90.00,0,-99.51,-35.20,-94.79,-30.47,-113.31,-inf,-95.39,-31.07,-64.32,26.05,-110.89,-inf,-100.68,-36.37
5606,5099.38,5766.50,0,4,-65.86,23.99,90.00,0,-100.14,-34.30,-93.21,-27.36,-113.77,-inf,-95.25,-29.40,-65.86,23.99,-110.57,-inf,-101.98,-36.13
5607,5099.62,5766.50,0,4,-65.29,24.20,90.00,0,-99.15,-33.87,-92.47,-27.19,-113.52,-inf,-95.82,-30.53,-65.29,24.20,-110.15,-inf,-101.36,-36.08
5608,5099.88,5766.50,0,4,-64.97,25.99,90.00,0,-99.73,-34.77,-94.89,-29.93,-115.41,-inf,-96.79,-31.83,-64.97,25.99,-109.86,-44.90,-102.91,-37.95
5609,5100.00,5766.38,3,4,-64.21,19.52,90.00,0,-101.44,-51.60,-92.32,-42.49,-110.22,-inf,-104.05,-54.22,-49.83,39.88,-106.28,-56.45,-96.07,-46.23
5610,5100.00,5766.12,3,4,-51.12,38.17,90.00,0,-103.29,-52.17,-91.60,-40.48,-110.50,-inf,-101.92,-50.80,-51.12,38.17,-107.14,-56.02,-95.95,-44.83
5611,5100.00,5765.88,3,4,-49.83,40.21,90.00,0,-103.92,-54.09,-93.14,-43.31,-111.21,-inf,-101.06,-51.23,-49.83,40.21,-106.56,-56.73,-95.77,-45.94
5612,5100.00,5765.62,3,4,-51.73,38.98,90.00,0,-102.99,-51.26,-94.69,-42.96,-110.89,-inf,-100.63,-48.90,-51.73,38.98,-105.65,-53.92,-96.10,-44.37
5613,5100.00,5765.38,3,4,-51.06,38.52,90.00,0,-104.35,-53.30,-92.48,-41.43,-110.29,-inf,-100.56,-49.51,-51.06,38.52,-105.66,-54.61,-95.45,-44.39
5614,5100.00,5765.12,3,4,-52.44,36.19,90.00,0,-103.39,-50.95,-89.98,-37.54,-110.15,-inf,-101.60,-49.16,-52.44,36.19,-106.33,-53.89,-98.93,-46.50
5615,5100.00,5764.88,3,4,-54.79,33.85,90.00,0,-103.64,-48.85,-90.12,-35.33,-110.08,-inf,-101.38,-46.59,-54.79,33.85,-105.04,-50.25,-98.34,-43.55
5616,5100.00,5764.62,3,4,-56.89,30.57,90.00,0,-104.86,-47.97,-88.54,-31.65,-110.51,-inf,-100.95,-44.07,-56.89,30.57,-107.41,-50.52,-97.82,-40.94
5617,5100.00,5764.38,3,4,-58.85,29.67,90.00,0,-104.84,-45.99,-89.89,-31.04,-110.50,-inf,-102.28,-43.43,-58.85,29.67,-107.51,-48.66,-97.74,-38.89
5618,5100.00,5764.12,3,4,-60.60,26.48,90.00,0,-105.76,-45.17,-88.25,-27.65,-109.66,-49.07,-105.07,-44.48,-60.60,26.48,-104.99,-44.40,-95.85,-35.26
5619,5100.00,5763.88,3,4,-63.14,24.26,90.00,0,-108.60,-45.47,-88.95,-25.81,-108.96,-45.83,-105.03,-41.90,-63.14,24.26,-104.60,-41.47,-94.55,-31.42
5620,5100.00,5763.62,3,4,-60.54,24.40,90.00,0,-106.65,-46.13,-85.59,-25.05,-108.69,-48.17,-102.75,-42.22,-60.54,24.40,-106.81,-46.28,-96.33,-35.81
5621,5100.00,5763.38,3,4,-60.46,25.33,90.00,0,-107.63,-47.17,-86.67,-26.20,-106.57,-46.12,-100.72,-40.27,-60.46,25.33,-106.11,-45.66,-96.38,-35.92
5622,5100.00,5763.12,3,4,-58.03,27.58,90.00,0,-107.33,-49.30,-86.45,-28.42,-106.40,-48.37,-101.11,-43.09,-58.03,27.58,-106.17,-48.14,-96.19,-38.17
5623,5100.00,5762.88,3,4,-56.44,31.52,90.00,0,-106.22,-49.78,-89.35,-32.92,-108.01,-51.57,-100.67,-44.24,-56.44,31.52,-104.19,-47.76,-97.49,-41.05
5624,5100.00,5762.62,3,4,-55.83,31.45,90.00,0,-106.17,-50.34,-89.24,-33.41,-107.38,-51.55,-98.10,-42.27,-55.83,31.45,-104.16,-48.33,-94.65,-38.82
5625,5100.00,5762.38,3,4,-55.56,30.59,90.00,0,-105.08,-49.53,-87.56,-32.00,-106.21,-50.65,-96.71,-41.15,-55.56,30.59,-104.14,-48.59,-95.76,-40.20
5626,5100.00,5762.12,3,4,-54.34,32.66,90.00,0,-105.36,-51.03,-88.65,-34.31,-104.25,-49.91,-96.74,-42.40,-54.34,32.66,-103.97,-49.64,-96.77,-42.43
5627,5100.00,5761.88,3,4,-52.29,35.55,90.00,0,-105.82,-53.54,-89.64,-37.35,-101.98,-49.69,-96.67,-44.38,-52.29,35.55,-102.65,-50.36,-100.08,-47.79
5628,5100.00,5761.62,3,4,-51.26,38.69,90.00,0,-106.37,-55.11,-93.35,-42.09,-103.68,-52.42,-96.01,-44.75,-51.26,38.69,-102.99,-51.72,-100.93,-49.66
5629,5100.00,5761.38,3,4,-50.10,39.69,90.00,0,-107.66,-57.56,-93.67,-43.57,-100.80,-50.70,-95.61,-45.51,-50.10,39.69,-101.80,-51.70,-101.01,-50.92
5630,5100.00,5761.12,3,4,-50.54,39.29,90.00,0,-105.90,-55.36,-95.24,-44.70,-98.84,-48.30,-94.92,-44.38,-50.54,39.29,-101.31,-50.77,-100.58,-50.04
5631,5100.00,5760.88,3,4,-50.71,38.79,90.00,0,-105.28,-54.57,-95.52,-44.80,-96.03,-45.32,-95.33,-44.62,-50.71,38.79,-105.61,-54.90,-98.52,-47.80
5632,5100.00,5760.62,3,4,-51.04,37.31,90.00,0,-102.31,-51.27,-93.97,-42.93,-94.15,-43.11,-95.54,-44.51,-51.04,37.31,-105.74,-54.70,-96.69,-45.66
5633,5100.00,5760.38,3,4,-52.13,36.57,90.00,0,-103.58,-51.44,-93.80,-41.67,-95.80,-43.67,-95.01,-42.88,-52.13,36.57,-105.68,-53.54,-97.44,-45.30
5634,5100.00,5760.12,3,4,-52.01,36.77,90.00,0,-100.84,-48.83,-93.15,-41.15,-97.14,-45.14,-95.62,-43.61,-52.01,36.77,-105.11,-53.10,-97.92,-45.92
5635,5100.00,5759.88,3,4,-51.62,37.89,90.00,0,-102.80,-51.19,-94.23,-42.62,-100.93,-49.31,-99.01,-47.40,-51.62,37.89,-102.97,-51.35,-94.77,-43.15
5636,5100.00,5759.62,3,4,-50.99,38.51,90.00,0,-101.10,-50.11,-95.66,-44.66,-100.69,-49.70,-96.28,-45.29,-50.99,38.51,-102.75,-51.76,-95.25,-44.26
5637,5100.00,5759.38,3,4,-52.03,35.78,90.00,0,-98.95,-46.93,-93.87,-41.85,-102.14,-50.12,-92.92,-40.89,-52.03,35.78,-102.80,-50.78,-94.03,-42.00
5638,5100.00,5759.12,3,4,-53.04,33.62,90.00,0,-98.91,-45.87,-90.51,-37.47,-101.27,-48.23,-92.78,-39.74,-53.04,33.62,-103.11,-50.06,-94.11,-41.07
5639,5100.00,5758.88,3,4,-53.80,30.43,90.00,0,-100.55,-46.76,-86.32,-32.52,-99.98,-46.19,-93.24,-39.44,-53.80,30.43,-103.43,-49.64,-91.98,-38.19
5640,5100.00,5758.62,3,4,-54.70,28.97,90.00,0,-100.77,-46.07,-85.26,-30.56,-99.61,-44.91,-92.83,-38.13,-54.70,28.97,-100.59,-45.89,-93.86,-39.16
5641,5100.00,5758.38,3,4,-51.25,33.15,90.00,0,-101.98,-50.73,-86.41,-35.15,-98.56,-47.31,-91.75,-40.49,-51.25,33.15,-101.27,-50.02,-95.30,-44.04
5642,5100.00,5758.12,3,4,-50.58,33.20,90.00,0,-103.47,-52.90,-85.73,-35.15,-97.25,-46.67,-91.85,-41.27,-50.58,33.20,-100.74,-50.17,-93.56,-42.98
5643,5100.00,5757.88,3,4,-49.84,35.24,90.00,0,-106.07,-56.23,-88.12,-38.28,-95.80,-45.96,-91.98,-42.14,-49.84,35.24,-98.16,-48.32,-94.09,-44.25
5644,5100.00,5757.62,3,4,-53.09,29.69,90.00,0,-105.04,-51.96,-84.18,-31.10,-95.82,-42.74,-92.86,-39.78,-53.09,29.69,-96.90,-43.82,-94.72,-41.63
5645,5100.00,5757.38,3,4,-53.15,29.35,90.00,0,-105.48,-52.33,-84.27,-31.12,-96.48,-43.33,-90.45,-37.30,-53.15,29.35,-95.61,-42.47,-94.60,-41.45
5646,5100.00,5757.12,3,4,-51.92,31.09,90.00,0,-103.56,-51.64,-84.90,-32.98,-95.64,-43.72,-91.55,-39.63,-51.92,31.09,-97.15,-45.22,-93.47,-41.55
5647,5100.00,5756.88,3,4,-52.07,31.37,90.00,0,-102.93,-50.87,-85.28,-33.22,-96.08,-44.02,-91.52,-39.45,-52.07,31.37,-98.88,-46.81,-94.73,-42.66
5648,5100.00,5756.62,3,4,-50.69,32.70,90.00,0,-101.09,-50.40,-85.18,-34.49,-98.01,-47.32,-91.77,-41.08,-50.69,32.70,-98.05,-47.36,-94.12,-43.44
5649,5100.00,5756.38,3,4,-53.14,30.40,90.00,0,-98.64,-45.51,-85.91,-32.78,-97.12,-43.98,-90.19,-37.06,-53.14,30.40,-97.61,-44.47,-95.19,-42.05
5650,5100.00,5756.12,3,4,-54.39,26.30,90.00,0,-98.45,-44.07,-82.11,-27.72,-96.88,-42.50,-87.99,-33.61,-54.39,26.30,-98.26,-43.88,-97.03,-42.65
5651,5100.00,5755.88,3,4,-55.17,26.35,90.00,0,-98.03,-42.87,-83.19,-28.02,-97.32,-42.16,-88.41,-33.24,-55.17,26.35,-97.41,-42.25,-97.38,-42.22
5652,5100.00,5755.62,3,4,-54.77,27.78,90.00,0,-95.58,-40.81,-85.75,-30.98,-96.83,-42.07,-87.86,-33.10,-54.77,27.78,-94.28,-39.51,-95.26,-40.49
5653,5100.00,5755.38,3,4,-57.93,24.99,90.00,0,-97.58,-39.66,-86.20,-28.28,-99.14,-41.23,-89.04,-31.12,-57.93,24.99,-90.90,-32.99,-95.90,-37.98
5654,5100.00,5755.12,3,4,-58.55,25.11,90.00,0,-98.79,-40.26,-88.55,-30.01,-98.98,-40.44,-87.95,-29.41,-58.55,25.11,-90.81,-32.27,-99.20,-40.66
5655,5100.00,5754.88,3,4,-58.32,25.10,90.00,0,-98.81,-40.50,-88.51,-30.20,-99.57,-41.26,-87.95,-29.64,-58.32,25.10,-89.50,-31.19,-101.69,-43.38
5656,5100.00,5754.62,3,4,-58.60,24.32,90.00,0,-101.32,-42.74,-89.14,-30.56,-100.68,-42.10,-87.13,-28.55,-58.60,24.32,-87.88,-29.30,-101.85,-43.27
5657,5100.00,5754.38,3,4,-61.36,21.27,90.00,0,-99.43,-38.10,-87.43,-26.09,-98.55,-37.22,-86.39,-25.05,-61.36,21.27,-90.28,-28.94,-102.54,-41.21
5658,5100.00,5754.12,3,4,-63.62,19.48,90.00,0,-104.25,-40.68,-86.49,-22.90,-98.88,-35.31,-87.86,-24.27,-63.62,19.48,-91.65,-28.07,-101.66,-38.09
5659,5100.00,5753.88,3,4,-61.93,21.91,90.00,0,-102.72,-40.82,-87.05,-25.13,-100.38,-38.48,-89.70,-27.79,-61.93,21.91,-91.10,-29.19,-102.22,-40.32
5660,5100.00,5753.62,3,4,-61.70,21.77,90.00,0,-102.84,-41.17,-85.21,-23.53,-100.00,-38.33,-91.58,-29.91,-61.70,21.77,-93.48,-31.81,-100.32,-38.65
5661,5100.00,5753.38,3,4,-61.65,21.52,90.00,0,-104.87,-43.24,-85.52,-23.88,-102.23,-40.61,-89.06,-27.43,-61.65,21.52,-92.97,-31.35,-101.41,-39.79
5662,5100.00,5753.12,3,4,-62.65,21.56,90.00,0,-104.61,-41.99,-87.82,-25.19,-103.63,-41.01,-88.89,-26.26,-62.65,21.56,-92.40,-29.78,-100.10,-37.48
5663,5100.00,5752.88,3,4,-62.22,22.29,90.00,0,-104.13,-41.94,-88.19,-25.99,-104.53,-42.34,-88.84,-26.64,-62.22,22.29,-93.27,-31.08,-101.04,-38.85
5664,5100.00,5752.62,3,4,-61.01,22.11,90.00,0,-104.69,-43.71,-86.50,-25.50,-104.18,-43.19,-87.15,-26.15,-61.01,22.11,-93.59,-32.60,-100.39,-39.41
5665,5100.00,5752.38,3,4,-61.24,20.73,90.00,0,-107.42,-46.22,-84.67,-23.45,-104.21,-43.00,-86.80,-25.58,-61.24,20.73,-92.61,-31.40,-98.23,-37.02
5666,5100.00,5752.12,3,4,-59.95,22.90,90.00,0,-106.68,-46.76,-85.64,-25.71,-107.26,-47.33,-87.99,-28.05,-59.95,22.90,-92.66,-32.73,-97.24,-37.32
5667,5100.00,5751.88,3,4,-60.81,21.63,90.00,0,-105.50,-44.72,-85.60,-24.81,-106.09,-45.31,-87.75,-26.97,-60.81,21.63,-90.39,-29.61,-96.97,-36.19
5668,5100.00,5751.62,3,4,-61.80,19.20,90.00,0,-106.79,-45.05,-83.16,-21.39,-107.96,-46.22,-86.52,-24.76,-61.80,19.20,-92.54,-30.79,-97.28,-35.53
5669,5100.00,5751.38,3,4,-62.38,19.19,90.00,0,-103.33,-41.01,-84.61,-22.26,-106.65,-44.32,-85.83,-23.48,-62.38,19.19,-92.49,-30.16,-97.59,-35.26
5670,5100.00,5751.12,3,4,-60.27,20.24,90.00,0,-103.05,-42.82,-84.99,-24.74,-107.18,-46.95,-83.48,-23.23,-60.27,20.24,-90.49,-30.26,-97.89,-37.66
5671,5100.00,5750.88,3,4,-59.60,22.64,90.00,0,-104.27,-44.70,-86.20,-26.61,-108.92,-49.35,-85.85,-26.26,-59.60,22.64,-91.32,-31.74,-100.84,-41.27
5672,5100.00,5750.62,3,4,-58.43,23.68,90.00,0,-105.17,-46.76,-85.07,-26.65,-105.90,-47.49,-87.09,-28.67,-58.43,23.68,-90.51,-32.09,-103.73,-45.32
5673,5100.00,5750.38,3,4,-58.74,22.40,90.00,0,-106.07,-47.36,-84.03,-25.30,-104.21,-45.50,-85.93,-27.21,-58.74,22.40,-90.11,-31.39,-103.23,-44.51
5674,5100.00,5750.12,3,4,-56.92,24.34,90.00,0,-102.28,-45.37,-83.82,-26.90,-103.90,-47.00,-86.70,-29.79,-56.92,24.34,-90.16,-33.25,-105.50,-48.59
5675,5100.00,5749.88,3,4,-57.50,24.86,90.00,0,-101.93,-44.44,-86.89,-29.40,-102.81,-45.33,-85.99,-28.49,-57.50,24.86,-89.99,-32.50,-105.69,-48.20
5676,5100.00,5749.62,3,4,-58.04,23.97,90.00,0,-101.77,-43.75,-85.12,-27.09,-102.77,-44.75,-87.36,-29.33,-58.04,23.97,-89.46,-31.43,-105.14,-47.12
5677,5100.00,5749.38,3,4,-57.20,25.58,90.00,0,-97.73,-40.54,-86.24,-29.05,-102.91,-45.72,-87.62,-30.43,-57.20,25.58,-90.85,-33.66,-106.80,-49.61
5678,5100.00,5749.12,3,4,-56.28,26.93,90.00,0,-98.78,-42.51,-86.72,-30.45,-103.91,-47.64,-87.74,-31.47,-56.28,26.93,-91.74,-35.47,-107.05,-50.77
5679,5100.00,5748.88,3,4,-54.89,27.07,90.00,0,-99.78,-44.90,-86.99,-32.11,-104.79,-49.91,-87.37,-32.49,-54.89,27.07,-86.46,-31.57,-105.26,-50.38
5680,5100.00,5748.62,3,4,-56.64,26.55,90.00,0,-100.85,-44.22,-87.34,-30.71,-105.04,-48.41,-89.19,-32.56,-56.64,26.55,-88.25,-31.62,-104.06,-47.43
5681,5100.00,5748.38,3,4,-56.23,28.09,90.00,0,-101.02,-44.79,-89.05,-32.82,-105.53,-49.31,-89.14,-32.91,-56.23,28.09,-90.07,-33.84,-104.41,-48.18
5682,5100.00,5748.12,3,4,-58.48,25.80,90.00,0,-104.91,-46.44,-89.19,-30.72,-103.95,-45.48,-87.68,-29.20,-58.48,25.80,-92.08,-33.61,-105.12,-46.65
5683,5100.00,5747.88,3,4,-60.03,24.61,90.00,0,-101.03,-41.01,-88.94,-28.91,-103.29,-43.27,-91.23,-31.20,-60.03,24.61,-89.60,-29.57,-101.17,-41.15
5684,5100.00,5747.62,3,4,-62.94,22.80,90.00,0,-101.25,-38.34,-89.26,-26.33,-103.16,-40.24,-92.58,-29.65,-62.94,22.80,-91.82,-28.90,-103.30,-40.38
5685,5100.00,5747.38,3,4,-64.68,19.99,90.00,0,-102.31,-37.67,-86.88,-22.21,-104.06,-39.42,-92.99,-28.34,-64.68,19.99,-92.13,-27.48,-103.67,-39.03
5686,5100.00,5747.12,3,4,-63.67,18.62,90.00,0,-102.03,-38.42,-83.47,-19.81,-107.14,-43.52,-93.83,-30.22,-63.67,18.62,-91.06,-27.44,-106.28,-42.67
5687,5100.00,5746.88,3,4,-61.38,21.04,90.00,0,-104.14,-42.79,-85.15,-23.79,-106.72,-45.37,-88.18,-26.83,-61.38,21.04,-90.05,-28.70,-108.10,-46.76
5688,5100.00,5746.62,3,4,-60.78,21.37,90.00,0,-104.50,-43.75,-83.95,-23.18,-106.64,-45.89,-89.99,-29.23,-60.78,21.37,-90.51,-29.76,-109.10,-48.35
5689,5100.00,5746.38,3,4,-61.49,19.69,90.00,0,-104.82,-43.37,-82.21,-20.73,-109.18,-47.73,-90.09,-28.64,-61.49,19.69,-93.22,-31.77,-108.09,-46.65
5690,5100.00,5746.12,3,4,-62.15,19.67,90.00,0,-106.50,-44.39,-83.42,-21.28,-107.99,-45.89,-88.37,-26.25,-62.15,19.67,-93.81,-31.70,-107.47,-45.36
5691,5100.00,5745.88,3,4,-59.20,22.87,90.00,0,-106.87,-47.70,-84.15,-24.96,-106.90,-47.72,-87.15,-27.96,-59.20,22.87,-95.79,-36.61,-104.75,-45.58
5692,5100.00,5745.62,3,4,-58.17,22.18,90.00,0,-105.39,-47.24,-81.49,-23.32,-106.01,-47.86,-87.54,-29.39,-58.17,22.18,-97.43,-39.28,-107.84,-49.70
5693,5100.00,5745.38,3,4,-57.81,22.32,90.00,0,-104.40,-46.61,-83.13,-25.34,-105.82,-48.04,-83.67,-25.87,-57.81,22.32,-94.34,-36.55,-105.83,-48.05
5694,5100.00,5745.12,3,4,-56.99,22.09,90.00,0,-104.24,-47.27,-80.76,-23.78,-104.75,-47.79,-84.54,-27.57,-56.99,22.09,-96.17,-39.20,-103.24,-46.28
5695,5100.00,5744.88,3,4,-56.59,21.33,90.00,0,-102.20,-45.64,-79.59,-23.01,-105.36,-48.80,-83.21,-26.64,-56.59,21.33,-98.06,-41.50,-104.17,-47.61
5696,5100.00,5744.62,3,4,-56.08,22.05,90.00,0,-102.43,-46.38,-80.07,-24.00,-108.10,-52.05,-82.86,-26.80,-56.08,22.05,-97.98,-41.92,-104.95,-48.90
5697,5100.00,5744.38,3,4,-55.90,22.11,90.00,0,-101.72,-45.85,-79.99,-24.10,-107.22,-51.35,-82.71,-26.83,-55.90,22.11,-96.74,-40.87,-103.55,-47.68
5698,5100.00,5744.12,3,4,-57.53,20.95,90.00,0,-103.95,-46.46,-80.36,-22.84,-107.65,-50.15,-83.38,-25.87,-57.53,20.95,-97.66,-40.17,-103.80,-46.31
5699,5100.00,5743.88,3,4,-57.53,19.40,90.00,0,-101.50,-44.02,-78.01,-20.50,-105.94,-48.47,-83.82,-26.34,-57.53,19.40,-99.51,-42.03,-104.28,-46.80
5700,5100.00,5743.62,3,4,-58.19,18.07,90.00,0,-101.19,-43.06,-77.13,-18.95,-106.26,-48.13,-84.03,-25.89,-58.19,18.07,-101.92,-43.80,-104.58,-46.45
5701,5100.00,5743.38,3,4,-57.49,20.62,90.00,0,-99.43,-41.97,-79.15,-21.66,-108.39,-50.93,-85.32,-27.85,-57.49,20.62,-100.84,-43.38,-104.81,-47.36
5702,5100.00,5743.12,3,4,-58.30,17.78,90.00,0,-101.30,-43.07,-76.57,-18.27,-106.75,-48.53,-86.40,-28.17,-58.30,17.78,-102.92,-44.69,-102.85,-44.62
5703,5100.00,5742.88,3,4,-61.05,12.58,90.00,0,-100.92,-40.11,-74.23,-13.21,-107.30,-46.48,-82.78,-21.93,-61.05,12.58,-100.12,-39.31,-105.70,-44.88
5704,5100.00,5742.62,3,4,-62.67,10.47,90.00,0,-103.19,-40.90,-74.12,-11.53,-106.94,-44.65,-80.24,-17.88,-62.67,10.47,-98.54,-36.24,-103.18,-40.89
5705,5100.00,5742.38,3,4,-63.18,11.73,90.00,0,-99.40,-36.49,-77.17,-14.10,-105.46,-42.55,-78.95,-15.94,-63.18,11.73,-100.71,-37.81,-103.72,-40.82
5706,5100.00,5742.12,3,4,-62.93,11.84,90.00,0,-101.45,-38.80,-76.79,-13.97,-105.53,-42.88,-79.20,-16.45,-62.93,11.84,-98.87,-36.22,-102.27,-39.62
5707,5100.00,5741.88,3,4,-63.88,10.73,90.00,0,-102.57,-39.04,-76.65,-12.90,-105.55,-42.02,-78.99,-15.33,-63.88,10.73,-99.01,-35.48,-104.17,-40.63
5708,5100.00,5741.62,3,4,-67.10,8.88,90.00,0,-100.82,-34.24,-79.19,-12.37,-107.11,-40.53,-78.95,-12.12,-67.10,8.88,-96.81,-30.24,-103.93,-37.36
5709,5100.00,5741.38,3,4,-65.75,10.79,90.00,0,-102.40,-36.99,-79.58,-14.01,-106.60,-41.20,-79.67,-14.09,-65.75,10.79,-98.85,-33.44,-105.39,-39.98
5710,5100.00,5741.12,3,4,-65.48,10.30,90.00,0,-100.48,-35.39,-80.86,-15.66,-105.40,-40.31,-77.50,-12.15,-65.48,10.30,-96.59,-31.50,-106.33,-41.24
5711,5100.00,5740.88,3,4,-65.74,10.61,90.00,0,-99.24,-33.86,-80.85,-15.35,-107.26,-41.89,-78.39,-12.79,-65.74,10.61,-97.42,-32.04,-102.94,-37.57
5712,5100.00,5740.62,3,4,-66.23,10.62,90.00,0,-99.94,-34.07,-80.84,-14.84,-107.60,-41.74,-79.23,-13.17,-66.23,10.62,-96.61,-30.75,-100.92,-35.05
5713,5100.00,5740.38,3,4,-66.73,10.51,90.00,0,-96.06,-29.70,-81.28,-14.78,-105.68,-39.33,-79.68,-13.12,-66.73,10.51,-96.04,-29.68,-101.69,-35.33
5714,5100.00,5740.12,3,4,-68.07,8.75,90.00,0,-94.93,-27.40,-79.62,-11.82,-106.46,-38.94,-80.33,-12.58,-68.07,8.75,-98.15,-30.63,-102.41,-34.89
5715,5100.00,5739.88,3,4,-68.32,9.32,90.00,0,-95.98,-28.13,-79.86,-11.74,-105.30,-37.46,-81.99,-13.98,-68.32,9.32,-98.23,-30.38,-102.40,-34.56
5716,5100.00,5739.62,3,4,-69.33,10.01,90.00,0,-94.49,-25.56,-81.64,-12.49,-104.27,-35.35,-83.89,-14.83,-69.33,10.01,-98.43,-29.51,-102.07,-33.15
5717,5100.00,5739.38,3,4,-67.17,11.83,90.00,0,-93.05,-26.14,-81.72,-14.68,-103.23,-36.33,-83.00,-16.00,-67.17,11.83,-98.09,-31.19,-102.92,-36.03
5718,5100.00,5739.12,3,4,-66.24,12.95,90.00,0,-91.27,-25.23,-83.20,-17.10,-102.60,-36.57,-82.11,-15.98,-66.24,12.95,-98.20,-32.18,-100.88,-34.85
5719,5100.00,5738.88,3,4,-65.06,13.38,90.00,0,-93.76,-28.89,-83.75,-18.82,-103.76,-38.89,-80.28,-15.29,-65.06,13.38,-99.23,-34.36,-102.57,-37.70
5720,5100.00,5738.62,3,4,-67.39,10.62,90.00,0,-94.90,-27.87,-84.27,-17.16,-105.28,-38.25,-79.42,-12.14,-67.39,10.62,-98.22,-31.19,-103.62,-36.59
5721,5100.00,5738.38,3,4,-66.37,13.66,90.00,0,-93.89,-27.70,-87.81,-21.60,-105.53,-39.35,-81.23,-14.91,-66.37,13.66,-97.85,-31.67,-102.95,-36.77
5722,5100.00,5738.12,3,4,-63.56,16.71,90.00,0,-90.83,-27.35,-90.71,-27.24,-105.17,-41.70,-81.31,-17.77,-63.56,16.71,-100.21,-36.75,-99.82,-36.36
5723,5100.00,5737.88,3,4,-63.59,13.47,90.00,0,-89.36,-25.95,-91.63,-28.22,-104.92,-41.52,-77.57,-13.99,-63.59,13.47,-100.91,-37.51,-100.86,-37.46
5724,5100.00,5737.62,3,4,-64.82,14.91,90.00,0,-90.17,-25.48,-91.32,-26.63,-102.89,-38.21,-80.64,-15.85,-64.82,14.91,-102.66,-37.98,-99.83,-35.15
5725,5100.00,5737.38,3,4,-64.34,16.36,90.00,0,-92.43,-28.18,-90.12,-25.87,-101.76,-37.52,-81.85,-17.53,-64.34,16.36,-103.11,-38.87,-96.67,-32.43
5726,5100.00,5737.12,3,4,-62.20,20.22,90.00,0,-94.30,-32.14,-89.49,-27.32,-102.35,-40.19,-84.25,-22.06,-62.20,20.22,-102.43,-40.27,-96.00,-33.83
5727,5100.00,5736.88,3,4,-62.77,20.77,90.00,0,-95.24,-32.51,-90.60,-27.86,-100.30,-37.57,-85.48,-22.73,-62.77,20.77,-102.21,-39.48,-97.54,-34.81
5728,5100.00,5736.62,3,4,-64.85,18.63,90.00,0,-93.09,-28.29,-91.58,-26.78,-101.17,-36.38,-85.42,-20.60,-64.85,18.63,-100.78,-36.00,-97.53,-32.74
5729,5100.00,5736.38,3,4,-64.30,17.72,90.00,0,-95.88,-31.65,-88.96,-24.72,-103.02,-38.79,-83.76,-19.49,-64.30,17.72,-99.63,-35.41,-95.37,-31.15
5730,5100.00,5736.12,3,4,-64.29,18.79,90.00,0,-97.33,-33.10,-92.06,-27.83,-103.82,-39.59,-84.36,-20.09,-64.29,18.79,-100.40,-36.17,-96.52,-32.29
5731,5100.00,5735.88,3,4,-63.55,18.73,90.00,0,-98.86,-35.37,-92.25,-28.75,-101.06,-37.57,-83.27,-19.73,-63.55,18.73,-100.89,-37.40,-96.57,-33.08
5732,5100.00,5735.62,3,4,-63.06,20.52,90.00,0,-100.89,-37.86,-91.13,-28.10,-100.02,-37.00,-85.21,-22.16,-63.06,20.52,-96.65,-33.63,-99.79,-36.77
5733,5100.00,5735.38,3,4,-65.33,19.98,90.00,0,-96.63,-31.34,-94.17,-28.87,-100.96,-35.67,-87.52,-22.20,-65.33,19.98,-99.12,-33.83,-95.71,-30.41
5734,5100.00,5735.12,3,4,-64.65,18.28,90.00,0,-98.85,-34.26,-92.27,-27.68,-99.84,-35.25,-84.59,-19.96,-64.65,18.28,-98.67,-34.08,-92.56,-27.97
5735,5100.00,5734.88,3,4,-63.95,18.13,90.00,0,-98.18,-34.30,-92.98,-29.09,-99.02,-35.14,-83.18,-19.25,-63.95,18.13,-97.19,-33.31,-94.89,-31.01
5736,5100.00,5734.62,3,4,-63.54,18.23,90.00,0,-99.16,-35.68,-92.32,-28.84,-100.51,-37.03,-82.80,-19.28,-63.54,18.23,-97.42,-33.94,-94.78,-31.30
5737,5100.00,5734.38,3,4,-61.51,18.61,90.00,0,-101.27,-39.82,-93.33,-31.88,-102.61,-41.15,-80.69,-19.18,-61.51,18.61,-95.33,-33.88,-96.94,-35.49
5738,5100.00,5734.12,3,4,-59.89,18.76,90.00,0,-101.87,-42.03,-94.91,-35.07,-101.47,-41.64,-79.03,-19.14,-59.89,18.76,-93.88,-34.04,-98.28,-38.44
5739,5100.00,5733.88,3,4,-58.91,19.74,90.00,0,-101.78,-42.91,-93.24,-34.37,-104.61,-45.75,-79.05,-20.14,-58.91,19.74,-93.97,-35.11,-99.30,-40.43
5740,5100.00,5733.62,3,4,-57.25,20.77,90.00,0,-100.67,-43.46,-91.83,-34.62,-103.76,-46.55,-78.48,-21.23,-57.25,20.77,-92.57,-35.35,-98.69,-41.47
5741,5100.00,5733.38,3,4,-59.01,19.13,90.00,0,-100.58,-41.63,-91.82,-32.86,-103.99,-45.03,-78.69,-19.69,-59.01,19.13,-90.87,-31.91,-98.34,-39.39
5742,5100.00,5733.12,3,4,-57.90,18.63,90.00,0,-101.00,-43.16,-91.42,-33.57,-106.93,-49.09,-76.87,-18.97,-57.90,18.63,-93.26,-35.42,-95.48,-37.64
5743,5100.00,5732.88,3,4,-56.99,20.94,90.00,0,-102.97,-46.02,-92.47,-35.52,-110.62,-inf,-78.33,-21.34,-56.99,20.94,-94.02,-37.06,-95.15,-38.19
5744,5100.00,5732.62,3,4,-57.92,18.33,90.00,0,-104.71,-46.86,-94.72,-36.86,-109.51,-51.66,-76.45,-18.53,-57.92,18.33,-95.51,-37.66,-95.38,-37.53
5745,5100.00,5732.38,3,4,-57.61,19.71,90.00,0,-105.75,-48.19,-92.55,-34.99,-107.37,-49.81,-77.58,-19.98,-57.61,19.71,-97.02,-39.46,-96.62,-39.06
5746,5100.00,5732.12,3,4,-58.26,17.91,90.00,0,-109.07,-50.88,-91.25,-33.06,-106.73,-48.55,-76.42,-18.17,-58.26,17.91,-97.78,-39.59,-95.23,-37.05
5747,5100.00,5731.88,3,4,-58.38,15.18,90.00,0,-108.26,-50.01,-90.35,-32.10,-106.71,-48.47,-73.72,-15.35,-58.38,15.18,-96.58,-38.34,-94.08,-35.84
5748,5100.00,5731.62,3,4,-60.19,14.01,90.00,0,-108.42,-48.40,-90.42,-30.39,-103.82,-43.80,-74.40,-14.22,-60.19,14.01,-96.29,-36.27,-93.79,-33.76
5749,5100.00,5731.38,3,4,-58.35,14.83,90.00,0,-111.84,-inf,-90.87,-32.65,-102.29,-44.08,-73.32,-14.97,-58.35,14.83,-97.03,-38.82,-94.36,-36.15
5750,5100.00,5731.12,3,4,-58.63,17.16,90.00,0,-109.56,-51.02,-89.71,-31.16,-103.67,-45.13,-76.07,-17.45,-58.63,17.16,-97.83,-39.28,-95.40,-36.86
5751,5100.00,5730.88,3,4,-58.49,16.66,90.00,0,-109.43,-51.02,-90.46,-32.06,-102.96,-44.56,-75.35,-16.86,-58.49,16.66,-100.52,-42.12,-97.64,-39.24
5752,5100.00,5730.62,3,4,-55.75,20.84,90.00,0,-111.08,-inf,-92.77,-37.05,-103.48,-47.76,-76.77,-21.02,-55.75,20.84,-103.93,-48.21,-98.14,-42.43
5753,5100.00,5730.38,3,4,-55.93,20.51,90.00,0,-112.19,-inf,-94.99,-39.10,-103.41,-47.52,-76.58,-20.66,-55.93,20.51,-103.56,-47.67,-96.12,-40.23
5754,5100.00,5730.12,3,4,-56.09,21.63,90.00,0,-112.98,-inf,-93.96,-37.90,-106.33,-50.27,-77.91,-21.82,-56.09,21.63,-106.59,-50.53,-97.28,-41.22
5755,5100.00,5729.88,3,4,-56.43,21.26,90.00,0,-109.57,-53.17,-93.92,-37.52,-105.79,-49.39,-77.89,-21.46,-56.43,21.26,-105.88,-49.48,-96.96,-40.56
5756,5100.00,5729.62,3,4,-57.80,19.86,90.00,0,-111.85,-inf,-94.19,-36.43,-106.52,-48.77,-77.84,-20.03,-57.80,19.86,-102.17,-44.41,-99.31,-41.55
5757,5100.00,5729.38,3,4,-60.95,16.68,90.00,0,-115.42,-inf,-93.08,-32.21,-107.24,-46.38,-77.84,-16.90,-60.95,16.68,-99.69,-38.83,-100.01,-39.15
5758,5100.00,5729.12,3,4,-60.70,18.50,90.00,0,-114.79,-inf,-93.06,-32.42,-106.01,-45.38,-79.53,-18.84,-60.70,18.50,-100.30,-39.67,-97.99,-37.35
5759,5100.00,5728.88,3,4,-61.50,16.62,90.00,0,-115.99,-inf,-93.53,-32.12,-105.23,-43.81,-78.43,-16.93,-61.50,16.62,-98.44,-37.03,-94.78,-33.37
5760,5100.00,5728.62,3,4,-62.29,15.52,90.00,0,-117.46,-inf,-95.54,-33.37,-104.45,-42.27,-78.08,-15.80,-62.29,15.52,-98.09,-35.91,-93.65,-31.47
5761,5100.00,5728.38,3,4,-64.56,12.77,90.00,0,-120.16,-inf,-97.54,-33.20,-105.19,-40.85,-77.58,-13.03,-64.56,12.77,-100.22,-35.88,-92.17,-27.82
5762,5100.00,5728.12,3,4,-64.31,14.50,90.00,0,-120.88,-inf,-96.27,-32.11,-103.47,-39.32,-79.41,-15.12,-64.31,14.50,-99.81,-35.65,-89.18,-25.01
5763,5100.00,5727.88,3,4,-65.01,12.88,90.00,0,-122.59,-inf,-96.23,-31.43,-106.01,-41.21,-78.24,-13.24,-65.01,12.88,-98.10,-33.30,-91.29,-26.49
5764,5100.00,5727.62,3,4,-65.12,14.81,90.00,0,-120.78,-inf,-94.83,-29.85,-104.99,-40.01,-80.47,-15.37,-65.12,14.81,-98.01,-33.03,-92.49,-27.50
5765,5100.00,5727.38,3,4,-64.25,15.46,90.00,0,-119.07,-inf,-91.68,-27.55,-103.28,-39.15,-80.45,-16.22,-64.25,15.46,-100.66,-36.53,-91.20,-27.06
5766,5100.00,5727.12,3,4,-65.49,14.37,90.00,0,-120.08,-inf,-93.90,-28.56,-103.78,-38.45,-80.85,-15.40,-65.49,14.37,-100.91,-35.58,-88.27,-22.92
5767,5100.00,5726.88,3,4,-64.95,14.80,90.00,0,-119.39,-inf,-92.40,-27.59,-100.37,-35.56,-80.55,-15.63,-64.95,14.80,-98.16,-33.36,-90.63,-25.82
5768,5100.00,5726.62,3,4,-64.33,17.20,90.00,0,-122.73,-inf,-89.69,-25.44,-101.49,-37.25,-83.23,-18.93,-64.33,17.20,-99.27,-35.03,-90.37,-26.12
5769,5100.00,5726.38,3,4,-63.63,17.86,90.00,0,-121.50,-inf,-87.85,-24.27,-101.82,-38.26,-84.07,-20.47,-63.63,17.86,-98.22,-34.66,-89.17,-25.60
5770,5100.00,5726.12,3,4,-62.19,20.96,90.00,0,-119.87,-inf,-88.87,-26.70,-99.58,-37.42,-86.00,-23.82,-62.19,20.96,-99.18,-37.03,-91.54,-29.38
5771,5100.00,5725.88,3,4,-60.28,22.09,90.00,0,-122.95,-inf,-89.13,-28.87,-99.49,-39.23,-85.06,-24.79,-60.28,22.09,-100.61,-40.35,-89.39,-29.13
5772,5100.00,5725.62,3,4,-61.85,22.89,90.00,0,-123.97,-inf,-90.73,-28.90,-103.43,-41.60,-89.27,-27.43,-61.85,22.89,-100.01,-38.18,-89.66,-27.83
5773,5100.00,5725.38,3,4,-62.47,19.90,90.00,0,-122.22,-inf,-88.92,-26.48,-103.10,-40.67,-85.96,-23.52,-62.47,19.90,-101.16,-38.73,-87.56,-25.12
5774,5100.00,5725.12,3,4,-64.41,18.39,90.00,0,-121.48,-inf,-88.03,-23.66,-104.84,-40.49,-85.88,-21.50,-64.41,18.39,-100.68,-36.33,-90.58,-26.22
5775,5100.00,5724.88,3,4,-63.87,18.55,90.00,0,-123.21,-inf,-87.62,-23.79,-107.70,-43.89,-84.77,-20.92,-63.87,18.55,-101.54,-37.73,-93.27,-29.46
5776,5100.00,5724.62,3,4,-61.44,19.77,90.00,0,-122.60,-inf,-89.25,-27.85,-110.04,-inf,-82.53,-21.10,-61.44,19.77,-101.58,-40.19,-92.03,-30.63
5777,5100.00,5724.38,3,4,-61.06,20.96,90.00,0,-123.66,-inf,-87.32,-26.28,-109.80,-48.78,-84.65,-23.61,-61.06,20.96,-102.32,-41.30,-90.74,-29.72
5778,5100.00,5724.12,3,4,-59.54,22.50,90.00,0,-123.54,-inf,-86.93,-27.41,-110.02,-inf,-85.34,-25.81,-59.54,22.50,-103.60,-44.09,-89.39,-29.87
5779,5100.00,5723.88,3,4,-61.70,21.62,90.00,0,-125.74,-inf,-91.45,-29.78,-109.34,-47.67,-85.34,-23.65,-61.70,21.62,-104.64,-42.98,-90.61,-28.94
5780,5100.00,5723.62,3,4,-60.95,23.19,90.00,0,-125.57,-inf,-92.77,-31.84,-109.35,-48.43,-85.79,-24.85,-60.95,23.19,-102.77,-41.84,-92.79,-31.86
5781,5100.00,5723.38,3,4,-63.11,20.52,90.00,0,-124.85,-inf,-91.96,-28.89,-111.09,-inf,-85.41,-22.31,-63.11,20.52,-104.27,-41.20,-91.63,-28.56
5782,5100.00,5723.12,3,4,-66.23,18.55,90.00,0,-124.19,-inf,-93.83,-27.65,-109.59,-43.43,-86.61,-20.40,-66.23,18.55,-104.95,-38.79,-92.29,-26.12
5783,5100.00,5722.88,3,4,-62.45,21.44,90.00,0,-122.95,-inf,-92.81,-30.38,-109.70,-47.28,-85.39,-22.95,-62.45,21.44,-104.24,-41.81,-92.88,-30.45
5784,5100.00,5722.62,3,4,-65.00,19.62,90.00,0,-120.60,-inf,-92.54,-27.58,-108.62,-43.67,-86.27,-21.29,-65.00,19.62,-107.85,-42.90,-93.90,-28.94
5785,5100.00,5722.38,3,4,-64.54,20.75,90.00,0,-118.54,-inf,-92.82,-28.31,-106.25,-41.74,-87.04,-22.52,-64.54,20.75,-108.73,-44.22,-94.89,-30.38
5786,5100.00,5722.12,3,4,-63.02,19.07,90.00,0,-118.47,-inf,-92.81,-29.84,-104.60,-41.64,-83.02,-20.01,-63.02,19.07,-107.48,-44.52,-92.89,-29.91
5787,5100.00,5721.88,3,4,-62.66,20.37,90.00,0,-120.70,-inf,-93.89,-31.27,-104.44,-41.82,-83.98,-21.33,-62.66,20.37,-107.27,-44.65,-93.78,-31.16
5788,5100.00,5721.62,3,4,-62.97,20.37,90.00,0,-119.87,-inf,-93.17,-30.23,-105.58,-42.65,-84.25,-21.28,-62.97,20.37,-108.77,-45.84,-96.05,-33.11
5789,5100.00,5721.38,3,4,-60.62,23.16,90.00,0,-120.08,-inf,-92.61,-32.01,-106.58,-45.98,-84.82,-24.21,-60.62,23.16,-109.93,-49.33,-96.57,-35.97
5790,5100.00,5721.12,3,4,-60.94,22.07,90.00,0,-122.27,-inf,-92.90,-31.99,-107.79,-46.88,-83.98,-23.04,-60.94,22.07,-111.03,-inf,-94.27,-33.35
5791,5100.00,5720.88,3,4,-59.33,22.74,90.00,0,-123.11,-inf,-93.36,-34.05,-108.29,-48.99,-82.70,-23.38,-59.33,22.74,-113.74,-inf,-95.78,-36.48
5792,5100.00,5720.62,3,4,-60.64,21.76,90.00,0,-122.61,-inf,-92.29,-31.67,-106.68,-46.07,-83.35,-22.71,-60.64,21.76,-115.06,-inf,-93.84,-33.23
5793,5100.00,5720.38,3,4,-63.04,17.77,90.00,0,-124.27,-inf,-90.96,-27.99,-108.31,-45.35,-81.73,-18.70,-63.04,17.77,-113.07,-inf,-91.75,-28.78
5794,5100.00,5720.12,3,4,-62.84,18.24,90.00,0,-120.73,-inf,-87.97,-25.18,-108.75,-45.98,-82.57,-19.76,-62.84,18.24,-114.13,-inf,-92.44,-29.67
5795,5100.00,5719.88,3,4,-61.32,20.39,90.00,0,-120.70,-inf,-86.28,-24.99,-110.99,-inf,-84.16,-22.86,-61.32,20.39,-114.21,-inf,-93.40,-32.12
5796,5100.00,5719.62,3,4,-61.62,19.07,90.00,0,-119.58,-inf,-84.49,-22.91,-111.48,-inf,-83.36,-21.77,-61.62,19.07,-113.17,-inf,-95.75,-34.19
5797,5100.00,5719.38,3,4,-61.48,18.98,90.00,0,-119.69,-inf,-85.01,-23.56,-112.09,-inf,-82.73,-21.27,-61.48,18.98,-111.31,-inf,-94.01,-32.59
5798,5100.00,5719.12,3,4,-60.28,21.11,90.00,0,-119.15,-inf,-86.90,-26.64,-111.31,-inf,-83.16,-22.89,-60.28,21.11,-111.85,-inf,-95.47,-35.22
5799,5100.00,5718.88,3,4,-60.26,21.25,90.00,0,-120.55,-inf,-87.36,-27.12,-110.69,-inf,-83.27,-23.02,-60.26,21.25,-111.77,-inf,-93.78,-33.55
5800,5100.00,5718.62,3,4,-59.98,21.13,90.00,0,-120.32,-inf,-88.01,-28.06,-110.53,-inf,-82.71,-22.74,-59.98,21.13,-111.67,-inf,-91.47,-31.52
5801,5100.00,5718.38,3,4,-59.60,20.05,90.00,0,-120.60,-inf,-87.47,-27.90,-106.75,-47.19,-80.95,-21.35,-59.60,20.05,-113.24,-inf,-90.58,-31.02
5802,5100.00,5718.12,3,4,-58.34,23.01,90.00,0,-118.70,-inf,-87.83,-29.51,-107.57,-49.25,-83.58,-25.25,-58.34,23.01,-111.95,-inf,-89.31,-30.99
5803,5100.00,5717.88,3,4,-58.83,22.24,90.00,0,-119.23,-inf,-88.11,-29.31,-106.16,-47.36,-84.07,-25.26,-58.83,22.24,-112.01,-inf,-86.48,-27.67
5804,5100.00,5717.62,3,4,-58.85,20.85,90.00,0,-120.56,-inf,-89.18,-30.36,-105.19,-46.37,-83.25,-24.42,-58.85,20.85,-113.27,-inf,-83.34,-24.51
5805,5100.00,5717.38,3,4,-61.91,18.18,90.00,0,-120.26,-inf,-87.45,-25.59,-105.58,-43.73,-83.31,-21.43,-61.91,18.18,-113.70,-inf,-84.97,-23.10
5806,5100.00,5717.12,3,4,-61.70,20.07,90.00,0,-117.34,-inf,-88.85,-27.18,-105.30,-43.64,-86.05,-24.37,-61.70,20.07,-115.44,-inf,-85.64,-23.96
5807,5100.00,5716.88,3,4,-64.05,18.30,90.00,0,-119.41,-inf,-87.84,-23.83,-107.41,-43.42,-86.90,-22.89,-64.05,18.30,-114.40,-inf,-86.95,-22.94
5808,5100.00,5716.62,3,4,-64.73,16.34,90.00,0,-119.49,-inf,-85.50,-20.83,-109.25,-44.61,-87.34,-22.68,-64.73,16.34,-114.76,-inf,-85.17,-20.50
5809,5100.00,5716.38,3,4,-65.91,15.20,90.00,0,-120.01,-inf,-84.97,-19.13,-111.88,-inf,-86.90,-21.08,-65.91,15.20,-114.70,-inf,-86.18,-20.36
5810,5100.00,5716.12,3,4,-68.86,10.67,90.00,0,-120.73,-inf,-82.14,-13.45,-110.69,-inf,-86.60,-18.03,-68.86,10.67,-113.72,-inf,-85.62,-17.03
5811,5100.00,5715.88,3,4,-68.24,11.68,90.00,0,-117.96,-inf,-82.08,-13.95,-110.97,-inf,-86.82,-18.80,-68.24,11.68,-113.90,-inf,-87.42,-19.41
5812,5100.00,5715.62,3,4,-70.44,10.13,90.00,0,-118.15,-inf,-82.03,-11.70,-112.06,-inf,-87.49,-17.38,-70.44,10.13,-115.03,-inf,-92.16,-22.09
5813,5100.00,5715.38,3,4,-69.12,12.85,90.00,0,-121.29,-inf,-83.56,-14.51,-111.00,-inf,-88.99,-20.04,-69.12,12.85,-114.82,-inf,-92.36,-23.44
5814,5100.00,5715.12,3,4,-67.51,14.57,90.00,0,-122.84,-inf,-83.38,-15.91,-109.73,-42.37,-89.51,-22.13,-67.51,14.57,-116.50,-inf,-94.31,-26.94
5815,5100.00,5714.88,3,4,-67.02,14.47,90.00,0,-121.51,-inf,-82.76,-15.78,-109.48,-42.61,-89.26,-22.37,-67.02,14.47,-114.85,-inf,-92.99,-26.11
5816,5100.00,5714.62,3,4,-65.20,16.61,90.00,0,-122.75,-inf,-83.53,-18.36,-108.47,-43.37,-88.15,-23.02,-65.20,16.61,-115.15,-inf,-92.90,-27.79
5817,5100.00,5714.38,3,4,-65.38,16.77,90.00,0,-124.66,-inf,-85.31,-19.97,-106.44,-41.15,-86.41,-21.08,-65.38,16.77,-114.81,-inf,-91.34,-26.04
5818,5100.00,5714.12,3,4,-62.12,19.94,90.00,0,-124.69,-inf,-85.46,-23.36,-107.26,-45.18,-86.44,-24.35,-62.12,19.94,-115.92,-inf,-90.05,-27.97
5819,5100.00,5713.88,3,4,-61.22,21.49,90.00,0,-126.12,-inf,-85.68,-24.47,-106.18,-45.00,-86.80,-25.60,-61.22,21.49,-114.22,-inf,-93.54,-32.35
5820,5100.00,5713.62,3,4,-59.16,24.52,90.00,0,-126.80,-inf,-88.80,-29.65,-106.40,-47.26,-86.15,-27.00,-59.16,24.52,-114.56,-inf,-93.72,-34.58
5821,5100.00,5713.38,3,4,-60.94,23.81,90.00,0,-125.10,-inf,-89.98,-29.05,-107.16,-46.24,-87.73,-26.80,-60.94,23.81,-117.51,-inf,-92.72,-31.79
5822,5100.00,5713.12,3,4,-61.79,21.67,90.00,0,-127.46,-inf,-89.38,-27.62,-105.92,-44.16,-85.72,-23.94,-61.79,21.67,-118.31,-inf,-92.61,-30.84
5823,5100.00,5712.88,3,4,-61.41,23.34,90.00,0,-127.15,-inf,-89.29,-27.89,-106.51,-45.12,-88.45,-27.05,-61.41,23.34,-119.27,-inf,-92.09,-30.70
5824,5100.00,5712.62,3,4,-63.02,21.93,90.00,0,-127.46,-inf,-89.48,-26.47,-106.31,-43.31,-90.38,-27.37,-63.02,21.93,-120.78,-inf,-89.87,-26.87
5825,5100.00,5712.38,3,4,-64.82,18.96,90.00,0,-128.01,-inf,-87.71,-22.92,-105.75,-40.99,-91.32,-26.54,-64.82,18.96,-122.94,-inf,-87.88,-23.09
5826,5100.00,5712.12,3,4,-64.59,18.45,90.00,0,-125.81,-inf,-85.82,-21.26,-105.60,-41.07,-91.94,-27.40,-64.59,18.45,-123.25,-inf,-88.02,-23.47
5827,5100.00,5711.88,3,4,-65.79,15.07,90.00,0,-125.17,-inf,-84.25,-18.53,-105.92,-40.26,-91.66,-25.99,-65.79,15.07,-122.40,-inf,-84.39,-18.67
5828,5100.00,5711.62,3,4,-65.13,17.61,90.00,0,-124.18,-inf,-85.79,-20.69,-106.14,-41.08,-92.88,-27.82,-65.13,17.61,-122.76,-inf,-86.92,-21.83
5829,5100.00,5711.38,3,4,-64.05,17.69,90.00,0,-123.30,-inf,-84.83,-20.82,-107.32,-43.34,-91.01,-27.02,-64.05,17.69,-123.55,-inf,-86.03,-22.02
5830,5100.00,5711.12,3,4,-64.25,18.44,90.00,0,-121.97,-inf,-85.24,-21.02,-103.83,-39.64,-90.96,-26.76,-64.25,18.44,-121.37,-inf,-88.40,-24.20
5831,5100.00,5710.88,3,4,-62.39,20.14,90.00,0,-121.28,-inf,-87.01,-24.64,-106.32,-43.97,-88.69,-26.34,-62.39,20.14,-122.65,-inf,-86.74,-24.37
5832,5100.00,5710.62,3,4,-61.10,21.47,90.00,0,-123.23,-inf,-88.24,-27.16,-107.69,-46.62,-88.15,-27.07,-61.10,21.47,-122.42,-inf,-86.22,-25.14
5833,5100.00,5710.38,3,4,-60.76,20.52,90.00,0,-121.52,-inf,-87.51,-26.78,-105.63,-44.91,-84.83,-24.09,-60.76,20.52,-120.67,-inf,-86.46,-25.73
5834,5100.00,5710.12,3,4,-63.14,18.12,90.00,0,-121.23,-inf,-87.19,-24.11,-105.61,-42.54,-85.29,-22.20,-63.14,18.12,-120.69,-inf,-86.04,-22.94
5835,5100.00,5709.88,3,4,-63.68,18.91,90.00,0,-122.32,-inf,-87.72,-24.08,-107.25,-43.63,-86.41,-22.76,-63.68,18.91,-120.25,-inf,-88.50,-24.86
5836,5100.00,5709.62,3,4,-65.97,16.71,90.00,0,-119.81,-inf,-88.03,-22.12,-108.75,-42.86,-85.35,-19.42,-65.97,16.71,-119.12,-inf,-91.02,-25.13
5837,5100.00,5709.38,3,4,-66.86,17.92,90.00,0,-119.15,-inf,-88.36,-21.54,-107.47,-40.68,-88.74,-21.92,-66.86,17.92,-119.32,-inf,-93.90,-27.10
5838,5100.00,5709.12,3,4,-67.21,16.19,90.00,0,-117.96,-inf,-86.43,-19.27,-109.44,-42.33,-87.50,-20.35,-67.21,16.19,-120.25,-inf,-93.89,-26.77
5839,5100.00,5708.88,3,4,-68.57,15.80,90.00,0,-118.95,-inf,-88.43,-19.94,-108.61,-40.15,-87.64,-19.14,-68.57,15.80,-121.05,-inf,-94.07,-25.61
5840,5100.00,5708.62,3,4,-70.85,12.38,90.00,0,-115.55,-inf,-87.80,-17.11,-106.16,-35.55,-85.91,-15.17,-70.85,12.38,-122.32,-inf,-93.94,-23.31
5841,5100.00,5708.38,3,4,-71.55,14.10,90.00,0,-117.51,-inf,-90.54,-19.11,-107.09,-35.71,-89.18,-17.72,-71.55,14.10,-122.84,-inf,-92.91,-21.49
5842,5100.00,5708.12,3,4,-72.23,13.20,90.00,0,-115.96,-inf,-90.59,-18.51,-110.17,-inf,-88.94,-16.82,-72.23,13.20,-123.65,-inf,-92.09,-20.02
5843,5100.00,5707.88,3,4,-72.58,14.41,90.00,0,-117.41,-inf,-90.51,-18.02,-110.07,-inf,-92.17,-19.70,-72.58,14.41,-122.53,-inf,-93.92,-21.46
5844,5100.00,5707.62,3,4,-72.31,15.66,90.00,0,-117.29,-inf,-92.92,-20.69,-112.67,-inf,-93.02,-20.79,-72.31,15.66,-121.45,-inf,-93.13,-20.90
5845,5100.00,5707.38,3,4,-70.54,17.57,90.00,0,-118.44,-inf,-92.39,-21.90,-110.98,-inf,-92.84,-22.35,-70.54,17.57,-122.21,-inf,-94.56,-24.08
5846,5100.00,5707.12,3,4,-71.14,15.92,90.00,0,-116.68,-inf,-89.47,-18.38,-111.68,-inf,-92.91,-21.86,-71.14,15.92,-119.65,-inf,-96.48,-25.44
5847,5100.00,5706.88,3,4,-73.47,12.27,90.00,0,-116.56,-inf,-88.05,-14.68,-111.72,-inf,-91.14,-17.85,-73.47,12.27,-117.55,-inf,-96.38,-23.14
5848,5100.00,5706.62,3,4,-73.32,13.35,90.00,0,-116.28,-inf,-89.07,-15.83,-112.46,-inf,-92.96,-19.79,-73.32,13.35,-115.45,-inf,-95.16,-22.01
5849,5100.00,5706.38,3,4,-72.41,14.93,90.00,0,-114.48,-inf,-88.95,-16.58,-112.55,-inf,-95.48,-23.19,-72.41,14.93,-115.29,-inf,-97.20,-24.91
5850,5100.00,5706.12,3,4,-73.23,14.57,90.00,0,-114.54,-inf,-89.11,-15.92,-110.24,-inf,-97.85,-24.75,-73.23,14.57,-117.39,-inf,-97.75,-24.66
5851,5100.00,5705.88,3,4,-74.93,11.98,90.00,0,-114.96,-inf,-87.90,-13.03,-110.91,-inf,-98.18,-23.49,-74.93,11.98,-117.23,-inf,-97.81,-23.13
5852,5100.00,5705.62,3,4,-77.59,10.23,90.00,0,-115.59,-inf,-88.92,-11.42,-110.24,-inf,-99.24,-22.02,-77.59,10.23,-115.64,-inf,-98.22,-20.99
5853,5100.00,5705.38,3,4,-79.63,7.93,90.00,0,-115.10,-inf,-88.52,-9.02,-110.44,-inf,-99.73,-20.71,-79.63,7.93,-118.61,-inf,-98.53,-19.49
5854,5100.00,5705.12,3,4,-79.93,6.71,90.00,0,-114.77,-inf,-87.29,-7.49,-113.31,-inf,-101.35,-22.23,-79.93,6.71,-117.64,-inf,-98.84,-19.70
5855,5100.00,5704.88,3,4,-79.73,5.09,90.00,0,-112.65,-inf,-85.35,-5.77,-113.41,-inf,-101.90,-23.33,-79.73,5.09,-118.29,-inf,-96.68,-18.05
5856,5100.00,5704.62,3,4,-80.01,3.78,90.00,0,-110.17,-inf,-84.22,-4.38,-113.13,-inf,-101.83,-23.32,-80.01,3.78,-118.33,-inf,-96.38,-17.82
5857,5100.00,5704.38,3,4,-82.05,3.44,90.00,0,-108.20,-27.76,-86.04,-4.22,-113.66,-inf,-103.27,-22.82,-82.05,3.44,-118.10,-inf,-97.62,-17.11
5858,5100.00,5704.12,3,4,-82.98,3.00,90.00,0,-108.01,-26.78,-86.55,-3.82,-116.49,-inf,-104.42,-23.18,-82.98,3.00,-118.07,-inf,-98.19,-16.88
5859,5100.00,5703.88,3,4,-81.67,2.37,90.00,0,-106.72,-27.02,-84.47,-3.02,-114.70,-inf,-105.10,-25.40,-81.67,2.37,-117.08,-inf,-96.68,-16.90
5860,5100.00,5703.62,3,4,-80.42,4.16,90.00,0,-106.41,-27.39,-85.03,-4.76,-115.98,-inf,-107.12,-28.10,-80.42,4.16,-117.61,-inf,-97.13,-18.05
5861,5100.00,5703.38,3,4,-80.10,5.03,90.00,0,-106.47,-27.55,-85.68,-5.74,-115.92,-inf,-107.36,-28.44,-80.10,5.03,-120.45,-inf,-96.47,-17.48
5862,5100.00,5703.12,3,4,-80.15,3.98,90.00,0,-106.87,-28.18,-84.65,-4.70,-115.51,-inf,-110.80,-inf,-80.15,3.98,-118.70,-inf,-94.98,-16.19
5863,5100.00,5702.88,3,4,-79.67,4.39,90.00,0,-108.46,-30.13,-84.37,-4.81,-115.26,-inf,-111.40,-inf,-79.67,4.39,-113.71,-inf,-97.97,-19.60
5864,5100.00,5702.62,3,4,-79.99,2.54,90.00,0,-109.34,-31.26,-82.75,-2.87,-114.09,-inf,-108.84,-30.77,-79.99,2.54,-116.59,-inf,-98.34,-20.23
5865,5100.00,5702.38,3,4,-81.97,0.99,90.00,0,-109.78,-30.35,-83.16,-1.35,-117.04,-inf,-107.52,-28.09,-81.97,0.99,-116.18,-inf,-99.93,-20.47
5866,5100.00,5702.12,3,4,-80.98,4.25,90.00,0,-110.06,-inf,-85.55,-4.69,-117.98,-inf,-108.08,-28.48,-80.98,4.25,-116.44,-inf,-100.11,-20.48
5867,5100.00,5701.88,3,4,-79.23,5.25,90.00,0,-111.92,-inf,-84.85,-5.71,-118.89,-inf,-106.68,-28.58,-79.23,5.25,-117.76,-inf,-97.82,-19.67
5868,5100.00,5701.62,3,4,-79.75,4.71,90.00,0,-110.27,-inf,-84.76,-5.11,-117.48,-inf,-107.34,-28.86,-79.75,4.71,-119.02,-inf,-99.12,-20.60
5869,5100.00,5701.38,3,4,-77.63,9.26,90.00,0,-110.09,-inf,-87.37,-9.79,-116.95,-inf,-108.05,-30.90,-77.63,9.26,-121.17,-inf,-100.16,-22.99
5870,5100.00,5701.12,3,4,-75.35,11.16,90.00,0,-109.98,-34.95,-87.07,-11.76,-117.12,-inf,-107.42,-32.38,-75.35,11.16,-119.41,-inf,-98.43,-23.38
5871,5100.00,5700.88,3,4,-75.91,11.21,90.00,0,-109.25,-33.65,-87.73,-11.87,-114.92,-inf,-105.06,-29.46,-75.91,11.21,-118.88,-inf,-99.54,-23.93
5872,5100.00,5700.62,3,4,-75.92,11.74,90.00,0,-109.11,-33.47,-88.35,-12.48,-115.40,-inf,-105.24,-29.59,-75.92,11.74,-118.22,-inf,-99.62,-23.97
5873,5100.00,5700.38,3,4,-75.80,11.76,90.00,0,-110.42,-inf,-88.37,-12.63,-114.32,-inf,-105.27,-29.75,-75.80,11.76,-118.61,-inf,-97.68,-22.14
5874,5100.00,5700.12,3,4,-77.19,10.40,90.00,0,-111.87,-inf,-88.80,-11.71,-113.89,-inf,-103.66,-26.84,-77.19,10.40,-116.43,-inf,-95.53,-18.66
5875,5100.00,5699.88,3,4,-78.95,8.73,90.00,0,-110.53,-inf,-89.93,-11.21,-114.16,-inf,-102.01,-23.59,-78.95,8.73,-113.10,-inf,-92.78,-14.22
5876,5100.00,5699.62,3,4,-78.42,8.88,90.00,0,-107.66,-29.77,-89.68,-11.50,-116.47,-inf,-99.81,-21.89,-78.42,8.88,-113.96,-inf,-92.47,-14.43
5877,5100.00,5699.38,3,4,-78.78,7.51,90.00,0,-109.50,-31.43,-88.61,-10.14,-117.88,-inf,-101.56,-23.47,-78.78,7.51,-114.16,-inf,-91.03,-12.73
5878,5100.00,5699.12,3,4,-79.09,7.13,90.00,0,-111.14,-inf,-89.82,-11.18,-117.75,-inf,-102.23,-23.90,-79.09,7.13,-110.66,-inf,-89.25,-10.57
5879,5100.00,5698.88,3,4,-79.72,6.12,90.00,0,-111.48,-inf,-88.23,-8.94,-117.20,-inf,-100.96,-22.17,-79.72,6.12,-108.79,-30.02,-90.41,-11.33
5880,5100.00,5698.62,3,4,-77.54,9.12,90.00,0,-110.11,-inf,-90.23,-12.98,-118.19,-inf,-99.17,-22.10,-77.54,9.12,-106.76,-29.71,-90.16,-12.90
5881,5100.00,5698.38,3,4,-77.95,10.51,90.00,0,-109.03,-31.45,-90.57,-12.76,-118.35,-inf,-98.88,-21.27,-77.95,10.51,-108.69,-31.11,-95.35,-17.70
5882,5100.00,5698.12,3,4,-79.79,9.22,90.00,0,-110.54,-inf,-91.60,-12.04,-118.08,-inf,-100.75,-21.42,-79.79,9.22,-108.48,-29.18,-94.34,-14.91
5883,5100.00,5697.88,3,4,-78.95,9.98,90.00,0,-111.58,-inf,-92.37,-13.66,-115.29,-inf,-97.44,-18.86,-78.95,9.98,-107.68,-29.14,-93.93,-15.28
5884,5100.00,5697.62,3,4,-76.03,12.66,90.00,0,-111.91,-inf,-91.36,-15.43,-113.81,-inf,-97.50,-21.66,-76.03,12.66,-108.21,-32.40,-94.84,-18.98
5885,5100.00,5697.38,3,4,-75.38,13.35,90.00,0,-108.72,-33.53,-90.62,-15.31,-113.18,-inf,-98.14,-22.93,-75.38,13.35,-110.19,-inf,-96.88,-21.67
5886,5100.00,5697.12,3,4,-76.39,13.69,90.00,0,-107.58,-31.36,-92.49,-16.18,-111.15,-inf,-98.48,-22.24,-76.39,13.69,-110.88,-inf,-98.00,-21.75
5887,5100.00,5696.88,3,4,-78.47,11.29,90.00,0,-105.54,-27.37,-91.37,-13.00,-112.59,-inf,-100.23,-22.04,-78.47,11.29,-110.43,-inf,-99.78,-21.58
5888,5100.00,5696.62,3,4,-78.86,8.98,90.00,0,-105.17,-26.82,-88.75,-10.00,-113.42,-inf,-103.33,-24.97,-78.86,8.98,-110.15,-inf,-98.70,-20.32
5889,5100.00,5696.38,3,4,-76.79,10.17,90.00,0,-105.94,-29.54,-88.21,-11.53,-112.69,-inf,-103.99,-27.59,-76.79,10.17,-109.90,-33.51,-94.82,-18.36
5890,5100.00,5696.12,3,4,-77.82,6.96,90.00,0,-109.03,-32.00,-85.58,-7.90,-112.78,-inf,-102.37,-25.33,-77.82,6.96,-108.75,-31.72,-94.26,-17.15
5891,5100.00,5695.88,3,4,-77.26,7.71,90.00,0,-108.47,-31.89,-86.48,-9.43,-111.64,-inf,-102.20,-25.61,-77.26,7.71,-106.99,-30.41,-91.31,-14.58
5892,5100.00,5695.62,3,4,-76.68,9.51,90.00,0,-108.56,-32.34,-88.65,-12.17,-112.44,-inf,-99.75,-23.51,-76.68,9.51,-104.87,-28.64,-91.04,-14.68
5893,5100.00,5695.38,3,4,-74.61,11.29,90.00,0,-109.65,-35.35,-87.34,-12.82,-112.85,-inf,-101.86,-27.55,-74.61,11.29,-106.52,-32.22,-92.81,-18.45
5894,5100.00,5695.12,3,4,-75.28,10.28,90.00,0,-109.03,-34.13,-87.19,-12.03,-111.84,-inf,-102.34,-27.43,-75.28,10.28,-106.57,-31.67,-91.71,-16.72
5895,5100.00,5694.88,3,4,-73.30,11.54,90.00,0,-107.39,-34.38,-86.21,-13.00,-113.91,-inf,-102.10,-29.09,-73.30,11.54,-106.15,-33.14,-91.65,-18.58
5896,5100.00,5694.62,3,4,-76.69,7.15,90.00,0,-107.12,-31.19,-85.22,-8.75,-112.04,-inf,-101.82,-25.88,-76.69,7.15,-105.29,-29.36,-90.42,-14.33
5897,5100.00,5694.38,3,4,-77.76,5.88,90.00,0,-103.10,-26.32,-85.71,-8.35,-114.89,-inf,-100.91,-24.13,-77.76,5.88,-106.94,-30.18,-88.58,-11.52
5898,5100.00,5694.12,3,4,-76.97,6.42,90.00,0,-101.57,-25.49,-84.56,-7.82,-113.57,-inf,-102.33,-26.25,-76.97,6.42,-106.23,-30.15,-90.79,-14.57
5899,5100.00,5693.88,3,4,-76.05,7.99,90.00,0,-102.59,-27.17,-86.22,-10.43,-114.50,-inf,-100.83,-25.41,-76.05,7.99,-107.70,-32.29,-88.85,-13.24
5900,5100.00,5693.62,3,4,-75.73,7.65,90.00,0,-101.78,-26.73,-86.00,-10.59,-113.95,-inf,-97.68,-22.61,-75.73,7.65,-106.24,-31.19,-87.65,-12.36
5901,5100.00,5693.38,3,4,-78.57,5.01,90.00,0,-102.44,-25.05,-87.97,-10.19,-112.60,-inf,-99.66,-22.25,-78.57,5.01,-105.43,-28.04,-86.03,-8.02
5902,5100.00,5693.12,3,4,-78.98,5.50,90.00,0,-102.38,-24.46,-90.47,-12.32,-111.95,-inf,-98.45,-20.51,-78.98,5.50,-106.81,-28.90,-86.30,-7.71
5903,5100.00,5692.88,3,4,-79.09,4.03,90.00,0,-104.72,-27.07,-91.11,-13.27,-110.63,-inf,-98.68,-21.00,-79.09,4.03,-107.62,-29.98,-84.19,-5.46
5904,5100.00,5692.62,3,4,-79.85,3.27,90.00,0,-104.61,-26.43,-90.15,-11.69,-111.29,-inf,-99.55,-21.35,-79.85,3.27,-111.80,-inf,-84.36,-4.99
5905,5100.00,5692.38,3,4,-79.45,4.78,90.00,0,-105.27,-27.06,-89.41,-10.86,-109.54,-31.34,-99.90,-21.67,-79.45,4.78,-111.66,-inf,-86.22,-7.27
5906,5100.00,5692.12,3,4,-79.66,4.80,90.00,0,-108.62,-30.20,-91.39,-12.75,-107.35,-28.93,-101.05,-22.61,-79.66,4.80,-111.18,-inf,-85.77,-6.47
5907,5100.00,5691.88,3,4,-80.20,3.27,90.00,0,-109.68,-31.16,-91.53,-12.79,-107.99,-29.47,-99.15,-20.59,-80.20,3.27,-109.63,-31.11,-84.51,-4.73
5908,5100.00,5691.62,3,4,-80.96,2.93,90.00,0,-108.96,-29.79,-92.84,-13.48,-107.74,-28.56,-100.10,-20.90,-80.96,2.93,-110.02,-inf,-84.76,-4.19
5909,5100.00,5691.38,3,4,-78.63,6.57,90.00,0,-105.24,-27.47,-91.80,-13.86,-109.33,-31.56,-99.71,-21.92,-78.63,6.57,-106.72,-28.95,-86.81,-8.46
5910,5100.00,5691.12,3,4,-78.12,6.96,90.00,0,-103.18,-25.85,-90.59,-13.06,-112.04,-inf,-99.11,-21.76,-78.12,6.96,-106.41,-29.09,-87.13,-9.33
5911,5100.00,5690.88,3,4,-77.92,6.38,90.00,0,-101.94,-24.90,-89.48,-12.20,-112.98,-inf,-101.91,-24.87,-77.92,6.38,-105.20,-28.17,-86.33,-8.77
5912,5100.00,5690.62,3,4,-76.60,6.05,90.00,0,-101.92,-26.28,-89.49,-13.68,-113.83,-inf,-101.96,-26.32,-76.60,6.05,-103.19,-27.55,-83.94,-7.62
5913,5100.00,5690.38,3,4,-73.84,10.68,90.00,0,-101.65,-28.16,-89.58,-15.99,-114.80,-inf,-102.64,-29.15,-73.84,10.68,-103.33,-29.84,-86.66,-12.96
5914,5100.00,5690.12,3,4,-74.56,8.30,90.00,0,-103.57,-29.60,-86.00,-11.76,-114.78,-inf,-102.71,-28.74,-74.56,8.30,-103.57,-29.61,-86.17,-11.94
5915,5100.00,5689.88,3,4,-74.03,8.69,90.00,0,-102.76,-29.28,-85.51,-11.74,-113.38,-inf,-103.14,-29.65,-74.03,8.69,-101.37,-27.88,-86.47,-12.77
5916,5100.00,5689.62,3,4,-75.06,7.54,90.00,0,-103.41,-29.06,-84.66,-9.88,-112.08,-inf,-99.93,-25.56,-75.06,7.54,-100.02,-25.65,-87.62,-13.06
5917,5100.00,5689.38,3,4,-74.70,8.25,90.00,0,-104.20,-30.11,-86.65,-12.31,-115.11,-inf,-102.40,-28.30,-74.70,8.25,-99.13,-25.03,-85.86,-11.47
5918,5100.00,5689.12,3,4,-76.68,5.27,90.00,0,-105.40,-29.84,-85.77,-9.79,-113.88,-inf,-103.26,-27.70,-76.68,5.27,-97.82,-22.24,-84.70,-8.58
5919,5100.00,5688.88,3,4,-76.86,6.01,90.00,0,-104.97,-29.08,-85.79,-9.43,-116.70,-inf,-100.67,-24.77,-76.86,6.01,-96.04,-20.10,-86.86,-10.61
5920,5100.00,5688.62,3,4,-72.53,10.48,90.00,0,-103.89,-31.73,-85.48,-13.12,-119.78,-inf,-100.49,-28.33,-72.53,10.48,-95.93,-23.75,-87.72,-15.45
5921,5100.00,5688.38,3,4,-72.29,10.95,90.00,0,-105.87,-33.91,-85.58,-13.43,-117.09,-inf,-99.68,-27.72,-72.29,10.95,-99.37,-27.41,-87.89,-15.82
5922,5100.00,5688.12,3,4,-70.65,12.21,90.00,0,-106.31,-35.91,-87.71,-17.23,-117.32,-inf,-98.75,-28.35,-70.65,12.21,-96.46,-26.05,-85.23,-14.69
5923,5100.00,5687.88,3,4,-71.13,12.77,90.00,0,-106.17,-35.26,-90.93,-19.98,-115.24,-inf,-100.33,-29.41,-71.13,12.77,-97.00,-26.09,-85.44,-14.38
5924,5100.00,5687.62,3,4,-72.81,11.12,90.00,0,-106.02,-33.53,-93.26,-20.74,-116.26,-inf,-101.06,-28.57,-72.81,11.12,-97.23,-24.73,-84.97,-12.23
5925,5100.00,5687.38,3,4,-70.72,16.09,90.00,0,-102.91,-32.29,-96.13,-25.50,-115.88,-inf,-100.61,-29.99,-70.72,16.09,-98.41,-27.78,-88.37,-17.68
5926,5100.00,5687.12,3,4,-69.91,14.99,90.00,0,-104.06,-34.28,-95.36,-25.57,-113.94,-inf,-101.82,-32.04,-69.91,14.99,-98.25,-28.47,-85.87,-15.98
5927,5100.00,5686.88,3,4,-72.42,12.26,90.00,0,-104.80,-32.63,-96.32,-24.14,-113.09,-inf,-102.40,-30.23,-72.42,12.26,-99.99,-27.82,-85.40,-13.03
5928,5100.00,5686.62,3,4,-72.11,13.24,90.00,0,-104.67,-32.76,-97.24,-25.32,-113.05,-inf,-103.56,-31.65,-72.11,13.24,-100.11,-28.19,-86.10,-14.02
5929,5100.00,5686.38,3,4,-71.60,13.75,90.00,0,-106.63,-35.21,-95.68,-24.24,-114.11,-inf,-103.23,-31.81,-71.60,13.75,-99.18,-27.75,-86.27,-14.71
5930,5100.00,5686.12,3,4,-73.02,13.09,90.00,0,-108.10,-35.29,-96.51,-23.68,-115.66,-inf,-101.15,-28.33,-73.02,13.09,-97.93,-25.10,-87.27,-14.30
5931,5100.00,5685.88,3,4,-73.81,13.27,90.00,0,-105.39,-31.78,-98.18,-24.56,-115.64,-inf,-103.24,-29.63,-73.81,13.27,-99.46,-25.84,-88.19,-14.42
5932,5100.00,5685.62,3,4,-75.42,13.34,90.00,0,-106.00,-30.77,-97.83,-22.58,-111.98,-inf,-102.49,-27.25,-75.42,13.34,-98.41,-23.17,-90.76,-15.41
5933,5100.00,5685.38,3,4,-74.31,13.55,90.00,0,-105.45,-31.32,-96.26,-22.11,-113.03,-inf,-100.36,-26.23,-74.31,13.55,-97.39,-23.25,-90.01,-15.78
5934,5100.00,5685.12,3,4,-73.38,13.16,90.00,0,-102.15,-28.97,-96.99,-23.79,-115.44,-inf,-100.68,-27.49,-73.38,13.16,-96.26,-23.06,-88.14,-14.82
5935,5100.00,5684.88,3,4,-72.00,13.74,90.00,0,-105.37,-33.54,-95.90,-24.06,-116.49,-inf,-99.85,-28.02,-72.00,13.74,-94.44,-22.60,-87.40,-15.46
5936,5100.00,5684.62,3,4,-72.90,12.00,90.00,0,-103.96,-31.32,-91.80,-19.11,-116.05,-inf,-99.23,-26.58,-72.90,12.00,-95.05,-22.39,-86.98,-14.19
5937,5100.00,5684.38,3,4,-73.26,11.08,90.00,0,-105.52,-32.58,-93.50,-20.53,-115.49,-inf,-98.89,-25.94,-73.26,11.08,-95.95,-22.99,-85.65,-12.48
5938,5100.00,5684.12,3,4,-78.64,5.34,90.00,0,-104.61,-27.07,-91.50,-13.80,-116.01,-inf,-97.33,-19.76,-78.64,5.34,-96.50,-18.92,-85.61,-7.35
5939,5100.00,5683.88,3,4,-76.74,6.52,90.00,0,-105.05,-29.18,-92.19,-16.22,-115.80,-inf,-98.02,-22.12,-76.74,6.52,-97.66,-21.77,-84.37,-7.84
5940,5100.00,5683.62,3,4,-72.65,11.07,90.00,0,-106.84,-34.52,-93.51,-21.15,-115.92,-inf,-100.02,-27.69,-72.65,11.07,-96.51,-24.17,-84.75,-12.16
5941,5100.00,5683.38,3,4,-75.43,8.79,90.00,0,-103.89,-28.99,-92.34,-17.36,-116.53,-inf,-98.25,-23.34,-75.43,8.79,-99.07,-24.16,-85.55,-10.27
5942,5100.00,5683.12,3,4,-74.64,9.34,90.00,0,-105.30,-31.14,-92.09,-17.85,-114.52,-inf,-98.20,-24.02,-74.64,9.34,-99.45,-25.27,-85.26,-10.74
5943,5100.00,5682.88,3,4,-75.92,6.80,90.00,0,-104.32,-29.22,-91.92,-16.73,-115.41,-inf,-98.54,-23.43,-75.92,6.80,-99.75,-24.64,-83.65,-7.90
5944,5100.00,5682.62,3,4,-76.26,7.79,90.00,0,-104.80,-29.20,-92.55,-16.87,-114.88,-inf,-97.38,-21.76,-76.26,7.79,-100.89,-25.28,-85.26,-9.16
5945,5100.00,5682.38,3,4,-75.31,6.89,90.00,0,-105.21,-30.70,-91.84,-17.25,-115.14,-inf,-97.44,-22.91,-75.31,6.89,-95.30,-20.76,-83.23,-8.10
5946,5100.00,5682.12,3,4,-75.39,7.05,90.00,0,-105.49,-30.87,-90.79,-16.07,-115.12,-inf,-97.51,-22.87,-75.39,7.05,-97.80,-23.17,-83.58,-8.38
5947,5100.00,5681.88,3,4,-76.00,7.19,90.00,0,-105.98,-30.73,-89.59,-14.18,-113.14,-inf,-96.16,-20.88,-76.00,7.19,-95.06,-19.77,-85.21,-9.50
5948,5100.00,5681.62,3,4,-77.00,6.43,90.00,0,-104.62,-28.51,-90.58,-14.31,-110.84,-inf,-97.51,-21.37,-77.00,6.43,-94.23,-18.06,-85.26,-8.59
5949,5100.00,5681.38,3,4,-76.94,7.18,90.00,0,-103.75,-27.57,-90.30,-13.95,-109.99,-33.81,-97.81,-21.60,-76.94,7.18,-94.72,-18.48,-86.42,-9.81
5950,5100.00,5681.12,3,4,-74.14,10.54,90.00,0,-101.98,-28.20,-89.24,-15.34,-107.85,-34.08,-98.24,-24.45,-74.14,10.54,-93.13,-19.30,-88.54,-14.62
5951,5100.00,5680.88,3,4,-74.51,12.35,90.00,0,-104.45,-30.18,-93.84,-19.53,-107.65,-33.38,-99.75,-25.47,-74.51,12.35,-94.53,-20.22,-89.84,-15.45
5952,5100.00,5680.62,3,4,-73.86,12.47,90.00,0,-102.21,-28.58,-92.63,-18.95,-109.89,-36.26,-100.05,-26.42,-73.86,12.47,-94.82,-21.16,-89.27,-15.53
5953,5100.00,5680.38,3,4,-74.02,11.85,90.00,0,-101.46,-27.70,-93.17,-19.37,-109.91,-36.17,-100.73,-26.97,-74.02,11.85,-93.68,-19.89,-88.49,-14.60
5954,5100.00,5680.12,3,4,-72.41,13.18,90.00,0,-102.36,-30.15,-93.35,-21.11,-107.42,-35.21,-100.77,-28.56,-72.41,13.18,-95.66,-23.43,-87.52,-15.19
5955,5100.00,5679.88,3,4,-71.80,11.41,90.00,0,-103.39,-31.89,-91.73,-20.19,-105.86,-34.36,-101.73,-30.23,-71.80,11.41,-95.66,-24.15,-84.44,-12.72
5956,5100.00,5679.62,3,4,-70.69,11.35,90.00,0,-104.55,-34.16,-90.49,-20.07,-103.27,-32.89,-100.64,-30.26,-70.69,11.35,-96.04,-25.65,-83.15,-12.54
5957,5100.00,5679.38,3,4,-70.24,11.40,90.00,0,-104.12,-34.19,-91.01,-21.04,-104.27,-34.34,-102.89,-32.96,-70.24,11.40,-94.29,-24.35,-82.62,-12.45
5958,5100.00,5679.12,3,4,-70.07,12.36,90.00,0,-104.54,-34.71,-90.89,-21.03,-102.51,-32.68,-102.89,-33.06,-70.07,12.36,-93.03,-23.19,-83.80,-13.80
5959,5100.00,5678.88,3,4,-72.62,9.91,90.00,0,-107.48,-35.28,-93.03,-20.79,-102.99,-30.78,-103.68,-31.48,-72.62,9.91,-90.69,-18.43,-83.95,-11.45
5960,5100.00,5678.62,3,4,-70.92,11.37,90.00,0,-108.96,-38.35,-92.49,-21.85,-101.96,-31.34,-103.57,-32.96,-70.92,11.37,-93.11,-22.48,-83.34,-12.50
5961,5100.00,5678.38,3,4,-70.78,11.89,90.00,0,-109.96,-39.45,-93.24,-22.71,-102.58,-32.07,-100.85,-30.34,-70.78,11.89,-95.59,-25.07,-83.56,-12.83
5962,5100.00,5678.12,3,4,-70.91,12.74,90.00,0,-113.20,-inf,-96.97,-26.27,-100.38,-29.69,-99.67,-28.97,-70.91,12.74,-95.13,-24.42,-84.55,-13.68
5963,5100.00,5677.88,3,4,-69.80,14.48,90.00,0,-111.69,-inf,-95.89,-26.23,-98.89,-29.24,-101.39,-31.74,-69.80,14.48,-94.26,-24.60,-85.52,-15.76
5964,5100.00,5677.62,3,4,-72.17,11.87,90.00,0,-110.79,-inf,-94.54,-22.63,-100.76,-28.86,-100.19,-28.29,-72.17,11.87,-96.22,-24.31,-85.12,-13.02
5965,5100.00,5677.38,3,4,-73.58,9.64,90.00,0,-110.36,-inf,-96.16,-23.00,-99.26,-26.11,-97.13,-23.98,-73.58,9.64,-95.12,-21.96,-84.21,-10.72
5966,5100.00,5677.12,3,4,-77.65,5.63,90.00,0,-109.69,-33.08,-94.50,-17.83,-100.93,-24.31,-98.34,-21.71,-77.65,5.63,-96.67,-20.03,-84.21,-6.78
5967,5100.00,5676.88,3,4,-75.79,8.96,90.00,0,-108.78,-33.50,-94.15,-18.82,-97.68,-22.39,-99.12,-23.82,-75.79,8.96,-96.93,-21.63,-86.28,-10.65
5968,5100.00,5676.62,3,4,-77.55,7.45,90.00,0,-106.24,-29.40,-94.16,-17.24,-98.36,-21.49,-97.56,-20.69,-77.55,7.45,-98.09,-21.23,-86.63,-9.31
5969,5100.00,5676.38,3,4,-77.02,6.77,90.00,0,-105.22,-29.03,-90.68,-14.33,-98.27,-22.05,-97.51,-21.29,-77.02,6.77,-99.49,-23.28,-85.60,-8.88
5970,5100.00,5676.12,3,4,-78.88,4.62,90.00,0,-107.21,-29.61,-90.67,-12.86,-98.00,-20.36,-95.66,-17.99,-78.88,4.62,-96.95,-19.30,-85.44,-7.06
5971,5100.00,5675.88,3,4,-77.46,6.16,90.00,0,-105.85,-29.32,-88.85,-12.07,-98.38,-21.83,-96.75,-20.18,-77.46,6.16,-96.49,-19.92,-86.32,-9.32
5972,5100.00,5675.62,3,4,-77.64,6.05,90.00,0,-104.22,-27.54,-89.19,-12.27,-97.41,-20.70,-95.20,-18.46,-77.64,6.05,-95.89,-19.16,-86.59,-9.45
5973,5100.00,5675.38,3,4,-78.52,4.75,90.00,0,-103.92,-26.64,-89.80,-12.29,-96.36,-19.04,-93.67,-16.31,-78.52,4.75,-96.95,-19.64,-85.75,-7.81
5974,5100.00,5675.12,3,4,-79.02,3.11,90.00,0,-103.37,-26.06,-90.16,-12.63,-96.26,-18.91,-96.00,-18.65,-79.02,3.11,-95.24,-17.88,-83.74,-5.34
5975,5100.00,5674.88,3,4,-79.90,2.37,90.00,0,-105.05,-27.13,-91.36,-13.24,-94.61,-16.61,-94.45,-16.44,-79.90,2.37,-92.99,-14.94,-84.13,-5.03
5976,5100.00,5674.62,3,4,-79.45,2.34,90.00,0,-105.90,-28.44,-90.08,-12.38,-97.43,-19.93,-91.80,-14.18,-79.45,2.34,-91.69,-14.06,-83.99,-5.44
5977,5100.00,5674.38,3,4,-81.38,-0.46,90.00,0,-103.93,-25.78,-92.56,-14.26,-100.37,-22.20,-91.51,-13.17,-81.38,-0.46,-88.77,-10.24,-82.79,-2.83
5978,5100.00,5674.12,3,4,-84.07,-2.17,90.00,0,-102.26,-22.39,-90.16,-9.89,-97.35,-17.42,-92.31,-12.21,-84.07,-2.17,-90.34,-10.09,-84.40,-2.68
5979,5100.00,5673.88,3,4,-83.47,-2.32,90.00,0,-99.73,-20.55,-90.48,-11.01,-98.40,-19.20,-91.08,-11.66,-83.47,-2.32,-91.65,-12.26,-83.03,-1.61
5980,5100.00,5673.62,3,4,-81.00,1.39,90.00,0,-98.62,-19.94,-90.02,-11.06,-98.05,-19.36,-92.88,-14.08,-81.00,1.39,-90.65,-11.74,-85.24,-5.53
5981,5100.00,5673.38,3,4,-78.97,2.99,90.00,0,-97.65,-20.41,-90.32,-12.90,-96.34,-19.08,-91.76,-14.39,-78.97,2.99,-91.36,-13.98,-84.53,-6.43
5982,5100.00,5673.12,3,4,-79.55,0.52,90.00,0,-100.80,-23.99,-88.57,-11.48,-93.41,-16.52,-91.22,-14.27,-79.55,0.52,-90.52,-13.54,-82.10,-3.79
5983,5100.00,5672.88,3,4,-78.73,1.55,90.00,0,-101.72,-25.28,-89.21,-12.55,-93.83,-17.32,-92.86,-16.33,-78.73,1.55,-88.34,-11.63,-82.51,-4.86
5984,5100.00,5672.62,3,4,-77.02,2.07,90.00,0,-102.63,-27.70,-91.69,-16.67,-95.57,-20.61,-90.90,-15.87,-77.02,2.07,-87.27,-12.09,-80.69,-4.43
5985,5100.00,5672.38,3,4,-78.59,0.42,90.00,0,-100.29,-24.49,-89.10,-13.11,-96.69,-20.88,-89.73,-13.77,-78.59,0.42,-87.46,-11.37,-80.93,-3.57
5986,5100.00,5672.12,3,4,-77.73,2.66,90.00,0,-101.55,-25.69,-90.90,-14.92,-97.33,-21.45,-91.79,-15.83,-77.73,2.66,-86.13,-9.85,-83.12,-6.37
5987,5100.00,5671.88,3,4,-75.56,4.36,90.00,0,-100.56,-26.35,-90.31,-16.00,-97.35,-23.13,-91.87,-17.59,-75.56,4.36,-87.84,-13.44,-81.81,-6.78
5988,5100.00,5671.62,3,4,-77.27,2.70,90.00,0,-98.10,-22.68,-89.58,-14.01,-100.26,-24.84,-90.74,-15.21,-77.27,2.70,-86.61,-10.87,-82.52,-6.18
5989,5100.00,5671.38,3,4,-75.66,5.96,90.00,0,-98.37,-23.67,-91.30,-16.52,-99.46,-24.76,-89.06,-14.21,-75.66,5.96,-87.73,-12.82,-85.46,-10.40
5990,5100.00,5671.12,3,4,-76.03,5.66,90.00,0,-98.77,-23.76,-91.05,-15.96,-97.07,-22.06,-86.04,-10.71,-76.03,5.66,-90.51,-15.41,-86.60,-11.30
5991,5100.00,5670.88,3,4,-76.09,6.88,90.00,0,-97.76,-22.45,-90.96,-15.56,-97.16,-21.85,-87.31,-11.74,-76.09,6.88,-91.77,-16.39,-88.98,-13.51
5992,5100.00,5670.62,3,4,-77.00,5.23,90.00,0,-94.98,-19.06,-91.31,-15.32,-97.30,-21.40,-87.01,-10.80,-77.00,5.23,-93.51,-17.56,-86.59,-10.34
5993,5100.00,5670.38,3,4,-76.32,5.32,90.00,0,-93.35,-18.08,-92.44,-17.15,-100.15,-24.92,-85.11,-9.43,-76.32,5.32,-91.54,-16.23,-87.38,-11.90
5994,5100.00,5670.12,3,4,-77.06,4.35,90.00,0,-93.26,-17.48,-93.73,-17.96,-99.44,-23.72,-84.36,-8.02,-77.06,4.35,-90.78,-14.94,-87.90,-11.93
5995,5100.00,5669.88,3,4,-77.33,3.71,90.00,0,-92.02,-16.13,-94.74,-18.89,-100.24,-24.43,-83.68,-7.12,-77.33,3.71,-90.54,-14.60,-88.13,-12.08
5996,5100.00,5669.62,3,4,-76.72,3.42,90.00,0,-93.16,-18.00,-97.19,-22.07,-98.92,-23.81,-82.19,-6.15,-76.72,3.42,-91.86,-16.67,-86.81,-11.42
5997,5100.00,5669.38,3,4,-75.27,4.69,90.00,0,-93.61,-19.56,-96.63,-22.60,-97.20,-23.18,-82.15,-7.42,-75.27,4.69,-92.62,-18.55,-86.02,-11.74
5998,5100.00,5669.12,3,4,-76.18,4.53,90.00,0,-93.81,-18.88,-95.13,-20.21,-96.42,-21.52,-84.78,-9.44,-76.18,4.53,-92.40,-17.45,-84.52,-9.15
5999,5100.00,5668.88,3,4,-74.60,7.11,90.00,0,-93.46,-19.58,-94.02,-20.15,-94.55,-20.69,-86.72,-12.67,-74.60,7.11,-93.96,-20.10,-85.35,-11.20
