Step,ue0_x,ue0_y,ue0_height,ue0_direction,ue0_connected_bs,ue0_los_probability,ue0_los_state,ue0_pathloss,ue0_shadow_fading,ue0_rsrp,ue0_prx,ue0_sinr,ue0_speed,ue0_handover,ue0_bs1_idx,ue0_bs1_rsrp,ue0_bs2_idx,ue0_bs2_rsrp,ue0_bs3_idx,ue0_bs3_rsrp,ue0_bs4_idx,ue0_bs4_rsrp,ue0_bs5_idx,ue0_bs5_rsrp,ue0_bs6_idx,ue0_bs6_rsrp,ue1_x,ue1_y,ue1_height,ue1_direction,ue1_connected_bs,ue1_los_probability,ue1_los_state,ue1_pathloss,ue1_shadow_fading,ue1_rsrp,ue1_prx,ue1_sinr,ue1_speed,ue1_handover,ue1_bs1_idx,ue1_bs1_rsrp,ue1_bs2_idx,ue1_bs2_rsrp,ue1_bs3_idx,ue1_bs3_rsrp,ue1_bs4_idx,ue1_bs4_rsrp,ue1_bs5_idx,ue1_bs5_rsrp,ue1_bs6_idx,ue1_bs6_rsrp,ue2_x,ue2_y,ue2_height,ue2_direction,ue2_connected_bs,ue2_los_probability,ue2_los_state,ue2_pathloss,ue2_shadow_fading,ue2_rsrp,ue2_prx,ue2_sinr,ue2_speed,ue2_handover,ue2_bs1_idx,ue2_bs1_rsrp,ue2_bs2_idx,ue2_bs2_rsrp,ue2_bs3_idx,ue2_bs3_rsrp,ue2_bs4_idx,ue2_bs4_rsrp,ue2_bs5_idx,ue2_bs5_rsrp,ue2_bs6_idx,ue2_bs6_rsrp,ue3_x,ue3_y,ue3_height,ue3_direction,ue3_connected_bs,ue3_los_probability,ue3_los_state,ue3_pathloss,ue3_shadow_fading,ue3_rsrp,ue3_prx,ue3_sinr,ue3_speed,ue3_handover,ue3_bs1_idx,ue3_bs1_rsrp,ue3_bs2_idx,ue3_bs2_rsrp,ue3_bs3_idx,ue3_bs3_rsrp,ue3_bs4_idx,ue3_bs4_rsrp,ue3_bs5_idx,ue3_bs5_rsrp,ue3_bs6_idx,ue3_bs6_rsrp,ue4_x,ue4_y,ue4_height,ue4_direction,ue4_connected_bs,ue4_los_probability,ue4_los_state,ue4_pathloss,ue4_shadow_fading,ue4_rsrp,ue4_prx,ue4_sinr,ue4_speed,ue4_handover,ue4_bs1_idx,ue4_bs1_rsrp,ue4_bs2_idx,ue4_bs2_rsrp,ue4_bs3_idx,ue4_bs3_rsrp,ue4_bs4_idx,ue4_bs4_rsrp,ue4_bs5_idx,ue4_bs5_rsrp,ue4_bs6_idx,ue4_bs6_rsrp
0,3000.00,3084.24,1.50,3,13,0.05,LOS,90.86,-4.59,-66.06,-38.27,39.22,56.75,0,26,-106.10,20,-108.20,14,-110.62,21,-111.05,19,-114.83,8,-117.76,3400.00,4314.70,1.50,1,21,0.12,NLOS,110.14,-4.99,-84.93,-57.15,4.78,52.93,0,14,-89.82,15,-109.43,28,-110.45,22,-115.30,2,-116.25,27,-116.47,4200.00,3084.53,1.50,3,26,0.09,NLOS,113.65,1.53,-94.96,-67.18,14.53,55.68,0,34,-114.34,32,-114.47,39,-114.70,20,-115.78,33,-116.60,27,-119.12,7592.85,4100.00,1.50,2,60,0.05,NLOS,121.64,-3.68,-97.74,-69.96,4.06,25.75,0,54,-103.46,53,-110.67,59,-110.97,41,-114.13,61,-116.43,66,-118.06,3189.28,2700.00,1.50,2,19,0.04,NLOS,122.52,-1.70,-100.60,-72.82,-0.05,38.58,0,20,-103.52,13,-104.83,6,-113.37,14,-115.74,27,-115.78,7,-116.16
1,3000.00,3068.47,1.50,3,13,0.06,LOS,90.31,-4.59,-65.51,-37.73,39.94,56.75,0,26,-106.07,20,-108.38,14,-110.99,21,-111.25,19,-114.57,8,-117.89,3400.00,4329.41,1.50,1,21,0.11,NLOS,111.16,-4.99,-85.95,-58.17,3.95,52.93,0,14,-90.02,15,-109.30,28,-110.37,22,-114.94,2,-116.23,27,-116.61,4200.00,3069.06,1.50,3,26,0.10,NLOS,112.62,1.53,-93.93,-66.15,15.59,55.68,0,32,-114.31,34,-114.50,39,-114.67,20,-115.87,33,-116.68,27,-119.54,7585.69,4100.00,1.50,2,60,0.04,NLOS,121.93,-3.68,-98.03,-70.25,3.67,25.75,0,54,-103.33,53,-110.52,59,-111.03,41,-114.06,61,-116.48,66,-118.15,3178.57,2700.00,1.50,2,19,0.04,NLOS,122.83,-1.70,-100.91,-73.12,-0.44,38.58,0,20,-103.65,13,-104.45,6,-113.22,14,-115.68,27,-115.87,7,-116.03
2,3000.00,3052.71,1.50,3,13,0.06,LOS,89.77,5.21,-74.76,-46.98,28.53,56.75,0,20,-107.27,19,-108.13,14,-111.97,7,-112.73,15,-115.53,26,-116.77,3400.00,4344.11,1.50,1,21,0.10,NLOS,112.14,-1.77,-90.15,-62.37,-1.22,52.93,0,14,-88.97,34,-114.37,23,-115.04,22,-115.19,27,-115.62,9,-118.05,4200.00,3053.60,1.50,3,26,0.11,NLOS,111.52,5.45,-96.76,-68.98,9.36,55.68,0,20,-109.17,33,-112.33,32,-115.35,27,-117.68,19,-119.11,7,-121.60,7578.54,4100.00,1.50,2,60,0.04,NLOS,122.22,-3.68,-98.32,-70.54,3.29,25.75,0,54,-103.21,53,-110.37,59,-111.09,41,-114.00,61,-116.53,66,-118.24,3167.85,2700.00,1.50,2,19,0.04,NLOS,123.13,-1.70,-101.21,-73.43,-0.85,38.58,0,20,-103.79,13,-104.06,6,-113.08,14,-115.61,7,-115.91,27,-115.96
3,3000.00,3036.95,1.50,3,13,0.06,LOS,89.24,5.21,-74.23,-46.45,29.11,56.75,0,20,-107.47,19,-107.87,14,-112.33,7,-112.79,15,-115.70,26,-116.74,3400.00,4358.82,1.50,1,21,0.09,NLOS,113.08,-1.77,-91.09,-63.31,-1.96,52.93,0,14,-89.16,34,-114.39,22,-114.81,23,-114.88,27,-115.76,9,-117.98,4200.00,3038.13,1.50,3,26,0.12,NLOS,110.36,5.45,-95.59,-67.81,10.59,55.68,0,20,-109.28,33,-112.42,32,-115.19,27,-118.07,19,-118.92,7,-121.61,7571.39,4100.00,1.50,2,60,0.04,NLOS,122.50,-3.68,-98.60,-70.82,2.91,25.75,0,54,-103.09,53,-110.22,59,-111.15,41,-113.94,61,-116.59,66,-118.34,3157.14,2700.00,1.50,2,19,0.04,NLOS,123.43,4.87,-108.08,-80.30,0.09,38.58,0,13,-112.45,20,-114.00,26,-114.80,0,-119.37,21,-119.71,27,-121.31
4,3000.00,3021.19,1.50,3,13,0.06,LOS,88.91,-0.93,-67.77,-39.99,31.37,56.75,0,14,-101.76,20,-103.69,7,-110.02,27,-112.33,21,-114.84,6,-118.71,3400.00,4373.52,1.50,1,14,0.02,LOS,107.75,-3.61,-83.92,-56.14,17.90,52.93,1,21,-102.53,22,-106.26,13,-113.61,27,-114.25,15,-115.01,3,-118.67,4200.00,3022.66,1.50,3,26,0.13,NLOS,109.11,2.16,-91.05,-63.27,13.12,55.68,0,33,-108.28,20,-110.39,21,-110.70,27,-116.44,19,-118.13,32,-118.38,7564.23,4100.00,1.50,2,53,0.04,NLOS,125.32,-3.48,-101.62,-73.84,2.09,25.75,1,60,-107.88,66,-108.91,59,-109.73,52,-110.32,67,-111.55,54,-113.45,3146.42,2700.00,1.50,2,19,0.04,NLOS,123.73,4.87,-108.38,-80.60,-0.30,38.58,0,13,-112.05,20,-114.15,26,-114.96,0,-119.28,21,-119.74,27,-121.40
5,3000.00,3005.42,1.50,3,13,0.07,LOS,88.63,-0.93,-67.48,-39.70,31.92,56.75,0,14,-102.10,20,-103.91,7,-110.09,27,-112.42,21,-115.04,6,-118.59,3400.00,4388.22,1.50,1,14,0.02,LOS,107.95,-3.61,-84.11,-56.33,18.43,52.93,0,21,-103.39,22,-105.87,13,-113.75,27,-114.39,15,-114.91,3,-118.63,4200.00,3007.19,1.50,3,26,0.15,NLOS,107.78,2.16,-89.72,-61.94,14.56,55.68,0,33,-108.37,20,-110.51,21,-110.87,27,-116.82,19,-117.95,32,-118.22,7557.08,4100.00,1.50,2,53,0.04,NLOS,125.17,-3.48,-101.47,-73.69,2.33,25.75,0,60,-108.15,66,-109.01,59,-109.79,52,-110.30,67,-111.64,54,-113.33,3135.70,2700.00,1.50,2,19,0.04,NLOS,124.03,4.87,-108.68,-80.90,-0.70,38.58,0,13,-111.63,20,-114.29,26,-115.12,0,-119.18,21,-119.77,6,-121.35
6,3000.00,2989.66,1.50,3,13,0.07,LOS,88.35,-5.88,-62.25,-34.47,46.14,56.75,0,20,-113.32,6,-113.46,14,-115.65,19,-118.83,26,-120.02,27,-120.42,3400.00,4402.93,1.50,1,14,0.02,LOS,108.14,-3.26,-84.66,-56.88,12.53,52.93,0,21,-97.52,28,-106.79,15,-110.09,16,-110.12,22,-113.31,8,-116.85,4200.00,2991.73,1.50,3,26,0.17,NLOS,106.35,3.05,-89.18,-61.39,18.58,55.68,0,32,-111.50,19,-114.20,27,-115.46,39,-116.20,33,-117.93,34,-119.80,7549.93,4100.00,1.50,2,53,0.04,NLOS,125.03,-3.48,-101.32,-73.54,2.56,25.75,0,60,-108.42,66,-109.10,59,-109.85,52,-110.28,67,-111.73,54,-113.21,3124.99,2700.00,1.50,2,19,0.04,NLOS,124.33,-5.71,-98.40,-70.62,-0.81,38.58,0,13,-99.70,20,-103.92,26,-106.12,28,-117.25,16,-119.39,14,-119.84
7,3000.00,2973.90,1.50,3,13,0.07,LOS,88.09,-5.88,-61.99,-34.21,46.48,56.75,0,6,-113.34,20,-113.56,14,-115.99,19,-118.56,26,-119.99,27,-120.51,3400.00,4417.63,1.50,1,14,0.02,LOS,108.34,-3.26,-84.86,-57.08,13.06,52.93,0,21,-98.31,28,-106.74,16,-109.94,15,-110.00,22,-112.90,8,-116.88,4200.00,2976.26,1.50,3,26,0.20,NLOS,104.80,3.05,-87.63,-59.85,20.09,55.68,0,32,-111.34,19,-114.02,27,-115.82,39,-116.18,33,-118.03,34,-119.95,7542.78,4100.00,1.50,2,53,0.04,NLOS,124.88,-3.48,-101.18,-73.40,2.79,25.75,0,60,-108.69,66,-109.19,59,-109.92,52,-110.26,67,-111.82,54,-113.09,3114.27,2700.00,1.50,2,19,0.04,NLOS,124.63,-5.71,-98.69,-70.91,-1.33,38.58,0,13,-99.27,20,-104.06,26,-106.28,28,-117.30,16,-119.38,14,-119.78
8,3000.00,2958.13,1.50,3,13,0.08,LOS,87.85,0.34,-67.97,-40.18,33.30,56.75,0,20,-101.98,19,-111.26,21,-113.48,14,-117.93,6,-119.97,15,-120.34,3400.00,4432.33,1.50,1,14,0.02,LOS,108.53,3.73,-92.05,-64.27,1.22,52.93,0,21,-93.83,15,-102.59,23,-112.75,22,-115.63,16,-115.84,28,-116.09,4200.00,2960.79,1.50,3,26,0.23,NLOS,103.12,-0.41,-82.49,-54.71,16.88,55.68,0,20,-99.82,27,-113.45,28,-114.85,19,-115.45,21,-118.62,8,-119.23,7535.62,4100.00,1.50,2,54,0.03,NLOS,126.59,-11.36,-95.01,-67.23,10.86,25.75,1,60,-109.05,53,-111.46,61,-114.83,47,-118.18,42,-119.06,68,-119.85,3103.56,2700.00,1.50,2,19,0.04,NLOS,124.92,-5.71,-98.99,-71.21,-1.86,38.58,0,13,-98.83,20,-104.21,26,-106.44,28,-117.34,16,-119.37,14,-119.72
9,3000.00,2942.37,1.50,3,13,0.08,LOS,87.62,0.34,-67.74,-39.96,33.71,56.75,0,20,-102.22,19,-111.00,21,-113.68,14,-118.25,6,-119.86,15,-120.50,3400.00,4447.04,1.50,1,14,0.02,LOS,108.73,3.73,-92.24,-64.46,1.65,52.93,0,21,-94.57,15,-102.52,23,-112.58,22,-115.20,16,-115.66,28,-116.05,4200.00,2945.32,1.50,3,26,0.27,NLOS,101.29,-0.41,-80.66,-52.88,18.85,55.68,0,20,-99.96,27,-113.79,28,-115.01,19,-115.27,21,-118.79,8,-119.28,7528.47,4100.00,1.50,2,54,0.03,NLOS,126.47,-11.36,-94.90,-67.12,11.05,25.75,0,60,-109.31,53,-111.32,61,-114.88,47,-118.06,42,-119.02,68,-119.90,3092.84,2700.00,1.50,2,20,0.03,NLOS,130.73,-14.87,-95.64,-67.85,10.70,38.58,1,13,-110.17,19,-111.28,21,-116.99,14,-117.87,27,-117.99,15,-121.96
10,3000.00,2926.61,1.50,3,13,0.08,LOS,87.42,-2.71,-64.49,-36.70,38.47,56.75,0,20,-105.72,6,-110.10,26,-113.70,14,-113.79,8,-114.59,7,-114.79,3400.00,4461.74,1.50,1,14,0.02,LOS,108.92,-6.78,-81.92,-54.14,17.85,52.93,0,21,-100.88,22,-103.32,15,-106.75,28,-108.91,35,-111.52,9,-112.10,4200.00,2929.85,1.50,3,26,0.32,NLOS,99.31,1.97,-81.06,-53.28,22.50,55.68,0,21,-108.78,33,-109.02,20,-110.31,27,-113.03,19,-116.38,13,-117.15,7521.32,4100.00,1.50,2,54,0.03,NLOS,126.36,-11.36,-94.79,-67.00,11.24,25.75,0,60,-109.56,53,-111.18,61,-114.94,47,-117.94,42,-118.97,68,-119.94,3082.12,2700.00,1.50,2,20,0.03,NLOS,130.88,-14.87,-95.79,-68.01,10.44,38.58,0,13,-109.71,19,-111.56,21,-117.03,14,-117.81,27,-118.08,6,-121.83
11,3000.00,2910.85,1.50,3,13,0.08,LOS,87.24,-2.71,-64.31,-36.52,38.79,56.75,0,20,-105.97,6,-109.99,26,-113.69,14,-114.10,8,-114.72,7,-114.88,3400.00,4476.45,1.50,1,14,0.02,LOS,109.12,-6.78,-82.11,-54.33,18.16,52.93,0,21,-101.56,22,-102.86,15,-106.69,28,-108.87,35,-111.47,9,-112.04,4200.00,2914.39,1.50,3,26,0.37,NLOS,97.16,1.97,-78.91,-51.13,24.79,55.68,0,21,-108.95,33,-109.14,20,-110.46,27,-113.37,19,-116.20,13,-117.14,7514.16,4100.00,1.50,2,54,0.03,NLOS,126.25,-11.36,-94.67,-66.89,11.41,25.75,0,60,-109.81,53,-111.04,61,-114.99,47,-117.82,42,-118.93,68,-119.99,3071.41,2700.00,1.50,2,20,0.03,NLOS,131.03,-14.87,-95.94,-68.16,10.15,38.58,0,13,-109.23,19,-111.85,21,-117.06,14,-117.76,27,-118.17,6,-121.67
12,3004.92,2900.00,1.50,0,13,0.08,LOS,87.30,-3.44,-63.64,-35.86,41.37,56.75,0,19,-106.79,7,-114.95,27,-115.12,20,-115.97,6,-116.22,8,-117.28,3400.00,4491.15,1.50,1,14,0.02,LOS,109.31,-2.27,-86.82,-59.04,5.63,52.93,0,21,-92.50,35,-108.13,22,-109.21,27,-110.59,15,-115.89,16,-118.81,4198.92,2900.00,1.50,2,26,0.43,NLOS,95.16,-1.16,-73.78,-46.00,34.67,55.68,0,6,-112.38,19,-112.46,13,-114.74,33,-115.15,20,-115.98,40,-116.20,7507.01,4100.00,1.50,2,60,0.04,NLOS,124.86,-4.48,-100.16,-72.38,4.29,25.75,1,59,-109.07,53,-109.38,54,-110.02,47,-112.95,49,-114.66,61,-119.46,3060.69,2700.00,1.50,2,13,0.06,NLOS,118.47,-8.48,-89.77,-61.99,14.25,38.58,1,14,-107.10,19,-107.86,26,-116.60,20,-118.61,7,-121.11,6,-121.25
13,3020.68,2900.00,1.50,0,13,0.08,LOS,87.84,-3.44,-64.17,-36.39,40.67,56.75,0,19,-106.52,27,-114.97,7,-115.18,20,-115.62,6,-116.44,8,-117.39,3400.00,4505.85,1.50,1,14,0.02,LOS,109.50,-2.27,-87.01,-59.23,6.07,52.93,0,21,-93.14,35,-108.09,22,-108.74,27,-110.74,15,-115.85,16,-118.63,4183.45,2900.00,1.50,2,26,0.38,NLOS,97.03,-1.16,-75.65,-47.87,32.71,55.68,0,19,-112.21,6,-112.27,13,-114.56,33,-115.42,20,-115.69,40,-116.33,7499.86,4100.00,1.50,2,60,0.04,NLOS,125.10,-4.48,-100.41,-72.62,3.99,25.75,0,59,-109.14,53,-109.25,54,-109.91,47,-112.83,49,-114.63,61,-119.51,3049.98,2700.00,1.50,2,13,0.06,NLOS,117.97,-8.48,-89.27,-61.49,14.84,38.58,0,14,-107.05,19,-108.14,26,-116.75,20,-118.76,7,-120.98,6,-121.09
14,3036.44,2900.00,1.50,0,13,0.07,LOS,88.35,5.18,-73.31,-45.53,33.20,56.75,0,20,-108.60,19,-112.62,21,-113.01,26,-113.12,14,-119.33,15,-119.34,3400.00,4520.56,1.50,1,14,0.02,LOS,109.69,2.06,-91.54,-63.76,17.81,52.93,0,22,-102.12,23,-112.69,21,-114.29,15,-115.49,27,-116.04,20,-116.05,4167.98,2900.00,1.50,2,26,0.33,NLOS,98.92,4.30,-83.00,-55.22,18.50,55.68,0,27,-103.58,19,-107.17,32,-116.17,21,-116.46,33,-116.61,40,-117.11,7492.70,4100.00,1.50,2,60,0.04,NLOS,125.34,-4.48,-100.64,-72.86,3.70,25.75,0,53,-109.11,59,-109.20,54,-109.80,47,-112.71,49,-114.60,61,-119.57,3039.26,2700.00,1.50,2,13,0.06,NLOS,117.46,-8.48,-88.77,-60.99,15.43,38.58,0,14,-107.00,19,-108.42,26,-116.89,20,-118.92,7,-120.84,6,-120.93
15,3052.21,2900.00,1.50,0,13,0.07,LOS,88.83,5.18,-73.79,-46.01,32.45,56.75,0,20,-108.25,19,-112.35,26,-112.89,21,-112.94,15,-119.37,14,-119.44,3400.00,4535.26,1.50,1,14,0.02,LOS,109.88,2.06,-91.73,-63.95,17.85,52.93,0,22,-101.61,23,-112.51,21,-114.89,15,-115.47,27,-116.19,20,-116.25,4152.52,2900.00,1.50,2,26,0.29,NLOS,100.75,4.30,-84.83,-57.05,16.63,55.68,0,27,-103.62,19,-106.92,21,-116.38,32,-116.40,33,-116.87,40,-117.24,7485.55,4100.00,1.50,2,60,0.04,NLOS,125.57,-4.48,-100.88,-73.10,3.42,25.75,0,53,-108.98,59,-109.27,54,-109.70,47,-112.59,49,-114.58,61,-119.63,3028.54,2700.00,1.50,2,13,0.07,NLOS,116.94,5.59,-102.32,-74.54,1.01,38.58,0,19,-106.12,20,-108.47,21,-113.97,6,-114.27,7,-116.63,26,-119.15
16,3067.97,2900.00,1.50,0,13,0.06,LOS,89.40,3.57,-72.75,-44.97,31.05,56.75,0,19,-107.95,14,-109.31,6,-110.18,21,-113.35,7,-115.60,27,-115.62,3400.00,4549.96,1.50,1,14,0.02,LOS,110.07,-2.65,-87.21,-59.43,12.39,52.93,0,21,-101.10,22,-101.88,15,-105.37,28,-107.33,33,-117.61,35,-118.55,4137.05,2900.00,1.50,2,26,0.25,NLOS,102.49,-6.96,-75.31,-47.53,30.42,55.68,0,33,-111.89,19,-112.89,21,-112.96,20,-113.17,32,-115.69,27,-117.04,7478.40,4100.00,1.50,2,60,0.03,NLOS,125.81,2.33,-107.92,-80.14,-3.96,25.75,0,53,-105.52,54,-112.43,47,-113.76,59,-114.12,48,-115.07,68,-116.46,3017.83,2700.00,1.50,2,13,0.07,NLOS,116.41,5.59,-101.79,-74.01,1.71,38.58,0,19,-106.39,20,-108.63,21,-114.00,6,-114.10,7,-116.49,26,-119.30
17,3083.73,2900.00,1.50,0,13,0.06,LOS,90.21,3.57,-73.56,-45.78,30.24,56.75,0,19,-107.69,14,-109.42,6,-110.38,21,-113.29,27,-115.46,7,-115.82,3400.00,4564.67,1.50,1,14,0.02,LOS,110.26,-2.65,-87.40,-59.62,12.59,52.93,0,22,-101.35,21,-101.66,15,-105.36,28,-107.33,33,-117.69,35,-118.51,4121.58,2900.00,1.50,2,26,0.21,NLOS,104.13,-6.96,-76.95,-49.17,28.75,55.68,0,33,-112.14,19,-112.64,20,-112.86,21,-112.87,32,-115.92,27,-117.09,7471.24,4100.00,1.50,2,60,0.03,NLOS,126.04,2.33,-108.15,-80.37,-4.28,25.75,0,53,-105.39,54,-112.33,47,-113.64,59,-114.19,48,-115.00,68,-116.51,3007.11,2700.00,1.50,2,13,0.07,NLOS,115.87,5.59,-101.24,-73.46,2.42,38.58,0,19,-106.66,20,-108.79,6,-113.94,21,-114.04,7,-116.36,26,-119.44
18,3099.49,2900.00,1.50,0,13,0.05,LOS,90.98,-0.73,-70.03,-42.25,31.39,56.75,0,20,-103.18,19,-106.74,14,-118.62,21,-119.77,15,-122.43,28,-122.45,3400.00,4579.37,1.50,1,14,0.02,LOS,110.45,2.22,-92.46,-64.67,9.92,52.93,0,22,-101.59,21,-104.38,15,-107.26,34,-108.27,28,-113.96,27,-114.95,4106.11,2900.00,1.50,2,26,0.19,NLOS,105.66,-8.16,-77.28,-49.50,27.61,55.68,0,27,-108.32,13,-109.49,33,-112.13,20,-112.22,8,-115.60,21,-115.81,7464.09,4100.00,1.50,2,53,0.04,NLOS,123.38,2.11,-105.27,-77.48,-0.48,25.75,1,60,-108.37,54,-112.23,47,-113.51,59,-114.26,48,-114.93,68,-116.55,3000.00,2696.40,1.50,3,13,0.07,NLOS,115.60,-15.17,-80.22,-52.44,17.06,38.58,0,19,-98.48,20,-104.33,6,-113.24,14,-115.81,21,-122.29,1,-123.90
19,3115.26,2900.00,1.50,0,13,0.05,LOS,91.72,-0.73,-70.77,-42.99,30.33,56.75,0,20,-102.82,19,-106.48,14,-118.74,21,-119.71,28,-122.37,15,-122.47,3400.00,4594.08,1.50,1,14,0.02,LOS,110.64,2.22,-92.64,-64.86,10.06,52.93,0,22,-101.02,21,-104.90,15,-107.27,34,-108.31,28,-113.96,27,-115.09,4090.64,2900.00,1.50,2,26,0.16,NLOS,107.09,-8.16,-78.71,-50.93,26.18,55.68,0,27,-108.38,13,-109.29,20,-111.90,33,-112.38,8,-115.51,21,-115.73,7456.94,4100.00,1.50,2,53,0.04,NLOS,123.25,2.11,-105.14,-77.36,-0.29,25.75,0,60,-108.60,54,-112.13,47,-113.39,59,-114.32,48,-114.87,68,-116.60,3000.00,2685.68,1.50,3,13,0.07,NLOS,115.91,-15.17,-80.53,-52.75,16.66,38.58,0,19,-98.32,20,-104.51,6,-113.19,14,-115.98,21,-122.40,1,-123.94
20,3131.02,2900.00,1.50,0,13,0.05,LOS,92.43,-2.76,-69.44,-41.66,35.27,56.75,0,20,-108.24,19,-108.42,21,-111.39,14,-116.68,7,-120.11,26,-120.18,3400.00,4608.78,1.50,1,14,0.02,LOS,110.83,3.36,-93.97,-66.19,14.13,52.93,0,22,-108.32,15,-111.19,21,-111.62,27,-115.57,29,-116.72,28,-116.85,4075.18,2900.00,1.50,2,26,0.14,NLOS,108.44,-8.67,-79.55,-51.77,25.45,55.68,0,20,-108.88,19,-110.72,32,-114.26,33,-114.34,14,-116.08,34,-116.47,7449.78,4100.00,1.50,2,54,0.04,NLOS,125.32,-6.01,-99.09,-71.31,3.10,25.75,1,53,-105.22,60,-108.88,47,-111.82,55,-112.46,66,-114.04,67,-114.30,3000.00,2674.96,1.50,3,13,0.07,NLOS,116.24,-15.17,-80.85,-53.07,16.25,38.58,0,19,-98.16,20,-104.69,6,-113.15,14,-116.15,21,-122.51,1,-123.99
21,3146.78,2900.00,1.50,0,13,0.05,LOS,93.11,-2.76,-70.13,-42.35,34.33,56.75,0,20,-107.88,19,-108.16,21,-111.33,14,-116.81,26,-119.94,7,-120.32,3400.00,4623.48,1.50,1,14,0.02,LOS,111.01,3.36,-94.16,-66.37,14.18,52.93,0,22,-107.71,15,-111.22,21,-112.12,27,-115.72,29,-116.57,28,-116.87,4059.71,2900.00,1.50,2,26,0.13,NLOS,109.69,-8.67,-80.81,-53.03,24.04,55.68,0,20,-108.55,19,-110.46,32,-114.48,33,-114.58,14,-115.93,34,-116.57,7442.63,4100.00,1.50,2,54,0.04,NLOS,125.23,-6.01,-99.00,-71.21,3.16,25.75,0,53,-105.10,60,-109.10,47,-111.70,55,-112.44,66,-114.13,48,-114.37,3000.00,2664.25,1.50,3,13,0.07,NLOS,116.57,-0.92,-95.43,-67.65,13.07,38.58,0,19,-110.51,26,-114.41,14,-116.79,8,-119.26,20,-120.24,15,-123.83
22,3162.55,2900.00,1.50,0,13,0.04,LOS,93.77,-2.80,-70.75,-42.97,29.96,56.75,0,20,-102.34,19,-108.61,7,-110.72,21,-114.17,8,-114.67,0,-117.38,3400.00,4638.19,1.50,1,14,0.02,LOS,111.20,4.39,-95.37,-67.59,8.68,52.93,0,21,-104.40,22,-105.95,16,-113.90,34,-115.12,9,-116.42,28,-117.26,4044.24,2900.00,1.50,2,26,0.11,NLOS,110.88,-4.62,-86.03,-58.25,19.09,55.68,0,20,-106.17,13,-117.04,32,-117.34,19,-118.63,27,-119.46,33,-120.36,7435.48,4100.00,1.50,2,54,0.04,NLOS,125.14,-6.01,-98.91,-71.12,3.22,25.75,0,53,-104.98,60,-109.31,47,-111.57,55,-112.43,66,-114.21,48,-114.31,3000.00,2653.53,1.50,3,13,0.07,NLOS,116.91,-0.92,-95.77,-67.99,12.68,38.58,0,19,-110.36,26,-114.43,14,-116.95,8,-119.35,20,-120.42,15,-123.92
23,3178.31,2900.00,1.50,0,13,0.04,LOS,94.40,-2.80,-71.38,-43.60,29.06,56.75,0,20,-101.98,19,-108.36,7,-110.93,21,-114.11,8,-114.78,0,-117.52,3400.00,4652.89,1.50,1,14,0.02,LOS,111.38,4.39,-95.55,-67.77,8.93,52.93,0,21,-104.87,22,-105.30,16,-113.71,34,-115.17,9,-116.38,28,-117.29,4028.77,2900.00,1.50,2,26,0.10,NLOS,111.99,-4.62,-87.15,-59.37,17.72,55.68,0,20,-105.84,13,-116.84,32,-117.56,19,-118.36,27,-119.54,33,-120.59,7428.33,4100.00,1.50,2,54,0.04,NLOS,125.05,-6.01,-98.82,-71.04,3.27,25.75,0,53,-104.87,60,-109.52,47,-111.44,55,-112.42,48,-114.24,66,-114.30,3000.00,2642.82,1.50,3,13,0.06,NLOS,117.26,-0.92,-96.12,-68.34,12.28,38.58,0,19,-110.22,26,-114.45,14,-117.11,8,-119.43,20,-120.60,15,-124.02
24,3194.07,2900.00,1.50,0,13,0.04,LOS,95.01,2.72,-77.51,-49.73,26.40,56.75,0,20,-105.64,19,-110.44,6,-117.05,7,-118.94,27,-119.83,40,-121.11,3400.00,4667.59,1.50,1,14,0.02,LOS,111.56,-0.83,-90.52,-62.74,11.85,52.93,0,22,-90.19,21,-104.10,15,-107.62,29,-114.00,27,-114.44,23,-114.86,4013.31,2900.00,1.50,2,26,0.09,NLOS,113.04,10.15,-102.97,-75.18,-3.01,55.68,0,27,-102.90,19,-106.73,32,-107.88,33,-110.79,20,-115.91,13,-116.14,7421.17,4100.00,1.50,2,53,0.04,NLOS,122.67,-4.67,-97.78,-70.00,-0.15,25.75,1,60,-98.62,47,-106.09,54,-113.44,61,-114.18,59,-114.27,46,-117.62,3000.00,2632.10,1.50,3,13,0.06,NLOS,117.61,-3.62,-93.77,-65.99,9.66,38.58,0,20,-106.02,6,-109.95,19,-111.72,7,-116.53,0,-117.18,27,-118.83
25,3190.17,2900.00,1.50,2,13,0.04,LOS,94.86,2.72,-77.36,-49.58,26.62,56.75,0,20,-105.73,19,-110.50,6,-117.00,7,-118.89,27,-119.87,40,-121.13,3400.00,4682.30,1.50,1,14,0.02,LOS,111.74,-0.83,-90.70,-62.92,11.99,52.93,0,22,-89.49,21,-104.54,15,-107.68,29,-113.85,27,-114.59,23,-114.65,4000.00,2897.84,1.50,3,26,0.09,NLOS,113.86,10.15,-103.79,-76.01,-3.79,55.68,0,27,-103.02,19,-106.47,32,-108.05,33,-111.00,20,-115.66,13,-115.96,7414.02,4100.00,1.50,2,53,0.04,NLOS,122.56,-4.67,-97.67,-69.89,0.10,25.75,0,60,-98.83,47,-105.95,54,-113.36,61,-114.24,59,-114.33,46,-117.55,3000.00,2621.39,1.50,3,13,0.06,NLOS,117.97,-3.62,-94.12,-66.34,9.38,38.58,0,20,-106.20,6,-109.91,19,-111.59,7,-116.62,0,-117.19,27,-118.90
26,3174.40,2900.00,1.50,2,13,0.04,LOS,94.25,2.72,-76.75,-48.97,27.51,56.75,0,20,-106.09,19,-110.74,6,-116.81,7,-118.68,27,-120.03,40,-121.23,3400.00,4697.00,1.50,1,14,0.02,LOS,111.92,-4.41,-87.29,-59.51,15.33,52.93,0,22,-97.25,21,-105.47,15,-106.66,29,-108.99,23,-112.47,10,-113.94,4000.00,2882.37,1.50,3,26,0.09,NLOS,113.64,-7.57,-85.85,-58.07,11.81,55.68,0,20,-98.47,19,-108.23,27,-110.52,21,-114.21,13,-117.67,39,-120.93,7406.87,4100.00,1.50,2,53,0.04,NLOS,122.45,-4.67,-97.56,-69.78,0.34,25.75,0,60,-99.04,47,-105.82,54,-113.28,61,-114.30,59,-114.40,46,-117.48,3000.00,2610.67,1.50,3,13,0.06,NLOS,118.32,-3.62,-94.48,-66.70,9.09,38.58,0,20,-106.37,6,-109.87,19,-111.45,7,-116.70,0,-117.21,27,-118.97
27,3158.64,2900.00,1.50,2,13,0.04,LOS,93.61,3.23,-76.62,-48.84,18.59,56.75,0,20,-96.57,19,-101.39,14,-112.69,7,-116.74,21,-121.66,33,-122.74,3400.00,4711.71,1.50,1,14,0.01,LOS,112.10,-4.41,-87.47,-59.69,15.41,52.93,0,22,-96.50,21,-105.89,15,-106.74,29,-108.84,23,-112.26,10,-113.85,4000.00,2866.90,1.50,3,26,0.09,NLOS,113.48,-7.57,-85.69,-57.91,12.17,55.68,0,20,-98.72,19,-107.96,27,-110.81,21,-114.39,13,-117.66,39,-120.92,7400.29,4100.00,1.50,0,53,0.04,NLOS,122.36,-4.67,-97.47,-69.69,0.56,25.75,0,60,-99.22,47,-105.70,54,-113.21,61,-114.36,59,-114.47,46,-117.41,3000.00,2599.95,1.50,3,13,0.06,NLOS,118.68,5.06,-103.52,-75.74,2.54,38.58,0,20,-108.77,26,-109.65,19,-111.57,8,-118.43,33,-120.15,6,-120.44
28,3142.88,2900.00,1.50,2,13,0.05,LOS,92.94,3.23,-75.96,-48.18,19.58,56.75,0,20,-96.93,19,-101.64,14,-112.56,7,-116.53,21,-121.72,33,-122.88,3400.00,4726.41,1.50,1,14,0.01,LOS,112.28,-1.11,-90.95,-63.17,13.23,52.93,0,22,-91.64,15,-108.06,21,-110.21,20,-110.63,16,-112.38,36,-113.59,4000.00,2851.43,1.50,3,26,0.09,NLOS,113.38,-9.63,-83.53,-55.75,19.16,55.68,0,32,-105.14,19,-110.91,27,-112.45,20,-113.90,33,-114.10,28,-114.14,7407.44,4100.00,1.50,0,47,0.02,NLOS,135.17,-8.81,-106.14,-78.36,0.63,25.75,1,54,-110.00,53,-110.17,59,-112.81,67,-116.63,52,-116.81,60,-117.11,3000.00,2589.24,1.50,3,13,0.05,NLOS,119.05,5.06,-103.88,-76.10,2.25,38.58,0,20,-108.94,26,-109.68,19,-111.45,8,-118.51,33,-120.18,6,-120.40
29,3127.11,2900.00,1.50,2,13,0.05,LOS,92.25,-3.91,-68.12,-40.34,34.47,56.75,0,19,-106.89,7,-109.07,20,-109.21,14,-110.22,27,-116.25,21,-118.06,3400.00,4741.11,1.50,1,14,0.01,LOS,112.46,-1.11,-91.13,-63.35,13.24,52.93,0,22,-90.83,15,-108.15,21,-110.62,20,-110.80,16,-112.19,36,-113.52,4000.00,2835.97,1.50,3,26,0.09,NLOS,113.35,-9.63,-83.50,-55.71,19.16,55.68,0,32,-105.05,19,-110.65,27,-112.73,20,-114.16,33,-114.20,28,-114.29,7414.59,4100.00,1.50,0,47,0.02,NLOS,135.30,-8.81,-106.27,-78.49,0.59,25.75,0,54,-110.08,53,-110.27,59,-112.74,67,-116.55,52,-116.83,60,-116.90,3000.00,2578.52,1.50,3,13,0.05,NLOS,119.41,5.06,-104.25,-76.46,1.95,38.58,0,20,-109.12,26,-109.71,19,-111.33,8,-118.60,33,-120.21,6,-120.37
30,3111.35,2900.00,1.50,2,13,0.05,LOS,91.54,-3.91,-67.41,-39.63,35.28,56.75,0,19,-107.15,7,-108.86,20,-109.57,14,-110.09,27,-116.41,21,-118.12,3400.00,4755.82,1.50,1,14,0.01,LOS,112.63,0.19,-92.61,-64.82,12.05,52.93,0,22,-97.13,15,-108.35,8,-108.35,28,-112.94,23,-113.33,29,-113.77,4000.00,2820.50,1.50,3,26,0.09,NLOS,113.37,0.28,-93.44,-65.66,4.12,55.68,0,19,-99.75,33,-102.90,20,-110.88,32,-110.97,14,-112.31,34,-118.22,7421.75,4100.00,1.50,0,47,0.02,NLOS,135.43,-8.81,-106.40,-78.62,0.55,25.75,0,54,-110.16,53,-110.38,59,-112.67,67,-116.47,60,-116.70,52,-116.84,3000.00,2567.81,1.50,3,13,0.05,NLOS,119.77,-0.80,-98.75,-70.97,3.59,38.58,0,19,-103.95,20,-110.99,14,-113.90,7,-114.81,8,-118.63,15,-118.81
31,3095.59,2900.00,1.50,2,13,0.05,LOS,90.79,2.90,-73.47,-45.69,31.06,56.75,0,19,-107.90,14,-108.79,20,-115.64,9,-116.36,26,-117.38,6,-119.07,3400.00,4770.52,1.50,1,14,0.01,LOS,112.81,0.19,-92.78,-65.00,11.98,52.93,0,22,-96.24,8,-108.42,15,-108.45,28,-113.01,23,-113.11,29,-113.63,4000.00,2805.03,1.50,3,26,0.09,NLOS,113.47,0.28,-93.53,-65.75,3.91,55.68,0,19,-99.49,33,-103.00,32,-110.87,20,-111.14,14,-112.41,34,-118.35,7428.90,4100.00,1.50,0,47,0.02,NLOS,135.57,-8.81,-106.53,-78.75,0.51,25.75,0,54,-110.25,53,-110.49,59,-112.60,67,-116.39,60,-116.49,52,-116.85,3000.00,2557.09,1.50,3,13,0.05,NLOS,120.13,-0.80,-99.11,-71.33,3.20,38.58,0,19,-103.84,20,-111.16,14,-114.05,7,-114.89,8,-118.71,15,-118.90
32,3079.83,2900.00,1.50,2,13,0.06,LOS,90.01,2.90,-72.69,-44.91,31.92,56.75,0,19,-108.16,14,-108.67,20,-116.00,9,-116.30,26,-117.61,6,-118.87,3400.00,4785.22,1.50,1,14,0.01,LOS,112.98,-2.96,-89.80,-62.02,14.00,52.93,0,22,-96.32,15,-106.23,21,-108.09,17,-110.02,16,-113.78,36,-116.45,4000.00,2789.56,1.50,3,26,0.09,NLOS,113.62,5.13,-98.53,-70.75,8.82,55.68,0,20,-110.63,19,-112.12,22,-112.73,7,-113.54,45,-114.87,33,-118.43,7436.05,4100.00,1.50,0,53,0.04,NLOS,122.90,-1.55,-101.14,-73.35,0.30,25.75,1,54,-103.19,59,-109.61,47,-110.58,40,-113.24,58,-114.37,60,-114.55,3000.00,2546.37,1.50,3,13,0.05,NLOS,120.49,-0.80,-99.47,-71.69,2.80,38.58,0,19,-103.74,20,-111.33,14,-114.20,7,-114.98,8,-118.79,15,-118.98
33,3064.06,2900.00,1.50,2,13,0.06,LOS,89.20,-3.28,-65.70,-37.92,35.16,56.75,0,20,-103.18,19,-105.83,21,-110.49,7,-113.02,27,-117.83,8,-118.45,3400.00,4799.93,1.50,1,14,0.01,LOS,113.15,-2.96,-89.98,-62.20,14.04,52.93,0,22,-95.35,15,-106.35,21,-108.46,17,-109.88,16,-113.59,36,-116.38,4000.00,2774.09,1.50,3,26,0.09,NLOS,113.83,5.13,-98.75,-70.96,8.66,55.68,0,20,-110.89,19,-111.87,22,-112.85,7,-113.57,45,-114.86,33,-118.53,7443.21,4100.00,1.50,0,53,0.04,NLOS,123.02,-1.55,-101.25,-73.47,0.24,25.75,0,54,-103.28,59,-109.54,47,-110.71,40,-113.30,60,-114.34,58,-114.34,3000.00,2535.66,1.50,3,13,0.05,NLOS,120.85,0.47,-101.10,-73.32,8.41,38.58,0,19,-112.62,6,-116.08,26,-118.42,20,-118.61,27,-119.86,7,-120.80
34,3048.30,2900.00,1.50,2,13,0.07,LOS,88.71,-3.28,-65.22,-37.44,35.92,56.75,0,20,-103.53,19,-106.10,21,-110.56,7,-112.80,27,-117.99,8,-118.35,3400.00,4814.63,1.50,1,14,0.01,LOS,113.33,-3.81,-89.29,-61.51,15.17,52.93,0,22,-97.39,16,-103.09,21,-105.07,29,-109.29,23,-112.67,34,-113.45,4000.00,2758.63,1.50,3,26,0.08,NLOS,114.10,2.74,-96.62,-68.84,7.61,55.68,0,19,-106.16,32,-112.95,20,-112.96,14,-117.70,27,-118.66,33,-119.97,7450.36,4100.00,1.50,0,53,0.04,NLOS,123.14,-1.55,-101.37,-73.59,0.17,25.75,0,54,-103.37,59,-109.48,47,-110.84,40,-113.37,60,-114.12,58,-114.32,3000.00,2524.94,1.50,3,13,0.05,NLOS,121.20,0.47,-101.46,-73.68,8.03,38.58,0,19,-112.53,6,-116.06,26,-118.46,20,-118.78,27,-119.94,7,-120.89
35,3032.54,2900.00,1.50,2,13,0.07,LOS,88.22,3.59,-71.59,-43.81,33.12,56.75,0,20,-107.54,6,-109.87,14,-115.96,19,-118.91,7,-120.49,21,-121.61,3400.00,4829.34,1.50,1,14,0.01,LOS,113.50,-3.81,-89.46,-61.68,15.32,52.93,0,22,-96.34,16,-102.90,21,-105.43,29,-109.15,23,-112.43,34,-113.51,4000.00,2743.16,1.50,3,26,0.08,NLOS,114.41,2.74,-96.94,-69.16,7.17,55.68,0,19,-105.92,32,-112.87,20,-113.22,14,-117.80,27,-118.91,6,-119.98,7457.51,4100.00,1.50,0,53,0.04,NLOS,123.26,-1.55,-101.50,-73.72,0.10,25.75,0,54,-103.47,59,-109.41,47,-110.96,40,-113.44,60,-113.90,58,-114.30,3000.00,2514.23,1.50,3,13,0.05,NLOS,121.56,0.47,-101.81,-74.03,7.67,38.58,0,19,-112.45,6,-116.04,26,-118.49,20,-118.95,27,-120.01,7,-120.98
36,3016.77,2900.00,1.50,2,13,0.08,LOS,87.71,3.59,-71.08,-43.29,33.74,56.75,0,20,-107.89,6,-109.66,14,-115.86,19,-119.18,7,-120.26,8,-121.60,3400.00,4844.04,1.50,1,22,0.14,NLOS,108.32,-3.54,-84.57,-56.78,17.94,52.93,1,14,-98.01,15,-103.67,16,-112.20,28,-113.79,35,-116.45,21,-118.39,4000.00,2727.69,1.50,3,26,0.08,NLOS,114.77,-12.79,-81.76,-53.98,17.82,55.68,0,20,-102.26,19,-104.84,33,-108.62,27,-116.25,13,-116.31,32,-119.93,7464.66,4100.00,1.50,0,61,0.02,NLOS,137.59,-5.14,-112.23,-84.45,-4.50,25.75,1,54,-112.52,62,-112.66,66,-112.78,60,-113.80,47,-114.36,52,-115.61,3000.00,2503.51,1.50,3,13,0.04,NLOS,121.91,3.13,-104.82,-77.03,7.75,38.58,0,27,-111.59,22,-118.42,9,-118.76,20,-118.85,6,-119.26,14,-119.59
37,3001.01,2900.00,1.50,2,13,0.08,LOS,87.16,1.77,-68.72,-40.94,36.65,56.75,0,20,-107.37,19,-112.70,26,-115.43,28,-116.63,14,-116.73,7,-117.79,3400.00,4858.74,1.50,1,22,0.16,NLOS,107.19,-3.54,-83.43,-55.65,19.17,52.93,0,14,-98.18,15,-103.82,16,-112.01,28,-113.87,35,-116.43,21,-118.73,4000.00,2712.22,1.50,3,26,0.08,NLOS,115.16,-12.79,-82.16,-54.38,17.51,55.68,0,20,-102.53,19,-104.60,33,-108.73,13,-116.33,27,-116.50,32,-119.86,7471.82,4100.00,1.50,0,61,0.02,NLOS,137.53,-5.14,-112.17,-84.39,-4.47,25.75,0,54,-112.62,62,-112.64,66,-112.69,60,-113.57,47,-114.48,52,-115.62,3000.00,2507.21,1.50,1,13,0.05,NLOS,121.79,3.13,-104.69,-76.91,7.84,38.58,0,27,-111.56,22,-118.39,9,-118.74,20,-118.79,6,-119.27,14,-119.54
38,2985.25,2900.00,1.50,2,13,0.09,LOS,86.59,1.77,-68.14,-40.36,37.46,56.75,0,20,-107.72,19,-112.97,26,-115.65,14,-116.63,28,-116.71,7,-117.55,3400.00,4873.45,1.50,1,22,0.18,NLOS,106.01,-10.44,-75.35,-47.57,26.87,52.93,0,14,-94.22,16,-107.59,28,-109.21,29,-109.66,15,-111.34,23,-111.36,4000.00,2700.00,1.50,1,26,0.07,NLOS,115.50,-5.13,-90.16,-62.37,12.48,0.00,0,32,-106.32,19,-107.10,27,-110.62,13,-112.24,20,-117.85,34,-118.13,7478.97,4100.00,1.50,0,61,0.02,NLOS,137.47,-5.14,-112.11,-84.33,-4.45,25.75,0,66,-112.60,62,-112.62,54,-112.72,60,-113.34,47,-114.61,52,-115.64,3000.00,2517.92,1.50,1,13,0.05,NLOS,121.44,3.13,-104.34,-76.56,8.13,38.58,0,27,-111.49,22,-118.32,20,-118.62,9,-118.68,6,-119.29,14,-119.40
39,2969.49,2900.00,1.50,2,13,0.10,LOS,85.98,-2.02,-63.74,-35.96,40.42,56.75,0,20,-107.50,19,-109.13,27,-113.69,6,-114.09,28,-115.90,7,-117.18,3400.00,4888.15,1.50,1,22,0.20,NLOS,104.81,-10.44,-74.15,-46.37,28.02,52.93,0,14,-94.39,16,-107.40,28,-109.31,29,-109.52,23,-111.11,15,-111.49,4000.00,2700.00,1.50,1,26,0.07,NLOS,115.50,-5.13,-90.16,-62.37,12.48,0.00,0,32,-106.32,19,-107.10,27,-110.62,13,-112.24,20,-117.85,34,-118.13,7486.12,4100.00,1.50,0,61,0.02,NLOS,137.41,-5.14,-112.05,-84.27,-4.43,25.75,0,66,-112.52,62,-112.61,54,-112.82,60,-113.11,47,-114.73,52,-115.66,3000.00,2528.64,1.50,1,13,0.05,NLOS,121.08,-4.84,-96.02,-68.24,1.34,38.58,0,19,-97.61,7,-111.72,14,-117.00,21,-118.97,32,-121.60,27,-123.02
40,2953.72,2900.00,1.50,2,13,0.11,LOS,85.34,-2.02,-63.10,-35.32,41.26,56.75,0,20,-107.84,19,-109.39,27,-113.84,6,-113.87,28,-115.98,7,-116.94,3397.15,4900.00,1.50,2,22,0.22,NLOS,104.07,4.43,-88.28,-60.50,14.01,52.93,0,14,-92.33,23,-104.06,15,-109.51,28,-112.54,27,-113.79,16,-116.48,4000.00,2700.00,1.50,1,26,0.07,NLOS,115.50,-5.13,-90.16,-62.37,12.48,0.00,0,32,-106.32,19,-107.10,27,-110.62,13,-112.24,20,-117.85,34,-118.13,7493.28,4100.00,1.50,0,60,0.04,NLOS,125.32,-2.92,-102.18,-74.40,5.89,25.75,1,52,-112.04,46,-113.15,53,-113.36,59,-114.15,61,-115.24,54,-116.46,3000.00,2539.35,1.50,1,13,0.05,NLOS,120.73,-4.84,-95.67,-67.89,1.77,38.58,0,19,-97.70,7,-111.63,14,-116.85,21,-118.86,32,-121.61,27,-122.95
41,2937.96,2900.00,1.50,2,13,0.13,LOS,84.66,3.43,-67.87,-40.09,36.16,56.75,0,20,-106.09,14,-109.46,6,-119.88,8,-120.10,26,-120.88,19,-122.32,3382.44,4900.00,1.50,2,22,0.19,NLOS,105.28,4.43,-89.50,-61.71,12.77,52.93,0,14,-92.24,23,-104.09,15,-109.21,28,-112.79,27,-113.88,16,-116.25,4000.00,2700.00,1.50,1,26,0.07,NLOS,115.50,-5.13,-90.16,-62.37,12.48,0.00,0,32,-106.32,19,-107.10,27,-110.62,13,-112.24,20,-117.85,34,-118.13,7500.43,4100.00,1.50,0,60,0.04,NLOS,125.08,-2.92,-101.94,-74.16,6.15,25.75,0,52,-112.06,46,-113.22,53,-113.49,59,-114.08,61,-115.18,54,-116.56,3000.00,2550.07,1.50,1,13,0.05,NLOS,120.37,-4.84,-95.31,-67.53,2.21,38.58,0,19,-97.79,7,-111.55,14,-116.70,21,-118.76,32,-121.61,27,-122.88
42,2922.20,2900.00,1.50,2,13,0.15,LOS,83.93,3.43,-67.14,-39.36,37.06,56.75,0,20,-106.42,14,-109.39,6,-119.66,8,-120.00,26,-121.08,19,-122.59,3367.74,4900.00,1.50,2,22,0.17,NLOS,106.47,3.61,-89.86,-62.08,10.90,52.93,0,14,-90.67,28,-105.13,23,-107.51,15,-108.30,16,-109.45,29,-112.92,4000.00,2700.00,1.50,1,26,0.07,NLOS,115.50,-5.13,-90.16,-62.37,12.48,0.00,0,32,-106.32,19,-107.10,27,-110.62,13,-112.24,20,-117.85,34,-118.13,7507.58,4100.00,1.50,0,60,0.04,NLOS,124.84,-2.92,-101.70,-73.91,6.41,25.75,0,52,-112.08,46,-113.29,53,-113.63,59,-114.02,61,-115.12,54,-116.67,3000.00,2560.79,1.50,1,13,0.05,NLOS,120.01,2.35,-102.13,-74.35,4.82,38.58,0,19,-108.37,0,-115.88,6,-116.36,20,-117.79,26,-119.62,14,-121.74
43,2906.43,2900.00,1.50,2,13,0.17,LOS,83.15,-4.26,-58.67,-30.89,48.24,56.75,0,19,-109.00,14,-116.80,7,-117.36,6,-118.23,20,-120.13,8,-120.84,3353.03,4900.00,1.50,2,22,0.15,NLOS,107.63,3.61,-91.02,-63.24,9.76,52.93,0,14,-90.58,28,-105.38,23,-107.54,15,-107.99,16,-109.22,29,-113.13,4000.00,2700.00,1.50,1,26,0.07,NLOS,115.50,-5.13,-90.16,-62.37,12.48,0.00,0,32,-106.32,19,-107.10,27,-110.62,13,-112.24,20,-117.85,34,-118.13,7514.74,4100.00,1.50,0,60,0.04,NLOS,124.59,-2.92,-101.45,-73.67,6.67,25.75,0,52,-112.10,46,-113.36,53,-113.77,59,-113.96,61,-115.07,54,-116.78,3000.00,2571.50,1.50,1,13,0.05,NLOS,119.65,2.35,-101.77,-73.99,5.24,38.58,0,19,-108.48,0,-115.86,6,-116.39,20,-117.62,26,-119.59,14,-121.59
44,2890.67,2900.00,1.50,2,13,0.19,LOS,82.32,-4.26,-57.84,-30.06,49.20,56.75,0,19,-109.27,14,-116.74,7,-117.11,6,-118.00,20,-120.45,8,-120.74,3338.33,4900.00,1.50,2,22,0.14,NLOS,108.75,-3.95,-84.58,-56.80,16.78,52.93,0,14,-91.05,21,-103.01,15,-109.26,28,-111.35,20,-112.60,30,-113.70,4000.00,2700.00,1.50,1,26,0.07,NLOS,115.50,-5.13,-90.16,-62.37,12.48,0.00,0,32,-106.32,19,-107.10,27,-110.62,13,-112.24,20,-117.85,34,-118.13,7521.89,4100.00,1.50,0,60,0.04,NLOS,124.34,0.58,-104.70,-76.92,-0.43,25.75,0,53,-108.22,47,-109.14,67,-110.68,54,-111.46,59,-115.24,61,-116.29,3000.00,2582.22,1.50,1,13,0.05,NLOS,119.28,2.35,-101.41,-73.63,5.66,38.58,0,19,-108.59,0,-115.85,6,-116.42,20,-117.45,26,-119.56,14,-121.44
45,2874.91,2900.00,1.50,2,13,0.22,LOS,81.42,-1.91,-59.30,-31.52,42.43,56.75,0,19,-102.73,14,-111.12,20,-115.26,6,-118.38,21,-119.02,15,-119.13,3323.63,4900.00,1.50,2,22,0.13,NLOS,109.83,-3.95,-85.66,-57.88,15.71,52.93,0,14,-90.97,21,-103.08,15,-108.93,28,-111.59,20,-112.61,30,-113.78,4000.00,2700.00,1.50,1,26,0.07,NLOS,115.50,-5.13,-90.16,-62.37,12.48,0.00,0,32,-106.32,19,-107.10,27,-110.62,13,-112.24,20,-117.85,34,-118.13,7529.04,4100.00,1.50,0,60,0.04,NLOS,124.09,0.58,-104.45,-76.67,-0.13,25.75,0,53,-108.36,47,-109.26,67,-110.59,54,-111.58,59,-115.18,61,-116.23,3000.00,2592.93,1.50,1,13,0.06,NLOS,118.92,-7.89,-90.81,-63.03,15.14,38.58,0,19,-106.68,6,-117.84,20,-118.94,21,-119.51,1,-120.89,27,-122.23
46,2859.15,2900.00,1.50,2,13,0.26,LOS,80.47,-1.91,-58.34,-30.56,43.58,56.75,0,19,-102.99,14,-111.07,20,-115.58,6,-118.14,21,-119.11,7,-119.11,3308.92,4900.00,1.50,2,22,0.11,NLOS,110.86,3.11,-93.76,-65.98,10.71,52.93,0,14,-101.35,21,-109.02,16,-111.39,28,-112.62,15,-112.69,23,-113.67,4000.00,2700.00,1.50,1,26,0.07,NLOS,115.50,-5.13,-90.16,-62.37,12.48,0.00,0,32,-106.32,19,-107.10,27,-110.62,13,-112.24,20,-117.85,34,-118.13,7536.20,4100.00,1.50,0,60,0.04,NLOS,123.83,0.58,-104.19,-76.41,0.17,25.75,0,53,-108.50,47,-109.38,67,-110.51,54,-111.69,59,-115.11,61,-116.18,3000.00,2603.65,1.50,1,13,0.06,NLOS,118.56,-7.89,-90.45,-62.67,15.60,38.58,0,19,-106.80,6,-117.88,20,-118.77,21,-119.40,1,-120.85,27,-122.16
47,2843.38,2900.00,1.50,2,13,0.30,LOS,79.46,3.02,-62.25,-34.47,34.66,56.75,0,19,-97.60,14,-109.83,20,-110.44,6,-112.82,7,-115.08,26,-117.84,3294.22,4900.00,1.50,2,22,0.10,NLOS,111.86,3.11,-94.75,-66.97,9.69,52.93,0,14,-101.27,21,-109.10,16,-111.15,15,-112.36,28,-112.86,23,-113.72,4000.00,2700.00,1.50,1,26,0.07,NLOS,115.50,-5.13,-90.16,-62.37,12.48,0.00,0,32,-106.32,19,-107.10,27,-110.62,13,-112.24,20,-117.85,34,-118.13,7543.35,4100.00,1.50,0,60,0.04,NLOS,123.57,0.58,-103.93,-76.15,0.48,25.75,0,53,-108.65,47,-109.50,67,-110.42,54,-111.81,59,-115.05,61,-116.12,3000.00,2614.37,1.50,1,13,0.06,NLOS,118.20,-7.89,-90.09,-62.31,16.05,38.58,0,19,-106.93,6,-117.91,20,-118.59,21,-119.29,1,-120.80,27,-122.09
48,2827.62,2900.00,1.50,2,13,0.34,LOS,78.39,3.02,-61.19,-33.41,35.94,56.75,0,19,-97.86,14,-109.79,20,-110.75,6,-112.58,7,-114.81,26,-118.03,3279.51,4900.00,1.50,2,14,0.01,LOS,113.61,4.62,-98.01,-70.23,5.61,52.93,1,22,-101.02,21,-104.95,16,-108.85,15,-110.81,23,-113.99,28,-114.47,4000.00,2707.73,1.50,1,26,0.08,NLOS,115.29,-5.13,-89.94,-62.16,12.72,27.84,0,32,-106.36,19,-107.21,27,-110.50,13,-112.23,20,-117.72,34,-118.07,7550.50,4100.00,1.50,0,53,0.04,NLOS,125.04,0.42,-105.24,-77.46,-0.87,25.75,1,54,-107.27,59,-110.59,45,-112.50,60,-114.07,47,-115.09,61,-115.93,3000.00,2625.08,1.50,1,13,0.06,NLOS,117.84,-9.24,-88.39,-60.61,17.34,38.58,0,19,-106.41,20,-115.56,15,-115.93,27,-117.75,26,-119.95,0,-121.03
49,2811.86,2900.00,1.50,2,13,0.39,LOS,77.31,-5.90,-51.18,-23.40,53.69,56.75,0,19,-106.18,0,-112.97,33,-115.07,6,-115.79,20,-116.35,7,-116.78,3264.81,4900.00,1.50,2,14,0.01,LOS,113.53,4.62,-97.93,-70.15,5.68,52.93,0,22,-101.93,21,-105.04,16,-108.62,15,-110.47,23,-114.05,28,-114.70,4000.00,2723.20,1.50,1,26,0.08,NLOS,114.88,-5.13,-89.54,-61.75,13.19,55.68,0,32,-106.43,19,-107.45,27,-110.25,13,-112.21,20,-117.46,34,-117.95,7557.66,4100.00,1.50,0,53,0.04,NLOS,125.19,0.42,-105.39,-77.61,-0.99,25.75,0,54,-107.39,59,-110.53,45,-112.54,60,-113.80,47,-115.21,61,-115.88,3000.00,2635.80,1.50,1,13,0.06,NLOS,117.49,-9.24,-88.03,-60.25,17.79,38.58,0,19,-106.54,20,-115.38,15,-115.83,27,-117.68,26,-119.92,0,-121.02
50,2796.09,2900.00,1.50,2,13,0.44,LOS,76.25,-5.90,-50.13,-22.35,54.91,56.75,0,19,-106.43,0,-112.80,33,-115.19,6,-115.55,7,-116.51,20,-116.65,3250.11,4900.00,1.50,2,14,0.01,LOS,113.46,-5.24,-87.99,-60.21,2.84,52.93,0,15,-90.98,22,-102.44,21,-107.18,8,-110.86,28,-112.91,29,-114.32,4000.00,2738.67,1.50,1,26,0.08,NLOS,114.51,-1.56,-92.73,-64.95,8.38,55.68,0,27,-104.95,19,-106.90,32,-108.32,20,-112.05,33,-114.63,13,-117.66,7564.81,4100.00,1.50,0,53,0.04,NLOS,125.33,0.42,-105.54,-77.75,-1.11,25.75,0,54,-107.51,59,-110.47,45,-112.57,60,-113.53,47,-115.32,61,-115.83,3000.00,2646.51,1.50,1,13,0.06,NLOS,117.14,-9.24,-87.68,-59.90,18.24,38.58,0,19,-106.69,20,-115.20,15,-115.74,27,-117.61,26,-119.90,0,-121.00
51,2780.33,2900.00,1.50,2,13,0.49,LOS,75.34,-0.08,-55.04,-27.26,50.49,56.75,0,19,-110.11,7,-111.73,20,-112.71,14,-113.46,6,-119.76,35,-123.45,3235.40,4900.00,1.50,2,14,0.01,LOS,113.38,-5.24,-87.92,-60.14,2.58,52.93,0,15,-90.63,22,-103.28,21,-107.28,8,-110.72,28,-113.13,29,-114.51,4000.00,2754.14,1.50,1,26,0.08,NLOS,114.18,-1.56,-92.41,-64.63,8.65,55.68,0,27,-104.69,19,-107.14,32,-108.40,20,-111.78,33,-114.53,13,-117.64,7571.96,4100.00,1.50,0,53,0.04,NLOS,125.48,0.42,-105.68,-77.90,-1.24,25.75,0,54,-107.63,59,-110.41,45,-112.60,60,-113.25,47,-115.43,61,-115.77,3000.00,2657.23,1.50,1,13,0.07,NLOS,116.79,4.18,-100.75,-72.97,0.99,38.58,0,19,-102.17,21,-116.26,7,-116.61,20,-117.09,0,-118.31,14,-118.90
52,2764.57,2900.00,1.50,2,13,0.52,LOS,74.71,-0.08,-54.40,-26.62,51.18,56.75,0,19,-110.36,7,-111.45,20,-113.00,14,-113.45,6,-119.52,35,-123.51,3220.70,4900.00,1.50,2,22,0.07,NLOS,116.23,-10.44,-85.57,-57.79,13.42,52.93,1,14,-96.14,16,-100.60,21,-106.93,29,-109.95,8,-110.63,15,-111.65,4000.00,2769.61,1.50,1,26,0.09,NLOS,113.90,-1.59,-92.10,-64.32,12.36,55.68,0,20,-109.22,19,-109.68,21,-113.27,32,-113.38,13,-114.36,27,-115.12,7579.11,4100.00,1.50,0,60,0.04,NLOS,122.19,-10.99,-90.99,-63.21,14.45,25.75,1,53,-108.51,47,-108.57,46,-109.96,54,-110.36,61,-114.95,40,-116.17,3000.00,2667.95,1.50,1,13,0.07,NLOS,116.45,4.18,-100.42,-72.63,1.45,38.58,0,19,-102.32,21,-116.15,7,-116.53,20,-116.91,0,-118.30,14,-118.74
53,2748.81,2900.00,1.50,2,13,0.53,LOS,74.50,-0.04,-54.24,-26.46,47.43,56.75,0,20,-104.85,14,-105.49,21,-113.21,0,-115.41,6,-115.46,19,-115.98,3206.00,4900.00,1.50,2,22,0.06,NLOS,117.00,-10.44,-86.34,-58.56,12.50,52.93,0,14,-96.07,16,-100.37,21,-107.04,29,-110.14,8,-110.48,15,-111.30,4000.00,2785.07,1.50,1,26,0.09,NLOS,113.67,-1.59,-91.87,-64.09,12.54,55.68,0,20,-108.96,19,-109.93,21,-113.10,32,-113.47,13,-114.35,27,-114.86,7586.27,4100.00,1.50,0,60,0.04,NLOS,121.91,-10.99,-90.70,-62.92,14.84,25.75,0,53,-108.65,47,-108.68,46,-110.03,54,-110.48,61,-114.90,40,-116.23,3000.00,2678.66,1.50,1,13,0.07,NLOS,116.12,4.18,-100.09,-72.30,1.91,38.58,0,19,-102.48,21,-116.04,7,-116.45,20,-116.73,0,-118.29,14,-118.57
54,2733.04,2900.00,1.50,2,13,0.52,LOS,74.78,-0.04,-54.52,-26.74,47.28,56.75,0,20,-105.13,14,-105.50,21,-113.31,6,-115.21,0,-115.23,19,-116.22,3200.00,4908.71,1.50,1,14,0.01,LOS,113.32,-0.85,-92.25,-64.47,11.78,52.93,1,22,-95.53,15,-104.36,16,-108.25,28,-112.07,29,-114.66,23,-114.88,4000.00,2800.54,1.50,1,26,0.09,NLOS,113.50,-6.14,-87.15,-59.37,19.67,55.68,0,27,-109.11,20,-115.63,19,-116.23,28,-116.93,32,-117.75,33,-119.53,7593.42,4100.00,1.50,0,60,0.05,NLOS,121.61,-10.99,-90.41,-62.63,15.24,25.75,0,47,-108.80,53,-108.80,46,-110.10,54,-110.60,61,-114.85,40,-116.29,3000.00,2689.38,1.50,1,13,0.07,NLOS,115.81,-1.13,-94.46,-66.68,14.89,38.58,0,19,-112.67,6,-116.10,14,-117.70,20,-121.11,7,-122.25,21,-122.51
55,2717.28,2900.00,1.50,2,13,0.48,LOS,75.46,0.59,-55.84,-28.06,47.97,56.75,0,19,-108.10,6,-108.78,7,-109.64,20,-120.38,26,-120.47,0,-122.30,3200.00,4923.41,1.50,1,14,0.01,LOS,113.50,-0.85,-92.43,-64.65,11.85,52.93,0,22,-95.31,15,-104.63,16,-107.98,28,-112.14,29,-114.57,23,-114.64,4000.00,2816.01,1.50,1,26,0.09,NLOS,113.39,-6.14,-87.04,-59.26,19.61,55.68,0,27,-108.83,20,-115.36,19,-116.49,28,-116.78,32,-117.84,33,-119.44,7600.00,4099.43,1.50,3,60,0.05,NLOS,121.34,-10.99,-90.14,-62.36,15.60,25.75,0,47,-108.90,53,-108.93,46,-110.16,54,-110.73,61,-114.81,40,-116.35,3000.00,2700.00,1.50,0,13,0.07,NLOS,115.50,-1.13,-94.15,-66.37,15.23,0.00,0,19,-112.83,6,-116.15,14,-117.53,20,-120.94,7,-122.17,21,-122.39
56,2701.52,2900.00,1.50,2,13,0.44,LOS,76.41,0.59,-56.78,-29.00,46.96,56.75,0,19,-108.34,6,-108.53,7,-109.34,26,-120.65,20,-120.65,0,-122.11,3200.00,4938.12,1.50,1,14,0.01,LOS,113.69,-1.04,-92.43,-64.65,6.88,52.93,0,16,-99.65,21,-101.50,15,-103.42,22,-109.15,23,-112.61,28,-112.90,4000.00,2831.48,1.50,1,26,0.09,NLOS,113.35,-8.31,-84.82,-57.04,17.94,55.68,0,19,-105.05,20,-108.55,32,-115.25,27,-115.69,6,-116.26,13,-117.21,7600.00,4092.27,1.50,3,54,0.03,NLOS,127.85,-8.23,-99.41,-71.63,4.09,25.75,1,53,-106.10,60,-107.71,67,-111.73,65,-111.76,59,-115.04,46,-117.42,3000.00,2700.00,1.50,0,13,0.07,NLOS,115.50,-1.13,-94.15,-66.37,15.23,0.00,0,19,-112.83,6,-116.15,14,-117.53,20,-120.94,7,-122.17,21,-122.39
57,2685.75,2900.00,1.50,2,13,0.38,LOS,77.47,-4.33,-52.92,-25.14,48.88,56.75,0,20,-104.25,7,-109.70,19,-110.80,6,-113.18,14,-114.16,33,-117.73,3200.00,4952.82,1.50,1,14,0.01,LOS,113.87,-1.04,-92.61,-64.83,6.97,52.93,0,16,-99.37,21,-101.77,15,-103.69,22,-109.01,23,-112.37,28,-112.98,4000.00,2846.94,1.50,1,26,0.09,NLOS,113.37,-8.31,-84.84,-57.06,17.98,55.68,0,19,-105.31,20,-108.29,32,-115.35,27,-115.41,6,-116.29,13,-117.22,7600.00,4085.12,1.50,3,54,0.03,NLOS,128.02,-8.23,-99.57,-71.79,3.85,25.75,0,53,-105.93,60,-107.75,65,-111.71,67,-111.77,59,-114.93,46,-117.37,3000.00,2700.00,1.50,0,13,0.07,NLOS,115.50,-1.13,-94.15,-66.37,15.23,0.00,0,19,-112.83,6,-116.15,14,-117.53,20,-120.94,7,-122.17,21,-122.39
58,2669.99,2900.00,1.50,2,13,0.34,LOS,78.56,-4.33,-54.00,-26.22,47.91,56.75,0,20,-104.52,7,-109.39,19,-111.03,6,-112.92,14,-114.19,33,-117.85,3200.00,4967.52,1.50,1,22,0.07,NLOS,116.52,-7.88,-88.42,-60.63,14.51,52.93,1,14,-93.13,23,-107.36,16,-107.40,21,-111.78,9,-113.01,17,-114.10,4000.00,2862.41,1.50,1,26,0.09,NLOS,113.45,0.30,-93.53,-65.75,7.18,55.68,0,20,-101.57,21,-112.24,19,-113.64,27,-114.84,33,-120.46,41,-120.58,7600.00,4077.97,1.50,3,54,0.03,NLOS,128.18,-8.23,-99.74,-71.96,3.60,25.75,0,53,-105.76,60,-107.78,65,-111.65,67,-111.81,59,-114.81,46,-117.31,3000.00,2700.00,1.50,0,13,0.07,NLOS,115.50,-1.13,-94.15,-66.37,15.23,0.00,0,19,-112.83,6,-116.15,14,-117.53,20,-120.94,7,-122.17,21,-122.39
59,2654.23,2900.00,1.50,2,13,0.29,LOS,79.61,4.18,-63.58,-35.80,42.02,56.75,0,19,-109.84,7,-110.52,6,-114.39,0,-116.16,20,-116.76,2,-117.50,3200.00,4982.23,1.50,1,22,0.07,NLOS,116.45,-7.88,-88.35,-60.57,14.44,52.93,0,14,-93.31,23,-107.11,16,-107.12,21,-112.04,9,-113.01,17,-113.93,4000.00,2877.88,1.50,1,26,0.09,NLOS,113.59,0.30,-93.67,-65.89,6.81,55.68,0,20,-101.32,21,-112.06,19,-113.90,27,-114.55,33,-120.37,41,-120.50,7600.00,4070.81,1.50,3,54,0.03,NLOS,128.35,-8.23,-99.90,-72.12,3.36,25.75,0,53,-105.58,60,-107.83,65,-111.60,67,-111.85,59,-114.68,46,-117.26,3000.00,2700.00,1.50,0,13,0.07,NLOS,115.50,-1.13,-94.15,-66.37,15.23,0.00,0,19,-112.83,6,-116.15,14,-117.53,20,-120.94,7,-122.17,21,-122.39
60,2638.47,2900.00,1.50,2,13,0.25,LOS,80.62,4.18,-64.58,-36.80,40.98,56.75,0,19,-110.08,7,-110.21,6,-114.13,0,-115.97,20,-117.02,2,-117.42,3200.00,4996.93,1.50,1,22,0.07,NLOS,116.42,-1.07,-95.13,-67.35,6.82,52.93,0,14,-98.07,29,-106.74,23,-107.33,28,-110.72,15,-111.78,16,-112.31,4000.00,2893.35,1.50,1,26,0.09,NLOS,113.79,4.14,-97.72,-69.93,4.63,55.68,0,19,-104.67,20,-106.71,14,-116.68,39,-117.54,28,-119.64,33,-119.96,7600.00,4063.66,1.50,3,54,0.03,NLOS,128.51,-3.99,-104.30,-76.51,-2.12,25.75,0,59,-102.67,53,-103.04,60,-111.16,68,-113.44,41,-117.66,48,-118.58,3000.00,2700.00,1.50,0,13,0.07,NLOS,115.50,-1.13,-94.15,-66.37,15.23,0.00,0,19,-112.83,6,-116.15,14,-117.53,20,-120.94,7,-122.17,21,-122.39
61,2622.70,2900.00,1.50,2,13,0.22,LOS,81.56,-6.13,-55.21,-27.43,49.73,56.75,0,7,-109.46,14,-109.69,6,-111.28,8,-118.79,27,-119.36,0,-120.94,3200.00,5011.63,1.50,1,22,0.07,NLOS,116.43,-1.07,-95.14,-67.36,6.73,52.93,0,14,-98.24,29,-106.65,23,-107.08,28,-110.80,16,-112.03,15,-112.06,4008.82,2900.00,1.50,0,26,0.09,NLOS,113.33,4.14,-97.26,-69.47,5.27,55.68,0,19,-104.94,20,-106.80,14,-116.72,39,-117.46,28,-119.56,33,-119.79,7600.00,4056.51,1.50,3,54,0.03,NLOS,128.67,-3.99,-104.46,-76.68,-2.41,25.75,0,59,-102.55,53,-102.87,60,-111.21,68,-113.49,41,-117.68,48,-118.64,3000.00,2700.00,1.50,0,13,0.07,NLOS,115.50,-1.13,-94.15,-66.37,15.23,0.00,0,19,-112.83,6,-116.15,14,-117.53,20,-120.94,7,-122.17,21,-122.39
62,2606.94,2900.00,1.50,2,13,0.19,LOS,82.45,-6.13,-56.09,-28.31,48.69,56.75,0,7,-109.14,14,-109.74,6,-111.02,8,-118.70,27,-119.50,0,-120.74,3200.00,5026.34,1.50,1,22,0.07,NLOS,116.48,-5.95,-90.32,-62.53,6.87,52.93,0,14,-97.55,15,-97.77,16,-109.59,21,-110.89,9,-116.20,28,-116.32,4024.28,2900.00,1.50,0,26,0.10,NLOS,112.30,-4.00,-88.08,-60.30,11.63,55.68,0,20,-101.54,19,-105.72,27,-114.07,32,-115.79,33,-116.98,6,-120.11,7600.00,4049.35,1.50,3,54,0.03,NLOS,128.83,-3.99,-104.62,-76.84,-2.71,25.75,0,59,-102.43,53,-102.69,60,-111.27,68,-113.54,41,-117.69,48,-118.69,3000.00,2700.00,1.50,0,13,0.07,NLOS,115.50,-1.13,-94.15,-66.37,15.23,0.00,0,19,-112.83,6,-116.15,14,-117.53,20,-120.94,7,-122.17,21,-122.39
63,2591.18,2900.00,1.50,2,13,0.16,LOS,83.27,1.29,-64.34,-36.56,42.44,56.75,0,19,-112.78,14,-112.96,6,-113.48,7,-115.33,8,-116.56,15,-116.65,3200.00,5041.04,1.50,1,22,0.07,NLOS,116.57,-5.95,-90.41,-62.63,7.01,52.93,0,14,-97.72,15,-98.05,16,-109.32,21,-111.14,9,-116.21,28,-116.41,4039.75,2900.00,1.50,0,26,0.11,NLOS,111.21,-4.00,-86.99,-59.21,12.99,55.68,0,20,-101.87,19,-105.98,27,-113.99,32,-115.57,33,-116.74,6,-120.23,7600.00,4042.20,1.50,3,54,0.03,NLOS,128.99,-3.99,-104.78,-77.00,-3.01,25.75,0,59,-102.30,53,-102.52,60,-111.33,68,-113.60,41,-117.71,48,-118.75,3000.00,2700.00,1.50,0,13,0.07,NLOS,115.50,-1.13,-94.15,-66.37,15.23,0.00,0,19,-112.83,6,-116.15,14,-117.53,20,-120.94,7,-122.17,21,-122.39
64,2575.41,2900.00,1.50,2,13,0.14,LOS,84.04,1.29,-65.11,-37.33,41.63,56.75,0,19,-113.01,14,-113.03,6,-113.22,7,-115.00,8,-116.48,15,-116.66,3200.00,5055.75,1.50,1,22,0.07,NLOS,116.70,-5.59,-90.90,-63.12,6.68,52.93,0,14,-96.96,15,-99.14,23,-106.59,16,-108.45,21,-109.21,9,-115.32,4055.22,2900.00,1.50,0,26,0.12,NLOS,110.04,-7.09,-82.74,-54.95,20.16,55.68,0,20,-107.08,19,-107.46,33,-111.67,32,-113.31,13,-114.08,15,-115.29,7600.00,4035.05,1.50,3,53,0.04,NLOS,124.50,-8.70,-95.58,-67.80,1.75,25.75,1,54,-101.08,52,-102.37,60,-104.25,47,-111.76,59,-114.89,61,-115.30,3000.00,2700.00,1.50,0,13,0.07,NLOS,115.50,-1.13,-94.15,-66.37,15.23,0.00,0,19,-112.83,6,-116.15,14,-117.53,20,-120.94,7,-122.17,21,-122.39
65,2559.65,2900.00,1.50,2,13,0.13,LOS,84.76,4.25,-68.79,-41.01,39.04,56.75,0,14,-113.57,7,-114.31,6,-114.73,19,-116.81,0,-118.46,8,-118.73,3200.00,5070.45,1.50,1,22,0.07,NLOS,116.87,-5.59,-91.07,-63.28,6.66,52.93,0,14,-97.13,15,-99.42,23,-106.32,16,-108.18,21,-109.46,9,-115.33,4070.69,2900.00,1.50,0,26,0.14,NLOS,108.81,-7.09,-81.50,-53.72,21.55,55.68,0,20,-107.40,19,-107.72,33,-111.43,32,-113.09,13,-114.28,15,-115.37,7600.00,4027.90,1.50,3,53,0.04,NLOS,124.33,-8.70,-95.40,-67.62,1.98,25.75,0,54,-101.23,52,-102.28,60,-104.32,47,-111.77,59,-114.76,61,-115.41,3005.36,2700.00,1.50,0,13,0.07,NLOS,115.78,-1.13,-94.43,-66.65,14.91,19.29,0,19,-112.70,6,-116.23,14,-117.55,20,-120.86,7,-122.24,21,-122.38
66,2543.89,2900.00,1.50,2,13,0.11,LOS,85.44,4.25,-69.47,-41.69,38.29,56.75,0,14,-113.65,7,-113.97,6,-114.46,19,-117.03,0,-118.26,8,-118.64,3200.00,5085.15,1.50,1,15,0.03,NLOS,130.42,-13.59,-96.61,-68.83,0.98,52.93,1,14,-100.30,22,-102.00,16,-109.24,23,-112.07,9,-114.15,30,-117.39,4086.15,2900.00,1.50,0,26,0.16,NLOS,107.49,-7.03,-80.24,-52.46,25.10,55.68,0,20,-109.57,27,-111.05,33,-113.29,19,-116.16,32,-117.42,14,-119.00,7600.00,4020.74,1.50,3,53,0.04,NLOS,124.15,-8.70,-95.23,-67.45,2.20,25.75,0,54,-101.39,52,-102.19,60,-104.40,47,-111.78,59,-114.64,61,-115.51,3016.07,2700.00,1.50,0,20,0.02,NLOS,131.84,-8.52,-103.10,-75.32,3.63,38.58,1,13,-108.66,6,-113.39,19,-115.50,15,-117.38,21,-118.51,26,-119.24
67,2528.13,2900.00,1.50,2,13,0.10,LOS,86.08,-1.03,-64.83,-37.05,35.67,56.75,0,7,-100.79,20,-115.35,19,-120.15,6,-120.23,14,-123.57,9,-124.75,3200.00,5099.86,1.50,1,15,0.03,NLOS,130.69,-13.59,-96.88,-69.10,0.86,52.93,0,14,-100.47,22,-102.23,16,-108.97,23,-111.79,9,-114.17,30,-117.27,4101.62,2900.00,1.50,0,26,0.18,NLOS,106.09,-7.03,-78.84,-51.06,26.58,55.68,0,20,-109.89,27,-110.99,33,-113.04,19,-116.42,32,-117.20,14,-119.15,7600.00,4013.59,1.50,3,53,0.04,NLOS,123.98,-8.70,-95.06,-67.28,2.41,25.75,0,54,-101.55,52,-102.09,60,-104.48,47,-111.79,59,-114.51,61,-115.62,3026.79,2700.00,1.50,0,20,0.02,NLOS,131.68,-8.52,-102.94,-75.16,4.06,38.58,0,13,-109.20,6,-113.56,19,-115.23,15,-117.40,21,-118.48,26,-119.09
68,2512.36,2900.00,1.50,2,13,0.09,LOS,86.68,-1.03,-65.43,-37.65,34.75,56.75,0,7,-100.45,20,-115.59,6,-119.96,19,-120.36,14,-123.65,9,-124.72,3200.00,5100.00,1.50,3,15,0.03,NLOS,130.70,-13.59,-96.88,-69.10,0.86,0.00,0,14,-100.47,22,-102.23,16,-108.97,23,-111.79,9,-114.17,30,-117.27,4117.09,2900.00,1.50,0,26,0.21,NLOS,104.58,3.92,-88.29,-60.51,16.38,55.68,0,32,-109.12,27,-109.56,19,-111.18,20,-117.67,34,-119.49,39,-119.85,7600.00,4006.44,1.50,3,60,0.04,NLOS,122.10,-9.81,-92.07,-64.29,6.20,25.75,1,53,-98.75,54,-111.44,47,-113.02,59,-113.75,61,-115.41,55,-116.59,3037.51,2700.00,1.50,0,20,0.02,NLOS,131.52,-8.52,-102.79,-75.00,4.47,38.58,0,13,-109.72,6,-113.72,19,-114.95,15,-117.41,21,-118.44,26,-118.94
69,2496.60,2900.00,1.50,2,13,0.08,LOS,87.25,-8.42,-58.61,-30.83,45.25,56.75,0,14,-106.34,0,-109.36,7,-110.65,6,-113.71,15,-114.92,20,-115.14,3200.00,5100.00,1.50,3,15,0.03,NLOS,130.70,-13.59,-96.88,-69.10,0.86,0.00,0,14,-100.47,22,-102.23,16,-108.97,23,-111.79,9,-114.17,30,-117.27,4132.56,2900.00,1.50,0,26,0.24,NLOS,102.98,3.92,-86.68,-58.90,17.95,55.68,0,32,-108.89,27,-109.51,19,-111.44,20,-117.99,34,-119.39,39,-119.69,7600.00,3999.28,1.50,3,60,0.04,NLOS,122.19,-9.81,-92.16,-64.38,5.96,25.75,0,53,-98.58,54,-111.59,47,-113.03,59,-113.62,61,-115.51,55,-116.67,3048.22,2700.00,1.50,0,13,0.06,NLOS,117.89,-0.16,-97.52,-69.73,-0.79,38.58,1,19,-98.31,6,-105.60,20,-106.87,14,-109.96,7,-112.22,21,-113.91
70,2480.84,2900.00,1.50,2,13,0.08,LOS,87.79,-8.42,-59.15,-31.37,44.69,56.75,0,14,-106.44,0,-109.14,7,-110.30,6,-113.44,15,-114.95,20,-115.37,3200.00,5100.00,1.50,3,15,0.03,NLOS,130.70,-13.59,-96.88,-69.10,0.86,0.00,0,14,-100.47,22,-102.23,16,-108.97,23,-111.79,9,-114.17,30,-117.27,4148.03,2900.00,1.50,0,26,0.27,NLOS,101.27,-11.95,-69.10,-41.32,39.09,55.68,0,32,-113.44,27,-113.63,19,-114.02,39,-115.13,15,-117.38,34,-117.57,7600.00,3992.13,1.50,3,60,0.04,NLOS,122.28,-9.81,-92.25,-64.47,5.72,25.75,0,53,-98.41,54,-111.75,47,-113.05,59,-113.50,61,-115.61,55,-116.75,3058.94,2700.00,1.50,0,13,0.06,NLOS,118.39,-0.16,-98.01,-70.23,-1.47,38.58,0,19,-98.03,6,-105.76,20,-106.72,14,-110.01,7,-112.36,21,-113.87
71,2465.07,2900.00,1.50,2,13,0.07,LOS,88.30,-1.98,-66.10,-38.32,39.18,56.75,0,6,-109.05,7,-112.36,14,-112.59,8,-113.28,21,-117.21,20,-123.22,3200.00,5100.00,1.50,3,15,0.03,NLOS,130.70,-13.59,-96.88,-69.10,0.86,0.00,0,14,-100.47,22,-102.23,16,-108.97,23,-111.79,9,-114.17,30,-117.27,4163.49,2900.00,1.50,0,26,0.32,NLOS,99.46,-11.95,-67.29,-39.51,40.91,55.68,0,32,-113.21,27,-113.59,19,-114.28,39,-114.96,15,-117.46,34,-117.47,7600.00,3984.98,1.50,3,60,0.04,NLOS,122.38,-9.81,-92.35,-64.57,5.48,25.75,0,53,-98.24,54,-111.90,47,-113.06,59,-113.37,61,-115.72,55,-116.83,3069.65,2700.00,1.50,0,13,0.06,NLOS,118.87,-0.16,-98.50,-70.72,-2.15,38.58,0,19,-97.74,6,-105.92,20,-106.56,14,-110.06,7,-112.49,21,-113.84
72,2449.31,2900.00,1.50,2,13,0.07,LOS,88.79,-1.98,-66.59,-38.81,38.52,56.75,0,6,-108.78,7,-112.01,14,-112.70,8,-113.21,21,-117.32,20,-123.45,3200.00,5100.00,1.50,3,15,0.03,NLOS,130.70,-13.59,-96.88,-69.10,0.86,0.00,0,14,-100.47,22,-102.23,16,-108.97,23,-111.79,9,-114.17,30,-117.27,4178.96,2900.00,1.50,0,26,0.36,NLOS,97.58,4.01,-81.36,-53.58,22.03,55.68,0,20,-107.04,27,-109.60,32,-109.84,40,-117.39,19,-117.55,14,-117.94,7600.00,3977.82,1.50,3,60,0.04,NLOS,122.48,-5.34,-96.92,-69.14,2.42,25.75,0,53,-100.50,59,-108.07,54,-110.38,47,-114.49,46,-116.65,52,-117.74,3080.37,2700.00,1.50,0,13,0.05,NLOS,119.35,1.54,-100.67,-72.88,0.36,38.58,0,20,-105.68,19,-105.90,14,-109.19,7,-109.35,6,-117.21,27,-118.94
73,2433.55,2900.00,1.50,2,13,0.06,LOS,89.32,-2.38,-66.73,-38.94,32.25,56.75,0,7,-100.72,6,-106.27,20,-108.77,27,-114.68,14,-116.44,19,-118.46,3200.00,5100.00,1.50,3,15,0.03,NLOS,130.70,-13.59,-96.88,-69.10,0.86,0.00,0,14,-100.47,22,-102.23,16,-108.97,23,-111.79,9,-114.17,30,-117.27,4194.43,2900.00,1.50,0,26,0.41,NLOS,95.69,4.01,-79.48,-51.70,23.98,55.68,0,20,-107.34,27,-109.58,32,-109.61,40,-117.26,19,-117.80,14,-118.08,7600.00,3970.67,1.50,3,60,0.04,NLOS,122.58,-5.34,-97.02,-69.24,2.18,25.75,0,53,-100.33,59,-107.94,54,-110.53,47,-114.50,46,-116.60,52,-117.64,3091.09,2700.00,1.50,0,13,0.05,NLOS,119.81,1.54,-101.13,-73.35,-0.22,38.58,0,20,-105.53,19,-105.61,14,-109.25,7,-109.48,6,-117.36,27,-118.85
74,2417.79,2900.00,1.50,2,13,0.06,LOS,90.13,-2.38,-67.53,-39.75,31.18,56.75,0,7,-100.36,6,-106.01,20,-108.99,27,-114.80,14,-116.56,19,-118.66,3200.00,5100.00,1.50,3,15,0.03,NLOS,130.70,-13.59,-96.88,-69.10,0.86,0.00,0,14,-100.47,22,-102.23,16,-108.97,23,-111.79,9,-114.17,30,-117.27,4200.00,2890.10,1.50,3,26,0.47,NLOS,93.52,10.32,-83.62,-55.84,21.54,55.68,0,27,-107.78,33,-112.48,20,-114.88,21,-116.24,39,-116.37,32,-117.04,7600.00,3963.52,1.50,3,60,0.04,NLOS,122.69,-5.34,-97.13,-69.35,1.94,25.75,0,53,-100.17,59,-107.81,54,-110.68,47,-114.52,46,-116.55,52,-117.54,3101.80,2700.00,1.50,0,13,0.05,NLOS,120.27,1.54,-101.58,-73.80,-0.80,38.58,0,19,-105.32,20,-105.38,14,-109.30,7,-109.61,6,-117.52,27,-118.76
75,2402.02,2900.00,1.50,2,13,0.05,LOS,90.91,0.08,-70.77,-42.99,31.89,56.75,0,7,-105.92,6,-107.50,14,-111.92,15,-114.17,2,-115.49,20,-116.01,3200.00,5100.00,1.50,3,15,0.03,NLOS,130.70,-13.59,-96.88,-69.10,0.86,0.00,0,14,-100.47,22,-102.23,16,-108.97,23,-111.79,9,-114.17,30,-117.27,4200.00,2874.64,1.50,3,26,0.54,NLOS,91.18,10.32,-81.28,-53.50,24.09,55.68,0,27,-108.10,33,-112.60,20,-115.04,39,-116.36,21,-116.40,32,-116.90,7600.00,3956.36,1.50,3,60,0.04,NLOS,122.80,-5.34,-97.24,-69.46,1.69,25.75,0,53,-100.00,59,-107.68,54,-110.83,47,-114.54,46,-116.50,52,-117.44,3112.52,2700.00,1.50,0,13,0.05,NLOS,120.71,8.97,-109.46,-81.68,-1.64,38.58,0,19,-109.58,26,-112.28,14,-116.04,7,-117.94,21,-118.09,20,-121.61
76,2400.00,2900.00,1.50,0,13,0.05,LOS,91.00,0.08,-70.87,-43.09,31.76,0.00,0,7,-105.88,6,-107.46,14,-111.94,15,-114.18,2,-115.48,20,-116.04,3200.00,5100.00,1.50,3,15,0.03,NLOS,130.70,-13.59,-96.88,-69.10,0.86,0.00,0,14,-100.47,22,-102.23,16,-108.97,23,-111.79,9,-114.17,30,-117.27,4200.00,2859.17,1.50,3,26,0.60,NLOS,89.14,5.52,-74.44,-46.66,21.64,55.68,0,19,-96.51,20,-109.24,34,-110.58,33,-112.23,32,-115.68,27,-117.86,7600.00,3949.21,1.50,3,53,0.04,NLOS,122.47,-5.07,-97.18,-69.40,2.67,25.75,1,54,-102.57,47,-104.84,60,-108.93,66,-111.37,62,-113.73,41,-117.85,3123.23,2700.00,1.50,0,13,0.05,NLOS,121.15,8.97,-109.90,-82.11,-2.26,38.58,0,19,-109.29,26,-112.12,14,-116.10,21,-118.05,7,-118.07,20,-121.46
77,2400.00,2900.00,1.50,0,13,0.05,LOS,91.00,0.08,-70.87,-43.09,31.76,0.00,0,7,-105.88,6,-107.46,14,-111.94,15,-114.18,2,-115.48,20,-116.04,3200.00,5100.00,1.50,3,15,0.03,NLOS,130.70,-13.59,-96.88,-69.10,0.86,0.00,0,14,-100.47,22,-102.23,16,-108.97,23,-111.79,9,-114.17,30,-117.27,4200.00,2843.70,1.50,3,26,0.64,NLOS,87.86,5.52,-73.16,-45.38,22.78,55.68,0,19,-96.34,20,-109.40,34,-110.73,33,-112.37,32,-115.54,27,-118.17,7600.00,3942.06,1.50,3,53,0.04,NLOS,122.30,-5.07,-97.02,-69.24,2.93,25.75,0,54,-102.72,47,-104.85,60,-109.05,66,-111.35,62,-113.79,41,-117.87,3133.95,2700.00,1.50,0,13,0.05,NLOS,121.57,8.97,-110.32,-82.54,-2.87,38.58,0,19,-108.99,26,-111.96,14,-116.16,21,-118.02,7,-118.19,20,-121.31
78,2400.00,2900.00,1.50,0,13,0.05,LOS,91.00,0.08,-70.87,-43.09,31.76,0.00,0,7,-105.88,6,-107.46,14,-111.94,15,-114.18,2,-115.48,20,-116.04,3200.00,5092.65,1.50,3,15,0.03,NLOS,130.56,-13.59,-96.75,-68.97,0.92,26.47,0,14,-100.39,22,-102.11,16,-109.10,23,-111.93,9,-114.16,30,-117.33,4200.00,2828.23,1.50,3,26,0.65,NLOS,87.77,-4.00,-63.56,-35.78,41.55,55.68,0,19,-107.58,33,-112.15,32,-112.59,14,-115.45,39,-119.56,13,-119.59,7600.00,3934.90,1.50,3,53,0.04,NLOS,122.14,-5.07,-96.86,-69.07,3.19,25.75,0,54,-102.86,47,-104.87,60,-109.17,66,-111.33,62,-113.85,41,-117.89,3144.67,2700.00,1.50,0,13,0.04,NLOS,121.99,-3.14,-98.63,-70.85,-2.42,38.58,0,19,-96.73,20,-106.11,28,-116.17,21,-118.54,26,-119.27,14,-119.85
79,2400.00,2900.00,1.50,0,13,0.05,LOS,91.00,0.08,-70.87,-43.09,31.76,0.00,0,7,-105.88,6,-107.46,14,-111.94,15,-114.18,2,-115.48,20,-116.04,3200.00,5077.94,1.50,3,14,0.01,LOS,115.35,0.02,-95.15,-67.37,10.46,52.93,1,22,-103.68,15,-106.81,16,-108.60,28,-112.61,23,-113.87,8,-114.22,4200.00,2812.76,1.50,3,26,0.61,NLOS,88.92,-4.00,-64.70,-36.92,40.32,55.68,0,19,-107.41,33,-112.29,32,-112.46,14,-115.53,39,-119.56,13,-119.60,7600.00,3927.75,1.50,3,53,0.04,NLOS,121.98,-5.07,-96.70,-68.92,3.44,25.75,0,54,-103.01,47,-104.89,60,-109.29,66,-111.31,62,-113.91,41,-117.91,3155.38,2700.00,1.50,0,13,0.04,NLOS,122.39,-3.14,-99.03,-71.25,-3.11,38.58,0,19,-96.43,20,-105.97,28,-116.13,21,-118.51,26,-119.11,14,-119.91
80,2400.00,2900.00,1.50,0,13,0.05,LOS,91.00,0.08,-70.87,-43.09,31.76,0.00,0,7,-105.88,6,-107.46,14,-111.94,15,-114.18,2,-115.48,20,-116.04,3200.00,5063.24,1.50,3,14,0.01,LOS,115.18,0.02,-94.98,-67.20,10.39,52.93,0,22,-103.50,15,-106.53,16,-108.87,28,-112.52,8,-114.12,23,-114.15,4200.00,2797.30,1.50,3,26,0.55,NLOS,90.89,-6.44,-64.22,-36.44,41.76,55.68,0,33,-107.68,20,-114.73,27,-114.76,45,-116.19,13,-120.06,14,-120.52,7600.00,3920.60,1.50,3,53,0.04,NLOS,121.83,-6.29,-95.32,-67.54,8.57,25.75,0,60,-107.36,54,-109.75,61,-110.16,47,-111.60,65,-114.81,46,-115.04,3166.10,2700.00,1.50,0,19,0.04,NLOS,123.18,-6.83,-96.13,-68.35,2.30,38.58,1,13,-99.43,20,-105.82,28,-116.08,21,-118.49,26,-118.95,14,-119.98
81,2400.00,2900.00,1.50,0,13,0.05,LOS,91.00,0.08,-70.87,-43.09,31.76,0.00,0,7,-105.88,6,-107.46,14,-111.94,15,-114.18,2,-115.48,20,-116.04,3200.00,5048.54,1.50,3,14,0.01,LOS,115.01,-1.20,-93.59,-65.81,16.70,52.93,0,22,-99.23,23,-107.04,16,-111.30,28,-111.58,21,-112.88,11,-115.58,4200.00,2781.83,1.50,3,26,0.48,NLOS,93.20,-6.44,-66.54,-38.76,39.60,55.68,0,33,-107.82,20,-114.91,27,-115.05,45,-116.17,13,-120.07,14,-120.60,7600.00,3913.45,1.50,3,53,0.05,NLOS,121.67,-6.29,-95.17,-67.39,8.82,25.75,0,60,-107.49,54,-109.89,61,-110.26,47,-111.62,65,-114.76,46,-114.99,3176.81,2700.00,1.50,0,19,0.04,NLOS,122.88,-4.16,-98.50,-70.72,3.10,38.58,0,20,-103.20,13,-110.76,26,-110.98,15,-115.89,14,-116.39,7,-117.21
82,2400.00,2900.00,1.50,0,13,0.05,LOS,91.00,0.08,-70.87,-43.09,31.76,0.00,0,7,-105.88,6,-107.46,14,-111.94,15,-114.18,2,-115.48,20,-116.04,3200.00,5033.83,1.50,3,14,0.01,LOS,114.84,-1.20,-93.42,-65.64,16.66,52.93,0,22,-99.11,23,-107.30,28,-111.49,16,-111.58,21,-112.63,11,-115.68,4200.00,2766.36,1.50,3,26,0.42,NLOS,95.56,3.90,-79.24,-51.46,25.70,55.68,0,33,-106.75,14,-110.59,27,-113.94,19,-114.11,20,-117.65,39,-117.83,7600.00,3906.29,1.50,3,53,0.05,NLOS,121.52,-6.29,-95.01,-67.23,9.06,25.75,0,60,-107.62,54,-110.04,61,-110.36,47,-111.65,65,-114.71,46,-114.95,3187.53,2700.00,1.50,0,19,0.04,NLOS,122.57,-4.16,-98.20,-70.42,3.34,38.58,0,20,-103.07,26,-110.81,13,-111.15,15,-115.91,14,-116.45,7,-117.33
83,2400.00,2900.00,1.50,0,13,0.05,LOS,91.00,0.08,-70.87,-43.09,31.76,0.00,0,7,-105.88,6,-107.46,14,-111.94,15,-114.18,2,-115.48,20,-116.04,3200.00,5019.13,1.50,3,14,0.01,LOS,114.67,-2.16,-92.28,-64.50,16.86,52.93,0,22,-100.63,9,-110.48,10,-111.07,16,-111.86,15,-112.05,29,-112.75,4200.00,2750.89,1.50,3,26,0.36,NLOS,97.82,3.90,-81.50,-53.72,23.57,55.68,0,33,-106.90,14,-110.67,19,-113.96,27,-114.22,20,-117.83,39,-117.83,7600.00,3900.00,1.50,2,53,0.05,NLOS,121.39,-6.29,-94.88,-67.10,9.27,0.00,0,60,-107.73,54,-110.16,61,-110.44,47,-111.67,65,-114.66,46,-114.90,3198.25,2700.00,1.50,0,19,0.04,NLOS,122.27,-4.16,-97.89,-70.11,3.57,38.58,0,20,-102.93,26,-110.64,13,-111.52,15,-115.93,14,-116.52,7,-117.46
84,2400.00,2900.00,1.50,0,13,0.05,LOS,91.00,0.08,-70.87,-43.09,31.76,0.00,0,7,-105.88,6,-107.46,14,-111.94,15,-114.18,2,-115.48,20,-116.04,3200.00,5004.43,1.50,3,14,0.01,LOS,114.49,-2.16,-92.11,-64.33,16.79,52.93,0,22,-100.59,9,-110.48,10,-111.16,15,-111.78,16,-112.13,29,-112.84,4200.00,2735.43,1.50,3,26,0.30,NLOS,99.92,-1.58,-78.12,-50.34,21.94,55.68,0,32,-102.27,20,-107.40,27,-107.94,19,-115.50,33,-118.72,46,-121.92,7600.00,3900.00,1.50,2,53,0.05,NLOS,121.39,-6.29,-94.88,-67.10,9.27,0.00,0,60,-107.73,54,-110.16,61,-110.44,47,-111.67,65,-114.66,46,-114.90,3200.00,2708.96,1.50,1,19,0.04,NLOS,122.47,-2.63,-99.62,-71.84,7.02,38.58,0,21,-107.73,13,-109.91,20,-111.20,14,-118.68,0,-119.54,27,-120.15
85,2400.00,2900.00,1.50,0,13,0.05,LOS,91.00,0.08,-70.87,-43.09,31.76,0.00,0,7,-105.88,6,-107.46,14,-111.94,15,-114.18,2,-115.48,20,-116.04,3200.00,4989.72,1.50,3,14,0.01,LOS,114.32,1.21,-95.31,-67.52,12.33,52.93,0,22,-95.93,16,-103.86,15,-109.76,21,-113.47,28,-114.23,29,-114.33,4200.00,2719.96,1.50,3,26,0.26,NLOS,101.85,-1.58,-80.06,-52.28,20.01,55.68,0,32,-102.16,20,-107.58,27,-108.20,19,-115.36,33,-118.87,46,-121.95,7600.00,3900.00,1.50,2,53,0.05,NLOS,121.39,-6.29,-94.88,-67.10,9.27,0.00,0,60,-107.73,54,-110.16,61,-110.44,47,-111.67,65,-114.66,46,-114.90,3200.00,2719.68,1.50,1,19,0.04,NLOS,122.78,-2.63,-99.92,-72.14,6.56,38.58,0,21,-107.61,13,-109.81,20,-110.95,14,-118.53,0,-119.53,27,-120.06
86,2407.88,2900.00,1.50,0,13,0.06,LOS,90.62,0.08,-70.49,-42.70,32.26,28.37,0,7,-106.06,6,-107.59,14,-111.88,15,-114.16,2,-115.51,20,-115.93,3200.00,4975.02,1.50,3,14,0.01,LOS,114.14,1.21,-95.13,-67.35,12.26,52.93,0,22,-95.98,16,-104.14,15,-109.49,21,-113.21,28,-114.15,29,-114.42,4200.00,2704.49,1.50,3,26,0.22,NLOS,103.63,-1.41,-82.00,-54.22,23.67,55.68,0,19,-107.61,20,-113.40,33,-115.52,28,-118.61,34,-120.39,27,-120.80,7600.00,3900.00,1.50,2,53,0.05,NLOS,121.39,-6.29,-94.88,-67.10,9.27,0.00,0,60,-107.73,54,-110.16,61,-110.44,47,-111.67,65,-114.66,46,-114.90,3200.00,2730.39,1.50,1,19,0.04,NLOS,123.08,-2.63,-100.23,-72.44,6.11,38.58,0,21,-107.49,13,-109.72,20,-110.69,14,-118.37,0,-119.53,27,-119.98
87,2423.64,2900.00,1.50,0,13,0.06,LOS,89.84,8.30,-77.92,-50.14,30.02,56.75,0,7,-111.54,15,-112.38,14,-114.36,6,-115.45,21,-116.27,2,-118.74,3200.00,4960.31,1.50,3,14,0.01,LOS,113.96,-0.03,-93.71,-65.93,11.96,52.93,0,22,-101.80,15,-106.90,21,-112.67,10,-115.29,23,-116.65,16,-118.08,4200.00,2700.00,1.50,2,26,0.21,NLOS,104.12,-1.41,-82.49,-54.71,23.17,0.00,0,19,-107.57,20,-113.45,33,-115.57,28,-118.65,34,-120.43,27,-120.88,7600.00,3900.00,1.50,2,53,0.05,NLOS,121.39,-6.29,-94.88,-67.10,9.27,0.00,0,60,-107.73,54,-110.16,61,-110.44,47,-111.67,65,-114.66,46,-114.90,3200.00,2741.11,1.50,1,20,0.03,NLOS,128.32,-1.17,-106.93,-79.15,-0.12,38.58,1,13,-109.36,19,-112.86,26,-116.73,33,-118.84,34,-119.68,14,-120.78
88,2439.41,2900.00,1.50,0,13,0.06,LOS,89.08,8.30,-77.17,-49.38,30.93,56.75,0,7,-111.90,15,-112.35,14,-114.25,6,-115.72,21,-116.16,2,-118.82,3200.00,4945.61,1.50,3,14,0.01,LOS,113.78,-0.03,-93.53,-65.75,11.88,52.93,0,22,-101.92,15,-106.63,21,-112.41,10,-115.39,23,-116.89,16,-118.36,4200.00,2700.00,1.50,2,26,0.21,NLOS,104.12,-1.41,-82.49,-54.71,23.17,0.00,0,19,-107.57,20,-113.45,33,-115.57,28,-118.65,34,-120.43,27,-120.88,7600.00,3900.00,1.50,2,53,0.05,NLOS,121.39,-6.29,-94.88,-67.10,9.27,0.00,0,60,-107.73,54,-110.16,61,-110.44,47,-111.67,65,-114.66,46,-114.90,3200.00,2751.82,1.50,1,20,0.03,NLOS,128.06,-1.17,-106.67,-78.89,0.16,38.58,0,13,-109.28,19,-113.16,26,-116.72,33,-118.81,34,-119.64,14,-120.62
89,2455.17,2900.00,1.50,0,13,0.07,LOS,88.61,2.17,-70.56,-42.77,30.98,56.75,0,14,-104.95,6,-107.09,7,-109.18,19,-114.02,9,-114.97,26,-115.66,3200.00,4930.91,1.50,3,14,0.01,LOS,113.60,5.15,-98.53,-70.75,8.85,52.93,0,22,-103.36,21,-110.50,8,-112.18,28,-113.19,27,-118.39,17,-118.44,4200.00,2700.00,1.50,2,26,0.21,NLOS,104.12,-1.41,-82.49,-54.71,23.17,0.00,0,19,-107.57,20,-113.45,33,-115.57,28,-118.65,34,-120.43,27,-120.88,7600.00,3900.00,1.50,2,53,0.05,NLOS,121.39,-6.29,-94.88,-67.10,9.27,0.00,0,60,-107.73,54,-110.16,61,-110.44,47,-111.67,65,-114.66,46,-114.90,3200.00,2762.54,1.50,1,20,0.03,NLOS,127.79,-1.17,-106.40,-78.62,0.44,38.58,0,13,-109.22,19,-113.46,26,-116.70,33,-118.79,34,-119.59,14,-120.46
90,2470.93,2900.00,1.50,0,13,0.07,LOS,88.11,2.17,-70.06,-42.28,31.54,56.75,0,14,-104.85,6,-107.36,7,-109.54,19,-113.81,9,-115.00,26,-115.51,3200.00,4916.20,1.50,3,14,0.01,LOS,113.41,5.15,-98.34,-70.56,8.84,52.93,0,22,-103.56,21,-110.22,8,-112.09,28,-113.12,27,-118.27,7,-118.60,4200.00,2700.00,1.50,2,26,0.21,NLOS,104.12,-1.41,-82.49,-54.71,23.17,0.00,0,19,-107.57,20,-113.45,33,-115.57,28,-118.65,34,-120.43,27,-120.88,7600.00,3900.00,1.50,2,53,0.05,NLOS,121.39,-6.29,-94.88,-67.10,9.27,0.00,0,60,-107.73,54,-110.16,61,-110.44,47,-111.67,65,-114.66,46,-114.90,3200.00,2773.26,1.50,1,13,0.04,NLOS,123.43,-0.68,-102.53,-74.75,3.57,38.58,1,19,-107.56,26,-113.23,6,-115.58,14,-116.42,33,-121.94,27,-121.97
91,2486.70,2900.00,1.50,0,13,0.08,LOS,87.59,5.38,-72.75,-44.97,32.35,56.75,0,6,-108.14,7,-109.42,15,-115.59,21,-116.08,20,-117.36,19,-118.57,3200.00,4901.50,1.50,3,14,0.01,LOS,113.23,-0.94,-92.07,-64.28,13.89,52.93,0,22,-100.85,21,-108.32,15,-110.51,16,-110.79,23,-111.61,29,-112.53,4200.00,2700.00,1.50,2,26,0.21,NLOS,104.12,-1.41,-82.49,-54.71,23.17,0.00,0,19,-107.57,20,-113.45,33,-115.57,28,-118.65,34,-120.43,27,-120.88,7600.00,3900.00,1.50,2,53,0.05,NLOS,121.39,-6.29,-94.88,-67.10,9.27,0.00,0,60,-107.73,54,-110.16,61,-110.44,47,-111.67,65,-114.66,46,-114.90,3200.00,2783.97,1.50,1,13,0.04,NLOS,123.38,-0.68,-102.48,-74.70,3.81,38.58,0,19,-107.86,26,-113.22,6,-115.62,14,-116.26,27,-121.88,33,-121.91
92,2502.46,2900.00,1.50,0,13,0.09,LOS,87.04,5.38,-72.20,-44.42,33.13,56.75,0,6,-108.41,7,-109.77,15,-115.57,21,-115.98,20,-117.13,19,-118.36,3186.80,4900.00,1.50,2,14,0.01,LOS,113.15,-0.94,-91.98,-64.20,13.88,52.93,0,22,-101.53,21,-108.39,15,-110.16,16,-110.61,23,-111.70,29,-112.71,4200.00,2700.00,1.50,2,26,0.21,NLOS,104.12,-1.41,-82.49,-54.71,23.17,0.00,0,19,-107.57,20,-113.45,33,-115.57,28,-118.65,34,-120.43,27,-120.88,7600.00,3900.00,1.50,2,53,0.05,NLOS,121.39,-6.29,-94.88,-67.10,9.27,0.00,0,60,-107.73,54,-110.16,61,-110.44,47,-111.67,65,-114.66,46,-114.90,3200.00,2794.69,1.50,1,13,0.04,NLOS,123.34,-0.68,-102.44,-74.66,4.03,38.58,0,19,-108.15,26,-113.21,6,-115.67,14,-116.10,27,-121.80,33,-121.89
93,2518.22,2900.00,1.50,0,13,0.10,LOS,86.46,1.31,-67.55,-39.77,32.32,56.75,0,20,-102.93,7,-106.06,6,-108.14,19,-112.05,14,-113.09,21,-113.68,3172.09,4900.00,1.50,2,14,0.01,LOS,113.08,-4.09,-88.77,-60.99,9.61,52.93,0,22,-88.48,15,-98.46,29,-105.51,16,-106.22,23,-107.87,10,-116.68,4200.00,2700.00,1.50,2,26,0.21,NLOS,104.12,-1.41,-82.49,-54.71,23.17,0.00,0,19,-107.57,20,-113.45,33,-115.57,28,-118.65,34,-120.43,27,-120.88,7596.42,3900.00,1.50,2,53,0.05,NLOS,121.26,-6.29,-94.75,-66.97,9.43,12.88,0,60,-107.84,54,-110.13,61,-110.46,47,-111.61,65,-114.69,46,-114.86,3200.00,2805.40,1.50,1,13,0.04,NLOS,123.31,-11.34,-91.74,-63.96,6.39,38.58,0,19,-102.14,14,-102.82,20,-104.23,28,-117.29,26,-117.72,6,-119.19
94,2533.98,2900.00,1.50,0,13,0.11,LOS,85.85,1.31,-66.94,-39.16,32.91,56.75,0,20,-102.69,7,-106.41,6,-108.41,19,-111.84,14,-113.01,21,-113.57,3157.39,4900.00,1.50,2,14,0.01,LOS,113.01,-4.09,-88.71,-60.93,9.31,52.93,0,22,-89.16,15,-98.10,29,-105.70,16,-106.00,23,-107.95,10,-116.55,4200.00,2700.00,1.50,2,26,0.21,NLOS,104.12,-1.41,-82.49,-54.71,23.17,0.00,0,19,-107.57,20,-113.45,33,-115.57,28,-118.65,34,-120.43,27,-120.88,7589.27,3900.00,1.50,2,60,0.04,NLOS,124.10,-10.72,-93.16,-65.38,6.62,25.75,1,53,-102.80,59,-103.98,54,-112.38,67,-113.81,48,-116.68,65,-117.30,3200.00,2816.12,1.50,1,13,0.04,NLOS,123.29,-11.34,-91.72,-63.94,6.40,38.58,0,19,-102.43,14,-102.66,20,-103.95,28,-117.21,26,-117.72,6,-119.24
95,2549.75,2900.00,1.50,0,13,0.12,LOS,85.19,-3.20,-61.77,-33.99,41.61,56.75,0,14,-106.49,7,-107.41,0,-115.70,6,-116.52,26,-116.80,20,-119.15,3142.68,4900.00,1.50,2,22,0.05,NLOS,120.01,-3.21,-96.58,-68.80,9.56,52.93,1,14,-99.77,15,-107.35,9,-108.87,17,-113.39,20,-114.33,29,-116.94,4200.00,2700.00,1.50,2,26,0.21,NLOS,104.12,-1.41,-82.49,-54.71,23.17,0.00,0,19,-107.57,20,-113.45,33,-115.57,28,-118.65,34,-120.43,27,-120.88,7582.12,3900.00,1.50,2,60,0.04,NLOS,124.33,-10.72,-93.38,-65.60,6.30,25.75,0,53,-102.54,59,-104.07,54,-112.31,67,-113.89,48,-116.62,65,-117.36,3200.00,2826.84,1.50,1,13,0.04,NLOS,123.27,-11.34,-91.71,-63.93,6.38,38.58,0,14,-102.49,19,-102.71,20,-103.67,28,-117.14,26,-117.72,6,-119.29
96,2565.51,2900.00,1.50,0,13,0.13,LOS,84.50,-3.20,-61.08,-33.30,42.39,56.75,0,14,-106.42,7,-107.75,0,-115.90,26,-116.64,6,-116.79,20,-118.90,3127.98,4900.00,1.50,2,22,0.05,NLOS,120.64,-3.21,-97.21,-69.43,8.64,52.93,0,14,-99.70,15,-106.98,9,-108.66,17,-113.35,20,-114.36,16,-116.93,4200.00,2700.00,1.50,2,26,0.21,NLOS,104.12,-1.41,-82.49,-54.71,23.17,0.00,0,19,-107.57,20,-113.45,33,-115.57,28,-118.65,34,-120.43,27,-120.88,7574.96,3900.00,1.50,2,60,0.04,NLOS,124.55,-10.72,-93.60,-65.82,5.97,25.75,0,53,-102.27,59,-104.16,54,-112.24,67,-113.97,48,-116.57,65,-117.42,3200.00,2837.55,1.50,1,13,0.04,NLOS,123.27,3.58,-106.63,-78.85,-2.12,38.58,0,20,-106.64,19,-110.98,26,-111.43,14,-114.29,27,-114.39,7,-121.14
97,2581.27,2900.00,1.50,0,13,0.15,LOS,83.76,-0.67,-62.87,-35.09,41.60,56.75,0,7,-108.34,19,-110.89,14,-111.87,20,-113.39,0,-115.43,32,-118.14,3113.28,4900.00,1.50,2,22,0.05,NLOS,121.25,-1.83,-99.21,-71.42,0.62,52.93,0,14,-99.02,16,-102.86,15,-104.59,23,-111.31,21,-113.65,20,-114.13,4192.27,2700.00,1.50,2,26,0.21,NLOS,104.45,-1.41,-82.82,-55.03,22.74,27.84,0,19,-107.41,20,-113.34,33,-115.67,28,-118.65,34,-120.47,27,-120.89,7567.81,3900.00,1.50,2,60,0.04,NLOS,124.76,-10.72,-93.82,-66.04,5.63,25.75,0,53,-101.99,59,-104.24,54,-112.17,67,-114.05,48,-116.51,65,-117.47,3200.00,2848.27,1.50,1,13,0.04,NLOS,123.28,3.58,-106.64,-78.86,-2.27,38.58,0,20,-106.35,19,-111.26,26,-111.43,14,-114.13,27,-114.31,7,-121.09
98,2597.04,2900.00,1.50,0,13,0.17,LOS,82.97,-0.67,-62.08,-34.30,42.43,56.75,0,7,-108.66,19,-110.67,14,-111.80,20,-113.14,0,-115.63,32,-118.03,3098.57,4900.00,1.50,2,22,0.04,NLOS,121.85,-1.83,-99.80,-72.02,-0.18,52.93,0,14,-98.96,16,-102.64,15,-104.21,23,-111.40,21,-113.78,20,-114.17,4176.80,2700.00,1.50,2,26,0.19,NLOS,105.19,-0.19,-84.78,-57.00,19.92,55.68,0,32,-108.13,27,-110.13,19,-113.12,15,-116.95,20,-118.48,14,-118.57,7560.66,3900.00,1.50,2,53,0.05,NLOS,119.91,0.07,-99.76,-71.98,1.13,25.75,1,59,-104.68,60,-105.14,47,-110.99,48,-111.53,54,-113.45,61,-114.15,3200.00,2858.98,1.50,1,13,0.04,NLOS,123.30,3.58,-106.66,-78.88,-2.43,38.58,0,20,-106.07,26,-111.44,19,-111.54,14,-113.96,27,-114.22,7,-121.04
99,2587.20,2900.00,1.50,2,13,0.16,LOS,83.47,-0.57,-62.68,-34.90,41.17,56.75,0,6,-108.91,20,-109.07,14,-112.21,8,-112.23,19,-115.21,15,-121.36,3083.87,4900.00,1.50,2,14,0.01,LOS,112.71,-4.26,-88.24,-60.45,20.58,52.93,1,22,-102.40,15,-109.87,16,-111.81,23,-112.49,9,-113.17,29,-115.91,4161.33,2700.00,1.50,2,26,0.18,NLOS,106.03,-0.19,-85.62,-57.84,19.16,55.68,0,32,-108.41,27,-110.15,19,-112.79,15,-116.88,20,-118.26,14,-118.45,7553.50,3900.00,1.50,2,53,0.05,NLOS,119.63,0.07,-99.48,-71.70,1.50,25.75,0,59,-104.77,60,-105.35,47,-110.88,48,-111.47,54,-113.38,61,-114.19,3200.00,2869.70,1.50,1,13,0.04,NLOS,123.32,-12.56,-90.54,-62.76,15.44,38.58,0,19,-109.62,14,-111.39,20,-113.11,21,-119.18,7,-120.92,6,-121.22
100,2571.44,2900.00,1.50,2,13,0.14,LOS,84.23,-0.57,-63.44,-35.65,40.41,56.75,0,6,-108.65,20,-109.32,8,-112.15,14,-112.28,19,-115.44,15,-121.38,3069.16,4900.00,1.50,2,14,0.01,LOS,112.66,-4.26,-88.18,-60.40,20.34,52.93,0,22,-102.95,15,-109.49,16,-111.60,23,-112.59,9,-112.94,29,-116.09,4145.86,2700.00,1.50,2,26,0.17,NLOS,106.93,-2.59,-84.12,-56.34,27.22,55.68,0,13,-113.94,19,-114.31,0,-116.65,32,-117.42,40,-121.12,20,-122.10,7546.35,3900.00,1.50,2,53,0.05,NLOS,119.36,0.07,-99.20,-71.42,1.88,25.75,0,59,-104.86,60,-105.56,47,-110.77,48,-111.42,54,-113.31,61,-114.23,3200.00,2880.42,1.50,1,13,0.04,NLOS,123.36,-12.56,-90.58,-62.79,15.41,38.58,0,19,-109.89,14,-111.22,20,-112.82,21,-119.04,7,-120.88,6,-121.27
101,2555.68,2900.00,1.50,2,13,0.12,LOS,84.94,4.26,-68.98,-41.19,36.89,56.75,0,7,-109.10,20,-112.86,19,-114.74,6,-116.44,14,-117.97,26,-118.49,3054.46,4900.00,1.50,2,14,0.01,LOS,112.61,5.15,-97.54,-69.76,10.51,52.93,0,15,-109.18,9,-109.95,16,-110.22,22,-110.79,23,-111.97,29,-115.22,4130.39,2700.00,1.50,2,26,0.15,NLOS,107.87,-2.59,-85.06,-57.28,26.16,55.68,0,13,-113.76,19,-113.98,0,-116.56,32,-117.69,40,-121.24,20,-121.87,7539.20,3900.00,1.50,2,53,0.05,NLOS,119.07,0.07,-98.92,-71.14,2.26,25.75,0,59,-104.95,60,-105.77,47,-110.66,48,-111.36,54,-113.25,61,-114.27,3200.00,2891.13,1.50,1,13,0.04,NLOS,123.40,-12.56,-90.62,-62.84,15.36,38.58,0,19,-110.16,14,-111.05,20,-112.53,21,-118.90,7,-120.84,27,-121.19
102,2539.91,2900.00,1.50,2,13,0.11,LOS,85.61,4.26,-69.64,-41.86,36.12,56.75,0,7,-108.76,20,-113.10,19,-114.96,6,-116.17,14,-118.05,26,-118.65,3039.76,4900.00,1.50,2,14,0.01,LOS,112.56,5.15,-97.49,-69.71,10.27,52.93,0,15,-108.80,9,-109.71,16,-110.02,22,-111.32,23,-112.07,29,-115.39,4114.93,2700.00,1.50,2,26,0.14,NLOS,108.82,0.47,-89.08,-61.30,13.23,55.68,0,20,-104.23,19,-110.17,33,-110.45,13,-117.15,30,-120.89,29,-120.93,7532.05,3900.00,1.50,2,53,0.06,NLOS,118.79,-8.42,-90.15,-62.37,5.14,25.75,0,59,-95.93,60,-106.82,47,-110.08,54,-112.45,52,-114.65,58,-115.20,3201.85,2900.00,1.50,0,13,0.04,NLOS,123.51,-7.92,-95.38,-67.60,4.18,38.58,0,20,-99.87,26,-111.29,19,-115.02,14,-116.32,33,-119.66,9,-120.15
103,2524.15,2900.00,1.50,2,13,0.10,LOS,86.23,-3.29,-62.73,-34.95,44.54,56.75,0,20,-111.02,6,-112.26,21,-113.65,7,-115.66,22,-117.52,14,-119.07,3025.05,4900.00,1.50,2,14,0.01,LOS,112.51,2.97,-95.26,-67.47,2.22,52.93,0,15,-97.59,22,-98.74,23,-100.60,16,-103.93,29,-111.17,8,-115.61,4099.46,2700.00,1.50,2,26,0.13,NLOS,109.78,0.47,-90.04,-62.26,12.10,55.68,0,20,-104.00,19,-109.82,33,-110.66,13,-116.96,30,-120.89,29,-120.93,7524.89,3900.00,1.50,2,53,0.06,NLOS,118.50,-8.42,-89.86,-62.08,5.51,25.75,0,59,-96.02,60,-107.02,47,-109.97,54,-112.39,52,-114.62,58,-115.23,3212.56,2900.00,1.50,0,13,0.04,NLOS,123.90,-7.92,-95.77,-67.98,3.57,38.58,0,20,-99.63,26,-111.12,19,-114.86,14,-116.42,33,-119.56,9,-120.19
104,2508.39,2900.00,1.50,2,13,0.09,LOS,86.83,-3.29,-63.32,-35.54,43.92,56.75,0,20,-111.26,6,-111.99,21,-113.75,7,-115.32,22,-117.57,14,-119.16,3010.35,4900.00,1.50,2,14,0.01,LOS,112.46,2.97,-95.21,-67.43,1.91,52.93,0,15,-97.22,22,-99.24,23,-100.70,16,-103.74,29,-111.34,8,-115.46,4083.99,2700.00,1.50,2,26,0.11,NLOS,110.73,9.24,-99.75,-71.97,4.42,55.68,0,27,-106.46,19,-112.17,21,-112.75,20,-115.58,35,-117.64,13,-121.23,7517.74,3900.00,1.50,2,53,0.06,NLOS,118.21,-8.42,-89.57,-61.79,5.89,25.75,0,59,-96.11,60,-107.23,47,-109.86,54,-112.33,52,-114.59,58,-115.25,3223.28,2900.00,1.50,0,13,0.04,NLOS,124.28,-7.92,-96.15,-68.36,2.96,38.58,0,20,-99.39,26,-110.94,19,-114.70,14,-116.52,33,-119.46,9,-120.23
105,2492.62,2900.00,1.50,2,13,0.08,LOS,87.39,-0.95,-66.22,-38.44,34.24,56.75,0,6,-103.85,7,-104.01,20,-114.40,14,-115.83,19,-116.93,21,-122.19,3004.35,4900.00,1.50,0,14,0.01,LOS,112.45,2.97,-95.19,-67.41,1.78,52.93,0,15,-97.08,22,-99.44,23,-100.75,16,-103.67,29,-111.41,8,-115.39,4068.52,2700.00,1.50,2,26,0.11,NLOS,111.66,9.24,-100.69,-72.90,3.44,55.68,0,27,-106.51,19,-111.81,21,-112.69,20,-115.35,35,-117.68,13,-121.04,7510.59,3900.00,1.50,2,53,0.06,NLOS,117.92,-8.42,-89.28,-61.50,6.27,25.75,0,59,-96.21,60,-107.43,47,-109.74,54,-112.26,52,-114.57,58,-115.27,3234.00,2900.00,1.50,0,20,0.04,NLOS,123.42,-4.87,-98.33,-70.55,4.30,38.58,1,13,-104.57,26,-110.12,19,-113.35,7,-115.26,14,-115.91,27,-117.29
106,2476.86,2900.00,1.50,2,13,0.07,LOS,87.92,-0.95,-66.75,-38.97,33.45,56.75,0,6,-103.59,7,-103.66,20,-114.63,14,-115.93,19,-117.14,21,-122.29,3019.06,4900.00,1.50,0,14,0.01,LOS,112.49,-6.04,-86.24,-58.45,9.06,52.93,0,15,-95.37,16,-108.05,22,-110.45,23,-110.91,9,-113.99,8,-114.45,4053.06,2700.00,1.50,2,26,0.10,NLOS,112.57,2.92,-95.27,-67.49,4.89,55.68,0,19,-101.94,27,-107.01,33,-112.36,32,-114.56,14,-116.54,20,-116.66,7503.43,3900.00,1.50,2,53,0.06,NLOS,117.63,-6.68,-90.73,-62.95,14.16,25.75,0,60,-109.05,59,-110.57,54,-112.33,48,-115.29,52,-116.08,66,-117.10,3244.71,2900.00,1.50,0,20,0.04,NLOS,123.19,-4.87,-98.10,-70.32,4.71,38.58,0,13,-104.93,26,-109.94,19,-113.20,7,-115.40,14,-116.01,27,-117.18
107,2461.10,2900.00,1.50,2,13,0.07,LOS,88.42,-1.83,-66.37,-38.59,37.40,56.75,0,6,-107.23,7,-110.20,14,-110.24,0,-113.16,19,-119.07,8,-119.24,3033.76,4900.00,1.50,0,14,0.01,LOS,112.54,-6.04,-86.28,-58.50,9.38,52.93,0,15,-95.74,16,-108.24,22,-109.95,23,-110.81,9,-114.23,8,-114.60,4037.59,2700.00,1.50,2,26,0.09,NLOS,113.46,2.92,-96.16,-68.38,3.78,55.68,0,19,-101.56,27,-107.06,33,-112.56,32,-114.81,14,-116.41,20,-116.43,7496.28,3900.00,1.50,2,53,0.06,NLOS,117.33,-6.68,-90.44,-62.65,14.54,25.75,0,60,-109.24,59,-110.67,54,-112.27,48,-115.24,52,-116.05,66,-117.20,3255.43,2900.00,1.50,0,20,0.04,NLOS,122.96,-4.87,-97.87,-70.09,5.11,38.58,0,13,-105.29,26,-109.76,19,-113.06,7,-115.53,14,-116.12,27,-117.06
108,2445.34,2900.00,1.50,2,13,0.06,LOS,88.90,-1.83,-66.85,-39.07,36.75,56.75,0,6,-106.97,7,-109.84,14,-110.35,0,-112.94,8,-119.17,19,-119.28,3048.47,4900.00,1.50,0,14,0.01,LOS,112.59,-1.71,-90.66,-62.88,13.80,52.93,0,22,-94.38,15,-105.05,16,-113.25,29,-117.13,23,-117.33,21,-118.01,4022.12,2700.00,1.50,2,26,0.08,NLOS,114.32,-5.96,-88.14,-60.36,11.15,55.68,0,19,-100.08,27,-110.15,32,-113.18,34,-113.60,20,-114.93,14,-116.92,7489.13,3900.00,1.50,2,53,0.06,NLOS,117.03,-6.68,-90.14,-62.36,14.91,25.75,0,60,-109.44,59,-110.76,54,-112.22,48,-115.18,52,-116.03,66,-117.29,3266.14,2900.00,1.50,0,20,0.04,NLOS,122.74,-8.43,-94.08,-66.30,7.91,38.58,0,19,-104.98,13,-106.31,21,-113.83,7,-116.07,1,-116.96,6,-117.57
109,2429.57,2900.00,1.50,2,13,0.06,LOS,89.53,-5.93,-63.38,-35.60,35.09,56.75,0,7,-100.58,14,-102.92,1,-118.15,6,-119.12,28,-119.21,20,-119.42,3063.17,4900.00,1.50,0,14,0.01,LOS,112.64,-1.71,-90.71,-62.93,14.07,52.93,0,22,-93.85,15,-105.42,16,-113.45,29,-116.95,23,-117.23,21,-117.87,4006.65,2700.00,1.50,2,26,0.08,NLOS,115.15,-5.96,-88.98,-61.19,10.01,55.68,0,19,-99.70,27,-110.21,32,-113.42,34,-113.68,20,-114.70,14,-116.79,7481.97,3900.00,1.50,2,53,0.07,NLOS,116.73,-6.68,-89.84,-62.06,15.28,25.75,0,60,-109.64,59,-110.85,54,-112.16,48,-115.13,52,-116.01,66,-117.39,3276.86,2900.00,1.50,0,20,0.04,NLOS,122.51,-8.43,-93.86,-66.08,8.18,38.58,0,19,-104.84,13,-106.65,21,-113.81,7,-116.20,1,-117.04,6,-117.70
110,2413.81,2900.00,1.50,2,13,0.06,LOS,90.33,-5.93,-64.18,-36.40,34.10,56.75,0,7,-100.22,14,-103.04,1,-118.00,6,-118.85,28,-119.29,20,-119.64,3077.87,4900.00,1.50,0,14,0.01,LOS,112.69,-5.32,-87.16,-59.37,19.28,52.93,0,16,-104.83,15,-107.16,22,-107.83,29,-111.54,21,-117.79,28,-120.49,4000.00,2691.18,1.50,3,26,0.07,NLOS,115.75,-1.55,-93.98,-66.20,9.16,55.68,0,19,-106.13,20,-107.22,27,-117.84,32,-118.23,33,-118.55,14,-118.60,7474.82,3900.00,1.50,2,53,0.07,NLOS,116.43,-3.87,-92.35,-64.57,10.67,25.75,0,59,-104.97,60,-112.51,47,-112.60,54,-114.83,66,-115.07,67,-115.54,3287.58,2900.00,1.50,0,20,0.04,NLOS,122.30,-8.43,-93.65,-65.86,8.44,38.58,0,19,-104.71,13,-106.99,21,-113.78,7,-116.33,1,-117.12,6,-117.82
111,2401.95,2900.00,1.50,0,13,0.05,LOS,90.91,-1.78,-68.91,-41.13,35.48,56.75,0,6,-109.28,14,-110.40,7,-111.48,19,-112.82,0,-115.43,2,-115.98,3092.58,4900.00,1.50,0,14,0.01,LOS,112.74,-5.32,-87.21,-59.43,19.53,52.93,0,16,-105.04,22,-107.27,15,-107.54,29,-111.36,21,-117.65,28,-120.29,4000.00,2675.72,1.50,3,26,0.07,NLOS,116.21,-1.55,-94.45,-66.66,8.69,55.68,0,19,-105.91,20,-107.48,27,-118.09,32,-118.16,33,-118.67,14,-118.70,7467.67,3900.00,1.50,2,53,0.07,NLOS,116.13,-3.87,-92.05,-64.27,11.03,25.75,0,59,-105.06,47,-112.48,60,-112.70,54,-114.77,66,-115.16,67,-115.62,3298.29,2900.00,1.50,0,19,0.03,NLOS,126.28,-5.01,-101.05,-73.27,-0.27,38.58,1,13,-103.44,20,-104.85,14,-116.55,6,-117.48,33,-117.67,7,-119.86
112,2417.72,2900.00,1.50,0,13,0.06,LOS,90.14,-1.78,-68.14,-40.36,36.33,56.75,0,6,-109.54,14,-110.28,7,-111.84,19,-112.62,0,-115.66,2,-116.06,3107.28,4900.00,1.50,0,14,0.01,LOS,112.80,-1.35,-91.24,-63.46,4.93,52.93,0,22,-91.72,15,-96.22,16,-100.75,23,-111.67,9,-120.05,29,-120.16,4000.00,2660.25,1.50,3,26,0.07,NLOS,116.70,-1.57,-94.91,-67.12,4.11,55.68,0,19,-99.72,20,-111.57,27,-112.66,13,-115.18,32,-116.19,33,-116.54,7460.51,3900.00,1.50,2,53,0.07,NLOS,115.83,-3.87,-91.75,-63.96,11.40,25.75,0,59,-105.16,47,-112.36,60,-112.89,54,-114.72,66,-115.25,48,-115.61,3309.01,2900.00,1.50,0,19,0.03,NLOS,126.15,-5.01,-100.93,-73.15,-0.05,38.58,0,13,-103.77,20,-104.65,14,-116.66,33,-117.56,6,-117.60,7,-119.99
113,2433.48,2900.00,1.50,0,13,0.06,LOS,89.33,1.80,-70.91,-43.13,27.51,56.75,0,7,-99.33,14,-108.12,6,-109.89,0,-115.00,21,-118.10,1,-119.66,3121.98,4900.00,1.50,0,14,0.01,LOS,112.86,-1.35,-91.30,-63.52,5.24,52.93,0,22,-91.12,15,-96.59,16,-100.97,23,-111.58,29,-119.98,9,-120.27,4000.00,2644.78,1.50,3,26,0.06,NLOS,117.19,-1.57,-95.40,-67.62,3.46,55.68,0,19,-99.52,20,-111.83,27,-112.90,13,-115.21,32,-116.13,33,-116.65,7453.36,3900.00,1.50,2,53,0.07,NLOS,115.53,-3.87,-91.44,-63.66,11.75,25.75,0,59,-105.25,47,-112.24,60,-113.08,54,-114.67,66,-115.34,48,-115.56,3319.72,2900.00,1.50,0,19,0.03,NLOS,126.03,-5.01,-100.81,-73.03,0.14,38.58,0,13,-104.09,20,-104.45,14,-116.76,33,-117.46,6,-117.72,7,-120.11
114,2449.24,2900.00,1.50,0,13,0.07,LOS,88.79,1.80,-70.37,-42.59,28.35,56.75,0,7,-99.68,14,-108.01,6,-110.16,0,-115.22,21,-117.99,1,-119.81,3136.69,4900.00,1.50,0,14,0.01,LOS,112.92,-2.99,-89.71,-61.93,14.26,52.93,0,22,-99.59,21,-106.16,15,-108.42,29,-112.93,9,-115.48,24,-117.35,4000.00,2629.31,1.50,3,26,0.06,NLOS,117.70,-0.55,-96.94,-69.16,9.04,55.68,0,19,-107.72,20,-114.64,27,-117.05,15,-117.88,14,-119.09,21,-120.67,7446.21,3900.00,1.50,2,53,0.08,NLOS,115.22,6.34,-101.34,-73.56,4.49,25.75,0,47,-110.07,61,-112.25,60,-112.80,46,-113.67,54,-113.70,56,-118.00,3330.44,2900.00,1.50,0,13,0.03,NLOS,127.69,-8.21,-99.26,-71.48,4.55,38.58,1,20,-106.24,26,-109.43,21,-110.70,19,-112.87,6,-113.20,14,-115.00
115,2465.00,2900.00,1.50,0,13,0.07,LOS,88.30,2.08,-70.16,-42.38,33.90,56.75,0,7,-107.24,6,-109.12,20,-113.89,19,-117.32,14,-119.22,33,-121.04,3151.39,4900.00,1.50,0,14,0.01,LOS,112.99,-2.99,-89.77,-61.99,14.25,52.93,0,22,-98.94,21,-106.04,15,-108.79,29,-112.75,9,-115.69,24,-117.32,4000.00,2613.85,1.50,3,26,0.06,NLOS,118.22,-0.55,-97.45,-69.67,8.45,55.68,0,19,-107.53,20,-114.89,27,-117.28,15,-117.97,14,-119.19,32,-120.75,7439.06,3900.00,1.50,2,53,0.08,NLOS,114.92,6.34,-101.04,-73.26,4.77,25.75,0,47,-109.94,61,-112.29,60,-112.99,46,-113.58,54,-113.65,56,-118.00,3341.16,2900.00,1.50,0,13,0.03,NLOS,127.99,-8.21,-99.56,-71.78,4.16,38.58,0,20,-106.06,26,-109.23,21,-110.68,19,-112.76,6,-113.32,14,-115.11
116,2480.77,2900.00,1.50,0,13,0.08,LOS,87.79,2.08,-69.65,-41.87,34.63,56.75,0,7,-107.59,6,-109.39,20,-113.65,19,-117.11,14,-119.11,33,-120.94,3166.10,4900.00,1.50,0,14,0.01,LOS,113.05,0.49,-93.33,-65.55,14.20,52.93,0,22,-92.88,17,-109.37,15,-109.57,16,-111.12,21,-112.83,23,-118.08,4000.00,2598.38,1.50,3,26,0.06,NLOS,118.74,1.64,-100.16,-72.37,2.70,55.68,0,19,-104.82,27,-110.47,13,-111.31,21,-113.75,20,-115.55,14,-115.81,7431.90,3900.00,1.50,2,53,0.08,NLOS,114.62,6.34,-100.74,-72.96,5.04,25.75,0,47,-109.82,61,-112.34,60,-113.17,46,-113.49,54,-113.60,56,-118.00,3351.87,2900.00,1.50,0,13,0.03,NLOS,128.29,-8.21,-99.86,-72.08,3.77,38.58,0,20,-105.89,26,-109.03,21,-110.66,19,-112.66,6,-113.43,14,-115.22
117,2496.53,2900.00,1.50,0,13,0.08,LOS,87.25,3.67,-70.70,-42.92,34.49,56.75,0,7,-109.08,6,-111.87,1,-112.14,20,-113.10,14,-114.34,19,-118.49,3180.80,4900.00,1.50,0,14,0.01,LOS,113.12,0.49,-93.39,-65.61,14.33,52.93,0,22,-92.19,17,-109.42,15,-109.94,16,-111.35,21,-112.72,23,-118.00,4000.00,2582.91,1.50,3,26,0.05,NLOS,119.26,1.64,-100.68,-72.90,2.13,55.68,0,19,-104.65,27,-110.70,13,-111.35,21,-113.90,20,-115.80,14,-115.92,7424.75,3900.00,1.50,2,53,0.08,NLOS,114.32,6.34,-100.44,-72.66,5.30,25.75,0,47,-109.70,61,-112.38,60,-113.35,46,-113.40,54,-113.56,56,-117.99,3362.59,2900.00,1.50,0,20,0.05,NLOS,120.97,-1.84,-98.91,-71.13,2.82,38.58,1,14,-106.23,13,-107.46,21,-107.63,26,-112.31,7,-113.38,15,-115.90
118,2512.29,2900.00,1.50,0,13,0.09,LOS,86.68,3.67,-70.13,-42.35,35.20,56.75,0,7,-109.43,6,-112.14,1,-112.29,20,-112.86,14,-114.24,19,-118.27,3195.50,4900.00,1.50,0,14,0.01,LOS,113.19,6.46,-99.43,-71.65,7.67,52.93,0,22,-104.21,16,-106.73,15,-108.97,21,-112.48,10,-115.23,29,-117.49,4000.00,2567.44,1.50,3,26,0.05,NLOS,119.78,2.37,-101.93,-74.15,-3.49,55.68,0,19,-99.28,20,-107.73,32,-113.74,14,-115.81,27,-117.38,33,-118.25,7417.60,3900.00,1.50,2,53,0.08,NLOS,114.02,2.77,-96.57,-68.79,5.66,25.75,0,47,-107.77,52,-107.84,60,-109.45,54,-110.57,59,-112.59,66,-112.67,3373.30,2900.00,1.50,0,20,0.05,NLOS,120.81,-1.84,-98.75,-70.97,3.07,38.58,0,14,-106.34,21,-107.62,13,-107.75,26,-112.10,7,-113.50,15,-115.93
119,2528.06,2900.00,1.50,0,13,0.10,LOS,86.08,6.66,-72.53,-44.74,27.83,56.75,0,7,-101.53,19,-110.76,14,-110.88,6,-113.54,1,-114.12,28,-125.00,3210.21,4900.00,1.50,0,14,0.01,LOS,113.26,6.46,-99.50,-71.72,7.80,52.93,0,22,-103.46,16,-106.96,15,-109.33,21,-112.37,10,-115.36,29,-117.30,4000.00,2551.97,1.50,3,19,0.03,NLOS,125.79,-6.44,-99.13,-71.35,1.92,55.68,1,26,-102.45,20,-107.98,32,-113.70,14,-115.91,27,-117.60,33,-118.37,7410.44,3900.00,1.50,2,53,0.09,NLOS,113.72,2.77,-96.28,-68.50,5.95,25.75,0,47,-107.64,52,-107.82,60,-109.63,54,-110.53,59,-112.68,66,-112.76,3384.02,2900.00,1.50,0,20,0.05,NLOS,120.67,-1.84,-98.60,-70.82,3.30,38.58,0,14,-106.45,21,-107.60,13,-108.04,26,-111.90,7,-113.63,15,-115.97
120,2543.82,2900.00,1.50,0,13,0.11,LOS,85.44,6.66,-71.89,-44.11,28.70,56.75,0,7,-101.87,19,-110.54,14,-110.80,6,-113.80,1,-114.27,28,-124.92,3224.91,4900.00,1.50,0,14,0.01,LOS,113.33,0.06,-93.17,-65.38,15.29,52.93,0,22,-97.92,15,-110.79,16,-112.78,13,-115.29,3,-115.93,23,-116.18,4000.00,2536.51,1.50,3,26,0.05,NLOS,120.82,-0.48,-100.13,-72.34,4.54,55.68,1,32,-107.22,20,-111.69,19,-113.43,33,-114.93,13,-120.85,34,-122.76,7403.29,3900.00,1.50,2,53,0.09,NLOS,113.43,2.77,-95.98,-68.20,6.24,25.75,0,47,-107.52,52,-107.80,60,-109.80,54,-110.48,59,-112.78,66,-112.85,3394.74,2900.00,1.50,0,20,0.05,NLOS,120.53,-1.51,-98.81,-71.02,6.37,38.58,0,19,-109.35,13,-110.80,21,-111.73,28,-117.66,27,-118.44,14,-118.88
121,2559.58,2900.00,1.50,0,13,0.13,LOS,84.77,-0.05,-64.50,-36.72,39.08,56.75,0,6,-106.83,7,-108.61,14,-114.04,19,-114.64,8,-119.87,39,-120.11,3239.61,4900.00,1.50,0,14,0.01,LOS,113.40,0.06,-93.24,-65.46,15.42,52.93,0,22,-97.10,15,-111.14,16,-113.01,13,-115.32,3,-116.05,23,-116.12,4000.00,2521.04,1.50,3,26,0.05,NLOS,121.33,-0.48,-100.64,-72.86,4.05,55.68,0,32,-107.19,20,-111.93,19,-113.30,33,-115.06,13,-120.90,34,-122.87,7403.86,3900.00,1.50,0,53,0.09,NLOS,113.45,2.77,-96.01,-68.22,6.21,25.75,0,47,-107.53,52,-107.81,60,-109.79,54,-110.49,59,-112.77,66,-112.84,3405.45,2900.00,1.50,0,20,0.05,NLOS,120.41,-1.51,-98.68,-70.90,6.53,38.58,0,19,-109.28,13,-111.08,21,-111.72,28,-117.62,27,-118.32,14,-119.00
122,2575.34,2900.00,1.50,0,13,0.14,LOS,84.04,-0.05,-63.78,-36.00,40.00,56.75,0,6,-107.10,7,-108.95,14,-113.96,19,-114.41,8,-119.95,39,-120.02,3254.32,4900.00,1.50,0,14,0.01,LOS,113.48,1.49,-94.75,-66.97,9.88,52.93,0,22,-91.81,21,-105.86,15,-111.33,23,-112.36,16,-115.93,29,-117.14,4000.00,2505.57,1.50,3,26,0.04,NLOS,121.84,-1.60,-100.03,-72.24,5.07,55.68,0,19,-105.45,7,-115.63,20,-121.17,27,-121.18,34,-122.36,28,-122.45,7411.02,3900.00,1.50,0,53,0.09,NLOS,113.75,2.77,-96.30,-68.52,5.93,25.75,0,47,-107.65,52,-107.82,60,-109.61,54,-110.53,59,-112.68,66,-112.75,3416.17,2900.00,1.50,0,20,0.05,NLOS,120.29,-1.51,-98.57,-70.79,6.68,38.58,0,19,-109.22,13,-111.35,21,-111.70,28,-117.57,27,-118.21,14,-119.11
123,2591.11,2900.00,1.50,0,13,0.16,LOS,83.27,1.83,-64.89,-37.11,35.81,56.75,0,7,-102.37,19,-107.79,6,-110.71,1,-117.23,15,-119.15,20,-119.57,3269.02,4900.00,1.50,0,22,0.09,NLOS,113.46,-2.32,-90.92,-63.14,12.60,52.93,1,14,-94.82,21,-105.76,15,-111.67,23,-112.30,16,-116.16,29,-116.94,4000.00,2509.90,1.50,1,26,0.05,NLOS,121.70,-1.60,-99.88,-72.10,5.24,55.68,0,19,-105.48,7,-115.62,20,-121.10,27,-121.12,34,-122.32,28,-122.41,7418.17,3900.00,1.50,0,53,0.08,NLOS,114.04,-6.72,-87.11,-59.33,10.44,25.75,0,59,-100.28,60,-101.70,46,-111.67,55,-112.82,61,-113.70,52,-115.64,3426.88,2900.00,1.50,0,20,0.05,NLOS,120.19,-1.02,-98.96,-71.18,-1.57,38.58,0,19,-99.63,13,-103.27,26,-109.53,21,-111.47,27,-112.13,7,-113.31
124,2600.00,2900.00,1.50,1,13,0.18,LOS,82.82,1.83,-64.43,-36.65,36.38,0.00,0,7,-102.55,19,-107.66,6,-110.86,1,-117.32,15,-119.14,20,-119.42,3283.73,4900.00,1.50,0,22,0.10,NLOS,112.54,-6.18,-86.14,-58.36,15.70,52.93,0,14,-88.50,16,-106.62,29,-108.40,21,-109.14,15,-110.64,23,-111.36,4000.00,2525.36,1.50,1,26,0.05,NLOS,121.19,-1.60,-99.38,-71.59,5.84,55.68,0,19,-105.59,7,-115.58,20,-120.86,27,-120.91,34,-122.21,28,-122.29,7425.32,3900.00,1.50,0,53,0.08,NLOS,114.34,-6.72,-87.41,-59.63,10.02,25.75,0,59,-100.18,60,-101.52,46,-111.76,55,-112.83,61,-113.66,52,-115.66,3437.60,2900.00,1.50,0,20,0.05,NLOS,120.11,-1.02,-98.87,-71.09,-1.46,38.58,0,19,-99.59,13,-103.53,26,-109.31,21,-111.46,27,-112.01,7,-113.43
125,2600.00,2900.00,1.50,1,13,0.18,LOS,82.82,1.83,-64.43,-36.65,36.38,0.00,0,7,-102.55,19,-107.66,6,-110.86,1,-117.32,15,-119.14,20,-119.42,3298.43,4900.00,1.50,0,22,0.11,NLOS,111.58,-6.18,-85.18,-57.40,16.72,52.93,0,14,-88.58,16,-106.85,29,-108.20,21,-109.06,15,-110.97,23,-111.30,4000.00,2540.83,1.50,1,26,0.05,NLOS,120.68,-5.70,-94.76,-66.98,4.72,55.68,0,19,-100.41,27,-109.57,20,-111.63,14,-114.91,32,-117.55,28,-118.32,7432.48,3900.00,1.50,0,53,0.08,NLOS,114.64,-6.72,-87.71,-59.93,9.60,25.75,0,59,-100.09,60,-101.33,46,-111.85,55,-112.83,61,-113.61,52,-115.68,3448.32,2900.00,1.50,0,20,0.05,NLOS,120.03,-1.02,-98.80,-71.01,-1.37,38.58,0,19,-99.54,13,-103.79,26,-109.09,21,-111.46,27,-111.90,7,-113.55
126,2600.00,2900.00,1.50,1,13,0.18,LOS,82.82,1.83,-64.43,-36.65,36.38,0.00,0,7,-102.55,19,-107.66,6,-110.86,1,-117.32,15,-119.14,20,-119.42,3313.13,4900.00,1.50,0,22,0.12,NLOS,110.57,-4.07,-86.28,-58.50,16.31,52.93,0,14,-96.83,28,-105.49,23,-107.66,15,-114.18,27,-114.77,30,-115.05,4000.00,2556.30,1.50,1,26,0.05,NLOS,120.16,-5.70,-94.24,-66.46,5.32,55.68,0,19,-100.55,27,-109.36,20,-111.39,14,-114.81,32,-117.59,28,-118.20,7439.63,3900.00,1.50,0,53,0.08,NLOS,114.95,-6.72,-88.01,-60.23,9.18,25.75,0,59,-99.99,60,-101.15,46,-111.94,55,-112.84,61,-113.57,52,-115.70,3459.03,2900.00,1.50,0,20,0.05,NLOS,119.97,-1.08,-98.67,-70.89,6.41,38.58,0,19,-107.67,21,-112.29,26,-115.44,13,-116.31,27,-117.17,15,-118.14
127,2600.00,2900.00,1.50,1,13,0.18,LOS,82.82,1.83,-64.43,-36.65,36.38,0.00,0,7,-102.55,19,-107.66,6,-110.86,1,-117.32,15,-119.14,20,-119.42,3327.84,4900.00,1.50,0,22,0.13,NLOS,109.53,-4.07,-85.24,-57.45,17.24,52.93,0,14,-96.91,28,-105.25,23,-107.61,15,-114.51,27,-114.67,30,-114.97,4000.00,2571.77,1.50,1,26,0.05,NLOS,119.64,1.09,-100.51,-72.73,5.81,55.68,0,19,-109.10,20,-111.04,13,-114.81,39,-115.23,21,-117.31,40,-121.74,7446.78,3900.00,1.50,0,53,0.08,NLOS,115.25,2.80,-97.83,-70.05,9.62,25.75,0,59,-111.38,52,-112.21,65,-114.02,54,-116.78,47,-119.22,40,-120.67,3469.75,2900.00,1.50,0,20,0.05,NLOS,119.92,-1.08,-98.62,-70.84,6.43,38.58,0,19,-107.64,21,-112.29,26,-115.21,13,-116.57,27,-117.06,15,-118.18
128,2600.00,2900.00,1.50,1,13,0.18,LOS,82.82,1.83,-64.43,-36.65,36.38,0.00,0,7,-102.55,19,-107.66,6,-110.86,1,-117.32,15,-119.14,20,-119.42,3342.54,4900.00,1.50,0,22,0.14,NLOS,108.44,0.26,-88.48,-60.69,12.02,52.93,0,14,-94.83,15,-104.52,21,-104.82,28,-111.98,29,-112.48,16,-113.46,4000.00,2587.24,1.50,1,26,0.05,NLOS,119.11,1.09,-99.99,-72.21,6.32,55.68,0,19,-109.27,20,-110.79,13,-114.77,39,-115.21,21,-117.16,40,-121.67,7453.94,3900.00,1.50,0,53,0.07,NLOS,115.55,2.80,-98.13,-70.35,9.30,25.75,0,59,-111.29,52,-112.23,65,-113.96,54,-116.83,47,-119.34,40,-120.74,3480.46,2900.00,1.50,0,20,0.05,NLOS,119.89,-1.08,-98.59,-70.81,6.44,38.58,0,19,-107.62,21,-112.28,26,-114.97,13,-116.82,27,-116.94,15,-118.22
129,2600.00,2900.00,1.50,1,13,0.18,LOS,82.82,1.83,-64.43,-36.65,36.38,0.00,0,7,-102.55,19,-107.66,6,-110.86,1,-117.32,15,-119.14,20,-119.42,3357.24,4900.00,1.50,0,22,0.16,NLOS,107.30,0.26,-87.34,-59.56,13.23,52.93,0,14,-94.92,21,-104.76,15,-104.83,28,-111.73,29,-112.28,16,-113.69,4000.00,2602.70,1.50,1,26,0.06,NLOS,118.59,-10.96,-87.41,-59.63,19.39,55.68,0,20,-107.80,13,-112.47,19,-115.01,41,-115.88,45,-123.51,6,-125.37,7461.09,3900.00,1.50,0,53,0.07,NLOS,115.85,2.80,-98.43,-70.65,8.97,25.75,0,59,-111.19,52,-112.25,65,-113.90,54,-116.88,47,-119.46,40,-120.81,3491.18,2900.00,1.50,0,20,0.05,NLOS,119.87,-5.43,-94.22,-66.44,7.79,38.58,0,19,-105.36,26,-110.09,27,-110.44,13,-110.69,14,-112.54,32,-118.24
130,2600.00,2900.00,1.50,1,13,0.18,LOS,82.82,1.83,-64.43,-36.65,36.38,0.00,0,7,-102.55,19,-107.66,6,-110.86,1,-117.32,15,-119.14,20,-119.42,3371.95,4900.00,1.50,0,22,0.18,NLOS,106.13,-10.31,-75.60,-47.82,20.74,52.93,0,14,-91.41,15,-96.42,17,-110.39,27,-112.51,1,-115.18,9,-115.46,4000.00,2618.17,1.50,1,26,0.06,NLOS,118.07,-10.96,-86.89,-59.11,19.74,55.68,0,20,-107.55,13,-112.43,19,-115.19,41,-115.81,45,-123.51,6,-125.39,7468.24,3900.00,1.50,0,53,0.07,NLOS,116.16,2.80,-98.74,-70.96,8.65,25.75,0,59,-111.10,52,-112.27,65,-113.85,54,-116.93,47,-119.58,40,-120.88,3501.90,2900.00,1.50,0,20,0.05,NLOS,119.87,-5.43,-94.21,-66.43,7.78,38.58,0,19,-105.36,26,-109.85,27,-110.33,13,-110.93,14,-112.65,32,-118.13
131,2600.00,2900.00,1.50,1,13,0.18,LOS,82.82,1.83,-64.43,-36.65,36.38,0.00,0,7,-102.55,19,-107.66,6,-110.86,1,-117.32,15,-119.14,20,-119.42,3386.65,4900.00,1.50,0,22,0.20,NLOS,104.94,-10.31,-74.40,-46.62,22.24,52.93,0,14,-91.50,15,-96.73,17,-110.46,27,-112.41,1,-115.26,9,-115.64,4000.00,2633.64,1.50,1,26,0.06,NLOS,117.56,-0.24,-97.10,-69.32,11.40,55.68,0,19,-110.22,34,-113.10,14,-116.63,32,-117.31,27,-121.57,17,-121.89,7475.39,3900.00,1.50,0,53,0.07,NLOS,116.46,-1.89,-94.35,-66.57,9.53,25.75,0,60,-106.47,59,-109.35,54,-113.98,40,-114.59,65,-116.06,48,-116.38,3512.61,2900.00,1.50,0,20,0.05,NLOS,119.88,-5.43,-94.22,-66.44,7.76,38.58,0,19,-105.36,26,-109.60,27,-110.22,13,-111.17,14,-112.76,32,-118.02
132,2600.00,2900.00,1.50,1,13,0.18,LOS,82.82,1.83,-64.43,-36.65,36.38,0.00,0,7,-102.55,19,-107.66,6,-110.86,1,-117.32,15,-119.14,20,-119.42,3400.00,4900.00,1.50,1,22,0.22,NLOS,103.83,15.25,-98.86,-71.08,10.77,0.00,0,14,-102.00,28,-114.57,21,-116.47,16,-117.23,15,-117.50,17,-118.08,4000.00,2649.11,1.50,1,26,0.06,NLOS,117.05,-0.24,-96.59,-68.81,12.02,55.68,0,19,-110.42,34,-112.98,14,-116.53,32,-117.37,27,-121.34,17,-121.82,7482.55,3900.00,1.50,0,53,0.07,NLOS,116.76,-1.89,-94.65,-66.87,9.10,25.75,0,60,-106.28,59,-109.25,54,-114.04,40,-114.66,65,-116.01,48,-116.43,3523.33,2900.00,1.50,0,20,0.05,NLOS,119.90,10.89,-110.57,-82.79,-4.77,38.58,0,13,-107.76,14,-114.22,1,-115.03,6,-115.77,19,-116.43,27,-118.90
133,2600.00,2900.00,1.50,1,13,0.18,LOS,82.82,1.83,-64.43,-36.65,36.38,0.00,0,7,-102.55,19,-107.66,6,-110.86,1,-117.32,15,-119.14,20,-119.42,3400.00,4900.00,1.50,1,22,0.22,NLOS,103.83,15.25,-98.86,-71.08,10.77,0.00,0,14,-102.00,28,-114.57,21,-116.47,16,-117.23,15,-117.50,17,-118.08,4000.00,2664.57,1.50,1,26,0.07,NLOS,116.56,-2.98,-93.36,-65.58,13.14,55.68,0,27,-111.67,20,-111.76,19,-113.00,33,-116.42,35,-117.66,13,-117.68,7489.70,3900.00,1.50,0,53,0.06,NLOS,117.06,-1.89,-94.95,-67.17,8.67,25.75,0,60,-106.08,59,-109.16,54,-114.09,40,-114.73,65,-115.95,48,-116.49,3534.04,2900.00,1.50,0,20,0.05,NLOS,119.94,10.89,-110.61,-82.83,-4.66,38.58,0,13,-107.99,14,-114.33,1,-115.10,6,-115.88,19,-116.45,27,-118.79
134,2600.00,2907.88,1.50,1,13,0.17,LOS,83.00,1.83,-64.62,-36.83,36.14,28.37,0,7,-102.45,19,-107.72,6,-110.97,1,-117.27,15,-119.06,20,-119.37,3400.00,4900.00,1.50,1,22,0.22,NLOS,103.83,15.25,-98.86,-71.08,10.77,0.00,0,14,-102.00,28,-114.57,21,-116.47,16,-117.23,15,-117.50,17,-118.08,4000.00,2680.04,1.50,1,26,0.07,NLOS,116.08,-2.98,-92.88,-65.10,13.50,55.68,0,27,-111.43,20,-111.50,19,-113.22,33,-116.31,35,-117.57,13,-117.65,7496.85,3900.00,1.50,0,53,0.06,NLOS,117.35,-1.89,-95.24,-67.46,8.24,25.75,0,60,-105.89,59,-109.06,54,-114.15,40,-114.79,65,-115.89,48,-116.54,3544.76,2900.00,1.50,0,20,0.05,NLOS,119.99,10.89,-110.66,-82.88,-4.57,38.58,0,13,-108.22,14,-114.45,1,-115.18,6,-115.98,19,-116.48,27,-118.68
135,2600.00,2923.64,1.50,1,13,0.16,LOS,83.41,5.10,-68.29,-40.51,35.65,56.75,0,7,-105.08,8,-115.37,20,-116.70,14,-117.36,19,-117.58,21,-119.52,3400.00,4900.00,1.50,1,22,0.22,NLOS,103.83,15.25,-98.86,-71.08,10.77,0.00,0,14,-102.00,28,-114.57,21,-116.47,16,-117.23,15,-117.50,17,-118.08,4000.00,2695.51,1.50,1,26,0.07,NLOS,115.63,-11.05,-84.36,-56.57,16.38,55.68,0,20,-104.02,19,-104.87,21,-111.37,27,-114.21,13,-116.19,39,-118.96,7504.01,3900.00,1.50,0,53,0.06,NLOS,117.65,7.98,-105.41,-77.63,-5.05,25.75,0,60,-104.06,59,-106.05,54,-106.42,61,-114.79,46,-115.47,41,-115.84,3555.47,2900.00,1.50,0,20,0.05,NLOS,120.06,-5.08,-94.76,-66.97,1.91,38.58,0,19,-97.35,14,-108.97,26,-110.58,13,-112.96,27,-116.34,21,-117.26
136,2600.00,2939.41,1.50,1,13,0.15,LOS,83.86,5.10,-68.74,-40.96,35.03,56.75,0,7,-104.89,8,-115.19,20,-116.60,14,-117.02,19,-117.71,21,-119.37,3400.00,4900.00,1.50,1,22,0.22,NLOS,103.83,15.25,-98.86,-71.08,10.77,0.00,0,14,-102.00,28,-114.57,21,-116.47,16,-117.23,15,-117.50,17,-118.08,4000.00,2700.00,1.50,2,26,0.07,NLOS,115.50,-11.05,-84.23,-56.45,16.49,0.00,0,20,-103.95,19,-104.93,21,-111.32,27,-114.14,13,-116.19,39,-118.95,7511.16,3900.00,1.50,0,53,0.06,NLOS,117.94,7.98,-105.70,-77.92,-5.43,25.75,0,60,-103.86,59,-105.96,54,-106.48,61,-114.75,46,-115.55,41,-115.90,3566.19,2900.00,1.50,0,20,0.05,NLOS,120.14,-5.08,-94.83,-67.05,1.87,38.58,0,19,-97.39,14,-109.08,26,-110.32,13,-113.18,27,-116.22,21,-117.27
137,2600.00,2955.17,1.50,1,13,0.14,LOS,84.34,-1.24,-62.88,-35.10,38.00,56.75,0,8,-104.74,7,-106.48,14,-108.89,6,-110.66,21,-113.15,19,-115.94,3400.00,4900.00,1.50,1,22,0.22,NLOS,103.83,15.25,-98.86,-71.08,10.77,0.00,0,14,-102.00,28,-114.57,21,-116.47,16,-117.23,15,-117.50,17,-118.08,4000.00,2700.00,1.50,2,26,0.07,NLOS,115.50,-11.05,-84.23,-56.45,16.49,0.00,0,20,-103.95,19,-104.93,21,-111.32,27,-114.14,13,-116.19,39,-118.95,7518.31,3900.00,1.50,0,53,0.06,NLOS,118.23,7.98,-106.00,-78.21,-5.82,25.75,0,60,-103.66,59,-105.86,54,-106.54,61,-114.71,46,-115.64,41,-115.96,3576.91,2900.00,1.50,0,20,0.05,NLOS,120.23,-5.08,-94.93,-67.15,1.82,38.58,0,19,-97.45,14,-109.20,26,-110.05,13,-113.40,27,-116.11,21,-117.28
138,2600.00,2970.93,1.50,1,13,0.13,LOS,84.82,-1.24,-63.37,-35.58,37.36,56.75,0,8,-104.56,7,-106.30,14,-108.54,6,-110.88,21,-113.00,19,-116.07,3400.00,4900.00,1.50,1,22,0.22,NLOS,103.83,15.25,-98.86,-71.08,10.77,0.00,0,14,-102.00,28,-114.57,21,-116.47,16,-117.23,15,-117.50,17,-118.08,4000.00,2700.00,1.50,2,26,0.07,NLOS,115.50,-11.05,-84.23,-56.45,16.49,0.00,0,20,-103.95,19,-104.93,21,-111.32,27,-114.14,13,-116.19,39,-118.95,7525.47,3900.00,1.50,0,53,0.06,NLOS,118.52,7.98,-106.28,-78.50,-6.21,25.75,0,60,-103.45,59,-105.77,54,-106.61,61,-114.66,46,-115.72,41,-116.02,3587.62,2900.00,1.50,0,20,0.05,NLOS,120.33,-2.82,-97.30,-69.51,-3.05,38.58,0,26,-94.78,19,-105.15,14,-110.48,6,-112.07,21,-116.27,22,-117.90
139,2600.00,2986.70,1.50,1,13,0.12,LOS,85.32,-3.56,-61.54,-33.76,41.21,56.75,0,7,-104.32,0,-109.91,6,-113.13,14,-113.33,20,-113.93,1,-114.33,3400.00,4900.00,1.50,1,22,0.22,NLOS,103.83,15.25,-98.86,-71.08,10.77,0.00,0,14,-102.00,28,-114.57,21,-116.47,16,-117.23,15,-117.50,17,-118.08,4000.00,2700.00,1.50,2,26,0.07,NLOS,115.50,-11.05,-84.23,-56.45,16.49,0.00,0,20,-103.95,19,-104.93,21,-111.32,27,-114.14,13,-116.19,39,-118.95,7532.62,3900.00,1.50,0,53,0.06,NLOS,118.81,7.26,-105.85,-78.07,-2.22,25.75,0,60,-105.75,66,-107.73,59,-111.09,54,-113.34,52,-117.26,47,-118.72,3598.34,2900.00,1.50,0,20,0.05,NLOS,120.45,-2.82,-97.41,-69.63,-3.40,38.58,0,26,-94.51,19,-105.22,14,-110.59,6,-112.18,21,-116.28,22,-117.90
140,2600.00,3002.46,1.50,1,13,0.11,LOS,85.81,-3.56,-62.04,-34.26,40.58,56.75,0,7,-104.15,0,-109.93,14,-112.97,6,-113.35,20,-113.85,1,-114.24,3400.00,4900.00,1.50,1,22,0.22,NLOS,103.83,15.25,-98.86,-71.08,10.77,0.00,0,14,-102.00,28,-114.57,21,-116.47,16,-117.23,15,-117.50,17,-118.08,4000.00,2700.00,1.50,2,26,0.07,NLOS,115.50,-11.05,-84.23,-56.45,16.49,0.00,0,20,-103.95,19,-104.93,21,-111.32,27,-114.14,13,-116.19,39,-118.95,7539.77,3900.00,1.50,0,53,0.05,NLOS,119.10,7.26,-106.14,-78.35,-2.63,25.75,0,60,-105.54,66,-107.64,59,-110.99,54,-113.41,52,-117.29,47,-118.83,3600.00,2900.00,1.50,2,20,0.05,NLOS,120.47,-2.82,-97.43,-69.65,-3.45,0.00,0,26,-94.47,19,-105.23,14,-110.61,6,-112.19,21,-116.28,22,-117.91
141,2600.00,3018.22,1.50,1,13,0.10,LOS,86.31,1.76,-67.84,-40.06,30.80,56.75,0,7,-99.50,8,-108.10,0,-113.30,19,-114.12,6,-116.56,20,-118.10,3400.00,4900.00,1.50,1,22,0.22,NLOS,103.83,15.25,-98.86,-71.08,10.77,0.00,0,14,-102.00,28,-114.57,21,-116.47,16,-117.23,15,-117.50,17,-118.08,4000.00,2700.00,1.50,2,26,0.07,NLOS,115.50,-11.05,-84.23,-56.45,16.49,0.00,0,20,-103.95,19,-104.93,21,-111.32,27,-114.14,13,-116.19,39,-118.95,7546.93,3900.00,1.50,0,53,0.05,NLOS,119.38,7.26,-106.42,-78.64,-3.05,25.75,0,60,-105.33,66,-107.54,59,-110.90,54,-113.48,52,-117.32,47,-118.94,3600.00,2900.00,1.50,2,20,0.05,NLOS,120.47,-2.82,-97.43,-69.65,-3.45,0.00,0,26,-94.47,19,-105.23,14,-110.61,6,-112.19,21,-116.28,22,-117.91
142,2600.00,3033.98,1.50,1,13,0.09,LOS,86.79,1.76,-68.33,-40.54,30.18,56.75,0,7,-99.35,8,-107.92,0,-113.33,19,-114.26,6,-116.78,20,-118.02,3400.00,4907.35,1.50,1,22,0.23,NLOS,103.23,15.25,-98.26,-70.47,11.41,26.47,0,14,-102.08,28,-114.62,21,-116.63,16,-117.14,15,-117.58,17,-118.01,4000.00,2700.00,1.50,2,26,0.07,NLOS,115.50,-11.05,-84.23,-56.45,16.49,0.00,0,20,-103.95,19,-104.93,21,-111.32,27,-114.14,13,-116.19,39,-118.95,7554.08,3900.00,1.50,0,53,0.05,NLOS,119.66,7.26,-106.70,-78.92,-3.47,25.75,0,60,-105.11,66,-107.44,59,-110.81,54,-113.55,52,-117.35,47,-119.05,3600.00,2900.00,1.50,2,20,0.05,NLOS,120.47,-2.82,-97.43,-69.65,-3.45,0.00,0,26,-94.47,19,-105.23,14,-110.61,6,-112.19,21,-116.28,22,-117.91
143,2600.00,3049.75,1.50,1,13,0.08,LOS,87.26,7.91,-74.96,-47.18,23.19,56.75,0,6,-100.58,14,-103.80,20,-108.16,1,-108.60,7,-112.01,21,-116.14,3400.00,4922.06,1.50,1,22,0.26,NLOS,102.04,15.25,-97.06,-69.28,12.67,52.93,0,14,-102.24,28,-114.72,21,-116.95,16,-116.95,15,-117.74,17,-117.86,4000.00,2700.00,1.50,2,26,0.07,NLOS,115.50,-11.05,-84.23,-56.45,16.49,0.00,0,20,-103.95,19,-104.93,21,-111.32,27,-114.14,13,-116.19,39,-118.95,7561.23,3900.00,1.50,0,53,0.05,NLOS,119.93,-4.00,-95.72,-67.93,6.71,25.75,0,60,-107.14,59,-107.16,54,-107.96,45,-117.23,52,-118.14,61,-119.14,3600.00,2900.00,1.50,2,20,0.05,NLOS,120.47,-2.82,-97.43,-69.65,-3.45,0.00,0,26,-94.47,19,-105.23,14,-110.61,6,-112.19,21,-116.28,22,-117.91
144,2600.00,3065.51,1.50,1,13,0.08,LOS,87.72,7.91,-75.42,-47.64,22.72,56.75,0,6,-100.80,14,-103.41,20,-108.10,1,-108.52,7,-111.87,21,-115.99,3400.00,4936.76,1.50,1,22,0.28,NLOS,100.90,10.37,-91.05,-63.27,13.86,52.93,0,14,-88.53,35,-106.83,15,-108.20,23,-110.24,16,-113.71,9,-115.51,4000.00,2700.00,1.50,2,26,0.07,NLOS,115.50,-11.05,-84.23,-56.45,16.49,0.00,0,20,-103.95,19,-104.93,21,-111.32,27,-114.14,13,-116.19,39,-118.95,7568.38,3900.00,1.50,0,53,0.05,NLOS,120.21,-4.00,-95.99,-68.21,6.35,25.75,0,60,-106.92,59,-107.07,54,-108.03,45,-117.27,52,-118.17,61,-119.10,3600.00,2900.00,1.50,2,20,0.05,NLOS,120.47,-2.82,-97.43,-69.65,-3.45,0.00,0,26,-94.47,19,-105.23,14,-110.61,6,-112.19,21,-116.28,22,-117.91
145,2600.00,3081.27,1.50,1,13,0.07,LOS,88.17,2.69,-70.64,-42.86,32.83,56.75,0,7,-107.61,14,-108.79,20,-111.29,6,-112.68,9,-116.45,8,-120.07,3400.00,4951.46,1.50,1,22,0.31,NLOS,99.89,10.37,-90.04,-62.25,14.86,52.93,0,14,-88.69,35,-106.83,15,-108.36,23,-109.97,16,-113.53,9,-115.50,4000.00,2700.00,1.50,2,26,0.07,NLOS,115.50,-11.05,-84.23,-56.45,16.49,0.00,0,20,-103.95,19,-104.93,21,-111.32,27,-114.14,13,-116.19,39,-118.95,7575.54,3900.00,1.50,0,53,0.05,NLOS,120.48,-4.00,-96.26,-68.48,5.99,25.75,0,60,-106.71,59,-106.98,54,-108.10,45,-117.30,52,-118.20,61,-119.06,3600.00,2900.00,1.50,2,20,0.05,NLOS,120.47,-2.82,-97.43,-69.65,-3.45,0.00,0,26,-94.47,19,-105.23,14,-110.61,6,-112.19,21,-116.28,22,-117.91
146,2600.00,3097.04,1.50,1,13,0.07,LOS,88.61,2.69,-71.08,-43.30,32.24,56.75,0,7,-107.49,14,-108.38,20,-111.23,6,-112.90,9,-116.32,8,-119.88,3400.00,4966.17,1.50,1,22,0.33,NLOS,99.05,3.59,-82.42,-54.64,21.19,52.93,0,14,-96.78,29,-106.09,23,-111.92,21,-112.39,30,-113.05,16,-114.06,3992.27,2700.00,1.50,2,26,0.07,NLOS,115.90,-11.05,-84.63,-56.85,15.96,27.84,0,20,-103.83,19,-104.74,21,-111.29,27,-114.17,13,-116.08,39,-119.03,7582.69,3900.00,1.50,0,53,0.05,NLOS,120.75,-4.00,-96.53,-68.75,5.63,25.75,0,60,-106.49,59,-106.89,54,-108.17,45,-117.34,52,-118.23,61,-119.03,3600.00,2900.00,1.50,2,20,0.05,NLOS,120.47,-2.82,-97.43,-69.65,-3.45,0.00,0,26,-94.47,19,-105.23,14,-110.61,6,-112.19,21,-116.28,22,-117.91
147,2612.80,3100.00,1.50,0,13,0.07,LOS,88.50,1.99,-70.27,-42.49,31.25,56.75,0,14,-105.43,6,-107.50,7,-109.44,19,-111.24,8,-113.61,27,-119.93,3400.00,4980.87,1.50,1,22,0.34,NLOS,98.47,3.59,-81.83,-54.05,21.69,52.93,0,14,-96.94,29,-105.96,23,-111.64,21,-112.68,30,-112.92,16,-113.88,3976.80,2700.00,1.50,2,26,0.07,NLOS,116.68,6.36,-102.83,-75.05,-0.77,55.68,0,19,-103.65,20,-108.59,32,-115.31,13,-118.38,21,-119.00,39,-120.59,7589.84,3900.00,1.50,0,53,0.05,NLOS,121.02,5.89,-106.69,-78.91,-3.29,25.75,0,59,-105.10,46,-112.85,60,-112.93,47,-117.83,54,-118.83,48,-119.00,3600.00,2900.00,1.50,2,20,0.05,NLOS,120.47,-2.82,-97.43,-69.65,-3.45,0.00,0,26,-94.47,19,-105.23,14,-110.61,6,-112.19,21,-116.28,22,-117.91
148,2628.56,3100.00,1.50,0,13,0.07,LOS,88.28,1.99,-70.05,-42.27,31.53,56.75,0,14,-105.34,6,-107.69,7,-109.84,19,-111.06,8,-113.73,27,-119.78,3400.00,4995.57,1.50,1,22,0.35,NLOS,98.19,7.60,-85.57,-57.79,14.97,52.93,0,14,-94.39,21,-102.97,16,-105.08,10,-111.38,15,-115.67,9,-117.30,3961.33,2700.00,1.50,2,26,0.06,NLOS,117.44,6.36,-103.58,-75.80,-1.84,55.68,0,19,-103.25,20,-108.37,32,-115.54,13,-118.17,21,-118.95,39,-120.74,7597.00,3900.00,1.50,0,53,0.05,NLOS,121.28,5.89,-106.95,-79.17,-3.62,25.75,0,59,-105.02,60,-112.70,46,-112.93,47,-117.93,54,-118.90,66,-118.93,3600.00,2900.00,1.50,2,20,0.05,NLOS,120.47,-2.82,-97.43,-69.65,-3.45,0.00,0,26,-94.47,19,-105.23,14,-110.61,6,-112.19,21,-116.28,22,-117.91
149,2644.32,3100.00,1.50,0,13,0.07,LOS,88.07,4.40,-72.25,-44.47,29.06,56.75,0,20,-105.57,14,-106.55,7,-108.27,19,-111.71,0,-115.62,6,-119.24,3400.00,5010.28,1.50,1,22,0.35,NLOS,98.26,7.60,-85.64,-57.86,15.00,52.93,0,14,-94.55,21,-103.25,16,-104.90,10,-111.30,15,-115.85,9,-117.30,3945.86,2700.00,1.50,2,26,0.06,NLOS,118.17,-0.08,-97.87,-70.09,4.16,55.68,0,20,-104.51,19,-109.22,27,-110.78,32,-115.11,33,-115.32,45,-120.50,7604.15,3900.00,1.50,0,53,0.05,NLOS,121.54,5.89,-107.21,-79.43,-3.95,25.75,0,59,-104.93,60,-112.48,46,-113.01,47,-118.04,66,-118.83,54,-118.97,3600.00,2900.00,1.50,2,20,0.05,NLOS,120.47,-2.82,-97.43,-69.65,-3.45,0.00,0,26,-94.47,19,-105.23,14,-110.61,6,-112.19,21,-116.28,22,-117.91
150,2660.09,3100.00,1.50,0,13,0.08,LOS,87.89,4.40,-72.07,-44.29,29.16,56.75,0,20,-105.27,14,-106.48,7,-108.66,19,-111.52,0,-115.80,6,-119.44,3400.00,5024.98,1.50,1,22,0.34,NLOS,98.66,7.70,-86.14,-58.36,18.97,52.93,0,14,-94.91,15,-107.71,16,-111.14,23,-114.92,28,-116.91,17,-116.96,3930.39,2700.00,1.50,2,26,0.06,NLOS,118.87,-0.08,-98.57,-70.79,3.28,55.68,0,20,-104.28,19,-108.81,27,-110.86,32,-115.34,33,-115.51,45,-120.60,7611.30,3900.00,1.50,0,53,0.05,NLOS,121.80,5.89,-107.47,-79.69,-4.28,25.75,0,59,-104.84,60,-112.25,46,-113.10,47,-118.14,66,-118.73,54,-119.05,3594.64,2900.00,1.50,2,20,0.05,NLOS,120.41,-2.82,-97.37,-69.59,-3.27,19.29,0,26,-94.60,19,-105.20,14,-110.55,6,-112.14,21,-116.28,22,-117.90
151,2675.85,3100.00,1.50,0,13,0.08,LOS,87.73,-3.13,-64.38,-36.60,43.68,56.75,0,14,-112.24,15,-113.37,6,-114.71,19,-116.74,20,-117.38,8,-119.74,3400.00,5039.69,1.50,1,22,0.32,NLOS,99.36,7.70,-86.84,-59.05,18.31,52.93,0,14,-95.07,15,-107.89,16,-110.97,23,-114.63,17,-116.80,28,-117.04,3914.93,2700.00,1.50,2,26,0.05,NLOS,119.55,7.44,-106.77,-78.99,-0.63,55.68,0,19,-109.23,20,-113.52,27,-113.96,21,-117.81,32,-118.16,34,-120.06,7618.46,3900.00,1.50,0,60,0.04,NLOS,123.18,-6.64,-96.32,-68.54,2.79,25.75,1,53,-101.96,59,-103.24,54,-109.71,69,-117.73,40,-118.78,41,-120.07,3583.93,2900.00,1.50,2,20,0.05,NLOS,120.29,1.36,-101.44,-73.66,-0.61,38.58,0,26,-103.30,19,-105.34,27,-114.18,13,-119.43,6,-119.52,21,-119.77
152,2691.61,3100.00,1.50,0,13,0.08,LOS,87.60,-3.13,-64.25,-36.46,43.79,56.75,0,14,-112.19,15,-113.36,6,-114.90,19,-116.55,20,-117.07,8,-119.86,3400.00,5054.39,1.50,1,22,0.30,NLOS,100.27,11.17,-91.23,-63.44,16.11,52.93,0,14,-95.28,15,-110.89,9,-111.10,16,-115.50,23,-115.98,21,-116.63,3899.46,2700.00,1.50,2,26,0.05,NLOS,120.21,7.44,-107.43,-79.65,-1.52,55.68,0,19,-108.81,20,-113.30,27,-114.04,21,-117.76,32,-118.39,34,-120.15,7625.61,3900.00,1.50,0,60,0.04,NLOS,122.95,-6.64,-96.09,-68.31,3.12,25.75,0,53,-102.21,59,-103.16,54,-109.78,69,-117.71,40,-118.84,41,-120.13,3573.21,2900.00,1.50,2,20,0.05,NLOS,120.19,1.36,-101.34,-73.56,-0.38,38.58,0,26,-103.57,19,-105.28,27,-114.29,13,-119.21,6,-119.42,21,-119.76
153,2707.38,3100.00,1.50,0,13,0.08,LOS,87.49,2.11,-69.38,-41.60,27.08,56.75,0,14,-97.97,19,-103.11,20,-109.97,21,-114.43,6,-115.07,27,-116.87,3400.00,5069.09,1.50,1,22,0.27,NLOS,101.34,11.17,-92.30,-64.51,15.08,52.93,0,14,-95.44,15,-111.08,9,-111.11,16,-115.33,23,-115.67,21,-116.89,3883.99,2700.00,1.50,2,26,0.05,NLOS,120.85,-7.62,-93.02,-65.24,11.10,55.68,0,19,-107.61,20,-108.81,27,-112.16,13,-114.83,32,-119.45,28,-119.86,7632.76,3900.00,1.50,0,60,0.04,NLOS,122.71,-6.64,-95.85,-68.07,3.45,25.75,0,53,-102.46,59,-103.08,54,-109.86,69,-117.69,40,-118.91,41,-120.18,3562.49,2900.00,1.50,2,20,0.05,NLOS,120.11,1.36,-101.25,-73.47,-0.17,38.58,0,26,-103.83,19,-105.23,27,-114.40,13,-118.99,6,-119.31,21,-119.75
154,2723.14,3100.00,1.50,0,13,0.08,LOS,87.42,2.11,-69.31,-41.53,27.08,56.75,0,14,-97.95,19,-102.92,20,-109.64,21,-114.31,6,-115.26,27,-116.72,3400.00,5083.80,1.50,1,22,0.25,NLOS,102.51,-2.86,-79.43,-51.65,30.37,52.93,0,14,-95.58,16,-114.18,23,-115.97,10,-116.46,42,-118.48,29,-119.06,3868.52,2700.00,1.50,2,26,0.05,NLOS,121.47,-7.62,-93.64,-65.86,10.23,55.68,0,19,-107.19,20,-108.60,27,-112.25,13,-114.60,32,-119.67,28,-119.89,7639.92,3900.00,1.50,0,60,0.04,NLOS,122.48,-6.64,-95.62,-67.84,3.77,25.75,0,53,-102.71,59,-102.99,54,-109.94,69,-117.67,40,-118.97,41,-120.24,3551.78,2900.00,1.50,2,19,0.04,NLOS,125.08,-6.47,-98.39,-70.61,8.80,38.58,1,26,-111.10,14,-112.43,13,-114.83,21,-116.67,20,-117.81,22,-118.39
155,2738.90,3100.00,1.50,0,13,0.08,LOS,87.38,1.05,-68.21,-40.43,37.95,56.75,0,14,-108.84,7,-113.47,0,-113.62,20,-115.47,6,-116.54,26,-117.99,3400.00,5098.50,1.50,1,22,0.22,NLOS,103.71,-2.86,-80.63,-52.85,29.06,52.93,0,14,-95.73,16,-114.02,23,-115.65,10,-116.39,42,-118.46,29,-118.96,3853.06,2700.00,1.50,2,26,0.04,NLOS,122.07,0.12,-101.97,-74.19,0.06,55.68,0,19,-102.21,14,-117.93,20,-120.12,27,-121.90,23,-122.19,7,-125.03,7647.07,3900.00,1.50,0,60,0.04,NLOS,122.24,1.91,-103.94,-76.16,-2.38,25.75,0,59,-104.82,53,-107.09,54,-110.87,67,-112.57,66,-115.82,45,-116.68,3541.06,2900.00,1.50,2,19,0.04,NLOS,125.05,-6.47,-98.36,-70.58,8.86,38.58,0,26,-111.36,14,-112.32,13,-114.60,21,-116.66,20,-117.75,22,-118.39
156,2754.66,3100.00,1.50,0,13,0.08,LOS,87.37,1.05,-68.21,-40.43,37.99,56.75,0,14,-108.84,0,-113.79,7,-113.81,20,-115.13,6,-116.73,26,-117.82,3386.80,5100.00,1.50,2,22,0.20,NLOS,104.92,-0.85,-83.86,-56.07,16.13,52.93,0,14,-95.95,21,-100.75,30,-111.92,9,-112.18,29,-112.31,23,-113.05,3837.59,2700.00,1.50,2,26,0.04,NLOS,122.66,0.12,-102.56,-74.77,-0.94,55.68,0,19,-101.78,14,-117.80,20,-119.92,27,-121.99,23,-122.18,7,-124.90,7654.22,3900.00,1.50,0,60,0.04,NLOS,122.00,1.91,-103.70,-75.92,-2.12,25.75,0,59,-104.74,53,-107.33,54,-110.95,67,-112.49,66,-115.71,45,-116.72,3530.35,2900.00,1.50,2,19,0.04,NLOS,125.02,-6.47,-98.33,-70.55,8.90,38.58,0,26,-111.61,14,-112.21,13,-114.37,21,-116.66,20,-117.70,22,-118.39
157,2770.43,3100.00,1.50,0,13,0.08,LOS,87.40,0.47,-67.65,-39.87,32.57,56.75,0,19,-101.71,8,-110.72,14,-112.04,20,-112.15,6,-114.27,7,-115.91,3372.09,5100.00,1.50,2,22,0.18,NLOS,106.12,-0.85,-85.05,-57.27,14.97,52.93,0,14,-95.88,21,-100.78,9,-112.00,30,-112.01,29,-112.56,18,-113.06,3822.12,2700.00,1.50,2,19,0.04,NLOS,122.85,-4.33,-98.30,-70.52,4.91,55.68,1,26,-105.73,20,-107.33,21,-117.19,33,-119.44,32,-120.50,13,-120.65,7661.38,3900.00,1.50,0,60,0.05,NLOS,121.76,1.91,-103.46,-75.68,-1.85,25.75,0,59,-104.66,53,-107.57,54,-111.03,67,-112.41,66,-115.60,45,-116.75,3519.63,2900.00,1.50,2,19,0.04,NLOS,125.00,-13.09,-91.70,-63.92,12.62,38.58,0,14,-106.98,20,-109.72,21,-114.46,13,-115.38,26,-116.28,28,-120.18
158,2786.19,3100.00,1.50,0,13,0.08,LOS,87.46,0.47,-67.71,-39.93,32.38,56.75,0,19,-101.52,8,-110.84,20,-111.80,14,-112.06,6,-114.46,7,-116.24,3357.39,5100.00,1.50,2,22,0.16,NLOS,107.29,-4.06,-83.01,-55.23,18.53,52.93,0,14,-97.76,23,-105.24,15,-109.08,21,-109.26,16,-109.98,27,-112.55,3806.65,2700.00,1.50,2,19,0.04,NLOS,122.41,-4.33,-97.86,-70.08,5.55,55.68,0,26,-106.28,20,-107.13,21,-117.15,33,-119.62,13,-120.41,32,-120.71,7668.53,3900.00,1.50,0,60,0.05,NLOS,121.52,1.91,-103.22,-75.43,-1.59,25.75,0,59,-104.58,53,-107.81,54,-111.11,67,-112.33,66,-115.50,45,-116.79,3508.91,2900.00,1.50,2,19,0.04,NLOS,124.99,-13.09,-91.69,-63.91,12.56,38.58,0,14,-106.87,20,-109.70,21,-114.46,13,-115.14,26,-116.52,28,-120.22
159,2800.00,3098.05,1.50,3,13,0.08,LOS,87.47,2.91,-70.16,-42.38,25.35,56.75,0,14,-95.83,20,-110.14,8,-114.06,6,-114.28,7,-116.97,26,-118.15,3342.68,5100.00,1.50,2,22,0.14,NLOS,108.42,-4.06,-84.15,-56.37,17.36,52.93,0,14,-97.70,23,-105.30,15,-108.85,21,-109.30,16,-109.66,27,-112.63,3800.00,2691.18,1.50,3,19,0.04,NLOS,121.97,-4.32,-97.43,-69.65,3.53,55.68,0,13,-101.37,33,-115.52,26,-116.97,20,-117.05,27,-117.35,14,-121.29,7675.68,3900.00,1.50,0,60,0.05,NLOS,121.27,-0.20,-100.85,-73.07,1.05,25.75,0,59,-104.76,54,-109.98,53,-110.87,52,-111.37,66,-111.86,61,-112.71,3498.20,2900.00,1.50,2,19,0.04,NLOS,124.99,-13.09,-91.69,-63.90,12.49,38.58,0,14,-106.75,20,-109.70,21,-114.46,13,-114.90,26,-116.76,28,-120.26
160,2800.00,3082.28,1.50,3,13,0.09,LOS,86.91,2.91,-69.60,-41.81,26.31,56.75,0,14,-96.26,20,-110.24,6,-114.12,8,-114.22,7,-117.04,26,-118.12,3327.98,5100.00,1.50,2,22,0.13,NLOS,109.52,0.33,-89.63,-61.84,15.19,52.93,0,14,-101.35,15,-107.09,21,-111.23,16,-116.33,23,-116.55,10,-118.99,3800.00,2675.72,1.50,3,19,0.05,NLOS,121.54,-4.32,-97.00,-69.22,4.02,55.68,0,13,-101.40,33,-115.61,26,-117.15,20,-117.40,27,-117.56,14,-121.41,7682.83,3900.00,1.50,0,60,0.05,NLOS,121.03,-0.20,-100.61,-72.83,1.28,25.75,0,59,-104.68,54,-110.06,53,-111.10,52,-111.41,66,-111.75,61,-112.68,3487.48,2900.00,1.50,2,20,0.05,NLOS,119.88,-2.51,-97.15,-69.37,5.82,38.58,1,19,-104.34,27,-111.91,14,-113.18,7,-116.03,6,-118.08,21,-118.53
161,2800.00,3066.52,1.50,3,13,0.10,LOS,86.31,2.55,-68.64,-40.86,35.18,56.75,0,14,-104.93,7,-113.25,6,-115.76,0,-116.13,33,-116.86,20,-121.25,3313.28,5100.00,1.50,2,22,0.12,NLOS,110.56,0.33,-90.67,-62.89,14.00,52.93,0,14,-101.29,15,-106.85,21,-111.27,16,-116.01,23,-116.62,10,-118.85,3800.00,2660.25,1.50,3,20,0.03,NLOS,130.21,-8.77,-101.22,-73.44,3.02,55.68,1,19,-105.68,26,-112.94,13,-114.55,15,-115.61,39,-119.40,28,-119.50,7689.99,3900.00,1.50,0,60,0.05,NLOS,120.78,-0.20,-100.36,-72.58,1.52,25.75,0,59,-104.60,54,-110.15,53,-111.33,52,-111.45,66,-111.64,61,-112.66,3476.77,2900.00,1.50,2,20,0.05,NLOS,119.90,-2.51,-97.18,-69.39,5.81,38.58,0,19,-104.36,27,-112.02,14,-113.06,7,-115.91,6,-117.97,21,-118.53
162,2800.00,3050.76,1.50,3,13,0.11,LOS,85.67,2.55,-68.01,-40.22,36.14,56.75,0,14,-105.34,7,-113.33,6,-115.59,0,-116.10,33,-116.87,20,-121.35,3298.57,5100.00,1.50,2,14,0.01,LOS,115.98,-6.88,-88.89,-61.11,13.87,52.93,1,22,-92.19,21,-103.36,23,-112.00,15,-113.83,24,-114.70,2,-117.93,3800.00,2644.78,1.50,3,20,0.03,NLOS,130.55,-8.77,-101.56,-73.78,2.40,55.68,0,19,-105.25,26,-113.15,13,-114.59,15,-115.72,39,-119.41,28,-119.63,7697.14,3900.00,1.50,0,60,0.05,NLOS,120.53,-0.20,-100.11,-72.33,1.75,25.75,0,59,-104.53,54,-110.23,52,-111.49,66,-111.53,53,-111.55,61,-112.63,3466.05,2900.00,1.50,2,20,0.05,NLOS,119.94,-2.51,-97.21,-69.43,5.80,38.58,0,19,-104.38,27,-112.13,14,-112.95,7,-115.80,6,-117.86,21,-118.54
163,2800.00,3035.00,1.50,3,13,0.12,LOS,85.00,-4.53,-60.25,-32.47,45.90,56.75,0,20,-110.60,14,-113.36,19,-113.95,7,-114.66,22,-115.25,6,-115.52,3283.87,5100.00,1.50,2,14,0.01,LOS,115.92,-6.88,-88.83,-61.04,13.95,52.93,0,22,-93.15,21,-103.41,23,-112.08,15,-113.60,24,-114.72,2,-117.81,3800.00,2629.31,1.50,3,19,0.05,NLOS,120.25,-1.66,-98.38,-70.60,2.80,55.68,1,26,-103.45,27,-109.24,20,-109.29,13,-112.42,32,-112.99,33,-114.79,7704.29,3900.00,1.50,0,60,0.05,NLOS,120.28,0.18,-100.24,-72.46,-0.54,25.75,0,53,-102.53,59,-104.87,61,-110.31,54,-112.64,65,-116.91,66,-117.17,3455.33,2900.00,1.50,2,20,0.05,NLOS,119.99,5.26,-105.03,-77.25,-3.13,38.58,0,19,-106.28,13,-108.36,26,-108.93,14,-112.48,27,-112.64,34,-116.79
164,2800.00,3019.23,1.50,3,13,0.14,LOS,84.27,-4.53,-59.53,-31.74,46.70,56.75,0,20,-110.72,14,-113.75,19,-113.76,7,-114.75,6,-115.35,22,-115.37,3269.16,5100.00,1.50,2,22,0.09,NLOS,113.45,-15.53,-77.70,-49.92,24.05,52.93,1,14,-92.38,28,-104.66,16,-106.84,23,-111.41,3,-115.14,21,-116.29,3800.00,2613.85,1.50,3,19,0.05,NLOS,119.84,-1.66,-97.96,-70.18,3.44,55.68,0,26,-103.67,27,-109.45,20,-109.62,13,-112.47,32,-112.95,33,-114.88,7711.45,3900.00,1.50,0,60,0.05,NLOS,120.03,0.18,-99.98,-72.20,-0.20,25.75,0,53,-102.75,59,-104.80,61,-110.28,54,-112.73,65,-116.85,66,-117.06,3444.62,2900.00,1.50,2,20,0.05,NLOS,120.06,5.26,-105.09,-77.31,-3.20,38.58,0,19,-106.31,13,-108.10,26,-109.15,14,-112.36,27,-112.75,34,-116.86
165,2800.00,3003.47,1.50,3,13,0.16,LOS,83.50,2.68,-65.95,-38.17,35.44,56.75,0,20,-103.73,14,-106.86,19,-112.58,8,-118.02,7,-118.31,39,-118.66,3254.46,5100.00,1.50,2,22,0.08,NLOS,114.34,-15.53,-78.58,-50.80,23.16,52.93,0,14,-92.32,28,-104.85,16,-106.50,23,-111.50,3,-115.02,21,-116.35,3800.00,2598.38,1.50,3,19,0.05,NLOS,119.43,6.94,-106.15,-78.37,-3.10,55.68,0,26,-106.14,13,-106.88,33,-114.68,32,-116.40,27,-116.95,20,-118.11,7718.60,3900.00,1.50,0,60,0.05,NLOS,119.77,0.18,-99.73,-71.95,0.14,25.75,0,53,-102.97,59,-104.73,61,-110.26,54,-112.81,65,-116.79,66,-116.95,3433.90,2900.00,1.50,2,20,0.05,NLOS,120.13,5.26,-105.17,-77.39,-3.29,38.58,0,19,-106.36,13,-107.84,26,-109.38,14,-112.25,27,-112.87,21,-116.91
166,2800.00,2987.71,1.50,3,13,0.18,LOS,82.66,2.68,-65.11,-37.33,36.45,56.75,0,20,-103.86,14,-107.23,19,-112.39,8,-118.18,7,-118.41,39,-118.66,3239.76,5100.00,1.50,2,14,0.01,LOS,115.75,-6.53,-89.00,-61.22,18.05,52.93,1,22,-96.68,15,-108.70,13,-112.85,23,-115.52,28,-115.85,16,-117.57,3800.00,2582.91,1.50,3,19,0.06,NLOS,119.04,6.94,-105.76,-77.98,-2.55,55.68,0,26,-106.38,13,-106.94,33,-114.77,32,-116.37,27,-117.15,20,-118.44,7725.75,3900.00,1.50,0,60,0.05,NLOS,119.52,0.18,-99.48,-71.70,0.47,25.75,0,53,-103.19,59,-104.66,61,-110.23,54,-112.90,65,-116.74,66,-116.84,3423.19,2900.00,1.50,2,20,0.05,NLOS,120.23,-0.12,-99.88,-72.10,4.49,38.58,0,19,-107.40,26,-109.11,15,-112.99,13,-114.97,27,-117.33,34,-121.43
167,2800.00,2971.94,1.50,3,13,0.21,LOS,81.75,1.63,-63.16,-35.38,38.47,56.75,0,6,-102.50,7,-114.33,20,-114.47,14,-114.63,26,-117.81,19,-120.37,3225.05,5100.00,1.50,2,14,0.01,LOS,115.69,-6.53,-88.94,-61.16,17.94,52.93,0,22,-97.49,15,-108.47,13,-112.82,23,-115.62,28,-116.05,16,-117.22,3800.00,2567.44,1.50,3,19,0.06,NLOS,118.66,-16.14,-82.30,-54.52,21.13,55.68,0,26,-106.16,27,-109.30,13,-113.44,20,-114.12,40,-119.32,34,-119.88,7732.91,3900.00,1.50,0,53,0.03,NLOS,125.79,-5.51,-100.06,-72.28,2.88,25.75,1,60,-104.18,61,-111.38,59,-113.92,58,-115.07,54,-115.13,47,-115.36,3412.47,2900.00,1.50,2,20,0.05,NLOS,120.33,-0.12,-99.99,-72.21,4.47,38.58,0,19,-107.46,26,-109.33,15,-112.95,13,-114.70,27,-117.44,34,-121.50
168,2800.00,2956.18,1.50,3,13,0.24,LOS,80.76,1.63,-62.17,-34.39,39.36,56.75,0,6,-102.34,7,-114.44,20,-114.61,14,-114.99,26,-117.80,19,-120.19,3210.35,5100.00,1.50,2,14,0.01,LOS,115.64,-2.08,-93.34,-65.56,18.54,52.93,0,22,-103.62,16,-111.38,23,-112.71,21,-114.80,9,-115.66,15,-119.21,3800.00,2551.97,1.50,3,19,0.06,NLOS,118.30,-16.14,-81.94,-54.16,21.71,55.68,0,26,-106.41,27,-109.50,13,-113.50,20,-114.44,40,-119.38,34,-119.99,7740.06,3900.00,1.50,0,53,0.03,NLOS,126.01,-5.51,-100.28,-72.50,2.48,25.75,0,60,-103.92,61,-111.35,59,-113.86,58,-115.06,54,-115.21,47,-115.45,3401.75,2900.00,1.50,2,20,0.05,NLOS,120.45,-0.12,-100.11,-72.32,4.43,38.58,0,19,-107.52,26,-109.54,15,-112.91,13,-114.43,27,-117.56,34,-121.57
169,2800.00,2940.42,1.50,3,13,0.29,LOS,79.69,3.98,-63.45,-35.66,40.47,56.75,0,20,-107.15,26,-109.74,19,-110.71,8,-114.00,14,-114.23,6,-114.81,3195.65,5100.00,1.50,2,14,0.01,LOS,115.58,-2.08,-93.29,-65.50,18.57,52.93,0,22,-104.38,16,-111.02,23,-112.82,21,-114.88,9,-115.45,15,-118.98,3800.00,2536.51,1.50,3,19,0.06,NLOS,117.97,-4.62,-93.13,-65.35,11.69,55.68,0,26,-106.79,14,-111.18,20,-117.60,13,-120.70,27,-120.91,8,-121.13,7747.21,3900.00,1.50,0,53,0.03,NLOS,126.22,-5.51,-100.49,-72.71,2.08,25.75,0,60,-103.67,61,-111.33,59,-113.79,58,-115.04,54,-115.30,47,-115.54,3408.96,2900.00,1.50,0,26,0.02,NLOS,133.92,-13.87,-99.83,-72.05,2.22,38.58,1,13,-100.42,19,-104.59,20,-108.46,14,-108.47,27,-110.57,33,-114.56
170,2800.00,2924.66,1.50,3,13,0.34,LOS,78.52,3.98,-62.28,-34.50,41.70,56.75,0,20,-107.29,26,-109.73,19,-110.52,8,-114.15,14,-114.58,6,-114.66,3180.94,5100.00,1.50,2,14,0.01,LOS,115.53,1.84,-97.15,-69.37,8.13,52.93,0,22,-94.24,16,-107.63,8,-108.52,10,-108.82,15,-109.52,7,-114.84,3800.00,2521.04,1.50,3,19,0.06,NLOS,117.65,-4.62,-92.82,-65.03,12.23,55.68,0,26,-107.06,14,-111.31,20,-117.90,13,-120.77,27,-121.10,8,-121.20,7754.37,3900.00,1.50,0,53,0.03,NLOS,126.43,-5.51,-100.70,-72.92,1.68,25.75,0,60,-103.41,61,-111.30,59,-113.72,58,-115.03,54,-115.39,47,-115.64,3419.68,2900.00,1.50,0,26,0.02,NLOS,133.70,-13.87,-99.62,-71.83,2.35,38.58,0,13,-100.69,19,-104.53,20,-108.35,14,-108.58,27,-110.46,33,-114.45
171,2800.00,2908.89,1.50,3,13,0.40,LOS,77.26,3.49,-60.53,-32.74,47.87,56.75,0,19,-112.28,20,-115.00,7,-116.01,21,-118.56,8,-118.93,1,-120.68,3166.24,5100.00,1.50,2,14,0.01,LOS,115.48,1.84,-97.10,-69.32,8.03,52.93,0,22,-94.94,16,-107.27,8,-108.39,10,-108.67,15,-109.29,7,-114.78,3800.00,2505.57,1.50,3,19,0.06,NLOS,117.37,-5.63,-91.52,-63.74,8.72,55.68,0,26,-100.70,20,-113.58,27,-116.34,13,-118.80,32,-119.03,0,-119.66,7761.52,3900.00,1.50,0,53,0.03,NLOS,126.63,-12.25,-94.16,-66.38,3.90,25.75,0,60,-98.94,66,-103.11,59,-108.03,54,-109.56,67,-116.67,58,-117.80,3430.39,2900.00,1.50,0,26,0.02,NLOS,133.48,-13.87,-99.40,-71.62,2.50,38.58,0,13,-100.95,19,-104.48,20,-108.25,14,-108.69,27,-110.34,33,-114.34
172,2800.00,2900.00,1.50,1,13,0.43,LOS,76.51,3.49,-59.78,-32.00,48.62,0.00,0,19,-112.18,20,-115.09,7,-116.08,21,-118.65,8,-119.01,1,-120.72,3151.53,5100.00,1.50,2,22,0.05,NLOS,119.62,-7.26,-92.14,-64.36,6.24,52.93,1,16,-99.11,14,-99.34,21,-110.71,15,-111.02,23,-113.11,8,-114.27,3809.90,2500.00,1.50,0,19,0.06,NLOS,117.77,-5.63,-91.92,-64.14,8.21,55.68,0,26,-100.56,20,-113.76,27,-116.36,32,-118.88,13,-118.97,0,-119.73,7768.67,3900.00,1.50,0,53,0.03,NLOS,126.84,-12.25,-94.37,-66.59,3.49,25.75,0,60,-98.68,66,-102.99,59,-107.97,54,-109.65,67,-116.58,58,-117.79,3441.11,2900.00,1.50,0,19,0.04,NLOS,125.11,-3.74,-101.15,-73.36,0.23,38.58,1,20,-105.52,26,-107.39,13,-108.26,27,-112.26,14,-113.23,7,-117.13
173,2800.00,2900.00,1.50,1,13,0.43,LOS,76.51,3.49,-59.78,-32.00,48.62,0.00,0,19,-112.18,20,-115.09,7,-116.08,21,-118.65,8,-119.01,1,-120.72,3136.83,5100.00,1.50,2,22,0.05,NLOS,120.26,-7.26,-92.79,-65.01,5.28,52.93,0,16,-98.74,14,-99.29,21,-110.79,15,-110.80,23,-113.23,8,-114.14,3825.36,2500.00,1.50,0,19,0.06,NLOS,118.52,-6.37,-91.93,-64.15,11.66,55.68,0,26,-103.99,32,-112.38,14,-117.86,13,-121.62,33,-122.13,8,-122.95,7775.82,3900.00,1.50,0,53,0.03,NLOS,127.04,-12.25,-94.57,-66.79,3.07,25.75,0,60,-98.42,66,-102.87,59,-107.91,54,-109.74,67,-116.50,58,-117.78,3451.82,2900.00,1.50,0,19,0.04,NLOS,125.07,-3.74,-101.11,-73.33,0.23,38.58,0,20,-105.45,26,-107.17,13,-108.52,27,-112.14,14,-113.34,7,-117.24
174,2800.00,2900.00,1.50,1,13,0.43,LOS,76.51,3.49,-59.78,-32.00,48.62,0.00,0,19,-112.18,20,-115.09,7,-116.08,21,-118.65,8,-119.01,1,-120.72,3122.13,5100.00,1.50,2,14,0.01,LOS,115.34,2.45,-97.57,-69.79,9.41,52.93,1,22,-102.61,16,-105.53,15,-110.31,13,-112.69,23,-113.54,21,-113.90,3840.83,2500.00,1.50,0,19,0.05,NLOS,119.24,-6.37,-92.65,-64.87,10.60,55.68,0,26,-103.61,32,-112.16,14,-117.97,13,-121.84,33,-121.98,8,-123.02,7782.98,3900.00,1.50,0,53,0.03,NLOS,127.24,-12.25,-94.77,-66.99,2.65,25.75,0,60,-98.17,66,-102.75,59,-107.85,54,-109.82,67,-116.41,58,-117.77,3462.54,2900.00,1.50,0,19,0.04,NLOS,125.04,-3.74,-101.08,-73.29,0.22,38.58,0,20,-105.40,26,-106.94,13,-108.77,27,-112.03,14,-113.46,7,-117.36
175,2800.00,2900.00,1.50,1,13,0.43,LOS,76.51,3.49,-59.78,-32.00,48.62,0.00,0,19,-112.18,20,-115.09,7,-116.08,21,-118.65,8,-119.01,1,-120.72,3107.42,5100.00,1.50,2,14,0.01,LOS,115.29,2.45,-97.53,-69.74,9.36,52.93,0,22,-103.21,16,-105.16,15,-110.09,13,-112.67,23,-113.67,21,-113.99,3856.30,2500.00,1.50,0,26,0.04,NLOS,125.62,-6.14,-99.26,-71.48,5.89,55.68,1,19,-105.92,34,-113.12,13,-115.62,27,-117.51,39,-117.60,33,-118.69,7790.13,3900.00,1.50,0,60,0.06,NLOS,117.20,3.28,-100.26,-72.48,-1.40,25.75,1,54,-100.92,59,-106.04,53,-107.10,52,-112.38,47,-116.01,66,-116.56,3473.26,2900.00,1.50,0,19,0.04,NLOS,125.01,-6.15,-98.64,-70.86,-0.38,38.58,0,20,-98.83,26,-112.54,27,-112.72,13,-112.72,14,-120.21,28,-120.54
176,2800.00,2900.00,1.50,1,13,0.43,LOS,76.51,3.49,-59.78,-32.00,48.62,0.00,0,19,-112.18,20,-115.09,7,-116.08,21,-118.65,8,-119.01,1,-120.72,3092.72,5100.00,1.50,2,14,0.01,LOS,115.25,-10.63,-84.40,-56.62,15.55,52.93,0,22,-98.69,15,-100.12,16,-102.38,8,-117.02,23,-117.38,29,-117.44,3871.77,2500.00,1.50,0,26,0.04,NLOS,125.23,-6.14,-98.87,-71.09,6.82,55.68,0,19,-106.59,34,-113.04,13,-115.84,27,-117.45,39,-117.47,33,-118.53,7797.28,3900.00,1.50,0,60,0.07,NLOS,116.95,3.28,-100.01,-72.22,-1.08,25.75,0,54,-101.01,59,-105.99,53,-107.30,52,-112.43,47,-116.10,66,-116.44,3483.97,2900.00,1.50,0,19,0.04,NLOS,125.00,-6.15,-98.63,-70.84,-0.40,38.58,0,20,-98.80,26,-112.31,27,-112.60,13,-112.96,14,-120.32,28,-120.50
177,2800.00,2900.00,1.50,1,13,0.43,LOS,76.51,3.49,-59.78,-32.00,48.62,0.00,0,19,-112.18,20,-115.09,7,-116.08,21,-118.65,8,-119.01,1,-120.72,3078.02,5100.00,1.50,2,14,0.01,LOS,115.21,-10.63,-84.36,-56.58,15.38,52.93,0,22,-99.26,15,-99.91,16,-102.01,8,-116.89,23,-117.52,29,-117.64,3887.24,2500.00,1.50,0,19,0.05,NLOS,121.26,1.67,-102.71,-74.92,8.09,55.68,1,32,-109.89,20,-113.31,34,-117.37,13,-118.51,26,-119.24,39,-123.30,7795.56,3900.00,1.50,2,60,0.06,NLOS,117.01,3.28,-100.07,-72.29,-1.16,25.75,0,54,-100.99,59,-106.00,53,-107.25,52,-112.42,47,-116.08,66,-116.47,3494.69,2900.00,1.50,0,19,0.04,NLOS,124.99,-6.15,-98.62,-70.84,-0.41,38.58,0,20,-98.79,26,-112.07,27,-112.49,13,-113.21,14,-120.43,28,-120.46
178,2800.00,2900.00,1.50,1,13,0.43,LOS,76.51,3.49,-59.78,-32.00,48.62,0.00,0,19,-112.18,20,-115.09,7,-116.08,21,-118.65,8,-119.01,1,-120.72,3063.31,5100.00,1.50,2,14,0.01,LOS,115.17,-3.41,-91.54,-63.76,17.16,52.93,0,22,-100.89,15,-109.86,9,-111.42,16,-112.34,24,-113.01,30,-114.17,3902.70,2500.00,1.50,0,19,0.04,NLOS,121.88,1.67,-103.33,-75.55,7.52,55.68,0,32,-109.65,20,-113.45,34,-117.29,13,-118.72,26,-118.85,39,-123.16,7788.41,3900.00,1.50,2,60,0.06,NLOS,117.27,3.28,-100.32,-72.54,-1.48,25.75,0,54,-100.90,59,-106.06,53,-107.05,52,-112.37,47,-115.99,66,-116.59,3505.40,2900.00,1.50,0,20,0.05,NLOS,119.87,-5.30,-94.35,-66.56,5.76,38.58,1,26,-103.35,19,-104.57,13,-110.23,21,-112.42,32,-119.81,28,-120.60
179,2800.00,2900.00,1.50,1,13,0.43,LOS,76.51,3.49,-59.78,-32.00,48.62,0.00,0,19,-112.18,20,-115.09,7,-116.08,21,-118.65,8,-119.01,1,-120.72,3048.61,5100.00,1.50,2,14,0.01,LOS,115.13,-3.41,-91.50,-63.72,17.04,52.93,0,22,-101.43,15,-109.66,9,-111.19,16,-111.96,24,-113.05,30,-114.27,3918.17,2500.00,1.50,0,26,0.04,NLOS,124.06,-3.49,-100.36,-72.57,2.98,55.68,1,19,-104.06,20,-113.10,28,-116.60,13,-120.03,35,-120.75,27,-121.23,7781.26,3900.00,1.50,2,60,0.06,NLOS,117.52,3.28,-100.58,-72.80,-1.81,25.75,0,54,-100.81,59,-106.11,53,-106.86,52,-112.33,47,-115.90,66,-116.71,3516.12,2900.00,1.50,0,20,0.05,NLOS,119.88,-5.30,-94.36,-66.58,5.65,38.58,0,26,-103.10,19,-104.58,13,-110.46,21,-112.42,32,-119.70,28,-120.56
180,2800.00,2900.00,1.50,1,13,0.43,LOS,76.51,3.49,-59.78,-32.00,48.62,0.00,0,19,-112.18,20,-115.09,7,-116.08,21,-118.65,8,-119.01,1,-120.72,3033.90,5100.00,1.50,2,14,0.01,LOS,115.09,-7.44,-87.44,-59.66,11.28,52.93,0,16,-98.04,15,-98.89,22,-106.54,9,-113.04,21,-114.50,11,-118.41,3933.64,2500.00,1.50,0,26,0.04,NLOS,123.67,-3.49,-99.97,-72.18,3.87,55.68,0,19,-104.64,20,-113.24,28,-116.58,13,-120.24,35,-120.72,32,-121.12,7774.10,3900.00,1.50,2,60,0.06,NLOS,117.78,-1.78,-95.78,-68.00,-0.09,25.75,0,53,-95.96,54,-110.76,67,-114.75,68,-116.96,59,-117.55,61,-119.47,3526.84,2900.00,1.50,0,20,0.05,NLOS,119.91,-5.30,-94.39,-66.61,5.53,38.58,0,26,-102.86,19,-104.59,13,-110.70,21,-112.43,32,-119.59,28,-120.52
181,2800.00,2900.00,1.50,1,13,0.43,LOS,76.51,3.49,-59.78,-32.00,48.62,0.00,0,19,-112.18,20,-115.09,7,-116.08,21,-118.65,8,-119.01,1,-120.72,3019.20,5100.00,1.50,2,14,0.01,LOS,115.06,-7.44,-87.40,-59.62,11.13,52.93,0,16,-97.67,15,-98.70,22,-107.04,9,-112.80,21,-114.60,11,-118.34,3949.11,2500.00,1.50,0,26,0.04,NLOS,123.28,1.62,-104.68,-76.90,-0.93,55.68,0,19,-104.26,13,-110.96,6,-113.53,32,-118.70,20,-119.06,8,-119.57,7766.95,3900.00,1.50,2,60,0.06,NLOS,118.04,-1.78,-96.04,-68.26,-0.54,25.75,0,53,-95.75,54,-110.67,67,-114.83,68,-116.99,59,-117.61,61,-119.49,3537.55,2900.00,1.50,0,20,0.05,NLOS,119.95,-6.00,-93.73,-65.95,8.41,38.58,0,19,-105.32,13,-107.24,14,-111.51,27,-115.56,21,-117.11,0,-118.93
182,2800.00,2907.88,1.50,1,13,0.40,LOS,77.17,3.49,-60.44,-32.66,47.96,28.37,0,19,-112.27,20,-115.01,7,-116.02,21,-118.57,8,-118.94,1,-120.69,3004.50,5100.00,1.50,2,14,0.01,LOS,115.03,4.66,-99.47,-71.68,0.75,52.93,0,15,-100.42,16,-102.37,22,-109.14,17,-110.09,9,-114.62,28,-115.69,3964.57,2500.00,1.50,0,26,0.04,NLOS,122.89,1.62,-104.30,-76.52,-0.07,55.68,0,19,-104.80,13,-111.16,6,-113.67,32,-118.45,20,-119.21,8,-119.65,7759.80,3900.00,1.50,2,60,0.06,NLOS,118.30,-1.78,-96.30,-68.52,-0.99,25.75,0,53,-95.55,54,-110.58,67,-114.92,68,-117.03,59,-117.67,61,-119.51,3548.27,2900.00,1.50,0,20,0.05,NLOS,120.01,-6.00,-93.79,-66.01,8.45,38.58,0,19,-105.35,13,-107.47,14,-111.63,27,-115.45,21,-117.11,0,-119.01
183,2800.00,2923.64,1.50,1,13,0.34,LOS,78.44,-3.43,-54.79,-27.01,47.35,56.75,0,20,-105.12,6,-107.99,19,-112.03,14,-113.38,7,-115.39,1,-119.16,3010.21,5100.00,1.50,0,14,0.01,LOS,115.04,4.66,-99.48,-71.70,0.80,52.93,0,15,-100.50,16,-102.51,22,-108.95,17,-110.11,9,-114.71,28,-115.63,3980.04,2500.00,1.50,0,19,0.04,NLOS,124.71,-10.41,-94.08,-66.30,8.78,55.68,1,26,-103.39,32,-113.22,20,-114.17,15,-115.26,33,-116.95,28,-117.68,7752.64,3900.00,1.50,2,60,0.06,NLOS,118.56,-1.78,-96.56,-68.78,-1.44,25.75,0,53,-95.34,54,-110.50,67,-115.00,68,-117.07,59,-117.74,61,-119.53,3558.98,2900.00,1.50,0,20,0.05,NLOS,120.08,-6.00,-93.86,-66.08,8.47,38.58,0,19,-105.39,13,-107.70,14,-111.74,27,-115.33,21,-117.12,0,-119.08
184,2800.00,2939.41,1.50,1,13,0.29,LOS,79.62,-3.43,-55.97,-28.19,46.12,56.75,0,20,-104.97,6,-108.14,19,-112.21,14,-113.04,7,-115.27,1,-119.09,3024.91,5100.00,1.50,0,14,0.01,LOS,115.07,4.66,-99.51,-71.73,0.95,52.93,0,15,-100.68,16,-102.88,22,-108.46,17,-110.15,9,-114.96,28,-115.46,3995.51,2500.00,1.50,0,19,0.04,NLOS,125.23,-10.41,-94.60,-66.82,7.94,55.68,0,26,-103.01,32,-112.96,20,-114.33,15,-115.32,33,-116.79,28,-117.67,7745.49,3900.00,1.50,2,60,0.06,NLOS,118.81,-9.78,-88.82,-61.04,6.57,25.75,0,53,-95.97,59,-105.89,54,-113.07,65,-113.58,58,-115.09,61,-115.16,3569.70,2900.00,1.50,0,19,0.04,NLOS,125.15,-5.73,-99.20,-71.42,2.32,38.58,1,20,-103.53,26,-107.14,27,-115.41,28,-117.01,33,-117.27,14,-117.81
185,2800.00,2955.17,1.50,1,13,0.25,LOS,80.70,-2.73,-57.75,-29.97,47.65,56.75,0,20,-108.10,6,-110.77,0,-114.95,14,-116.24,7,-117.54,33,-121.38,3039.61,5100.00,1.50,0,14,0.01,LOS,115.11,-9.74,-85.14,-57.36,19.69,52.93,0,16,-95.72,22,-102.48,15,-105.69,24,-114.67,21,-115.88,29,-115.94,4000.00,2500.00,1.50,1,19,0.04,NLOS,125.37,-10.41,-94.75,-66.97,7.70,0.00,0,26,-102.90,32,-112.89,20,-114.37,15,-115.33,33,-116.74,28,-117.66,7738.34,3900.00,1.50,2,60,0.05,NLOS,119.07,-9.78,-89.07,-61.29,6.13,25.75,0,53,-95.76,59,-105.96,54,-112.98,65,-113.64,58,-115.10,61,-115.19,3580.42,2900.00,1.50,0,19,0.04,NLOS,125.21,-5.73,-99.26,-71.48,2.26,38.58,0,20,-103.62,26,-106.87,27,-115.30,28,-116.98,33,-117.15,14,-117.92
186,2800.00,2970.93,1.50,1,13,0.21,LOS,81.69,-2.73,-58.74,-30.96,46.59,56.75,0,20,-107.96,6,-110.92,0,-114.96,14,-115.87,7,-117.43,33,-121.36,3054.32,5100.00,1.50,0,14,0.01,LOS,115.14,-9.74,-85.18,-57.40,19.82,52.93,0,16,-96.10,22,-101.95,15,-105.89,24,-114.63,29,-115.75,21,-115.78,4000.00,2500.00,1.50,1,19,0.04,NLOS,125.37,-10.41,-94.75,-66.97,7.70,0.00,0,26,-102.90,32,-112.89,20,-114.37,15,-115.33,33,-116.74,28,-117.66,7731.18,3900.00,1.50,2,60,0.05,NLOS,119.33,-9.78,-89.33,-61.55,5.69,25.75,0,53,-95.55,59,-106.03,54,-112.89,65,-113.70,58,-115.12,61,-115.21,3591.13,2900.00,1.50,0,19,0.04,NLOS,125.27,-5.73,-99.32,-71.54,2.18,38.58,0,20,-103.73,26,-106.60,27,-115.19,28,-116.94,33,-117.03,14,-118.04
187,2800.00,2986.70,1.50,1,13,0.18,LOS,82.60,-3.74,-58.64,-30.86,40.92,56.75,0,7,-101.45,20,-106.64,19,-109.39,8,-115.59,6,-117.10,21,-118.15,3069.02,5100.00,1.50,0,14,0.01,LOS,115.18,0.80,-95.76,-67.98,14.83,52.93,0,16,-96.94,22,-105.83,29,-110.03,30,-110.98,15,-113.23,28,-113.59,4000.00,2500.00,1.50,1,19,0.04,NLOS,125.37,-10.41,-94.75,-66.97,7.70,0.00,0,26,-102.90,32,-112.89,20,-114.37,15,-115.33,33,-116.74,28,-117.66,7724.03,3900.00,1.50,2,60,0.05,NLOS,119.58,-9.78,-89.59,-61.80,5.25,25.75,0,53,-95.33,59,-106.10,54,-112.81,65,-113.75,58,-115.13,61,-115.24,3598.15,2900.00,1.50,2,19,0.04,NLOS,125.31,-6.55,-98.54,-70.76,-3.45,38.58,0,20,-95.59,13,-105.60,26,-115.53,6,-119.05,21,-119.49,7,-119.61
188,2800.00,3002.46,1.50,1,13,0.16,LOS,83.44,-3.74,-59.48,-31.70,40.00,56.75,0,7,-101.35,20,-106.51,19,-109.58,8,-115.43,6,-117.26,21,-117.98,3083.73,5100.00,1.50,0,14,0.01,LOS,115.22,0.80,-95.80,-68.02,14.89,52.93,0,16,-97.31,22,-105.28,29,-109.84,30,-110.88,28,-113.42,15,-113.44,4000.00,2500.00,1.50,1,19,0.04,NLOS,125.37,-10.41,-94.75,-66.97,7.70,0.00,0,26,-102.90,32,-112.89,20,-114.37,15,-115.33,33,-116.74,28,-117.66,7716.88,3900.00,1.50,2,60,0.05,NLOS,119.84,-8.32,-91.30,-63.51,6.84,25.75,0,53,-99.01,47,-107.40,59,-108.10,54,-112.89,67,-113.26,46,-115.19,3587.44,2900.00,1.50,2,20,0.05,NLOS,120.33,-4.64,-95.47,-67.69,2.07,38.58,1,19,-98.48,13,-105.39,26,-115.80,6,-118.95,21,-119.48,7,-119.50
189,2800.00,3018.22,1.50,1,13,0.14,LOS,84.22,-1.19,-62.82,-35.04,39.54,56.75,0,14,-107.20,6,-107.84,19,-108.14,20,-112.44,33,-113.32,22,-117.68,3098.43,5100.00,1.50,0,14,0.01,LOS,115.27,4.62,-99.66,-71.88,5.47,52.93,0,22,-98.66,16,-99.27,15,-105.63,28,-114.78,11,-115.45,9,-115.56,4000.00,2500.00,1.50,1,19,0.04,NLOS,125.37,-10.41,-94.75,-66.97,7.70,0.00,0,26,-102.90,32,-112.89,20,-114.37,15,-115.33,33,-116.74,28,-117.66,7709.73,3900.00,1.50,2,60,0.05,NLOS,120.09,-8.32,-91.55,-63.77,6.41,25.75,0,53,-98.79,47,-107.31,59,-108.18,54,-112.80,67,-113.34,46,-115.11,3576.72,2900.00,1.50,2,20,0.05,NLOS,120.23,-4.64,-95.37,-67.58,2.09,38.58,0,19,-98.42,13,-105.17,26,-116.07,6,-118.85,7,-119.39,21,-119.47
190,2800.00,3033.98,1.50,1,13,0.12,LOS,84.95,-1.19,-63.55,-35.76,38.75,56.75,0,14,-106.81,6,-108.00,19,-108.33,20,-112.32,33,-113.30,22,-117.56,3113.13,5100.00,1.50,0,14,0.01,LOS,115.31,4.62,-99.71,-71.92,5.62,52.93,0,22,-98.07,16,-99.65,15,-105.85,28,-114.60,23,-115.45,11,-115.52,4000.00,2500.00,1.50,1,19,0.04,NLOS,125.37,-10.41,-94.75,-66.97,7.70,0.00,0,26,-102.90,32,-112.89,20,-114.37,15,-115.33,33,-116.74,28,-117.66,7702.57,3900.00,1.50,2,60,0.05,NLOS,120.34,-8.32,-91.80,-64.02,5.98,25.75,0,53,-98.57,47,-107.21,59,-108.25,54,-112.72,67,-113.43,46,-115.03,3566.00,2900.00,1.50,2,19,0.04,NLOS,125.14,-6.32,-98.60,-70.82,1.91,38.58,1,26,-103.73,20,-103.91,27,-113.42,22,-117.45,21,-119.74,9,-121.99
191,2800.00,3049.75,1.50,1,13,0.11,LOS,85.63,-1.22,-64.20,-36.42,36.19,56.75,0,20,-101.49,14,-112.01,19,-112.14,7,-112.50,6,-117.91,0,-118.25,3127.84,5100.00,1.50,0,14,0.01,LOS,115.35,-4.87,-90.27,-62.49,17.12,52.93,0,16,-99.91,22,-100.36,15,-107.80,17,-117.08,30,-118.17,2,-120.51,4000.00,2500.00,1.50,1,19,0.04,NLOS,125.37,-10.41,-94.75,-66.97,7.70,0.00,0,26,-102.90,32,-112.89,20,-114.37,15,-115.33,33,-116.74,28,-117.66,7695.42,3900.00,1.50,2,60,0.05,NLOS,120.59,-8.32,-92.05,-64.27,5.55,25.75,0,53,-98.34,47,-107.11,59,-108.32,54,-112.63,67,-113.51,46,-114.95,3555.29,2900.00,1.50,2,19,0.04,NLOS,125.09,-6.32,-98.56,-70.78,2.04,38.58,0,20,-103.83,26,-103.99,27,-113.53,22,-117.45,21,-119.74,9,-121.95
192,2800.00,3065.51,1.50,1,13,0.10,LOS,86.27,-1.22,-64.84,-37.05,35.45,56.75,0,20,-101.38,14,-111.60,19,-112.33,7,-112.42,6,-118.07,0,-118.27,3142.54,5100.00,1.50,0,14,0.01,LOS,115.40,-4.87,-90.32,-62.54,17.27,52.93,0,22,-99.73,16,-100.28,15,-108.02,17,-117.14,30,-118.06,2,-120.63,4000.00,2500.00,1.50,1,19,0.04,NLOS,125.37,-10.41,-94.75,-66.97,7.70,0.00,0,26,-102.90,32,-112.89,20,-114.37,15,-115.33,33,-116.74,28,-117.66,7688.27,3900.00,1.50,2,66,0.02,NLOS,138.11,-9.01,-108.89,-81.11,-0.30,25.75,1,53,-112.98,59,-114.17,52,-115.11,54,-115.92,60,-115.93,68,-116.39,3544.57,2900.00,1.50,2,19,0.04,NLOS,125.06,-6.32,-98.52,-70.74,2.16,38.58,0,20,-103.76,26,-104.25,27,-113.64,22,-117.45,21,-119.73,9,-121.91
193,2800.00,3081.27,1.50,1,13,0.09,LOS,86.87,3.63,-70.28,-42.50,38.68,56.75,0,21,-111.62,7,-113.78,14,-115.41,20,-115.49,15,-116.72,8,-118.16,3157.24,5100.00,1.50,0,14,0.01,LOS,115.45,0.43,-95.66,-67.88,15.20,52.93,0,22,-103.38,23,-110.60,16,-110.86,15,-111.76,29,-112.57,24,-114.48,4000.00,2500.00,1.50,1,19,0.04,NLOS,125.37,-10.41,-94.75,-66.97,7.70,0.00,0,26,-102.90,32,-112.89,20,-114.37,15,-115.33,33,-116.74,28,-117.66,7681.11,3900.00,1.50,2,66,0.02,NLOS,138.22,-9.01,-109.00,-81.22,-0.42,25.75,0,53,-112.75,59,-114.25,52,-115.07,54,-115.84,60,-116.18,68,-116.43,3533.86,2900.00,1.50,2,19,0.04,NLOS,125.03,-2.86,-101.95,-74.17,-0.51,38.58,0,13,-105.04,26,-106.83,20,-107.41,21,-120.66,8,-121.40,22,-122.36
194,2800.00,3097.04,1.50,1,13,0.08,LOS,87.43,3.63,-70.85,-43.07,37.96,56.75,0,21,-111.44,7,-113.71,14,-114.97,20,-115.40,15,-116.54,8,-117.99,3171.95,5100.00,1.50,0,14,0.01,LOS,115.50,0.43,-95.71,-67.93,15.34,52.93,0,22,-102.70,23,-110.48,16,-111.23,15,-111.99,29,-112.36,24,-114.45,4000.00,2500.00,1.50,1,19,0.04,NLOS,125.37,-10.41,-94.75,-66.97,7.70,0.00,0,26,-102.90,32,-112.89,20,-114.37,15,-115.33,33,-116.74,28,-117.66,7673.96,3900.00,1.50,2,66,0.02,NLOS,138.33,-9.01,-109.11,-81.33,-0.55,25.75,0,53,-112.52,59,-114.33,52,-115.03,54,-115.75,60,-116.43,68,-116.46,3523.14,2900.00,1.50,2,19,0.04,NLOS,125.01,-2.86,-101.93,-74.15,-0.53,38.58,0,13,-104.80,26,-107.08,20,-107.37,21,-120.66,8,-121.32,22,-122.36
195,2787.20,3100.00,1.50,2,13,0.08,LOS,87.46,-4.54,-62.71,-34.93,41.72,56.75,0,20,-106.20,14,-112.40,7,-114.94,32,-115.10,6,-116.78,34,-118.39,3186.65,5100.00,1.50,0,14,0.01,LOS,115.55,3.61,-98.95,-71.16,12.51,52.93,0,22,-98.97,16,-101.60,23,-111.70,29,-114.13,15,-114.93,28,-115.24,4000.00,2507.73,1.50,1,26,0.05,NLOS,121.77,2.07,-103.62,-75.84,3.17,27.84,1,19,-109.91,27,-112.92,20,-116.16,32,-116.74,13,-118.49,14,-123.48,7666.81,3900.00,1.50,2,66,0.02,NLOS,138.44,-9.01,-109.22,-81.43,-0.69,25.75,0,53,-112.28,59,-114.40,52,-114.99,54,-115.67,68,-116.50,60,-116.67,3512.42,2900.00,1.50,2,19,0.04,NLOS,125.00,-2.86,-101.91,-74.13,-0.57,38.58,0,13,-104.57,26,-107.33,20,-107.35,21,-120.66,8,-121.25,22,-122.36
196,2771.44,3100.00,1.50,2,13,0.08,LOS,87.40,-4.54,-62.65,-34.87,41.97,56.75,0,20,-106.55,14,-112.38,7,-114.61,32,-115.21,6,-116.59,34,-118.49,3200.00,5100.00,1.50,2,14,0.01,LOS,115.60,3.61,-98.99,-71.21,12.56,0.00,0,22,-98.30,16,-101.92,23,-111.60,29,-113.94,28,-115.07,15,-115.14,4000.00,2523.20,1.50,1,26,0.05,NLOS,121.26,2.07,-103.12,-75.33,3.65,55.68,0,19,-110.02,27,-112.71,20,-115.92,32,-116.77,13,-118.44,14,-123.37,7659.65,3900.00,1.50,2,60,0.04,NLOS,121.82,-1.33,-100.27,-72.49,4.31,25.75,1,52,-109.08,53,-109.68,59,-110.17,66,-111.22,54,-115.39,48,-115.70,3501.71,2900.00,1.50,2,20,0.05,NLOS,119.87,0.27,-99.92,-72.13,5.70,38.58,1,19,-107.18,7,-110.86,26,-115.08,13,-116.00,34,-116.98,21,-117.46
197,2755.68,3100.00,1.50,2,13,0.08,LOS,87.37,-0.91,-66.24,-38.46,37.73,56.75,0,14,-106.95,20,-110.32,7,-112.04,19,-115.08,21,-120.18,34,-120.51,3200.00,5100.00,1.50,2,14,0.01,LOS,115.60,3.61,-98.99,-71.21,12.56,0.00,0,22,-98.30,16,-101.92,23,-111.60,29,-113.94,28,-115.07,15,-115.14,4000.00,2538.67,1.50,1,26,0.05,NLOS,120.75,-6.00,-94.53,-66.75,5.63,55.68,0,19,-100.60,32,-115.93,33,-116.80,20,-116.84,13,-116.90,27,-118.46,7652.50,3900.00,1.50,2,60,0.04,NLOS,122.06,-1.33,-100.51,-72.73,4.04,25.75,0,52,-109.04,53,-109.44,59,-110.25,66,-111.33,54,-115.31,48,-115.65,3490.99,2900.00,1.50,2,20,0.05,NLOS,119.87,0.27,-99.92,-72.14,5.70,38.58,0,19,-107.18,7,-110.74,26,-115.31,13,-115.76,34,-117.05,21,-117.46
198,2739.91,3100.00,1.50,2,13,0.08,LOS,87.38,-0.91,-66.25,-38.47,37.76,56.75,0,14,-106.96,20,-110.66,7,-111.70,19,-115.27,21,-120.30,34,-120.60,3200.00,5100.00,1.50,2,14,0.01,LOS,115.60,3.61,-98.99,-71.21,12.56,0.00,0,22,-98.30,16,-101.92,23,-111.60,29,-113.94,28,-115.07,15,-115.14,4000.00,2554.14,1.50,1,26,0.05,NLOS,120.23,-6.00,-94.01,-66.23,6.27,55.68,0,19,-100.74,32,-115.96,20,-116.59,33,-116.67,13,-116.85,27,-118.24,7645.35,3900.00,1.50,2,60,0.04,NLOS,122.30,-1.33,-100.75,-72.97,3.76,25.75,0,52,-109.00,53,-109.20,59,-110.33,66,-111.43,54,-115.23,48,-115.59,3480.28,2900.00,1.50,2,20,0.05,NLOS,119.89,0.27,-99.94,-72.16,5.69,38.58,0,19,-107.20,7,-110.63,13,-115.52,26,-115.55,34,-117.12,21,-117.46
199,2724.15,3100.00,1.50,2,13,0.08,LOS,87.42,-3.42,-63.78,-36.00,38.41,56.75,0,20,-107.98,7,-108.15,6,-109.81,19,-111.05,8,-111.65,21,-112.82,3200.00,5100.00,1.50,2,14,0.01,LOS,115.60,3.61,-98.99,-71.21,12.56,0.00,0,22,-98.30,16,-101.92,23,-111.60,29,-113.94,28,-115.07,15,-115.14,4000.00,2569.61,1.50,1,26,0.05,NLOS,119.71,-0.68,-98.81,-71.03,6.42,55.68,0,19,-107.02,13,-112.71,33,-112.79,32,-114.97,14,-115.00,47,-120.31,7638.19,3900.00,1.50,2,60,0.04,NLOS,122.54,-1.33,-100.99,-73.20,3.48,25.75,0,53,-108.95,52,-108.97,59,-110.41,66,-111.54,54,-115.15,48,-115.54,3469.56,2900.00,1.50,2,20,0.05,NLOS,119.92,0.88,-100.58,-72.80,3.57,38.58,0,19,-107.04,13,-110.42,7,-111.48,26,-113.28,39,-113.38,27,-116.55
200,2708.39,3100.00,1.50,2,13,0.08,LOS,87.49,-3.42,-63.85,-36.07,38.31,56.75,0,7,-107.80,20,-108.31,6,-109.62,19,-111.24,8,-111.53,21,-112.94,3200.00,5100.00,1.50,2,14,0.01,LOS,115.60,3.61,-98.99,-71.21,12.56,0.00,0,22,-98.30,16,-101.92,23,-111.60,29,-113.94,28,-115.07,15,-115.14,4000.00,2585.07,1.50,1,26,0.05,NLOS,119.19,-0.68,-98.29,-70.51,7.02,55.68,0,19,-107.18,13,-112.66,33,-112.67,14,-114.89,32,-115.01,47,-120.26,7631.04,3900.00,1.50,2,53,0.04,NLOS,122.50,-3.49,-98.79,-71.01,2.74,25.75,1,54,-104.22,60,-108.40,66,-109.84,52,-111.73,40,-111.99,59,-112.53,3458.84,2900.00,1.50,2,20,0.05,NLOS,119.97,0.88,-100.63,-72.85,3.50,38.58,0,19,-107.07,13,-110.16,7,-111.37,39,-113.46,26,-113.51,27,-116.67
201,2692.62,3100.00,1.50,2,13,0.08,LOS,87.59,4.26,-71.63,-43.84,31.28,56.75,0,7,-107.24,14,-107.71,19,-109.54,6,-116.38,0,-117.81,8,-119.68,3200.00,5100.00,1.50,2,14,0.01,LOS,115.60,3.61,-98.99,-71.21,12.56,0.00,0,22,-98.30,16,-101.92,23,-111.60,29,-113.94,28,-115.07,15,-115.14,4000.00,2600.54,1.50,1,26,0.06,NLOS,118.66,-12.19,-86.26,-58.48,16.95,55.68,0,19,-104.21,27,-114.64,32,-115.62,20,-116.36,46,-118.26,33,-122.23,7623.89,3900.00,1.50,2,53,0.04,NLOS,122.25,-3.49,-98.54,-70.76,2.99,25.75,0,54,-104.14,60,-108.63,66,-109.95,52,-111.70,40,-111.92,59,-112.61,3448.13,2900.00,1.50,2,20,0.05,NLOS,120.03,0.88,-100.69,-72.91,3.42,38.58,0,19,-107.10,13,-109.91,7,-111.25,39,-113.54,26,-113.73,27,-116.78
202,2676.86,3100.00,1.50,2,13,0.08,LOS,87.72,4.26,-71.76,-43.97,31.06,56.75,0,7,-106.88,14,-107.76,19,-109.73,6,-116.19,0,-117.63,8,-119.56,3200.00,5100.00,1.50,2,14,0.01,LOS,115.60,3.61,-98.99,-71.21,12.56,0.00,0,22,-98.30,16,-101.92,23,-111.60,29,-113.94,28,-115.07,15,-115.14,4000.00,2616.01,1.50,1,26,0.06,NLOS,118.14,-12.19,-85.74,-57.96,17.58,55.68,0,19,-104.39,27,-114.41,32,-115.67,20,-116.11,46,-118.24,33,-122.11,7616.74,3900.00,1.50,2,53,0.04,NLOS,121.99,-3.49,-98.28,-70.50,3.24,25.75,0,54,-104.07,60,-108.86,66,-110.05,52,-111.66,40,-111.86,59,-112.70,3437.41,2900.00,1.50,2,19,0.04,NLOS,125.12,-10.72,-94.18,-66.40,6.16,38.58,1,27,-102.14,20,-106.34,13,-112.01,28,-115.46,0,-118.09,33,-119.67
203,2661.10,3100.00,1.50,2,13,0.08,LOS,87.88,2.10,-69.76,-41.98,26.65,56.75,0,14,-96.85,19,-110.51,8,-113.40,20,-113.89,15,-115.73,7,-116.44,3200.00,5100.00,1.50,2,14,0.01,LOS,115.60,3.61,-98.99,-71.21,12.56,0.00,0,22,-98.30,16,-101.92,23,-111.60,29,-113.94,28,-115.07,15,-115.14,4000.00,2631.48,1.50,1,19,0.03,NLOS,126.67,-6.23,-100.22,-72.44,4.78,55.68,1,26,-106.37,20,-111.47,33,-117.51,21,-119.28,32,-122.12,13,-122.43,7609.58,3900.00,1.50,2,53,0.05,NLOS,121.74,-3.49,-98.03,-70.25,3.49,25.75,0,54,-103.99,60,-109.09,66,-110.16,52,-111.63,40,-111.80,59,-112.78,3426.70,2900.00,1.50,2,19,0.04,NLOS,125.17,-10.72,-94.23,-66.45,6.19,38.58,0,27,-102.25,20,-106.42,13,-111.75,28,-115.50,0,-118.01,33,-119.78
204,2645.34,3100.00,1.50,2,13,0.07,LOS,88.06,2.10,-69.94,-42.16,26.54,56.75,0,14,-96.92,19,-110.70,8,-113.28,20,-114.20,15,-115.75,7,-116.06,3200.00,5100.00,1.50,2,14,0.01,LOS,115.60,3.61,-98.99,-71.21,12.56,0.00,0,22,-98.30,16,-101.92,23,-111.60,29,-113.94,28,-115.07,15,-115.14,4000.00,2646.94,1.50,1,19,0.03,NLOS,126.88,-6.23,-100.43,-72.64,4.15,55.68,0,26,-105.87,20,-111.21,33,-117.39,21,-119.12,32,-122.18,13,-122.40,7602.43,3900.00,1.50,2,53,0.05,NLOS,121.48,-3.35,-97.91,-70.13,0.69,25.75,0,60,-100.55,54,-104.71,59,-110.09,52,-114.71,47,-116.44,61,-117.40,3415.98,2900.00,1.50,2,19,0.04,NLOS,125.23,-10.72,-94.29,-66.50,6.22,38.58,0,27,-102.37,20,-106.52,13,-111.48,28,-115.55,0,-117.92,33,-119.89
205,2629.57,3100.00,1.50,2,13,0.07,LOS,88.26,5.16,-73.20,-45.42,26.20,56.75,0,14,-100.14,20,-110.99,6,-112.62,8,-116.15,27,-116.30,1,-120.27,3200.00,5100.00,1.50,2,14,0.01,LOS,115.60,3.61,-98.99,-71.21,12.56,0.00,0,22,-98.30,16,-101.92,23,-111.60,29,-113.94,28,-115.07,15,-115.14,4000.00,2662.41,1.50,1,26,0.07,NLOS,116.63,-2.23,-94.18,-66.40,11.75,55.68,1,19,-109.49,33,-113.24,20,-114.56,32,-117.12,21,-117.32,27,-117.60,7600.00,3900.00,1.50,1,53,0.05,NLOS,121.39,-3.35,-97.82,-70.04,0.82,0.00,0,60,-100.62,54,-104.69,59,-110.12,52,-114.70,47,-116.40,61,-117.41,3405.26,2900.00,1.50,2,19,0.04,NLOS,125.29,-7.89,-97.18,-69.40,1.16,38.58,0,20,-101.44,27,-105.11,13,-105.96,26,-108.79,14,-115.75,6,-116.58
206,2613.81,3100.00,1.50,2,13,0.07,LOS,88.48,5.16,-73.42,-45.64,26.06,56.75,0,14,-100.23,20,-111.29,6,-112.43,8,-116.04,27,-116.44,1,-120.10,3192.65,5100.00,1.50,2,14,0.01,LOS,115.57,3.61,-98.97,-71.19,12.53,26.47,0,22,-98.67,16,-101.74,23,-111.65,29,-114.05,15,-115.03,28,-115.17,4000.00,2677.88,1.50,1,26,0.07,NLOS,116.15,-2.23,-93.70,-65.92,12.24,55.68,0,19,-109.71,33,-113.12,20,-114.31,21,-117.15,32,-117.19,27,-117.36,7600.00,3900.00,1.50,1,53,0.05,NLOS,121.39,-3.35,-97.82,-70.04,0.82,0.00,0,60,-100.62,54,-104.69,59,-110.12,52,-114.70,47,-116.40,61,-117.41,3400.00,2900.00,1.50,0,19,0.04,NLOS,125.32,-7.89,-97.21,-69.43,1.15,0.00,0,20,-101.50,27,-105.16,13,-105.82,26,-108.90,14,-115.70,6,-116.52
207,2600.00,3098.05,1.50,3,13,0.07,LOS,88.64,2.82,-71.24,-43.46,38.50,56.75,0,7,-113.97,0,-114.58,14,-116.23,20,-119.15,28,-119.81,19,-119.84,3177.94,5100.00,1.50,2,14,0.01,LOS,115.52,1.00,-96.30,-68.52,7.67,52.93,0,16,-94.14,22,-98.80,21,-106.71,15,-107.82,28,-112.30,31,-112.92,4000.00,2693.35,1.50,1,26,0.07,NLOS,115.69,-5.26,-90.21,-62.43,12.70,55.68,0,19,-105.82,20,-107.97,27,-111.21,14,-118.19,39,-120.26,28,-120.52,7600.00,3900.00,1.50,1,53,0.05,NLOS,121.39,-3.35,-97.82,-70.04,0.82,0.00,0,60,-100.62,54,-104.69,59,-110.12,52,-114.70,47,-116.40,61,-117.41,3400.00,2900.00,1.50,0,19,0.04,NLOS,125.32,-7.89,-97.21,-69.43,1.15,0.00,0,20,-101.50,27,-105.16,13,-105.82,26,-108.90,14,-115.70,6,-116.52
208,2600.00,3082.28,1.50,3,13,0.07,LOS,88.20,2.82,-70.81,-43.03,39.06,56.75,0,7,-114.09,0,-114.55,14,-116.64,20,-119.20,19,-119.69,28,-119.89,3163.24,5100.00,1.50,2,14,0.01,LOS,115.47,1.00,-96.25,-68.47,7.67,52.93,0,16,-93.78,22,-99.49,21,-106.79,15,-107.59,28,-112.49,31,-112.97,3991.18,2700.00,1.50,2,26,0.07,NLOS,115.96,-5.26,-90.48,-62.70,12.28,55.68,0,19,-105.70,20,-107.73,27,-111.14,14,-118.07,39,-120.34,28,-120.47,7600.00,3900.00,1.50,1,53,0.05,NLOS,121.39,-3.35,-97.82,-70.04,0.82,0.00,0,60,-100.62,54,-104.69,59,-110.12,52,-114.70,47,-116.40,61,-117.41,3400.00,2900.00,1.50,0,19,0.04,NLOS,125.32,-7.89,-97.21,-69.43,1.15,0.00,0,20,-101.50,27,-105.16,13,-105.82,26,-108.90,14,-115.70,6,-116.52
209,2600.00,3066.52,1.50,3,13,0.08,LOS,87.75,3.53,-71.07,-43.28,29.37,56.75,0,14,-104.13,20,-104.98,19,-109.53,7,-113.67,6,-115.83,28,-117.11,3148.54,5100.00,1.50,2,14,0.01,LOS,115.42,-4.74,-90.46,-62.68,13.69,52.93,0,22,-95.98,15,-104.39,16,-111.69,23,-112.02,27,-113.87,28,-117.33,3975.72,2700.00,1.50,2,26,0.07,NLOS,116.73,0.33,-96.85,-69.06,9.96,55.68,0,32,-110.77,19,-111.47,21,-116.87,27,-118.48,20,-119.62,28,-119.90,7600.00,3900.00,1.50,1,53,0.05,NLOS,121.39,-3.35,-97.82,-70.04,0.82,0.00,0,60,-100.62,54,-104.69,59,-110.12,52,-114.70,47,-116.40,61,-117.41,3400.00,2900.00,1.50,0,19,0.04,NLOS,125.32,-7.89,-97.21,-69.43,1.15,0.00,0,20,-101.50,27,-105.16,13,-105.82,26,-108.90,14,-115.70,6,-116.52
210,2600.00,3050.76,1.50,3,13,0.08,LOS,87.29,3.53,-70.60,-42.82,30.00,56.75,0,14,-104.53,20,-105.04,19,-109.39,7,-113.81,6,-115.61,28,-117.19,3133.83,5100.00,1.50,2,14,0.01,LOS,115.37,-4.74,-90.41,-62.63,13.53,52.93,0,22,-96.62,15,-104.16,16,-111.32,23,-112.15,27,-113.96,28,-117.52,3960.25,2700.00,1.50,2,26,0.06,NLOS,117.49,0.33,-97.60,-69.82,9.15,55.68,0,32,-111.01,19,-111.07,21,-116.82,27,-118.55,20,-119.39,28,-119.92,7600.00,3900.00,1.50,1,53,0.05,NLOS,121.39,-3.35,-97.82,-70.04,0.82,0.00,0,60,-100.62,54,-104.69,59,-110.12,52,-114.70,47,-116.40,61,-117.41,3400.00,2900.00,1.50,0,19,0.04,NLOS,125.32,-7.89,-97.21,-69.43,1.15,0.00,0,20,-101.50,27,-105.16,13,-105.82,26,-108.90,14,-115.70,6,-116.52
211,2600.00,3035.00,1.50,3,13,0.09,LOS,86.82,6.10,-72.70,-44.92,28.51,56.75,0,7,-102.18,20,-111.30,14,-114.24,6,-116.96,21,-117.76,8,-119.47,3119.13,5100.00,1.50,2,14,0.01,LOS,115.33,-3.47,-91.64,-63.86,22.49,52.93,0,16,-102.85,22,-103.49,17,-111.01,15,-117.61,24,-118.22,21,-119.16,3944.78,2700.00,1.50,2,26,0.06,NLOS,118.22,-7.19,-90.81,-63.02,13.54,55.68,0,19,-105.83,20,-110.89,6,-115.40,8,-116.80,27,-119.61,39,-120.49,7600.00,3900.00,1.50,1,53,0.05,NLOS,121.39,-3.35,-97.82,-70.04,0.82,0.00,0,60,-100.62,54,-104.69,59,-110.12,52,-114.70,47,-116.40,61,-117.41,3400.00,2900.00,1.50,0,19,0.04,NLOS,125.32,-7.89,-97.21,-69.43,1.15,0.00,0,20,-101.50,27,-105.16,13,-105.82,26,-108.90,14,-115.70,6,-116.52
212,2600.00,3019.23,1.50,3,13,0.10,LOS,86.34,6.10,-72.22,-44.43,29.14,56.75,0,7,-102.33,20,-111.37,14,-114.62,6,-116.74,21,-117.91,8,-119.65,3104.43,5100.00,1.50,2,14,0.01,LOS,115.28,-3.47,-91.60,-63.82,22.46,52.93,0,16,-102.48,22,-104.09,17,-110.95,15,-117.40,24,-118.25,21,-119.25,3929.31,2700.00,1.50,2,26,0.06,NLOS,118.92,-7.19,-91.51,-63.73,12.50,55.68,0,19,-105.42,20,-110.67,6,-115.27,8,-116.71,27,-119.68,39,-120.63,7600.00,3900.00,1.50,1,53,0.05,NLOS,121.39,-3.35,-97.82,-70.04,0.82,0.00,0,60,-100.62,54,-104.69,59,-110.12,52,-114.70,47,-116.40,61,-117.41,3400.00,2900.00,1.50,0,19,0.04,NLOS,125.32,-7.89,-97.21,-69.43,1.15,0.00,0,20,-101.50,27,-105.16,13,-105.82,26,-108.90,14,-115.70,6,-116.52
213,2600.00,3003.47,1.50,3,13,0.11,LOS,85.85,6.45,-72.08,-44.30,26.49,56.75,0,20,-100.52,7,-106.75,6,-108.25,14,-109.15,9,-116.78,19,-118.51,3089.72,5100.00,1.50,2,14,0.01,LOS,115.24,1.94,-96.96,-69.18,17.47,52.93,0,16,-102.61,22,-105.72,24,-113.62,23,-115.27,17,-116.08,15,-116.26,3913.85,2700.00,1.50,2,26,0.05,NLOS,119.60,1.09,-100.48,-72.70,5.12,55.68,0,19,-107.54,13,-110.78,27,-112.78,20,-114.66,32,-123.59,34,-123.71,7600.00,3900.00,1.50,1,53,0.05,NLOS,121.39,-3.35,-97.82,-70.04,0.82,0.00,0,60,-100.62,54,-104.69,59,-110.12,52,-114.70,47,-116.40,61,-117.41,3400.00,2900.00,1.50,0,19,0.04,NLOS,125.32,-7.89,-97.21,-69.43,1.15,0.00,0,20,-101.50,27,-105.16,13,-105.82,26,-108.90,14,-115.70,6,-116.52
214,2600.00,2987.71,1.50,3,13,0.11,LOS,85.35,6.45,-71.58,-43.80,27.07,56.75,0,20,-100.60,7,-106.91,6,-108.03,14,-109.51,9,-116.90,19,-118.38,3075.02,5100.00,1.50,2,14,0.01,LOS,115.20,1.94,-96.92,-69.14,17.37,52.93,0,16,-102.24,22,-106.28,24,-113.65,23,-115.41,17,-116.02,15,-116.05,3898.38,2700.00,1.50,2,26,0.05,NLOS,120.26,1.09,-101.14,-73.35,4.18,55.68,0,19,-107.12,13,-110.56,27,-112.86,20,-114.44,34,-123.80,32,-123.81,7600.00,3900.00,1.50,1,53,0.05,NLOS,121.39,-3.35,-97.82,-70.04,0.82,0.00,0,60,-100.62,54,-104.69,59,-110.12,52,-114.70,47,-116.40,61,-117.41,3400.00,2900.00,1.50,0,19,0.04,NLOS,125.32,-7.89,-97.21,-69.43,1.15,0.00,0,20,-101.50,27,-105.16,13,-105.82,26,-108.90,14,-115.70,6,-116.52
215,2600.00,2971.94,1.50,3,13,0.12,LOS,84.86,-0.73,-63.91,-36.13,43.53,56.75,0,20,-109.11,26,-112.54,14,-114.67,27,-120.23,6,-120.29,8,-123.69,3060.31,5100.00,1.50,2,14,0.01,LOS,115.16,0.55,-95.49,-67.71,16.50,52.93,0,16,-95.97,22,-103.13,23,-111.79,15,-115.14,24,-116.47,21,-117.49,3882.91,2700.00,1.50,2,19,0.04,NLOS,124.55,-14.21,-90.12,-62.34,12.09,55.68,1,26,-104.17,27,-108.85,33,-111.05,20,-114.18,13,-114.49,29,-115.81,7600.00,3903.58,1.50,1,53,0.05,NLOS,121.46,-3.35,-97.90,-70.11,0.69,12.88,0,60,-100.56,54,-104.62,59,-110.19,52,-114.75,47,-116.39,61,-117.36,3400.00,2900.00,1.50,0,19,0.04,NLOS,125.32,-7.89,-97.21,-69.43,1.15,0.00,0,20,-101.50,27,-105.16,13,-105.82,26,-108.90,14,-115.70,6,-116.52
216,2600.00,2956.18,1.50,3,13,0.14,LOS,84.37,-0.73,-63.42,-35.64,44.14,56.75,0,20,-109.20,26,-112.52,14,-115.02,6,-120.07,27,-120.29,8,-123.87,3045.61,5100.00,1.50,2,14,0.01,LOS,115.12,0.55,-95.45,-67.67,16.47,52.93,0,16,-95.59,22,-103.66,23,-111.93,15,-114.94,24,-116.51,21,-117.59,3867.44,2700.00,1.50,2,19,0.04,NLOS,124.12,-14.21,-89.69,-61.91,12.89,55.68,0,26,-104.79,27,-108.94,33,-111.23,20,-113.97,13,-114.26,29,-115.82,7600.00,3910.73,1.50,1,53,0.05,NLOS,121.62,-3.35,-98.05,-70.27,0.43,25.75,0,60,-100.43,54,-104.47,59,-110.32,52,-114.86,47,-116.37,61,-117.26,3405.36,2900.00,1.50,0,19,0.04,NLOS,125.29,-7.89,-97.18,-69.40,1.16,19.29,0,20,-101.44,27,-105.11,13,-105.96,26,-108.79,14,-115.75,6,-116.58
217,2600.00,2940.42,1.50,3,13,0.15,LOS,83.89,-1.55,-62.12,-34.34,39.06,56.75,0,7,-101.79,0,-110.79,19,-114.00,21,-114.92,6,-115.19,8,-119.41,3030.91,5100.00,1.50,2,14,0.01,LOS,115.09,3.78,-98.64,-70.86,4.70,52.93,0,22,-101.79,16,-102.71,15,-107.70,8,-107.80,20,-109.40,23,-115.10,3851.97,2700.00,1.50,2,26,0.04,NLOS,122.11,-3.68,-98.22,-70.44,5.66,55.68,1,19,-105.73,20,-111.99,32,-113.73,28,-116.14,27,-116.86,14,-117.16,7600.00,3917.88,1.50,1,53,0.05,NLOS,121.77,-3.35,-98.20,-70.42,0.17,25.75,0,60,-100.30,54,-104.33,59,-110.46,52,-114.96,47,-116.35,61,-117.16,3416.07,2900.00,1.50,0,19,0.04,NLOS,125.23,-7.89,-97.11,-69.33,1.17,38.58,0,20,-101.33,27,-104.99,13,-106.23,26,-108.57,14,-115.87,6,-116.69
218,2600.00,2924.66,1.50,3,13,0.16,LOS,83.44,-1.55,-61.67,-33.89,39.66,56.75,0,7,-101.98,0,-110.77,19,-113.87,6,-114.97,21,-115.06,8,-119.59,3016.20,5100.00,1.50,2,14,0.01,LOS,115.05,3.78,-98.61,-70.83,4.63,52.93,0,22,-102.30,16,-102.35,15,-107.51,8,-107.68,20,-109.43,23,-115.25,3836.51,2700.00,1.50,2,26,0.04,NLOS,122.70,-3.68,-98.80,-71.02,4.79,55.68,0,19,-105.29,20,-111.79,32,-113.94,28,-116.17,27,-116.95,14,-117.03,7600.00,3925.04,1.50,1,53,0.04,NLOS,121.92,1.92,-103.62,-75.84,-3.10,25.75,0,60,-102.18,54,-107.69,47,-110.29,66,-110.67,67,-116.38,58,-117.44,3426.79,2900.00,1.50,0,20,0.05,NLOS,120.19,-6.71,-93.26,-65.48,2.73,38.58,1,19,-97.82,13,-101.33,27,-112.39,21,-113.51,7,-116.08,15,-118.38
219,2600.00,2908.89,1.50,3,13,0.17,LOS,83.03,2.72,-65.52,-37.74,31.77,56.75,0,7,-98.54,20,-108.20,19,-108.37,14,-109.64,8,-114.57,6,-117.91,3001.50,5100.00,1.50,2,14,0.01,LOS,115.02,-6.75,-88.05,-60.27,26.05,52.93,0,22,-97.81,16,-99.21,10,-115.69,15,-116.57,24,-120.90,28,-121.37,3821.04,2700.00,1.50,2,19,0.04,NLOS,122.82,-4.60,-98.00,-70.22,4.55,55.68,1,26,-103.01,20,-114.73,21,-117.59,32,-121.25,40,-121.36,33,-121.83,7600.00,3932.19,1.50,1,53,0.04,NLOS,122.08,1.92,-103.78,-76.00,-3.37,25.75,0,60,-102.06,54,-107.54,47,-110.27,66,-110.69,67,-116.33,58,-117.51,3437.51,2900.00,1.50,0,20,0.05,NLOS,120.11,-6.71,-93.18,-65.39,2.86,38.58,0,19,-97.77,13,-101.60,27,-112.28,21,-113.50,7,-116.20,26,-118.40
220,2600.00,2900.00,1.50,2,13,0.18,LOS,82.82,2.72,-65.31,-37.53,32.08,0.00,0,7,-98.65,20,-108.26,19,-108.30,14,-109.83,8,-114.67,6,-117.79,2986.80,5100.00,1.50,2,14,0.01,LOS,114.99,-6.75,-88.02,-60.24,25.97,52.93,0,22,-98.28,16,-98.85,10,-115.53,15,-116.39,24,-120.94,8,-121.39,3805.57,2700.00,1.50,2,19,0.04,NLOS,122.38,-4.60,-97.56,-69.78,5.46,55.68,0,26,-103.56,20,-114.54,21,-117.56,32,-121.46,40,-121.46,6,-121.93,7600.00,3939.34,1.50,1,53,0.04,NLOS,122.24,1.92,-103.94,-76.16,-3.64,25.75,0,60,-101.94,54,-107.40,47,-110.25,66,-110.71,67,-116.29,58,-117.59,3448.22,2900.00,1.50,0,20,0.05,NLOS,120.03,-6.71,-93.10,-65.32,2.97,38.58,0,19,-97.73,13,-101.86,27,-112.16,21,-113.49,7,-116.31,26,-118.17
221,2600.00,2900.00,1.50,2,13,0.18,LOS,82.82,2.72,-65.31,-37.53,32.08,0.00,0,7,-98.65,20,-108.26,19,-108.30,14,-109.83,8,-114.67,6,-117.79,2972.09,5100.00,1.50,2,14,0.01,LOS,114.96,4.01,-98.75,-70.97,9.98,52.93,0,16,-99.90,22,-108.60,15,-109.98,23,-114.09,9,-115.40,10,-116.18,3800.00,2690.10,1.50,3,26,0.04,NLOS,124.11,-2.10,-101.79,-74.01,2.66,55.68,1,20,-107.03,19,-111.13,32,-112.50,8,-115.13,27,-119.19,33,-120.17,7600.00,3946.50,1.50,1,53,0.04,NLOS,122.40,1.92,-104.10,-76.32,-3.91,25.75,0,60,-101.82,54,-107.25,47,-110.24,66,-110.73,67,-116.24,58,-117.66,3458.94,2900.00,1.50,0,19,0.04,NLOS,125.05,-9.80,-95.03,-67.25,3.38,38.58,1,20,-101.58,13,-103.10,26,-107.29,27,-114.69,14,-115.21,1,-117.95
222,2600.00,2900.00,1.50,2,13,0.18,LOS,82.82,2.72,-65.31,-37.53,32.08,0.00,0,7,-98.65,20,-108.26,19,-108.30,14,-109.83,8,-114.67,6,-117.79,2957.39,5100.00,1.50,2,14,0.01,LOS,114.93,4.01,-98.72,-70.94,9.90,52.93,0,16,-99.56,22,-109.05,15,-109.82,23,-114.24,9,-115.15,10,-116.02,3800.00,2674.64,1.50,3,26,0.04,NLOS,124.28,-2.10,-101.96,-74.18,2.57,55.68,0,20,-107.39,19,-110.70,32,-112.45,8,-115.20,27,-119.41,33,-120.25,7600.00,3953.65,1.50,1,53,0.04,NLOS,122.57,-15.66,-86.68,-58.90,10.20,25.75,0,60,-98.24,54,-105.06,59,-107.21,46,-114.77,66,-116.85,40,-117.13,3469.65,2900.00,1.50,0,19,0.04,NLOS,125.02,-9.80,-95.01,-67.23,3.43,38.58,0,20,-101.53,13,-103.35,26,-107.06,27,-114.58,14,-115.32,1,-118.03
223,2600.00,2900.00,1.50,2,13,0.18,LOS,82.82,2.72,-65.31,-37.53,32.08,0.00,0,7,-98.65,20,-108.26,19,-108.30,14,-109.83,8,-114.67,6,-117.79,2942.68,5100.00,1.50,2,14,0.01,LOS,114.91,-2.93,-91.76,-63.97,14.74,52.93,0,16,-104.76,22,-105.30,15,-109.96,4,-110.97,8,-111.57,28,-114.68,3800.00,2659.17,1.50,3,26,0.04,NLOS,124.47,-9.93,-94.33,-66.55,-1.20,55.68,0,19,-93.70,32,-105.74,20,-105.86,13,-106.11,27,-114.67,21,-118.29,7600.00,3960.80,1.50,1,53,0.04,NLOS,122.73,-15.66,-86.85,-59.07,9.94,25.75,0,60,-98.13,54,-104.91,59,-107.34,46,-114.82,66,-116.87,40,-117.14,3480.37,2900.00,1.50,0,19,0.04,NLOS,125.00,-9.80,-94.99,-67.21,3.48,38.58,0,20,-101.50,13,-103.60,26,-106.83,27,-114.47,14,-115.44,1,-118.10
224,2600.00,2900.00,1.50,2,13,0.18,LOS,82.82,2.72,-65.31,-37.53,32.08,0.00,0,7,-98.65,20,-108.26,19,-108.30,14,-109.83,8,-114.67,6,-117.79,2927.98,5100.00,1.50,2,14,0.01,LOS,114.88,-2.93,-91.73,-63.95,14.67,52.93,0,16,-104.44,22,-105.73,15,-109.82,4,-110.87,8,-111.44,28,-114.84,3800.00,2643.70,1.50,3,26,0.04,NLOS,124.68,-9.93,-94.53,-66.75,-1.77,55.68,0,19,-93.27,32,-105.70,13,-106.15,20,-106.20,27,-114.88,33,-118.40,7600.00,3967.95,1.50,1,53,0.04,NLOS,122.90,-15.66,-87.02,-59.23,9.69,25.75,0,60,-98.02,54,-104.76,59,-107.47,46,-114.87,66,-116.89,40,-117.15,3491.09,2900.00,1.50,0,19,0.04,NLOS,124.99,-5.63,-99.14,-71.36,-1.02,38.58,0,20,-98.99,14,-106.33,32,-113.58,26,-117.93,27,-118.71,33,-119.12
225,2600.00,2900.00,1.50,2,13,0.18,LOS,82.82,2.72,-65.31,-37.53,32.08,0.00,0,7,-98.65,20,-108.26,19,-108.30,14,-109.83,8,-114.67,6,-117.79,2913.28,5100.00,1.50,2,14,0.01,LOS,114.86,2.03,-96.67,-68.89,3.67,52.93,0,16,-97.00,21,-100.66,2,-112.60,15,-112.70,4,-114.01,3,-114.72,3800.00,2628.23,1.50,3,19,0.05,NLOS,120.22,4.77,-104.77,-76.99,1.08,55.68,1,26,-108.82,14,-110.73,20,-115.90,33,-116.12,21,-119.85,27,-120.39,7600.00,3975.11,1.50,1,53,0.04,NLOS,123.07,-15.66,-87.18,-59.40,9.43,25.75,0,60,-97.92,54,-104.61,59,-107.60,46,-114.92,66,-116.92,40,-117.16,3501.80,2900.00,1.50,0,19,0.04,NLOS,124.99,-5.63,-99.14,-71.36,-1.00,38.58,0,20,-98.99,14,-106.44,32,-113.47,26,-117.69,27,-118.59,33,-119.00
226,2600.00,2900.00,1.50,2,13,0.18,LOS,82.82,2.72,-65.31,-37.53,32.08,0.00,0,7,-98.65,20,-108.26,19,-108.30,14,-109.83,8,-114.67,6,-117.79,2898.57,5100.00,1.50,2,14,0.01,LOS,114.84,2.03,-96.65,-68.87,3.79,52.93,0,16,-96.71,21,-100.78,2,-112.46,15,-112.57,4,-113.91,3,-114.58,3800.00,2612.76,1.50,3,19,0.05,NLOS,119.81,4.77,-104.36,-76.57,1.69,55.68,0,26,-109.05,14,-110.85,33,-116.21,20,-116.23,21,-120.02,27,-120.60,7600.00,3982.26,1.50,1,53,0.04,NLOS,123.23,-3.17,-99.85,-72.07,1.54,25.75,0,60,-103.74,54,-106.77,46,-113.82,59,-114.62,66,-116.41,45,-118.41,3512.52,2900.00,1.50,0,19,0.04,NLOS,125.00,-5.63,-99.14,-71.36,-0.99,38.58,0,20,-99.00,14,-106.56,32,-113.36,26,-117.45,27,-118.48,33,-118.89
227,2600.00,2900.00,1.50,2,13,0.18,LOS,82.82,2.72,-65.31,-37.53,32.08,0.00,0,7,-98.65,20,-108.26,19,-108.30,14,-109.83,8,-114.67,6,-117.79,2883.87,5100.00,1.50,2,14,0.01,LOS,114.82,2.38,-96.99,-69.20,3.77,52.93,0,16,-101.68,15,-101.88,22,-107.23,21,-107.63,10,-109.93,3,-115.08,3800.00,2597.30,1.50,3,19,0.05,NLOS,119.40,3.78,-102.96,-75.18,1.20,55.68,0,26,-105.19,13,-115.46,27,-116.71,33,-117.90,20,-118.88,14,-120.42,7600.00,3989.41,1.50,1,53,0.04,NLOS,123.40,-3.17,-100.02,-72.24,1.28,25.75,0,60,-103.65,54,-106.62,46,-113.87,59,-114.75,66,-116.43,61,-118.31,3523.23,2900.00,1.50,0,19,0.04,NLOS,125.01,-3.27,-101.52,-73.74,2.46,38.58,0,20,-105.95,13,-111.59,26,-113.44,21,-117.27,28,-117.57,14,-119.07
228,2600.00,2900.00,1.50,2,13,0.18,LOS,82.82,2.72,-65.31,-37.53,32.08,0.00,0,7,-98.65,20,-108.26,19,-108.30,14,-109.83,8,-114.67,6,-117.79,2869.16,5100.00,1.50,2,14,0.01,LOS,114.81,2.38,-96.97,-69.19,3.73,52.93,0,16,-101.43,15,-101.78,22,-107.62,21,-107.75,10,-109.77,3,-114.93,3800.00,2581.83,1.50,3,19,0.06,NLOS,119.01,3.78,-102.57,-74.79,1.82,55.68,0,26,-105.44,13,-115.52,27,-116.91,33,-117.99,20,-119.20,14,-120.54,7600.00,3996.57,1.50,1,53,0.04,NLOS,123.57,-3.17,-100.19,-72.41,1.02,25.75,0,60,-103.55,54,-106.47,46,-113.92,59,-114.88,66,-116.46,61,-118.20,3533.95,2900.00,1.50,0,19,0.04,NLOS,125.03,-3.27,-101.54,-73.76,2.48,38.58,0,20,-105.99,13,-111.83,26,-113.19,21,-117.27,28,-117.53,14,-119.19
229,2600.00,2900.00,1.50,2,13,0.18,LOS,82.82,2.72,-65.31,-37.53,32.08,0.00,0,7,-98.65,20,-108.26,19,-108.30,14,-109.83,8,-114.67,6,-117.79,2854.46,5100.00,1.50,2,14,0.01,LOS,114.79,-3.22,-91.36,-63.57,14.22,52.93,0,16,-99.85,15,-106.04,10,-114.95,29,-117.41,8,-117.70,22,-118.69,3800.00,2566.36,1.50,3,19,0.06,NLOS,118.64,-2.47,-95.95,-68.17,9.37,55.68,0,26,-107.29,20,-111.85,40,-112.86,32,-114.86,21,-116.48,27,-117.68,7600.00,4003.72,1.50,1,53,0.04,NLOS,123.75,-3.17,-100.36,-72.58,0.75,25.75,0,60,-103.46,54,-106.31,46,-113.97,59,-115.01,66,-116.48,61,-118.10,3544.67,2900.00,1.50,0,19,0.04,NLOS,125.06,-3.27,-101.57,-73.79,2.50,38.58,0,20,-106.04,13,-112.05,26,-112.94,21,-117.28,28,-117.49,14,-119.30
230,2592.12,2900.00,1.50,2,13,0.16,LOS,83.22,2.72,-65.72,-37.94,31.57,28.37,0,7,-98.49,20,-108.38,19,-108.41,14,-109.86,8,-114.63,6,-117.66,2839.76,5100.00,1.50,2,14,0.01,LOS,114.78,-3.22,-91.34,-63.56,14.15,52.93,0,16,-99.65,15,-105.96,10,-114.79,8,-117.57,29,-117.58,22,-119.06,3800.00,2550.89,1.50,3,19,0.06,NLOS,118.28,-2.47,-95.59,-67.81,9.97,55.68,0,26,-107.55,20,-112.17,40,-112.92,32,-114.84,21,-116.64,27,-117.88,7600.00,4010.87,1.50,1,53,0.04,NLOS,123.92,-3.02,-100.68,-72.89,-1.70,25.75,0,59,-100.70,54,-107.15,60,-107.21,67,-114.85,47,-115.75,48,-117.85,3555.38,2900.00,1.50,0,20,0.05,NLOS,120.06,-2.20,-97.63,-69.85,1.98,38.58,1,19,-101.85,13,-104.74,26,-111.25,21,-117.95,6,-122.73,27,-122.88
231,2576.36,2900.00,1.50,2,13,0.14,LOS,84.00,2.69,-66.47,-38.69,40.71,56.75,0,7,-112.13,19,-113.03,27,-115.27,14,-115.41,8,-115.96,0,-117.93,2825.05,5100.00,1.50,2,14,0.01,LOS,114.77,-1.14,-93.41,-65.62,3.76,52.93,0,16,-91.14,15,-97.28,9,-107.72,10,-115.63,3,-116.14,20,-116.49,3800.00,2535.43,1.50,3,19,0.06,NLOS,117.94,4.73,-102.46,-74.67,5.67,55.68,0,13,-112.06,27,-113.07,34,-114.27,26,-115.65,33,-120.16,20,-122.08,7600.00,4018.03,1.50,1,53,0.04,NLOS,124.09,-3.02,-100.85,-73.07,-1.83,25.75,0,59,-100.83,54,-107.00,60,-107.12,67,-114.81,47,-115.74,48,-117.80,3566.10,2900.00,1.50,0,20,0.05,NLOS,120.13,-2.20,-97.71,-69.93,1.98,38.58,0,19,-101.90,13,-104.96,26,-110.99,21,-117.96,27,-122.76,6,-122.84
232,2560.59,2900.00,1.50,2,13,0.13,LOS,84.72,2.69,-67.19,-39.41,39.94,56.75,0,7,-111.80,19,-113.26,27,-115.40,14,-115.48,8,-115.88,0,-117.72,2810.35,5100.00,1.50,2,14,0.01,LOS,114.76,-1.14,-93.40,-65.62,3.72,52.93,0,16,-90.99,15,-97.23,9,-107.42,10,-115.47,3,-115.98,20,-116.53,3800.00,2519.96,1.50,3,19,0.06,NLOS,117.63,4.73,-102.15,-74.36,6.13,55.68,0,13,-112.13,27,-113.26,34,-114.38,26,-115.92,33,-120.26,20,-122.38,7600.00,4025.18,1.50,1,53,0.04,NLOS,124.26,-3.02,-101.02,-73.24,-1.96,25.75,0,59,-100.95,54,-106.84,60,-107.05,67,-114.77,47,-115.73,48,-117.74,3576.81,2900.00,1.50,0,20,0.05,NLOS,120.23,-2.20,-97.81,-70.02,1.96,38.58,0,19,-101.95,13,-105.18,26,-110.73,21,-117.96,27,-122.65,6,-122.94
233,2544.83,2900.00,1.50,2,13,0.11,LOS,85.40,3.50,-68.68,-40.90,34.30,56.75,0,6,-104.72,14,-109.02,20,-115.96,9,-121.59,19,-123.24,7,-124.46,2800.00,5104.35,1.50,1,14,0.01,LOS,114.81,-2.13,-92.46,-64.68,12.44,52.93,0,16,-95.45,17,-104.81,15,-105.28,10,-110.43,22,-114.94,29,-115.56,3800.00,2504.49,1.50,3,19,0.06,NLOS,117.35,5.27,-102.40,-74.62,4.56,55.68,0,26,-111.92,20,-112.00,27,-114.98,13,-115.26,32,-118.20,34,-120.58,7600.00,4032.33,1.50,1,53,0.04,NLOS,124.43,-3.02,-101.19,-73.41,-2.09,25.75,0,59,-101.08,54,-106.68,60,-106.97,67,-114.73,47,-115.72,48,-117.69,3587.53,2900.00,1.50,0,20,0.05,NLOS,120.33,-8.16,-91.96,-64.18,12.91,38.58,0,19,-108.67,26,-110.47,13,-110.93,28,-117.40,1,-117.97,9,-119.90
234,2529.07,2900.00,1.50,2,13,0.10,LOS,86.04,3.50,-69.32,-41.54,33.51,56.75,0,6,-104.46,14,-109.11,20,-116.20,9,-121.56,19,-123.46,7,-124.13,2800.00,5119.06,1.50,1,14,0.01,LOS,114.99,-2.13,-92.64,-64.86,12.68,52.93,0,16,-94.70,17,-104.60,15,-105.74,10,-110.27,22,-115.00,29,-115.53,3800.00,2500.00,1.50,0,19,0.06,NLOS,117.28,5.27,-102.32,-74.54,4.71,0.00,0,26,-112.00,20,-112.08,27,-115.04,13,-115.28,32,-118.20,34,-120.61,7600.00,4039.49,1.50,1,60,0.05,NLOS,121.74,5.59,-107.11,-79.33,-1.35,25.75,1,54,-109.32,59,-110.88,53,-114.32,42,-117.03,47,-118.03,61,-119.20,3598.25,2900.00,1.50,0,20,0.05,NLOS,120.45,-8.16,-92.07,-64.29,12.79,38.58,0,19,-108.74,26,-110.20,13,-111.14,28,-117.37,1,-118.04,9,-119.94
235,2513.30,2900.00,1.50,2,13,0.09,LOS,86.64,-5.51,-60.91,-33.13,42.15,56.75,0,7,-106.52,14,-107.24,21,-113.55,26,-113.90,6,-114.33,19,-117.37,2800.00,5133.76,1.50,1,16,0.07,NLOS,116.61,-9.09,-87.30,-59.52,12.99,52.93,1,14,-94.98,22,-100.90,15,-112.37,24,-113.62,17,-115.17,23,-118.14,3800.00,2500.00,1.50,0,19,0.06,NLOS,117.28,5.27,-102.32,-74.54,4.71,0.00,0,26,-112.00,20,-112.08,27,-115.04,13,-115.28,32,-118.20,34,-120.61,7600.00,4046.64,1.50,1,60,0.05,NLOS,121.67,5.59,-107.04,-79.26,-1.30,25.75,0,54,-109.16,59,-111.00,53,-114.49,42,-116.99,47,-118.02,61,-119.09,3600.00,2891.04,1.50,3,20,0.05,NLOS,120.85,-8.16,-92.47,-64.69,12.26,38.58,0,19,-108.45,26,-110.13,13,-111.16,28,-117.44,1,-118.07,9,-119.99
236,2497.54,2900.00,1.50,2,13,0.08,LOS,87.21,-5.51,-61.48,-33.70,41.44,56.75,0,7,-106.18,14,-107.34,21,-113.66,26,-114.05,6,-114.06,19,-117.58,2800.00,5148.47,1.50,1,16,0.07,NLOS,115.78,-9.09,-86.48,-58.70,13.89,52.93,0,14,-95.16,22,-100.97,15,-112.81,24,-113.49,17,-114.96,23,-117.96,3800.00,2500.00,1.50,0,19,0.06,NLOS,117.28,5.27,-102.32,-74.54,4.71,0.00,0,26,-112.00,20,-112.08,27,-115.04,13,-115.28,32,-118.20,34,-120.61,7600.00,4053.79,1.50,1,60,0.05,NLOS,121.61,5.59,-106.98,-79.20,-1.26,25.75,0,54,-109.00,59,-111.12,53,-114.66,42,-116.96,47,-118.01,61,-118.99,3600.00,2880.32,1.50,3,20,0.05,NLOS,121.29,1.36,-102.44,-74.66,-2.56,38.58,0,26,-100.39,19,-111.95,27,-117.15,14,-117.87,6,-119.71,13,-120.43
237,2481.78,2900.00,1.50,2,13,0.08,LOS,87.76,7.62,-75.16,-47.38,31.16,56.75,0,14,-111.86,6,-112.43,0,-114.71,7,-115.24,20,-115.35,8,-115.83,2800.00,5163.17,1.50,1,16,0.08,NLOS,114.92,-2.01,-92.69,-64.90,5.07,52.93,0,14,-90.65,10,-99.65,15,-102.83,9,-114.20,3,-114.82,11,-116.60,3800.00,2500.00,1.50,0,19,0.06,NLOS,117.28,5.27,-102.32,-74.54,4.71,0.00,0,26,-112.00,20,-112.08,27,-115.04,13,-115.28,32,-118.20,34,-120.61,7600.00,4060.94,1.50,1,60,0.05,NLOS,121.56,5.59,-106.93,-79.14,-1.23,25.75,0,54,-108.84,59,-111.24,53,-114.84,42,-116.93,47,-118.00,61,-118.88,3600.00,2869.61,1.50,3,20,0.05,NLOS,121.72,1.36,-102.87,-75.09,-3.03,38.58,0,26,-100.37,19,-111.58,27,-117.29,14,-117.98,6,-119.67,13,-120.42
238,2466.02,2900.00,1.50,2,13,0.07,LOS,88.27,7.62,-75.67,-47.89,30.60,56.75,0,14,-111.96,6,-112.16,0,-114.50,7,-114.89,20,-115.58,8,-115.76,2800.00,5177.87,1.50,1,16,0.08,NLOS,114.01,-2.01,-91.78,-63.99,6.00,52.93,0,14,-90.83,10,-99.50,15,-103.24,9,-114.26,3,-114.80,11,-116.47,3800.00,2500.00,1.50,0,19,0.06,NLOS,117.28,5.27,-102.32,-74.54,4.71,0.00,0,26,-112.00,20,-112.08,27,-115.04,13,-115.28,32,-118.20,34,-120.61,7600.00,4068.10,1.50,1,53,0.04,NLOS,125.30,-2.43,-102.65,-74.87,2.28,25.75,1,60,-108.55,54,-110.16,47,-113.69,67,-114.22,61,-114.95,59,-115.46,3600.00,2858.89,1.50,3,20,0.04,NLOS,122.15,1.36,-103.29,-75.51,-3.49,38.58,0,26,-100.36,19,-111.21,27,-117.42,14,-118.09,6,-119.64,13,-120.41
239,2450.25,2900.00,1.50,2,13,0.07,LOS,88.76,2.87,-71.41,-43.63,32.90,56.75,0,7,-107.15,14,-111.30,6,-111.92,21,-116.04,20,-116.76,1,-117.48,2800.00,5192.58,1.50,1,16,0.09,NLOS,113.05,-8.51,-84.32,-56.54,15.18,52.93,0,14,-88.53,15,-101.99,22,-104.25,9,-109.77,8,-114.38,21,-115.18,3800.00,2500.00,1.50,0,19,0.06,NLOS,117.28,5.27,-102.32,-74.54,4.71,0.00,0,26,-112.00,20,-112.08,27,-115.04,13,-115.28,32,-118.20,34,-120.61,7600.00,4075.25,1.50,1,53,0.04,NLOS,125.47,-2.43,-102.82,-75.04,2.05,25.75,0,60,-108.50,54,-110.00,47,-113.68,67,-114.18,61,-114.84,59,-115.58,3600.00,2848.18,1.50,3,20,0.04,NLOS,122.56,1.45,-103.79,-76.01,1.48,38.58,0,19,-106.20,32,-111.30,27,-116.28,21,-119.06,22,-119.74,26,-120.31
240,2434.49,2900.00,1.50,2,13,0.06,LOS,89.28,2.87,-71.93,-44.15,32.19,56.75,0,7,-106.80,14,-111.41,6,-111.66,21,-116.15,20,-116.99,1,-117.32,2800.00,5207.28,1.50,1,16,0.10,NLOS,112.03,-8.51,-83.30,-55.52,16.45,52.93,0,14,-88.70,15,-102.38,22,-104.34,9,-109.84,8,-114.53,21,-115.34,3800.00,2500.00,1.50,0,19,0.06,NLOS,117.28,5.27,-102.32,-74.54,4.71,0.00,0,26,-112.00,20,-112.08,27,-115.04,13,-115.28,32,-118.20,34,-120.61,7600.00,4082.40,1.50,1,53,0.04,NLOS,125.64,-2.43,-103.00,-75.22,1.82,25.75,0,60,-108.46,54,-109.83,47,-113.68,67,-114.14,61,-114.73,59,-115.70,3600.00,2837.46,1.50,3,20,0.04,NLOS,122.97,1.45,-104.20,-76.42,0.77,38.58,0,19,-105.81,32,-111.26,27,-116.42,21,-119.20,22,-119.83,26,-120.31
241,2418.73,2900.00,1.50,2,13,0.06,LOS,90.09,0.49,-70.35,-42.57,37.49,56.75,0,14,-112.70,19,-114.00,7,-114.55,1,-117.60,6,-119.03,8,-119.55,2800.00,5221.98,1.50,1,14,0.01,LOS,116.20,-2.31,-93.67,-65.89,16.58,52.93,1,16,-98.48,23,-106.76,15,-110.96,22,-112.49,9,-113.24,10,-115.80,3800.00,2500.00,1.50,0,19,0.06,NLOS,117.28,5.27,-102.32,-74.54,4.71,0.00,0,26,-112.00,20,-112.08,27,-115.04,13,-115.28,32,-118.20,34,-120.61,7600.00,4089.56,1.50,1,53,0.03,NLOS,125.82,-2.43,-103.17,-75.39,1.59,25.75,0,60,-108.43,54,-109.67,47,-113.67,67,-114.11,61,-114.62,59,-115.82,3600.00,2826.74,1.50,3,20,0.04,NLOS,123.36,1.45,-104.59,-76.81,0.06,38.58,0,19,-105.41,32,-111.22,27,-116.55,21,-119.34,22,-119.91,26,-120.31
242,2402.96,2900.00,1.50,2,13,0.05,LOS,90.86,0.49,-71.13,-43.35,36.71,56.75,0,14,-112.82,7,-114.19,19,-114.20,1,-117.45,6,-118.77,8,-119.48,2800.00,5236.69,1.50,1,14,0.01,LOS,116.37,-2.31,-93.84,-66.06,16.74,52.93,0,16,-97.34,23,-106.58,15,-111.34,22,-112.60,9,-113.32,10,-115.65,3800.00,2500.00,1.50,0,19,0.06,NLOS,117.28,5.27,-102.32,-74.54,4.71,0.00,0,26,-112.00,20,-112.08,27,-115.04,13,-115.28,32,-118.20,34,-120.61,7600.00,4096.71,1.50,1,60,0.05,NLOS,121.35,-0.65,-100.49,-72.70,-1.79,25.75,1,54,-102.33,59,-102.40,66,-111.40,52,-111.60,67,-112.80,53,-113.91,3600.00,2816.03,1.50,3,20,0.04,NLOS,123.75,-3.20,-100.33,-72.55,-1.24,38.58,0,19,-99.69,13,-111.67,26,-115.01,27,-116.86,21,-117.13,33,-118.48
243,2400.00,2887.20,1.50,3,13,0.05,LOS,90.90,7.73,-78.41,-50.63,20.76,56.75,0,7,-101.63,14,-104.05,0,-110.53,6,-110.96,19,-116.54,20,-118.17,2800.00,5251.39,1.50,1,16,0.14,NLOS,108.60,-1.00,-87.38,-59.60,16.03,52.93,1,14,-100.29,22,-106.88,23,-108.96,15,-111.46,9,-115.10,10,-120.57,3800.00,2500.00,1.50,0,19,0.06,NLOS,117.28,5.27,-102.32,-74.54,4.71,0.00,0,26,-112.00,20,-112.08,27,-115.04,13,-115.28,32,-118.20,34,-120.61,7600.00,4103.86,1.50,1,60,0.05,NLOS,121.33,-0.65,-100.46,-72.68,-1.79,25.75,0,54,-102.16,59,-102.52,66,-111.43,52,-111.69,67,-112.76,53,-114.08,3600.00,2805.31,1.50,3,20,0.04,NLOS,124.13,-3.20,-100.71,-72.93,-1.98,38.58,0,19,-99.27,13,-111.67,26,-115.02,27,-117.00,21,-117.27,33,-118.51
244,2400.00,2871.44,1.50,3,13,0.05,LOS,90.80,7.73,-78.31,-50.53,21.11,56.75,0,7,-101.97,14,-104.32,0,-110.52,6,-110.63,19,-116.45,20,-118.24,2800.00,5266.10,1.50,1,16,0.16,NLOS,107.30,-1.00,-86.08,-58.29,17.39,52.93,0,14,-100.46,22,-106.99,23,-108.78,15,-111.82,9,-115.19,10,-120.42,3807.73,2500.00,1.50,0,19,0.06,NLOS,117.66,5.27,-102.71,-74.93,4.29,27.84,0,26,-111.82,20,-112.14,27,-115.00,13,-115.40,32,-118.09,34,-120.57,7600.00,4111.02,1.50,1,60,0.05,NLOS,121.31,-0.65,-100.44,-72.66,-1.79,25.75,0,54,-102.00,59,-102.63,66,-111.47,52,-111.78,67,-112.72,53,-114.25,3600.00,2794.60,1.50,3,20,0.04,NLOS,124.50,-3.20,-101.08,-73.30,-2.72,38.58,0,19,-98.84,13,-111.68,26,-115.03,27,-117.13,21,-117.41,33,-118.55
245,2400.00,2855.68,1.50,3,13,0.05,LOS,90.74,3.30,-73.82,-46.04,31.05,56.75,0,6,-107.88,14,-111.58,7,-113.39,20,-116.11,1,-118.02,19,-119.48,2800.00,5280.80,1.50,1,16,0.18,NLOS,105.90,2.18,-87.87,-60.08,11.89,52.93,0,14,-90.21,22,-100.76,10,-111.17,17,-113.47,23,-113.98,15,-115.34,3823.20,2500.00,1.50,0,19,0.06,NLOS,118.42,-2.19,-96.01,-68.23,7.01,55.68,0,20,-103.50,46,-115.97,7,-116.31,26,-117.23,27,-117.53,33,-120.41,7600.00,4118.17,1.50,1,60,0.05,NLOS,121.29,-0.65,-100.43,-72.64,-1.81,25.75,0,54,-101.83,59,-102.75,66,-111.50,52,-111.87,67,-112.69,53,-114.42,3600.00,2783.88,1.50,3,20,0.04,NLOS,124.86,-13.07,-91.58,-63.79,10.13,38.58,0,19,-104.38,13,-108.34,26,-108.98,21,-117.90,27,-120.57,7,-120.71
246,2400.00,2839.91,1.50,3,13,0.06,LOS,90.71,3.30,-73.79,-46.01,31.01,56.75,0,6,-107.54,14,-111.85,7,-113.73,20,-116.19,1,-118.13,19,-119.40,2800.00,5295.50,1.50,1,16,0.21,NLOS,104.40,2.18,-86.36,-58.58,13.48,52.93,0,14,-90.37,22,-100.89,10,-111.02,17,-113.22,23,-113.80,11,-115.64,3838.67,2500.00,1.50,0,19,0.05,NLOS,119.15,-2.19,-96.73,-68.95,6.38,55.68,0,20,-103.63,46,-115.87,7,-116.43,26,-116.85,27,-117.46,33,-120.25,7600.00,4125.32,1.50,1,53,0.03,NLOS,126.67,-12.62,-93.83,-66.05,7.45,25.75,1,54,-103.88,60,-105.70,66,-113.81,61,-114.12,59,-115.45,47,-117.69,3600.00,2773.16,1.50,3,20,0.04,NLOS,125.22,-13.07,-91.93,-64.15,9.54,38.58,0,19,-103.93,13,-108.36,26,-109.00,21,-118.03,27,-120.71,7,-120.74
247,2400.00,2824.15,1.50,3,13,0.06,LOS,90.72,2.61,-73.11,-45.33,20.34,56.75,0,6,-93.48,7,-116.72,1,-118.51,0,-120.78,8,-121.09,20,-125.59,2810.21,5300.00,1.50,0,16,0.21,NLOS,104.36,-2.44,-81.70,-53.92,21.28,52.93,0,14,-87.42,23,-107.58,22,-107.73,15,-109.62,29,-113.85,9,-115.39,3854.14,2500.00,1.50,0,19,0.05,NLOS,119.84,2.43,-102.05,-74.27,-2.74,55.68,0,26,-99.55,20,-115.10,13,-117.47,33,-118.04,32,-118.36,15,-118.65,7600.00,4132.48,1.50,1,53,0.03,NLOS,126.84,-12.62,-94.00,-66.22,7.19,25.75,0,54,-103.71,60,-105.70,66,-113.84,61,-114.01,59,-115.57,47,-117.69,3600.00,2762.45,1.50,3,20,0.04,NLOS,125.57,-13.07,-92.28,-64.50,8.94,38.58,0,19,-103.47,13,-108.37,26,-109.03,21,-118.16,7,-120.78,27,-120.84
248,2400.00,2808.39,1.50,3,13,0.05,LOS,90.76,2.61,-73.15,-45.37,19.97,56.75,0,6,-93.15,7,-117.06,1,-118.62,0,-120.78,8,-121.28,20,-125.68,2824.91,5300.00,1.50,0,16,0.20,NLOS,105.10,-2.44,-82.44,-54.66,20.39,52.93,0,14,-87.43,23,-107.36,22,-107.42,15,-109.65,29,-113.67,9,-115.66,3869.61,2500.00,1.50,0,26,0.04,NLOS,125.29,-5.90,-99.17,-71.39,2.95,55.68,1,19,-102.73,20,-115.23,13,-117.69,33,-117.88,32,-118.13,15,-118.71,7600.00,4139.63,1.50,1,53,0.03,NLOS,127.01,-12.62,-94.17,-66.39,6.94,25.75,0,54,-103.54,60,-105.70,66,-113.88,61,-113.89,59,-115.68,47,-117.69,3600.00,2751.73,1.50,3,19,0.05,NLOS,119.68,0.46,-99.92,-72.13,0.24,38.58,1,26,-103.91,13,-105.70,20,-106.26,14,-115.92,21,-116.57,27,-117.23
249,2400.00,2792.62,1.50,3,13,0.05,LOS,90.83,3.76,-74.37,-46.59,25.93,56.75,0,7,-101.47,6,-106.98,0,-109.70,21,-119.01,26,-121.89,14,-121.93,2839.61,5300.00,1.50,0,16,0.18,NLOS,105.92,0.66,-86.36,-58.58,17.54,52.93,0,14,-96.24,22,-108.05,9,-109.79,23,-111.94,15,-113.76,17,-115.70,3885.07,2500.00,1.50,0,19,0.05,NLOS,121.17,-11.25,-89.70,-61.92,11.60,55.68,1,26,-102.01,32,-110.10,13,-113.06,27,-114.67,33,-117.11,20,-118.16,7600.00,4146.78,1.50,1,53,0.03,NLOS,127.18,-12.62,-94.34,-66.56,6.68,25.75,0,54,-103.37,60,-105.71,61,-113.78,66,-113.91,59,-115.80,47,-117.69,3600.00,2741.02,1.50,3,19,0.05,NLOS,119.19,0.46,-99.43,-71.65,0.84,38.58,0,26,-103.95,13,-105.72,20,-106.59,14,-116.03,21,-116.70,27,-117.36
250,2400.00,2776.86,1.50,3,13,0.05,LOS,90.94,3.76,-74.48,-46.70,25.99,56.75,0,7,-101.80,6,-106.65,0,-109.71,21,-119.13,26,-121.89,14,-122.18,2854.32,5300.00,1.50,0,16,0.17,NLOS,106.79,0.66,-87.24,-59.46,16.58,52.93,0,14,-96.25,22,-107.74,9,-110.05,23,-111.72,15,-113.81,29,-115.56,3900.54,2500.00,1.50,0,19,0.05,NLOS,121.79,-11.25,-90.33,-62.55,10.66,55.68,0,26,-101.62,32,-109.86,13,-113.27,27,-114.61,33,-116.95,20,-118.30,7600.00,4153.94,1.50,1,53,0.03,NLOS,127.35,-14.55,-92.58,-64.80,3.82,25.75,0,60,-96.53,61,-110.82,48,-113.05,54,-113.71,55,-116.40,66,-117.60,3600.00,2730.30,1.50,3,19,0.06,NLOS,118.69,0.46,-98.93,-71.15,1.44,38.58,0,26,-103.99,13,-105.75,20,-106.92,14,-116.14,21,-116.83,27,-117.49
251,2400.00,2761.10,1.50,3,13,0.05,LOS,91.09,-1.73,-69.14,-41.36,30.32,56.75,0,7,-100.52,6,-107.13,19,-114.91,26,-116.19,1,-119.11,21,-120.94,2869.02,5300.00,1.50,0,16,0.15,NLOS,107.70,1.95,-89.44,-61.65,12.10,52.93,0,14,-90.86,17,-105.39,10,-107.55,9,-109.91,15,-111.01,29,-111.03,3916.01,2500.00,1.50,0,19,0.04,NLOS,122.40,-8.35,-93.83,-66.05,4.26,55.68,0,26,-98.36,33,-107.22,20,-111.87,34,-113.39,32,-116.61,14,-118.07,7600.00,4161.09,1.50,1,53,0.03,NLOS,127.51,-14.55,-92.74,-64.96,3.66,25.75,0,60,-96.55,61,-110.71,48,-113.00,54,-113.54,55,-116.31,66,-117.63,3600.00,2719.58,1.50,3,19,0.06,NLOS,118.18,8.40,-106.36,-78.58,-2.41,38.58,0,26,-106.16,20,-111.26,13,-112.26,7,-115.55,27,-117.99,15,-120.48
252,2400.00,2745.34,1.50,3,13,0.05,LOS,91.26,-1.73,-69.31,-41.53,30.34,56.75,0,7,-100.84,6,-106.80,19,-114.84,26,-116.19,1,-119.22,21,-121.06,2883.73,5300.00,1.50,0,16,0.14,NLOS,108.62,1.95,-90.36,-62.57,11.26,52.93,0,14,-90.87,17,-105.42,10,-107.75,9,-110.16,29,-110.85,15,-111.06,3931.48,2500.00,1.50,0,19,0.04,NLOS,122.99,-8.35,-94.42,-66.63,3.31,55.68,0,26,-97.97,33,-107.06,20,-112.02,34,-113.31,32,-116.37,14,-118.18,7600.00,4168.24,1.50,1,53,0.03,NLOS,127.68,-14.55,-92.91,-65.13,3.52,25.75,0,60,-96.57,61,-110.59,48,-112.94,54,-113.37,55,-116.23,66,-117.67,3600.00,2708.87,1.50,3,19,0.06,NLOS,117.66,8.40,-105.83,-78.05,-1.79,38.58,0,26,-106.21,20,-111.58,13,-112.29,7,-115.58,27,-118.12,15,-120.56
253,2400.00,2729.57,1.50,3,13,0.05,LOS,91.46,0.64,-71.88,-44.10,28.16,56.75,0,6,-100.97,7,-108.92,26,-112.22,20,-115.77,19,-116.40,1,-117.53,2898.43,5300.00,1.50,0,16,0.13,NLOS,109.54,5.88,-95.21,-67.43,9.56,52.93,0,14,-94.95,23,-109.39,28,-110.28,22,-111.01,15,-112.12,10,-113.26,3946.94,2500.00,1.50,0,19,0.04,NLOS,123.55,2.70,-106.04,-78.26,-2.54,55.68,0,26,-104.54,27,-113.30,33,-115.46,40,-115.98,14,-117.39,15,-117.60,7600.00,4175.39,1.50,1,53,0.03,NLOS,127.85,-14.55,-93.08,-65.30,3.37,25.75,0,60,-96.60,61,-110.47,48,-112.89,54,-113.20,55,-116.14,66,-117.71,3601.85,2700.00,1.50,0,19,0.06,NLOS,117.24,8.40,-105.42,-77.64,-1.31,38.58,0,26,-106.21,20,-111.85,13,-112.35,7,-115.63,27,-118.21,15,-120.63
254,2400.00,2713.81,1.50,3,13,0.05,LOS,91.69,0.64,-72.11,-44.33,27.71,56.75,0,6,-100.65,7,-109.24,26,-112.23,20,-115.86,19,-116.34,1,-117.65,2913.13,5300.00,1.50,0,16,0.12,NLOS,110.46,5.88,-96.12,-68.34,8.54,52.93,0,14,-94.96,23,-109.17,28,-110.14,22,-110.68,15,-112.19,10,-113.45,3962.41,2500.00,1.50,0,19,0.04,NLOS,124.10,2.70,-106.59,-78.81,-3.39,55.68,0,26,-104.16,27,-113.25,33,-115.29,40,-115.88,14,-117.50,15,-117.65,7600.00,4182.55,1.50,1,60,0.05,NLOS,121.40,-6.36,-94.83,-67.05,4.65,25.75,1,53,-100.97,54,-105.55,40,-110.63,55,-113.77,66,-116.88,61,-117.19,3612.56,2700.00,1.50,0,19,0.06,NLOS,117.43,6.70,-103.92,-76.14,-3.49,38.58,0,20,-102.46,26,-105.91,32,-110.71,27,-112.14,33,-116.11,13,-120.68
255,2398.05,2700.00,1.50,2,13,0.05,LOS,91.99,-1.41,-70.36,-42.58,34.50,56.75,0,6,-108.61,7,-109.01,19,-113.66,15,-114.23,0,-115.02,1,-115.54,2927.84,5300.00,1.50,0,16,0.11,NLOS,111.36,-3.92,-87.22,-59.44,13.09,52.93,0,14,-95.98,15,-102.15,17,-106.34,22,-113.52,9,-118.05,10,-118.34,3977.88,2500.00,1.50,0,26,0.04,NLOS,122.56,-2.78,-99.56,-71.78,3.22,55.68,1,19,-107.65,33,-108.65,20,-109.97,32,-110.23,27,-117.57,13,-118.17,7600.00,4189.70,1.50,1,60,0.05,NLOS,121.44,-6.36,-94.87,-67.08,4.68,25.75,0,53,-101.14,54,-105.38,40,-110.65,55,-113.68,66,-116.92,61,-117.07,3623.28,2700.00,1.50,0,19,0.06,NLOS,117.64,6.70,-104.12,-76.34,-3.74,38.58,0,20,-102.52,26,-105.64,32,-110.58,27,-112.06,33,-116.00,13,-120.88
256,2382.28,2700.00,1.50,2,13,0.05,LOS,92.66,-1.41,-71.03,-43.24,33.59,56.75,0,6,-108.17,7,-108.79,19,-113.89,15,-114.26,0,-114.79,1,-115.41,2942.54,5300.00,1.50,0,16,0.10,NLOS,112.24,-3.92,-88.10,-60.32,12.26,52.93,0,14,-96.00,15,-102.23,17,-106.39,22,-113.18,9,-118.29,10,-118.53,3993.35,2500.00,1.50,0,26,0.04,NLOS,122.18,-2.78,-99.18,-71.40,3.70,55.68,0,19,-108.17,33,-108.49,32,-109.97,20,-110.12,27,-117.53,13,-118.36,7600.00,4196.85,1.50,1,60,0.05,NLOS,121.48,-6.36,-94.91,-67.13,4.70,25.75,0,53,-101.30,54,-105.20,40,-110.66,55,-113.59,61,-116.95,66,-116.96,3634.00,2700.00,1.50,0,19,0.06,NLOS,117.86,6.70,-104.35,-76.56,-4.01,38.58,0,20,-102.59,26,-105.36,32,-110.46,27,-111.98,33,-115.89,13,-121.08
257,2366.52,2700.00,1.50,2,13,0.05,LOS,93.30,-3.13,-69.95,-42.17,33.10,56.75,0,6,-106.22,7,-107.39,19,-115.12,14,-115.35,9,-118.79,0,-119.45,2957.24,5300.00,1.50,0,16,0.09,NLOS,113.09,-0.33,-92.54,-64.76,4.49,52.93,0,14,-92.73,15,-100.30,22,-100.50,9,-110.50,28,-112.70,10,-115.04,4008.82,2500.00,1.50,0,26,0.04,NLOS,121.81,-5.53,-96.06,-68.27,11.08,55.68,0,19,-109.52,33,-113.50,14,-117.34,20,-118.30,27,-120.01,13,-120.53,7600.00,4204.01,1.50,1,60,0.05,NLOS,121.53,-6.36,-94.96,-67.18,4.71,25.75,0,53,-101.46,54,-105.03,40,-110.68,55,-113.50,61,-116.83,66,-117.00,3644.71,2700.00,1.50,0,19,0.06,NLOS,118.10,-3.93,-93.95,-66.17,9.88,38.58,0,20,-105.81,13,-112.41,14,-112.84,26,-115.02,32,-117.86,7,-122.13
258,2350.76,2700.00,1.50,2,13,0.04,LOS,93.92,-3.13,-70.57,-42.79,32.20,56.75,0,6,-105.78,7,-107.18,19,-115.34,14,-115.44,9,-118.77,0,-119.21,2971.95,5300.00,1.50,0,16,0.08,NLOS,113.93,-0.33,-93.38,-65.59,3.54,52.93,0,14,-92.75,22,-100.14,15,-100.39,9,-110.73,28,-112.55,10,-115.23,4024.28,2500.00,1.50,0,26,0.05,NLOS,121.44,-5.53,-95.69,-67.91,11.69,55.68,0,19,-110.01,33,-113.33,14,-117.45,20,-118.46,27,-119.96,13,-120.72,7600.00,4211.16,1.50,1,54,0.04,NLOS,125.02,-5.28,-99.53,-71.75,4.95,25.75,1,53,-106.64,60,-110.52,66,-112.54,68,-114.52,67,-116.60,48,-117.03,3655.43,2700.00,1.50,0,19,0.06,NLOS,118.34,-3.93,-94.19,-66.41,9.70,38.58,0,20,-105.89,13,-112.61,14,-112.93,26,-114.73,32,-117.73,7,-122.22
259,2335.00,2700.00,1.50,2,13,0.04,LOS,94.53,0.34,-74.65,-46.87,29.01,56.75,0,6,-105.76,7,-109.60,0,-113.39,14,-115.28,19,-118.65,28,-120.28,2986.65,5300.00,1.50,0,14,0.01,LOS,117.25,-3.68,-93.36,-65.57,21.61,52.93,1,16,-99.87,22,-109.43,17,-109.86,9,-114.03,30,-117.36,15,-119.80,4039.75,2500.00,1.50,0,26,0.05,NLOS,121.09,-1.66,-99.21,-71.43,8.05,55.68,0,13,-107.95,14,-113.07,20,-113.27,19,-113.69,21,-114.25,32,-114.26,7600.00,4218.31,1.50,1,54,0.04,NLOS,124.85,-5.28,-99.35,-71.57,5.23,25.75,0,53,-106.80,60,-110.58,66,-112.58,68,-114.47,67,-116.57,48,-116.98,3666.14,2700.00,1.50,0,19,0.06,NLOS,118.59,-3.93,-94.45,-66.66,9.51,38.58,0,20,-105.98,13,-112.80,14,-113.02,26,-114.44,32,-117.60,7,-122.32
260,2319.23,2700.00,1.50,2,13,0.04,LOS,95.11,0.34,-75.23,-47.45,28.10,56.75,0,6,-105.32,7,-109.40,0,-113.15,14,-115.38,19,-118.86,28,-120.35,3001.36,5300.00,1.50,0,14,0.01,LOS,117.28,-3.68,-93.38,-65.60,21.62,52.93,0,16,-100.65,22,-109.06,17,-109.92,9,-114.26,30,-117.24,15,-119.90,4055.22,2500.00,1.50,0,26,0.05,NLOS,120.74,-1.66,-98.86,-71.08,8.47,55.68,0,13,-108.14,14,-113.18,20,-113.43,32,-113.98,19,-114.16,21,-114.30,7600.00,4225.47,1.50,1,54,0.04,NLOS,124.68,-5.28,-99.18,-71.40,5.51,25.75,0,53,-106.97,60,-110.65,66,-112.62,68,-114.42,67,-116.54,48,-116.92,3676.86,2700.00,1.50,0,19,0.06,NLOS,118.86,-8.03,-90.61,-62.83,14.65,38.58,0,20,-108.65,27,-112.31,13,-113.07,26,-114.10,21,-120.18,14,-121.34
261,2303.47,2700.00,1.50,2,13,0.04,LOS,95.68,-2.56,-72.90,-45.12,25.34,56.75,0,6,-98.53,7,-112.18,1,-114.06,0,-117.01,14,-119.92,20,-120.57,3016.06,5300.00,1.50,0,14,0.01,LOS,117.30,-8.95,-88.14,-60.35,25.78,52.93,0,16,-90.85,23,-99.38,22,-104.80,24,-112.36,10,-115.14,4,-115.19,4070.69,2500.00,1.50,0,26,0.05,NLOS,120.41,-2.01,-98.18,-70.40,7.46,55.68,0,20,-107.02,32,-113.83,19,-118.46,33,-119.47,6,-121.02,13,-121.04,7600.00,4232.62,1.50,1,54,0.04,NLOS,124.51,-5.28,-99.01,-71.23,5.78,25.75,0,53,-107.12,60,-110.71,66,-112.66,68,-114.36,67,-116.51,48,-116.87,3687.58,2700.00,1.50,0,19,0.05,NLOS,119.13,-8.03,-90.88,-63.10,14.40,38.58,0,20,-108.74,27,-112.23,13,-113.26,26,-113.80,21,-120.20,14,-121.44
262,2287.71,2700.00,1.50,2,13,0.04,LOS,96.23,-2.56,-73.45,-45.67,24.37,56.75,0,6,-98.08,7,-111.99,1,-113.92,0,-116.76,14,-120.02,8,-120.63,3030.76,5300.00,1.50,0,14,0.01,LOS,117.33,-8.95,-88.16,-60.38,25.83,52.93,0,16,-91.58,23,-99.16,22,-104.43,24,-112.31,4,-115.30,10,-115.33,4086.15,2500.00,1.50,0,26,0.05,NLOS,120.09,-2.01,-97.86,-70.08,7.86,55.68,0,20,-107.18,32,-113.55,19,-118.90,33,-119.31,6,-121.15,13,-121.23,7600.00,4239.77,1.50,1,60,0.04,NLOS,121.85,-6.01,-95.62,-67.84,9.22,25.75,1,54,-107.55,61,-109.55,59,-116.65,69,-118.09,68,-118.79,58,-120.29,3698.29,2700.00,1.50,0,19,0.05,NLOS,119.40,-8.03,-91.16,-63.38,14.14,38.58,0,20,-108.84,27,-112.16,13,-113.45,26,-113.49,21,-120.21,14,-121.53
263,2271.94,2700.00,1.50,2,13,0.04,LOS,96.77,1.65,-78.20,-50.42,15.97,56.75,0,6,-94.34,7,-110.37,0,-110.58,19,-115.32,20,-119.72,15,-122.19,3045.47,5300.00,1.50,0,14,0.01,LOS,117.35,1.92,-99.05,-71.27,6.93,52.93,0,16,-100.81,22,-103.20,21,-106.95,25,-113.03,15,-114.60,17,-115.95,4101.62,2500.00,1.50,0,26,0.05,NLOS,119.79,-5.94,-93.63,-65.85,9.06,55.68,0,19,-103.37,27,-114.12,20,-118.05,32,-118.75,41,-122.26,37,-123.44,7600.00,4246.93,1.50,1,60,0.04,NLOS,121.93,-6.01,-95.70,-67.92,9.02,25.75,0,54,-107.38,61,-109.43,59,-116.75,69,-118.05,68,-118.74,58,-120.36,3709.01,2700.00,1.50,0,20,0.03,NLOS,128.29,-6.04,-102.03,-74.25,2.28,38.58,1,19,-106.98,26,-109.27,13,-114.05,22,-117.87,34,-120.71,15,-122.55
264,2256.18,2700.00,1.50,2,13,0.04,LOS,97.29,1.65,-78.73,-50.94,15.01,56.75,0,6,-93.89,7,-110.19,0,-110.32,19,-115.52,20,-119.90,15,-122.23,3060.17,5300.00,1.50,0,14,0.01,LOS,117.38,1.92,-99.08,-71.30,6.86,52.93,0,16,-101.50,22,-102.81,21,-106.87,25,-113.01,15,-114.72,17,-116.02,4117.09,2500.00,1.50,0,26,0.05,NLOS,119.51,-5.94,-93.36,-65.57,9.69,55.68,0,19,-103.79,27,-114.10,20,-118.22,32,-118.46,41,-122.20,37,-123.43,7600.00,4254.08,1.50,1,60,0.04,NLOS,122.01,-6.01,-95.78,-68.00,8.81,25.75,0,54,-107.20,61,-109.30,59,-116.86,69,-118.00,68,-118.69,62,-120.38,3719.72,2700.00,1.50,0,20,0.03,NLOS,128.40,-6.04,-102.14,-74.36,2.24,38.58,0,19,-107.27,26,-108.95,13,-114.24,22,-117.88,34,-120.64,15,-122.59
265,2240.42,2700.00,1.50,2,13,0.03,LOS,97.80,1.63,-79.21,-51.43,15.77,56.75,0,7,-97.00,6,-99.49,19,-115.78,20,-118.46,8,-123.55,2,-123.56,3074.87,5300.00,1.50,0,14,0.01,LOS,117.41,0.84,-98.03,-70.25,9.09,52.93,0,22,-97.81,15,-107.49,29,-111.58,16,-112.84,30,-116.89,10,-117.24,4132.56,2500.00,1.50,0,20,0.02,NLOS,136.72,-18.00,-98.50,-70.72,2.03,55.68,1,26,-101.52,19,-107.75,32,-111.56,39,-114.42,33,-117.75,6,-122.63,7600.00,4261.23,1.50,1,60,0.04,NLOS,122.09,-6.01,-95.87,-68.09,8.59,25.75,0,54,-107.03,61,-109.18,59,-116.96,69,-117.96,68,-118.63,62,-120.31,3730.44,2700.00,1.50,0,20,0.03,NLOS,128.50,-6.04,-102.25,-74.47,2.18,38.58,0,19,-107.57,26,-108.63,13,-114.42,22,-117.88,34,-120.58,15,-122.63
266,2224.66,2700.00,1.50,2,13,0.03,LOS,98.30,1.63,-79.70,-51.92,15.02,56.75,0,7,-96.83,6,-99.05,19,-115.98,20,-118.64,2,-123.50,8,-123.52,3089.58,5300.00,1.50,0,14,0.01,LOS,117.45,0.84,-98.07,-70.28,9.17,52.93,0,22,-97.42,15,-107.62,29,-111.37,16,-113.48,30,-116.77,10,-117.42,4148.03,2500.00,1.50,0,20,0.02,NLOS,136.89,-18.00,-98.67,-70.89,1.75,55.68,0,26,-101.29,19,-108.16,32,-111.26,39,-114.26,33,-117.58,6,-122.75,7600.00,4268.38,1.50,1,60,0.04,NLOS,122.18,-0.10,-101.87,-74.08,1.87,25.75,0,54,-105.80,61,-110.49,53,-114.81,59,-116.63,46,-116.99,55,-118.83,3741.16,2700.00,1.50,0,19,0.05,NLOS,120.56,0.58,-100.93,-73.14,4.95,38.58,1,21,-109.10,20,-109.29,26,-109.80,7,-113.91,13,-116.85,14,-121.08
267,2208.89,2700.00,1.50,2,13,0.03,LOS,98.78,8.26,-86.82,-59.04,12.10,56.75,0,7,-100.07,6,-105.83,26,-114.61,8,-116.20,27,-120.71,20,-121.01,3104.28,5300.00,1.50,0,14,0.01,LOS,117.48,-3.39,-93.87,-66.08,13.10,52.93,0,23,-92.31,16,-99.05,22,-101.23,17,-106.58,21,-108.11,24,-113.96,4163.49,2500.00,1.50,0,26,0.06,NLOS,118.82,3.48,-102.08,-74.30,3.26,55.68,1,19,-106.33,33,-113.71,40,-120.19,20,-122.50,14,-122.80,32,-126.22,7600.00,4275.54,1.50,1,60,0.04,NLOS,122.28,-0.10,-101.96,-74.18,1.66,25.75,0,54,-105.63,61,-110.36,53,-114.97,59,-116.73,46,-117.04,55,-118.74,3751.87,2700.00,1.50,0,19,0.05,NLOS,120.86,0.58,-101.22,-73.44,4.58,38.58,0,21,-109.12,20,-109.40,26,-109.46,7,-114.01,13,-117.03,14,-121.18
268,2200.00,2700.00,1.50,3,13,0.03,LOS,99.04,8.26,-87.08,-59.30,11.72,0.00,0,7,-99.99,6,-105.59,26,-114.69,8,-116.19,27,-120.77,2,-120.99,3118.99,5300.00,1.50,0,14,0.01,LOS,117.51,-3.39,-93.90,-66.12,13.03,52.93,0,23,-92.10,16,-99.66,22,-100.83,17,-106.66,21,-108.04,24,-113.92,4178.96,2500.00,1.50,0,26,0.06,NLOS,118.65,3.48,-101.91,-74.13,3.71,55.68,0,19,-106.71,33,-113.54,40,-120.09,20,-122.67,14,-122.90,32,-125.91,7600.00,4282.69,1.50,1,60,0.04,NLOS,122.37,-0.10,-102.06,-74.27,1.44,25.75,0,54,-105.46,61,-110.24,53,-115.12,59,-116.83,46,-117.10,55,-118.64,3762.59,2700.00,1.50,0,19,0.05,NLOS,121.16,0.58,-101.52,-73.74,4.19,38.58,0,26,-109.12,21,-109.14,20,-109.52,7,-114.10,13,-117.21,14,-121.27
269,2200.00,2700.00,1.50,3,13,0.03,LOS,99.04,8.26,-87.08,-59.30,11.72,0.00,0,7,-99.99,6,-105.59,26,-114.69,8,-116.19,27,-120.77,2,-120.99,3133.69,5300.00,1.50,0,14,0.01,LOS,117.55,-0.50,-96.83,-69.05,9.17,52.93,0,23,-96.99,16,-100.48,15,-106.45,22,-111.77,3,-114.72,29,-117.89,4194.43,2500.00,1.50,0,26,0.06,NLOS,118.51,0.19,-98.48,-70.70,4.91,55.68,0,20,-105.77,19,-107.80,32,-118.98,13,-121.52,27,-122.46,39,-123.13,7600.00,4289.84,1.50,1,60,0.04,NLOS,122.47,-0.10,-102.16,-74.38,1.22,25.75,0,54,-105.29,61,-110.11,53,-115.27,59,-116.94,46,-117.15,55,-118.54,3773.30,2700.00,1.50,0,19,0.05,NLOS,121.46,0.38,-101.63,-73.85,0.38,38.58,0,33,-103.70,26,-105.08,20,-107.50,6,-109.69,27,-118.55,13,-120.22
270,2200.00,2700.00,1.50,3,13,0.03,LOS,99.04,8.26,-87.08,-59.30,11.72,0.00,0,7,-99.99,6,-105.59,26,-114.69,8,-116.19,27,-120.77,2,-120.99,3148.39,5300.00,1.50,0,14,0.01,LOS,117.59,-0.50,-96.87,-69.09,9.26,52.93,0,23,-96.79,16,-101.05,15,-106.60,22,-111.36,3,-114.86,29,-117.67,4209.90,2500.00,1.50,0,26,0.06,NLOS,118.40,0.19,-98.37,-70.59,5.24,55.68,0,20,-105.94,19,-108.17,32,-118.66,13,-121.69,27,-122.45,39,-122.96,7600.00,4297.00,1.50,1,60,0.04,NLOS,122.58,1.46,-103.82,-76.04,0.23,25.75,0,54,-105.34,61,-113.19,47,-117.24,66,-117.58,59,-118.56,52,-118.90,3784.02,2700.00,1.50,0,19,0.05,NLOS,121.77,0.38,-101.93,-74.15,-0.05,38.58,0,33,-103.58,26,-104.72,20,-107.62,6,-109.79,27,-118.48,13,-120.40
271,2200.00,2700.00,1.50,3,13,0.03,LOS,99.04,8.26,-87.08,-59.30,11.72,0.00,0,7,-99.99,6,-105.59,26,-114.69,8,-116.19,27,-120.77,2,-120.99,3163.10,5300.00,1.50,0,14,0.01,LOS,117.62,2.69,-100.10,-72.32,5.98,52.93,0,22,-101.01,23,-105.26,15,-107.78,16,-108.13,21,-111.59,9,-114.49,4225.36,2500.00,1.50,0,26,0.06,NLOS,118.32,-1.59,-96.51,-68.73,8.65,55.68,0,33,-107.98,32,-111.32,19,-114.92,27,-116.90,39,-119.14,20,-119.47,7595.85,4300.00,1.50,2,60,0.04,NLOS,122.77,1.46,-104.01,-76.23,-0.10,25.75,0,54,-105.14,61,-113.18,47,-117.18,66,-117.65,59,-118.63,52,-118.92,3794.74,2700.00,1.50,0,19,0.04,NLOS,122.07,0.38,-102.23,-74.45,-0.50,38.58,0,33,-103.46,26,-104.36,20,-107.75,6,-109.89,27,-118.41,13,-120.57
272,2200.00,2700.00,1.50,3,13,0.03,LOS,99.04,8.26,-87.08,-59.30,11.72,0.00,0,7,-99.99,6,-105.59,26,-114.69,8,-116.19,27,-120.77,2,-120.99,3177.80,5300.00,1.50,0,14,0.01,LOS,117.66,2.69,-100.14,-72.36,6.03,52.93,0,22,-100.60,23,-105.07,15,-107.92,16,-108.67,21,-111.53,9,-114.69,4240.83,2500.00,1.50,0,26,0.06,NLOS,118.28,-1.59,-96.47,-68.69,8.55,55.68,0,33,-107.81,32,-110.99,19,-115.27,27,-116.90,39,-118.98,20,-119.64,7588.70,4300.00,1.50,2,60,0.04,NLOS,123.03,1.46,-104.27,-76.48,-0.51,25.75,0,54,-104.92,61,-113.25,47,-117.07,66,-117.73,59,-118.67,52,-118.90,3805.45,2700.00,1.50,0,19,0.04,NLOS,122.38,-4.76,-97.40,-69.62,4.44,38.58,0,26,-104.17,20,-106.62,32,-106.75,21,-112.57,33,-114.26,27,-114.50
273,2200.00,2700.00,1.50,3,13,0.03,LOS,99.04,8.26,-87.08,-59.30,11.72,0.00,0,7,-99.99,6,-105.59,26,-114.69,8,-116.19,27,-120.77,2,-120.99,3192.51,5300.00,1.50,0,14,0.01,LOS,117.70,-2.32,-95.17,-67.39,18.89,52.93,0,22,-93.34,16,-99.39,23,-105.95,2,-110.98,15,-116.40,24,-117.15,4256.30,2500.00,1.50,0,26,0.06,NLOS,118.28,-3.41,-94.65,-66.87,13.82,55.68,0,32,-111.01,19,-116.33,27,-117.97,28,-118.91,34,-118.99,33,-119.41,7581.54,4300.00,1.50,2,60,0.04,NLOS,123.28,1.46,-104.52,-76.74,-0.92,25.75,0,54,-104.70,61,-113.33,47,-116.97,66,-117.82,59,-118.71,52,-118.89,3816.17,2700.00,1.50,0,19,0.04,NLOS,122.68,-4.76,-97.71,-69.92,3.96,38.58,0,26,-103.80,32,-106.61,20,-106.75,21,-112.60,33,-114.14,27,-114.44
274,2200.00,2700.00,1.50,3,13,0.03,LOS,99.04,8.26,-87.08,-59.30,11.72,0.00,0,7,-99.99,6,-105.59,26,-114.69,8,-116.19,27,-120.77,2,-120.99,3200.00,5300.00,1.50,3,14,0.01,LOS,117.72,-2.32,-95.19,-67.41,18.91,0.00,0,22,-93.13,16,-99.65,23,-105.85,2,-111.04,15,-116.48,24,-117.14,4271.77,2500.00,1.50,0,26,0.06,NLOS,118.31,-3.41,-94.68,-66.90,13.63,55.68,0,32,-110.66,19,-116.67,27,-117.97,28,-118.91,34,-118.93,33,-119.23,7574.39,4300.00,1.50,2,53,0.03,NLOS,130.30,-12.96,-97.12,-69.34,6.23,25.75,1,54,-104.37,61,-110.67,60,-111.65,66,-115.92,59,-117.67,55,-117.89,3826.88,2700.00,1.50,0,19,0.04,NLOS,122.98,-4.76,-98.01,-70.23,3.45,38.58,0,26,-103.41,32,-106.46,20,-106.89,21,-112.62,33,-114.01,27,-114.37
275,2200.00,2700.00,1.50,3,13,0.03,LOS,99.04,8.26,-87.08,-59.30,11.72,0.00,0,7,-99.99,6,-105.59,26,-114.69,8,-116.19,27,-120.77,2,-120.99,3200.00,5300.00,1.50,3,14,0.01,LOS,117.72,-2.32,-95.19,-67.41,18.91,0.00,0,22,-93.13,16,-99.65,23,-105.85,2,-111.04,15,-116.48,24,-117.14,4287.24,2500.00,1.50,0,26,0.06,NLOS,118.38,0.97,-99.14,-71.35,7.38,55.68,0,20,-110.61,19,-111.10,39,-111.77,13,-112.73,33,-114.62,34,-115.40,7567.24,4300.00,1.50,2,53,0.03,NLOS,130.21,-12.96,-97.04,-69.25,6.17,25.75,0,54,-104.14,61,-110.74,60,-111.89,66,-116.00,59,-117.71,55,-117.87,3837.60,2700.00,1.50,0,19,0.04,NLOS,123.28,1.09,-104.15,-76.37,-1.80,38.58,0,26,-105.74,13,-107.88,20,-109.90,6,-116.56,14,-118.14,32,-119.42
276,2200.00,2700.00,1.50,3,13,0.03,LOS,99.04,8.26,-87.08,-59.30,11.72,0.00,0,7,-99.99,6,-105.59,26,-114.69,8,-116.19,27,-120.77,2,-120.99,3200.00,5300.00,1.50,3,14,0.01,LOS,117.72,-2.32,-95.19,-67.41,18.91,0.00,0,22,-93.13,16,-99.65,23,-105.85,2,-111.04,15,-116.48,24,-117.14,4302.70,2500.00,1.50,0,26,0.06,NLOS,118.48,0.97,-99.24,-71.46,7.41,55.68,0,20,-110.78,19,-111.42,39,-111.60,13,-112.90,33,-114.45,34,-115.34,7560.08,4300.00,1.50,2,53,0.03,NLOS,130.13,-12.96,-96.95,-69.17,6.10,25.75,0,54,-103.92,61,-110.82,60,-112.14,66,-116.08,59,-117.75,55,-117.84,3848.32,2700.00,1.50,0,19,0.04,NLOS,123.59,1.09,-104.45,-76.67,-2.22,38.58,0,26,-105.34,13,-108.04,20,-110.04,6,-116.65,14,-118.23,32,-119.27
277,2200.00,2700.00,1.50,3,13,0.03,LOS,99.04,8.26,-87.08,-59.30,11.72,0.00,0,7,-99.99,6,-105.59,26,-114.69,8,-116.19,27,-120.77,2,-120.99,3200.00,5300.00,1.50,3,14,0.01,LOS,117.72,-2.32,-95.19,-67.41,18.91,0.00,0,22,-93.13,16,-99.65,23,-105.85,2,-111.04,15,-116.48,24,-117.14,4318.17,2500.00,1.50,0,26,0.06,NLOS,118.62,14.22,-112.62,-84.84,-3.31,55.68,0,39,-112.00,32,-112.92,13,-117.20,19,-117.37,33,-117.64,27,-118.74,7552.93,4300.00,1.50,2,53,0.03,NLOS,130.05,-12.96,-96.87,-69.09,6.03,25.75,0,54,-103.70,61,-110.90,60,-112.38,66,-116.16,59,-117.80,55,-117.81,3859.03,2700.00,1.50,0,19,0.04,NLOS,123.89,1.09,-104.75,-76.97,-2.66,38.58,0,26,-104.93,13,-108.20,20,-110.19,6,-116.75,14,-118.32,32,-119.12
278,2200.00,2692.12,1.50,3,13,0.03,LOS,99.10,8.26,-87.14,-59.36,11.75,28.37,0,7,-100.20,6,-105.28,26,-114.69,8,-116.28,27,-120.79,2,-121.05,3200.00,5300.00,1.50,3,14,0.01,LOS,117.72,-2.32,-95.19,-67.41,18.91,0.00,0,22,-93.13,16,-99.65,23,-105.85,2,-111.04,15,-116.48,24,-117.14,4333.64,2500.00,1.50,0,26,0.06,NLOS,118.79,14.22,-112.79,-85.01,-3.61,55.68,0,39,-111.83,32,-112.54,13,-117.36,33,-117.47,19,-117.68,27,-118.75,7545.78,4300.00,1.50,2,54,0.05,NLOS,121.21,-5.56,-95.44,-67.66,5.00,25.75,1,60,-101.16,61,-109.56,59,-111.88,55,-120.12,53,-120.14,58,-120.26,3869.75,2700.00,1.50,0,26,0.05,NLOS,121.43,0.88,-102.08,-74.30,0.63,38.58,1,20,-108.26,19,-108.52,32,-110.34,27,-110.34,14,-111.00,28,-111.19
279,2200.00,2676.36,1.50,3,13,0.03,LOS,99.23,-0.05,-78.96,-51.18,27.36,56.75,0,6,-108.63,1,-110.99,7,-113.85,0,-114.02,14,-114.35,19,-121.97,3200.00,5300.00,1.50,3,14,0.01,LOS,117.72,-2.32,-95.19,-67.41,18.91,0.00,0,22,-93.13,16,-99.65,23,-105.85,2,-111.04,15,-116.48,24,-117.14,4349.11,2500.00,1.50,0,26,0.06,NLOS,118.99,1.30,-100.07,-72.28,9.30,55.68,0,19,-113.71,33,-114.40,39,-115.59,34,-117.37,20,-118.76,27,-120.28,7538.62,4300.00,1.50,2,54,0.05,NLOS,120.99,-5.56,-95.21,-67.43,5.44,25.75,0,60,-101.39,61,-109.64,59,-111.92,53,-120.06,55,-120.10,58,-120.27,3880.46,2700.00,1.50,0,26,0.05,NLOS,121.00,0.88,-101.65,-73.87,1.13,38.58,0,20,-108.41,19,-108.82,32,-110.19,27,-110.28,14,-111.09,28,-111.18
280,2200.00,2660.59,1.50,3,13,0.03,LOS,99.37,-0.05,-79.10,-51.32,26.93,56.75,0,6,-107.99,1,-111.13,0,-114.06,7,-114.25,14,-114.55,19,-121.93,3200.00,5300.00,1.50,3,14,0.01,LOS,117.72,-2.32,-95.19,-67.41,18.91,0.00,0,22,-93.13,16,-99.65,23,-105.85,2,-111.04,15,-116.48,24,-117.14,4364.57,2500.00,1.50,0,26,0.05,NLOS,119.21,1.30,-100.29,-72.51,9.12,55.68,0,19,-114.01,33,-114.23,39,-115.42,34,-117.32,20,-118.93,27,-120.30,7531.47,4300.00,1.50,2,54,0.05,NLOS,120.76,-5.56,-94.99,-67.21,5.87,25.75,0,60,-101.62,61,-109.72,59,-111.96,53,-119.98,55,-120.07,58,-120.29,3891.18,2700.00,1.50,0,26,0.05,NLOS,120.56,0.88,-101.22,-73.43,1.63,38.58,0,20,-108.56,19,-109.11,32,-110.03,27,-110.23,28,-111.16,14,-111.18
281,2200.00,2644.83,1.50,3,13,0.03,LOS,99.52,-2.35,-76.95,-49.17,12.40,56.75,0,6,-89.54,7,-103.67,14,-113.40,20,-117.26,0,-117.31,8,-122.12,3200.00,5300.00,1.50,3,14,0.01,LOS,117.72,-2.32,-95.19,-67.41,18.91,0.00,0,22,-93.13,16,-99.65,23,-105.85,2,-111.04,15,-116.48,24,-117.14,4380.04,2500.00,1.50,0,26,0.05,NLOS,119.46,-0.99,-98.25,-70.47,12.40,55.68,0,33,-115.17,19,-117.98,20,-118.63,27,-118.72,15,-119.26,32,-121.73,7524.32,4300.00,1.50,2,54,0.05,NLOS,120.53,-5.56,-94.76,-66.98,6.29,25.75,0,60,-101.85,61,-109.80,59,-112.01,53,-119.91,55,-120.05,58,-120.30,3901.90,2700.00,1.50,0,26,0.05,NLOS,120.11,-5.68,-94.21,-66.43,10.33,38.58,0,19,-106.17,27,-113.94,32,-114.14,39,-118.30,33,-119.32,20,-119.92
282,2200.00,2629.07,1.50,3,13,0.03,LOS,99.67,-2.35,-77.11,-49.33,11.62,56.75,0,6,-88.89,7,-104.05,14,-113.60,20,-117.34,0,-117.37,8,-122.29,3200.00,5300.00,1.50,3,14,0.01,LOS,117.72,-2.32,-95.19,-67.41,18.91,0.00,0,22,-93.13,16,-99.65,23,-105.85,2,-111.04,15,-116.48,24,-117.14,4395.51,2500.00,1.50,0,26,0.05,NLOS,119.74,-0.99,-98.53,-70.74,12.11,55.68,0,33,-115.00,19,-118.27,27,-118.75,20,-118.80,15,-119.32,32,-121.31,7517.17,4300.00,1.50,2,60,0.04,NLOS,125.41,-16.22,-88.97,-61.19,13.10,25.75,1,54,-103.47,53,-110.50,61,-112.98,41,-117.50,52,-117.65,68,-117.83,3912.61,2700.00,1.50,0,26,0.05,NLOS,119.65,-5.68,-93.75,-65.97,10.96,38.58,0,19,-106.46,27,-113.88,32,-113.99,39,-118.20,33,-119.19,20,-120.07
283,2200.00,2613.30,1.50,3,13,0.03,LOS,99.84,-5.47,-74.15,-46.37,23.60,56.75,0,6,-98.16,14,-112.19,7,-112.32,8,-118.11,0,-118.69,1,-119.53,3200.00,5300.00,1.50,3,14,0.01,LOS,117.72,-2.32,-95.19,-67.41,18.91,0.00,0,22,-93.13,16,-99.65,23,-105.85,2,-111.04,15,-116.48,24,-117.14,4400.00,2510.98,1.50,1,26,0.05,NLOS,119.36,3.84,-102.98,-75.19,5.23,55.68,0,32,-113.28,33,-113.41,27,-116.75,20,-118.46,19,-119.95,21,-121.04,7510.01,4300.00,1.50,2,60,0.04,NLOS,125.63,-16.22,-89.20,-61.41,12.71,25.75,0,54,-103.25,53,-110.42,61,-113.06,41,-117.44,52,-117.64,68,-117.88,3923.33,2700.00,1.50,0,26,0.05,NLOS,119.19,-5.68,-93.29,-65.50,11.59,38.58,0,19,-106.75,27,-113.83,32,-113.83,39,-118.10,33,-119.05,20,-120.22
284,2200.00,2597.54,1.50,3,13,0.03,LOS,100.02,-5.47,-74.33,-46.55,22.84,56.75,0,6,-97.50,14,-112.39,7,-112.69,8,-118.28,0,-118.75,1,-119.66,3200.00,5292.65,1.50,3,14,0.01,LOS,117.65,-2.32,-95.12,-67.33,18.90,26.47,0,22,-92.92,16,-99.73,23,-106.03,2,-111.02,15,-116.36,24,-117.22,4400.00,2526.45,1.50,1,26,0.06,NLOS,118.68,3.84,-102.30,-74.52,5.81,55.68,0,33,-113.20,32,-113.36,27,-116.53,20,-118.32,19,-119.99,21,-120.92,7502.86,4300.00,1.50,2,60,0.03,NLOS,125.85,-16.22,-89.42,-61.64,12.32,25.75,0,54,-103.02,53,-110.35,61,-113.14,41,-117.37,52,-117.62,68,-117.93,3934.04,2700.00,1.50,0,26,0.06,NLOS,118.71,1.19,-99.68,-71.90,-2.04,38.58,0,19,-100.62,20,-100.96,13,-112.21,32,-114.25,7,-120.31,34,-121.81
285,2200.00,2581.78,1.50,3,13,0.03,LOS,100.20,1.21,-81.20,-53.42,10.28,56.75,0,6,-91.69,7,-104.91,0,-117.54,1,-118.55,14,-121.88,28,-122.57,3200.00,5277.94,1.50,3,14,0.01,LOS,117.50,0.04,-97.33,-69.54,10.26,52.93,0,16,-100.00,23,-102.71,9,-106.78,15,-108.63,29,-111.48,17,-114.59,4400.00,2541.91,1.50,1,26,0.06,NLOS,117.99,6.38,-104.14,-76.36,-1.48,55.68,0,32,-103.52,20,-113.87,33,-115.22,34,-115.94,19,-118.49,45,-119.35,7495.71,4300.00,1.50,2,60,0.03,NLOS,126.07,-16.22,-89.63,-61.85,11.93,25.75,0,54,-102.79,53,-110.28,61,-113.22,41,-117.30,52,-117.61,46,-117.90,3944.76,2700.00,1.50,0,26,0.06,NLOS,118.22,1.19,-99.19,-71.41,-1.34,38.58,0,19,-100.90,20,-101.12,13,-112.36,32,-114.10,7,-120.40,34,-121.75
286,2200.00,2566.02,1.50,3,13,0.03,LOS,100.40,1.21,-81.39,-53.61,9.48,56.75,0,6,-91.04,7,-105.27,0,-117.61,1,-118.69,14,-122.07,28,-122.63,3200.00,5263.24,1.50,3,14,0.01,LOS,117.35,0.04,-97.18,-69.39,10.19,52.93,0,16,-100.18,23,-103.05,9,-106.74,15,-108.37,29,-111.51,17,-114.79,4400.00,2557.38,1.50,1,26,0.06,NLOS,117.27,6.38,-103.42,-75.64,-0.70,55.68,0,32,-103.63,20,-113.73,33,-115.01,34,-115.79,19,-118.54,45,-119.36,7488.55,4300.00,1.50,2,54,0.05,NLOS,119.40,-2.41,-96.78,-69.00,12.17,25.75,1,60,-111.26,67,-114.22,61,-115.95,49,-117.56,55,-119.64,46,-119.80,3955.47,2700.00,1.50,0,26,0.06,NLOS,117.72,1.19,-98.69,-70.90,-0.63,38.58,0,19,-101.18,20,-101.27,13,-112.51,32,-113.94,7,-120.48,34,-121.69
287,2200.00,2550.25,1.50,3,13,0.03,LOS,100.60,0.00,-80.38,-52.60,10.20,56.75,0,6,-90.68,7,-109.52,0,-109.95,20,-113.61,14,-115.84,19,-122.40,3200.00,5248.54,1.50,3,14,0.01,LOS,117.20,-2.88,-94.10,-66.32,13.14,52.93,0,21,-109.07,22,-111.12,15,-112.87,23,-115.47,24,-117.42,16,-117.80,4400.00,2572.85,1.50,1,26,0.07,NLOS,116.53,-9.57,-86.74,-58.96,14.25,55.68,0,32,-103.15,33,-106.39,19,-112.75,20,-117.25,14,-119.58,39,-119.88,7481.40,4300.00,1.50,2,54,0.05,NLOS,119.18,-2.41,-96.55,-68.77,12.53,25.75,0,60,-111.47,67,-114.31,61,-116.03,49,-117.53,55,-119.62,46,-119.74,3966.19,2700.00,1.50,0,26,0.06,NLOS,117.20,6.02,-103.01,-75.23,0.97,38.58,0,19,-106.52,20,-110.96,33,-112.83,21,-115.39,13,-117.99,46,-120.76
288,2200.00,2534.49,1.50,3,13,0.03,LOS,100.80,0.00,-80.59,-52.81,9.39,56.75,0,6,-90.06,7,-109.86,0,-110.03,20,-113.70,14,-116.03,19,-122.38,3200.00,5233.83,1.50,3,14,0.01,LOS,117.05,-2.88,-93.94,-66.16,13.08,52.93,0,21,-108.86,22,-110.72,15,-112.62,23,-115.80,24,-117.58,16,-118.00,4400.00,2588.32,1.50,1,26,0.07,NLOS,115.77,-9.57,-85.98,-58.19,15.02,55.68,0,32,-103.27,33,-106.18,19,-112.81,20,-117.11,14,-119.51,39,-119.84,7474.25,4300.00,1.50,2,54,0.06,NLOS,118.96,-2.41,-96.33,-68.55,12.88,25.75,0,60,-111.68,67,-114.40,61,-116.11,49,-117.49,55,-119.60,46,-119.68,3976.91,2700.00,1.50,0,26,0.07,NLOS,116.68,6.02,-102.48,-74.70,1.67,38.58,0,19,-106.80,20,-111.12,33,-112.70,21,-115.43,13,-118.13,46,-120.70
289,2200.00,2518.73,1.50,3,13,0.03,LOS,101.01,0.31,-81.10,-53.32,10.70,56.75,0,6,-92.01,7,-105.38,19,-119.74,27,-120.09,14,-121.98,3,-122.70,3200.00,5219.13,1.50,3,14,0.01,LOS,116.89,-0.80,-95.88,-68.10,10.96,52.93,0,15,-108.27,16,-108.74,22,-110.81,21,-113.37,23,-115.20,17,-116.55,4400.00,2603.78,1.50,1,26,0.08,NLOS,114.99,4.78,-99.54,-71.76,0.87,55.68,0,19,-104.32,32,-104.47,33,-108.49,20,-117.55,27,-117.69,40,-121.27,7467.09,4300.00,1.50,2,54,0.06,NLOS,118.73,-2.41,-96.11,-68.33,13.22,25.75,0,60,-111.89,67,-114.49,61,-116.20,49,-117.46,55,-119.58,46,-119.62,3987.62,2700.00,1.50,0,26,0.07,NLOS,116.14,6.02,-101.94,-74.16,2.36,38.58,0,19,-107.07,20,-111.28,33,-112.56,21,-115.47,13,-118.28,46,-120.63
290,2200.00,2502.96,1.50,3,13,0.03,LOS,101.23,0.31,-81.32,-53.54,9.96,56.75,0,6,-91.46,7,-105.71,19,-119.73,27,-120.15,14,-122.17,3,-122.78,3200.00,5204.43,1.50,3,14,0.01,LOS,116.74,-0.80,-95.72,-67.94,10.88,52.93,0,15,-108.01,16,-108.96,22,-110.42,21,-113.15,23,-115.51,17,-116.75,4400.00,2619.25,1.50,1,26,0.08,NLOS,114.18,4.78,-98.74,-70.96,1.71,55.68,0,19,-104.38,32,-104.60,33,-108.27,20,-117.42,27,-117.45,40,-121.18,7459.94,4300.00,1.50,2,54,0.06,NLOS,118.51,0.58,-98.87,-71.09,-3.30,25.75,0,60,-96.28,47,-106.34,61,-109.05,52,-110.69,53,-113.51,66,-113.75,3998.34,2700.00,1.50,0,26,0.07,NLOS,115.59,-3.71,-91.66,-63.87,13.51,38.58,0,20,-108.81,19,-110.71,27,-113.32,32,-115.80,13,-120.03,0,-121.06
291,2187.20,2500.00,1.50,2,13,0.03,LOS,101.57,-4.05,-77.30,-49.52,0.78,56.75,0,6,-78.08,32,-116.15,19,-116.31,0,-117.03,1,-120.61,14,-122.84,3200.00,5189.72,1.50,3,22,0.05,NLOS,119.26,-4.97,-94.07,-66.29,9.82,52.93,1,14,-98.69,29,-108.59,23,-109.90,17,-110.43,16,-111.46,28,-113.72,4400.00,2634.72,1.50,1,26,0.09,NLOS,113.36,-6.19,-86.95,-59.17,16.93,55.68,0,32,-105.23,33,-111.15,13,-119.09,27,-119.50,19,-120.27,34,-120.73,7452.79,4300.00,1.50,2,54,0.06,NLOS,118.29,0.58,-98.65,-70.87,-2.92,25.75,0,60,-96.49,47,-106.21,61,-109.13,52,-110.68,53,-113.44,66,-113.83,4000.00,2700.00,1.50,3,26,0.07,NLOS,115.50,-3.71,-91.57,-63.79,13.61,0.00,0,20,-108.84,19,-110.75,27,-113.31,32,-115.78,13,-120.06,0,-121.07
292,2171.44,2500.00,1.50,2,13,0.03,LOS,101.92,-4.05,-77.65,-49.87,-0.71,56.75,0,6,-76.94,32,-116.24,19,-116.51,0,-116.77,1,-120.50,14,-122.93,3200.00,5175.02,1.50,3,22,0.06,NLOS,118.89,-4.97,-93.70,-65.92,10.27,52.93,0,14,-98.53,29,-108.64,23,-110.21,17,-110.63,16,-111.69,15,-113.52,4400.00,2650.19,1.50,1,26,0.10,NLOS,112.52,-6.19,-86.11,-58.33,17.83,55.68,0,32,-105.38,33,-110.93,13,-119.08,27,-119.26,19,-120.34,34,-120.57,7445.63,4300.00,1.50,2,54,0.06,NLOS,118.08,0.58,-98.44,-70.65,-2.54,25.75,0,60,-96.69,47,-106.09,61,-109.22,52,-110.67,53,-113.38,66,-113.91,4000.00,2700.00,1.50,3,26,0.07,NLOS,115.50,-3.71,-91.57,-63.79,13.61,0.00,0,20,-108.84,19,-110.75,27,-113.31,32,-115.78,13,-120.06,0,-121.07
293,2155.68,2500.00,1.50,2,6,0.15,NLOS,108.21,-10.26,-77.73,-49.95,9.94,56.75,1,13,-87.75,7,-106.48,19,-115.82,21,-116.92,14,-118.29,0,-118.83,3200.00,5160.31,1.50,3,14,0.01,LOS,116.26,8.49,-104.53,-76.75,3.27,52.93,1,22,-108.58,16,-109.74,21,-111.02,23,-112.02,8,-114.00,15,-114.51,4400.00,2665.66,1.50,1,26,0.10,NLOS,111.66,-0.57,-90.88,-63.10,6.82,55.68,0,32,-97.99,45,-113.16,33,-113.61,27,-114.94,14,-115.39,19,-118.07,7438.48,4300.00,1.50,2,54,0.06,NLOS,117.86,0.58,-98.22,-70.44,-2.17,25.75,0,60,-96.89,47,-105.97,61,-109.30,52,-110.66,53,-113.32,66,-113.98,4000.00,2700.00,1.50,3,26,0.07,NLOS,115.50,-3.71,-91.57,-63.79,13.61,0.00,0,20,-108.84,19,-110.75,27,-113.31,32,-115.78,13,-120.06,0,-121.07
294,2139.91,2500.00,1.50,2,6,0.16,NLOS,106.97,-10.26,-76.50,-48.71,11.52,56.75,0,13,-88.09,7,-106.42,19,-116.01,21,-117.00,14,-118.38,0,-118.57,3200.00,5145.61,1.50,3,14,0.01,LOS,116.10,8.49,-104.37,-76.59,3.24,52.93,0,22,-108.25,16,-109.99,21,-110.79,23,-112.32,8,-113.89,15,-114.24,4400.00,2681.12,1.50,1,26,0.11,NLOS,110.80,-0.57,-90.02,-62.23,7.83,55.68,0,32,-98.16,45,-113.18,33,-113.40,27,-114.69,14,-115.31,19,-118.15,7431.33,4300.00,1.50,2,54,0.06,NLOS,117.65,-3.93,-93.51,-65.73,9.75,25.75,0,60,-106.17,61,-109.65,47,-111.29,52,-114.20,68,-114.90,53,-115.31,4000.00,2700.00,1.50,3,26,0.07,NLOS,115.50,-3.71,-91.57,-63.79,13.61,0.00,0,20,-108.84,19,-110.75,27,-113.31,32,-115.78,13,-120.06,0,-121.07
295,2124.15,2500.00,1.50,2,6,0.19,NLOS,105.69,-3.65,-81.83,-54.05,3.18,56.75,0,13,-85.03,7,-111.50,0,-112.47,28,-117.48,19,-118.10,1,-119.46,3200.00,5130.91,1.50,3,22,0.06,NLOS,117.89,-9.02,-88.65,-60.87,15.93,52.93,1,14,-100.41,23,-108.65,16,-110.18,21,-113.44,18,-113.47,29,-115.83,4400.00,2696.59,1.50,1,26,0.12,NLOS,109.94,-5.87,-83.85,-56.07,27.66,55.68,0,33,-115.98,19,-118.64,32,-118.70,20,-120.00,39,-121.40,40,-121.47,7424.18,4300.00,1.50,2,54,0.06,NLOS,117.44,-3.93,-93.30,-65.52,10.05,25.75,0,60,-106.37,61,-109.74,47,-111.16,52,-114.19,68,-114.95,53,-115.26,4000.00,2700.00,1.50,3,26,0.07,NLOS,115.50,-3.71,-91.57,-63.79,13.61,0.00,0,20,-108.84,19,-110.75,27,-113.31,32,-115.78,13,-120.06,0,-121.07
296,2108.39,2500.00,1.50,2,6,0.21,NLOS,104.38,-3.65,-80.52,-52.73,4.82,56.75,0,13,-85.37,7,-111.45,0,-112.20,28,-117.55,19,-118.29,1,-119.35,3200.00,5116.20,1.50,3,22,0.06,NLOS,117.60,-9.02,-88.36,-60.58,16.35,52.93,0,14,-100.24,23,-108.94,16,-110.44,21,-113.21,18,-113.59,15,-115.60,4387.94,2700.00,1.50,2,26,0.14,NLOS,109.00,-5.87,-82.92,-55.13,28.63,55.68,0,33,-116.12,19,-118.46,32,-119.01,20,-119.81,39,-121.55,40,-121.55,7417.02,4300.00,1.50,2,54,0.06,NLOS,117.24,-3.93,-93.09,-65.31,10.35,25.75,0,60,-106.56,61,-109.83,47,-111.03,52,-114.18,68,-115.01,53,-115.21,4000.00,2700.00,1.50,3,26,0.07,NLOS,115.50,-3.71,-91.57,-63.79,13.61,0.00,0,20,-108.84,19,-110.75,27,-113.31,32,-115.78,13,-120.06,0,-121.07
297,2092.62,2500.00,1.50,2,6,0.24,NLOS,103.06,-9.35,-73.48,-45.70,7.72,56.75,0,13,-81.22,0,-108.93,7,-109.73,19,-118.66,1,-122.18,20,-124.57,3200.00,5101.50,1.50,3,22,0.06,NLOS,117.33,-4.70,-92.42,-64.63,2.14,52.93,0,15,-95.44,14,-98.51,16,-102.55,9,-108.40,21,-113.52,28,-115.18,4372.47,2700.00,1.50,2,26,0.15,NLOS,108.05,-8.66,-79.16,-51.38,25.51,55.68,0,40,-107.79,33,-109.64,32,-109.78,27,-110.20,19,-118.80,20,-121.32,7409.87,4300.00,1.50,2,54,0.06,NLOS,117.04,-3.93,-92.89,-65.11,10.63,25.75,0,60,-106.75,61,-109.91,47,-110.90,52,-114.17,68,-115.06,53,-115.15,4000.00,2700.00,1.50,3,26,0.07,NLOS,115.50,-3.71,-91.57,-63.79,13.61,0.00,0,20,-108.84,19,-110.75,27,-113.31,32,-115.78,13,-120.06,0,-121.07
298,2076.86,2500.00,1.50,2,6,0.26,NLOS,101.75,-9.35,-72.18,-44.40,9.35,56.75,0,13,-81.55,0,-108.66,7,-109.69,19,-118.85,1,-122.08,20,-124.72,3200.00,5113.20,1.50,1,22,0.06,NLOS,117.54,-4.70,-92.62,-64.84,2.07,52.93,0,15,-95.65,14,-98.64,16,-102.34,9,-108.41,21,-113.71,28,-115.26,4357.01,2700.00,1.50,2,26,0.16,NLOS,107.10,-8.66,-78.22,-50.44,26.60,55.68,0,40,-107.92,33,-109.87,32,-110.12,27,-110.17,19,-118.53,20,-121.11,7402.72,4300.00,1.50,2,54,0.07,NLOS,116.84,-5.88,-90.74,-62.96,6.45,25.75,0,60,-97.64,53,-112.29,61,-112.32,55,-114.91,48,-116.11,41,-116.12,4000.00,2700.00,1.50,3,26,0.07,NLOS,115.50,-3.71,-91.57,-63.79,13.61,0.00,0,20,-108.84,19,-110.75,27,-113.31,32,-115.78,13,-120.06,0,-121.07
299,2061.10,2500.00,1.50,2,6,0.29,NLOS,100.52,3.77,-84.07,-56.29,-0.61,56.75,0,13,-83.47,0,-110.85,1,-120.05,21,-120.59,14,-120.60,7,-122.28,3200.00,5127.91,1.50,1,22,0.06,NLOS,117.83,3.45,-101.06,-73.28,7.19,52.93,0,14,-104.58,16,-110.28,15,-116.99,24,-117.51,10,-118.69,28,-118.95,4341.54,2700.00,1.50,2,26,0.18,NLOS,106.19,2.70,-88.67,-60.89,11.83,55.68,0,19,-102.79,32,-105.04,21,-117.00,20,-117.19,39,-118.47,14,-118.84,7400.00,4304.44,1.50,1,54,0.07,NLOS,116.55,-5.88,-90.45,-62.67,6.83,25.75,0,60,-97.74,61,-112.29,53,-112.39,55,-114.84,48,-116.04,41,-116.09,4000.00,2700.00,1.50,3,26,0.07,NLOS,115.50,-3.71,-91.57,-63.79,13.61,0.00,0,20,-108.84,19,-110.75,27,-113.31,32,-115.78,13,-120.06,0,-121.07
300,2045.34,2500.00,1.50,2,6,0.32,NLOS,99.43,3.77,-82.98,-55.19,0.80,56.75,0,13,-83.79,0,-110.57,1,-119.95,21,-120.67,14,-120.69,7,-122.26,3200.00,5142.61,1.50,1,22,0.06,NLOS,118.14,3.45,-101.37,-73.59,6.77,52.93,0,14,-104.74,16,-110.03,15,-117.26,24,-117.36,10,-118.59,3,-118.97,4326.07,2700.00,1.50,2,26,0.19,NLOS,105.34,2.70,-87.82,-60.04,12.62,55.68,0,19,-102.51,32,-105.37,21,-116.92,20,-116.98,39,-118.66,14,-118.73,7400.00,4311.59,1.50,1,54,0.07,NLOS,116.20,-5.88,-90.11,-62.32,7.23,25.75,0,60,-97.80,61,-112.19,53,-112.57,55,-114.73,48,-115.97,41,-116.07,4000.00,2700.00,1.50,3,26,0.07,NLOS,115.50,-3.71,-91.57,-63.79,13.61,0.00,0,20,-108.84,19,-110.75,27,-113.31,32,-115.78,13,-120.06,0,-121.07
