Step,ue0_x,ue0_y,ue0_height,ue0_direction,ue0_connected_bs,ue0_los_probability,ue0_los_state,ue0_pathloss,ue0_shadow_fading,ue0_rsrp,ue0_prx,ue0_sinr,ue0_speed,ue0_handover,ue0_bs1_idx,ue0_bs1_rsrp,ue0_bs2_idx,ue0_bs2_rsrp,ue0_bs3_idx,ue0_bs3_rsrp,ue0_bs4_idx,ue0_bs4_rsrp,ue0_bs5_idx,ue0_bs5_rsrp,ue0_bs6_idx,ue0_bs6_rsrp,ue1_x,ue1_y,ue1_height,ue1_direction,ue1_connected_bs,ue1_los_probability,ue1_los_state,ue1_pathloss,ue1_shadow_fading,ue1_rsrp,ue1_prx,ue1_sinr,ue1_speed,ue1_handover,ue1_bs1_idx,ue1_bs1_rsrp,ue1_bs2_idx,ue1_bs2_rsrp,ue1_bs3_idx,ue1_bs3_rsrp,ue1_bs4_idx,ue1_bs4_rsrp,ue1_bs5_idx,ue1_bs5_rsrp,ue1_bs6_idx,ue1_bs6_rsrp,ue2_x,ue2_y,ue2_height,ue2_direction,ue2_connected_bs,ue2_los_probability,ue2_los_state,ue2_pathloss,ue2_shadow_fading,ue2_rsrp,ue2_prx,ue2_sinr,ue2_speed,ue2_handover,ue2_bs1_idx,ue2_bs1_rsrp,ue2_bs2_idx,ue2_bs2_rsrp,ue2_bs3_idx,ue2_bs3_rsrp,ue2_bs4_idx,ue2_bs4_rsrp,ue2_bs5_idx,ue2_bs5_rsrp,ue2_bs6_idx,ue2_bs6_rsrp,ue3_x,ue3_y,ue3_height,ue3_direction,ue3_connected_bs,ue3_los_probability,ue3_los_state,ue3_pathloss,ue3_shadow_fading,ue3_rsrp,ue3_prx,ue3_sinr,ue3_speed,ue3_handover,ue3_bs1_idx,ue3_bs1_rsrp,ue3_bs2_idx,ue3_bs2_rsrp,ue3_bs3_idx,ue3_bs3_rsrp,ue3_bs4_idx,ue3_bs4_rsrp,ue3_bs5_idx,ue3_bs5_rsrp,ue3_bs6_idx,ue3_bs6_rsrp,ue4_x,ue4_y,ue4_height,ue4_direction,ue4_connected_bs,ue4_los_probability,ue4_los_state,ue4_pathloss,ue4_shadow_fading,ue4_rsrp,ue4_prx,ue4_sinr,ue4_speed,ue4_handover,ue4_bs1_idx,ue4_bs1_rsrp,ue4_bs2_idx,ue4_bs2_rsrp,ue4_bs3_idx,ue4_bs3_rsrp,ue4_bs4_idx,ue4_bs4_rsrp,ue4_bs5_idx,ue4_bs5_rsrp,ue4_bs6_idx,ue4_bs6_rsrp
0,7400.00,5290.69,1.50,3,55,0.12,NLOS,110.16,0.53,-90.47,-62.69,17.23,33.51,0,56,-109.08,62,-115.37,67,-119.90,49,-122.25,47,-122.45,50,-123.40,7985.56,4300.00,1.50,2,60,0.17,LOS,82.99,-1.03,-61.75,-33.96,39.51,52.00,0,61,-102.75,53,-109.21,66,-113.85,54,-114.14,48,-118.00,68,-119.13,3400.00,5707.79,1.50,1,23,0.14,NLOS,108.49,-5.97,-82.30,-54.52,20.54,28.05,0,17,-106.96,22,-107.05,16,-111.72,9,-112.67,30,-115.63,24,-118.56,5600.00,6310.20,1.50,1,43,0.20,NLOS,104.85,-3.80,-80.84,-53.06,21.45,36.73,0,36,-104.65,49,-108.94,50,-111.38,57,-115.49,37,-116.35,31,-117.01,4985.96,4100.00,1.50,2,34,0.77,LOS,70.10,-4.46,-45.42,-17.63,52.89,50.53,0,33,-102.57,40,-104.58,27,-106.34,41,-106.47,47,-109.26,28,-112.26
1,7400.00,5281.38,1.50,3,55,0.12,NLOS,110.68,0.53,-90.99,-63.21,16.85,33.51,0,56,-109.23,62,-115.50,67,-119.85,49,-122.33,47,-122.37,50,-123.48,7971.11,4300.00,1.50,2,60,0.17,LOS,83.10,-1.03,-61.85,-34.07,39.38,52.00,0,61,-102.76,53,-109.01,54,-113.85,66,-114.05,48,-117.87,68,-119.23,3400.00,5715.59,1.50,1,23,0.15,NLOS,107.90,-5.97,-81.71,-53.93,21.16,28.05,0,17,-106.86,22,-107.23,16,-111.79,9,-112.71,30,-115.56,24,-118.44,5600.00,6320.41,1.50,1,43,0.20,NLOS,104.97,-3.80,-80.96,-53.18,21.40,36.73,0,36,-104.79,49,-109.02,50,-111.30,57,-115.44,37,-116.22,31,-116.95,4971.93,4100.00,1.50,2,34,0.70,LOS,71.39,-4.46,-46.71,-18.93,51.64,50.53,0,33,-102.58,40,-104.82,27,-106.09,41,-106.70,47,-109.42,28,-112.02
2,7400.00,5272.08,1.50,3,55,0.11,NLOS,111.20,0.53,-91.51,-63.73,16.45,33.51,0,56,-109.38,62,-115.63,67,-119.80,47,-122.28,49,-122.41,50,-123.55,7956.67,4300.00,1.50,2,60,0.16,LOS,83.27,0.76,-63.81,-36.03,41.00,52.00,0,61,-108.39,67,-110.98,54,-114.33,55,-115.98,59,-116.52,66,-116.59,3400.00,5723.38,1.50,1,23,0.16,NLOS,107.29,-5.97,-81.10,-53.32,21.79,28.05,0,17,-106.76,22,-107.41,16,-111.87,9,-112.75,30,-115.49,24,-118.31,5600.00,6330.61,1.50,1,43,0.19,NLOS,105.17,-3.80,-81.15,-53.37,21.29,36.73,0,36,-104.93,49,-109.09,50,-111.23,57,-115.40,37,-116.09,31,-116.89,4957.89,4100.00,1.50,2,34,0.62,LOS,72.98,-5.92,-46.84,-19.06,56.65,50.53,0,35,-108.18,28,-108.37,27,-110.14,41,-115.75,39,-116.15,36,-117.26
3,7400.00,5262.77,1.50,3,55,0.10,NLOS,111.72,2.60,-94.10,-66.32,7.16,33.51,0,54,-103.50,61,-107.76,48,-110.98,50,-112.44,56,-115.74,60,-116.18,7942.22,4300.00,1.50,2,60,0.16,LOS,83.50,0.76,-64.04,-36.26,40.81,52.00,0,61,-108.41,67,-111.25,54,-114.03,55,-115.89,59,-116.53,66,-116.78,3400.00,5731.17,1.50,1,23,0.17,NLOS,106.68,-5.97,-80.49,-52.71,22.43,28.05,0,17,-106.66,22,-107.59,16,-111.94,9,-112.79,30,-115.41,24,-118.18,5600.00,6340.81,1.50,1,43,0.19,NLOS,105.43,2.99,-88.20,-60.41,17.97,36.73,0,37,-110.61,36,-111.36,49,-112.60,29,-112.81,31,-115.44,56,-118.28,4943.85,4100.00,1.50,2,34,0.53,LOS,74.57,-5.92,-48.44,-20.66,54.94,50.53,0,28,-108.14,35,-108.20,27,-109.88,41,-115.97,39,-116.23,36,-117.26
4,7400.00,5253.46,1.50,3,55,0.10,NLOS,112.23,2.60,-94.62,-66.83,6.49,33.51,0,54,-103.28,61,-107.66,48,-110.93,50,-112.52,56,-115.88,60,-116.07,7927.78,4300.00,1.50,2,60,0.15,LOS,83.77,-1.21,-62.34,-34.56,44.38,52.00,0,66,-110.57,59,-113.94,65,-114.68,61,-115.62,68,-115.74,67,-117.10,3400.00,5738.96,1.50,1,23,0.18,NLOS,106.05,10.25,-96.08,-68.30,12.82,28.05,0,22,-112.81,17,-114.20,16,-117.06,29,-119.80,11,-120.91,4,-121.57,5600.00,6351.01,1.50,1,43,0.18,NLOS,105.75,2.99,-88.52,-60.73,17.66,36.73,0,37,-110.48,36,-111.50,49,-112.67,29,-112.87,31,-115.39,56,-118.28,4929.82,4100.00,1.50,2,34,0.45,LOS,76.06,0.46,-56.30,-28.52,48.63,50.53,0,28,-107.24,47,-110.50,33,-111.22,40,-116.07,41,-119.44,27,-119.74
5,7400.00,5244.15,1.50,3,55,0.09,NLOS,112.74,2.60,-95.13,-67.34,5.83,33.51,0,54,-103.06,61,-107.57,48,-110.88,50,-112.60,60,-115.96,56,-116.03,7913.34,4300.00,1.50,2,60,0.14,LOS,84.09,-1.21,-62.66,-34.88,44.13,52.00,0,66,-110.77,59,-113.96,65,-114.76,61,-115.66,68,-115.84,54,-116.83,3400.00,5746.76,1.50,1,23,0.19,NLOS,105.42,10.25,-95.45,-67.67,13.50,28.05,0,22,-112.98,17,-114.10,16,-117.14,29,-119.85,11,-120.87,4,-121.56,5600.00,6361.22,1.50,1,43,0.18,NLOS,106.12,2.99,-88.89,-61.11,17.29,36.73,0,37,-110.35,36,-111.64,49,-112.76,29,-112.93,31,-115.33,56,-118.29,4915.78,4100.00,1.50,2,34,0.39,LOS,77.41,0.46,-57.65,-29.87,47.16,50.53,0,28,-107.00,47,-110.65,33,-111.24,40,-116.30,27,-119.48,41,-119.66
6,7400.00,5234.84,1.50,3,55,0.09,NLOS,113.25,8.04,-101.07,-73.29,5.66,33.51,0,61,-109.09,54,-112.77,42,-118.50,48,-118.78,50,-118.88,60,-119.39,7898.89,4300.00,1.50,2,60,0.13,LOS,84.44,4.03,-68.26,-40.48,36.84,52.00,0,53,-109.37,61,-109.47,62,-113.80,58,-114.56,54,-115.35,66,-115.88,3400.00,5754.55,1.50,1,23,0.20,NLOS,104.78,10.25,-94.81,-67.03,14.19,28.05,0,22,-113.15,17,-114.00,16,-117.22,29,-119.90,11,-120.82,4,-121.54,5600.00,6371.42,1.50,1,43,0.17,NLOS,106.55,-6.10,-80.22,-52.44,21.83,36.73,0,37,-104.53,42,-110.07,51,-111.26,50,-111.29,38,-111.47,36,-112.65,4901.74,4100.00,1.50,2,34,0.33,LOS,78.63,-3.41,-55.00,-27.22,49.65,50.53,0,41,-109.56,33,-109.79,26,-110.36,28,-112.83,47,-113.61,39,-113.76
7,7400.00,5225.54,1.50,3,55,0.09,NLOS,113.75,8.04,-101.57,-73.79,5.06,33.51,0,61,-109.00,54,-112.55,42,-118.52,48,-118.74,50,-118.95,60,-119.27,7884.45,4300.00,1.50,2,60,0.13,LOS,84.82,4.03,-68.63,-40.85,36.39,52.00,0,53,-109.16,61,-109.53,62,-113.81,58,-114.57,54,-115.02,66,-116.07,3400.00,5762.34,1.50,1,23,0.21,NLOS,104.14,10.25,-94.17,-66.39,14.88,28.05,0,22,-113.32,17,-113.90,16,-117.30,29,-119.95,11,-120.78,4,-121.53,5600.00,6381.62,1.50,1,43,0.16,NLOS,107.01,-6.10,-80.69,-52.90,21.32,36.73,0,37,-104.40,42,-110.25,51,-111.16,50,-111.22,38,-111.36,36,-112.79,4887.70,4100.00,1.50,2,34,0.28,LOS,79.73,-3.41,-56.11,-28.33,48.58,50.53,0,41,-109.77,33,-109.82,26,-110.28,28,-112.59,47,-113.75,39,-113.85
8,7400.00,5216.23,1.50,3,55,0.08,NLOS,114.24,8.04,-102.06,-74.28,4.46,33.51,0,61,-108.92,54,-112.32,42,-118.53,48,-118.70,50,-119.03,60,-119.16,7870.00,4300.00,1.50,2,60,0.12,LOS,85.21,7.02,-72.01,-44.23,29.82,52.00,0,67,-105.79,66,-106.43,61,-109.80,53,-114.17,54,-118.17,49,-119.77,3400.00,5770.14,1.50,1,23,0.23,NLOS,103.49,0.06,-83.34,-55.56,19.19,28.05,0,16,-105.57,22,-109.18,36,-110.39,37,-110.84,30,-111.47,17,-113.25,5600.00,6391.83,1.50,1,43,0.16,NLOS,107.50,-6.10,-81.18,-53.40,20.79,36.73,0,37,-104.28,42,-110.43,51,-111.07,50,-111.16,38,-111.25,36,-112.93,4873.67,4100.00,1.50,2,34,0.25,LOS,80.74,-1.80,-58.72,-30.94,46.70,50.53,0,33,-111.05,28,-111.66,27,-111.71,26,-112.81,35,-114.01,40,-116.54
9,7400.00,5206.92,1.50,3,55,0.08,NLOS,114.72,5.27,-99.77,-71.99,4.32,33.51,0,54,-108.83,61,-109.91,49,-112.03,56,-112.84,62,-115.09,66,-119.99,7855.56,4300.00,1.50,2,60,0.11,LOS,85.61,7.02,-72.42,-44.64,29.57,52.00,0,67,-106.05,66,-106.62,61,-109.87,53,-113.97,54,-117.83,49,-119.69,3400.00,5777.93,1.50,1,23,0.24,NLOS,102.85,0.06,-82.70,-54.92,19.89,28.05,0,16,-105.66,22,-109.34,36,-110.38,37,-110.80,30,-111.40,17,-113.15,5600.00,6402.03,1.50,1,43,0.15,NLOS,108.02,-2.36,-85.45,-57.66,14.49,36.73,0,44,-102.68,36,-106.64,50,-108.57,37,-110.84,38,-113.98,29,-114.07,4859.63,4100.00,1.50,2,34,0.21,LOS,81.66,-1.80,-59.64,-31.86,45.69,50.53,0,33,-111.10,28,-111.42,27,-111.44,26,-112.74,35,-114.04,40,-116.76
10,7400.00,5197.61,1.50,3,55,0.08,NLOS,115.20,5.27,-100.25,-72.47,3.78,33.51,0,54,-108.60,61,-109.83,49,-112.11,56,-112.98,62,-115.22,66,-119.93,7841.12,4300.00,1.50,2,60,0.10,LOS,86.02,-6.49,-59.31,-31.53,44.92,52.00,0,54,-107.20,61,-112.11,66,-113.37,67,-114.03,52,-115.62,55,-115.88,3400.00,5785.72,1.50,1,23,0.25,NLOS,102.22,0.06,-82.07,-54.29,20.57,28.05,0,16,-105.74,22,-109.51,36,-110.38,37,-110.77,30,-111.33,17,-113.05,5600.00,6412.23,1.50,1,43,0.14,NLOS,108.56,-2.36,-85.98,-58.20,13.85,36.73,0,44,-102.46,36,-106.78,50,-108.51,37,-110.72,38,-113.86,29,-114.13,4845.59,4100.00,1.50,2,34,0.19,LOS,82.50,-10.96,-51.33,-23.54,43.92,50.53,0,27,-96.90,33,-102.63,28,-104.67,40,-114.04,21,-115.03,29,-117.94
11,7400.00,5188.30,1.50,3,55,0.07,NLOS,115.67,5.27,-100.72,-72.94,3.25,33.51,0,54,-108.36,61,-109.75,49,-112.20,56,-113.12,62,-115.35,66,-119.87,7826.67,4300.00,1.50,2,60,0.10,LOS,86.43,-6.49,-59.72,-31.94,44.38,52.00,0,54,-106.85,61,-112.19,66,-113.56,67,-114.28,52,-115.56,55,-115.79,3400.00,5793.52,1.50,1,23,0.27,NLOS,101.61,0.06,-81.45,-53.67,21.24,28.05,0,16,-105.83,22,-109.68,36,-110.38,37,-110.73,30,-111.26,17,-112.95,5600.00,6422.44,1.50,1,43,0.13,NLOS,109.11,-2.36,-86.54,-58.76,13.19,36.73,0,44,-102.24,36,-106.92,50,-108.45,37,-110.60,38,-113.74,29,-114.19,4831.56,4100.00,1.50,2,34,0.16,LOS,83.28,-10.96,-52.11,-24.32,42.94,50.53,0,27,-96.62,33,-102.69,28,-104.42,40,-114.26,21,-114.85,29,-117.88
12,7400.00,5179.00,1.50,3,55,0.07,NLOS,116.13,6.09,-102.00,-74.22,2.38,33.51,0,54,-107.56,49,-110.33,62,-114.61,48,-114.89,67,-115.43,43,-115.57,7812.23,4300.00,1.50,2,60,0.09,LOS,86.84,2.96,-69.58,-41.80,31.39,52.00,0,54,-105.00,61,-106.37,66,-108.11,53,-114.10,67,-114.73,59,-117.06,3400.00,5801.31,1.50,1,23,0.28,NLOS,101.01,3.12,-83.92,-56.14,20.79,28.05,0,16,-107.47,30,-111.89,17,-114.00,18,-116.59,22,-117.61,29,-117.66,5600.00,6432.64,1.50,1,43,0.13,NLOS,109.67,8.84,-98.30,-70.52,1.85,36.73,0,37,-101.86,50,-106.75,44,-112.50,36,-115.70,30,-115.92,38,-116.72,4817.52,4100.00,1.50,2,34,0.14,LOS,84.01,-0.44,-63.35,-35.57,40.83,50.53,0,27,-106.83,28,-112.19,40,-112.21,32,-114.41,35,-116.08,20,-116.98
13,7400.00,5169.69,1.50,3,55,0.07,NLOS,116.59,6.09,-102.46,-74.67,1.84,33.51,0,54,-107.31,49,-110.41,62,-114.74,48,-114.86,67,-115.39,43,-115.62,7800.00,4297.79,1.50,3,60,0.08,LOS,87.13,2.96,-69.87,-42.09,31.05,52.00,0,54,-104.72,61,-106.49,66,-108.25,53,-113.89,67,-114.94,59,-117.06,3400.00,5809.10,1.50,1,23,0.29,NLOS,100.45,3.12,-83.35,-55.57,21.38,28.05,0,16,-107.56,30,-111.82,17,-113.90,18,-116.51,29,-117.71,22,-117.77,5600.00,6442.84,1.50,1,43,0.12,NLOS,110.24,8.84,-98.87,-71.08,1.19,36.73,0,37,-101.75,50,-106.69,44,-112.28,36,-115.84,30,-115.93,38,-116.60,4803.48,4100.00,1.50,2,34,0.13,LOS,84.68,-0.44,-64.02,-36.24,40.01,50.53,0,27,-106.55,28,-111.93,40,-112.43,32,-114.42,35,-116.13,20,-116.85
14,7400.00,5160.38,1.50,3,55,0.06,NLOS,117.04,6.09,-102.90,-75.12,1.29,33.51,0,54,-107.07,49,-110.50,48,-114.83,62,-114.87,67,-115.35,43,-115.66,7800.00,4283.34,1.50,3,60,0.09,LOS,86.80,0.46,-67.04,-39.26,40.72,52.00,0,54,-110.33,61,-116.22,59,-118.47,67,-118.57,53,-119.45,56,-119.79,3400.00,5816.89,1.50,1,23,0.30,NLOS,99.92,3.12,-82.83,-55.05,21.93,28.05,0,16,-107.64,30,-111.75,17,-113.80,18,-116.43,29,-117.77,22,-117.93,5600.00,6453.04,1.50,1,43,0.11,NLOS,110.81,8.84,-99.44,-71.65,0.52,36.73,0,37,-101.64,50,-106.64,44,-112.04,30,-115.95,36,-115.99,38,-116.48,4789.45,4100.00,1.50,2,34,0.12,LOS,85.31,-1.06,-64.04,-36.26,41.94,50.53,0,33,-109.43,27,-112.74,28,-113.48,42,-115.12,41,-116.50,22,-118.93
15,7400.00,5151.07,1.50,3,55,0.06,NLOS,117.47,2.64,-99.90,-72.12,-0.24,33.51,0,61,-100.11,54,-113.37,48,-116.56,67,-117.01,56,-118.15,64,-120.03,7800.00,4268.90,1.50,3,60,0.09,LOS,86.48,0.46,-66.72,-38.94,41.15,52.00,0,54,-110.51,61,-116.54,59,-118.24,67,-118.65,53,-119.23,56,-119.90,3400.00,5824.69,1.50,1,23,0.32,NLOS,99.45,3.12,-82.35,-54.57,22.43,28.05,0,16,-107.73,30,-111.69,17,-113.71,18,-116.35,29,-117.83,24,-117.95,5600.00,6463.25,1.50,1,43,0.11,NLOS,111.38,2.61,-93.78,-65.99,10.48,36.73,0,36,-106.16,50,-114.28,37,-114.53,49,-114.76,56,-116.06,44,-117.75,4775.41,4100.00,1.50,2,34,0.10,LOS,85.91,-1.06,-64.63,-36.85,41.29,50.53,0,33,-109.50,27,-112.45,28,-113.23,42,-115.21,41,-116.70,22,-118.81
16,7400.00,5141.76,1.50,3,55,0.06,NLOS,117.90,2.64,-100.33,-72.55,-0.73,33.51,0,61,-100.05,54,-113.11,48,-116.53,67,-116.97,56,-118.28,64,-120.09,7800.00,4254.45,1.50,3,60,0.10,LOS,86.17,-0.96,-64.99,-37.21,39.25,52.00,0,67,-108.10,54,-108.85,66,-112.94,61,-117.52,46,-118.21,41,-118.23,3400.00,5832.48,1.50,1,23,0.33,NLOS,99.04,4.76,-83.57,-55.79,20.02,28.05,0,22,-108.79,24,-109.04,16,-109.46,25,-111.18,30,-113.77,28,-116.70,5600.00,6473.45,1.50,1,43,0.10,NLOS,111.95,2.61,-94.34,-66.56,9.99,36.73,0,36,-106.30,50,-114.23,37,-114.42,49,-114.85,56,-116.08,44,-117.51,4761.37,4100.00,1.50,2,34,0.09,LOS,86.47,-5.67,-60.59,-32.81,42.07,50.53,0,28,-106.50,27,-107.96,33,-110.56,40,-112.76,46,-113.96,30,-117.72
17,7400.00,5132.46,1.50,3,55,0.06,NLOS,118.33,2.64,-100.75,-72.97,-1.22,33.51,0,61,-99.99,54,-112.85,48,-116.50,67,-116.93,56,-118.41,64,-120.15,7800.00,4240.01,1.50,3,60,0.10,LOS,85.88,-0.96,-64.70,-36.92,39.63,52.00,0,67,-108.18,54,-109.05,66,-112.83,61,-117.82,46,-118.12,41,-118.25,3400.00,5840.27,1.50,1,23,0.33,NLOS,98.69,4.76,-83.23,-55.45,20.38,28.05,0,24,-108.90,22,-108.94,16,-109.55,25,-111.11,30,-113.70,28,-116.77,5600.00,6483.65,1.50,1,43,0.10,NLOS,112.51,2.61,-94.90,-67.12,9.50,36.73,0,36,-106.45,50,-114.18,37,-114.32,49,-114.93,56,-116.09,44,-117.27,4747.34,4100.00,1.50,2,34,0.09,LOS,87.00,-5.67,-61.12,-33.34,41.38,50.53,0,28,-106.24,27,-107.67,33,-110.64,40,-112.97,46,-114.07,30,-117.70
18,7400.00,5123.15,1.50,3,55,0.06,NLOS,118.74,2.90,-101.42,-73.64,-3.92,33.51,0,62,-98.64,61,-105.57,60,-106.48,54,-110.40,56,-115.41,28,-118.32,7800.00,4225.57,1.50,3,60,0.11,LOS,85.61,2.82,-68.21,-40.43,33.26,52.00,0,53,-105.53,67,-106.55,54,-108.51,68,-114.56,61,-115.79,55,-116.36,3400.00,5848.07,1.50,1,23,0.34,NLOS,98.43,4.76,-82.97,-55.19,20.65,28.05,0,24,-108.75,22,-109.10,16,-109.64,25,-111.03,30,-113.64,28,-116.84,5600.00,6493.86,1.50,1,43,0.09,NLOS,113.07,-3.53,-89.32,-61.54,14.00,36.73,0,44,-105.32,36,-111.51,37,-113.25,38,-113.34,42,-115.53,51,-115.81,4733.30,4100.00,1.50,2,34,0.08,LOS,87.51,2.89,-70.18,-42.40,32.62,50.53,0,27,-103.98,33,-112.20,20,-115.69,21,-116.39,40,-117.37,35,-117.78
19,7400.00,5113.84,1.50,3,62,0.02,NLOS,136.15,-17.17,-98.77,-70.99,1.35,33.51,1,55,-101.83,61,-105.52,60,-106.37,54,-110.14,56,-115.54,28,-118.31,7800.00,4211.12,1.50,3,60,0.11,LOS,85.36,2.82,-67.97,-40.19,33.48,52.00,0,53,-105.30,67,-106.63,54,-108.71,68,-114.68,61,-116.08,55,-116.52,3400.00,5855.86,1.50,1,23,0.35,NLOS,98.26,4.76,-82.80,-55.02,20.83,28.05,0,24,-108.60,22,-109.25,16,-109.73,25,-110.96,30,-113.57,28,-116.91,5600.00,6495.94,1.50,3,43,0.09,NLOS,113.18,-3.53,-89.43,-61.65,13.86,36.73,0,44,-105.27,36,-111.54,37,-113.23,38,-113.31,42,-115.56,51,-115.79,4719.26,4100.00,1.50,2,34,0.07,LOS,87.99,2.89,-70.66,-42.88,31.93,50.53,0,27,-103.69,33,-112.28,20,-115.56,21,-116.19,40,-117.57,35,-117.85
20,7400.00,5104.53,1.50,3,62,0.02,NLOS,136.28,-17.17,-98.90,-71.11,1.48,33.51,0,55,-102.23,61,-105.47,60,-106.25,54,-109.87,56,-115.67,28,-118.30,7800.00,4196.68,1.50,3,60,0.12,LOS,85.15,3.27,-68.21,-40.43,34.39,52.00,0,54,-105.88,53,-110.81,66,-111.46,59,-111.82,61,-113.07,52,-114.49,3400.00,5863.65,1.50,1,23,0.35,NLOS,98.18,5.36,-83.32,-55.54,25.74,28.05,0,31,-114.45,17,-115.34,15,-116.06,29,-116.53,30,-116.69,21,-117.18,5600.00,6485.74,1.50,3,43,0.10,NLOS,112.62,-3.53,-88.88,-61.10,14.54,36.73,0,44,-105.52,36,-111.40,37,-113.33,38,-113.43,42,-115.40,51,-115.89,4705.23,4100.00,1.50,2,34,0.07,LOS,88.44,2.43,-70.65,-42.87,32.66,50.53,0,27,-105.28,28,-109.96,26,-110.60,39,-112.76,33,-113.69,20,-118.39
21,7395.22,5100.00,1.50,2,55,0.05,NLOS,119.65,5.34,-104.77,-76.99,-2.72,33.51,1,54,-105.06,61,-105.97,67,-114.36,60,-114.89,48,-115.89,62,-117.09,7800.00,4182.23,1.50,3,60,0.12,LOS,84.98,3.27,-68.03,-40.25,34.61,52.00,0,54,-106.09,53,-110.59,66,-111.36,59,-111.56,61,-113.35,52,-114.34,3400.00,5871.44,1.50,1,23,0.35,NLOS,98.20,5.36,-83.34,-55.56,25.71,28.05,0,31,-114.38,17,-115.24,15,-116.14,29,-116.59,30,-116.62,21,-117.26,5600.00,6475.53,1.50,3,43,0.10,NLOS,112.06,-3.53,-88.32,-60.53,15.22,36.73,0,44,-105.76,36,-111.25,37,-113.44,38,-113.55,42,-115.24,51,-115.98,4691.19,4100.00,1.50,2,34,0.06,LOS,88.88,2.43,-71.09,-43.31,31.99,50.53,0,27,-104.99,28,-109.70,26,-110.54,39,-112.86,33,-113.78,20,-118.26
22,7385.92,5100.00,1.50,2,55,0.05,NLOS,119.48,5.34,-104.60,-76.82,-2.49,33.51,0,54,-104.99,61,-106.22,67,-114.46,60,-114.97,48,-115.72,62,-117.20,7800.00,4167.79,1.50,3,60,0.13,LOS,84.84,2.69,-67.31,-39.53,34.71,52.00,0,67,-106.11,61,-108.89,54,-109.23,53,-109.60,58,-117.25,47,-117.47,3400.00,5879.24,1.50,1,23,0.34,NLOS,98.32,5.36,-83.46,-55.68,25.57,28.05,0,31,-114.31,17,-115.15,15,-116.22,30,-116.56,29,-116.66,24,-117.20,5600.00,6465.33,1.50,3,43,0.11,NLOS,111.50,4.91,-96.19,-68.40,2.66,36.73,0,44,-101.59,50,-105.65,37,-107.63,38,-108.96,36,-109.62,42,-114.74,4677.15,4100.00,1.50,2,34,0.06,LOS,89.41,-1.08,-68.11,-40.33,32.67,50.53,0,40,-103.81,33,-107.48,27,-109.59,28,-110.21,21,-116.09,35,-116.09
23,7376.61,5100.00,1.50,2,55,0.05,NLOS,119.32,5.34,-104.44,-76.66,-2.28,33.51,0,54,-104.92,61,-106.47,67,-114.56,60,-115.04,48,-115.54,62,-117.30,7800.00,4153.35,1.50,3,60,0.13,LOS,84.75,2.69,-67.22,-39.44,34.89,52.00,0,67,-106.20,61,-109.17,53,-109.38,54,-109.44,58,-117.11,47,-117.47,3400.00,5887.03,1.50,1,23,0.34,NLOS,98.52,5.36,-83.66,-55.88,25.34,28.05,0,31,-114.23,17,-115.06,15,-116.30,30,-116.50,29,-116.72,24,-117.05,5600.00,6455.13,1.50,3,43,0.11,NLOS,110.93,4.91,-95.62,-67.83,3.36,36.73,0,44,-101.83,50,-105.70,37,-107.74,38,-109.08,36,-109.48,42,-114.58,4663.11,4100.00,1.50,2,34,0.06,LOS,90.14,-1.08,-68.84,-41.06,31.99,50.53,0,40,-104.00,33,-107.58,27,-109.30,28,-109.96,21,-115.88,35,-116.18
24,7367.30,5100.00,1.50,2,55,0.05,NLOS,119.17,-0.36,-98.59,-70.80,-4.40,33.51,0,61,-96.52,54,-98.51,48,-108.15,47,-117.28,62,-118.73,56,-122.50,7800.00,4138.90,1.50,3,60,0.13,LOS,84.71,-4.74,-59.76,-31.97,42.91,52.00,0,53,-104.20,68,-106.62,67,-111.29,54,-114.59,61,-115.88,42,-117.10,3400.00,5894.82,1.50,1,23,0.33,NLOS,98.82,-5.00,-73.60,-45.82,26.97,28.05,0,17,-101.28,29,-112.32,18,-113.71,28,-115.27,30,-115.28,16,-115.97,5600.00,6444.93,1.50,3,43,0.12,NLOS,110.36,4.91,-95.05,-67.26,4.06,36.73,0,44,-102.06,50,-105.76,37,-107.85,38,-109.20,36,-109.33,42,-114.41,4649.08,4100.00,1.50,2,34,0.05,LOS,90.83,0.11,-70.73,-42.95,29.65,50.53,0,28,-101.05,26,-112.03,35,-112.36,27,-114.40,21,-116.54,41,-117.43
25,7357.99,5100.00,1.50,2,55,0.06,NLOS,119.03,-0.36,-98.44,-70.66,-4.15,33.51,0,61,-96.76,54,-98.45,48,-107.97,47,-117.20,62,-118.83,56,-122.49,7800.00,4124.46,1.50,3,60,0.13,LOS,84.72,-4.74,-59.76,-31.98,42.79,52.00,0,53,-103.99,68,-106.74,67,-111.38,54,-114.81,61,-116.15,42,-117.15,3400.00,5902.62,1.50,1,23,0.32,NLOS,99.19,-5.00,-73.98,-46.20,26.53,28.05,0,17,-101.19,29,-112.38,18,-113.62,30,-115.22,28,-115.34,16,-116.07,5600.00,6434.72,1.50,3,43,0.13,NLOS,109.79,-6.10,-83.47,-55.69,18.44,36.73,0,36,-103.32,37,-110.40,30,-113.34,44,-115.42,50,-116.69,38,-117.86,4635.04,4100.00,1.50,2,34,0.05,LOS,91.51,0.11,-71.40,-43.62,28.76,50.53,0,28,-100.80,26,-111.98,35,-112.45,27,-114.10,21,-116.33,41,-117.61
26,7348.68,5100.00,1.50,2,55,0.06,NLOS,118.89,-0.36,-98.31,-70.53,-3.91,33.51,0,61,-97.00,54,-98.39,48,-107.78,47,-117.12,62,-118.93,56,-122.48,7800.00,4110.01,1.50,3,60,0.13,LOS,84.78,1.86,-66.42,-38.64,37.91,52.00,0,53,-106.17,59,-111.76,54,-113.50,47,-116.53,52,-119.97,62,-120.33,3400.00,5910.41,1.50,1,23,0.31,NLOS,99.63,-5.00,-74.42,-46.63,26.02,28.05,0,17,-101.10,29,-112.45,18,-113.54,30,-115.16,28,-115.41,16,-116.17,5600.00,6424.52,1.50,3,43,0.13,NLOS,109.23,-6.10,-82.91,-55.12,18.92,36.73,0,36,-103.18,37,-110.52,30,-113.33,44,-115.64,50,-116.75,42,-117.73,4621.00,4100.00,1.50,2,34,0.05,LOS,92.15,-2.27,-69.66,-41.88,33.43,50.53,0,27,-106.10,33,-108.48,28,-111.02,29,-116.91,21,-117.66,39,-119.29
27,7339.38,5100.00,1.50,2,55,0.06,NLOS,118.77,2.74,-101.28,-73.50,0.47,33.51,0,54,-102.64,60,-110.35,62,-112.61,50,-113.73,56,-115.48,63,-116.52,7800.00,4095.57,1.50,3,60,0.12,LOS,84.88,1.86,-66.52,-38.74,37.64,52.00,0,53,-105.95,59,-111.48,54,-113.72,47,-116.54,52,-119.81,62,-120.47,3400.00,5918.20,1.50,1,23,0.30,NLOS,100.12,-5.00,-74.91,-47.13,25.45,28.05,0,17,-101.01,29,-112.52,18,-113.46,30,-115.10,28,-115.48,16,-116.26,5600.00,6414.32,1.50,3,43,0.14,NLOS,108.67,-6.10,-82.35,-54.57,19.39,36.73,0,36,-103.03,37,-110.64,30,-113.32,44,-115.86,50,-116.81,42,-117.56,4606.97,4100.00,1.50,2,34,0.05,LOS,92.78,-2.27,-70.29,-42.51,32.65,50.53,0,27,-105.81,33,-108.59,28,-110.78,29,-116.86,21,-117.44,39,-119.38
28,7330.07,5100.00,1.50,2,55,0.06,NLOS,118.66,2.74,-101.17,-73.39,0.56,33.51,0,54,-102.59,60,-110.42,62,-112.71,50,-113.69,56,-115.47,63,-116.55,7800.00,4081.13,1.50,3,60,0.12,LOS,85.03,-5.44,-59.37,-31.59,43.08,52.00,0,53,-104.73,54,-108.87,47,-111.97,55,-112.16,67,-113.86,61,-116.08,3400.00,5926.00,1.50,1,23,0.29,NLOS,100.67,7.32,-87.76,-59.98,17.23,28.05,0,24,-107.36,29,-113.32,17,-114.11,16,-114.83,18,-116.91,41,-117.21,5600.00,6404.11,1.50,3,43,0.15,NLOS,108.13,14.98,-102.89,-75.11,-3.52,36.73,0,50,-102.31,37,-103.68,36,-111.64,49,-114.08,38,-117.69,42,-118.39,4592.93,4100.00,1.50,2,34,0.05,LOS,93.38,-0.35,-72.82,-45.04,26.88,50.53,0,27,-102.14,28,-105.04,35,-110.08,41,-114.42,21,-114.79,13,-120.06
29,7320.76,5100.00,1.50,2,55,0.06,NLOS,118.55,2.74,-101.07,-73.29,0.64,33.51,0,54,-102.55,60,-110.50,62,-112.81,50,-113.65,56,-115.46,63,-116.59,7800.00,4066.68,1.50,3,60,0.12,LOS,85.21,-5.44,-59.56,-31.78,42.82,52.00,0,53,-104.52,54,-109.09,47,-111.98,55,-112.32,67,-113.97,61,-116.33,3400.00,5933.79,1.50,1,23,0.27,NLOS,101.24,7.32,-88.34,-60.56,16.57,28.05,0,24,-107.19,29,-113.39,17,-114.02,16,-114.93,18,-116.82,41,-117.24,5600.00,6393.91,1.50,3,43,0.16,NLOS,107.61,14.98,-102.37,-74.59,-2.93,36.73,0,50,-102.37,37,-103.80,36,-111.49,49,-113.99,38,-117.81,42,-118.22,4578.89,4100.00,1.50,2,34,0.04,LOS,93.97,-0.35,-73.40,-45.62,26.07,50.53,0,27,-101.84,28,-104.80,35,-110.18,21,-114.57,41,-114.60,13,-119.97
30,7311.45,5100.00,1.50,2,55,0.06,NLOS,118.46,1.38,-99.63,-71.85,9.15,33.51,0,47,-108.96,61,-112.90,54,-113.56,53,-114.52,48,-119.32,62,-119.43,7800.00,4052.24,1.50,3,60,0.11,LOS,85.44,-2.73,-62.49,-34.70,44.40,52.00,0,46,-110.78,59,-110.84,54,-113.26,61,-113.99,65,-117.37,53,-118.31,3400.00,5941.58,1.50,1,23,0.26,NLOS,101.85,7.32,-88.94,-61.16,15.87,28.05,0,24,-107.03,29,-113.45,17,-113.93,16,-115.03,18,-116.74,41,-117.26,5600.00,6383.71,1.50,3,43,0.16,NLOS,107.11,14.98,-101.87,-74.09,-2.37,36.73,0,50,-102.43,37,-103.92,36,-111.35,49,-113.91,38,-117.92,42,-118.04,4564.86,4100.00,1.50,2,34,0.04,LOS,94.53,1.69,-76.00,-48.22,15.55,50.53,0,28,-91.83,27,-104.36,20,-110.07,42,-115.38,35,-115.63,33,-115.84
31,7302.14,5100.00,1.50,2,55,0.06,NLOS,118.39,1.38,-99.55,-71.77,9.29,33.51,0,47,-108.88,61,-113.12,54,-113.53,53,-114.52,48,-119.13,62,-119.53,7800.00,4037.79,1.50,3,60,0.11,LOS,85.69,-2.73,-62.74,-34.96,44.11,52.00,0,59,-110.54,46,-110.70,54,-113.49,61,-114.23,65,-117.24,53,-118.11,3400.00,5949.37,1.50,1,23,0.25,NLOS,102.47,7.32,-89.57,-61.79,15.16,28.05,0,24,-106.86,29,-113.52,17,-113.85,16,-115.13,18,-116.65,41,-117.29,5600.00,6373.50,1.50,3,43,0.17,NLOS,106.64,3.14,-89.56,-61.78,12.29,36.73,0,42,-105.02,44,-107.94,37,-111.30,36,-112.47,38,-113.06,49,-115.62,4550.82,4100.00,1.50,2,34,0.04,LOS,95.08,1.69,-76.55,-48.77,14.77,50.53,0,28,-91.59,27,-104.08,20,-109.93,42,-115.47,35,-115.74,33,-115.96
32,7292.84,5100.00,1.50,2,55,0.06,NLOS,118.32,1.38,-99.48,-71.70,9.42,33.51,0,47,-108.80,61,-113.34,54,-113.50,53,-114.52,48,-118.93,62,-119.63,7800.00,4023.35,1.50,3,60,0.10,LOS,85.97,-1.29,-64.46,-36.68,34.02,52.00,0,61,-102.50,59,-102.68,54,-110.06,66,-110.09,53,-111.56,67,-113.31,3400.00,5957.17,1.50,1,23,0.23,NLOS,103.10,-10.16,-72.72,-44.94,31.98,28.05,0,17,-106.72,11,-111.76,31,-113.24,24,-114.42,9,-114.55,16,-114.88,5600.00,6363.30,1.50,3,43,0.18,NLOS,106.21,3.14,-89.13,-61.35,12.68,36.73,0,42,-104.84,44,-108.15,37,-111.42,36,-112.33,38,-113.18,49,-115.54,4536.78,4100.00,1.50,2,34,0.04,LOS,95.61,-3.55,-71.84,-44.06,31.54,50.53,0,28,-104.16,32,-110.15,26,-114.15,35,-115.08,27,-116.63,21,-119.81
33,7283.53,5100.00,1.50,2,55,0.06,NLOS,118.27,-6.90,-91.15,-63.37,8.46,33.51,0,61,-100.99,54,-105.97,60,-116.41,62,-118.08,56,-118.54,68,-118.74,7800.00,4008.91,1.50,3,60,0.10,LOS,86.27,-1.29,-64.76,-36.97,33.70,52.00,0,59,-102.37,61,-102.74,66,-110.01,54,-110.28,53,-111.36,67,-113.42,3400.00,5964.96,1.50,1,23,0.22,NLOS,103.75,-10.16,-73.36,-45.58,31.28,28.05,0,17,-106.64,11,-111.72,31,-113.17,24,-114.26,9,-114.60,16,-114.98,5600.00,6353.10,1.50,3,43,0.18,NLOS,105.82,3.14,-88.74,-60.96,13.02,36.73,0,42,-104.66,44,-108.35,37,-111.55,36,-112.18,38,-113.29,49,-115.46,4522.75,4100.00,1.50,2,34,0.04,LOS,96.12,-3.55,-72.36,-44.57,30.84,50.53,0,28,-103.94,32,-110.19,26,-114.11,35,-115.19,27,-116.35,21,-119.58
34,7274.22,5100.00,1.50,2,55,0.06,NLOS,118.23,-6.90,-91.11,-63.33,8.66,33.51,0,61,-101.20,54,-105.96,60,-116.49,62,-118.18,56,-118.53,68,-118.84,7800.00,3994.46,1.50,3,60,0.09,LOS,86.58,-5.53,-60.83,-33.05,46.87,52.00,0,59,-111.87,61,-113.29,53,-114.49,62,-114.73,47,-115.14,55,-117.14,3400.00,5972.75,1.50,1,23,0.21,NLOS,104.39,-10.16,-74.01,-46.23,30.58,28.05,0,17,-106.55,11,-111.68,31,-113.10,24,-114.09,9,-114.64,16,-115.08,5600.00,6342.90,1.50,3,43,0.19,NLOS,105.49,-6.49,-78.78,-51.00,17.69,36.73,0,42,-97.21,44,-106.58,51,-111.47,37,-113.44,36,-113.90,50,-114.39,4508.71,4100.00,1.50,2,34,0.04,LOS,96.62,-8.01,-68.40,-40.62,31.00,50.53,0,27,-100.99,28,-106.09,33,-111.60,42,-114.67,26,-116.76,19,-117.71
35,7264.91,5100.00,1.50,2,55,0.06,NLOS,118.20,-6.90,-91.08,-63.30,8.83,33.51,0,61,-101.41,54,-105.95,60,-116.57,62,-118.28,56,-118.53,68,-118.94,7800.00,3980.02,1.50,3,60,0.09,LOS,86.91,-5.53,-61.16,-33.37,46.45,52.00,0,59,-111.55,61,-113.53,53,-114.30,62,-114.86,47,-115.16,55,-117.29,3400.00,5980.55,1.50,1,23,0.20,NLOS,105.03,-10.16,-74.65,-46.87,29.88,28.05,0,17,-106.47,11,-111.64,31,-113.02,24,-113.91,9,-114.68,16,-115.18,5600.00,6332.69,1.50,3,43,0.19,NLOS,105.22,-6.49,-78.51,-50.73,17.82,36.73,0,42,-97.03,44,-106.78,51,-111.56,37,-113.58,36,-113.76,50,-114.46,4494.67,4100.00,1.50,2,34,0.04,LOS,97.11,-8.01,-68.88,-41.10,30.30,50.53,0,27,-100.72,28,-105.88,33,-111.72,42,-114.76,26,-116.73,19,-117.65
36,7255.60,5100.00,1.50,2,55,0.06,NLOS,118.18,4.47,-102.44,-74.66,-4.51,33.51,0,61,-99.94,48,-106.57,54,-107.24,56,-107.91,68,-112.80,60,-113.90,7800.00,3965.57,1.50,3,60,0.08,LOS,87.24,-3.70,-63.32,-35.54,41.09,52.00,0,59,-108.31,53,-111.19,54,-111.25,55,-113.69,61,-115.41,66,-117.16,3400.00,5988.34,1.50,1,23,0.19,NLOS,105.67,-4.74,-80.72,-52.93,24.20,28.05,0,24,-109.87,16,-111.34,17,-111.77,30,-112.14,10,-118.00,29,-119.14,5600.00,6322.49,1.50,3,43,0.20,NLOS,105.01,-6.49,-78.30,-50.52,17.89,36.73,0,42,-96.84,44,-106.98,51,-111.65,36,-113.62,37,-113.71,50,-114.54,4480.64,4100.00,1.50,2,34,0.03,LOS,97.58,-3.25,-74.12,-46.33,29.77,50.53,0,28,-108.34,26,-109.73,27,-110.37,35,-110.84,33,-111.59,22,-112.21
37,7246.30,5100.00,1.50,2,55,0.06,NLOS,118.18,4.47,-102.44,-74.66,-4.41,33.51,0,61,-100.14,48,-106.37,54,-107.24,56,-107.91,68,-112.90,60,-113.98,7800.00,3951.13,1.50,3,60,0.08,LOS,87.58,-3.70,-63.66,-35.88,40.64,52.00,0,59,-107.98,53,-111.01,54,-111.47,55,-113.84,61,-115.63,66,-117.10,3400.00,5996.13,1.50,1,23,0.18,NLOS,106.30,-4.74,-81.35,-53.56,23.52,28.05,0,24,-109.69,16,-111.44,17,-111.69,30,-112.09,10,-118.00,29,-119.21,5600.00,6312.29,1.50,3,43,0.20,NLOS,104.87,-4.59,-80.07,-52.29,22.94,36.73,0,44,-107.59,36,-109.97,49,-110.52,37,-111.63,42,-112.07,29,-114.68,4466.60,4100.00,1.50,2,34,0.03,LOS,98.04,-3.25,-74.58,-46.79,29.23,50.53,0,28,-108.15,26,-109.69,27,-110.12,35,-110.95,33,-111.72,22,-112.08
38,7236.99,5100.00,1.50,2,55,0.06,NLOS,118.19,4.47,-102.45,-74.67,-4.33,33.51,0,61,-100.35,48,-106.16,54,-107.24,56,-107.91,68,-113.00,60,-114.06,7800.00,3936.69,1.50,3,60,0.07,LOS,87.92,-10.86,-56.84,-29.06,42.59,52.00,0,59,-100.07,53,-109.81,54,-116.94,66,-118.32,58,-120.16,65,-120.18,3400.00,6003.92,1.50,1,23,0.17,NLOS,106.92,-4.74,-81.97,-54.19,22.83,28.05,0,24,-109.52,16,-111.54,17,-111.61,30,-112.04,10,-118.01,29,-119.28,5600.00,6302.08,1.50,3,43,0.20,NLOS,104.81,-4.59,-80.01,-52.22,23.02,36.73,0,44,-107.79,36,-109.84,49,-110.45,37,-111.77,42,-111.88,29,-114.62,4452.56,4100.00,1.50,2,34,0.03,LOS,98.49,-5.30,-72.97,-45.19,20.01,50.53,0,28,-93.20,20,-105.00,27,-106.58,21,-116.44,29,-117.26,46,-117.31
39,7227.68,5100.00,1.50,2,54,0.03,NLOS,126.15,-7.20,-98.74,-70.96,5.07,33.51,1,55,-105.00,61,-112.92,60,-118.45,53,-118.47,56,-119.86,68,-119.94,7800.00,3922.24,1.50,3,60,0.07,LOS,88.27,-10.86,-57.18,-29.40,41.94,52.00,0,59,-99.73,53,-109.66,54,-117.16,66,-118.26,58,-120.00,65,-120.05,3400.00,6011.72,1.50,1,23,0.16,NLOS,107.53,-4.74,-82.58,-54.80,22.16,28.05,0,24,-109.34,17,-111.53,16,-111.64,30,-112.00,10,-118.02,29,-119.35,5608.12,6300.00,1.50,0,43,0.22,NLOS,103.89,-4.59,-79.08,-51.30,23.96,36.73,0,44,-107.80,36,-109.96,49,-110.31,42,-111.81,37,-111.95,29,-114.68,4438.52,4100.00,1.50,2,34,0.03,LOS,98.93,-5.30,-73.40,-45.62,19.39,50.53,0,28,-93.02,20,-104.86,27,-106.34,21,-116.18,29,-117.24,46,-117.41
40,7218.37,5100.00,1.50,2,54,0.03,NLOS,126.17,-7.20,-98.75,-70.97,5.10,33.51,0,55,-105.04,61,-113.12,53,-118.47,60,-118.53,56,-119.86,68,-120.04,7800.00,3907.80,1.50,3,60,0.07,LOS,88.61,-1.57,-66.82,-39.03,35.72,52.00,0,65,-104.69,67,-105.57,59,-109.78,53,-110.37,66,-115.67,54,-115.79,3400.00,6019.51,1.50,1,23,0.15,NLOS,108.13,0.20,-88.12,-60.34,19.85,28.05,0,31,-110.68,22,-113.08,16,-113.35,17,-114.35,37,-116.62,25,-117.52,5618.32,6300.00,1.50,0,43,0.24,NLOS,102.66,-4.12,-78.32,-50.53,27.22,36.73,0,36,-108.00,31,-110.60,50,-115.40,44,-115.62,49,-115.96,29,-116.59,4424.49,4100.00,1.50,2,34,0.03,LOS,99.35,5.94,-85.07,-57.29,15.45,50.53,0,28,-104.05,27,-104.27,33,-113.02,40,-113.34,21,-115.22,35,-117.93
41,7209.06,5100.00,1.50,2,54,0.03,NLOS,126.19,-7.20,-98.77,-70.99,5.14,33.51,0,55,-105.09,61,-113.32,53,-118.47,60,-118.61,56,-119.86,68,-120.13,7793.36,3900.00,1.50,2,60,0.06,LOS,88.92,-1.57,-67.13,-39.35,35.42,52.00,0,65,-104.67,67,-105.72,59,-109.65,53,-110.11,66,-115.76,54,-115.83,3400.00,6027.30,1.50,1,23,0.14,NLOS,108.72,0.20,-88.71,-60.93,19.30,28.05,0,31,-110.61,22,-113.21,16,-113.45,17,-114.27,37,-116.59,25,-117.44,5628.53,6300.00,1.50,0,43,0.27,NLOS,101.33,-4.12,-76.99,-49.21,28.63,36.73,0,36,-108.18,31,-110.69,50,-115.24,44,-115.59,49,-115.80,29,-116.68,4410.45,4100.00,1.50,2,34,0.03,LOS,99.77,5.94,-85.49,-57.71,14.89,50.53,0,28,-103.89,27,-104.06,33,-113.15,40,-113.50,21,-114.96,35,-118.05
42,7200.00,5099.76,1.50,3,54,0.03,NLOS,126.20,-7.53,-98.45,-70.67,-0.08,33.51,0,55,-99.11,61,-107.94,60,-115.52,63,-116.11,48,-116.53,42,-117.48,7778.91,3900.00,1.50,2,60,0.06,LOS,89.26,-1.57,-67.47,-39.69,35.11,52.00,0,65,-104.79,67,-105.89,53,-109.71,59,-109.77,54,-115.65,66,-116.00,3400.00,6035.10,1.50,1,23,0.13,NLOS,109.30,0.20,-89.28,-61.50,18.75,28.05,0,31,-110.53,22,-113.34,16,-113.55,17,-114.20,37,-116.56,25,-117.36,5638.73,6300.00,1.50,0,43,0.31,NLOS,99.90,-4.12,-75.56,-47.78,30.13,36.73,0,36,-108.37,31,-110.78,50,-115.08,44,-115.57,49,-115.64,29,-116.77,4396.41,4100.00,1.50,2,34,0.03,LOS,100.18,-0.68,-79.28,-51.49,26.04,50.53,0,20,-106.69,27,-107.74,35,-112.76,28,-113.88,21,-117.67,41,-118.24
43,7200.00,5090.45,1.50,3,54,0.03,NLOS,125.91,-7.53,-98.16,-70.38,0.59,33.51,0,55,-99.57,61,-107.91,60,-115.43,63,-116.19,48,-116.50,42,-117.50,7764.47,3900.00,1.50,2,60,0.06,LOS,89.80,-1.27,-68.31,-40.53,39.04,52.00,0,53,-110.57,65,-111.48,61,-112.95,48,-114.62,55,-116.05,66,-116.45,3400.00,6042.89,1.50,1,23,0.12,NLOS,109.87,0.20,-89.85,-62.07,18.22,28.05,0,31,-110.46,22,-113.46,16,-113.66,17,-114.13,37,-116.53,25,-117.27,5648.93,6300.00,1.50,0,43,0.34,NLOS,98.35,0.87,-79.00,-51.22,24.45,36.73,0,49,-108.30,57,-108.75,50,-110.46,36,-111.23,42,-111.41,29,-113.56,4382.38,4100.00,1.50,2,34,0.03,LOS,100.57,-0.68,-79.67,-51.89,25.55,50.53,0,20,-106.55,27,-107.55,35,-112.89,28,-113.74,21,-117.40,41,-118.40
44,7200.00,5081.14,1.50,3,54,0.04,NLOS,125.61,-7.53,-97.86,-70.08,1.25,33.51,0,55,-100.01,61,-107.89,60,-115.33,63,-116.26,48,-116.48,42,-117.52,7750.02,3900.00,1.50,2,60,0.06,LOS,90.33,-1.27,-68.84,-41.06,38.34,52.00,0,53,-110.15,65,-111.59,61,-113.00,48,-114.51,55,-116.00,66,-116.68,3400.00,6050.68,1.50,1,23,0.12,NLOS,110.42,-1.06,-89.14,-61.36,11.08,28.05,0,22,-103.46,24,-105.32,16,-108.46,18,-108.67,15,-113.79,17,-114.32,5659.13,6300.00,1.50,0,43,0.39,NLOS,96.65,0.87,-77.30,-49.52,26.10,36.73,0,49,-108.13,57,-108.66,50,-110.30,42,-111.39,36,-111.41,29,-113.65,4368.34,4100.00,1.50,2,34,0.03,LOS,100.96,5.07,-85.81,-58.03,1.15,50.53,0,27,-88.57,28,-92.09,22,-110.02,40,-115.78,30,-116.18,42,-120.26
45,7200.00,5071.83,1.50,3,54,0.04,NLOS,125.30,-5.88,-99.20,-71.42,-3.12,33.51,0,55,-96.47,48,-107.81,49,-109.89,44,-114.45,61,-115.44,62,-116.54,7735.58,3900.00,1.50,2,60,0.05,LOS,90.86,-2.99,-67.65,-39.87,32.35,52.00,0,67,-101.88,53,-105.23,65,-114.65,59,-116.31,52,-117.70,68,-119.11,3400.00,6058.48,1.50,1,23,0.11,NLOS,110.96,-1.06,-89.68,-61.90,10.55,28.05,0,22,-103.58,24,-105.13,16,-108.57,18,-108.58,15,-113.87,17,-114.25,5669.34,6300.00,1.50,0,43,0.44,NLOS,94.77,0.87,-75.42,-47.64,27.93,36.73,0,49,-107.97,57,-108.58,50,-110.13,42,-111.37,36,-111.60,29,-113.74,4354.30,4100.00,1.50,2,34,0.03,LOS,101.34,5.07,-86.19,-58.41,0.63,50.53,0,27,-88.42,28,-91.97,22,-109.88,40,-115.94,30,-116.17,20,-120.16
46,7200.00,5062.52,1.50,3,54,0.04,NLOS,124.99,-5.88,-98.89,-71.11,-2.42,33.51,0,55,-96.89,48,-107.79,49,-110.00,44,-114.50,61,-115.42,62,-116.64,7721.14,3900.00,1.50,2,60,0.05,LOS,91.39,-2.99,-68.18,-40.40,31.79,52.00,0,67,-102.05,53,-104.79,65,-114.77,59,-116.45,52,-117.61,54,-119.00,3400.00,6066.27,1.50,1,23,0.11,NLOS,111.49,-1.06,-90.21,-62.43,10.02,28.05,0,22,-103.70,24,-104.94,18,-108.49,16,-108.67,15,-113.94,17,-114.19,5679.54,6300.00,1.50,0,43,0.50,NLOS,92.67,8.30,-80.76,-52.97,22.27,36.73,0,44,-105.85,29,-108.15,49,-109.81,42,-112.79,36,-113.75,37,-116.92,4340.27,4100.00,1.50,2,34,0.03,LOS,101.72,-0.79,-80.70,-52.92,13.46,50.53,0,27,-96.31,28,-98.44,21,-103.29,22,-104.49,20,-112.13,35,-114.29
47,7200.00,5053.22,1.50,3,54,0.04,NLOS,124.67,-5.88,-98.57,-70.79,-1.73,33.51,0,55,-97.30,48,-107.77,49,-110.11,44,-114.55,61,-115.41,41,-116.72,7706.69,3900.00,1.50,2,60,0.05,LOS,91.91,4.96,-76.65,-48.87,23.42,52.00,0,53,-102.27,61,-107.56,59,-108.63,66,-113.94,54,-115.98,47,-118.08,3400.00,6074.06,1.50,1,23,0.10,NLOS,112.01,-1.06,-90.73,-62.95,9.50,28.05,0,22,-103.83,24,-104.74,18,-108.40,16,-108.77,15,-114.01,17,-114.12,5689.74,6300.00,1.50,0,43,0.57,NLOS,90.33,8.30,-78.41,-50.63,24.59,36.73,0,44,-105.84,29,-108.24,49,-109.65,42,-112.78,36,-113.93,37,-117.10,4326.23,4100.00,1.50,2,34,0.03,LOS,102.08,-0.79,-81.07,-53.29,13.00,50.53,0,27,-96.20,28,-98.35,21,-103.01,22,-104.36,20,-111.98,35,-114.41
48,7200.00,5043.91,1.50,3,54,0.04,NLOS,124.35,-6.62,-97.51,-69.73,-0.16,33.51,0,55,-98.69,48,-104.06,62,-111.32,61,-112.50,47,-115.81,43,-117.94,7692.25,3900.00,1.50,2,60,0.05,LOS,92.43,4.96,-77.17,-49.39,22.66,52.00,0,53,-101.82,61,-107.61,59,-108.78,66,-114.17,54,-115.81,47,-117.88,3400.00,6081.85,1.50,1,23,0.10,NLOS,112.51,-5.12,-87.18,-59.40,16.67,28.05,0,17,-108.70,16,-109.06,24,-109.21,15,-112.00,29,-116.24,11,-116.69,5699.95,6300.00,1.50,0,43,0.65,NLOS,87.67,8.30,-75.75,-47.97,27.22,36.73,0,44,-105.82,29,-108.32,49,-109.48,42,-112.77,36,-114.11,37,-117.28,4312.19,4100.00,1.50,2,34,0.03,LOS,102.44,4.90,-87.12,-59.34,12.22,50.53,0,28,-100.85,27,-105.73,21,-109.27,26,-110.96,40,-113.47,33,-117.49
49,7200.00,5034.60,1.50,3,54,0.04,NLOS,124.02,-6.62,-97.18,-69.40,0.45,33.51,0,55,-99.09,48,-104.05,62,-111.42,61,-112.49,47,-115.70,43,-118.00,7677.80,3900.00,1.50,2,60,0.05,LOS,92.94,-7.00,-65.72,-37.94,36.18,52.00,0,53,-103.20,59,-108.89,52,-113.35,47,-115.23,62,-116.49,66,-119.04,3400.00,6089.65,1.50,1,23,0.09,NLOS,113.00,-5.12,-87.67,-59.89,16.13,28.05,0,17,-108.64,24,-109.01,16,-109.16,15,-112.08,29,-116.31,11,-116.65,5710.15,6300.00,1.50,0,43,0.74,NLOS,84.64,3.46,-67.88,-40.10,35.12,36.73,0,49,-107.26,35,-108.59,44,-109.93,37,-110.64,56,-111.46,50,-112.25,4298.16,4100.00,1.50,2,34,0.03,LOS,102.79,4.90,-87.47,-59.69,11.82,50.53,0,28,-100.79,27,-105.65,21,-108.98,26,-110.95,40,-113.62,33,-117.64
50,7200.00,5025.29,1.50,3,54,0.04,NLOS,123.68,-6.62,-96.85,-69.06,1.05,33.51,0,55,-99.47,48,-104.04,62,-111.52,61,-112.48,47,-115.59,43,-118.05,7663.36,3900.00,1.50,2,60,0.05,LOS,93.45,-7.00,-66.23,-38.45,35.35,52.00,0,53,-102.73,59,-109.05,52,-113.27,47,-115.03,62,-116.51,54,-118.95,3400.00,6097.44,1.50,1,23,0.09,NLOS,113.49,-5.12,-88.15,-60.37,15.60,28.05,0,17,-108.58,24,-108.81,16,-109.26,15,-112.15,29,-116.39,11,-116.61,5720.35,6300.00,1.50,0,43,0.85,NLOS,81.23,3.46,-64.47,-36.68,38.49,36.73,0,49,-107.09,35,-108.64,44,-109.92,37,-110.82,56,-111.35,50,-112.08,4284.12,4100.00,1.50,2,34,0.03,LOS,103.13,-0.27,-82.64,-54.86,12.55,50.53,0,28,-95.55,27,-107.28,20,-110.17,13,-110.25,29,-112.86,22,-114.53
51,7200.00,5015.98,1.50,3,54,0.04,NLOS,123.34,-3.36,-99.76,-71.98,6.64,33.51,0,61,-108.07,55,-113.42,62,-116.33,49,-116.65,48,-120.81,47,-121.30,7648.92,3900.00,1.50,2,60,0.04,LOS,93.94,-5.17,-68.55,-40.77,23.78,52.00,0,53,-92.90,66,-102.36,59,-109.87,61,-117.96,47,-118.40,54,-118.93,3405.23,6100.00,1.50,0,23,0.09,NLOS,113.51,-5.12,-88.18,-60.39,15.61,28.05,0,17,-108.68,24,-108.72,16,-109.36,15,-112.20,29,-116.35,11,-116.66,5730.55,6300.00,1.50,0,43,0.98,NLOS,77.58,3.46,-60.81,-33.03,42.09,36.73,0,49,-106.92,35,-108.70,44,-109.92,37,-111.00,56,-111.23,50,-111.91,4270.08,4100.00,1.50,2,34,0.02,LOS,103.47,-0.27,-82.98,-55.20,12.18,50.53,0,28,-95.52,27,-107.24,20,-110.03,13,-110.16,29,-112.86,22,-114.40
52,7200.00,5006.68,1.50,3,54,0.04,NLOS,122.99,-3.36,-99.41,-71.63,7.06,33.51,0,61,-108.06,55,-113.79,62,-116.43,49,-116.76,48,-120.81,47,-121.19,7634.47,3900.00,1.50,2,60,0.04,LOS,94.43,-5.17,-69.04,-41.26,22.87,52.00,0,53,-92.41,66,-102.58,59,-110.03,61,-118.03,47,-118.19,54,-118.77,3413.03,6100.00,1.50,0,24,0.03,NLOS,129.18,-6.96,-102.01,-74.23,1.90,28.05,1,30,-110.01,23,-110.65,18,-111.69,25,-112.71,17,-112.75,31,-113.90,5740.76,6300.00,1.50,0,43,1.00,NLOS,74.55,0.23,-54.57,-26.79,43.89,36.73,0,44,-99.85,37,-106.16,36,-111.94,42,-114.14,57,-115.16,50,-116.45,4256.05,4100.00,1.50,2,34,0.02,LOS,103.80,-1.26,-82.31,-54.53,13.42,50.53,0,27,-97.86,28,-101.43,21,-101.78,33,-106.64,14,-109.67,35,-110.73
53,7200.00,4997.37,1.50,3,54,0.04,NLOS,122.63,-3.36,-99.05,-71.27,7.47,33.51,0,61,-108.06,55,-114.15,62,-116.52,49,-116.87,48,-120.81,47,-121.08,7620.03,3900.00,1.50,2,60,0.04,LOS,94.91,1.90,-76.59,-48.81,20.95,52.00,0,53,-97.89,54,-112.62,59,-112.94,61,-116.55,52,-119.70,65,-120.07,3420.82,6100.00,1.50,0,24,0.03,NLOS,129.16,-6.96,-101.98,-74.20,1.88,28.05,0,30,-109.86,23,-110.47,18,-111.75,25,-112.71,17,-112.93,31,-113.84,5750.96,6300.00,1.50,0,43,1.00,NLOS,74.55,0.23,-54.57,-26.79,43.92,36.73,0,44,-99.84,37,-106.33,36,-112.11,42,-114.14,57,-115.08,50,-116.28,4242.01,4100.00,1.50,2,34,0.02,LOS,104.12,-1.26,-82.64,-54.86,13.12,50.53,0,27,-97.86,28,-101.44,21,-101.47,33,-106.78,14,-109.52,35,-110.86
54,7200.00,4988.06,1.50,3,55,0.04,NLOS,123.19,-8.39,-94.58,-66.80,5.01,33.51,1,54,-100.36,61,-110.84,48,-112.27,47,-115.84,68,-115.96,42,-116.07,7605.58,3900.00,1.50,2,60,0.04,LOS,95.39,1.90,-77.06,-49.28,19.99,52.00,0,53,-97.37,54,-112.46,59,-113.11,61,-116.62,52,-119.63,65,-120.19,3428.61,6100.00,1.50,0,24,0.03,NLOS,129.13,-6.96,-101.96,-74.18,1.85,28.05,0,30,-109.71,23,-110.31,18,-111.81,25,-112.70,17,-113.11,31,-113.78,5761.16,6300.00,1.50,0,43,1.00,NLOS,74.88,0.23,-54.90,-27.11,43.63,36.73,0,44,-99.85,37,-106.51,36,-112.29,42,-114.14,57,-114.99,50,-116.10,4227.97,4100.00,1.50,2,34,0.02,LOS,104.44,-6.42,-77.80,-50.02,18.68,50.53,0,28,-98.96,27,-100.18,21,-114.67,15,-116.46,14,-118.40,29,-120.65
55,7200.00,4978.75,1.50,3,55,0.04,NLOS,123.53,-8.39,-94.93,-67.15,4.35,33.51,0,54,-99.98,61,-110.84,48,-112.28,47,-115.72,68,-115.99,42,-116.10,7600.00,3900.00,1.50,1,60,0.04,LOS,95.57,1.90,-77.24,-49.46,19.63,0.00,0,53,-97.17,54,-112.41,59,-113.18,61,-116.64,52,-119.60,65,-120.23,3436.40,6100.00,1.50,0,24,0.03,NLOS,129.11,-6.96,-101.94,-74.16,1.82,28.05,0,30,-109.56,23,-110.16,18,-111.86,25,-112.70,17,-113.29,31,-113.72,5771.37,6300.00,1.50,0,43,0.95,NLOS,78.26,-6.06,-51.98,-24.20,53.31,36.73,0,44,-109.29,36,-110.64,50,-114.19,42,-116.24,41,-117.11,56,-117.44,4213.93,4100.00,1.50,2,34,0.02,LOS,104.75,-6.42,-78.11,-50.33,18.41,50.53,0,28,-99.00,27,-100.22,21,-114.34,15,-116.31,14,-118.25,29,-120.66
56,7200.00,4969.44,1.50,3,55,0.04,NLOS,123.87,-8.39,-95.27,-67.49,3.69,33.51,0,54,-99.60,61,-110.85,48,-112.29,47,-115.61,68,-116.02,42,-116.14,7600.00,3900.00,1.50,1,60,0.04,LOS,95.57,1.90,-77.24,-49.46,19.63,0.00,0,53,-97.17,54,-112.41,59,-113.18,61,-116.64,52,-119.60,65,-120.23,3444.20,6100.00,1.50,0,23,0.10,NLOS,112.70,-1.28,-91.20,-63.42,3.43,28.05,1,24,-95.03,30,-107.08,16,-112.70,17,-113.78,9,-120.34,14,-121.00,5781.57,6300.00,1.50,0,43,0.83,NLOS,81.90,-6.06,-55.62,-27.84,49.71,36.73,0,44,-109.30,36,-110.81,50,-114.01,42,-116.25,41,-117.11,56,-117.32,4200.10,4100.00,1.50,0,34,0.02,LOS,105.05,1.67,-86.50,-58.72,11.04,50.53,0,27,-100.57,28,-100.70,21,-108.11,32,-115.11,16,-117.09,40,-118.39
57,7200.00,4960.14,1.50,3,55,0.04,NLOS,124.20,2.03,-106.02,-78.24,-4.41,33.51,0,61,-105.12,54,-106.39,48,-108.83,41,-112.33,53,-112.78,42,-117.94,7600.00,3900.00,1.50,1,60,0.04,LOS,95.57,1.90,-77.24,-49.46,19.63,0.00,0,53,-97.17,54,-112.41,59,-113.18,61,-116.64,52,-119.60,65,-120.23,3451.99,6100.00,1.50,0,23,0.10,NLOS,112.58,-1.28,-91.08,-63.30,3.52,28.05,0,24,-95.01,30,-106.92,16,-112.80,17,-113.96,9,-120.40,14,-121.01,5791.77,6300.00,1.50,0,43,0.72,NLOS,85.24,-6.06,-58.96,-31.18,46.40,36.73,0,44,-109.30,36,-110.98,50,-113.84,42,-116.25,41,-117.11,56,-117.20,4214.14,4100.00,1.50,0,34,0.02,LOS,104.74,1.67,-86.19,-58.41,11.29,50.53,0,27,-100.50,28,-100.65,21,-108.45,32,-115.06,16,-117.18,40,-118.24
58,7200.00,4950.83,1.50,3,55,0.04,NLOS,124.53,2.03,-106.35,-78.57,-4.87,33.51,0,61,-105.13,54,-105.99,48,-108.85,41,-112.30,53,-112.65,42,-117.97,7600.00,3900.00,1.50,1,60,0.04,LOS,95.57,1.90,-77.24,-49.46,19.63,0.00,0,53,-97.17,54,-112.41,59,-113.18,61,-116.64,52,-119.60,65,-120.23,3459.78,6100.00,1.50,0,23,0.10,NLOS,112.48,-1.28,-90.98,-63.20,3.61,28.05,0,24,-95.00,30,-106.76,16,-112.90,17,-114.13,9,-120.46,14,-121.03,5800.00,6300.00,1.50,3,43,0.65,NLOS,87.65,4.64,-72.07,-44.29,26.59,0.00,0,36,-100.72,37,-105.27,42,-110.00,44,-112.32,50,-115.20,49,-116.45,4228.18,4100.00,1.50,0,34,0.02,LOS,104.43,-4.24,-79.97,-52.19,19.41,50.53,0,28,-101.18,27,-104.36,21,-105.64,15,-113.37,36,-117.14,26,-118.88
59,7200.00,4941.52,1.50,3,55,0.04,NLOS,124.85,2.03,-106.67,-78.89,-5.32,33.51,0,61,-105.14,54,-105.58,48,-108.86,41,-112.27,53,-112.53,42,-118.00,7600.00,3900.00,1.50,1,60,0.04,LOS,95.57,1.90,-77.24,-49.46,19.63,0.00,0,53,-97.17,54,-112.41,59,-113.18,61,-116.64,52,-119.60,65,-120.23,3467.58,6100.00,1.50,0,23,0.10,NLOS,112.39,-1.28,-90.90,-63.12,3.67,28.05,0,24,-94.99,30,-106.61,16,-113.00,17,-114.30,9,-120.51,14,-121.04,5800.00,6300.00,1.50,3,43,0.65,NLOS,87.65,4.64,-72.07,-44.29,26.59,0.00,0,36,-100.72,37,-105.27,42,-110.00,44,-112.32,50,-115.20,49,-116.45,4242.21,4100.00,1.50,0,34,0.02,LOS,104.11,-4.24,-79.66,-51.87,19.71,50.53,0,28,-101.17,27,-104.34,21,-105.97,15,-113.52,36,-117.09,35,-118.80
60,7200.00,4932.21,1.50,3,54,0.05,NLOS,119.90,5.52,-105.20,-77.42,-1.11,33.51,1,61,-106.75,55,-111.20,47,-112.35,42,-113.81,62,-113.84,60,-115.56,7600.00,3900.00,1.50,1,60,0.04,LOS,95.57,1.90,-77.24,-49.46,19.63,0.00,0,53,-97.17,54,-112.41,59,-113.18,61,-116.64,52,-119.60,65,-120.23,3475.37,6100.00,1.50,0,23,0.10,NLOS,112.33,-12.58,-79.52,-51.74,23.50,28.05,0,24,-106.90,16,-110.28,22,-110.92,30,-111.61,17,-115.20,28,-117.29,5800.00,6300.00,1.50,3,43,0.65,NLOS,87.65,4.64,-72.07,-44.29,26.59,0.00,0,36,-100.72,37,-105.27,42,-110.00,44,-112.32,50,-115.20,49,-116.45,4256.25,4100.00,1.50,0,34,0.02,LOS,103.79,0.35,-83.92,-56.14,9.22,50.53,0,27,-93.39,28,-106.01,47,-118.39,21,-120.58,29,-120.85,42,-122.67
61,7200.00,4922.90,1.50,3,54,0.05,NLOS,119.47,5.52,-104.77,-76.99,-0.64,33.51,0,61,-106.76,55,-111.51,47,-112.24,42,-113.85,62,-113.94,60,-115.46,7600.00,3900.00,1.50,1,60,0.04,LOS,95.57,1.90,-77.24,-49.46,19.63,0.00,0,53,-97.17,54,-112.41,59,-113.18,61,-116.64,52,-119.60,65,-120.23,3483.16,6100.00,1.50,0,23,0.10,NLOS,112.28,-12.58,-79.47,-51.69,23.54,28.05,0,24,-106.89,16,-110.38,22,-110.91,30,-111.44,17,-115.37,28,-117.25,5800.00,6300.00,1.50,3,43,0.65,NLOS,87.65,4.64,-72.07,-44.29,26.59,0.00,0,36,-100.72,37,-105.27,42,-110.00,44,-112.32,50,-115.20,49,-116.45,4270.29,4100.00,1.50,0,34,0.02,LOS,103.46,0.35,-83.59,-55.81,9.57,50.53,0,27,-93.41,28,-106.02,47,-118.29,29,-120.85,21,-120.89,42,-122.58
62,7200.00,4913.60,1.50,3,54,0.06,NLOS,119.03,5.52,-104.33,-76.55,-0.16,33.51,0,61,-106.78,55,-111.82,47,-112.12,42,-113.88,62,-114.04,60,-115.36,7600.00,3900.00,1.50,1,60,0.04,LOS,95.57,1.90,-77.24,-49.46,19.63,0.00,0,53,-97.17,54,-112.41,59,-113.18,61,-116.64,52,-119.60,65,-120.23,3490.96,6100.00,1.50,0,23,0.10,NLOS,112.25,-12.58,-79.44,-51.66,23.57,28.05,0,24,-106.89,16,-110.48,22,-110.91,30,-111.28,17,-115.54,28,-117.22,5800.00,6300.00,1.50,3,43,0.65,NLOS,87.65,4.64,-72.07,-44.29,26.59,0.00,0,36,-100.72,37,-105.27,42,-110.00,44,-112.32,50,-115.20,49,-116.45,4284.32,4100.00,1.50,0,34,0.03,LOS,103.12,-5.24,-77.67,-49.89,20.98,50.53,0,27,-99.24,28,-110.66,21,-111.41,35,-112.83,33,-116.78,16,-118.23
63,7200.00,4904.29,1.50,3,54,0.06,NLOS,118.58,-4.27,-94.10,-66.31,5.52,33.51,0,55,-100.11,63,-113.33,47,-113.83,48,-114.00,61,-115.91,50,-116.04,7600.00,3900.00,1.50,1,60,0.04,LOS,95.57,1.90,-77.24,-49.46,19.63,0.00,0,53,-97.17,54,-112.41,59,-113.18,61,-116.64,52,-119.60,65,-120.23,3498.75,6100.00,1.50,0,23,0.10,NLOS,112.23,-12.58,-79.43,-51.65,23.58,28.05,0,24,-106.88,16,-110.58,22,-110.91,30,-111.12,17,-115.70,28,-117.18,5800.00,6300.00,1.50,3,43,0.65,NLOS,87.65,4.64,-72.07,-44.29,26.59,0.00,0,36,-100.72,37,-105.27,42,-110.00,44,-112.32,50,-115.20,49,-116.45,4298.36,4100.00,1.50,0,34,0.03,LOS,102.78,-5.24,-77.33,-49.55,21.37,50.53,0,27,-99.30,28,-110.71,21,-111.71,35,-112.70,33,-116.63,16,-118.32
64,7200.00,4900.00,1.50,0,54,0.06,NLOS,118.37,-4.27,-93.88,-66.10,5.85,0.00,0,55,-100.25,63,-113.37,47,-113.78,48,-114.01,61,-115.92,50,-116.08,7600.00,3900.00,1.50,1,60,0.04,LOS,95.57,1.90,-77.24,-49.46,19.63,0.00,0,53,-97.17,54,-112.41,59,-113.18,61,-116.64,52,-119.60,65,-120.23,3506.54,6100.00,1.50,0,23,0.10,NLOS,112.24,-4.43,-87.59,-59.81,16.64,28.05,0,24,-108.15,22,-111.10,16,-111.86,28,-111.87,29,-114.55,17,-115.16,5800.00,6300.00,1.50,3,43,0.65,NLOS,87.65,4.64,-72.07,-44.29,26.59,0.00,0,36,-100.72,37,-105.27,42,-110.00,44,-112.32,50,-115.20,49,-116.45,4312.40,4100.00,1.50,0,34,0.03,LOS,102.43,1.03,-83.24,-55.46,10.79,50.53,0,27,-95.86,28,-98.85,21,-108.80,19,-112.86,9,-114.01,35,-114.40
65,7200.00,4900.00,1.50,0,54,0.06,NLOS,118.37,-4.27,-93.88,-66.10,5.85,0.00,0,55,-100.25,63,-113.37,47,-113.78,48,-114.01,61,-115.92,50,-116.08,7600.00,3907.22,1.50,1,60,0.04,LOS,95.43,-3.87,-71.34,-43.56,28.38,26.00,0,53,-101.50,54,-106.62,61,-111.29,59,-112.77,52,-113.02,48,-117.95,3514.33,6100.00,1.50,0,23,0.10,NLOS,112.26,-4.43,-87.62,-59.84,16.63,28.05,0,24,-108.16,22,-111.10,28,-111.84,16,-111.96,29,-114.45,17,-115.32,5800.00,6300.00,1.50,3,43,0.65,NLOS,87.65,4.64,-72.07,-44.29,26.59,0.00,0,36,-100.72,37,-105.27,42,-110.00,44,-112.32,50,-115.20,49,-116.45,4326.43,4100.00,1.50,0,34,0.03,LOS,102.07,1.03,-82.89,-55.11,11.24,50.53,0,27,-95.96,28,-98.92,21,-109.09,19,-112.92,9,-114.10,35,-114.28
66,7200.00,4900.00,1.50,0,54,0.06,NLOS,118.37,-4.27,-93.88,-66.10,5.85,0.00,0,55,-100.25,63,-113.37,47,-113.78,48,-114.01,61,-115.92,50,-116.08,7600.00,3921.67,1.50,1,60,0.04,LOS,95.17,-3.87,-71.08,-43.29,28.78,52.00,0,53,-101.81,54,-106.33,61,-111.09,59,-113.05,52,-113.22,48,-117.83,3522.13,6100.00,1.50,0,23,0.10,NLOS,112.31,-4.43,-87.66,-59.88,16.61,28.05,0,24,-108.16,22,-111.10,28,-111.80,16,-112.06,29,-114.36,17,-115.48,5800.00,6300.00,1.50,3,43,0.65,NLOS,87.65,4.64,-72.07,-44.29,26.59,0.00,0,36,-100.72,37,-105.27,42,-110.00,44,-112.32,50,-115.20,49,-116.45,4340.47,4100.00,1.50,0,34,0.03,LOS,101.71,7.44,-88.93,-61.15,9.51,50.53,0,27,-100.18,28,-104.14,26,-112.54,33,-112.74,22,-113.34,21,-114.69
67,7200.00,4900.00,1.50,0,54,0.06,NLOS,118.37,-4.27,-93.88,-66.10,5.85,0.00,0,55,-100.25,63,-113.37,47,-113.78,48,-114.01,61,-115.92,50,-116.08,7600.00,3936.11,1.50,1,60,0.04,LOS,94.91,-2.75,-71.94,-44.16,21.21,52.00,0,53,-93.21,58,-114.20,59,-115.19,48,-115.66,41,-116.43,66,-116.46,3529.92,6100.00,1.50,0,23,0.10,NLOS,112.37,-4.43,-87.72,-59.94,16.56,28.05,0,24,-108.17,22,-111.10,28,-111.77,16,-112.16,29,-114.26,18,-115.56,5800.00,6300.00,1.50,3,43,0.65,NLOS,87.65,4.64,-72.07,-44.29,26.59,0.00,0,36,-100.72,37,-105.27,42,-110.00,44,-112.32,50,-115.20,49,-116.45,4354.51,4100.00,1.50,0,34,0.03,LOS,101.34,7.44,-88.56,-60.78,9.99,50.53,0,27,-100.31,28,-104.24,26,-112.55,33,-112.60,22,-113.47,21,-114.97
68,7200.00,4900.00,1.50,0,54,0.06,NLOS,118.37,-4.27,-93.88,-66.10,5.85,0.00,0,55,-100.25,63,-113.37,47,-113.78,48,-114.01,61,-115.92,50,-116.08,7600.00,3950.55,1.50,1,60,0.04,LOS,94.67,-2.75,-71.70,-43.92,21.77,52.00,0,53,-93.54,58,-114.35,59,-115.46,48,-115.55,41,-116.39,66,-116.51,3537.71,6100.00,1.50,0,23,0.10,NLOS,112.45,-4.97,-87.26,-59.48,10.15,28.05,0,24,-98.85,29,-105.00,17,-109.99,22,-113.66,18,-114.07,16,-115.02,5800.00,6294.90,1.50,3,43,0.65,NLOS,87.70,4.64,-72.12,-44.34,26.52,18.37,0,36,-100.67,37,-105.31,42,-109.90,44,-112.42,50,-115.26,49,-116.39,4368.54,4100.00,1.50,0,34,0.03,LOS,100.96,3.49,-84.23,-56.45,11.21,50.53,0,27,-95.77,28,-108.91,29,-112.39,33,-113.82,21,-114.91,40,-115.67
69,7200.00,4900.00,1.50,0,54,0.06,NLOS,118.37,-4.27,-93.88,-66.10,5.85,0.00,0,55,-100.25,63,-113.37,47,-113.78,48,-114.01,61,-115.92,50,-116.08,7600.00,3965.00,1.50,1,60,0.04,LOS,94.44,2.49,-76.71,-48.93,27.23,52.00,0,53,-107.68,54,-109.10,55,-111.87,59,-112.41,66,-114.93,61,-119.12,3545.51,6100.00,1.50,0,23,0.10,NLOS,112.54,-4.97,-87.36,-59.58,10.05,28.05,0,24,-98.86,29,-104.90,17,-110.15,22,-113.66,18,-114.13,16,-115.11,5800.00,6284.70,1.50,3,43,0.63,NLOS,88.20,4.64,-72.62,-44.84,25.97,36.73,0,36,-100.58,37,-105.40,42,-109.70,44,-112.61,50,-115.37,49,-116.28,4382.58,4100.00,1.50,0,34,0.03,LOS,100.57,3.49,-83.84,-56.06,11.76,50.53,0,27,-95.94,28,-109.03,29,-112.41,33,-113.69,21,-115.18,40,-115.51
70,7200.00,4900.00,1.50,0,54,0.06,NLOS,118.37,-4.27,-93.88,-66.10,5.85,0.00,0,55,-100.25,63,-113.37,47,-113.78,48,-114.01,61,-115.92,50,-116.08,7600.00,3979.44,1.50,1,60,0.04,LOS,94.22,2.49,-76.49,-48.71,27.52,52.00,0,53,-108.02,54,-108.80,55,-111.72,59,-112.68,66,-114.98,61,-118.91,3553.30,6100.00,1.50,0,23,0.10,NLOS,112.66,-4.97,-87.47,-59.69,9.94,28.05,0,24,-98.88,29,-104.80,17,-110.31,22,-113.67,18,-114.19,16,-115.21,5800.00,6274.49,1.50,3,43,0.60,NLOS,89.18,-9.34,-59.62,-31.83,43.00,36.73,0,36,-106.92,42,-109.63,49,-109.73,37,-110.68,44,-116.78,50,-117.67,4396.62,4100.00,1.50,0,34,0.03,LOS,100.17,7.53,-87.48,-59.70,8.07,50.53,0,27,-97.04,28,-101.44,33,-111.20,21,-114.26,20,-116.93,29,-117.56
71,7200.00,4900.00,1.50,0,54,0.06,NLOS,118.37,-4.27,-93.88,-66.10,5.85,0.00,0,55,-100.25,63,-113.37,47,-113.78,48,-114.01,61,-115.92,50,-116.08,7600.00,3993.89,1.50,1,60,0.04,LOS,94.02,4.00,-77.80,-50.02,18.18,52.00,0,53,-97.97,54,-100.61,47,-112.18,59,-115.35,61,-118.70,46,-119.31,3561.09,6100.00,1.50,0,23,0.09,NLOS,112.79,-4.97,-87.60,-59.82,9.81,28.05,0,24,-98.89,29,-104.70,17,-110.46,22,-113.67,18,-114.24,16,-115.31,5800.00,6264.29,1.50,3,43,0.56,NLOS,90.48,-9.34,-60.92,-33.13,41.63,36.73,0,36,-106.83,42,-109.42,49,-109.62,37,-110.78,44,-116.98,50,-117.78,4400.00,4089.34,1.50,3,34,0.03,LOS,100.09,7.53,-87.41,-59.62,7.98,50.53,0,27,-96.69,28,-101.82,33,-111.02,21,-114.33,20,-116.86,29,-117.69
72,7200.00,4900.00,1.50,0,54,0.06,NLOS,118.37,-4.27,-93.88,-66.10,5.85,0.00,0,55,-100.25,63,-113.37,47,-113.78,48,-114.01,61,-115.92,50,-116.08,7600.00,4008.33,1.50,1,60,0.04,LOS,93.83,4.00,-77.62,-49.83,18.47,52.00,0,53,-98.31,54,-100.30,47,-112.15,59,-115.60,61,-118.49,46,-119.41,3568.89,6100.00,1.50,0,23,0.09,NLOS,112.93,-16.58,-76.14,-48.35,28.04,28.05,0,30,-105.41,18,-110.72,22,-114.77,24,-114.92,5,-116.50,29,-117.84,5800.00,6254.09,1.50,3,43,0.52,NLOS,91.96,-9.34,-62.40,-34.62,40.08,36.73,0,36,-106.75,42,-109.21,49,-109.52,37,-110.87,44,-117.17,50,-117.90,4400.00,4075.31,1.50,3,34,0.03,LOS,100.13,-3.70,-76.21,-48.42,11.21,50.53,0,27,-87.67,28,-99.97,21,-113.16,33,-118.50,26,-118.75,35,-118.91
73,7200.00,4900.00,1.50,0,54,0.06,NLOS,118.37,-4.27,-93.88,-66.10,5.85,0.00,0,55,-100.25,63,-113.37,47,-113.78,48,-114.01,61,-115.92,50,-116.08,7600.00,4022.77,1.50,1,60,0.04,LOS,93.66,-5.07,-68.38,-40.59,30.34,52.00,0,53,-102.12,54,-103.21,66,-106.93,59,-114.32,47,-114.88,46,-115.29,3576.68,6100.00,1.50,0,23,0.09,NLOS,113.09,-16.58,-76.30,-48.51,27.75,28.05,0,30,-105.23,18,-110.78,22,-114.78,24,-114.94,5,-116.54,29,-117.74,5800.00,6243.88,1.50,3,43,0.47,NLOS,93.52,6.69,-79.99,-52.21,28.78,36.73,0,37,-112.13,56,-114.00,50,-116.13,30,-117.62,42,-118.57,36,-119.89,4400.00,4061.27,1.50,3,34,0.03,LOS,100.17,-3.70,-76.25,-48.47,10.66,50.53,0,27,-87.12,28,-100.41,21,-113.18,33,-118.31,26,-118.56,35,-119.09
74,7204.65,4900.00,1.50,0,54,0.06,NLOS,118.34,-4.27,-93.85,-66.07,5.87,16.75,0,55,-100.24,63,-113.35,47,-113.83,48,-114.12,61,-115.82,50,-116.09,7600.00,4037.22,1.50,1,60,0.05,LOS,93.51,-5.07,-68.22,-40.44,30.55,52.00,0,53,-102.47,54,-102.89,66,-106.98,59,-114.58,47,-114.86,46,-115.39,3584.47,6100.00,1.50,0,23,0.09,NLOS,113.26,-16.58,-76.47,-48.69,27.44,28.05,0,30,-105.05,18,-110.84,22,-114.79,24,-114.97,5,-116.59,29,-117.64,5800.00,6233.68,1.50,3,43,0.43,NLOS,95.08,6.69,-81.55,-53.77,27.26,36.73,0,37,-112.23,56,-114.00,50,-116.25,30,-117.63,42,-118.36,36,-119.81,4400.00,4047.23,1.50,3,34,0.03,LOS,100.23,-0.03,-79.98,-52.20,16.74,50.53,0,27,-96.99,21,-101.81,28,-110.11,29,-110.79,26,-118.82,53,-119.11
75,7213.96,4900.00,1.50,0,54,0.06,NLOS,118.28,-4.27,-93.79,-66.01,5.92,33.51,0,55,-100.21,63,-113.32,47,-113.93,48,-114.34,61,-115.62,50,-116.12,7600.00,4051.66,1.50,1,60,0.05,LOS,93.38,2.85,-76.01,-48.22,20.95,52.00,0,53,-97.16,65,-108.86,54,-112.88,47,-114.69,48,-115.91,61,-116.47,3592.26,6100.00,1.50,0,23,0.09,NLOS,113.45,-16.58,-76.65,-48.87,27.11,28.05,0,30,-104.86,18,-110.90,22,-114.80,24,-114.99,5,-116.64,29,-117.54,5800.00,6223.48,1.50,3,43,0.39,NLOS,96.60,6.69,-83.07,-55.29,25.77,36.73,0,37,-112.33,56,-114.01,50,-116.37,30,-117.63,42,-118.14,36,-119.73,4400.00,4033.20,1.50,3,34,0.03,LOS,100.29,-0.03,-80.04,-52.26,16.15,50.53,0,27,-96.41,21,-101.83,28,-110.53,29,-110.96,26,-118.63,53,-119.10
76,7223.27,4900.00,1.50,0,54,0.06,NLOS,118.23,-8.57,-89.45,-61.67,7.48,33.51,0,48,-98.02,55,-105.72,61,-107.96,56,-115.12,49,-117.37,53,-119.73,7600.00,4066.11,1.50,1,60,0.05,LOS,93.26,2.85,-75.89,-48.11,21.39,52.00,0,53,-97.51,65,-108.96,54,-112.55,47,-114.67,48,-115.80,61,-116.25,3600.00,6099.94,1.50,3,23,0.09,NLOS,113.64,-9.57,-83.85,-56.07,22.18,28.05,0,16,-109.19,31,-110.40,24,-112.82,29,-115.17,17,-117.68,30,-117.70,5800.00,6213.27,1.50,3,43,0.35,NLOS,98.06,-6.47,-71.37,-43.59,26.83,36.73,0,49,-99.44,44,-108.19,37,-108.28,47,-114.98,42,-115.68,50,-116.34,4400.00,4019.16,1.50,3,34,0.03,LOS,100.36,2.08,-82.22,-54.44,10.24,50.53,0,27,-92.64,41,-108.38,28,-115.06,33,-115.77,22,-119.54,23,-121.05
77,7232.58,4900.00,1.50,0,54,0.06,NLOS,118.20,-8.57,-89.42,-61.64,7.66,33.51,0,48,-98.23,55,-105.71,61,-107.75,56,-115.11,49,-117.45,53,-119.73,7600.00,4080.55,1.50,1,60,0.05,LOS,93.17,-7.68,-65.27,-37.49,34.35,52.00,0,53,-101.07,59,-109.64,54,-109.96,61,-111.56,52,-112.83,49,-116.61,3600.00,6092.15,1.50,3,23,0.09,NLOS,113.16,-9.57,-83.37,-55.59,22.65,28.05,0,16,-109.12,31,-110.49,24,-113.02,29,-115.07,17,-117.71,30,-117.76,5800.00,6203.07,1.50,3,43,0.32,NLOS,99.45,-6.47,-72.76,-44.98,25.39,36.73,0,49,-99.34,44,-108.37,37,-108.38,47,-114.91,42,-115.45,50,-116.46,4400.00,4005.12,1.50,3,34,0.03,LOS,100.44,2.08,-82.30,-54.52,9.57,50.53,0,27,-92.02,41,-108.44,28,-115.46,33,-115.58,22,-119.67,40,-121.07
78,7241.89,4900.00,1.50,0,54,0.06,NLOS,118.19,-8.57,-89.40,-61.62,7.81,33.51,0,48,-98.44,55,-105.70,61,-107.55,56,-115.11,49,-117.53,53,-119.73,7600.00,4094.99,1.50,1,60,0.05,LOS,93.10,-7.68,-65.20,-37.42,34.64,52.00,0,53,-101.42,54,-109.62,59,-109.88,61,-111.33,52,-113.01,49,-116.51,3600.00,6084.36,1.50,3,23,0.10,NLOS,112.67,-9.57,-82.88,-55.10,23.14,28.05,0,16,-109.04,31,-110.58,24,-113.22,29,-114.97,17,-117.75,30,-117.82,5800.00,6192.87,1.50,3,43,0.28,NLOS,100.77,-6.47,-74.08,-46.30,24.02,36.73,0,49,-99.25,37,-108.48,44,-108.54,47,-114.83,42,-115.23,35,-116.49,4400.00,3991.09,1.50,3,34,0.03,LOS,100.52,2.00,-82.31,-54.53,12.07,50.53,0,27,-95.09,28,-103.28,33,-111.82,21,-112.55,32,-115.42,26,-116.27
79,7251.19,4900.00,1.50,0,54,0.06,NLOS,118.18,6.62,-104.58,-76.80,-3.88,33.51,0,55,-101.70,61,-111.68,48,-113.32,47,-114.09,66,-116.68,49,-119.35,7600.00,4090.56,1.50,3,60,0.05,LOS,93.12,-7.68,-65.22,-37.44,34.55,52.00,0,53,-101.31,54,-109.73,59,-109.81,61,-111.40,52,-112.96,49,-116.54,3600.00,6076.56,1.50,3,23,0.10,NLOS,112.17,-9.57,-82.38,-54.60,23.63,28.05,0,16,-108.97,31,-110.67,24,-113.42,29,-114.87,17,-117.79,30,-117.88,5800.00,6182.67,1.50,3,43,0.26,NLOS,102.02,3.32,-85.12,-57.34,18.12,36.73,0,49,-104.81,50,-111.70,42,-114.59,48,-115.86,44,-116.67,30,-119.56,4400.00,3977.05,1.50,3,34,0.03,LOS,100.62,2.00,-82.40,-54.62,11.45,50.53,0,27,-94.44,28,-103.66,33,-111.63,21,-112.59,32,-115.29,26,-116.06
80,7260.50,4900.00,1.50,0,54,0.06,NLOS,118.19,6.62,-104.59,-76.81,-3.89,33.51,0,55,-101.71,61,-111.47,48,-113.52,47,-114.20,66,-116.62,49,-119.43,7600.00,4076.12,1.50,3,60,0.05,LOS,93.20,3.96,-76.94,-49.16,31.05,52.00,0,53,-110.56,52,-115.02,59,-116.60,55,-116.87,61,-117.46,68,-118.04,3600.00,6068.77,1.50,3,23,0.11,NLOS,111.66,-4.59,-86.85,-59.06,14.68,28.05,0,24,-102.40,31,-111.12,22,-112.45,17,-114.59,37,-115.70,10,-116.86,5800.00,6172.46,1.50,3,43,0.23,NLOS,103.20,3.32,-86.31,-58.52,16.88,36.73,0,49,-104.72,50,-111.82,42,-114.36,48,-115.76,44,-116.85,30,-119.57,4400.00,3963.01,1.50,3,34,0.03,LOS,100.72,-3.86,-76.65,-48.87,19.55,50.53,0,27,-96.42,21,-109.37,26,-112.55,33,-113.52,28,-114.56,20,-116.88
81,7269.81,4900.00,1.50,0,54,0.06,NLOS,118.21,6.62,-104.61,-76.83,-3.91,33.51,0,55,-101.71,61,-111.26,48,-113.73,47,-114.30,66,-116.56,62,-119.36,7600.00,4061.68,1.50,3,60,0.05,LOS,93.30,3.96,-77.04,-49.26,30.77,52.00,0,53,-110.21,52,-114.83,59,-116.36,55,-117.04,61,-117.68,68,-118.15,3600.00,6060.98,1.50,3,23,0.11,NLOS,111.13,-4.59,-86.32,-58.54,15.35,28.05,0,24,-102.59,31,-111.21,22,-112.32,17,-114.63,37,-115.74,10,-116.85,5800.00,6162.26,1.50,3,43,0.21,NLOS,104.32,3.32,-87.42,-59.64,15.70,36.73,0,49,-104.63,50,-111.94,42,-114.12,48,-115.65,44,-117.02,30,-119.58,4400.00,3948.98,1.50,3,34,0.03,LOS,100.83,-3.86,-76.76,-48.98,18.78,50.53,0,27,-95.73,21,-109.42,26,-112.35,33,-113.32,28,-114.92,20,-116.75
82,7279.12,4900.00,1.50,0,54,0.06,NLOS,118.24,-5.23,-92.80,-65.01,0.32,33.51,0,48,-94.83,55,-98.72,61,-108.42,60,-113.20,53,-114.40,47,-117.49,7600.00,4047.23,1.50,3,60,0.05,LOS,93.42,-0.94,-72.26,-44.48,28.25,52.00,0,54,-101.86,59,-107.05,47,-113.24,53,-117.34,61,-118.96,52,-119.69,3600.00,6053.19,1.50,3,23,0.12,NLOS,110.59,-4.59,-85.78,-58.00,16.03,28.05,0,24,-102.78,31,-111.30,22,-112.20,17,-114.67,37,-115.78,10,-116.84,5800.00,6152.06,1.50,3,43,0.19,NLOS,105.38,-0.33,-84.83,-57.04,18.02,36.73,0,49,-106.83,36,-108.68,44,-109.15,42,-115.79,55,-116.38,50,-118.80,4400.00,3934.94,1.50,3,34,0.03,LOS,100.95,2.36,-83.10,-55.32,4.22,50.53,0,27,-87.89,28,-96.53,15,-110.74,41,-113.59,21,-113.94,33,-116.27
83,7288.43,4900.00,1.50,0,54,0.06,NLOS,118.29,-5.23,-92.84,-65.06,0.40,33.51,0,48,-95.03,55,-98.74,61,-108.20,60,-113.09,53,-114.41,47,-117.59,7600.00,4032.79,1.50,3,60,0.04,LOS,93.56,-0.94,-72.40,-44.62,28.28,52.00,0,54,-102.18,59,-106.80,47,-113.26,53,-116.99,61,-119.17,52,-119.50,3600.00,6045.39,1.50,3,23,0.12,NLOS,110.04,-4.59,-85.23,-57.45,16.72,28.05,0,24,-102.97,31,-111.39,22,-112.08,17,-114.71,37,-115.82,29,-116.74,5800.00,6141.85,1.50,3,43,0.17,NLOS,106.38,-0.33,-85.83,-58.05,17.00,36.73,0,49,-106.75,36,-108.61,44,-109.32,42,-115.55,55,-116.33,50,-118.93,4400.00,3920.90,1.50,3,34,0.03,LOS,101.08,2.36,-83.22,-55.44,3.48,50.53,0,27,-87.16,28,-96.88,15,-110.79,41,-113.66,21,-113.99,33,-116.07
84,7297.73,4900.00,1.50,0,54,0.06,NLOS,118.35,-5.23,-92.90,-65.12,0.47,33.51,0,48,-95.23,55,-98.76,61,-107.99,60,-112.99,53,-114.41,47,-117.70,7600.00,4018.34,1.50,3,60,0.04,LOS,93.71,3.06,-76.56,-48.77,27.46,52.00,0,53,-108.78,54,-109.51,47,-109.86,66,-110.24,59,-115.53,46,-115.80,3600.00,6037.60,1.50,3,23,0.13,NLOS,109.48,-2.95,-86.31,-58.53,16.10,28.05,0,29,-104.08,30,-110.81,31,-111.88,16,-113.78,24,-115.51,34,-115.72,5800.00,6131.65,1.50,3,43,0.16,NLOS,107.34,-0.33,-86.79,-59.01,16.02,36.73,0,49,-106.67,36,-108.55,44,-109.49,42,-115.30,55,-116.28,50,-119.05,4400.00,3906.87,1.50,3,34,0.03,LOS,101.21,0.19,-81.18,-53.40,6.36,50.53,0,27,-87.88,28,-101.03,35,-104.46,33,-108.27,29,-110.08,21,-117.64
85,7307.04,4900.00,1.50,0,54,0.06,NLOS,118.42,3.65,-101.85,-74.07,-1.60,33.51,0,55,-101.23,61,-111.10,47,-114.64,48,-115.00,60,-115.47,62,-117.26,7600.00,4003.90,1.50,3,60,0.04,LOS,93.89,3.06,-76.73,-48.95,27.23,52.00,0,53,-108.44,54,-109.83,47,-109.89,66,-110.19,59,-115.27,46,-115.70,3600.00,6029.81,1.50,3,23,0.14,NLOS,108.91,-2.95,-85.74,-57.95,16.61,28.05,0,29,-103.98,30,-110.88,31,-111.97,16,-113.70,34,-115.68,24,-115.70,5800.00,6121.45,1.50,3,43,0.15,NLOS,108.25,-2.37,-85.66,-57.88,20.93,36.73,0,36,-110.64,44,-111.40,51,-116.36,50,-116.48,38,-117.23,37,-118.71,4400.00,3892.83,1.50,3,34,0.03,LOS,101.35,0.19,-81.32,-53.54,5.53,50.53,0,27,-87.12,28,-101.37,35,-104.63,33,-108.07,29,-110.23,21,-117.70
86,7316.35,4900.00,1.50,0,54,0.06,NLOS,118.51,3.65,-101.94,-74.16,-1.67,33.51,0,55,-101.27,61,-110.88,47,-114.74,48,-115.19,60,-115.37,62,-117.18,7600.00,3989.46,1.50,3,60,0.04,LOS,94.08,-3.61,-70.25,-42.47,32.24,52.00,0,54,-104.99,53,-109.48,61,-110.04,47,-112.75,52,-113.84,66,-117.93,3600.00,6022.01,1.50,3,23,0.14,NLOS,108.32,-2.95,-85.15,-57.37,17.14,28.05,0,29,-103.87,30,-110.95,31,-112.06,16,-113.63,34,-115.63,24,-115.88,5800.00,6111.24,1.50,3,43,0.13,NLOS,109.12,-2.37,-86.53,-58.75,20.09,36.73,0,36,-110.58,44,-111.56,51,-116.46,50,-116.60,38,-117.32,37,-118.82,4400.00,3878.79,1.50,3,34,0.03,LOS,101.49,2.22,-83.49,-55.71,8.26,50.53,0,27,-92.16,28,-104.40,33,-108.45,21,-109.44,35,-111.90,19,-114.70
87,7325.66,4900.00,1.50,0,54,0.06,NLOS,118.61,3.65,-102.04,-74.25,-1.75,33.51,0,55,-101.31,61,-110.65,47,-114.85,60,-115.27,48,-115.38,62,-117.10,7600.00,3975.01,1.50,3,60,0.04,LOS,94.29,-3.61,-70.46,-42.67,32.16,52.00,0,54,-105.30,53,-109.14,61,-110.25,47,-112.78,52,-113.64,66,-117.88,3600.00,6014.22,1.50,3,23,0.15,NLOS,107.73,-2.95,-84.55,-56.77,17.68,28.05,0,29,-103.77,30,-111.02,31,-112.15,16,-113.56,34,-115.59,24,-116.06,5800.00,6101.04,1.50,3,43,0.12,NLOS,109.95,-2.37,-87.36,-59.58,19.29,36.73,0,36,-110.52,44,-111.72,51,-116.55,50,-116.72,38,-117.41,37,-118.92,4400.00,3864.75,1.50,3,34,0.03,LOS,101.64,2.22,-83.64,-55.86,7.41,50.53,0,27,-91.38,28,-104.73,33,-108.25,21,-109.51,35,-112.06,19,-114.58
88,7334.97,4900.00,1.50,0,54,0.06,NLOS,118.71,-8.31,-90.18,-62.40,8.38,33.51,0,55,-99.59,61,-107.12,49,-111.06,48,-111.65,46,-115.13,63,-115.98,7600.00,3960.57,1.50,3,60,0.04,LOS,94.51,-0.35,-73.94,-46.16,29.05,52.00,0,53,-103.89,54,-111.62,46,-118.11,68,-119.98,61,-120.88,59,-121.43,3600.00,6006.43,1.50,3,23,0.16,NLOS,107.12,2.82,-89.72,-61.94,9.94,28.05,0,30,-102.26,29,-104.76,24,-112.99,22,-113.30,17,-113.46,18,-113.75,5800.00,6109.16,1.50,1,43,0.13,NLOS,109.29,2.92,-92.00,-64.22,9.68,36.73,0,49,-103.32,37,-111.01,42,-111.69,44,-114.94,56,-115.61,35,-116.60,4400.00,3850.72,1.50,3,34,0.03,LOS,101.79,2.85,-84.42,-56.64,15.14,50.53,0,27,-100.60,21,-102.63,28,-109.41,33,-109.82,39,-111.76,29,-117.71
89,7344.27,4900.00,1.50,0,54,0.06,NLOS,118.83,-8.31,-90.30,-62.52,8.28,33.51,0,55,-99.64,61,-106.88,49,-111.14,48,-111.83,46,-115.17,63,-115.96,7600.00,3946.12,1.50,3,60,0.04,LOS,94.74,-0.35,-74.17,-46.39,28.58,52.00,0,53,-103.56,54,-111.92,46,-118.01,68,-120.08,61,-121.09,59,-121.16,3600.00,5998.63,1.50,3,23,0.17,NLOS,106.50,2.82,-89.11,-61.32,10.58,28.05,0,30,-102.33,29,-104.66,22,-113.17,24,-113.17,17,-113.51,18,-113.82,5800.00,6119.36,1.50,1,43,0.14,NLOS,108.43,2.92,-91.14,-63.36,10.59,36.73,0,49,-103.40,37,-110.90,42,-111.94,44,-114.78,56,-115.59,50,-116.55,4400.00,3836.68,1.50,3,34,0.03,LOS,101.95,2.85,-84.58,-56.80,14.37,50.53,0,27,-99.82,21,-102.71,33,-109.62,28,-109.73,39,-111.67,29,-117.86
90,7353.58,4900.00,1.50,0,54,0.06,NLOS,118.96,-8.31,-90.43,-62.65,8.17,33.51,0,55,-99.69,61,-106.65,49,-111.22,48,-112.02,46,-115.21,63,-115.93,7600.00,3931.68,1.50,3,60,0.04,LOS,94.99,3.02,-77.79,-50.01,23.64,52.00,0,54,-103.23,59,-111.00,53,-111.26,61,-111.82,40,-113.19,52,-116.16,3600.00,5990.84,1.50,3,23,0.18,NLOS,105.87,2.82,-88.48,-60.70,11.22,28.05,0,30,-102.41,29,-104.56,22,-113.04,24,-113.35,17,-113.56,18,-113.89,5800.00,6129.57,1.50,1,43,0.16,NLOS,107.53,2.92,-90.24,-62.46,11.55,36.73,0,49,-103.48,37,-110.80,42,-112.19,44,-114.61,56,-115.58,50,-116.43,4400.00,3822.64,1.50,3,34,0.03,LOS,102.11,-1.30,-80.60,-52.82,10.00,50.53,0,27,-90.71,28,-107.46,26,-111.97,33,-115.95,21,-118.36,35,-120.72
91,7362.89,4900.00,1.50,0,54,0.05,NLOS,119.10,4.47,-103.35,-75.57,-2.56,33.51,0,48,-102.28,55,-110.62,60,-110.87,61,-113.07,68,-114.82,47,-119.27,7600.00,3917.24,1.50,3,60,0.04,LOS,95.25,3.02,-78.05,-50.26,23.53,52.00,0,54,-103.52,59,-110.73,53,-110.94,61,-112.02,40,-113.18,52,-115.95,3600.00,5983.05,1.50,3,23,0.19,NLOS,105.24,2.82,-87.84,-60.06,11.86,28.05,0,30,-102.49,29,-104.46,22,-112.90,24,-113.52,17,-113.61,18,-113.97,5800.00,6139.77,1.50,1,43,0.17,NLOS,106.58,-1.02,-85.35,-57.57,16.04,36.73,0,42,-104.38,36,-105.20,56,-114.60,50,-115.35,49,-116.94,35,-118.87,4400.00,3808.61,1.50,3,34,0.03,LOS,102.28,-1.30,-80.77,-52.99,9.10,50.53,0,27,-89.96,28,-107.76,26,-111.73,33,-115.75,21,-118.44,35,-120.88
92,7372.20,4900.00,1.50,0,54,0.05,NLOS,119.25,4.47,-103.50,-75.71,-2.60,33.51,0,48,-102.46,55,-110.68,60,-110.77,61,-112.83,68,-114.72,47,-119.37,7600.00,3902.79,1.50,3,60,0.04,LOS,95.52,2.68,-77.98,-50.19,20.04,52.00,0,53,-100.29,54,-103.92,52,-106.40,47,-107.28,59,-108.62,67,-111.78,3600.00,5975.26,1.50,3,23,0.21,NLOS,104.60,5.07,-89.45,-61.67,18.74,28.05,0,28,-110.28,29,-111.00,17,-115.26,30,-116.49,25,-117.35,35,-117.68,5800.00,6149.97,1.50,1,43,0.19,NLOS,105.59,-1.02,-84.35,-56.57,17.18,36.73,0,42,-104.63,36,-105.27,56,-114.59,50,-115.23,49,-117.03,35,-118.97,4400.00,3794.57,1.50,3,34,0.03,LOS,102.45,-1.86,-80.38,-52.60,-0.18,50.53,0,27,-80.21,33,-110.95,29,-111.04,21,-115.78,20,-117.63,42,-118.35
93,7381.51,4900.00,1.50,0,54,0.05,NLOS,119.40,4.47,-103.65,-75.87,-2.65,33.51,0,48,-102.64,60,-110.67,55,-110.75,61,-112.58,68,-114.62,47,-119.47,7611.65,3900.00,1.50,0,60,0.04,LOS,95.19,2.68,-77.65,-49.87,20.60,52.00,0,53,-100.66,54,-104.10,52,-106.41,47,-107.46,59,-108.43,67,-111.67,3600.00,5967.46,1.50,3,23,0.22,NLOS,103.95,5.07,-88.81,-61.03,19.35,28.05,0,28,-110.20,29,-110.90,17,-115.32,30,-116.57,25,-117.43,35,-117.64,5800.00,6160.18,1.50,1,43,0.21,NLOS,104.54,-1.02,-83.31,-55.52,18.37,36.73,0,42,-104.86,36,-105.34,56,-114.57,50,-115.11,49,-117.11,35,-119.07,4400.00,3780.53,1.50,3,34,0.03,LOS,102.63,-1.86,-80.55,-52.77,-1.03,50.53,0,27,-79.53,33,-110.75,29,-111.18,21,-115.87,20,-117.52,42,-118.44
94,7390.81,4900.00,1.50,0,54,0.05,NLOS,119.57,-0.90,-98.45,-70.67,2.18,33.51,0,48,-102.30,55,-107.49,61,-111.72,49,-111.75,40,-116.26,59,-116.96,7626.10,3900.00,1.50,0,60,0.04,LOS,94.71,8.00,-82.49,-54.71,16.17,52.00,0,53,-100.03,54,-107.61,59,-108.20,45,-115.76,67,-115.85,52,-116.61,3600.00,5959.67,1.50,3,23,0.23,NLOS,103.31,5.07,-88.17,-60.38,19.97,28.05,0,28,-110.12,29,-110.80,17,-115.37,30,-116.66,25,-117.51,35,-117.59,5800.00,6170.38,1.50,1,43,0.23,NLOS,103.43,-1.16,-82.06,-54.28,22.45,36.73,0,44,-109.23,37,-111.08,42,-111.44,50,-113.75,48,-115.15,49,-115.28,4400.00,3766.50,1.50,3,34,0.03,LOS,102.81,-0.54,-82.05,-54.27,7.69,50.53,0,27,-89.91,33,-105.37,28,-110.77,26,-111.18,20,-113.62,14,-117.42
95,7400.00,4900.12,1.50,1,54,0.05,NLOS,119.75,-0.90,-98.62,-70.84,2.11,33.51,0,48,-102.48,55,-107.56,61,-111.47,49,-111.83,40,-116.33,59,-116.93,7640.54,3900.00,1.50,0,60,0.04,LOS,94.23,8.00,-82.01,-54.22,17.01,52.00,0,53,-100.53,54,-107.77,59,-108.03,67,-115.69,45,-115.84,52,-116.69,3600.00,5951.88,1.50,3,23,0.24,NLOS,102.67,5.07,-87.53,-59.75,20.58,28.05,0,28,-110.04,29,-110.70,17,-115.42,30,-116.74,35,-117.55,25,-117.59,5800.00,6180.58,1.50,1,43,0.25,NLOS,102.27,-1.16,-80.89,-53.11,23.57,36.73,0,44,-109.05,37,-110.97,42,-111.67,50,-113.63,48,-115.26,49,-115.37,4400.00,3752.46,1.50,3,34,0.03,LOS,102.99,-0.54,-82.23,-54.45,7.00,50.53,0,27,-89.38,33,-105.18,26,-110.93,28,-111.05,20,-113.51,14,-117.41
96,7400.00,4909.43,1.50,1,54,0.05,NLOS,120.14,-0.90,-99.01,-71.23,1.65,33.51,0,48,-102.46,55,-107.28,61,-111.43,49,-111.75,40,-116.37,59,-117.01,7654.98,3900.00,1.50,0,60,0.04,LOS,93.73,-7.09,-66.43,-38.64,35.79,52.00,0,53,-102.93,61,-113.22,59,-115.92,48,-116.59,58,-120.73,54,-120.74,3600.00,5944.08,1.50,3,23,0.26,NLOS,102.04,-3.38,-78.45,-50.67,26.23,28.05,0,29,-108.48,17,-109.14,37,-113.78,22,-115.83,30,-117.06,18,-117.32,5800.00,6190.78,1.50,1,43,0.28,NLOS,101.03,-1.16,-79.66,-51.87,24.76,36.73,0,44,-108.88,37,-110.87,42,-111.90,50,-113.51,48,-115.37,49,-115.46,4400.00,3738.42,1.50,3,34,0.03,LOS,103.18,-3.90,-79.06,-51.28,12.35,50.53,0,27,-91.59,33,-106.33,22,-114.53,28,-115.18,39,-115.33,40,-117.20
97,7400.00,4918.74,1.50,1,61,0.03,NLOS,128.30,-8.06,-100.02,-72.24,5.11,33.51,1,48,-101.17,54,-107.64,62,-111.77,60,-115.77,55,-116.13,42,-117.77,7669.43,3900.00,1.50,0,60,0.05,LOS,93.23,-7.09,-65.93,-38.14,36.69,52.00,0,53,-103.41,61,-113.15,59,-115.76,48,-116.70,58,-120.69,54,-120.91,3600.00,5936.29,1.50,3,23,0.27,NLOS,101.43,-3.38,-77.84,-50.06,26.81,28.05,0,29,-108.38,17,-109.19,37,-113.82,22,-115.69,30,-117.14,18,-117.39,5800.00,6200.99,1.50,1,43,0.31,NLOS,99.73,-1.61,-77.90,-50.12,22.87,36.73,0,42,-101.94,36,-110.22,44,-114.25,41,-115.17,50,-115.29,37,-116.00,4400.00,3724.39,1.50,3,34,0.02,LOS,103.36,-3.90,-79.24,-51.46,11.86,50.53,0,27,-91.29,33,-106.13,22,-114.65,39,-115.25,28,-115.45,40,-117.20
98,7400.00,4928.05,1.50,1,61,0.03,NLOS,128.26,-8.06,-99.99,-72.21,5.30,33.51,0,48,-101.15,54,-108.01,62,-111.66,55,-115.85,60,-115.90,42,-117.74,7683.87,3900.00,1.50,0,60,0.05,LOS,92.73,0.51,-73.02,-45.24,23.92,52.00,0,59,-98.87,53,-102.52,66,-110.43,55,-112.94,54,-113.23,48,-113.91,3600.00,5928.50,1.50,3,23,0.28,NLOS,100.85,-3.38,-77.25,-49.47,27.37,28.05,0,29,-108.28,17,-109.25,37,-113.86,22,-115.55,30,-117.23,16,-117.39,5800.00,6211.19,1.50,1,43,0.34,NLOS,98.35,-1.61,-76.52,-48.74,24.41,36.73,0,42,-102.16,36,-110.30,44,-114.07,50,-115.17,41,-115.28,37,-115.90,4400.00,3710.35,1.50,3,27,0.20,NLOS,104.84,-3.88,-80.74,-52.96,6.95,50.53,1,34,-87.81,33,-104.54,28,-113.03,21,-115.57,20,-116.57,26,-116.61
99,7400.00,4937.35,1.50,1,61,0.03,NLOS,128.24,-8.06,-99.96,-72.18,5.48,33.51,0,48,-101.14,54,-108.38,62,-111.54,55,-115.56,60,-116.03,42,-117.71,7698.32,3900.00,1.50,0,60,0.05,LOS,92.21,0.51,-72.51,-44.73,24.44,52.00,0,59,-98.72,53,-102.98,66,-110.21,55,-112.98,54,-113.40,48,-114.03,3600.00,5920.71,1.50,3,23,0.30,NLOS,100.29,-3.38,-76.70,-48.92,27.89,28.05,0,29,-108.18,17,-109.31,37,-113.90,22,-115.41,30,-117.32,16,-117.32,5800.00,6221.39,1.50,1,43,0.38,NLOS,96.90,-1.61,-75.07,-47.29,26.02,36.73,0,42,-102.38,36,-110.38,44,-113.88,50,-115.05,41,-115.38,37,-115.80,4400.00,3700.00,1.50,1,27,0.20,NLOS,104.81,-3.88,-80.71,-52.92,7.11,0.00,0,34,-87.95,33,-104.40,28,-113.23,21,-115.64,26,-116.41,20,-116.50
100,7400.00,4946.66,1.50,1,54,0.05,NLOS,121.62,-5.58,-95.83,-68.05,1.74,33.51,1,55,-97.95,61,-110.38,62,-111.44,49,-114.42,60,-114.99,59,-118.35,7712.76,3900.00,1.50,0,60,0.05,LOS,91.69,-1.03,-70.44,-42.66,33.16,52.00,0,59,-105.19,47,-107.35,53,-109.82,52,-117.67,65,-117.97,67,-117.99,3600.00,5912.91,1.50,3,23,0.31,NLOS,99.78,1.58,-81.14,-53.36,25.33,28.05,0,24,-110.43,22,-113.00,30,-113.38,18,-117.21,31,-117.40,16,-117.64,5800.00,6231.60,1.50,1,43,0.42,NLOS,95.39,4.53,-79.70,-51.92,27.05,36.73,0,50,-109.28,44,-112.98,35,-116.28,49,-118.35,38,-118.99,42,-119.47,4400.00,3700.00,1.50,1,27,0.20,NLOS,104.81,-3.88,-80.71,-52.92,7.11,0.00,0,34,-87.95,33,-104.40,28,-113.23,21,-115.64,26,-116.41,20,-116.50
101,7400.00,4955.97,1.50,1,54,0.04,NLOS,121.98,-5.58,-96.18,-68.40,1.11,33.51,0,55,-97.65,61,-110.36,62,-111.32,49,-114.33,60,-115.12,59,-118.43,7727.20,3900.00,1.50,0,60,0.05,LOS,91.17,-1.03,-69.92,-42.13,33.67,52.00,0,59,-105.05,47,-107.54,53,-110.26,52,-117.75,67,-117.82,65,-117.85,3600.00,5905.12,1.50,3,23,0.32,NLOS,99.32,1.58,-80.68,-52.90,25.83,28.05,0,24,-110.59,22,-112.86,30,-113.47,18,-117.28,31,-117.48,16,-117.57,5800.00,6241.80,1.50,1,43,0.47,NLOS,93.84,4.53,-78.15,-50.36,28.51,36.73,0,50,-109.17,44,-112.79,35,-116.38,49,-118.45,38,-118.89,42,-119.69,4400.00,3700.00,1.50,1,27,0.20,NLOS,104.81,-3.88,-80.71,-52.92,7.11,0.00,0,34,-87.95,33,-104.40,28,-113.23,21,-115.64,26,-116.41,20,-116.50
102,7400.00,4965.28,1.50,1,54,0.04,NLOS,122.33,-5.58,-96.53,-68.75,0.48,33.51,0,55,-97.35,61,-110.35,62,-111.20,49,-114.24,60,-115.24,48,-118.43,7741.65,3900.00,1.50,0,60,0.06,LOS,90.64,3.63,-74.05,-46.27,25.47,52.00,0,53,-100.29,54,-111.86,67,-113.33,52,-113.83,66,-114.75,59,-115.65,3600.00,5900.00,1.50,0,23,0.33,NLOS,99.06,1.58,-80.41,-52.63,26.12,0.00,0,24,-110.70,22,-112.76,30,-113.53,18,-117.33,16,-117.53,31,-117.53,5800.00,6252.00,1.50,1,43,0.51,NLOS,92.28,4.53,-76.58,-48.80,29.98,36.73,0,50,-109.05,44,-112.60,35,-116.48,49,-118.55,38,-118.80,42,-119.90,4400.00,3700.00,1.50,1,27,0.20,NLOS,104.81,-3.88,-80.71,-52.92,7.11,0.00,0,34,-87.95,33,-104.40,28,-113.23,21,-115.64,26,-116.41,20,-116.50
103,7400.00,4974.59,1.50,1,61,0.03,NLOS,128.16,-6.65,-101.29,-73.51,-0.82,33.51,1,55,-102.20,60,-109.08,54,-110.36,68,-114.06,49,-114.35,62,-117.51,7756.09,3900.00,1.50,0,60,0.06,LOS,90.10,3.63,-73.52,-45.74,26.34,52.00,0,53,-100.72,54,-112.04,67,-113.16,52,-113.92,66,-114.51,59,-115.52,3600.00,5900.00,1.50,0,23,0.33,NLOS,99.06,1.58,-80.41,-52.63,26.12,0.00,0,24,-110.70,22,-112.76,30,-113.53,18,-117.33,16,-117.53,31,-117.53,5800.00,6262.21,1.50,1,43,0.55,NLOS,90.77,-2.34,-68.21,-40.43,34.81,36.73,0,36,-105.88,42,-109.96,49,-111.24,44,-115.90,35,-116.60,50,-116.70,4400.00,3700.00,1.50,1,27,0.20,NLOS,104.81,-3.88,-80.71,-52.92,7.11,0.00,0,34,-87.95,33,-104.40,28,-113.23,21,-115.64,26,-116.41,20,-116.50
104,7400.00,4983.89,1.50,1,61,0.03,NLOS,128.15,-6.65,-101.28,-73.50,-0.98,33.51,0,55,-101.88,60,-109.20,54,-110.70,68,-114.03,49,-114.26,62,-117.39,7770.53,3900.00,1.50,0,60,0.06,LOS,89.57,0.05,-69.40,-41.62,30.79,52.00,0,66,-105.08,53,-105.82,59,-106.08,67,-111.34,61,-113.41,58,-118.52,3600.00,5900.00,1.50,0,23,0.33,NLOS,99.06,1.58,-80.41,-52.63,26.12,0.00,0,24,-110.70,22,-112.76,30,-113.53,18,-117.33,16,-117.53,31,-117.53,5800.00,6272.41,1.50,1,43,0.60,NLOS,89.42,-2.34,-66.86,-39.08,36.25,36.73,0,36,-105.97,42,-110.16,49,-111.34,44,-115.70,50,-116.59,35,-116.70,4400.00,3700.00,1.50,1,27,0.20,NLOS,104.81,-3.88,-80.71,-52.92,7.11,0.00,0,34,-87.95,33,-104.40,28,-113.23,21,-115.64,26,-116.41,20,-116.50
105,7400.00,4993.20,1.50,1,61,0.03,NLOS,128.14,-6.65,-101.28,-73.50,-1.16,33.51,0,55,-101.57,60,-109.33,54,-111.03,68,-113.99,49,-114.18,62,-117.27,7784.98,3900.00,1.50,0,60,0.06,LOS,89.09,0.05,-68.92,-41.14,31.25,52.00,0,66,-104.84,59,-105.96,53,-106.23,67,-111.17,61,-113.37,58,-118.50,3600.00,5900.00,1.50,0,23,0.33,NLOS,99.06,1.58,-80.41,-52.63,26.12,0.00,0,24,-110.70,22,-112.76,30,-113.53,18,-117.33,16,-117.53,31,-117.53,5800.00,6282.61,1.50,1,43,0.63,NLOS,88.37,-2.34,-65.81,-38.03,37.38,36.73,0,36,-106.05,42,-110.37,49,-111.45,44,-115.51,50,-116.48,35,-116.79,4400.00,3700.00,1.50,1,27,0.20,NLOS,104.81,-3.88,-80.71,-52.92,7.11,0.00,0,34,-87.95,33,-104.40,28,-113.23,21,-115.64,26,-116.41,20,-116.50
106,7400.00,5002.51,1.50,1,54,0.04,NLOS,123.67,-15.31,-88.13,-60.35,13.00,33.51,1,62,-103.26,55,-104.66,60,-105.59,48,-110.11,42,-115.33,61,-115.35,7799.42,3900.00,1.50,0,60,0.07,LOS,88.80,-0.97,-67.62,-39.84,33.54,52.00,0,54,-106.15,59,-106.55,53,-106.99,66,-112.86,61,-114.18,65,-115.58,3600.00,5900.00,1.50,0,23,0.33,NLOS,99.06,1.58,-80.41,-52.63,26.12,0.00,0,24,-110.70,22,-112.76,30,-113.53,18,-117.33,16,-117.53,31,-117.53,5800.00,6292.81,1.50,1,43,0.65,NLOS,87.76,1.17,-68.71,-40.93,31.83,36.73,0,42,-102.21,44,-106.59,37,-117.15,50,-118.57,36,-119.15,49,-119.23,4400.00,3700.00,1.50,1,27,0.20,NLOS,104.81,-3.88,-80.71,-52.92,7.11,0.00,0,34,-87.95,33,-104.40,28,-113.23,21,-115.64,26,-116.41,20,-116.50
107,7400.00,5011.82,1.50,1,54,0.04,NLOS,123.99,-15.31,-88.45,-60.67,12.57,33.51,0,62,-103.14,55,-104.33,60,-105.71,48,-110.12,42,-115.30,61,-115.35,7800.00,3900.00,1.50,3,60,0.07,LOS,88.79,-0.97,-67.61,-39.82,33.56,0.00,0,54,-106.15,59,-106.55,53,-107.01,66,-112.85,61,-114.18,65,-115.58,3600.00,5900.00,1.50,0,23,0.33,NLOS,99.06,1.58,-80.41,-52.63,26.12,0.00,0,24,-110.70,22,-112.76,30,-113.53,18,-117.33,16,-117.53,31,-117.53,5800.00,6296.98,1.50,3,43,0.65,NLOS,87.66,1.17,-68.61,-40.83,31.96,36.73,0,42,-102.29,44,-106.51,37,-117.11,50,-118.53,36,-119.18,49,-119.28,4400.00,3700.00,1.50,1,27,0.20,NLOS,104.81,-3.88,-80.71,-52.92,7.11,0.00,0,34,-87.95,33,-104.40,28,-113.23,21,-115.64,26,-116.41,20,-116.50
108,7400.00,5021.13,1.50,1,54,0.04,NLOS,124.30,-15.31,-88.77,-60.99,12.14,33.51,0,62,-103.01,55,-103.99,60,-105.83,48,-110.12,42,-115.28,61,-115.36,7800.00,3900.00,1.50,3,60,0.07,LOS,88.79,-0.97,-67.61,-39.82,33.56,0.00,0,54,-106.15,59,-106.55,53,-107.01,66,-112.85,61,-114.18,65,-115.58,3600.00,5900.00,1.50,0,23,0.33,NLOS,99.06,1.58,-80.41,-52.63,26.12,0.00,0,24,-110.70,22,-112.76,30,-113.53,18,-117.33,16,-117.53,31,-117.53,5800.00,6286.78,1.50,3,43,0.64,NLOS,88.06,1.17,-69.01,-41.23,31.48,36.73,0,42,-102.09,44,-106.71,37,-117.20,50,-118.64,36,-119.09,49,-119.17,4400.00,3700.00,1.50,1,27,0.20,NLOS,104.81,-3.88,-80.71,-52.92,7.11,0.00,0,34,-87.95,33,-104.40,28,-113.23,21,-115.64,26,-116.41,20,-116.50
109,7400.00,5030.43,1.50,1,55,0.04,NLOS,122.49,-1.04,-101.23,-73.45,0.57,33.51,1,54,-105.37,61,-107.22,56,-108.94,47,-110.98,68,-112.76,67,-113.29,7800.00,3900.00,1.50,3,60,0.07,LOS,88.79,-0.97,-67.61,-39.82,33.56,0.00,0,54,-106.15,59,-106.55,53,-107.01,66,-112.85,61,-114.18,65,-115.58,3600.00,5900.00,1.50,0,23,0.33,NLOS,99.06,1.58,-80.41,-52.63,26.12,0.00,0,24,-110.70,22,-112.76,30,-113.53,18,-117.33,16,-117.53,31,-117.53,5800.00,6276.58,1.50,3,43,0.61,NLOS,88.95,1.17,-69.90,-42.12,30.49,36.73,0,42,-101.89,44,-106.90,37,-117.30,50,-118.75,36,-119.01,49,-119.06,4400.00,3707.02,1.50,1,27,0.20,NLOS,104.82,-3.88,-80.72,-52.94,7.01,25.27,0,34,-87.85,33,-104.49,28,-113.10,21,-115.59,26,-116.54,20,-116.55
110,7400.00,5039.74,1.50,1,55,0.04,NLOS,122.14,-1.04,-100.88,-73.10,1.03,33.51,0,54,-105.68,61,-107.24,56,-108.82,47,-111.07,68,-112.73,67,-113.33,7800.00,3900.00,1.50,3,60,0.07,LOS,88.79,-0.97,-67.61,-39.82,33.56,0.00,0,54,-106.15,59,-106.55,53,-107.01,66,-112.85,61,-114.18,65,-115.58,3600.00,5900.00,1.50,0,23,0.33,NLOS,99.06,1.58,-80.41,-52.63,26.12,0.00,0,24,-110.70,22,-112.76,30,-113.53,18,-117.33,16,-117.53,31,-117.53,5800.00,6266.37,1.50,3,43,0.57,NLOS,90.19,-2.84,-67.13,-39.35,39.41,36.73,0,50,-109.56,48,-113.72,44,-114.16,42,-114.97,31,-115.65,37,-118.23,4400.00,3721.06,1.50,1,34,0.02,LOS,103.41,-1.37,-81.82,-54.04,3.47,50.53,1,27,-85.33,28,-108.09,21,-108.60,33,-112.23,26,-112.34,20,-117.85
111,7400.00,5049.05,1.50,1,55,0.05,NLOS,121.79,-1.04,-100.53,-72.75,1.48,33.51,0,54,-105.98,61,-107.26,56,-108.69,47,-111.16,68,-112.70,67,-113.36,7800.00,3900.00,1.50,3,60,0.07,LOS,88.79,-0.97,-67.61,-39.82,33.56,0.00,0,54,-106.15,59,-106.55,53,-107.01,66,-112.85,61,-114.18,65,-115.58,3600.00,5900.00,1.50,0,23,0.33,NLOS,99.06,1.58,-80.41,-52.63,26.12,0.00,0,24,-110.70,22,-112.76,30,-113.53,18,-117.33,16,-117.53,31,-117.53,5800.00,6256.17,1.50,3,43,0.53,NLOS,91.65,-2.84,-68.59,-40.81,38.01,36.73,0,50,-109.68,48,-113.62,44,-114.35,42,-114.76,31,-115.70,37,-118.33,4400.00,3735.09,1.50,1,34,0.02,LOS,103.22,-1.37,-81.63,-53.85,3.93,50.53,0,27,-85.60,28,-107.81,21,-108.50,33,-112.42,26,-112.60,20,-117.95
112,7400.00,5058.36,1.50,1,61,0.03,NLOS,128.22,-10.08,-97.93,-70.14,2.34,33.51,1,55,-102.39,54,-107.02,68,-109.30,67,-115.29,48,-116.87,47,-119.37,7800.00,3900.00,1.50,3,60,0.07,LOS,88.79,-0.97,-67.61,-39.82,33.56,0.00,0,54,-106.15,59,-106.55,53,-107.01,66,-112.85,61,-114.18,65,-115.58,3603.90,5900.00,1.50,0,23,0.31,NLOS,99.61,1.58,-80.97,-53.19,25.56,14.03,0,24,-110.70,22,-112.77,30,-113.45,18,-117.35,31,-117.51,16,-117.59,5800.00,6245.97,1.50,3,43,0.48,NLOS,93.20,-2.84,-70.14,-42.36,36.51,36.73,0,50,-109.79,48,-113.51,44,-114.53,42,-114.55,31,-115.75,37,-118.42,4400.00,3749.13,1.50,1,27,0.19,NLOS,105.62,-11.57,-73.83,-46.05,11.29,50.53,1,34,-85.14,35,-112.50,40,-113.74,33,-115.42,28,-116.95,21,-120.97
113,7400.00,5067.67,1.50,1,61,0.03,NLOS,128.25,-10.08,-97.95,-70.17,2.14,33.51,0,55,-102.03,54,-107.31,68,-109.27,67,-115.33,48,-116.88,47,-119.46,7800.00,3900.00,1.50,3,60,0.07,LOS,88.79,-0.97,-67.61,-39.82,33.56,0.00,0,54,-106.15,59,-106.55,53,-107.01,66,-112.85,61,-114.18,65,-115.58,3611.69,5900.00,1.50,0,23,0.29,NLOS,100.68,1.58,-82.04,-54.26,24.47,28.05,0,24,-110.73,22,-112.79,30,-113.30,18,-117.40,31,-117.47,16,-117.71,5800.00,6235.76,1.50,3,43,0.44,NLOS,94.76,8.80,-83.34,-55.56,22.19,36.73,0,44,-107.18,56,-112.74,50,-114.17,35,-115.69,37,-116.06,36,-119.79,4400.00,3763.17,1.50,1,27,0.18,NLOS,106.12,-11.57,-74.33,-46.55,10.61,50.53,0,34,-84.95,35,-112.34,40,-113.75,33,-115.61,28,-116.67,21,-120.88
114,7400.00,5076.97,1.50,1,61,0.03,NLOS,128.28,-10.08,-97.98,-70.20,1.92,33.51,0,55,-101.66,54,-107.60,68,-109.24,67,-115.37,48,-116.90,47,-119.54,7800.00,3900.00,1.50,3,60,0.07,LOS,88.79,-0.97,-67.61,-39.82,33.56,0.00,0,54,-106.15,59,-106.55,53,-107.01,66,-112.85,61,-114.18,65,-115.58,3619.48,5900.00,1.50,0,23,0.26,NLOS,101.70,-2.47,-79.01,-51.23,26.67,28.05,0,30,-109.82,29,-111.07,24,-112.93,18,-113.47,21,-117.33,17,-117.48,5800.00,6225.56,1.50,3,43,0.40,NLOS,96.29,8.80,-84.87,-57.09,20.80,36.73,0,44,-107.37,56,-112.75,50,-114.28,35,-115.59,37,-116.15,36,-119.71,4400.00,3777.20,1.50,1,34,0.03,LOS,102.67,-2.96,-79.49,-51.71,5.90,50.53,1,27,-85.42,28,-111.60,40,-112.74,33,-113.21,20,-114.39,21,-115.94
115,7400.00,5086.28,1.50,1,55,0.05,NLOS,120.31,-16.30,-83.80,-56.01,19.64,33.51,1,61,-106.47,54,-107.38,49,-114.76,53,-119.09,67,-120.32,46,-120.43,7800.00,3900.00,1.50,3,60,0.07,LOS,88.79,-0.97,-67.61,-39.82,33.56,0.00,0,54,-106.15,59,-106.55,53,-107.01,66,-112.85,61,-114.18,65,-115.58,3627.28,5900.00,1.50,0,23,0.24,NLOS,102.66,-2.47,-79.97,-52.19,25.62,28.05,0,30,-109.67,29,-110.93,24,-112.96,18,-113.52,21,-117.34,17,-117.61,5800.00,6215.36,1.50,3,43,0.36,NLOS,97.77,8.80,-86.35,-58.56,19.47,36.73,0,44,-107.55,56,-112.75,50,-114.40,35,-115.49,37,-116.25,36,-119.63,4400.00,3791.24,1.50,1,34,0.03,LOS,102.50,-2.96,-79.32,-51.54,6.73,50.53,0,27,-86.08,28,-111.30,40,-112.75,33,-113.40,20,-114.50,21,-115.85
116,7400.00,5095.59,1.50,1,55,0.05,NLOS,119.93,-16.30,-83.41,-55.63,20.15,33.51,0,61,-106.51,54,-107.65,49,-114.68,53,-119.20,67,-120.36,46,-120.50,7800.00,3900.00,1.50,3,60,0.07,LOS,88.79,-0.97,-67.61,-39.82,33.56,0.00,0,54,-106.15,59,-106.55,53,-107.01,66,-112.85,61,-114.18,65,-115.58,3635.07,5900.00,1.50,0,23,0.22,NLOS,103.58,-2.47,-80.89,-53.11,24.62,28.05,0,30,-109.52,29,-110.79,24,-112.98,18,-113.57,21,-117.34,17,-117.73,5800.00,6205.16,1.50,3,43,0.32,NLOS,99.17,2.58,-81.53,-53.75,18.17,36.73,0,36,-100.68,50,-111.65,42,-111.78,49,-112.70,44,-117.32,51,-118.53,4400.00,3805.28,1.50,1,34,0.03,LOS,102.32,5.77,-87.87,-60.09,8.51,50.53,0,27,-97.66,33,-103.06,21,-111.83,28,-112.65,40,-117.40,46,-117.45
117,7400.00,5095.10,1.50,3,55,0.05,NLOS,119.95,-16.30,-83.43,-55.65,20.12,33.51,0,61,-106.50,54,-107.64,49,-114.68,53,-119.19,67,-120.36,46,-120.50,7800.00,3892.78,1.50,3,60,0.06,LOS,88.96,-0.97,-67.77,-39.99,33.36,26.00,0,54,-106.26,59,-106.37,53,-106.94,66,-112.82,61,-114.29,65,-115.52,3642.86,5900.00,1.50,0,23,0.21,NLOS,104.46,-2.47,-81.77,-53.99,23.66,28.05,0,30,-109.37,29,-110.66,24,-113.01,18,-113.62,21,-117.35,17,-117.85,5800.00,6194.95,1.50,3,43,0.29,NLOS,100.51,2.58,-82.87,-55.09,16.77,36.73,0,36,-100.61,42,-111.56,50,-111.76,49,-112.61,44,-117.50,51,-118.63,4400.00,3819.31,1.50,1,34,0.03,LOS,102.15,5.77,-87.71,-59.92,9.26,50.53,0,27,-98.41,33,-103.25,21,-111.75,28,-112.35,40,-117.41,46,-117.48
118,7400.00,5085.79,1.50,3,55,0.05,NLOS,120.33,-16.30,-83.82,-56.03,19.62,33.51,0,61,-106.47,54,-107.36,49,-114.77,53,-119.08,67,-120.32,46,-120.43,7800.00,3878.33,1.50,3,60,0.06,LOS,89.41,-0.97,-68.22,-40.44,32.84,52.00,0,59,-106.01,54,-106.48,53,-106.81,66,-112.78,61,-114.50,65,-115.39,3650.65,5900.00,1.50,0,23,0.19,NLOS,105.29,-2.40,-82.67,-54.89,22.33,28.05,0,30,-108.26,29,-109.55,22,-116.62,24,-116.88,28,-118.50,9,-119.21,5800.00,6184.75,1.50,3,43,0.26,NLOS,101.77,2.58,-84.13,-56.35,15.44,36.73,0,36,-100.53,42,-111.33,50,-111.88,49,-112.51,44,-117.68,51,-118.73,4400.00,3833.35,1.50,1,27,0.13,NLOS,109.61,-4.80,-84.59,-56.81,4.10,50.53,1,34,-88.76,21,-108.38,20,-113.32,35,-114.30,22,-115.27,28,-117.78
119,7400.00,5076.49,1.50,3,55,0.05,NLOS,120.71,4.88,-105.37,-77.59,-1.75,33.51,0,54,-106.30,61,-109.19,42,-109.74,48,-112.14,47,-120.41,58,-120.64,7800.00,3863.89,1.50,3,60,0.06,LOS,90.01,3.53,-73.32,-45.54,28.39,52.00,0,59,-103.66,52,-110.09,53,-110.79,54,-111.22,67,-112.27,50,-119.06,3658.45,5900.00,1.50,0,23,0.18,NLOS,106.09,-2.40,-83.47,-55.69,21.41,28.05,0,30,-108.11,29,-109.41,22,-116.64,24,-116.90,28,-118.47,9,-119.27,5800.00,6174.55,1.50,3,43,0.24,NLOS,102.96,2.13,-84.87,-57.09,17.06,36.73,0,37,-104.63,36,-108.19,42,-111.02,57,-112.34,48,-112.40,50,-115.68,4400.00,3847.39,1.50,1,27,0.12,NLOS,110.39,-4.80,-85.37,-57.59,3.16,50.53,0,34,-88.60,21,-108.30,20,-113.44,35,-114.13,22,-115.14,28,-117.47
120,7400.00,5067.18,1.50,3,55,0.05,NLOS,121.08,4.88,-105.74,-77.96,-2.29,33.51,0,54,-106.01,61,-109.16,42,-109.76,48,-112.12,47,-120.32,58,-120.58,7800.00,3849.45,1.50,3,60,0.06,LOS,90.60,3.53,-73.91,-46.13,27.57,52.00,0,59,-103.29,52,-109.91,53,-110.67,54,-111.44,67,-112.39,50,-119.13,3666.24,5900.00,1.50,0,23,0.17,NLOS,106.86,-2.40,-84.24,-56.45,20.53,28.05,0,30,-107.95,29,-109.27,22,-116.67,24,-116.93,28,-118.43,9,-119.34,5800.00,6164.34,1.50,3,43,0.21,NLOS,104.10,2.13,-86.00,-58.22,15.94,36.73,0,37,-104.73,36,-108.11,42,-110.79,48,-112.29,57,-112.40,50,-115.80,4400.00,3861.42,1.50,1,34,0.03,LOS,101.67,-3.44,-78.01,-50.23,9.71,50.53,1,27,-87.76,28,-109.27,33,-117.27,19,-117.99,29,-118.44,35,-119.70
121,7400.00,5057.87,1.50,3,55,0.05,NLOS,121.45,4.88,-106.11,-78.33,-2.82,33.51,0,54,-105.72,61,-109.14,42,-109.78,48,-112.11,47,-120.24,58,-120.53,7800.00,3835.00,1.50,3,60,0.05,LOS,91.18,0.09,-71.05,-43.27,34.37,52.00,0,59,-107.57,48,-108.04,46,-112.16,54,-112.60,53,-115.75,61,-117.44,3674.03,5900.00,1.50,0,23,0.16,NLOS,107.59,-2.40,-84.97,-57.19,19.68,28.05,0,30,-107.80,29,-109.13,22,-116.69,24,-116.97,28,-118.39,9,-119.40,5800.00,6154.14,1.50,3,43,0.19,NLOS,105.17,2.13,-87.07,-59.29,14.88,36.73,0,37,-104.84,36,-108.04,42,-110.55,48,-112.18,57,-112.46,50,-115.92,4400.00,3875.46,1.50,1,34,0.03,LOS,101.52,-3.44,-77.86,-50.08,10.63,50.53,0,27,-88.54,28,-108.95,33,-117.47,19,-118.10,29,-118.28,35,-119.54
122,7400.00,5048.56,1.50,3,55,0.04,NLOS,121.81,-7.13,-94.46,-66.68,6.79,33.51,0,54,-104.58,62,-106.65,60,-107.09,61,-108.21,48,-116.72,53,-118.52,7800.00,3820.56,1.50,3,60,0.05,LOS,91.75,0.09,-71.62,-43.84,33.60,52.00,0,59,-107.18,48,-108.13,46,-112.10,54,-112.81,53,-115.66,61,-117.65,3681.83,5900.00,1.50,0,23,0.15,NLOS,108.30,4.35,-92.43,-64.65,14.40,28.05,0,29,-112.59,30,-112.66,24,-114.15,22,-115.01,36,-115.27,15,-117.53,5800.00,6143.94,1.50,3,43,0.18,NLOS,106.18,9.17,-95.14,-67.36,7.17,36.73,0,49,-107.54,50,-107.64,42,-109.90,36,-111.12,37,-114.59,41,-114.84,4400.00,3889.50,1.50,1,34,0.03,LOS,101.38,0.45,-81.61,-53.82,10.51,50.53,0,27,-92.36,28,-106.01,35,-115.49,14,-115.79,33,-116.19,26,-117.16
123,7400.00,5039.25,1.50,3,55,0.04,NLOS,122.16,-7.13,-94.81,-67.03,6.32,33.51,0,54,-104.28,62,-106.77,60,-106.97,61,-108.19,48,-116.71,53,-118.40,7800.00,3806.11,1.50,3,60,0.05,LOS,92.31,-7.56,-64.53,-36.75,32.82,52.00,0,59,-98.67,53,-105.67,61,-110.66,46,-110.74,54,-110.86,58,-111.22,3689.62,5900.00,1.50,0,23,0.14,NLOS,108.97,4.35,-93.11,-65.32,13.67,28.05,0,29,-112.45,30,-112.51,24,-114.18,22,-115.04,36,-115.17,15,-117.58,5800.00,6133.73,1.50,3,43,0.16,NLOS,107.15,9.17,-96.10,-68.32,6.18,36.73,0,49,-107.46,50,-107.76,42,-109.66,36,-111.05,37,-114.70,41,-114.73,4403.53,3900.00,1.50,0,34,0.03,LOS,101.19,0.45,-81.41,-53.63,11.37,50.53,0,27,-93.07,28,-105.78,35,-115.34,14,-115.84,33,-116.29,26,-117.33
124,7400.00,5029.95,1.50,3,55,0.04,NLOS,122.50,-7.13,-95.16,-67.38,5.86,33.51,0,54,-103.97,60,-106.85,62,-106.90,61,-108.18,48,-116.70,53,-118.28,7800.00,3791.67,1.50,3,60,0.05,LOS,92.86,-7.56,-65.08,-37.30,31.97,52.00,0,59,-98.27,53,-105.60,46,-110.67,61,-110.86,58,-111.05,54,-111.07,3697.41,5900.00,1.50,0,23,0.13,NLOS,109.63,4.35,-93.76,-65.98,12.96,28.05,0,29,-112.31,30,-112.35,24,-114.21,22,-115.07,36,-115.07,15,-117.62,5800.00,6123.53,1.50,3,43,0.15,NLOS,108.07,9.17,-97.02,-69.24,5.22,36.73,0,49,-107.37,50,-107.88,42,-109.41,36,-110.99,41,-114.62,37,-114.80,4417.57,3900.00,1.50,0,34,0.03,LOS,100.83,0.20,-80.81,-53.02,2.26,50.53,0,27,-83.10,28,-105.07,26,-112.98,20,-113.16,33,-114.45,40,-115.24
125,7400.00,5020.64,1.50,3,62,0.02,NLOS,137.42,-18.00,-99.20,-71.42,3.61,33.51,1,54,-99.96,55,-104.91,61,-107.99,67,-114.15,63,-116.62,48,-118.99,7800.00,3777.23,1.50,3,60,0.05,LOS,93.40,-7.97,-65.21,-37.43,40.65,52.00,0,59,-110.76,53,-112.21,54,-112.52,67,-113.00,48,-120.67,46,-121.05,3705.20,5900.00,1.50,0,23,0.12,NLOS,110.26,4.35,-94.39,-66.61,12.27,28.05,0,29,-112.17,30,-112.19,24,-114.25,36,-114.97,22,-115.10,15,-117.67,5800.00,6113.33,1.50,3,43,0.14,NLOS,108.95,5.27,-93.99,-66.21,3.79,36.73,0,49,-99.09,42,-107.87,37,-109.72,50,-110.34,44,-112.25,38,-114.90,4431.61,3900.00,1.50,0,34,0.03,LOS,100.47,0.20,-80.44,-52.66,3.21,50.53,0,27,-83.69,28,-105.16,26,-113.02,20,-113.33,33,-114.26,40,-115.06
126,7400.00,5011.33,1.50,3,62,0.02,NLOS,137.54,-18.00,-99.32,-71.54,3.69,33.51,0,54,-99.65,55,-105.25,61,-107.98,67,-114.12,63,-116.70,48,-118.98,7800.00,3762.78,1.50,3,60,0.04,LOS,93.93,-7.97,-65.74,-37.96,40.03,52.00,0,59,-110.34,53,-112.16,54,-112.73,67,-113.13,48,-120.76,46,-120.99,3713.00,5900.00,1.50,0,23,0.11,NLOS,110.87,-1.21,-89.43,-61.65,14.60,28.05,0,30,-105.89,29,-110.49,36,-116.54,17,-118.94,24,-119.20,16,-119.40,5800.00,6103.13,1.50,3,43,0.13,NLOS,109.78,5.27,-94.83,-67.05,2.89,36.73,0,49,-99.01,42,-107.61,37,-109.82,50,-110.47,44,-112.41,38,-114.99,4445.65,3900.00,1.50,0,34,0.03,LOS,100.10,5.24,-85.12,-57.34,3.26,50.53,0,27,-88.68,33,-102.30,28,-104.30,21,-111.05,26,-115.12,19,-117.73
127,7400.00,5002.02,1.50,3,62,0.02,NLOS,137.66,-18.00,-99.45,-71.66,3.77,33.51,0,54,-99.33,55,-105.58,61,-107.98,67,-114.08,63,-116.79,48,-118.98,7800.00,3748.34,1.50,3,60,0.04,LOS,94.45,5.85,-80.08,-52.29,22.69,52.00,0,53,-104.05,52,-104.94,59,-113.57,54,-114.06,67,-115.09,45,-116.62,3720.79,5900.00,1.50,0,23,0.11,NLOS,111.46,-1.21,-90.02,-62.24,13.89,28.05,0,30,-105.73,29,-110.35,36,-116.44,17,-119.06,24,-119.24,16,-119.51,5800.00,6100.00,1.50,0,43,0.12,NLOS,110.03,5.27,-95.08,-67.30,2.62,0.00,0,49,-98.99,42,-107.54,37,-109.85,50,-110.50,44,-112.46,38,-115.02,4459.68,3900.00,1.50,0,34,0.03,LOS,99.72,5.24,-84.74,-56.96,4.18,50.53,0,27,-89.28,33,-102.12,28,-104.40,21,-111.29,26,-115.16,19,-117.80
128,7400.00,4992.71,1.50,3,55,0.04,NLOS,123.83,1.07,-104.69,-76.91,-1.73,33.51,1,54,-105.46,48,-107.53,50,-111.52,53,-114.48,59,-117.86,62,-118.23,7800.00,3733.89,1.50,3,60,0.04,LOS,94.95,5.85,-80.58,-52.80,22.15,52.00,0,53,-104.01,52,-104.75,59,-113.13,54,-114.27,67,-115.22,45,-116.53,3728.58,5900.00,1.50,0,23,0.10,NLOS,112.02,-1.21,-90.59,-62.81,13.19,28.05,0,30,-105.57,29,-110.21,36,-116.34,17,-119.18,24,-119.28,28,-119.49,5800.00,6100.00,1.50,0,43,0.12,NLOS,110.03,5.27,-95.08,-67.30,2.62,0.00,0,49,-98.99,42,-107.54,37,-109.85,50,-110.50,44,-112.46,38,-115.02,4473.72,3900.00,1.50,0,34,0.03,LOS,99.34,5.67,-84.79,-57.01,1.71,50.53,0,27,-86.61,28,-104.81,33,-107.72,40,-114.30,35,-115.26,20,-115.53
129,7400.00,4983.41,1.50,3,55,0.04,NLOS,124.15,1.07,-105.01,-77.22,-2.23,33.51,0,54,-105.13,48,-107.53,50,-111.60,53,-114.36,59,-117.78,62,-118.36,7800.00,3719.45,1.50,3,60,0.04,LOS,95.45,-4.03,-71.21,-43.42,30.04,52.00,0,53,-103.66,59,-105.49,52,-111.67,65,-114.66,41,-116.24,46,-116.33,3736.38,5900.00,1.50,0,23,0.10,NLOS,112.58,-1.21,-91.14,-63.36,12.51,28.05,0,30,-105.41,29,-110.07,36,-116.23,17,-119.29,24,-119.32,28,-119.45,5800.00,6100.00,1.50,0,43,0.12,NLOS,110.03,5.27,-95.08,-67.30,2.62,0.00,0,49,-98.99,42,-107.54,37,-109.85,50,-110.50,44,-112.46,38,-115.02,4487.76,3900.00,1.50,0,34,0.03,LOS,98.95,5.67,-84.40,-56.62,2.67,50.53,0,27,-87.20,28,-104.92,33,-107.53,40,-114.12,35,-115.17,20,-115.70
130,7400.00,4974.10,1.50,3,55,0.04,NLOS,124.46,1.07,-105.32,-77.54,-2.74,33.51,0,54,-104.79,48,-107.54,50,-111.67,53,-114.24,59,-117.70,62,-118.48,7800.00,3705.01,1.50,3,60,0.04,LOS,95.93,-4.03,-71.69,-43.91,29.37,52.00,0,53,-103.65,59,-105.04,52,-111.47,65,-114.53,46,-116.28,41,-116.29,3744.17,5900.00,1.50,0,23,0.09,NLOS,113.11,-7.16,-85.74,-57.96,15.30,28.05,0,30,-102.95,29,-109.33,24,-110.98,16,-112.36,22,-119.90,17,-120.25,5800.00,6100.00,1.50,0,43,0.12,NLOS,110.03,5.27,-95.08,-67.30,2.62,0.00,0,49,-98.99,42,-107.54,37,-109.85,50,-110.50,44,-112.46,38,-115.02,4501.79,3900.00,1.50,0,34,0.03,LOS,98.55,2.11,-80.44,-52.66,16.30,50.53,0,27,-97.71,33,-104.53,40,-114.43,49,-116.08,22,-117.15,28,-117.44
131,7400.00,4964.79,1.50,3,55,0.04,NLOS,124.77,-4.85,-99.70,-71.92,0.24,33.51,0,54,-102.46,61,-105.25,48,-110.29,47,-112.33,49,-114.39,67,-117.57,7800.00,3690.56,1.50,3,60,0.04,LOS,96.41,5.63,-81.82,-54.04,20.47,52.00,0,59,-103.70,65,-106.95,53,-109.32,62,-111.85,46,-112.53,55,-114.61,3751.96,5900.00,1.50,0,23,0.09,NLOS,113.63,-7.16,-86.26,-58.47,14.67,28.05,0,30,-102.79,29,-109.19,24,-111.02,16,-112.47,22,-119.94,17,-120.36,5800.00,6100.00,1.50,0,43,0.12,NLOS,110.03,5.27,-95.08,-67.30,2.62,0.00,0,49,-98.99,42,-107.54,37,-109.85,50,-110.50,44,-112.46,38,-115.02,4515.83,3900.00,1.50,0,34,0.03,LOS,98.15,2.11,-80.04,-52.26,17.13,50.53,0,27,-98.28,33,-104.35,40,-114.24,49,-116.02,22,-117.26,28,-117.56
132,7400.00,4955.48,1.50,3,55,0.04,NLOS,125.07,-4.85,-100.01,-72.23,-0.25,33.51,0,54,-102.11,61,-105.27,48,-110.29,47,-112.25,49,-114.48,67,-117.53,7800.00,3676.12,1.50,3,60,0.04,LOS,96.87,5.63,-82.28,-54.50,19.67,52.00,0,59,-103.22,65,-106.82,53,-109.34,62,-111.96,46,-112.48,55,-114.73,3759.76,5900.00,1.50,0,23,0.08,NLOS,114.13,-7.16,-86.76,-58.98,14.06,28.05,0,30,-102.62,29,-109.04,24,-111.07,16,-112.58,22,-119.98,17,-120.48,5800.00,6100.00,1.50,0,43,0.12,NLOS,110.03,5.27,-95.08,-67.30,2.62,0.00,0,49,-98.99,42,-107.54,37,-109.85,50,-110.50,44,-112.46,38,-115.02,4529.87,3900.00,1.50,0,34,0.03,LOS,97.74,2.63,-80.15,-52.37,21.03,50.53,0,27,-102.40,28,-109.41,41,-114.70,20,-114.73,32,-115.37,33,-116.58
133,7400.00,4946.17,1.50,3,55,0.04,NLOS,125.37,-4.85,-100.31,-72.52,-0.75,33.51,0,54,-101.75,61,-105.29,48,-110.30,47,-112.16,49,-114.57,67,-117.50,7800.00,3661.68,1.50,3,60,0.04,LOS,97.33,-3.23,-73.88,-46.10,23.03,52.00,0,59,-98.35,53,-103.29,46,-107.34,67,-111.50,52,-115.34,48,-117.78,3767.55,5900.00,1.50,0,23,0.08,NLOS,114.62,-7.16,-87.25,-59.47,13.45,28.05,0,30,-102.46,29,-108.90,24,-111.11,16,-112.69,22,-120.02,17,-120.59,5800.00,6100.00,1.50,0,43,0.12,NLOS,110.03,5.27,-95.08,-67.30,2.62,0.00,0,49,-98.99,42,-107.54,37,-109.85,50,-110.50,44,-112.46,38,-115.02,4543.90,3900.00,1.50,0,34,0.04,LOS,97.32,2.63,-79.73,-51.95,21.87,50.53,0,27,-102.96,28,-109.54,41,-114.55,20,-114.89,32,-115.33,33,-116.40
134,7400.00,4936.87,1.50,3,55,0.03,NLOS,125.66,3.45,-108.90,-81.12,-2.93,33.51,0,54,-108.45,60,-109.89,48,-110.89,47,-118.02,41,-118.61,53,-118.63,7800.00,3647.23,1.50,3,60,0.03,LOS,97.77,-3.23,-74.33,-46.54,22.24,52.00,0,59,-97.85,53,-103.33,46,-107.28,67,-111.63,52,-115.13,48,-117.88,3775.34,5900.00,1.50,0,23,0.08,NLOS,115.10,3.94,-98.82,-71.04,5.30,28.05,0,29,-105.05,30,-113.13,25,-116.62,31,-116.98,36,-118.99,22,-119.10,5800.00,6100.00,1.50,0,43,0.12,NLOS,110.03,5.27,-95.08,-67.30,2.62,0.00,0,49,-98.99,42,-107.54,37,-109.85,50,-110.50,44,-112.46,38,-115.02,4557.94,3900.00,1.50,0,34,0.04,LOS,96.89,6.54,-83.22,-55.44,12.48,50.53,0,27,-95.88,40,-113.60,28,-114.92,33,-118.17,35,-118.80,39,-119.72
135,7400.00,4927.56,1.50,3,55,0.03,NLOS,125.95,3.45,-109.19,-81.41,-3.42,33.51,0,54,-108.08,60,-109.76,48,-110.91,47,-117.94,53,-118.50,41,-118.59,7800.00,3632.79,1.50,3,60,0.03,LOS,98.21,1.84,-79.83,-52.05,13.76,52.00,0,53,-96.95,59,-97.29,66,-105.79,54,-107.88,61,-113.12,47,-113.28,3783.13,5900.00,1.50,0,23,0.07,NLOS,115.56,3.94,-99.28,-71.50,4.70,28.05,0,29,-104.91,30,-112.97,25,-116.63,31,-116.95,36,-118.88,22,-119.14,5800.00,6100.00,1.50,0,43,0.12,NLOS,110.03,5.27,-95.08,-67.30,2.62,0.00,0,49,-98.99,42,-107.54,37,-109.85,50,-110.50,44,-112.46,38,-115.02,4571.98,3900.00,1.50,0,34,0.04,LOS,96.46,6.54,-82.78,-55.00,13.43,50.53,0,27,-96.42,40,-113.41,28,-115.06,33,-118.00,35,-118.73,39,-119.61
136,7400.00,4918.25,1.50,3,55,0.03,NLOS,126.24,3.45,-109.47,-81.69,-3.91,33.51,0,54,-107.71,60,-109.63,48,-110.92,47,-117.85,53,-118.37,41,-118.57,7800.00,3618.34,1.50,3,60,0.03,LOS,98.63,1.84,-80.25,-52.47,13.14,52.00,0,59,-96.77,53,-97.01,66,-105.81,54,-108.08,61,-113.30,47,-113.34,3790.93,5900.00,1.50,0,23,0.07,NLOS,116.01,3.94,-99.73,-71.95,4.12,28.05,0,29,-104.76,30,-112.81,25,-116.64,31,-116.92,36,-118.77,22,-119.18,5800.00,6100.00,1.50,0,43,0.12,NLOS,110.03,5.27,-95.08,-67.30,2.62,0.00,0,49,-98.99,42,-107.54,37,-109.85,50,-110.50,44,-112.46,38,-115.02,4586.01,3900.00,1.50,0,34,0.04,LOS,96.02,0.35,-76.15,-48.37,22.03,50.53,0,27,-98.48,33,-113.27,29,-115.58,35,-117.50,26,-118.11,40,-118.46
137,7400.00,4908.94,1.50,3,54,0.05,NLOS,120.12,1.49,-101.39,-73.61,6.38,33.51,1,61,-111.73,56,-114.14,47,-114.50,67,-114.53,55,-115.31,60,-117.69,7800.00,3603.90,1.50,3,60,0.03,LOS,99.05,-0.82,-78.01,-50.23,20.32,52.00,0,53,-101.27,59,-101.83,52,-108.19,65,-113.97,54,-117.04,61,-118.34,3798.72,5900.00,1.50,0,23,0.07,NLOS,116.45,3.94,-100.17,-72.39,3.54,28.05,0,29,-104.62,30,-112.64,25,-116.66,31,-116.88,36,-118.67,22,-119.23,5805.10,6100.00,1.50,0,43,0.12,NLOS,110.14,5.27,-95.19,-67.40,2.43,18.37,0,49,-98.88,42,-107.55,37,-109.92,50,-110.44,44,-112.46,38,-115.04,4599.95,3900.00,1.50,2,34,0.04,LOS,95.57,0.35,-75.71,-47.92,22.95,50.53,0,27,-98.99,33,-113.10,29,-115.61,35,-117.43,26,-118.17,40,-118.26
138,7400.00,4900.00,1.50,2,54,0.05,NLOS,119.74,1.49,-101.01,-73.23,6.78,0.00,0,61,-111.77,56,-114.25,47,-114.42,67,-114.50,55,-115.57,60,-117.56,7800.00,3589.46,1.50,3,60,0.03,LOS,99.46,-0.82,-78.42,-50.64,19.70,52.00,0,59,-101.29,53,-101.35,52,-107.98,65,-113.85,54,-117.23,61,-118.52,3800.00,5906.51,1.50,1,23,0.07,NLOS,116.57,-1.18,-95.18,-67.39,5.38,28.05,0,29,-103.18,30,-107.55,24,-108.34,16,-112.62,37,-112.80,36,-115.39,5815.30,6100.00,1.50,0,43,0.12,NLOS,110.38,3.92,-94.08,-66.30,8.68,36.73,0,49,-104.07,42,-109.96,55,-118.08,29,-118.24,44,-118.61,37,-120.35,4585.91,3900.00,1.50,2,34,0.04,LOS,96.02,3.72,-79.52,-51.74,17.53,50.53,0,27,-98.03,33,-106.00,28,-109.08,29,-109.70,36,-110.43,20,-112.29
139,7400.00,4900.00,1.50,2,54,0.05,NLOS,119.74,1.49,-101.01,-73.23,6.78,0.00,0,61,-111.77,56,-114.25,47,-114.42,67,-114.50,55,-115.57,60,-117.56,7800.00,3575.01,1.50,3,60,0.03,LOS,99.86,-0.95,-78.69,-50.91,13.54,52.00,0,59,-92.81,54,-102.76,53,-108.10,52,-114.87,61,-115.54,47,-115.85,3800.00,5914.31,1.50,1,23,0.07,NLOS,116.63,-1.18,-95.24,-67.46,5.34,28.05,0,29,-103.33,30,-107.41,24,-108.20,16,-112.67,37,-112.75,36,-115.39,5825.51,6100.00,1.50,0,43,0.12,NLOS,110.65,3.92,-94.35,-66.57,8.25,36.73,0,49,-103.84,42,-109.99,55,-117.98,29,-118.34,44,-118.62,37,-120.48,4571.88,3900.00,1.50,2,34,0.04,LOS,96.46,3.72,-79.96,-52.18,16.68,50.53,0,27,-97.50,33,-106.17,28,-108.94,29,-109.66,36,-110.45,20,-112.12
140,7400.00,4900.00,1.50,2,54,0.05,NLOS,119.74,1.49,-101.01,-73.23,6.78,0.00,0,61,-111.77,56,-114.25,47,-114.42,67,-114.50,55,-115.57,60,-117.56,7800.00,3560.57,1.50,3,60,0.03,LOS,100.26,-0.95,-79.09,-51.30,12.67,52.00,0,59,-92.25,54,-102.94,53,-108.21,52,-114.65,61,-115.71,47,-115.92,3800.00,5922.10,1.50,1,23,0.07,NLOS,116.71,-1.18,-95.31,-67.53,5.29,28.05,0,29,-103.47,30,-107.26,24,-108.06,37,-112.70,16,-112.72,36,-115.40,5835.71,6100.00,1.50,0,43,0.11,NLOS,110.95,3.92,-94.65,-66.87,7.78,36.73,0,49,-103.61,42,-110.02,55,-117.88,29,-118.43,44,-118.63,37,-120.61,4557.84,3900.00,1.50,2,34,0.04,LOS,96.89,-1.37,-75.30,-47.52,14.72,50.53,0,27,-90.32,28,-102.83,33,-109.29,20,-111.98,21,-112.02,48,-120.30
141,7400.00,4900.00,1.50,2,54,0.05,NLOS,119.74,1.49,-101.01,-73.23,6.78,0.00,0,61,-111.77,56,-114.25,47,-114.42,67,-114.50,55,-115.57,60,-117.56,7800.00,3546.12,1.50,3,60,0.03,LOS,100.64,5.36,-85.78,-58.00,14.97,52.00,0,59,-102.22,53,-109.05,66,-110.72,46,-111.27,65,-113.29,47,-116.59,3800.00,5929.89,1.50,1,23,0.07,NLOS,116.79,-1.18,-95.40,-67.62,5.22,28.05,0,29,-103.62,30,-107.12,24,-107.91,37,-112.65,16,-112.76,36,-115.40,5845.91,6100.00,1.50,0,43,0.11,NLOS,111.27,11.87,-102.92,-75.14,2.88,36.73,0,42,-107.71,37,-114.78,55,-114.91,49,-117.21,36,-118.25,31,-118.25,4543.80,3900.00,1.50,2,34,0.04,LOS,97.32,-1.37,-75.73,-47.95,13.78,50.53,0,27,-89.77,28,-102.70,33,-109.47,21,-111.81,20,-111.81,48,-120.39
142,7400.00,4900.00,1.50,2,54,0.05,NLOS,119.74,1.49,-101.01,-73.23,6.78,0.00,0,61,-111.77,56,-114.25,47,-114.42,67,-114.50,55,-115.57,60,-117.56,7800.00,3531.68,1.50,3,60,0.03,LOS,101.02,5.36,-86.16,-58.38,14.19,52.00,0,59,-101.64,53,-109.17,66,-110.76,46,-111.23,65,-113.17,47,-116.66,3800.00,5937.68,1.50,1,23,0.07,NLOS,116.89,-2.68,-93.99,-66.20,12.09,28.05,0,29,-111.94,22,-112.15,24,-113.06,30,-113.35,31,-115.93,28,-117.21,5856.12,6100.00,1.50,0,43,0.11,NLOS,111.62,11.87,-103.27,-75.48,2.56,36.73,0,42,-107.75,55,-114.81,37,-114.91,49,-116.97,31,-118.33,36,-118.44,4529.76,3900.00,1.50,2,34,0.03,LOS,97.74,-7.00,-70.52,-42.74,29.11,50.53,0,27,-100.61,28,-107.84,21,-110.78,47,-115.83,35,-117.05,19,-117.68
143,7400.00,4900.00,1.50,2,54,0.05,NLOS,119.74,1.49,-101.01,-73.23,6.78,0.00,0,61,-111.77,56,-114.25,47,-114.42,67,-114.50,55,-115.57,60,-117.56,7800.00,3517.24,1.50,3,60,0.03,LOS,101.39,1.76,-82.93,-55.15,19.19,52.00,0,67,-104.61,59,-108.20,58,-109.50,53,-110.41,52,-113.19,46,-113.98,3800.00,5945.48,1.50,1,23,0.06,NLOS,116.99,-2.68,-94.09,-66.31,12.00,28.05,0,29,-112.08,22,-112.28,24,-112.91,30,-113.21,31,-115.84,28,-117.30,5866.32,6100.00,1.50,0,43,0.10,NLOS,111.98,11.87,-103.63,-75.85,2.23,36.73,0,42,-107.79,55,-114.70,37,-115.04,49,-116.73,31,-118.40,35,-118.57,4515.73,3900.00,1.50,2,34,0.03,LOS,98.15,-7.00,-70.93,-43.15,28.23,50.53,0,27,-100.04,28,-107.72,21,-110.56,47,-115.95,35,-117.13,20,-117.57
144,7400.00,4900.00,1.50,2,54,0.05,NLOS,119.74,1.49,-101.01,-73.23,6.78,0.00,0,61,-111.77,56,-114.25,47,-114.42,67,-114.50,55,-115.57,60,-117.56,7800.00,3502.79,1.50,3,60,0.03,LOS,101.76,1.76,-83.29,-55.51,18.76,52.00,0,67,-104.74,59,-107.60,58,-109.29,53,-110.55,52,-112.97,46,-113.95,3800.00,5953.27,1.50,1,23,0.06,NLOS,117.10,-2.68,-94.20,-66.42,11.89,28.05,0,29,-112.23,22,-112.41,24,-112.76,30,-113.06,31,-115.74,28,-117.38,5876.52,6100.00,1.50,0,43,0.10,NLOS,112.37,-7.80,-84.34,-56.56,18.31,36.73,0,36,-107.68,50,-108.86,37,-108.92,49,-111.53,30,-113.31,42,-114.43,4501.69,3900.00,1.50,2,34,0.03,LOS,98.55,2.02,-80.36,-52.58,14.60,50.53,0,27,-95.86,28,-103.37,33,-111.90,35,-113.28,36,-115.77,41,-116.66
145,7400.00,4900.00,1.50,2,54,0.05,NLOS,119.74,1.49,-101.01,-73.23,6.78,0.00,0,61,-111.77,56,-114.25,47,-114.42,67,-114.50,55,-115.57,60,-117.56,7800.00,3488.35,1.50,3,60,0.03,LOS,102.11,-3.06,-78.83,-51.05,16.67,52.00,0,59,-95.75,53,-110.57,65,-111.73,68,-112.88,52,-113.88,66,-115.27,3800.00,5961.06,1.50,1,23,0.06,NLOS,117.23,-2.68,-94.32,-66.54,11.77,28.05,0,29,-112.38,22,-112.53,24,-112.62,30,-112.92,31,-115.65,28,-117.47,5886.73,6100.00,1.50,0,43,0.09,NLOS,112.76,-7.80,-84.74,-56.96,17.94,36.73,0,36,-107.86,50,-108.73,37,-109.05,49,-111.29,30,-113.41,42,-114.48,4487.65,3900.00,1.50,2,34,0.03,LOS,98.95,2.02,-80.76,-52.97,13.71,50.53,0,27,-95.28,28,-103.25,33,-112.09,35,-113.36,36,-115.80,41,-116.81
146,7400.00,4900.00,1.50,2,54,0.05,NLOS,119.74,1.49,-101.01,-73.23,6.78,0.00,0,61,-111.77,56,-114.25,47,-114.42,67,-114.50,55,-115.57,60,-117.56,7800.00,3473.90,1.50,3,60,0.03,LOS,102.46,-3.06,-79.18,-51.40,15.75,52.00,0,59,-95.14,53,-110.73,65,-111.61,68,-112.98,52,-113.66,66,-115.33,3800.00,5968.86,1.50,1,23,0.06,NLOS,117.36,6.89,-104.03,-76.24,-0.96,28.05,0,30,-104.06,29,-113.79,35,-115.76,22,-117.90,17,-117.92,24,-118.31,5896.93,6100.00,1.50,0,43,0.09,NLOS,113.17,-7.80,-85.15,-57.37,17.55,36.73,0,36,-108.04,50,-108.59,37,-109.17,49,-111.04,30,-113.52,42,-114.53,4473.62,3900.00,1.50,2,34,0.03,LOS,99.34,5.86,-84.99,-57.20,8.89,50.53,0,27,-94.15,33,-108.19,20,-109.96,28,-111.71,23,-111.92,35,-118.09
147,7400.00,4900.00,1.50,2,54,0.05,NLOS,119.74,1.49,-101.01,-73.23,6.78,0.00,0,61,-111.77,56,-114.25,47,-114.42,67,-114.50,55,-115.57,60,-117.56,7800.00,3459.46,1.50,3,60,0.03,LOS,102.81,-1.86,-80.73,-52.95,8.93,52.00,0,59,-89.81,53,-105.05,58,-115.33,67,-117.07,66,-117.26,45,-117.43,3800.00,5976.65,1.50,1,23,0.06,NLOS,117.49,6.89,-104.16,-76.38,-1.20,28.05,0,30,-103.92,29,-113.94,35,-115.81,17,-117.89,22,-118.02,24,-118.16,5907.13,6100.00,1.50,0,43,0.09,NLOS,113.59,5.51,-98.88,-71.10,2.02,36.73,0,49,-104.37,37,-107.05,42,-108.45,50,-113.06,56,-114.98,36,-115.28,4459.58,3900.00,1.50,2,34,0.03,LOS,99.72,5.86,-85.37,-57.59,7.96,50.53,0,27,-93.56,33,-108.38,20,-109.78,28,-111.61,23,-111.87,35,-118.18
148,7395.35,4900.00,1.50,2,54,0.05,NLOS,119.65,1.49,-100.93,-73.15,6.90,16.75,0,61,-111.90,56,-114.24,47,-114.37,67,-114.55,55,-115.54,60,-117.61,7800.00,3445.02,1.50,3,60,0.03,LOS,103.15,-1.86,-81.07,-53.29,8.01,52.00,0,59,-89.21,53,-105.21,58,-115.10,67,-117.20,66,-117.33,45,-117.34,3800.00,5984.44,1.50,1,23,0.06,NLOS,117.64,6.89,-104.31,-76.53,-1.45,28.05,0,30,-103.78,29,-114.08,35,-115.87,17,-117.85,24,-118.01,22,-118.14,5917.33,6100.00,1.50,0,43,0.08,NLOS,114.01,5.51,-99.30,-71.52,1.52,36.73,0,49,-104.11,37,-107.18,42,-108.51,50,-112.92,56,-114.85,36,-115.45,4445.54,3900.00,1.50,2,34,0.03,LOS,100.10,-6.27,-73.61,-45.83,9.90,50.53,0,27,-83.56,28,-104.50,21,-107.50,33,-110.65,26,-114.37,40,-116.50
149,7386.04,4900.00,1.50,2,54,0.05,NLOS,119.48,1.49,-100.76,-72.98,7.14,33.51,0,61,-112.15,56,-114.23,47,-114.27,67,-114.66,55,-115.46,60,-117.71,7800.00,3430.57,1.50,3,60,0.02,LOS,103.48,3.09,-86.35,-58.57,2.07,52.00,0,59,-88.47,53,-108.70,46,-112.74,47,-116.47,55,-116.74,65,-118.25,3800.00,5992.24,1.50,1,23,0.06,NLOS,117.79,6.89,-104.46,-76.68,-1.70,28.05,0,30,-103.65,29,-114.22,35,-115.92,17,-117.82,24,-117.85,22,-118.27,5927.54,6100.00,1.50,0,43,0.08,NLOS,114.44,5.51,-99.73,-71.95,1.01,36.73,0,49,-103.86,37,-107.30,42,-108.57,50,-112.79,56,-114.72,36,-115.63,4431.51,3900.00,1.50,2,34,0.03,LOS,100.47,-6.27,-73.98,-46.20,8.95,50.53,0,27,-82.97,28,-104.41,21,-107.26,33,-110.83,26,-114.33,40,-116.68
150,7376.73,4900.00,1.50,2,54,0.05,NLOS,119.32,-11.64,-87.46,-59.68,13.80,33.51,0,55,-105.02,60,-107.76,53,-108.69,62,-109.74,61,-110.44,41,-114.33,7800.00,3416.13,1.50,3,60,0.02,LOS,103.81,3.09,-86.68,-58.90,1.16,52.00,0,59,-87.88,53,-108.88,46,-112.72,47,-116.55,55,-116.86,65,-118.13,3800.00,6000.03,1.50,1,23,0.06,NLOS,117.95,-12.23,-85.50,-57.72,17.97,28.05,0,17,-104.32,9,-113.04,29,-115.62,11,-116.19,22,-117.07,24,-117.28,5937.74,6100.00,1.50,0,43,0.08,NLOS,114.87,8.05,-102.70,-74.92,4.42,36.73,0,42,-111.09,57,-111.76,50,-112.73,48,-113.51,36,-114.65,61,-115.98,4417.47,3900.00,1.50,2,34,0.03,LOS,100.83,-2.26,-78.35,-50.57,13.41,50.53,0,27,-91.98,33,-105.03,20,-112.75,21,-117.17,26,-119.52,22,-119.74
151,7367.42,4900.00,1.50,2,54,0.05,NLOS,119.17,-11.64,-87.31,-59.53,13.97,33.51,0,55,-104.96,60,-107.86,53,-108.68,62,-109.81,61,-110.68,41,-114.23,7800.00,3401.68,1.50,3,60,0.02,LOS,104.13,-0.54,-83.37,-55.59,7.32,52.00,0,53,-92.01,59,-96.54,52,-108.48,65,-114.82,58,-115.47,39,-116.89,3800.00,6007.82,1.50,1,23,0.06,NLOS,118.12,-12.23,-85.67,-57.89,17.78,28.05,0,17,-104.29,9,-113.07,29,-115.77,11,-116.17,24,-117.13,22,-117.19,5947.94,6100.00,1.50,0,43,0.07,NLOS,115.30,8.05,-103.13,-75.35,4.01,36.73,0,42,-111.16,57,-111.68,50,-112.60,48,-113.45,36,-114.82,61,-115.91,4403.43,3900.00,1.50,2,34,0.03,LOS,101.19,-2.26,-78.71,-50.93,12.51,50.53,0,27,-91.40,33,-105.22,20,-112.57,21,-116.92,26,-119.49,22,-119.63
152,7358.11,4900.00,1.50,2,54,0.06,NLOS,119.03,-11.64,-87.17,-59.38,14.13,33.51,0,55,-104.90,60,-107.96,53,-108.67,62,-109.89,61,-110.93,41,-114.14,7800.00,3387.24,1.50,3,60,0.02,LOS,104.44,-0.54,-83.69,-55.91,6.99,52.00,0,53,-92.20,59,-95.99,52,-108.25,65,-114.71,58,-115.24,39,-116.86,3800.00,6015.61,1.50,1,23,0.06,NLOS,118.29,-12.23,-85.84,-58.06,17.59,28.05,0,17,-104.25,9,-113.11,29,-115.91,11,-116.14,24,-116.97,22,-117.31,5958.15,6100.00,1.50,0,43,0.07,NLOS,115.73,8.05,-103.56,-75.78,3.60,36.73,0,42,-111.23,57,-111.60,50,-112.46,48,-113.38,36,-114.99,61,-115.84,4400.00,3900.00,1.50,0,34,0.03,LOS,101.27,-2.26,-78.79,-51.01,12.29,0.00,0,27,-91.26,33,-105.27,20,-112.53,21,-116.86,26,-119.48,22,-119.61
153,7348.81,4900.00,1.50,2,54,0.06,NLOS,118.89,11.83,-110.50,-82.72,-6.10,33.51,0,55,-107.98,48,-108.21,49,-112.19,60,-115.18,63,-116.06,62,-117.66,7800.00,3372.80,1.50,3,60,0.02,LOS,104.75,-3.07,-81.46,-53.68,3.08,52.00,0,59,-84.58,54,-106.99,65,-109.60,58,-111.11,55,-112.22,52,-113.05,3800.00,6023.41,1.50,1,23,0.06,NLOS,118.47,-12.23,-86.02,-58.24,17.39,28.05,0,17,-104.22,9,-113.14,29,-116.05,11,-116.12,24,-116.81,22,-117.43,5968.35,6100.00,1.50,0,43,0.07,NLOS,116.16,-1.92,-94.02,-66.24,2.13,36.73,0,49,-98.74,42,-102.40,44,-104.69,50,-108.05,55,-115.28,29,-115.81,4400.00,3900.00,1.50,0,34,0.03,LOS,101.27,-2.26,-78.79,-51.01,12.29,0.00,0,27,-91.26,33,-105.27,20,-112.53,21,-116.86,26,-119.48,22,-119.61
154,7339.50,4900.00,1.50,2,54,0.06,NLOS,118.77,11.83,-110.38,-82.60,-6.07,33.51,0,55,-107.93,48,-108.02,49,-112.10,60,-115.28,63,-116.09,62,-117.74,7800.00,3358.35,1.50,3,60,0.02,LOS,105.06,-3.07,-81.77,-53.99,2.30,52.00,0,59,-84.10,54,-107.16,65,-109.49,58,-110.86,55,-112.33,52,-112.83,3800.00,6031.20,1.50,1,23,0.06,NLOS,118.65,-12.91,-85.53,-57.75,19.40,28.05,0,30,-108.26,17,-111.37,31,-113.03,27,-113.25,24,-113.59,28,-115.06,5978.55,6100.00,1.50,0,43,0.07,NLOS,116.59,-1.92,-94.45,-66.67,1.56,36.73,0,49,-98.47,42,-102.48,44,-104.73,50,-107.91,55,-115.18,29,-115.90,4400.00,3900.00,1.50,0,34,0.03,LOS,101.27,-2.26,-78.79,-51.01,12.29,0.00,0,27,-91.26,33,-105.27,20,-112.53,21,-116.86,26,-119.48,22,-119.61
155,7330.19,4900.00,1.50,2,54,0.06,NLOS,118.66,11.83,-110.27,-82.48,-6.05,33.51,0,48,-107.83,55,-107.89,49,-112.02,60,-115.38,63,-116.12,62,-117.82,7800.00,3343.91,1.50,3,60,0.02,LOS,105.36,-10.00,-75.14,-47.36,17.26,52.00,0,59,-92.58,53,-106.87,52,-117.27,47,-118.56,66,-121.59,41,-121.91,3800.00,6038.99,1.50,1,23,0.06,NLOS,118.84,-12.91,-85.72,-57.94,19.13,28.05,0,30,-108.13,17,-111.34,31,-112.93,27,-113.31,24,-113.43,28,-115.15,5988.76,6100.00,1.50,0,43,0.06,NLOS,117.02,-1.92,-94.87,-67.09,0.99,36.73,0,49,-98.19,42,-102.56,44,-104.76,50,-107.78,55,-115.07,29,-115.99,4400.00,3900.00,1.50,0,34,0.03,LOS,101.27,-2.26,-78.79,-51.01,12.29,0.00,0,27,-91.26,33,-105.27,20,-112.53,21,-116.86,26,-119.48,22,-119.61
156,7320.88,4900.00,1.50,2,54,0.06,NLOS,118.55,-6.27,-92.06,-64.28,12.64,33.51,0,48,-107.79,55,-110.73,42,-112.80,61,-115.73,47,-116.91,60,-117.04,7800.00,3329.47,1.50,3,60,0.02,LOS,105.66,-10.00,-75.44,-47.66,16.62,52.00,0,59,-92.21,53,-107.07,52,-117.05,47,-118.64,66,-121.68,41,-121.97,3800.00,6046.79,1.50,1,23,0.06,NLOS,119.03,-12.91,-85.91,-58.13,18.87,28.05,0,30,-108.01,17,-111.31,31,-112.83,24,-113.27,27,-113.36,28,-115.23,5998.96,6100.00,1.50,0,43,0.06,NLOS,117.44,2.46,-99.68,-71.90,-0.33,36.73,0,49,-100.60,50,-108.70,37,-110.63,55,-114.38,57,-114.39,44,-114.77,4400.00,3900.00,1.50,0,34,0.03,LOS,101.27,-2.26,-78.79,-51.01,12.29,0.00,0,27,-91.26,33,-105.27,20,-112.53,21,-116.86,26,-119.48,22,-119.61
157,7311.57,4900.00,1.50,2,54,0.06,NLOS,118.46,-6.27,-91.97,-64.19,12.64,33.51,0,48,-107.60,55,-110.70,42,-112.71,61,-115.96,47,-116.81,60,-117.15,7800.00,3315.02,1.50,3,60,0.02,LOS,105.95,-1.63,-84.10,-56.32,5.21,52.00,0,59,-89.34,58,-107.75,65,-110.21,45,-111.99,53,-113.11,47,-114.44,3800.00,6054.58,1.50,1,23,0.05,NLOS,119.23,-12.91,-86.10,-58.32,18.60,28.05,0,30,-107.88,17,-111.28,31,-112.73,24,-113.10,27,-113.42,28,-115.31,6009.16,6100.00,1.50,0,43,0.06,NLOS,117.86,2.46,-100.10,-72.32,-0.97,36.73,0,49,-100.31,50,-108.57,37,-110.75,55,-114.27,57,-114.31,44,-114.81,4400.00,3900.00,1.50,0,34,0.03,LOS,101.27,-2.26,-78.79,-51.01,12.29,0.00,0,27,-91.26,33,-105.27,20,-112.53,21,-116.86,26,-119.48,22,-119.61
158,7302.27,4900.00,1.50,2,54,0.06,NLOS,118.39,-6.27,-91.89,-64.11,12.63,33.51,0,48,-107.41,55,-110.66,42,-112.62,61,-116.18,47,-116.71,60,-117.25,7800.00,3300.58,1.50,3,60,0.02,LOS,106.23,-1.63,-84.38,-56.60,4.69,52.00,0,59,-89.11,58,-107.49,65,-110.11,45,-111.90,53,-113.32,47,-114.52,3800.00,6062.37,1.50,1,23,0.05,NLOS,119.43,-2.06,-97.15,-69.37,6.67,28.05,0,30,-105.96,24,-109.47,25,-109.57,8,-117.35,29,-117.77,17,-118.67,6019.36,6100.00,1.50,0,43,0.06,NLOS,118.28,2.46,-100.52,-72.74,-1.61,36.73,0,49,-100.02,50,-108.43,37,-110.87,55,-114.17,57,-114.23,44,-114.85,4400.00,3900.00,1.50,0,34,0.03,LOS,101.27,-2.26,-78.79,-51.01,12.29,0.00,0,27,-91.26,33,-105.27,20,-112.53,21,-116.86,26,-119.48,22,-119.61
159,7292.96,4900.00,1.50,2,54,0.06,NLOS,118.32,-3.35,-94.75,-66.97,8.51,33.51,0,55,-105.69,61,-110.83,49,-111.98,48,-113.30,53,-113.96,68,-114.35,7800.00,3313.87,1.50,1,60,0.02,LOS,105.97,3.17,-88.92,-61.14,1.37,52.00,0,59,-90.43,54,-106.21,58,-109.62,52,-109.91,53,-114.77,40,-119.36,3800.00,6070.16,1.50,1,23,0.05,NLOS,119.63,-2.06,-97.35,-69.57,6.35,28.05,0,30,-105.84,24,-109.30,25,-109.49,8,-117.39,29,-117.91,17,-118.64,6029.57,6100.00,1.50,0,43,0.06,NLOS,118.69,-7.18,-91.29,-63.51,10.73,36.73,0,49,-102.72,42,-114.37,50,-114.43,62,-117.83,27,-120.56,44,-121.49,4400.00,3900.00,1.50,0,34,0.03,LOS,101.27,-2.26,-78.79,-51.01,12.29,0.00,0,27,-91.26,33,-105.27,20,-112.53,21,-116.86,26,-119.48,22,-119.61
160,7283.65,4900.00,1.50,2,54,0.06,NLOS,118.27,-3.35,-94.70,-66.91,8.57,33.51,0,55,-105.67,61,-111.05,49,-111.90,48,-113.10,53,-113.95,68,-114.44,7800.00,3328.31,1.50,1,60,0.02,LOS,105.68,3.17,-88.63,-60.85,1.95,52.00,0,59,-90.73,54,-106.04,58,-109.88,52,-110.13,53,-114.56,40,-119.34,3800.00,6077.96,1.50,1,23,0.05,NLOS,119.84,-2.06,-97.56,-69.78,6.04,28.05,0,30,-105.72,24,-109.14,25,-109.40,8,-117.43,29,-118.05,17,-118.61,6039.77,6100.00,1.50,0,43,0.05,NLOS,119.10,-7.18,-91.70,-63.92,10.07,36.73,0,49,-102.42,50,-114.30,42,-114.46,62,-117.75,27,-120.59,44,-121.53,4400.00,3900.00,1.50,0,34,0.03,LOS,101.27,-2.26,-78.79,-51.01,12.29,0.00,0,27,-91.26,33,-105.27,20,-112.53,21,-116.86,26,-119.48,22,-119.61
161,7274.34,4900.00,1.50,2,54,0.06,NLOS,118.23,-3.35,-94.66,-66.87,8.62,33.51,0,55,-105.65,61,-111.26,49,-111.82,48,-112.90,53,-113.95,68,-114.54,7800.00,3342.75,1.50,1,59,0.12,NLOS,110.70,-3.99,-86.49,-58.71,5.61,52.00,1,60,-92.35,52,-106.36,54,-110.68,66,-112.74,53,-113.32,41,-120.10,3800.00,6085.75,1.50,1,23,0.05,NLOS,120.04,-2.06,-97.77,-69.98,5.72,28.05,0,30,-105.61,24,-108.97,25,-109.32,8,-117.46,29,-118.18,17,-118.59,6049.97,6100.00,1.50,0,43,0.05,NLOS,119.50,-7.18,-92.10,-64.32,9.41,36.73,0,49,-102.12,50,-114.17,42,-114.56,62,-117.66,27,-120.63,44,-121.57,4400.00,3900.00,1.50,0,34,0.03,LOS,101.27,-2.26,-78.79,-51.01,12.29,0.00,0,27,-91.26,33,-105.27,20,-112.53,21,-116.86,26,-119.48,22,-119.61
162,7265.03,4900.00,1.50,2,54,0.06,NLOS,118.20,-8.13,-89.85,-62.07,11.44,33.51,0,60,-104.02,47,-107.95,48,-110.65,42,-112.73,55,-113.57,61,-115.40,7800.00,3357.20,1.50,1,59,0.11,NLOS,111.12,-3.99,-86.92,-59.14,4.91,52.00,0,60,-92.05,52,-106.58,54,-110.51,66,-112.66,53,-113.12,41,-120.05,3800.00,6093.54,1.50,1,23,0.05,NLOS,120.26,2.63,-102.67,-74.89,0.22,28.05,0,36,-104.40,30,-104.58,24,-110.10,29,-113.77,31,-116.18,37,-116.74,6060.18,6100.00,1.50,0,43,0.05,NLOS,119.89,1.38,-101.05,-73.27,2.25,36.73,0,42,-106.76,49,-109.00,36,-110.87,56,-112.77,57,-114.09,50,-114.82,4407.02,3900.00,1.50,0,34,0.03,LOS,101.10,-2.26,-78.62,-50.83,12.74,25.27,0,27,-91.55,33,-105.17,20,-112.61,21,-116.99,26,-119.50,22,-119.66
163,7255.73,4900.00,1.50,2,54,0.06,NLOS,118.18,-8.13,-89.84,-62.05,11.47,33.51,0,60,-104.13,47,-107.85,48,-110.44,42,-112.64,55,-113.56,61,-115.61,7800.00,3371.64,1.50,1,60,0.02,LOS,104.78,3.27,-87.83,-60.05,5.91,52.00,1,59,-94.42,53,-103.22,66,-108.99,52,-109.19,65,-114.68,58,-114.92,3800.00,6101.34,1.50,1,23,0.05,NLOS,120.47,2.63,-102.88,-75.10,-0.09,28.05,0,36,-104.42,30,-104.47,24,-109.93,29,-113.90,31,-116.07,37,-116.70,6070.38,6100.00,1.50,0,43,0.05,NLOS,120.28,1.38,-101.44,-73.66,1.83,36.73,0,42,-106.86,49,-108.69,36,-111.02,56,-112.62,57,-114.01,50,-114.69,4421.06,3900.00,1.50,0,34,0.03,LOS,100.74,4.54,-85.06,-57.27,5.84,50.53,0,27,-91.03,28,-106.58,26,-111.80,35,-116.14,20,-117.28,21,-117.42
164,7246.42,4900.00,1.50,2,54,0.06,NLOS,118.18,-8.13,-89.83,-62.05,11.49,33.51,0,60,-104.23,47,-107.74,48,-110.24,42,-112.54,55,-113.56,61,-115.82,7800.00,3386.09,1.50,1,60,0.02,LOS,104.47,3.27,-87.52,-59.74,6.63,52.00,0,59,-94.94,53,-103.02,66,-108.91,52,-109.41,65,-114.79,58,-115.16,3800.00,6109.13,1.50,1,23,0.05,NLOS,120.68,2.63,-103.10,-75.32,-0.40,28.05,0,30,-104.37,36,-104.44,24,-109.76,29,-114.04,31,-115.96,37,-116.65,6080.58,6100.00,1.50,0,43,0.05,NLOS,120.67,1.38,-101.83,-74.05,1.42,36.73,0,42,-106.97,49,-108.38,36,-111.18,56,-112.48,57,-113.93,50,-114.56,4435.09,3900.00,1.50,0,34,0.03,LOS,100.37,4.54,-84.69,-56.91,6.78,50.53,0,27,-91.62,28,-106.67,26,-111.84,35,-116.05,20,-117.46,21,-117.66
165,7237.11,4900.00,1.50,2,54,0.06,NLOS,118.19,-6.64,-91.34,-63.56,10.76,33.51,0,48,-105.11,55,-106.52,66,-109.75,62,-111.01,61,-113.25,47,-118.08,7800.00,3400.53,1.50,1,60,0.02,LOS,104.15,-5.12,-78.81,-51.03,20.12,52.00,0,59,-102.26,66,-102.75,54,-109.12,52,-113.24,58,-114.78,53,-117.06,3800.00,6116.92,1.50,1,23,0.05,NLOS,120.90,2.63,-103.31,-75.53,-0.71,28.05,0,30,-104.26,36,-104.46,24,-109.58,29,-114.17,31,-115.86,37,-116.61,6090.78,6100.00,1.50,0,43,0.05,NLOS,121.05,1.96,-102.79,-75.01,-2.63,36.73,0,49,-100.60,36,-115.53,50,-116.35,37,-116.92,47,-117.74,21,-118.60,4449.13,3900.00,1.50,0,34,0.03,LOS,100.00,0.36,-80.15,-52.37,15.46,50.53,0,27,-96.27,26,-101.63,28,-106.06,33,-109.83,21,-111.87,41,-116.79
166,7227.80,4900.00,1.50,2,54,0.06,NLOS,118.22,-6.64,-91.36,-63.58,10.65,33.51,0,48,-104.90,55,-106.53,66,-109.81,62,-111.09,61,-113.45,47,-117.97,7800.00,3414.97,1.50,1,60,0.02,LOS,103.83,-5.12,-78.49,-50.71,20.64,52.00,0,66,-102.68,59,-102.83,54,-108.95,52,-113.46,58,-115.02,53,-116.87,3800.00,6124.72,1.50,1,23,0.05,NLOS,121.11,1.94,-102.83,-75.05,0.09,28.05,0,30,-104.27,29,-109.77,37,-114.48,36,-115.92,43,-118.15,17,-118.97,6100.99,6100.00,1.50,0,43,0.05,NLOS,121.43,1.96,-103.17,-75.39,-3.29,36.73,0,49,-100.28,36,-115.68,50,-116.23,37,-117.04,47,-117.72,21,-118.64,4463.17,3900.00,1.50,0,34,0.03,LOS,99.63,0.36,-79.77,-51.99,16.34,50.53,0,27,-96.86,26,-101.67,28,-106.16,33,-109.65,21,-112.10,41,-116.65
167,7218.49,4900.00,1.50,2,54,0.06,NLOS,118.26,-6.64,-91.40,-63.62,10.51,33.51,0,48,-104.69,55,-106.55,66,-109.87,62,-111.17,61,-113.65,47,-117.87,7800.00,3429.42,1.50,1,60,0.02,LOS,103.51,0.09,-83.38,-55.60,12.67,52.00,0,59,-96.39,53,-109.68,58,-113.53,65,-114.21,52,-114.84,66,-114.99,3800.00,6132.51,1.50,1,23,0.05,NLOS,121.33,1.94,-103.05,-75.27,-0.17,28.05,0,30,-104.17,29,-109.91,37,-114.43,36,-115.94,43,-118.15,17,-118.95,6111.19,6100.00,1.50,0,49,0.04,NLOS,123.41,-3.24,-99.95,-72.17,3.10,36.73,1,43,-103.54,36,-115.83,50,-116.11,37,-117.16,47,-117.70,21,-118.68,4477.20,3900.00,1.50,0,34,0.03,LOS,99.24,9.49,-88.51,-60.73,2.07,50.53,0,27,-90.61,26,-114.23,33,-115.29,19,-116.31,22,-116.38,35,-119.87
168,7209.19,4900.00,1.50,2,54,0.06,NLOS,118.31,3.66,-101.74,-73.96,-2.84,33.51,0,55,-99.50,47,-109.27,56,-113.29,61,-115.03,49,-119.40,62,-121.69,7800.00,3443.86,1.50,1,60,0.03,LOS,103.17,0.09,-83.05,-55.27,13.54,52.00,0,59,-96.99,53,-109.51,58,-113.75,65,-114.33,54,-114.86,66,-114.92,3800.00,6140.30,1.50,1,23,0.05,NLOS,121.55,1.94,-103.27,-75.49,-0.44,28.05,0,30,-104.08,29,-110.04,37,-114.39,36,-115.96,43,-118.14,17,-118.93,6121.39,6100.00,1.50,0,43,0.04,NLOS,122.16,-3.74,-98.20,-70.42,4.25,36.73,1,49,-105.55,50,-107.57,42,-111.38,62,-113.64,37,-114.93,51,-116.92,4491.24,3900.00,1.50,0,34,0.03,LOS,98.85,9.49,-88.12,-60.34,3.04,50.53,0,27,-91.20,26,-114.28,33,-115.10,19,-116.39,22,-116.48,35,-119.78
169,7200.00,4899.88,1.50,3,54,0.06,NLOS,118.36,3.66,-101.80,-74.02,-2.87,33.51,0,55,-99.52,47,-109.16,56,-113.29,61,-115.22,49,-119.33,62,-121.77,7800.00,3458.31,1.50,1,60,0.03,LOS,102.84,7.79,-90.41,-62.63,7.76,52.00,0,59,-99.24,53,-106.63,52,-107.38,67,-110.83,65,-113.76,46,-118.39,3800.00,6148.09,1.50,1,23,0.05,NLOS,121.77,1.94,-103.49,-75.71,-0.70,28.05,0,30,-103.99,29,-110.17,37,-114.35,36,-115.99,43,-118.13,17,-118.91,6131.60,6100.00,1.50,0,43,0.04,NLOS,122.52,-3.74,-98.56,-70.77,3.71,36.73,0,49,-105.22,50,-107.45,42,-111.49,62,-113.55,37,-115.05,51,-116.90,4505.28,3900.00,1.50,0,34,0.03,LOS,98.45,-5.28,-72.95,-45.17,27.09,50.53,0,27,-100.63,26,-112.34,33,-112.37,21,-113.84,28,-114.65,41,-117.48
170,7200.00,4890.57,1.50,3,54,0.06,NLOS,117.89,3.66,-101.33,-73.55,-2.16,33.51,0,55,-99.81,47,-109.05,56,-113.41,61,-115.25,49,-119.43,62,-121.87,7800.00,3472.75,1.50,1,60,0.03,LOS,102.49,7.79,-90.06,-62.28,8.54,52.00,0,59,-99.84,53,-106.47,52,-107.60,67,-110.70,65,-113.88,46,-118.42,3800.00,6155.89,1.50,1,30,0.04,NLOS,124.09,-0.07,-103.79,-76.01,-1.67,28.05,1,24,-104.33,23,-108.52,16,-109.87,17,-110.60,31,-113.14,29,-114.64,6141.80,6100.00,1.50,0,43,0.04,NLOS,122.87,-3.74,-98.91,-71.13,3.17,36.73,0,49,-104.89,50,-107.33,42,-111.60,62,-113.45,37,-115.17,51,-116.87,4519.31,3900.00,1.50,0,34,0.03,LOS,98.05,-5.28,-72.54,-44.76,27.98,50.53,0,27,-101.20,33,-112.18,26,-112.40,21,-114.07,28,-114.77,41,-117.33
171,7200.00,4881.26,1.50,3,54,0.06,NLOS,117.41,-0.94,-96.26,-68.48,9.16,33.51,0,60,-109.74,55,-111.52,41,-112.18,61,-112.20,48,-114.71,56,-115.69,7800.00,3487.19,1.50,1,60,0.03,LOS,102.14,1.99,-83.92,-56.14,15.09,52.00,0,59,-99.25,52,-111.60,47,-115.36,61,-115.92,53,-117.29,48,-117.85,3800.00,6163.68,1.50,1,30,0.04,NLOS,124.00,-0.07,-103.71,-75.93,-1.65,28.05,0,24,-104.15,23,-108.74,16,-109.93,17,-110.58,31,-113.03,29,-114.77,6152.00,6100.00,1.50,0,43,0.04,NLOS,123.22,0.15,-103.15,-75.37,-2.65,36.73,0,42,-103.77,49,-104.17,48,-104.56,55,-109.91,44,-113.25,50,-116.93,4533.35,3900.00,1.50,0,34,0.03,LOS,97.63,5.30,-82.72,-54.94,12.69,50.53,0,27,-96.45,28,-103.92,33,-107.64,20,-112.88,22,-117.52,15,-117.82
172,7200.00,4871.95,1.50,3,54,0.07,NLOS,116.92,-0.94,-95.76,-67.98,9.69,33.51,0,60,-109.65,55,-111.80,41,-112.16,61,-112.23,48,-114.75,56,-115.81,7800.00,3498.36,1.50,3,60,0.03,LOS,101.87,1.99,-83.64,-55.86,15.80,52.00,0,59,-99.71,52,-111.77,47,-115.30,61,-115.79,53,-117.17,48,-117.77,3800.00,6171.47,1.50,1,30,0.04,NLOS,123.93,-0.07,-103.63,-75.85,-1.64,28.05,0,24,-103.97,23,-108.96,16,-109.99,17,-110.56,31,-112.92,29,-114.90,6162.21,6100.00,1.50,0,43,0.04,NLOS,123.56,0.15,-103.49,-75.71,-3.08,36.73,0,49,-103.83,42,-103.89,48,-104.51,55,-109.80,44,-113.31,50,-116.82,4547.39,3900.00,1.50,0,34,0.04,LOS,97.21,5.30,-82.30,-54.52,13.55,50.53,0,27,-97.01,28,-104.05,33,-107.46,20,-113.05,22,-117.63,41,-117.83
173,7200.00,4862.65,1.50,3,54,0.07,NLOS,116.41,-0.94,-95.26,-67.47,10.23,33.51,0,60,-109.55,55,-112.08,41,-112.13,61,-112.26,48,-114.79,56,-115.92,7800.00,3483.92,1.50,3,60,0.03,LOS,102.22,-0.14,-81.87,-54.08,16.67,52.00,0,59,-99.30,53,-107.97,65,-109.45,52,-110.43,47,-117.00,54,-117.28,3800.00,6179.27,1.50,1,30,0.04,NLOS,123.85,-0.07,-103.56,-75.78,-1.64,28.05,0,24,-103.78,23,-109.18,16,-110.05,17,-110.55,31,-112.81,29,-115.03,6172.41,6100.00,1.50,0,43,0.04,NLOS,123.90,0.15,-103.83,-76.05,-3.53,36.73,0,49,-103.48,42,-104.00,48,-104.47,55,-109.68,44,-113.36,50,-116.71,4561.42,3900.00,1.50,0,34,0.04,LOS,96.78,-6.23,-70.34,-42.56,35.94,50.53,0,35,-111.16,19,-111.47,27,-112.73,33,-113.80,41,-114.61,21,-115.05
174,7200.00,4853.34,1.50,3,54,0.07,NLOS,115.89,-6.43,-89.23,-61.45,13.47,33.51,0,61,-106.92,48,-108.73,47,-109.08,68,-113.66,55,-114.40,53,-117.11,7800.00,3469.47,1.50,3,60,0.03,LOS,102.57,-0.14,-82.21,-54.43,15.82,52.00,0,59,-98.69,53,-108.12,65,-109.33,52,-110.21,47,-117.08,54,-117.46,3800.00,6187.06,1.50,1,23,0.04,NLOS,122.87,-2.27,-100.38,-72.60,1.49,28.05,1,24,-104.27,30,-108.14,22,-110.88,37,-111.69,10,-112.50,31,-113.88,6182.61,6100.00,1.50,0,49,0.05,NLOS,121.04,-7.95,-92.86,-65.08,9.56,36.73,1,43,-103.52,50,-110.24,42,-117.84,38,-122.16,55,-123.43,56,-123.59,4575.46,3900.00,1.50,0,34,0.04,LOS,96.35,-6.23,-69.90,-42.12,36.41,50.53,0,35,-111.09,19,-111.55,27,-113.26,33,-113.62,41,-114.45,21,-115.26
175,7200.00,4844.03,1.50,3,54,0.07,NLOS,115.35,-6.43,-88.69,-60.91,14.02,33.51,0,61,-106.96,48,-108.78,47,-108.97,68,-113.70,55,-114.67,53,-116.97,7800.00,3455.03,1.50,3,60,0.03,LOS,102.91,6.37,-89.06,-61.28,6.94,52.00,0,59,-96.56,66,-107.50,52,-108.75,61,-111.94,54,-113.28,39,-116.61,3800.00,6194.85,1.50,1,23,0.04,NLOS,123.09,-2.27,-100.60,-72.82,1.17,28.05,0,24,-104.08,30,-108.07,22,-110.98,37,-111.64,10,-112.52,31,-113.76,6192.81,6100.00,1.50,0,49,0.05,NLOS,120.68,-7.95,-92.51,-64.73,10.15,36.73,0,43,-103.85,50,-110.13,42,-117.96,38,-122.22,55,-123.32,56,-123.43,4589.50,3900.00,1.50,0,34,0.04,LOS,95.90,0.59,-76.28,-48.50,26.10,50.53,0,27,-104.74,33,-108.83,26,-110.92,28,-112.13,32,-114.71,36,-115.89
176,7200.00,4834.72,1.50,3,54,0.08,NLOS,114.79,-6.43,-88.14,-60.35,14.59,33.51,0,61,-107.00,48,-108.82,47,-108.85,68,-113.73,55,-114.93,53,-116.83,7800.00,3440.59,1.50,3,60,0.02,LOS,103.25,6.37,-89.40,-61.62,6.08,52.00,0,59,-95.95,66,-107.56,52,-108.53,61,-112.10,54,-113.46,39,-116.57,3800.00,6202.65,1.50,1,23,0.04,NLOS,123.31,-2.27,-100.82,-73.04,0.84,28.05,0,24,-103.89,30,-108.01,22,-111.08,37,-111.60,10,-112.53,31,-113.65,6200.00,6103.02,1.50,1,49,0.05,NLOS,120.51,-7.95,-92.34,-64.56,10.43,36.73,0,43,-104.03,50,-109.99,42,-118.10,38,-122.24,55,-123.26,56,-123.31,4600.00,3896.47,1.50,3,34,0.04,LOS,95.63,0.59,-76.01,-48.23,26.51,50.53,0,27,-105.05,33,-108.63,26,-110.92,28,-112.31,32,-114.65,36,-115.90
177,7200.00,4825.41,1.50,3,54,0.08,NLOS,114.21,2.62,-96.61,-68.83,3.31,33.51,0,55,-103.67,48,-104.63,61,-106.59,49,-115.37,53,-119.01,52,-120.70,7800.00,3426.14,1.50,3,60,0.02,LOS,103.58,-3.42,-79.95,-52.16,5.82,52.00,0,59,-85.97,53,-99.28,66,-111.71,52,-111.80,58,-112.92,65,-116.67,3800.00,6210.44,1.50,1,23,0.04,NLOS,123.52,-2.27,-101.04,-73.25,0.51,28.05,0,24,-103.70,30,-107.95,22,-111.19,37,-111.56,10,-112.54,31,-113.54,6200.00,6113.22,1.50,1,49,0.05,NLOS,120.79,-2.14,-98.44,-70.66,0.39,36.73,0,43,-101.26,50,-103.23,55,-111.96,28,-117.17,51,-118.75,30,-118.82,4600.00,3882.43,1.50,3,34,0.04,LOS,95.91,-0.98,-74.70,-46.92,24.40,50.53,0,33,-102.41,27,-102.57,39,-111.62,13,-112.06,19,-112.34,41,-113.65
178,7200.00,4816.11,1.50,3,54,0.09,NLOS,113.62,2.62,-96.02,-68.24,4.04,33.51,0,55,-103.92,48,-104.69,61,-106.63,49,-115.48,53,-118.87,52,-120.62,7800.00,3411.70,1.50,3,60,0.02,LOS,103.91,-3.42,-80.27,-52.49,4.94,52.00,0,59,-85.39,53,-99.46,52,-111.58,66,-111.78,58,-112.69,65,-116.56,3800.00,6218.23,1.50,1,22,0.01,NLOS,140.65,-15.28,-105.16,-77.37,2.90,28.05,1,23,-109.17,30,-110.30,31,-111.31,24,-111.67,42,-113.36,37,-114.62,6200.00,6123.42,1.50,1,49,0.05,NLOS,121.08,-2.14,-98.72,-70.94,-0.05,36.73,0,43,-101.12,50,-103.00,55,-112.03,28,-117.21,51,-118.64,30,-118.81,4600.00,3868.39,1.50,3,34,0.04,LOS,96.18,-0.98,-74.98,-47.20,23.88,50.53,0,33,-102.14,27,-102.29,39,-111.52,13,-112.00,19,-112.24,41,-113.74
179,7200.00,4806.80,1.50,3,54,0.09,NLOS,113.00,2.62,-95.40,-67.62,4.78,33.51,0,55,-104.17,48,-104.74,61,-106.67,49,-115.58,53,-118.73,52,-120.54,7800.00,3397.25,1.50,3,60,0.02,LOS,104.22,5.42,-89.43,-61.65,6.99,52.00,0,59,-97.78,53,-102.56,52,-109.80,46,-113.06,66,-113.98,55,-117.20,3800.00,6226.02,1.50,1,22,0.01,NLOS,140.76,-15.28,-105.26,-77.48,2.98,28.05,0,23,-109.39,30,-110.25,31,-111.20,24,-111.48,42,-113.39,37,-114.58,6200.00,6133.63,1.50,1,49,0.05,NLOS,121.36,-2.14,-99.01,-71.23,-0.49,36.73,0,43,-101.00,50,-102.77,55,-112.11,28,-117.25,51,-118.53,30,-118.80,4600.00,3854.35,1.50,3,34,0.04,LOS,96.47,2.95,-79.20,-51.42,18.81,50.53,0,33,-101.06,27,-102.07,28,-108.20,21,-113.69,30,-113.93,20,-115.85
180,7200.00,4797.49,1.50,3,54,0.10,NLOS,112.37,12.12,-104.27,-76.49,3.46,33.51,0,60,-108.86,62,-109.92,42,-112.42,41,-117.51,56,-119.88,55,-119.89,7800.00,3382.81,1.50,3,60,0.02,LOS,104.54,5.42,-89.74,-61.96,6.32,52.00,0,59,-97.24,53,-102.75,52,-109.58,46,-113.04,66,-114.06,55,-117.31,3800.00,6233.82,1.50,1,22,0.01,NLOS,140.86,-15.28,-105.36,-77.58,3.06,28.05,0,23,-109.60,30,-110.21,31,-111.08,24,-111.29,42,-113.41,37,-114.54,6200.00,6143.83,1.50,1,49,0.05,NLOS,121.65,1.14,-102.57,-74.79,0.65,36.73,0,48,-108.39,50,-109.23,42,-109.83,43,-111.18,51,-117.69,56,-117.94,4600.00,3840.32,1.50,3,34,0.04,LOS,96.75,2.95,-79.49,-51.71,18.32,50.53,0,33,-100.78,27,-101.83,28,-108.47,21,-113.75,30,-114.02,20,-115.76
181,7200.00,4788.18,1.50,3,54,0.10,NLOS,111.71,12.12,-103.61,-75.83,4.06,33.51,0,60,-108.76,62,-110.02,42,-112.46,41,-117.49,56,-119.99,55,-120.13,7800.00,3368.37,1.50,3,60,0.02,LOS,104.85,-3.44,-81.19,-53.41,7.91,52.00,0,59,-89.14,52,-110.50,53,-112.96,58,-114.29,66,-115.35,65,-115.95,3800.00,6241.61,1.50,1,22,0.01,NLOS,140.96,-15.28,-105.46,-77.68,3.13,28.05,0,23,-109.82,30,-110.17,31,-110.97,24,-111.09,42,-113.43,37,-114.50,6200.00,6154.03,1.50,1,49,0.04,NLOS,121.94,1.14,-102.86,-75.08,0.36,36.73,0,48,-108.54,50,-108.99,42,-110.00,43,-111.06,51,-117.58,56,-117.92,4600.00,3826.28,1.50,3,34,0.04,LOS,97.05,1.29,-78.11,-50.33,14.02,50.53,0,27,-92.49,28,-105.79,33,-108.50,35,-112.92,26,-117.89,40,-118.43
182,7200.00,4778.87,1.50,3,54,0.11,NLOS,111.02,12.12,-102.93,-75.15,4.68,33.51,0,60,-108.66,62,-110.11,42,-112.50,41,-117.48,56,-120.09,55,-120.37,7800.00,3353.92,1.50,3,60,0.02,LOS,105.15,-3.44,-81.50,-53.72,7.15,52.00,0,59,-88.67,52,-110.28,53,-113.16,58,-114.04,66,-115.43,65,-115.85,3800.00,6249.40,1.50,1,23,0.04,NLOS,124.60,-9.20,-95.19,-67.40,6.97,28.05,1,24,-105.11,30,-106.59,31,-111.19,16,-114.64,17,-116.95,29,-117.27,6200.00,6164.24,1.50,1,49,0.04,NLOS,122.22,1.14,-103.15,-75.37,0.07,36.73,0,48,-108.68,50,-108.76,42,-110.17,43,-110.95,51,-117.46,56,-117.90,4600.00,3812.24,1.50,3,34,0.04,LOS,97.34,1.29,-78.41,-50.63,13.54,50.53,0,27,-92.28,28,-106.05,33,-108.22,35,-113.10,26,-117.68,40,-118.41
183,7200.00,4769.57,1.50,3,54,0.12,NLOS,110.31,1.41,-91.50,-63.72,11.04,33.51,0,47,-105.68,55,-108.20,61,-113.94,53,-113.98,48,-114.05,46,-118.97,7800.00,3339.48,1.50,3,60,0.02,LOS,105.45,-1.41,-83.82,-56.04,0.46,52.00,0,59,-84.30,52,-106.25,65,-107.33,53,-111.46,66,-113.28,58,-113.76,3800.00,6257.20,1.50,1,23,0.04,NLOS,124.82,-9.20,-95.40,-67.62,6.65,28.05,0,24,-104.91,30,-106.56,31,-111.08,16,-114.70,17,-116.94,29,-117.39,6200.00,6174.44,1.50,1,49,0.04,NLOS,122.51,-4.08,-98.22,-70.44,1.31,36.73,0,43,-100.46,50,-108.24,44,-112.98,36,-114.32,55,-115.67,42,-117.23,4600.00,3798.21,1.50,3,34,0.03,LOS,97.64,-1.26,-76.17,-48.38,22.21,50.53,0,27,-99.30,26,-106.73,28,-110.28,33,-110.83,35,-111.00,21,-115.88
184,7200.00,4760.26,1.50,3,54,0.13,NLOS,109.57,1.41,-90.76,-62.98,11.78,33.51,0,47,-105.57,55,-108.43,53,-113.83,61,-113.99,48,-114.12,46,-118.88,7800.00,3325.04,1.50,3,60,0.02,LOS,105.75,-1.41,-84.12,-56.33,-0.18,52.00,0,59,-83.95,52,-106.02,65,-107.22,53,-111.67,66,-113.37,58,-113.51,3800.00,6264.99,1.50,1,23,0.04,NLOS,125.03,-9.20,-95.61,-67.83,6.33,28.05,0,24,-104.71,30,-106.53,31,-110.96,16,-114.77,17,-116.94,29,-117.52,6200.00,6184.64,1.50,1,49,0.04,NLOS,122.80,-4.08,-98.50,-70.72,0.92,36.73,0,43,-100.37,50,-107.99,44,-112.84,36,-114.36,55,-115.75,42,-117.40,4600.00,3784.17,1.50,3,34,0.03,LOS,97.94,-1.26,-76.47,-48.68,21.79,50.53,0,27,-99.14,26,-106.51,28,-110.54,33,-110.54,35,-111.18,21,-115.94
185,7200.00,4750.95,1.50,3,54,0.14,NLOS,108.80,1.41,-89.99,-62.21,12.55,33.51,0,47,-105.46,55,-108.67,53,-113.68,61,-114.05,48,-114.19,46,-118.79,7800.00,3310.59,1.50,3,60,0.02,LOS,106.04,1.42,-87.24,-59.46,-1.42,52.00,0,59,-85.84,52,-100.44,58,-106.84,54,-111.99,53,-113.28,65,-113.98,3800.00,6272.78,1.50,1,23,0.04,NLOS,125.24,-9.20,-95.82,-68.04,6.01,28.05,0,24,-104.51,30,-106.51,31,-110.84,16,-114.83,17,-116.94,29,-117.64,6200.00,6194.84,1.50,1,49,0.04,NLOS,123.09,-4.08,-98.79,-71.01,0.53,36.73,0,43,-100.28,50,-107.75,44,-112.69,36,-114.40,55,-115.82,42,-117.57,4600.00,3770.13,1.50,3,34,0.03,LOS,98.24,3.93,-81.96,-54.18,15.24,50.53,0,27,-97.54,28,-112.51,35,-113.14,20,-116.68,19,-117.01,33,-118.36
186,7200.00,4741.64,1.50,3,54,0.15,NLOS,107.99,4.67,-92.44,-64.66,10.89,33.51,0,48,-106.48,60,-109.33,47,-113.07,55,-114.42,61,-115.46,41,-118.73,7800.00,3300.00,1.50,0,60,0.02,LOS,106.25,1.42,-87.45,-59.67,-1.78,0.00,0,59,-85.68,52,-100.28,58,-106.65,54,-112.11,53,-113.44,65,-113.91,3800.00,6280.57,1.50,1,23,0.04,NLOS,125.45,-7.73,-97.50,-69.72,6.09,28.05,0,30,-106.34,24,-108.53,25,-113.21,29,-114.45,36,-114.95,37,-118.72,6200.00,6205.05,1.50,1,43,0.04,NLOS,123.63,-12.01,-91.41,-63.63,7.63,36.73,1,49,-99.52,50,-109.64,55,-115.59,51,-118.47,27,-119.21,69,-120.12,4600.00,3756.10,1.50,3,34,0.03,LOS,98.55,3.93,-82.26,-54.48,14.84,50.53,0,27,-97.42,28,-112.76,35,-113.31,20,-116.60,19,-116.90,33,-118.07
187,7200.00,4732.33,1.50,3,54,0.16,NLOS,107.15,4.67,-91.60,-63.82,11.74,33.51,0,48,-106.55,60,-109.24,47,-112.95,55,-114.65,61,-115.52,41,-118.72,7800.00,3300.00,1.50,0,60,0.02,LOS,106.25,1.42,-87.45,-59.67,-1.78,0.00,0,59,-85.68,52,-100.28,58,-106.65,54,-112.11,53,-113.44,65,-113.91,3800.00,6288.37,1.50,1,23,0.04,NLOS,125.66,-7.73,-97.71,-69.93,5.82,28.05,0,30,-106.33,24,-108.33,25,-113.12,29,-114.58,36,-114.99,37,-118.69,6200.00,6215.25,1.50,1,43,0.04,NLOS,123.56,-12.01,-91.34,-63.55,7.93,36.73,0,49,-99.81,50,-109.40,55,-115.67,51,-118.35,27,-119.26,69,-120.12,4600.00,3742.06,1.50,3,34,0.03,LOS,98.85,-4.15,-74.48,-46.70,27.26,50.53,0,33,-102.81,27,-109.85,21,-113.81,14,-115.24,32,-115.82,40,-116.78
188,7200.00,4723.03,1.50,3,54,0.18,NLOS,106.27,4.67,-90.72,-62.94,12.64,33.51,0,48,-106.63,60,-109.14,47,-112.84,55,-114.87,61,-115.58,41,-118.70,7800.00,3300.00,1.50,0,60,0.02,LOS,106.25,1.42,-87.45,-59.67,-1.78,0.00,0,59,-85.68,52,-100.28,58,-106.65,54,-112.11,53,-113.44,65,-113.91,3800.00,6296.16,1.50,1,23,0.03,NLOS,125.86,-7.73,-97.92,-70.14,5.55,28.05,0,30,-106.33,24,-108.12,25,-113.02,29,-114.70,36,-115.02,37,-118.65,6200.00,6225.45,1.50,1,43,0.04,NLOS,123.49,-12.01,-91.27,-63.49,8.22,36.73,0,49,-100.09,50,-109.14,55,-115.75,51,-118.23,27,-119.30,69,-120.12,4600.00,3728.02,1.50,3,34,0.03,LOS,99.15,-4.15,-74.78,-47.00,26.72,50.53,0,33,-102.52,27,-109.79,21,-113.88,14,-115.24,32,-115.66,40,-116.77
189,7200.00,4713.72,1.50,3,54,0.19,NLOS,105.35,-0.49,-84.65,-56.87,17.88,33.51,0,61,-104.08,55,-111.29,48,-112.76,60,-118.75,47,-119.14,41,-119.98,7800.00,3300.00,1.50,0,60,0.02,LOS,106.25,1.42,-87.45,-59.67,-1.78,0.00,0,59,-85.68,52,-100.28,58,-106.65,54,-112.11,53,-113.44,65,-113.91,3800.00,6296.05,1.50,3,23,0.03,NLOS,125.86,-7.73,-97.92,-70.13,5.56,28.05,0,30,-106.33,24,-108.13,25,-113.02,29,-114.69,36,-115.02,37,-118.65,6200.00,6235.66,1.50,1,43,0.04,NLOS,123.44,-3.95,-99.27,-71.48,-2.54,36.73,0,50,-99.69,42,-102.03,49,-104.35,48,-109.28,62,-111.56,36,-113.89,4600.00,3713.99,1.50,3,34,0.03,LOS,99.46,-6.73,-72.51,-44.73,27.29,50.53,0,27,-100.89,35,-110.01,40,-111.65,32,-112.11,33,-114.33,39,-114.93
190,7200.00,4704.41,1.50,3,54,0.21,NLOS,104.39,-0.49,-83.68,-55.90,18.92,33.51,0,61,-104.14,55,-111.50,48,-112.84,60,-118.65,47,-119.03,41,-119.97,7800.00,3300.00,1.50,0,60,0.02,LOS,106.25,1.42,-87.45,-59.67,-1.78,0.00,0,59,-85.68,52,-100.28,58,-106.65,54,-112.11,53,-113.44,65,-113.91,3800.00,6288.25,1.50,3,23,0.04,NLOS,125.65,-7.73,-97.71,-69.93,5.82,28.05,0,30,-106.33,24,-108.33,25,-113.12,29,-114.57,36,-114.99,37,-118.69,6200.00,6245.86,1.50,1,43,0.04,NLOS,123.39,-3.95,-99.22,-71.44,-2.53,36.73,0,50,-99.44,42,-102.19,49,-104.63,48,-109.41,62,-111.57,36,-113.93,4599.95,3700.00,1.50,2,34,0.03,LOS,99.76,-6.73,-72.81,-45.03,26.99,50.53,0,27,-100.87,35,-110.18,40,-111.65,32,-111.95,33,-114.04,26,-114.75
191,7195.10,4700.00,1.50,2,54,0.21,NLOS,104.12,-0.49,-83.41,-55.63,19.28,33.51,0,61,-104.26,55,-111.61,48,-112.78,60,-118.68,47,-118.91,41,-119.91,7800.00,3300.00,1.50,0,60,0.02,LOS,106.25,1.42,-87.45,-59.67,-1.78,0.00,0,59,-85.68,52,-100.28,58,-106.65,54,-112.11,53,-113.44,65,-113.91,3800.00,6280.46,1.50,3,23,0.04,NLOS,125.44,-6.91,-98.31,-70.53,1.49,28.05,0,24,-102.53,30,-103.94,25,-111.41,29,-112.06,38,-114.15,43,-117.43,6200.00,6256.06,1.50,1,43,0.04,NLOS,123.35,-3.95,-99.18,-71.39,-2.55,36.73,0,50,-99.18,42,-102.36,49,-104.91,48,-109.54,62,-111.59,36,-113.98,4585.91,3700.00,1.50,2,34,0.03,LOS,100.04,-5.51,-74.32,-46.54,22.89,50.53,0,33,-99.42,27,-101.33,26,-111.67,46,-112.53,54,-117.35,32,-119.77
192,7185.79,4700.00,1.50,2,54,0.21,NLOS,104.55,2.11,-86.44,-58.66,15.81,33.51,0,48,-106.48,55,-107.40,47,-110.86,61,-112.17,60,-116.13,67,-116.80,7800.00,3300.00,1.50,0,60,0.02,LOS,106.25,1.42,-87.45,-59.67,-1.78,0.00,0,59,-85.68,52,-100.28,58,-106.65,54,-112.11,53,-113.44,65,-113.91,3800.00,6272.67,1.50,3,23,0.04,NLOS,125.23,-6.91,-98.10,-70.32,1.80,28.05,0,24,-102.74,30,-103.95,25,-111.50,29,-111.94,38,-114.21,43,-117.43,6200.00,6266.27,1.50,1,43,0.04,NLOS,123.32,1.12,-104.21,-76.43,-1.46,36.73,0,49,-107.14,50,-107.31,56,-109.97,37,-111.07,44,-113.47,42,-118.33,4571.88,3700.00,1.50,2,34,0.03,LOS,100.32,-5.51,-74.60,-46.82,22.47,50.53,0,33,-99.69,27,-100.61,26,-111.58,46,-112.64,54,-117.43,32,-119.82
193,7176.49,4700.00,1.50,2,54,0.20,NLOS,105.02,2.11,-86.91,-59.13,15.27,33.51,0,48,-106.29,55,-107.42,47,-110.72,61,-112.34,60,-116.26,67,-116.90,7800.00,3300.00,1.50,0,60,0.02,LOS,106.25,1.42,-87.45,-59.67,-1.78,0.00,0,59,-85.68,52,-100.28,58,-106.65,54,-112.11,53,-113.44,65,-113.91,3800.00,6264.87,1.50,3,23,0.04,NLOS,125.02,-6.91,-97.89,-70.11,2.11,28.05,0,24,-102.94,30,-103.97,25,-111.60,29,-111.82,38,-114.26,43,-117.44,6200.00,6276.47,1.50,1,43,0.04,NLOS,123.29,1.12,-104.19,-76.41,-1.45,36.73,0,50,-107.05,49,-107.42,56,-109.97,37,-111.02,44,-113.32,42,-118.49,4557.84,3700.00,1.50,2,34,0.03,LOS,100.60,2.94,-83.33,-55.54,4.25,50.53,0,27,-87.65,26,-104.58,33,-105.85,20,-117.98,35,-118.63,28,-120.27
194,7167.18,4700.00,1.50,2,54,0.19,NLOS,105.53,2.11,-87.42,-59.64,14.70,33.51,0,48,-106.10,55,-107.45,47,-110.59,61,-112.51,60,-116.39,67,-117.00,7800.00,3300.00,1.50,0,60,0.02,LOS,106.25,1.42,-87.45,-59.67,-1.78,0.00,0,59,-85.68,52,-100.28,58,-106.65,54,-112.11,53,-113.44,65,-113.91,3800.00,6257.08,1.50,3,23,0.04,NLOS,124.81,-6.91,-97.68,-69.90,2.43,28.05,0,24,-103.14,30,-103.99,25,-111.69,29,-111.70,38,-114.32,43,-117.44,6200.00,6286.67,1.50,1,43,0.04,NLOS,123.28,1.12,-104.17,-76.39,-1.46,36.73,0,50,-106.78,49,-107.69,56,-109.97,37,-110.98,44,-113.16,42,-118.65,4543.80,3700.00,1.50,2,34,0.03,LOS,100.88,2.94,-83.61,-55.82,3.20,50.53,0,27,-86.86,26,-104.49,33,-106.12,20,-117.79,35,-118.68,28,-120.18
195,7157.87,4700.00,1.50,2,54,0.18,NLOS,106.06,-16.12,-69.72,-41.94,33.15,33.51,0,55,-104.02,47,-111.45,49,-112.55,61,-116.51,41,-118.46,56,-119.22,7800.00,3300.00,1.50,0,60,0.02,LOS,106.25,1.42,-87.45,-59.67,-1.78,0.00,0,59,-85.68,52,-100.28,58,-106.65,54,-112.11,53,-113.44,65,-113.91,3800.00,6249.29,1.50,3,23,0.04,NLOS,124.60,1.56,-105.94,-78.16,0.40,28.05,0,30,-109.14,35,-109.82,24,-111.38,18,-116.01,31,-118.01,29,-118.07,6200.00,6296.87,1.50,1,43,0.04,NLOS,123.27,-0.91,-102.15,-74.36,1.59,36.73,0,49,-107.28,48,-107.93,42,-109.81,37,-112.08,50,-113.41,51,-113.48,4529.76,3700.00,1.50,2,34,0.03,LOS,101.16,-3.04,-77.90,-50.12,23.53,50.53,0,27,-102.18,40,-114.61,22,-114.86,35,-115.01,9,-116.32,28,-117.07
196,7148.56,4700.00,1.50,2,54,0.17,NLOS,106.62,-16.12,-70.28,-42.49,32.60,33.51,0,55,-104.05,47,-111.31,49,-112.49,61,-116.68,41,-118.35,56,-119.23,7807.22,3300.00,1.50,0,60,0.02,LOS,106.21,1.42,-87.42,-59.63,-2.35,26.00,0,59,-85.08,52,-100.41,58,-106.62,54,-112.14,53,-113.58,65,-113.80,3800.00,6241.50,1.50,3,23,0.04,NLOS,124.39,1.56,-105.72,-77.94,0.68,28.05,0,30,-109.17,35,-109.76,24,-111.57,18,-116.08,29,-117.95,31,-118.13,6200.00,6307.08,1.50,1,43,0.04,NLOS,123.27,-0.91,-102.15,-74.37,1.70,36.73,0,49,-107.54,48,-108.06,42,-109.97,37,-112.04,50,-113.14,51,-113.36,4515.73,3700.00,1.50,2,34,0.03,LOS,101.44,-3.04,-78.18,-50.40,22.53,50.53,0,27,-101.31,22,-114.77,40,-114.80,35,-115.07,9,-116.25,28,-117.00
197,7139.25,4700.00,1.50,2,54,0.16,NLOS,107.19,-16.12,-70.84,-43.06,32.04,33.51,0,55,-104.08,47,-111.17,49,-112.43,61,-116.84,41,-118.24,48,-119.24,7821.67,3300.00,1.50,0,59,0.15,NLOS,107.95,-7.27,-80.46,-52.68,10.04,52.00,1,60,-90.65,65,-106.89,48,-113.88,52,-114.61,53,-115.04,46,-118.63,3800.00,6233.70,1.50,3,23,0.04,NLOS,124.17,1.56,-105.51,-77.73,0.97,28.05,0,30,-109.21,35,-109.71,24,-111.77,18,-116.14,29,-117.82,31,-118.24,6200.00,6317.28,1.50,1,43,0.04,NLOS,123.29,-0.91,-102.16,-74.38,1.79,36.73,0,49,-107.81,48,-108.19,42,-110.13,37,-111.99,50,-112.87,51,-113.23,4501.69,3700.00,1.50,2,34,0.03,LOS,101.72,-5.19,-76.31,-48.53,21.62,50.53,0,27,-98.36,33,-109.38,26,-109.67,39,-116.00,28,-116.90,22,-119.49
198,7129.95,4700.00,1.50,2,54,0.15,NLOS,107.76,-8.16,-79.39,-51.61,20.05,33.51,0,47,-102.58,48,-103.92,49,-108.25,55,-110.76,60,-111.20,41,-111.31,7836.11,3300.00,1.50,0,59,0.17,NLOS,106.59,-7.27,-79.10,-51.32,11.34,52.00,0,60,-90.59,65,-106.68,48,-113.95,52,-114.86,53,-115.32,58,-118.70,3800.00,6225.91,1.50,3,23,0.04,NLOS,123.95,1.56,-105.29,-77.51,1.25,28.05,0,30,-109.26,35,-109.65,24,-111.96,18,-116.20,29,-117.70,36,-118.27,6200.00,6327.48,1.50,1,43,0.04,NLOS,123.31,-1.56,-101.52,-73.74,0.00,36.73,0,44,-103.48,50,-108.58,56,-109.60,49,-112.43,36,-114.37,57,-115.25,4487.65,3700.00,1.50,2,34,0.03,LOS,102.00,-5.19,-76.59,-48.81,20.48,50.53,0,27,-97.40,26,-109.60,33,-109.65,39,-116.13,28,-116.83,14,-119.36
199,7120.64,4700.00,1.50,2,54,0.14,NLOS,108.35,-8.16,-79.97,-52.19,19.33,33.51,0,47,-102.44,48,-103.71,49,-108.20,55,-110.80,41,-111.20,60,-111.33,7850.55,3300.00,1.50,0,59,0.20,NLOS,105.12,-7.88,-77.02,-49.24,12.33,52.00,0,60,-90.28,58,-97.00,65,-109.39,52,-110.71,46,-111.21,53,-116.10,3800.00,6218.12,1.50,3,30,0.04,NLOS,123.54,3.33,-106.65,-78.87,-3.18,28.05,1,24,-108.31,29,-108.70,17,-110.33,23,-110.92,22,-114.03,36,-115.31,6200.00,6337.69,1.50,1,43,0.04,NLOS,123.33,-1.56,-101.55,-73.77,-0.16,36.73,0,44,-103.32,50,-108.31,56,-109.60,49,-112.69,36,-114.42,57,-115.17,4473.62,3700.00,1.50,2,34,0.03,LOS,102.27,3.61,-85.67,-57.89,10.10,50.53,0,27,-96.24,28,-108.38,33,-109.78,47,-115.66,39,-119.61,35,-119.94
200,7111.33,4700.00,1.50,2,54,0.14,NLOS,108.93,-8.16,-80.55,-52.77,18.62,33.51,0,47,-102.30,48,-103.51,49,-108.14,55,-110.84,41,-111.08,60,-111.46,7865.00,3300.00,1.50,0,59,0.23,NLOS,103.52,-7.88,-75.42,-47.64,13.88,52.00,0,60,-90.23,58,-96.95,65,-109.17,52,-110.96,46,-111.39,53,-116.38,3800.00,6210.32,1.50,3,30,0.04,NLOS,123.59,3.33,-106.71,-78.93,-3.25,28.05,0,24,-108.50,29,-108.57,17,-110.34,23,-110.71,22,-113.92,36,-115.28,6200.00,6347.89,1.50,1,43,0.04,NLOS,123.37,-1.56,-101.59,-73.81,-0.34,36.73,0,44,-103.15,50,-108.03,56,-109.61,49,-112.95,36,-114.47,57,-115.09,4459.58,3700.00,1.50,2,34,0.03,LOS,102.55,3.61,-85.94,-58.16,8.84,50.53,0,27,-95.15,28,-108.32,33,-110.05,47,-115.78,39,-119.73,35,-120.00
201,7102.02,4700.00,1.50,2,54,0.13,NLOS,109.51,12.21,-101.51,-73.73,2.48,33.51,0,48,-105.88,61,-112.76,55,-113.93,45,-115.79,47,-116.75,53,-117.65,7879.44,3300.00,1.50,0,59,0.26,NLOS,101.77,1.30,-82.85,-55.06,-1.21,52.00,0,60,-81.66,52,-107.88,65,-109.33,67,-111.63,66,-113.08,53,-114.37,3800.00,6202.53,1.50,3,30,0.04,NLOS,123.65,3.33,-106.77,-78.98,-3.32,28.05,0,29,-108.44,24,-108.69,17,-110.35,23,-110.49,22,-113.82,36,-115.25,6200.00,6358.09,1.50,1,50,0.04,NLOS,124.34,0.33,-104.46,-76.68,1.59,36.73,1,43,-109.00,62,-109.17,49,-110.78,37,-113.04,51,-117.11,54,-120.17,4445.54,3700.00,1.50,2,34,0.03,LOS,102.82,8.69,-91.29,-63.51,4.99,50.53,0,27,-96.63,26,-102.76,21,-107.58,33,-108.75,28,-114.73,14,-120.00
202,7092.71,4700.00,1.50,2,54,0.12,NLOS,110.10,12.21,-102.09,-74.31,1.78,33.51,0,48,-105.67,61,-112.91,55,-113.97,45,-115.78,47,-116.61,53,-117.67,7893.89,3300.00,1.50,0,59,0.31,NLOS,99.84,1.30,-80.92,-53.14,0.68,52.00,0,60,-81.62,52,-108.13,65,-109.11,67,-111.54,66,-112.84,53,-114.65,3800.00,6194.74,1.50,3,30,0.04,NLOS,123.71,3.33,-106.83,-79.05,-3.41,28.05,0,29,-108.31,24,-108.88,23,-110.27,17,-110.36,22,-113.72,36,-115.22,6200.00,6368.30,1.50,1,50,0.04,NLOS,124.06,0.33,-104.18,-76.40,1.97,36.73,0,43,-109.05,62,-109.20,49,-111.03,37,-113.00,51,-116.98,54,-120.24,4431.51,3700.00,1.50,2,34,0.03,LOS,103.09,8.69,-91.56,-63.78,3.57,50.53,0,27,-95.39,26,-102.71,21,-107.37,33,-109.02,28,-114.67,14,-119.86
203,7083.41,4700.00,1.50,2,54,0.12,NLOS,110.67,12.21,-102.66,-74.88,1.08,33.51,0,48,-105.46,61,-113.07,55,-114.02,45,-115.76,47,-116.47,53,-117.70,7908.33,3300.00,1.50,0,59,0.36,NLOS,97.71,-1.22,-76.27,-48.48,4.73,52.00,0,60,-81.02,65,-109.65,66,-110.67,52,-111.01,58,-111.18,53,-111.71,3800.00,6186.95,1.50,3,24,0.03,NLOS,128.76,-10.59,-97.95,-70.17,8.75,28.05,1,30,-109.39,37,-114.14,36,-114.71,31,-114.96,23,-114.98,29,-115.06,6200.00,6378.50,1.50,1,50,0.04,NLOS,123.78,0.33,-103.89,-76.11,2.35,36.73,0,43,-109.11,62,-109.22,49,-111.28,37,-112.96,51,-116.85,54,-120.31,4417.47,3700.00,1.50,2,34,0.02,LOS,103.36,2.39,-85.53,-57.75,-1.30,50.53,0,27,-84.25,20,-108.18,15,-113.52,19,-113.56,33,-113.83,35,-114.15
204,7074.10,4700.00,1.50,2,54,0.11,NLOS,111.24,0.14,-91.16,-63.38,15.06,33.51,0,53,-111.03,55,-112.46,60,-112.75,48,-116.14,47,-117.33,56,-118.91,7922.77,3300.00,1.50,0,59,0.42,NLOS,95.33,-1.22,-73.89,-46.11,7.08,52.00,0,60,-80.99,65,-109.43,66,-110.43,58,-111.16,52,-111.26,53,-111.98,3800.00,6179.15,1.50,3,24,0.03,NLOS,128.94,-10.59,-98.14,-70.35,8.59,28.05,0,30,-109.46,37,-114.18,36,-114.69,23,-114.76,29,-114.93,31,-115.07,6200.00,6388.70,1.50,1,43,0.04,NLOS,123.60,-3.20,-100.18,-72.40,1.27,36.73,1,50,-105.75,49,-106.63,44,-108.09,36,-113.40,51,-114.51,28,-116.19,4403.43,3700.00,1.50,2,27,0.19,NLOS,105.18,-2.17,-82.79,-55.01,2.96,50.53,1,34,-85.80,20,-107.96,15,-113.41,19,-113.48,21,-113.98,33,-114.09
205,7064.79,4700.00,1.50,2,54,0.10,NLOS,111.80,0.14,-91.72,-63.94,14.51,33.51,0,53,-111.05,55,-112.51,60,-112.87,48,-115.92,47,-117.19,56,-118.92,7937.22,3300.00,1.50,0,59,0.50,NLOS,92.68,3.58,-76.04,-48.26,2.84,52.00,0,60,-78.90,53,-102.82,67,-113.03,58,-114.51,45,-117.20,66,-118.97,3800.00,6171.36,1.50,3,24,0.03,NLOS,129.13,-10.59,-98.32,-70.54,8.43,28.05,0,30,-109.53,37,-114.23,23,-114.54,36,-114.66,29,-114.80,31,-115.18,6200.00,6398.90,1.50,1,43,0.04,NLOS,123.68,-3.20,-100.26,-72.48,1.13,36.73,0,50,-105.46,49,-106.88,44,-107.92,36,-113.46,51,-114.38,28,-116.23,4400.00,3700.00,1.50,0,27,0.20,NLOS,104.81,-2.17,-82.42,-54.64,3.40,0.00,0,34,-85.87,20,-107.91,15,-113.38,19,-113.46,21,-113.92,33,-114.15
206,7055.48,4700.00,1.50,2,54,0.10,NLOS,112.35,0.14,-92.27,-64.49,13.97,33.51,0,53,-111.08,55,-112.57,60,-113.00,48,-115.70,47,-117.05,56,-118.93,7951.66,3300.00,1.50,0,59,0.59,NLOS,89.77,3.58,-73.12,-45.34,5.73,52.00,0,60,-78.88,53,-103.09,67,-112.94,58,-114.49,45,-117.32,66,-118.73,3800.00,6163.57,1.50,3,24,0.03,NLOS,129.31,-10.59,-98.50,-70.72,8.27,28.05,0,30,-109.61,37,-114.27,23,-114.32,36,-114.63,29,-114.67,31,-115.29,6200.00,6409.11,1.50,1,43,0.04,NLOS,123.76,-3.20,-100.34,-72.56,0.96,36.73,0,50,-105.18,49,-107.13,44,-107.75,36,-113.51,51,-114.24,28,-116.27,4400.00,3700.00,1.50,0,27,0.20,NLOS,104.81,-2.17,-82.42,-54.64,3.40,0.00,0,34,-85.87,20,-107.91,15,-113.38,19,-113.46,21,-113.92,33,-114.15
207,7046.17,4700.00,1.50,2,54,0.09,NLOS,112.90,10.83,-103.50,-75.72,-1.55,33.51,0,48,-103.40,55,-110.81,61,-112.88,46,-117.19,60,-118.17,53,-118.77,7966.11,3300.00,1.50,0,59,0.68,NLOS,86.70,0.94,-67.42,-39.63,17.53,52.00,0,60,-84.99,52,-108.03,66,-110.02,53,-113.83,54,-116.37,67,-118.66,3800.00,6155.77,1.50,3,23,0.04,NLOS,121.99,-3.83,-97.93,-70.15,3.56,28.05,1,30,-105.15,29,-107.68,22,-109.72,24,-110.90,31,-112.39,18,-112.43,6200.00,6419.31,1.50,1,43,0.04,NLOS,123.86,-15.25,-88.39,-60.61,5.43,36.73,0,50,-94.01,44,-109.65,55,-111.16,29,-111.85,51,-113.00,49,-113.28,4400.00,3700.00,1.50,0,27,0.20,NLOS,104.81,-2.17,-82.42,-54.64,3.40,0.00,0,34,-85.87,20,-107.91,15,-113.38,19,-113.46,21,-113.92,33,-114.15
208,7036.87,4700.00,1.50,2,54,0.09,NLOS,113.43,10.83,-104.04,-76.26,-2.22,33.51,0,48,-103.18,55,-110.87,61,-113.03,46,-117.16,60,-118.30,53,-118.80,7980.55,3300.00,1.50,0,59,0.77,NLOS,83.88,0.94,-64.60,-36.82,20.34,52.00,0,60,-84.98,52,-108.26,66,-109.77,53,-114.09,54,-116.45,67,-118.57,3800.00,6147.98,1.50,3,23,0.05,NLOS,121.77,-3.83,-97.72,-69.93,3.79,28.05,0,30,-105.24,29,-107.55,22,-109.61,24,-111.08,18,-112.49,31,-112.50,6200.00,6429.51,1.50,1,43,0.04,NLOS,123.95,-15.25,-88.49,-60.71,5.05,36.73,0,50,-93.72,44,-109.47,55,-111.24,29,-111.89,51,-112.86,49,-113.52,4400.00,3700.00,1.50,0,27,0.20,NLOS,104.81,-2.17,-82.42,-54.64,3.40,0.00,0,34,-85.87,20,-107.91,15,-113.38,19,-113.46,21,-113.92,33,-114.15
209,7027.56,4700.00,1.50,2,54,0.08,NLOS,113.95,10.83,-104.56,-76.78,-2.90,33.51,0,48,-102.95,55,-110.93,61,-113.18,46,-117.12,60,-118.42,53,-118.83,7994.99,3300.00,1.50,0,59,0.82,NLOS,82.19,3.20,-65.18,-37.40,26.11,52.00,0,60,-91.65,52,-102.96,66,-113.46,58,-117.27,47,-117.59,53,-119.22,3800.00,6140.19,1.50,3,23,0.05,NLOS,121.55,-3.83,-97.50,-69.71,4.02,28.05,0,30,-105.33,29,-107.42,22,-109.50,24,-111.26,18,-112.56,31,-112.60,6200.00,6439.72,1.50,1,43,0.04,NLOS,124.06,-15.25,-88.59,-60.81,4.67,36.73,0,50,-93.44,44,-109.30,55,-111.33,29,-111.92,51,-112.73,49,-113.76,4400.00,3700.00,1.50,0,27,0.20,NLOS,104.81,-2.17,-82.42,-54.64,3.40,0.00,0,34,-85.87,20,-107.91,15,-113.38,19,-113.46,21,-113.92,33,-114.15
210,7018.25,4700.00,1.50,2,54,0.08,NLOS,114.47,1.61,-95.86,-68.08,6.55,33.51,0,47,-105.64,55,-109.65,61,-111.51,48,-112.34,46,-112.54,60,-112.97,8000.00,3309.44,1.50,1,59,0.73,NLOS,85.15,3.20,-68.13,-40.35,22.98,52.00,0,60,-91.45,52,-103.14,66,-113.29,58,-117.45,47,-117.59,53,-119.22,3800.00,6132.39,1.50,3,23,0.05,NLOS,121.33,-3.83,-97.28,-69.50,4.24,28.05,0,30,-105.42,29,-107.28,22,-109.39,24,-111.44,18,-112.62,31,-112.71,6200.00,6449.92,1.50,1,43,0.04,NLOS,124.17,-4.67,-99.28,-71.50,0.01,36.73,0,50,-100.14,56,-109.34,37,-111.76,49,-112.53,42,-112.66,44,-116.51,4400.00,3700.00,1.50,0,27,0.20,NLOS,104.81,-2.17,-82.42,-54.64,3.40,0.00,0,34,-85.87,20,-107.91,15,-113.38,19,-113.46,21,-113.92,33,-114.15
211,7008.94,4700.00,1.50,2,54,0.08,NLOS,114.97,1.61,-96.36,-68.58,6.00,33.51,0,47,-105.51,55,-109.72,61,-111.66,48,-112.11,46,-112.50,60,-113.09,8000.00,3323.88,1.50,1,59,0.60,NLOS,89.24,13.18,-82.20,-54.42,11.18,52.00,0,60,-93.51,66,-110.85,54,-111.22,65,-115.17,55,-115.28,46,-118.24,3800.00,6124.60,1.50,3,23,0.05,NLOS,121.11,1.48,-102.37,-74.59,0.68,28.05,0,31,-100.71,22,-105.55,30,-110.28,24,-113.06,17,-113.13,11,-116.88,6200.00,6460.12,1.50,1,43,0.04,NLOS,124.29,-4.67,-99.40,-71.62,-0.33,36.73,0,50,-99.85,56,-109.36,37,-111.73,49,-112.76,42,-112.80,44,-116.34,4400.00,3700.00,1.50,0,27,0.20,NLOS,104.81,-2.17,-82.42,-54.64,3.40,0.00,0,34,-85.87,20,-107.91,15,-113.38,19,-113.46,21,-113.92,33,-114.15
212,7000.00,4700.00,1.50,0,54,0.07,NLOS,115.45,1.61,-96.84,-69.05,5.47,0.00,0,47,-105.37,55,-109.78,61,-111.80,48,-111.88,46,-112.47,60,-113.20,8000.00,3338.32,1.50,1,59,0.50,NLOS,92.65,13.18,-85.62,-57.84,7.46,52.00,0,60,-93.19,66,-110.72,54,-111.07,55,-115.17,65,-115.32,46,-118.25,3800.00,6116.81,1.50,3,23,0.05,NLOS,120.89,1.48,-102.15,-74.37,0.87,28.05,0,31,-100.82,22,-105.44,30,-110.38,17,-113.15,24,-113.23,11,-116.90,6200.00,6470.32,1.50,1,43,0.04,NLOS,124.42,-4.67,-99.52,-71.74,-0.68,36.73,0,50,-99.57,56,-109.39,37,-111.70,42,-112.94,49,-112.99,44,-116.17,4400.00,3700.00,1.50,0,27,0.20,NLOS,104.81,-2.17,-82.42,-54.64,3.40,0.00,0,34,-85.87,20,-107.91,15,-113.38,19,-113.46,21,-113.92,33,-114.15
213,7000.00,4700.00,1.50,0,54,0.07,NLOS,115.45,1.61,-96.84,-69.05,5.47,0.00,0,47,-105.37,55,-109.78,61,-111.80,48,-111.88,46,-112.47,60,-113.20,8000.00,3352.77,1.50,1,59,0.42,NLOS,95.55,-2.54,-72.80,-45.01,17.80,52.00,0,60,-90.77,66,-109.24,53,-109.50,58,-113.18,65,-114.14,45,-116.29,3800.00,6109.02,1.50,3,23,0.05,NLOS,120.68,1.48,-101.94,-74.16,1.05,28.05,0,31,-100.93,22,-105.33,30,-110.48,17,-113.17,24,-113.40,11,-116.92,6200.00,6480.53,1.50,1,50,0.05,NLOS,120.91,-2.06,-98.63,-70.85,2.36,36.73,1,49,-102.36,43,-109.61,44,-113.22,51,-115.42,42,-115.69,57,-118.53,4400.00,3700.00,1.50,0,27,0.20,NLOS,104.81,-2.17,-82.42,-54.64,3.40,0.00,0,34,-85.87,20,-107.91,15,-113.38,19,-113.46,21,-113.92,33,-114.15
214,7000.00,4700.00,1.50,0,54,0.07,NLOS,115.45,1.61,-96.84,-69.05,5.47,0.00,0,47,-105.37,55,-109.78,61,-111.80,48,-111.88,46,-112.47,60,-113.20,8000.00,3367.21,1.50,1,59,0.35,NLOS,98.06,-2.54,-75.30,-47.52,14.98,52.00,0,60,-90.45,66,-109.11,53,-109.38,58,-113.43,65,-114.29,45,-116.36,3800.00,6101.22,1.50,3,23,0.05,NLOS,120.46,1.48,-101.72,-73.94,1.23,28.05,0,31,-101.03,22,-105.22,30,-110.59,17,-113.20,24,-113.57,11,-116.95,6200.00,6490.73,1.50,1,50,0.05,NLOS,120.63,-2.06,-98.35,-70.57,2.81,36.73,0,49,-102.58,43,-109.75,44,-113.05,51,-115.28,42,-115.82,57,-118.45,4400.00,3700.00,1.50,0,27,0.20,NLOS,104.81,-2.17,-82.42,-54.64,3.40,0.00,0,34,-85.87,20,-107.91,15,-113.38,19,-113.46,21,-113.92,33,-114.15
215,7000.00,4700.00,1.50,0,54,0.07,NLOS,115.45,1.61,-96.84,-69.05,5.47,0.00,0,47,-105.37,55,-109.78,61,-111.80,48,-111.88,46,-112.47,60,-113.20,8000.00,3381.66,1.50,1,59,0.30,NLOS,100.26,-2.51,-77.53,-49.75,6.22,52.00,0,60,-83.80,53,-106.78,66,-109.25,58,-111.37,65,-113.04,52,-114.26,3800.00,6093.43,1.50,3,23,0.05,NLOS,120.25,-6.70,-93.33,-65.55,6.96,28.05,0,29,-100.81,36,-104.82,30,-112.16,24,-116.35,37,-119.53,28,-119.63,6199.07,6500.00,1.50,2,50,0.05,NLOS,120.41,-2.06,-98.13,-70.35,3.18,36.73,0,49,-102.80,43,-109.84,44,-112.87,51,-115.15,42,-115.94,57,-118.40,4407.02,3700.00,1.50,0,27,0.19,NLOS,105.57,-2.17,-83.18,-55.40,2.51,25.27,0,34,-85.73,20,-108.02,15,-113.44,19,-113.50,33,-114.02,21,-114.03
216,7000.00,4700.00,1.50,0,54,0.07,NLOS,115.45,1.61,-96.84,-69.05,5.47,0.00,0,47,-105.37,55,-109.78,61,-111.80,48,-111.88,46,-112.47,60,-113.20,8000.00,3396.10,1.50,1,59,0.25,NLOS,102.21,-2.51,-79.49,-51.71,3.93,52.00,0,60,-83.46,53,-106.67,66,-109.13,58,-111.62,65,-113.20,52,-114.41,3800.00,6085.64,1.50,3,23,0.05,NLOS,120.04,-6.70,-93.12,-65.34,7.06,28.05,0,29,-100.67,36,-104.81,30,-112.27,24,-116.52,28,-119.55,37,-119.58,6188.86,6500.00,1.50,2,50,0.05,NLOS,120.77,-3.26,-97.29,-69.50,5.98,36.73,0,43,-107.16,49,-107.65,55,-109.20,42,-112.40,44,-112.53,35,-112.81,4421.06,3700.00,1.50,0,34,0.02,LOS,103.29,0.16,-83.24,-55.46,3.73,50.53,1,27,-87.26,33,-99.03,28,-116.23,20,-116.50,26,-119.24,19,-119.56
217,7000.00,4700.00,1.50,0,54,0.07,NLOS,115.45,1.61,-96.84,-69.05,5.47,0.00,0,47,-105.37,55,-109.78,61,-111.80,48,-111.88,46,-112.47,60,-113.20,8000.00,3410.54,1.50,1,60,0.02,LOS,103.29,-3.74,-79.33,-51.55,3.35,52.00,1,59,-82.73,53,-103.07,65,-108.91,52,-112.23,61,-113.72,58,-114.04,3800.00,6077.84,1.50,3,23,0.05,NLOS,119.83,-6.70,-92.91,-65.13,7.16,28.05,0,29,-100.53,36,-104.79,30,-112.38,24,-116.68,28,-119.47,37,-119.62,6178.66,6500.00,1.50,2,50,0.05,NLOS,121.12,-3.26,-97.64,-69.86,5.52,36.73,0,43,-106.83,49,-107.76,55,-109.29,42,-112.34,44,-112.41,35,-112.75,4435.09,3700.00,1.50,0,34,0.03,LOS,103.02,0.16,-82.97,-55.19,5.19,50.53,0,27,-88.57,33,-98.76,28,-116.28,20,-116.71,26,-119.30,19,-119.65
218,7000.00,4700.00,1.50,0,54,0.07,NLOS,115.45,1.61,-96.84,-69.05,5.47,0.00,0,47,-105.37,55,-109.78,61,-111.80,48,-111.88,46,-112.47,60,-113.20,8000.00,3424.99,1.50,1,60,0.03,LOS,102.94,-3.74,-78.98,-51.20,5.28,52.00,0,59,-84.33,53,-102.97,65,-109.07,52,-112.39,61,-113.56,58,-114.28,3800.00,6070.05,1.50,3,23,0.05,NLOS,119.63,-6.70,-92.70,-64.92,7.25,28.05,0,29,-100.39,36,-104.77,30,-112.50,24,-116.85,28,-119.39,37,-119.67,6168.46,6500.00,1.50,2,50,0.05,NLOS,121.48,-3.26,-97.99,-70.21,5.06,36.73,0,43,-106.50,49,-107.87,55,-109.37,42,-112.29,44,-112.29,35,-112.69,4449.13,3700.00,1.50,0,34,0.03,LOS,102.75,4.68,-87.22,-59.44,3.49,50.53,0,27,-90.77,33,-110.63,26,-112.21,13,-113.84,21,-115.07,14,-115.11
219,7000.00,4700.00,1.50,0,54,0.07,NLOS,115.45,1.61,-96.84,-69.05,5.47,0.00,0,47,-105.37,55,-109.78,61,-111.80,48,-111.88,46,-112.47,60,-113.20,8000.00,3439.43,1.50,1,60,0.03,LOS,102.58,1.35,-83.72,-55.94,6.83,52.00,0,59,-90.62,66,-109.99,54,-116.00,65,-118.26,52,-118.52,58,-118.64,3800.00,6062.26,1.50,3,30,0.04,NLOS,125.34,-0.72,-104.40,-76.62,-0.27,28.05,1,24,-105.89,23,-109.76,22,-116.88,11,-119.83,3,-120.51,42,-121.55,6158.25,6500.00,1.50,2,43,0.04,NLOS,123.46,0.87,-104.11,-76.33,0.53,36.73,1,50,-107.91,49,-108.97,56,-109.47,44,-115.59,51,-119.30,42,-120.29,4463.17,3700.00,1.50,0,34,0.03,LOS,102.48,4.68,-86.94,-59.16,4.88,50.53,0,27,-91.92,33,-110.36,26,-112.28,13,-113.96,14,-115.24,21,-115.28
220,7000.00,4700.00,1.50,0,54,0.07,NLOS,115.45,1.61,-96.84,-69.05,5.47,0.00,0,47,-105.37,55,-109.78,61,-111.80,48,-111.88,46,-112.47,60,-113.20,8000.00,3453.88,1.50,1,60,0.03,LOS,102.22,1.35,-83.35,-55.57,8.51,52.00,0,59,-91.97,66,-109.89,54,-115.85,65,-118.42,53,-118.59,52,-118.68,3800.00,6054.47,1.50,3,30,0.04,NLOS,125.46,-0.72,-104.52,-76.74,-0.34,28.05,0,24,-106.06,23,-109.56,22,-116.77,11,-119.85,3,-120.50,16,-121.51,6148.05,6500.00,1.50,2,43,0.04,NLOS,123.12,0.87,-103.76,-75.98,1.06,36.73,0,50,-108.26,49,-109.08,56,-109.62,44,-115.47,51,-119.34,42,-120.24,4477.20,3700.00,1.50,0,34,0.03,LOS,102.20,-0.21,-81.77,-53.99,11.15,50.53,0,27,-93.33,26,-102.04,33,-104.92,41,-111.52,20,-115.04,28,-116.49
221,7000.00,4700.00,1.50,0,54,0.07,NLOS,115.45,1.61,-96.84,-69.05,5.47,0.00,0,47,-105.37,55,-109.78,61,-111.80,48,-111.88,46,-112.47,60,-113.20,8000.00,3468.32,1.50,1,60,0.03,LOS,101.85,-1.70,-79.93,-52.15,12.16,52.00,0,59,-92.15,65,-100.41,52,-111.08,46,-115.38,66,-115.66,67,-116.28,3800.00,6046.67,1.50,3,30,0.04,NLOS,125.59,-0.72,-104.64,-76.86,-0.42,28.05,0,24,-106.22,23,-109.37,22,-116.65,11,-119.88,3,-120.49,16,-121.45,6137.85,6500.00,1.50,2,43,0.04,NLOS,122.77,0.87,-103.42,-75.63,1.58,36.73,0,50,-108.60,49,-109.20,56,-109.77,44,-115.36,51,-119.39,42,-120.19,4491.24,3700.00,1.50,0,34,0.03,LOS,101.93,-0.21,-81.50,-53.72,12.31,50.53,0,27,-94.33,26,-102.11,33,-104.65,41,-111.40,20,-115.24,28,-116.56
222,7004.65,4700.00,1.50,0,54,0.08,NLOS,115.20,1.61,-96.59,-68.81,5.74,16.75,0,47,-105.44,55,-109.75,61,-111.73,48,-112.00,46,-112.49,60,-113.14,8000.00,3482.76,1.50,1,60,0.03,LOS,101.47,-1.70,-79.55,-51.77,13.69,52.00,0,59,-93.31,65,-100.58,52,-111.24,46,-115.40,66,-115.57,67,-116.13,3800.00,6038.88,1.50,3,30,0.03,NLOS,125.71,-0.72,-104.77,-76.99,-0.51,28.05,0,24,-106.38,23,-109.18,22,-116.53,11,-119.90,3,-120.48,16,-121.40,6127.65,6500.00,1.50,2,43,0.04,NLOS,122.41,-2.16,-100.03,-72.25,0.19,36.73,0,50,-101.36,44,-111.72,42,-112.07,49,-112.78,62,-112.85,51,-113.97,4505.28,3700.00,1.50,0,34,0.03,LOS,101.65,2.96,-84.39,-56.61,12.37,50.53,0,27,-99.27,28,-102.90,33,-104.33,20,-108.83,26,-114.54,46,-115.73
223,7013.96,4700.00,1.50,0,54,0.08,NLOS,114.70,4.05,-98.53,-70.75,5.56,33.51,0,48,-106.63,55,-108.90,47,-116.76,46,-118.00,53,-119.82,42,-121.23,8000.00,3497.21,1.50,1,60,0.03,LOS,101.08,1.28,-82.14,-54.35,14.76,52.00,0,59,-97.42,66,-109.26,53,-112.99,67,-114.77,40,-115.04,65,-115.88,3800.00,6031.09,1.50,3,23,0.06,NLOS,118.65,-6.37,-92.06,-64.28,5.28,28.05,1,30,-97.71,36,-110.98,24,-111.28,29,-112.40,31,-115.02,38,-116.74,6117.44,6500.00,1.50,2,43,0.04,NLOS,122.06,-2.16,-99.68,-71.89,0.80,36.73,0,50,-101.69,44,-111.61,42,-112.02,49,-112.90,62,-112.93,51,-114.02,4519.31,3700.00,1.50,0,34,0.03,LOS,101.37,2.96,-84.11,-56.33,13.10,50.53,0,27,-100.17,28,-102.98,33,-104.06,20,-109.03,26,-114.62,46,-115.61
224,7023.27,4700.00,1.50,0,54,0.08,NLOS,114.19,4.05,-98.02,-70.24,6.17,33.51,0,48,-106.86,55,-108.84,47,-116.90,46,-118.03,53,-119.78,42,-121.32,7988.35,3500.00,1.50,2,60,0.03,LOS,101.00,1.28,-82.06,-54.28,15.04,52.00,0,59,-97.65,66,-109.48,53,-112.73,67,-114.83,40,-114.95,65,-116.06,3800.00,6023.29,1.50,3,23,0.06,NLOS,118.47,-6.37,-91.88,-64.09,5.58,28.05,0,30,-97.84,36,-110.96,24,-111.44,29,-112.26,31,-115.12,38,-116.80,6107.24,6500.00,1.50,2,43,0.05,NLOS,121.69,-2.16,-99.31,-71.53,1.40,36.73,0,50,-102.02,44,-111.50,42,-111.97,62,-113.01,49,-113.02,51,-114.07,4533.35,3700.00,1.50,0,34,0.03,LOS,101.09,4.27,-85.15,-57.37,10.96,50.53,0,27,-96.44,21,-107.65,35,-109.34,20,-115.11,41,-115.94,29,-116.19
225,7032.58,4700.00,1.50,0,54,0.09,NLOS,113.67,4.05,-97.50,-69.72,6.80,33.51,0,48,-107.08,55,-108.78,47,-117.04,46,-118.07,53,-119.75,42,-121.41,7973.90,3500.00,1.50,2,60,0.03,LOS,101.02,2.28,-83.08,-55.30,12.75,52.00,0,59,-96.35,66,-107.06,54,-112.70,58,-112.72,65,-115.18,53,-116.87,3800.00,6015.50,1.50,3,23,0.06,NLOS,118.29,-6.37,-91.70,-63.92,5.88,28.05,0,30,-97.97,36,-110.95,24,-111.60,29,-112.12,31,-115.22,38,-116.85,6097.04,6500.00,1.50,2,43,0.05,NLOS,121.32,-5.25,-95.85,-68.07,5.33,36.73,0,42,-103.65,50,-108.35,57,-108.36,44,-109.21,29,-111.44,49,-113.21,4547.39,3700.00,1.50,0,34,0.03,LOS,100.81,4.27,-84.87,-57.09,11.98,50.53,0,27,-97.26,21,-107.85,35,-109.29,20,-115.30,41,-115.81,33,-116.14
226,7041.89,4700.00,1.50,0,54,0.09,NLOS,113.14,-3.59,-89.33,-61.55,7.66,33.51,0,48,-98.07,61,-106.83,47,-107.73,53,-115.31,56,-115.34,28,-117.82,7959.46,3500.00,1.50,2,60,0.03,LOS,101.04,2.28,-83.10,-55.32,12.88,52.00,0,59,-96.49,66,-107.35,54,-112.59,58,-112.73,65,-115.36,53,-116.56,3800.00,6007.71,1.50,3,23,0.06,NLOS,118.12,-6.37,-91.53,-63.74,6.17,28.05,0,30,-98.10,36,-110.93,24,-111.76,29,-111.98,31,-115.32,38,-116.90,6086.83,6500.00,1.50,2,43,0.05,NLOS,120.95,-5.25,-95.48,-67.70,5.73,36.73,0,42,-103.60,57,-108.47,50,-108.67,44,-109.10,29,-111.37,49,-113.33,4561.42,3700.00,1.50,0,34,0.03,LOS,100.53,3.30,-83.61,-55.83,12.81,50.53,0,27,-97.26,33,-105.22,32,-107.29,35,-114.43,40,-114.74,28,-116.71
227,7051.19,4700.00,1.50,0,54,0.10,NLOS,112.60,-3.59,-88.79,-61.01,8.37,33.51,0,48,-98.29,61,-106.67,47,-107.87,53,-115.28,56,-115.33,28,-117.88,7945.02,3500.00,1.50,2,60,0.03,LOS,101.07,0.14,-80.99,-53.21,13.78,52.00,0,59,-95.18,66,-106.22,65,-110.63,52,-112.55,53,-113.80,46,-115.04,3800.00,5999.91,1.50,3,23,0.06,NLOS,117.95,-1.65,-96.09,-68.31,4.44,28.05,0,30,-103.14,24,-107.77,17,-109.73,36,-109.89,22,-113.47,31,-113.71,6076.63,6500.00,1.50,2,43,0.05,NLOS,120.57,-5.25,-95.10,-67.32,6.13,36.73,0,42,-103.56,57,-108.58,50,-108.98,44,-109.00,29,-111.30,49,-113.46,4575.46,3700.00,1.50,0,34,0.03,LOS,100.25,3.30,-83.33,-55.55,13.65,50.53,0,27,-98.00,33,-104.95,32,-107.23,35,-114.38,40,-114.54,28,-116.80
228,7060.50,4700.00,1.50,0,54,0.10,NLOS,112.06,-3.59,-88.25,-60.46,9.08,33.51,0,48,-98.51,61,-106.52,47,-108.01,53,-115.25,56,-115.31,60,-117.76,7930.57,3500.00,1.50,2,60,0.03,LOS,101.11,0.14,-81.03,-53.25,14.00,52.00,0,59,-95.44,66,-106.51,65,-110.81,52,-112.37,53,-113.47,46,-114.88,3800.00,5992.12,1.50,3,23,0.06,NLOS,117.79,-1.65,-95.93,-68.15,4.69,28.05,0,30,-103.28,24,-107.93,17,-109.76,36,-109.87,22,-113.34,31,-113.81,6066.43,6500.00,1.50,2,43,0.05,NLOS,120.18,-6.20,-93.76,-65.98,6.82,36.73,0,50,-103.66,44,-105.43,49,-111.83,36,-114.71,42,-115.20,37,-116.30,4589.50,3700.00,1.50,0,34,0.03,LOS,99.97,3.43,-83.18,-55.40,2.15,50.53,0,27,-85.44,33,-102.01,21,-106.66,28,-113.67,40,-113.82,15,-114.05
229,7069.81,4700.00,1.50,0,54,0.11,NLOS,111.50,14.63,-105.91,-78.13,-5.50,33.51,0,47,-103.42,48,-106.51,55,-106.88,68,-108.87,41,-114.27,67,-116.21,7916.13,3500.00,1.50,2,59,0.09,NLOS,113.13,-7.21,-85.70,-57.91,3.01,52.00,1,60,-88.95,53,-102.00,52,-111.67,58,-117.88,45,-118.99,65,-119.18,3800.00,5984.33,1.50,3,23,0.06,NLOS,117.64,-1.65,-95.77,-67.99,4.94,28.05,0,30,-103.42,24,-108.08,17,-109.79,36,-109.86,22,-113.22,29,-113.74,6056.22,6500.00,1.50,2,43,0.05,NLOS,119.79,-6.20,-93.37,-65.59,7.32,36.73,0,50,-103.97,44,-105.33,49,-111.95,36,-114.59,42,-115.16,37,-116.15,4603.53,3700.00,1.50,0,34,0.03,LOS,99.69,3.43,-82.90,-55.12,3.09,50.53,0,27,-86.13,33,-101.73,21,-106.85,40,-113.61,28,-113.77,15,-114.16
230,7079.12,4700.00,1.50,0,54,0.11,NLOS,110.93,14.63,-105.35,-77.57,-4.83,33.51,0,47,-103.56,48,-106.73,55,-106.83,68,-108.79,41,-114.38,67,-116.11,7901.68,3500.00,1.50,2,59,0.09,NLOS,113.48,-7.21,-86.05,-58.27,2.68,52.00,0,60,-89.00,53,-101.66,52,-111.48,58,-117.90,45,-118.88,65,-119.36,3800.00,5976.54,1.50,3,23,0.06,NLOS,117.49,-1.65,-95.63,-67.85,5.17,28.05,0,30,-103.56,24,-108.23,17,-109.83,36,-109.85,22,-113.10,29,-113.60,6046.02,6500.00,1.50,2,43,0.05,NLOS,119.39,-6.20,-92.97,-65.19,7.82,36.73,0,50,-104.27,44,-105.23,49,-112.08,36,-114.47,42,-115.12,37,-115.99,4617.57,3700.00,1.50,0,34,0.03,LOS,99.41,-1.18,-78.02,-50.24,14.02,50.53,0,27,-92.61,33,-101.80,28,-110.42,19,-111.22,20,-112.92,26,-121.58
231,7088.43,4700.00,1.50,0,54,0.12,NLOS,110.36,14.63,-104.78,-77.00,-4.15,33.51,0,47,-103.70,55,-106.79,48,-106.94,68,-108.71,41,-114.50,67,-116.02,7887.24,3500.00,1.50,2,60,0.03,LOS,101.27,-1.63,-79.42,-51.64,7.85,52.00,1,59,-87.35,52,-104.62,53,-106.11,67,-115.39,54,-116.20,66,-117.66,3800.00,5968.74,1.50,3,23,0.06,NLOS,117.35,-0.99,-96.15,-68.36,3.64,28.05,0,30,-102.49,24,-105.00,17,-109.11,36,-112.93,22,-116.58,28,-117.12,6035.82,6500.00,1.50,2,43,0.06,NLOS,118.99,1.96,-100.73,-72.95,-1.54,36.73,0,50,-99.71,42,-111.38,37,-114.77,54,-115.00,49,-116.46,47,-118.22,4631.61,3700.00,1.50,0,34,0.03,LOS,99.13,-1.18,-77.74,-49.96,14.82,50.53,0,27,-93.25,33,-101.53,28,-110.52,19,-111.31,20,-113.10,26,-121.68
232,7097.73,4700.00,1.50,0,54,0.13,NLOS,109.78,-7.53,-82.03,-54.25,14.86,33.51,0,47,-97.11,62,-105.17,59,-114.59,60,-114.71,55,-115.78,57,-116.22,7872.80,3500.00,1.50,2,60,0.03,LOS,101.34,-1.63,-79.50,-51.71,8.19,52.00,0,59,-87.78,52,-104.43,53,-105.76,67,-115.50,54,-116.10,66,-117.93,3800.00,5960.95,1.50,3,23,0.06,NLOS,117.22,-0.99,-96.02,-68.23,3.89,28.05,0,30,-102.63,24,-105.14,17,-109.15,36,-112.92,22,-116.46,28,-117.04,6025.62,6500.00,1.50,2,43,0.06,NLOS,118.59,1.96,-100.32,-72.54,-0.88,36.73,0,50,-100.01,42,-111.34,37,-114.61,54,-115.04,49,-116.59,35,-118.19,4645.65,3700.00,1.50,0,34,0.03,LOS,98.86,-1.04,-77.60,-49.82,28.13,50.53,0,27,-106.94,20,-114.49,33,-114.77,26,-115.22,32,-116.87,22,-117.54
233,7107.04,4700.00,1.50,0,54,0.13,NLOS,109.20,-7.53,-81.45,-53.67,15.57,33.51,0,47,-97.25,62,-105.11,59,-114.54,60,-114.58,55,-115.74,57,-116.22,7858.35,3500.00,1.50,2,60,0.03,LOS,101.42,-3.76,-77.44,-49.66,20.22,52.00,0,59,-98.06,52,-109.87,53,-110.62,58,-110.79,54,-114.62,65,-115.75,3800.00,5953.16,1.50,3,23,0.06,NLOS,117.10,-0.99,-95.89,-68.11,4.13,28.05,0,30,-102.77,24,-105.29,17,-109.19,36,-112.91,22,-116.33,28,-116.95,6015.41,6500.00,1.50,2,43,0.06,NLOS,118.18,1.96,-99.91,-72.13,-0.22,36.73,0,50,-100.30,42,-111.30,37,-114.45,54,-115.08,49,-116.72,35,-118.14,4659.68,3700.00,1.50,0,34,0.03,LOS,98.58,-1.04,-77.32,-49.54,28.78,50.53,0,27,-107.53,33,-114.50,20,-114.67,26,-115.32,32,-116.83,40,-117.39
234,7116.35,4700.00,1.50,0,54,0.14,NLOS,108.62,-7.53,-80.86,-53.08,16.29,33.51,0,47,-97.39,62,-105.04,60,-114.45,59,-114.49,55,-115.70,57,-116.21,7843.91,3500.00,1.50,2,60,0.03,LOS,101.51,-3.76,-77.53,-49.75,20.54,52.00,0,59,-98.54,52,-109.69,53,-110.26,58,-110.82,54,-114.52,65,-115.93,3800.00,5945.36,1.50,3,23,0.06,NLOS,116.99,-0.99,-95.78,-68.00,4.36,28.05,0,30,-102.91,24,-105.44,17,-109.22,36,-112.91,22,-116.21,28,-116.87,6005.21,6500.00,1.50,2,43,0.06,NLOS,117.76,-7.40,-90.14,-62.36,2.26,36.73,0,50,-92.75,44,-105.57,49,-110.37,64,-113.38,37,-113.73,36,-117.13,4673.72,3700.00,1.50,0,34,0.03,LOS,98.31,3.01,-81.11,-53.32,12.04,50.53,0,27,-93.39,33,-109.14,28,-109.50,39,-114.72,32,-115.66,41,-115.88
235,7125.66,4700.00,1.50,0,54,0.15,NLOS,108.03,0.68,-88.49,-60.71,12.48,33.51,0,48,-104.96,55,-106.09,47,-107.85,41,-111.79,61,-114.82,53,-116.72,7829.47,3500.00,1.50,2,60,0.03,LOS,101.61,1.29,-82.68,-54.90,17.58,52.00,0,52,-101.98,59,-103.43,53,-104.39,54,-112.00,66,-114.13,58,-116.01,3800.00,5937.57,1.50,3,23,0.07,NLOS,116.89,-10.70,-85.96,-58.18,17.84,28.05,0,29,-107.10,30,-108.19,28,-109.66,16,-112.61,35,-115.98,37,-116.48,6000.00,6500.00,1.50,3,43,0.06,NLOS,117.55,-7.40,-89.93,-62.15,2.61,0.00,0,50,-92.90,44,-105.52,49,-110.44,64,-113.42,37,-113.65,36,-117.07,4687.76,3700.00,1.50,0,34,0.03,LOS,98.05,3.01,-80.84,-53.06,12.82,50.53,0,27,-93.94,33,-108.88,28,-109.61,39,-114.59,32,-115.61,41,-115.74
236,7134.97,4700.00,1.50,0,54,0.16,NLOS,107.45,0.68,-87.91,-60.13,13.15,33.51,0,48,-105.16,55,-106.06,47,-107.99,41,-111.90,61,-114.66,53,-116.70,7815.02,3500.00,1.50,2,60,0.03,LOS,101.71,1.29,-82.78,-55.00,17.56,52.00,0,52,-101.79,59,-103.94,53,-104.01,54,-111.90,66,-114.38,58,-116.04,3800.00,5929.78,1.50,3,23,0.07,NLOS,116.79,-10.70,-85.87,-58.09,17.91,28.05,0,29,-106.96,30,-108.33,28,-109.57,16,-112.56,35,-115.92,37,-116.53,6000.00,6500.00,1.50,3,43,0.06,NLOS,117.55,-7.40,-89.93,-62.15,2.61,0.00,0,50,-92.90,44,-105.52,49,-110.44,64,-113.42,37,-113.65,36,-117.07,4701.79,3700.00,1.50,0,34,0.03,LOS,97.78,0.96,-78.53,-50.74,20.78,50.53,0,33,-101.13,27,-105.31,28,-110.38,26,-113.87,20,-114.73,32,-117.63
237,7144.27,4700.00,1.50,0,54,0.17,NLOS,106.88,0.68,-87.34,-59.56,13.81,33.51,0,48,-105.36,55,-106.02,47,-108.13,41,-112.01,61,-114.49,53,-116.69,7800.58,3500.00,1.50,2,60,0.03,LOS,101.82,0.08,-81.68,-53.90,12.18,52.00,0,59,-93.99,52,-109.52,47,-112.12,53,-113.06,54,-113.63,58,-118.35,3800.00,5921.99,1.50,3,23,0.07,NLOS,116.71,-10.70,-85.79,-58.00,17.97,28.05,0,29,-106.81,30,-108.47,28,-109.48,16,-112.51,35,-115.87,37,-116.58,6000.00,6500.00,1.50,3,43,0.06,NLOS,117.55,-7.40,-89.93,-62.15,2.61,0.00,0,50,-92.90,44,-105.52,49,-110.44,64,-113.42,37,-113.65,36,-117.07,4715.83,3700.00,1.50,0,34,0.03,LOS,97.52,0.96,-78.27,-50.48,21.00,50.53,0,33,-100.88,27,-105.83,28,-110.49,26,-113.98,20,-114.90,32,-117.59
238,7153.58,4700.00,1.50,0,54,0.18,NLOS,106.32,1.81,-87.91,-60.13,15.61,33.51,0,55,-106.35,61,-110.68,47,-110.80,41,-113.00,60,-116.67,65,-117.10,7800.00,3500.00,1.50,0,60,0.03,LOS,101.82,0.08,-81.69,-53.90,12.19,0.00,0,59,-94.01,52,-109.51,47,-112.11,53,-113.05,54,-113.63,58,-118.35,3800.00,5914.19,1.50,3,23,0.07,NLOS,116.63,-10.70,-85.71,-57.93,18.01,28.05,0,29,-106.67,30,-108.62,28,-109.39,16,-112.46,35,-115.82,37,-116.63,6000.00,6500.00,1.50,3,43,0.06,NLOS,117.55,-7.40,-89.93,-62.15,2.61,0.00,0,50,-92.90,44,-105.52,49,-110.44,64,-113.42,37,-113.65,36,-117.07,4729.87,3700.00,1.50,0,34,0.04,LOS,97.27,3.24,-80.29,-52.51,21.00,50.53,0,27,-103.96,33,-106.71,40,-110.77,26,-114.07,28,-114.98,46,-117.62
239,7162.89,4700.00,1.50,0,54,0.18,NLOS,105.77,1.81,-87.36,-59.58,16.13,33.51,0,55,-106.33,61,-110.51,47,-110.94,41,-113.11,60,-116.54,65,-117.05,7800.00,3500.00,1.50,0,60,0.03,LOS,101.82,0.08,-81.69,-53.90,12.19,0.00,0,59,-94.01,52,-109.51,47,-112.11,53,-113.05,54,-113.63,58,-118.35,3800.00,5906.40,1.50,3,23,0.07,NLOS,116.57,0.39,-96.75,-68.96,3.40,28.05,0,30,-101.59,29,-107.97,22,-110.41,31,-116.30,35,-118.66,11,-118.93,6000.00,6500.00,1.50,3,43,0.06,NLOS,117.55,-7.40,-89.93,-62.15,2.61,0.00,0,50,-92.90,44,-105.52,49,-110.44,64,-113.42,37,-113.65,36,-117.07,4743.90,3700.00,1.50,0,34,0.04,LOS,97.02,3.24,-80.05,-52.26,21.40,50.53,0,27,-104.45,33,-106.46,40,-110.54,26,-114.19,28,-115.09,46,-117.49
240,7172.20,4700.00,1.50,0,54,0.19,NLOS,105.25,1.81,-86.84,-59.06,16.62,33.51,0,55,-106.30,61,-110.34,47,-111.08,41,-113.22,60,-116.41,65,-117.01,7800.00,3500.00,1.50,0,60,0.03,LOS,101.82,0.08,-81.69,-53.90,12.19,0.00,0,59,-94.01,52,-109.51,47,-112.11,53,-113.05,54,-113.63,58,-118.35,3800.00,5900.00,1.50,0,23,0.07,NLOS,116.53,0.39,-96.70,-68.92,3.50,0.00,0,30,-101.71,29,-107.85,22,-110.30,31,-116.38,35,-118.62,11,-118.96,6000.00,6500.00,1.50,3,43,0.06,NLOS,117.55,-7.40,-89.93,-62.15,2.61,0.00,0,50,-92.90,44,-105.52,49,-110.44,64,-113.42,37,-113.65,36,-117.07,4757.94,3700.00,1.50,0,34,0.04,LOS,96.78,-0.09,-76.47,-48.68,21.30,50.53,0,33,-98.58,27,-106.99,39,-109.72,40,-114.39,41,-116.61,46,-117.35
241,7181.51,4700.00,1.50,0,54,0.20,NLOS,104.77,5.54,-90.09,-62.31,13.83,33.51,0,48,-108.25,53,-110.37,55,-112.65,61,-113.31,47,-114.15,60,-117.03,7800.00,3500.00,1.50,0,60,0.03,LOS,101.82,0.08,-81.69,-53.90,12.19,0.00,0,59,-94.01,52,-109.51,47,-112.11,53,-113.05,54,-113.63,58,-118.35,3800.00,5900.00,1.50,0,23,0.07,NLOS,116.53,0.39,-96.70,-68.92,3.50,0.00,0,30,-101.71,29,-107.85,22,-110.30,31,-116.38,35,-118.62,11,-118.96,6000.00,6500.00,1.50,3,43,0.06,NLOS,117.55,-7.40,-89.93,-62.15,2.61,0.00,0,50,-92.90,44,-105.52,49,-110.44,64,-113.42,37,-113.65,36,-117.07,4771.98,3700.00,1.50,0,34,0.04,LOS,96.54,-0.09,-76.23,-48.45,21.38,50.53,0,33,-98.35,27,-107.45,39,-109.59,40,-114.15,41,-116.48,46,-117.22
242,7190.81,4700.00,1.50,0,54,0.21,NLOS,104.31,5.54,-89.64,-61.85,14.33,33.51,0,48,-108.44,53,-110.36,55,-112.63,61,-113.14,47,-114.29,60,-116.90,7800.00,3500.00,1.50,0,60,0.03,LOS,101.82,0.08,-81.69,-53.90,12.19,0.00,0,59,-94.01,52,-109.51,47,-112.11,53,-113.05,54,-113.63,58,-118.35,3800.00,5900.00,1.50,0,23,0.07,NLOS,116.53,0.39,-96.70,-68.92,3.50,0.00,0,30,-101.71,29,-107.85,22,-110.30,31,-116.38,35,-118.62,11,-118.96,6000.00,6500.00,1.50,3,43,0.06,NLOS,117.55,-7.40,-89.93,-62.15,2.61,0.00,0,50,-92.90,44,-105.52,49,-110.44,64,-113.42,37,-113.65,36,-117.07,4786.01,3700.00,1.50,0,34,0.04,LOS,96.32,5.27,-81.37,-53.59,24.81,50.53,0,33,-109.26,27,-111.00,26,-115.68,41,-116.02,21,-116.33,19,-116.34
243,7200.00,4700.12,1.50,1,54,0.22,NLOS,103.93,5.54,-89.25,-61.47,14.76,33.51,0,48,-108.63,53,-110.36,55,-112.61,61,-112.97,47,-114.42,60,-116.77,7800.00,3500.00,1.50,0,60,0.03,LOS,101.82,0.08,-81.69,-53.90,12.19,0.00,0,59,-94.01,52,-109.51,47,-112.11,53,-113.05,54,-113.63,58,-118.35,3800.00,5900.00,1.50,0,23,0.07,NLOS,116.53,0.39,-96.70,-68.92,3.50,0.00,0,30,-101.71,29,-107.85,22,-110.30,31,-116.38,35,-118.62,11,-118.96,6000.00,6500.00,1.50,3,43,0.06,NLOS,117.55,-7.40,-89.93,-62.15,2.61,0.00,0,50,-92.90,44,-105.52,49,-110.44,64,-113.42,37,-113.65,36,-117.07,4800.00,3700.05,1.50,1,34,0.04,LOS,96.10,5.27,-81.15,-53.37,25.04,50.53,0,33,-109.05,27,-111.43,26,-115.80,41,-115.88,19,-116.43,21,-116.49
244,7200.00,4709.43,1.50,1,54,0.20,NLOS,104.91,-9.46,-75.24,-47.46,29.97,33.51,0,48,-109.16,60,-110.57,53,-113.22,49,-114.90,61,-116.78,57,-118.09,7800.00,3500.00,1.50,0,60,0.03,LOS,101.82,0.08,-81.69,-53.90,12.19,0.00,0,59,-94.01,52,-109.51,47,-112.11,53,-113.05,54,-113.63,58,-118.35,3800.00,5900.00,1.50,0,23,0.07,NLOS,116.53,0.39,-96.70,-68.92,3.50,0.00,0,30,-101.71,29,-107.85,22,-110.30,31,-116.38,35,-118.62,11,-118.96,6000.00,6500.00,1.50,3,43,0.06,NLOS,117.55,-7.40,-89.93,-62.15,2.61,0.00,0,50,-92.90,44,-105.52,49,-110.44,64,-113.42,37,-113.65,36,-117.07,4800.00,3714.09,1.50,1,34,0.04,LOS,95.63,1.27,-76.68,-48.90,25.54,50.53,0,27,-103.96,26,-108.78,21,-109.39,33,-109.74,40,-112.00,39,-112.06
245,7200.00,4718.74,1.50,1,54,0.18,NLOS,105.86,-9.46,-76.18,-48.40,29.04,33.51,0,48,-109.08,60,-110.66,53,-113.38,49,-114.80,61,-116.71,57,-118.03,7800.00,3500.00,1.50,0,60,0.03,LOS,101.82,0.08,-81.69,-53.90,12.19,0.00,0,59,-94.01,52,-109.51,47,-112.11,53,-113.05,54,-113.63,58,-118.35,3800.00,5900.00,1.50,0,23,0.07,NLOS,116.53,0.39,-96.70,-68.92,3.50,0.00,0,30,-101.71,29,-107.85,22,-110.30,31,-116.38,35,-118.62,11,-118.96,6000.00,6494.90,1.50,3,43,0.06,NLOS,117.38,-7.40,-89.76,-61.98,2.84,18.37,0,50,-92.96,44,-105.64,49,-110.36,64,-113.44,37,-113.67,36,-117.03,4800.00,3728.12,1.50,1,34,0.04,LOS,95.15,1.27,-76.20,-48.42,26.10,50.53,0,27,-103.98,26,-108.97,21,-109.34,33,-110.18,40,-112.01,39,-112.18
246,7200.00,4728.05,1.50,1,54,0.17,NLOS,106.75,-9.46,-77.08,-49.30,28.16,33.51,0,48,-109.00,60,-110.76,53,-113.53,49,-114.70,61,-116.65,57,-117.96,7800.00,3500.00,1.50,0,60,0.03,LOS,101.82,0.08,-81.69,-53.90,12.19,0.00,0,59,-94.01,52,-109.51,47,-112.11,53,-113.05,54,-113.63,58,-118.35,3800.00,5900.00,1.50,0,23,0.07,NLOS,116.53,0.39,-96.70,-68.92,3.50,0.00,0,30,-101.71,29,-107.85,22,-110.30,31,-116.38,35,-118.62,11,-118.96,6000.00,6484.70,1.50,3,43,0.06,NLOS,117.05,-7.40,-89.43,-61.65,3.31,36.73,0,50,-93.10,44,-105.86,49,-110.19,64,-113.47,37,-113.71,36,-116.95,4800.00,3742.16,1.50,1,34,0.04,LOS,94.67,3.00,-77.44,-49.66,20.93,50.53,0,33,-101.45,41,-104.11,27,-107.65,40,-110.19,28,-111.55,26,-112.55
247,7200.00,4737.35,1.50,1,54,0.16,NLOS,107.61,3.86,-91.25,-63.47,10.82,33.51,0,61,-103.18,48,-110.45,67,-113.42,42,-116.91,55,-117.60,60,-117.91,7800.00,3500.00,1.50,0,60,0.03,LOS,101.82,0.08,-81.69,-53.90,12.19,0.00,0,59,-94.01,52,-109.51,47,-112.11,53,-113.05,54,-113.63,58,-118.35,3800.00,5900.00,1.50,0,23,0.07,NLOS,116.53,0.39,-96.70,-68.92,3.50,0.00,0,30,-101.71,29,-107.85,22,-110.30,31,-116.38,35,-118.62,11,-118.96,6000.00,6474.49,1.50,3,43,0.07,NLOS,116.72,0.64,-97.14,-69.36,11.35,36.73,0,44,-111.85,56,-115.67,37,-116.94,50,-117.43,42,-118.00,49,-118.64,4800.00,3756.20,1.50,1,34,0.04,LOS,94.17,3.00,-76.95,-49.16,21.59,50.53,0,33,-101.87,41,-103.99,27,-107.69,40,-110.20,28,-111.35,26,-112.74
248,7200.00,4746.66,1.50,1,54,0.14,NLOS,108.43,3.86,-92.07,-64.29,9.94,33.51,0,61,-103.13,48,-110.37,67,-113.43,42,-116.86,55,-117.37,60,-118.00,7807.22,3500.00,1.50,0,60,0.03,LOS,101.77,0.08,-81.63,-53.85,12.00,26.00,0,59,-93.75,52,-109.61,47,-112.19,53,-113.24,54,-113.68,66,-118.30,3800.00,5900.00,1.50,0,23,0.07,NLOS,116.53,0.39,-96.70,-68.92,3.50,0.00,0,30,-101.71,29,-107.85,22,-110.30,31,-116.38,35,-118.62,11,-118.96,6000.00,6464.29,1.50,3,43,0.07,NLOS,116.40,0.64,-96.82,-69.04,11.76,36.73,0,44,-112.07,56,-115.65,37,-116.98,50,-117.57,42,-117.84,49,-118.47,4800.00,3770.24,1.50,1,34,0.04,LOS,93.66,5.45,-78.89,-51.11,16.73,50.53,0,33,-95.86,32,-108.17,27,-111.57,28,-114.18,41,-117.60,42,-117.95
249,7200.00,4755.97,1.50,1,54,0.13,NLOS,109.22,3.86,-92.86,-65.08,9.10,33.51,0,61,-103.07,48,-110.30,67,-113.44,42,-116.82,55,-117.14,60,-118.10,7821.67,3500.00,1.50,0,60,0.03,LOS,101.66,0.08,-81.52,-53.74,11.61,52.00,0,59,-93.24,52,-109.79,47,-112.34,53,-113.63,54,-113.77,66,-118.05,3800.00,5900.00,1.50,0,23,0.07,NLOS,116.53,0.39,-96.70,-68.92,3.50,0.00,0,30,-101.71,29,-107.85,22,-110.30,31,-116.38,35,-118.62,11,-118.96,6000.00,6454.09,1.50,3,43,0.07,NLOS,116.09,0.64,-96.51,-68.73,12.16,36.73,0,44,-112.29,56,-115.64,37,-117.02,42,-117.68,50,-117.72,49,-118.30,4800.00,3784.27,1.50,1,34,0.05,LOS,93.14,5.45,-78.37,-50.59,17.62,50.53,0,33,-96.26,32,-108.34,27,-111.63,28,-113.97,41,-117.48,42,-117.84
250,7200.00,4765.28,1.50,1,54,0.12,NLOS,109.97,-3.62,-86.13,-58.35,14.35,33.51,0,47,-106.33,60,-106.41,53,-106.94,55,-107.47,40,-114.50,48,-115.22,7836.11,3500.00,1.50,0,60,0.03,LOS,101.56,3.46,-84.81,-57.03,12.82,52.00,0,59,-97.90,52,-112.39,53,-113.31,54,-114.63,58,-115.48,40,-118.73,3803.90,5900.00,1.50,0,23,0.07,NLOS,116.74,0.39,-96.92,-69.14,3.22,14.03,0,30,-101.63,29,-107.78,22,-110.33,31,-116.36,35,-118.58,11,-118.99,6000.00,6443.88,1.50,3,43,0.07,NLOS,115.78,3.48,-99.04,-71.26,-1.41,36.73,0,50,-98.36,49,-107.76,44,-114.23,56,-115.30,37,-115.91,35,-116.20,4800.00,3798.31,1.50,1,34,0.05,LOS,92.61,-8.94,-63.45,-35.67,38.95,50.53,0,27,-107.08,41,-109.30,35,-109.51,28,-111.04,33,-112.51,39,-113.19
251,7200.00,4774.59,1.50,1,54,0.12,NLOS,110.70,-3.62,-86.86,-59.08,13.65,33.51,0,47,-106.44,60,-106.51,53,-107.08,55,-107.23,40,-114.55,48,-115.15,7850.55,3500.00,1.50,0,60,0.03,LOS,101.47,3.46,-84.72,-56.93,12.46,52.00,0,59,-97.41,52,-112.57,53,-113.68,54,-114.73,58,-115.45,40,-118.84,3811.69,5900.00,1.50,0,23,0.06,NLOS,117.16,0.39,-97.34,-69.56,2.66,28.05,0,30,-101.46,29,-107.64,22,-110.37,31,-116.33,35,-118.51,11,-119.05,6000.00,6433.68,1.50,3,43,0.07,NLOS,115.49,3.48,-98.75,-70.97,-1.00,36.73,0,50,-98.51,49,-107.59,44,-114.44,56,-115.29,37,-115.95,35,-116.12,4800.00,3812.35,1.50,1,34,0.05,LOS,92.07,-8.94,-62.91,-35.13,39.46,50.53,0,27,-107.16,41,-109.18,35,-109.32,28,-110.84,33,-112.90,39,-113.32
252,7200.00,4783.89,1.50,1,54,0.11,NLOS,111.40,-3.62,-87.56,-59.77,12.99,33.51,0,47,-106.55,60,-106.60,55,-106.99,53,-107.23,40,-114.60,48,-115.09,7865.00,3500.00,1.50,0,60,0.03,LOS,101.39,1.21,-82.38,-54.59,7.60,52.00,0,59,-90.11,53,-108.27,54,-109.54,65,-114.24,52,-114.62,66,-118.99,3819.48,5900.00,1.50,0,23,0.06,NLOS,117.58,-7.01,-90.35,-62.56,11.52,28.05,0,29,-103.68,24,-111.34,30,-111.94,18,-113.11,22,-113.77,17,-116.50,6000.00,6423.48,1.50,3,43,0.08,NLOS,115.21,3.48,-98.47,-70.69,-0.61,36.73,0,50,-98.66,49,-107.41,44,-114.65,56,-115.27,37,-116.00,35,-116.04,4800.00,3826.38,1.50,1,34,0.05,LOS,91.52,1.52,-72.82,-45.04,28.24,50.53,0,27,-102.58,26,-103.49,40,-108.44,29,-111.99,33,-112.31,36,-117.10
253,7200.00,4793.20,1.50,1,54,0.10,NLOS,112.07,-5.00,-86.84,-59.06,15.00,33.51,0,48,-104.71,61,-106.11,49,-112.65,62,-114.90,60,-116.81,55,-117.05,7879.44,3500.00,1.50,0,60,0.03,LOS,101.31,1.21,-82.30,-54.52,7.25,52.00,0,59,-89.66,53,-108.63,54,-109.64,65,-114.06,52,-114.80,66,-118.72,3827.28,5900.00,1.50,0,23,0.06,NLOS,117.98,-7.01,-90.75,-62.97,11.03,28.05,0,29,-103.54,24,-111.40,30,-111.78,18,-113.16,22,-113.82,17,-116.61,6000.00,6413.27,1.50,3,43,0.08,NLOS,114.94,-6.53,-88.20,-60.41,17.20,36.73,0,50,-108.26,44,-111.46,49,-112.97,56,-115.41,57,-117.80,55,-120.85,4800.00,3840.42,1.50,1,34,0.05,LOS,90.96,1.52,-72.26,-44.48,28.90,50.53,0,27,-102.67,26,-103.67,40,-108.47,29,-111.86,33,-112.68,36,-116.98
254,7200.00,4802.51,1.50,1,54,0.10,NLOS,112.71,-5.00,-87.49,-59.71,14.31,33.51,0,48,-104.65,61,-106.07,49,-112.55,62,-114.81,55,-116.80,60,-116.90,7893.89,3500.00,1.50,0,60,0.03,LOS,101.24,-2.91,-78.11,-50.33,-1.03,52.00,0,59,-77.09,53,-105.23,58,-108.37,52,-112.73,45,-119.74,47,-120.03,3835.07,5900.00,1.50,0,23,0.06,NLOS,118.37,-7.01,-91.14,-63.36,10.54,28.05,0,29,-103.40,24,-111.45,30,-111.61,18,-113.21,22,-113.87,17,-116.72,6000.00,6403.07,1.50,3,43,0.08,NLOS,114.69,-6.53,-87.94,-60.16,17.55,36.73,0,50,-108.42,44,-111.66,49,-112.80,56,-115.40,57,-117.86,55,-120.78,4800.00,3854.46,1.50,1,34,0.06,LOS,90.39,-3.15,-67.03,-39.25,36.68,50.53,0,33,-105.02,21,-112.60,40,-113.63,27,-114.74,47,-115.07,28,-117.62
255,7200.00,4811.82,1.50,1,54,0.09,NLOS,113.34,-5.00,-88.12,-60.33,13.64,33.51,0,48,-104.60,61,-106.02,49,-112.45,62,-114.72,55,-116.55,60,-117.00,7908.33,3500.00,1.50,0,60,0.03,LOS,101.18,-2.91,-78.05,-50.27,-1.35,52.00,0,59,-76.71,53,-105.58,58,-108.35,52,-112.92,45,-119.84,47,-120.17,3842.86,5900.00,1.50,0,23,0.06,NLOS,118.76,-7.01,-91.53,-63.74,10.05,28.05,0,29,-103.26,30,-111.44,24,-111.51,18,-113.26,22,-113.92,17,-116.83,6000.00,6392.87,1.50,3,43,0.08,NLOS,114.46,-6.53,-87.71,-59.93,17.88,36.73,0,50,-108.58,44,-111.87,49,-112.62,56,-115.39,57,-117.92,55,-120.71,4800.00,3868.49,1.50,1,34,0.06,LOS,89.82,-3.15,-66.45,-38.67,37.52,50.53,0,33,-105.38,21,-112.56,40,-113.67,27,-114.85,47,-115.05,28,-117.41
256,7200.00,4821.13,1.50,1,54,0.08,NLOS,113.94,-6.95,-86.77,-58.99,18.73,33.51,0,55,-108.91,48,-110.41,61,-113.66,56,-115.01,46,-118.47,47,-120.25,7922.77,3500.00,1.50,0,59,0.09,NLOS,112.98,-3.95,-88.81,-61.02,3.63,52.00,1,60,-92.49,65,-116.18,53,-118.75,58,-119.30,46,-119.50,66,-120.41,3850.65,5900.00,1.50,0,23,0.05,NLOS,119.13,-5.99,-92.93,-65.14,8.82,28.05,0,30,-102.67,25,-111.46,29,-112.05,24,-116.11,15,-116.88,16,-117.24,6000.00,6382.67,1.50,3,43,0.08,NLOS,114.24,-6.16,-87.87,-60.08,14.25,36.73,0,50,-104.56,44,-109.02,49,-112.08,37,-113.29,51,-115.14,42,-117.93,4800.00,3882.53,1.50,1,34,0.06,LOS,89.23,-10.95,-58.06,-30.28,41.45,50.53,0,33,-102.86,28,-105.97,40,-107.70,41,-111.39,27,-111.99,35,-114.25
257,7200.00,4830.43,1.50,1,54,0.08,NLOS,114.53,-6.95,-87.36,-59.58,18.01,33.51,0,55,-108.65,48,-110.36,61,-113.62,56,-114.90,46,-118.56,47,-120.36,7937.22,3500.00,1.50,0,59,0.10,NLOS,112.69,-3.95,-88.52,-60.74,3.88,52.00,0,60,-92.45,65,-116.00,53,-119.08,58,-119.29,46,-119.66,66,-120.13,3858.45,5900.00,1.50,0,23,0.05,NLOS,119.50,-5.99,-93.29,-65.51,8.31,28.05,0,30,-102.50,25,-111.48,29,-111.91,24,-116.16,15,-116.93,16,-117.34,6000.00,6372.46,1.50,3,43,0.08,NLOS,114.04,-6.16,-87.67,-59.89,14.56,36.73,0,50,-104.72,44,-109.22,49,-111.91,37,-113.34,51,-115.26,42,-117.76,4800.00,3896.57,1.50,1,34,0.06,LOS,88.87,-10.95,-57.70,-29.92,41.91,50.53,0,33,-103.21,28,-105.75,40,-107.75,41,-111.27,27,-112.12,35,-114.04
258,7200.00,4839.74,1.50,1,54,0.08,NLOS,115.09,-6.95,-87.92,-60.14,17.30,33.51,0,55,-108.39,48,-110.31,61,-113.58,56,-114.80,46,-118.64,63,-120.44,7951.66,3500.00,1.50,0,60,0.03,LOS,101.05,0.31,-81.15,-53.37,13.16,52.00,1,59,-94.69,65,-104.96,53,-105.93,52,-113.25,54,-116.58,66,-116.71,3866.24,5900.00,1.50,0,23,0.05,NLOS,119.86,-5.99,-93.65,-65.87,7.81,28.05,0,30,-102.34,25,-111.50,29,-111.77,24,-116.22,15,-116.98,16,-117.44,6000.00,6362.26,1.50,3,43,0.09,NLOS,113.87,-6.16,-87.49,-59.71,14.85,36.73,0,50,-104.88,44,-109.42,49,-111.74,37,-113.40,51,-115.38,42,-117.59,4810.60,3900.00,1.50,0,34,0.07,LOS,88.58,-2.72,-65.64,-37.86,41.71,50.53,0,27,-110.64,47,-112.80,33,-115.69,26,-115.70,40,-116.25,21,-116.34
259,7200.00,4849.05,1.50,1,54,0.07,NLOS,115.64,6.93,-102.35,-74.57,-2.04,33.51,0,48,-101.89,62,-108.63,61,-109.28,55,-109.55,49,-112.99,60,-115.05,7966.11,3500.00,1.50,0,60,0.03,LOS,101.03,0.31,-81.12,-53.34,13.04,52.00,0,59,-94.51,65,-104.77,53,-106.25,52,-113.44,66,-116.42,54,-116.69,3874.03,5900.00,1.50,0,23,0.05,NLOS,120.21,-5.99,-94.01,-66.23,7.31,28.05,0,30,-102.17,25,-111.51,29,-111.63,24,-116.28,15,-117.03,16,-117.54,6000.00,6352.06,1.50,3,43,0.09,NLOS,113.72,-2.81,-90.68,-62.90,9.70,36.73,0,44,-101.75,42,-107.82,57,-111.28,56,-112.13,49,-112.81,30,-115.49,4824.64,3900.00,1.50,0,34,0.07,LOS,88.30,-2.72,-65.37,-37.59,42.09,50.53,0,27,-111.02,47,-112.66,33,-115.58,26,-115.80,40,-116.01,21,-116.51
260,7200.00,4858.36,1.50,1,54,0.07,NLOS,116.17,6.93,-102.88,-75.10,-2.64,33.51,0,48,-101.85,62,-108.53,61,-109.25,55,-109.28,49,-112.89,60,-115.15,7980.55,3500.00,1.50,0,60,0.03,LOS,101.01,5.08,-85.87,-58.09,3.90,52.00,0,59,-89.95,66,-104.18,65,-108.44,53,-117.62,40,-118.10,52,-118.59,3881.83,5900.00,1.50,0,23,0.05,NLOS,120.56,-2.46,-97.88,-70.10,-0.29,28.05,0,30,-99.47,24,-103.20,29,-109.89,36,-110.68,35,-117.14,25,-117.69,6000.00,6341.85,1.50,3,43,0.09,NLOS,113.59,-2.81,-90.56,-62.78,9.92,36.73,0,44,-101.94,42,-107.64,57,-111.35,56,-112.13,49,-112.64,30,-115.49,4838.68,3900.00,1.50,0,34,0.07,LOS,88.03,0.70,-68.52,-40.74,33.36,50.53,0,33,-103.52,40,-108.51,21,-114.98,27,-115.68,39,-115.97,26,-116.62
261,7200.00,4867.67,1.50,1,54,0.07,NLOS,116.69,6.93,-103.40,-75.62,-3.22,33.51,0,48,-101.80,62,-108.43,55,-109.00,61,-109.21,49,-112.78,60,-115.25,7994.99,3500.00,1.50,0,60,0.03,LOS,101.00,5.08,-85.86,-58.08,3.85,52.00,0,59,-89.90,66,-103.88,65,-108.26,53,-117.93,40,-118.21,52,-118.77,3889.62,5900.00,1.50,0,23,0.05,NLOS,120.90,-2.46,-98.22,-70.43,-0.72,28.05,0,30,-99.31,24,-103.26,29,-109.75,36,-110.57,35,-117.06,25,-117.70,6000.00,6331.65,1.50,3,43,0.09,NLOS,113.49,-2.81,-90.46,-62.67,10.12,36.73,0,44,-102.14,42,-107.47,57,-111.41,56,-112.12,49,-112.47,30,-115.49,4852.71,3900.00,1.50,0,34,0.08,LOS,87.77,0.70,-68.26,-40.48,33.53,50.53,0,33,-103.43,40,-108.26,21,-115.15,39,-115.86,27,-116.04,26,-116.71
262,7200.00,4876.97,1.50,1,54,0.06,NLOS,117.19,6.77,-103.73,-75.95,0.37,33.51,0,55,-108.42,61,-109.55,48,-110.60,49,-114.78,56,-116.21,42,-116.42,7990.56,3500.00,1.50,2,60,0.03,LOS,101.00,5.08,-85.86,-58.08,3.86,52.00,0,59,-89.91,66,-103.97,65,-108.31,53,-117.83,40,-118.18,52,-118.72,3897.41,5900.00,1.50,0,23,0.05,NLOS,121.23,-2.46,-98.55,-70.77,-1.16,28.05,0,30,-99.14,24,-103.33,29,-109.61,36,-110.45,35,-116.99,25,-117.72,6000.00,6321.45,1.50,3,43,0.09,NLOS,113.41,1.16,-94.35,-66.57,6.31,36.73,0,50,-101.89,44,-111.81,42,-111.92,49,-112.95,48,-113.01,37,-116.70,4866.75,3900.00,1.50,0,34,0.08,LOS,87.52,1.47,-68.77,-40.99,34.54,50.53,0,27,-105.79,21,-108.02,26,-108.51,33,-108.56,20,-113.07,40,-116.33
263,7200.00,4886.28,1.50,1,54,0.06,NLOS,117.67,6.77,-104.22,-76.44,-0.22,33.51,0,55,-108.14,61,-109.52,48,-110.57,49,-114.67,56,-116.10,42,-116.38,7976.12,3500.00,1.50,2,60,0.03,LOS,101.01,-4.24,-76.56,-48.78,23.67,52.00,0,59,-101.60,53,-108.46,66,-111.50,58,-111.80,54,-114.72,52,-117.37,3905.20,5900.00,1.50,0,23,0.05,NLOS,121.56,-2.46,-98.87,-71.09,-1.58,28.05,0,30,-98.98,24,-103.39,29,-109.48,36,-110.33,35,-116.92,37,-117.70,6000.00,6311.24,1.50,3,43,0.09,NLOS,113.37,1.16,-94.30,-66.52,6.48,36.73,0,50,-102.06,42,-111.74,44,-111.99,49,-112.77,48,-112.89,37,-116.76,4880.79,3900.00,1.50,0,34,0.08,LOS,87.28,1.47,-68.54,-40.75,34.93,50.53,0,27,-106.14,21,-108.19,33,-108.49,26,-108.61,20,-113.22,40,-116.07
264,7200.00,4895.59,1.50,1,54,0.06,NLOS,118.15,6.77,-104.70,-76.91,-0.82,33.51,0,55,-107.85,61,-109.49,48,-110.53,49,-114.57,56,-115.99,42,-116.34,7961.68,3500.00,1.50,2,60,0.03,LOS,101.03,-4.24,-76.58,-48.79,23.72,52.00,0,59,-101.73,53,-108.15,66,-111.80,58,-111.80,54,-114.62,52,-117.18,3913.00,5900.00,1.50,0,30,0.03,NLOS,125.79,-11.30,-94.28,-66.49,0.80,28.05,1,29,-96.21,23,-102.07,24,-111.60,10,-111.85,16,-113.26,25,-115.05,6000.00,6301.04,1.50,3,43,0.09,NLOS,113.35,1.16,-94.29,-66.50,6.61,36.73,0,50,-102.23,42,-111.56,44,-112.18,49,-112.60,48,-112.78,37,-116.82,4894.83,3900.00,1.50,0,34,0.09,LOS,87.06,1.52,-68.37,-40.58,34.94,50.53,0,27,-106.59,33,-110.38,40,-111.50,41,-113.83,28,-114.51,13,-118.80
265,7204.90,4900.00,1.50,0,54,0.06,NLOS,118.33,-3.69,-94.43,-66.65,11.03,33.51,0,55,-108.77,48,-111.62,47,-112.35,67,-120.27,50,-120.57,68,-120.95,7947.23,3500.00,1.50,2,60,0.03,LOS,101.06,-2.32,-78.52,-50.74,15.89,52.00,0,59,-94.64,53,-109.22,58,-112.44,66,-114.60,61,-116.72,65,-116.92,3920.79,5900.00,1.50,0,30,0.04,NLOS,125.63,-11.30,-94.11,-66.33,0.92,28.05,0,29,-96.08,23,-102.39,24,-111.67,10,-111.92,16,-113.36,25,-115.06,5990.84,6300.00,1.50,2,43,0.09,NLOS,112.72,8.44,-100.94,-73.16,0.24,36.73,0,50,-102.33,36,-110.80,49,-115.29,31,-115.49,44,-115.57,41,-115.87,4908.86,3900.00,1.50,0,34,0.09,LOS,86.86,1.52,-68.16,-40.38,35.24,50.53,0,27,-106.92,33,-110.33,40,-111.23,41,-113.65,28,-114.69,13,-118.89
266,7214.21,4900.00,1.50,0,54,0.06,NLOS,118.28,-3.69,-94.37,-66.59,11.14,33.51,0,55,-108.75,48,-111.83,47,-112.46,67,-120.17,50,-120.60,68,-120.85,7932.79,3500.00,1.50,2,60,0.03,LOS,101.10,-2.32,-78.56,-50.77,16.09,52.00,0,59,-94.90,53,-108.90,58,-112.45,66,-114.89,61,-116.73,65,-117.10,3928.58,5900.00,1.50,0,30,0.04,NLOS,125.47,-11.30,-93.95,-66.17,1.03,28.05,0,29,-95.95,23,-102.70,24,-111.73,10,-111.99,16,-113.45,25,-115.08,5980.64,6300.00,1.50,2,43,0.10,NLOS,111.99,8.44,-100.21,-72.43,1.11,36.73,0,50,-102.53,36,-110.66,31,-115.41,49,-115.48,44,-115.52,41,-115.86,4922.90,3900.00,1.50,0,34,0.09,LOS,86.68,-0.22,-66.24,-38.46,35.17,50.53,0,33,-105.57,27,-106.24,41,-108.84,35,-115.84,39,-116.01,28,-116.03
267,7223.51,4900.00,1.50,0,54,0.06,NLOS,118.23,-3.69,-94.33,-66.55,11.24,33.51,0,55,-108.73,48,-112.05,47,-112.56,67,-120.08,50,-120.63,68,-120.76,7918.34,3500.00,1.50,2,60,0.03,LOS,101.14,1.22,-82.14,-54.36,18.37,52.00,0,59,-101.32,54,-111.99,53,-113.66,52,-114.55,66,-116.34,67,-117.92,3936.38,5900.00,1.50,0,30,0.04,NLOS,125.31,-11.30,-93.79,-66.01,1.14,28.05,0,29,-95.82,23,-103.00,24,-111.80,10,-112.06,16,-113.55,25,-115.10,5970.43,6300.00,1.50,2,43,0.11,NLOS,111.23,8.44,-99.45,-71.67,2.00,36.73,0,50,-102.73,36,-110.51,31,-115.33,44,-115.47,49,-115.68,41,-115.84,4936.94,3900.00,1.50,0,34,0.09,LOS,86.52,-0.22,-66.09,-38.31,35.37,50.53,0,33,-105.53,27,-106.56,41,-108.66,35,-115.83,39,-115.90,28,-116.20
268,7232.82,4900.00,1.50,0,54,0.06,NLOS,118.20,-2.04,-95.95,-68.17,2.66,33.51,0,61,-101.97,48,-103.00,47,-108.04,55,-111.94,53,-118.36,49,-120.14,7903.90,3500.00,1.50,2,60,0.03,LOS,101.20,1.22,-82.20,-54.41,18.59,52.00,0,59,-101.67,54,-111.89,53,-113.32,52,-114.37,66,-116.62,67,-118.03,3944.17,5900.00,1.50,0,30,0.04,NLOS,125.15,-2.56,-102.37,-74.59,3.39,28.05,0,23,-107.16,17,-109.70,16,-110.05,29,-113.72,25,-114.86,10,-115.72,5960.23,6300.00,1.50,2,43,0.12,NLOS,110.44,-2.18,-88.04,-60.25,20.01,36.73,0,36,-111.76,37,-114.33,51,-115.98,49,-117.24,50,-118.45,38,-119.36,4950.97,3900.00,1.50,0,34,0.10,LOS,86.39,3.16,-69.33,-41.55,30.67,50.53,0,33,-103.58,27,-103.93,28,-110.94,41,-114.76,23,-115.12,40,-116.48
269,7242.13,4900.00,1.50,0,54,0.06,NLOS,118.19,-2.04,-95.93,-68.15,2.67,33.51,0,61,-101.77,48,-103.21,47,-108.14,55,-111.94,53,-118.35,49,-120.22,7889.46,3500.00,1.50,2,60,0.03,LOS,101.26,-7.29,-73.75,-45.97,25.01,52.00,0,53,-99.94,59,-105.69,52,-108.19,46,-112.09,65,-112.33,66,-115.45,3951.96,5900.00,1.50,0,30,0.04,NLOS,124.99,-2.56,-102.21,-74.43,3.73,28.05,0,23,-107.45,17,-109.79,16,-110.14,29,-113.59,25,-114.88,10,-115.79,5950.03,6300.00,1.50,2,43,0.13,NLOS,109.60,-2.18,-87.20,-59.42,20.78,36.73,0,36,-111.61,37,-114.18,51,-116.03,49,-117.43,50,-118.65,38,-119.29,4965.01,3900.00,1.50,0,34,0.10,LOS,86.29,3.16,-69.23,-41.45,30.88,50.53,0,33,-103.55,27,-104.24,28,-111.12,41,-114.58,23,-115.18,40,-116.19
270,7251.44,4900.00,1.50,0,54,0.06,NLOS,118.18,-2.04,-95.93,-68.15,2.65,33.51,0,61,-101.56,48,-103.42,47,-108.24,55,-111.94,53,-118.35,49,-120.30,7875.01,3500.00,1.50,2,60,0.03,LOS,101.33,-7.29,-73.82,-46.04,24.76,52.00,0,53,-99.59,59,-106.11,52,-108.01,46,-111.92,65,-112.51,66,-115.71,3959.76,5900.00,1.50,0,30,0.04,NLOS,124.83,-2.56,-102.06,-74.28,4.07,28.05,0,23,-107.74,17,-109.89,16,-110.24,29,-113.47,25,-114.90,10,-115.86,5939.82,6300.00,1.50,2,43,0.14,NLOS,108.73,-2.18,-86.33,-58.54,21.59,36.73,0,36,-111.46,37,-114.03,51,-116.08,49,-117.63,50,-118.84,38,-119.23,4979.05,3900.00,1.50,0,34,0.10,LOS,86.23,-3.40,-62.61,-34.83,37.34,50.53,0,33,-100.64,27,-112.07,35,-114.64,28,-117.69,41,-117.76,26,-118.28
271,7260.75,4900.00,1.50,0,54,0.06,NLOS,118.19,-2.37,-95.60,-67.82,7.33,33.51,0,55,-106.58,61,-109.17,60,-109.71,62,-111.28,48,-114.16,56,-114.26,7860.57,3500.00,1.50,2,60,0.03,LOS,101.41,-4.77,-76.42,-48.64,19.33,52.00,0,59,-95.89,46,-112.79,53,-113.88,54,-115.07,65,-118.43,62,-118.69,3967.55,5900.00,1.50,0,30,0.04,NLOS,124.67,-2.56,-101.90,-74.12,4.39,28.05,0,23,-108.02,17,-109.99,16,-110.33,29,-113.34,25,-114.92,10,-115.93,5929.62,6300.00,1.50,2,43,0.15,NLOS,107.81,2.71,-90.29,-62.51,14.23,36.73,0,49,-106.59,50,-112.19,36,-116.50,37,-116.81,44,-117.26,31,-119.23,4993.08,3900.00,1.50,0,34,0.10,LOS,86.19,-3.40,-62.58,-34.80,37.38,50.53,0,33,-100.63,27,-112.37,35,-114.64,41,-117.59,28,-117.87,26,-118.38
272,7270.05,4900.00,1.50,0,54,0.06,NLOS,118.21,-2.37,-95.62,-67.84,7.25,33.51,0,55,-106.59,61,-108.96,60,-109.61,62,-111.20,56,-114.26,48,-114.36,7846.12,3500.00,1.50,2,60,0.03,LOS,101.50,-4.77,-76.51,-48.73,19.69,52.00,0,59,-96.37,46,-112.61,53,-113.52,54,-114.97,65,-118.61,62,-118.69,3975.34,5900.00,1.50,0,29,0.03,NLOS,126.41,-6.73,-99.47,-71.69,5.74,28.05,1,30,-106.69,36,-112.95,23,-116.97,24,-117.29,10,-121.12,17,-121.44,5919.42,6300.00,1.50,2,43,0.17,NLOS,106.83,2.71,-89.32,-61.54,15.34,36.73,0,49,-106.78,50,-112.38,36,-116.35,37,-116.65,44,-117.22,31,-119.15,5000.00,3900.00,1.50,2,34,0.10,LOS,86.19,-3.40,-62.58,-34.79,37.39,0.00,0,33,-100.63,27,-112.52,35,-114.64,41,-117.50,28,-117.96,26,-118.44
273,7279.36,4900.00,1.50,0,54,0.06,NLOS,118.25,-2.37,-95.65,-67.87,7.16,33.51,0,55,-106.60,61,-108.74,60,-109.51,62,-111.12,56,-114.26,48,-114.56,7831.68,3500.00,1.50,2,60,0.03,LOS,101.59,-8.76,-72.61,-44.83,27.66,52.00,0,59,-103.08,58,-103.77,53,-103.87,66,-117.79,61,-119.19,69,-120.91,3983.13,5900.00,1.50,0,29,0.03,NLOS,126.29,-6.73,-99.35,-71.56,5.75,28.05,0,30,-106.54,36,-112.82,23,-117.24,24,-117.36,10,-121.19,17,-121.54,5909.22,6300.00,1.50,2,43,0.18,NLOS,105.80,2.71,-88.29,-60.51,16.50,36.73,0,49,-106.97,50,-112.57,36,-116.19,37,-116.50,44,-117.18,31,-119.07,5000.00,3900.00,1.50,2,34,0.10,LOS,86.19,-3.40,-62.58,-34.79,37.39,0.00,0,33,-100.63,27,-112.52,35,-114.64,41,-117.50,28,-117.96,26,-118.44
274,7288.67,4900.00,1.50,0,54,0.06,NLOS,118.29,-0.36,-97.72,-69.94,3.17,33.51,0,55,-101.71,48,-112.29,60,-113.55,49,-114.43,67,-114.79,62,-118.60,7817.24,3500.00,1.50,2,60,0.03,LOS,101.69,-8.76,-72.71,-44.93,27.64,52.00,0,53,-103.49,59,-103.59,58,-103.81,66,-118.04,61,-119.21,69,-120.93,3990.93,5900.00,1.50,0,29,0.03,NLOS,126.17,-6.73,-99.23,-71.44,5.75,28.05,0,30,-106.38,36,-112.69,24,-117.43,23,-117.51,10,-121.26,27,-121.55,5899.01,6300.00,1.50,2,43,0.20,NLOS,104.70,-7.92,-76.56,-48.78,24.40,36.73,0,49,-102.32,42,-108.80,48,-112.52,44,-113.68,50,-115.44,56,-116.23,5000.00,3900.00,1.50,2,34,0.10,LOS,86.19,-3.40,-62.58,-34.79,37.39,0.00,0,33,-100.63,27,-112.52,35,-114.64,41,-117.50,28,-117.96,26,-118.44
275,7297.98,4900.00,1.50,0,54,0.06,NLOS,118.35,-0.36,-97.78,-70.00,3.13,33.51,0,55,-101.74,48,-112.48,60,-113.44,49,-114.51,67,-114.69,62,-118.52,7802.79,3500.00,1.50,2,60,0.03,LOS,101.80,-0.80,-80.79,-53.01,24.08,52.00,0,59,-106.56,52,-107.07,58,-110.30,54,-113.29,53,-113.94,46,-114.66,3998.72,5900.00,1.50,0,29,0.03,NLOS,126.05,-6.73,-99.11,-71.33,5.75,28.05,0,30,-106.23,36,-112.56,24,-117.50,23,-117.78,10,-121.32,27,-121.55,5888.81,6300.00,1.50,2,43,0.23,NLOS,103.53,-7.92,-75.39,-47.61,25.71,36.73,0,49,-102.51,42,-108.77,48,-112.57,44,-113.65,50,-115.63,56,-116.36,5000.00,3900.00,1.50,2,34,0.10,LOS,86.19,-3.40,-62.58,-34.79,37.39,0.00,0,33,-100.63,27,-112.52,35,-114.64,41,-117.50,28,-117.96,26,-118.44
276,7307.29,4900.00,1.50,0,54,0.06,NLOS,118.43,-0.36,-97.85,-70.07,3.09,33.51,0,55,-101.77,48,-112.68,60,-113.34,67,-114.59,49,-114.59,62,-118.44,7800.00,3488.35,1.50,3,60,0.03,LOS,102.11,-0.80,-81.10,-53.32,23.53,52.00,0,59,-106.17,52,-106.86,58,-110.14,54,-113.41,53,-113.99,46,-114.60,4006.51,5900.00,1.50,0,30,0.04,NLOS,123.92,-4.15,-99.54,-71.76,1.47,28.05,1,29,-102.59,24,-109.17,23,-113.10,22,-114.04,36,-114.55,28,-114.67,5878.61,6300.00,1.50,2,43,0.25,NLOS,102.27,-7.92,-74.13,-46.35,27.10,36.73,0,49,-102.70,42,-108.74,48,-112.63,44,-113.62,50,-115.82,56,-116.48,5000.00,3900.00,1.50,2,34,0.10,LOS,86.19,-3.40,-62.58,-34.79,37.39,0.00,0,33,-100.63,27,-112.52,35,-114.64,41,-117.50,28,-117.96,26,-118.44
277,7316.59,4900.00,1.50,0,54,0.06,NLOS,118.51,-7.87,-90.42,-62.64,9.62,33.51,0,61,-102.51,48,-105.25,55,-112.10,47,-113.67,60,-118.44,56,-118.95,7800.00,3473.90,1.50,3,60,0.03,LOS,102.46,2.12,-84.37,-56.58,14.94,52.00,0,59,-100.23,66,-109.09,58,-110.26,53,-111.56,52,-115.98,68,-116.40,4014.31,5900.00,1.50,0,30,0.04,NLOS,123.77,-4.15,-99.40,-71.62,1.56,28.05,0,29,-102.47,24,-109.24,23,-113.36,22,-114.10,36,-114.42,28,-114.65,5868.40,6300.00,1.50,2,43,0.28,NLOS,100.92,3.28,-83.98,-56.20,17.63,36.73,0,50,-102.43,38,-110.26,42,-113.43,49,-114.76,36,-116.60,30,-118.02,5000.00,3900.00,1.50,2,34,0.10,LOS,86.19,-3.40,-62.58,-34.79,37.39,0.00,0,33,-100.63,27,-112.52,35,-114.64,41,-117.50,28,-117.96,26,-118.44
278,7325.90,4900.00,1.50,0,54,0.06,NLOS,118.61,-7.87,-90.52,-62.74,9.45,33.51,0,61,-102.28,48,-105.44,55,-112.14,47,-113.77,60,-118.34,56,-118.96,7800.00,3459.46,1.50,3,60,0.03,LOS,102.81,2.12,-84.71,-56.93,14.12,52.00,0,59,-99.62,66,-109.15,58,-110.04,53,-111.72,52,-115.76,68,-116.51,4022.10,5900.00,1.50,0,30,0.04,NLOS,123.63,-4.15,-99.26,-71.47,1.64,28.05,0,29,-102.36,24,-109.31,23,-113.61,22,-114.17,36,-114.28,28,-114.63,5858.20,6300.00,1.50,2,43,0.32,NLOS,99.45,3.28,-82.51,-54.73,19.25,36.73,0,50,-102.62,38,-110.20,42,-113.41,49,-114.95,36,-116.44,30,-117.91,5000.00,3900.00,1.50,2,34,0.10,LOS,86.19,-3.40,-62.58,-34.79,37.39,0.00,0,33,-100.63,27,-112.52,35,-114.64,41,-117.50,28,-117.96,26,-118.44
279,7335.21,4900.00,1.50,0,54,0.06,NLOS,118.72,-7.87,-90.63,-62.85,9.26,33.51,0,61,-102.05,48,-105.63,55,-112.18,47,-113.88,60,-118.24,56,-118.97,7800.00,3445.02,1.50,3,60,0.03,LOS,103.15,-0.93,-82.00,-54.22,8.31,52.00,0,59,-90.41,53,-108.44,66,-114.77,52,-115.21,67,-116.97,63,-118.81,4029.89,5900.00,1.50,0,30,0.04,NLOS,123.48,-4.15,-99.11,-71.33,1.71,28.05,0,29,-102.25,24,-109.39,23,-113.86,36,-114.15,22,-114.23,28,-114.62,5848.00,6300.00,1.50,2,43,0.36,NLOS,97.85,3.28,-80.91,-53.13,21.00,36.73,0,50,-102.80,38,-110.14,42,-113.38,49,-115.13,36,-116.28,30,-117.81,5000.00,3900.00,1.50,2,34,0.10,LOS,86.19,-3.40,-62.58,-34.79,37.39,0.00,0,33,-100.63,27,-112.52,35,-114.64,41,-117.50,28,-117.96,26,-118.44
280,7344.52,4900.00,1.50,0,54,0.06,NLOS,118.83,3.75,-102.37,-74.59,-2.71,33.51,0,55,-102.87,61,-103.30,60,-111.20,67,-113.12,62,-116.12,66,-117.28,7800.00,3430.57,1.50,3,60,0.02,LOS,103.48,-0.93,-82.33,-54.55,7.39,52.00,0,59,-89.81,53,-108.61,66,-114.84,52,-114.99,67,-117.10,46,-118.81,4037.68,5900.00,1.50,0,30,0.04,NLOS,123.35,-15.09,-88.04,-60.26,13.52,28.05,0,29,-104.73,37,-108.41,23,-109.38,24,-110.72,22,-117.17,35,-117.72,5837.79,6300.00,1.50,2,43,0.40,NLOS,96.10,-6.97,-68.92,-41.13,27.65,36.73,0,44,-98.09,49,-105.44,50,-106.78,36,-109.38,37,-115.71,57,-119.19,5000.00,3900.00,1.50,2,34,0.10,LOS,86.19,-3.40,-62.58,-34.79,37.39,0.00,0,33,-100.63,27,-112.52,35,-114.64,41,-117.50,28,-117.96,26,-118.44
281,7353.83,4900.00,1.50,0,54,0.06,NLOS,118.96,3.75,-102.50,-74.71,-2.92,33.51,0,55,-102.93,61,-103.06,60,-111.10,67,-113.01,62,-116.04,66,-117.22,7800.00,3416.13,1.50,3,60,0.02,LOS,103.81,-0.30,-83.28,-55.50,9.82,52.00,0,59,-93.38,53,-106.55,58,-108.03,66,-112.13,52,-115.29,55,-116.64,4045.48,5900.00,1.50,0,30,0.04,NLOS,123.21,-15.09,-87.90,-60.12,13.64,28.05,0,29,-104.63,37,-108.33,23,-109.62,24,-110.80,22,-117.24,35,-117.64,5827.59,6300.00,1.50,2,43,0.46,NLOS,94.16,-6.97,-66.98,-39.19,29.61,36.73,0,44,-98.07,49,-105.62,50,-106.96,36,-109.21,37,-115.55,57,-119.28,5000.00,3900.00,1.50,2,34,0.10,LOS,86.19,-3.40,-62.58,-34.79,37.39,0.00,0,33,-100.63,27,-112.52,35,-114.64,41,-117.50,28,-117.96,26,-118.44
282,7363.13,4900.00,1.50,0,54,0.05,NLOS,119.10,3.75,-102.64,-74.85,-3.15,33.51,0,61,-102.82,55,-102.98,60,-111.00,67,-112.90,62,-115.97,66,-117.15,7800.00,3401.68,1.50,3,60,0.02,LOS,104.13,-0.30,-83.60,-55.82,8.97,52.00,0,59,-92.81,53,-106.74,58,-107.80,66,-112.20,52,-115.07,55,-116.75,4053.27,5900.00,1.50,0,30,0.04,NLOS,123.08,-15.09,-87.77,-59.99,13.75,28.05,0,29,-104.52,37,-108.26,23,-109.86,24,-110.87,22,-117.30,35,-117.57,5817.39,6300.00,1.50,2,43,0.52,NLOS,92.00,-6.97,-64.81,-37.03,31.79,36.73,0,44,-98.06,49,-105.80,50,-107.14,36,-109.05,37,-115.38,57,-119.37,4992.98,3900.00,1.50,2,34,0.10,LOS,86.19,-0.76,-65.22,-37.43,29.36,25.27,0,40,-96.35,33,-101.81,41,-105.25,27,-107.78,28,-114.79,26,-117.01
283,7372.44,4900.00,1.50,0,54,0.05,NLOS,119.25,1.08,-100.11,-72.33,6.38,33.51,0,48,-111.02,55,-112.59,60,-114.25,49,-114.36,61,-116.29,53,-116.96,7800.00,3387.24,1.50,3,60,0.02,LOS,104.44,-3.41,-80.81,-53.03,15.25,52.00,0,59,-96.46,52,-108.54,53,-109.97,66,-110.06,47,-114.83,65,-114.93,4061.06,5900.00,1.50,0,30,0.04,NLOS,122.95,-15.09,-87.64,-59.86,13.85,28.05,0,29,-104.42,37,-108.18,23,-110.10,24,-110.94,22,-117.37,35,-117.50,5807.19,6300.00,1.50,2,43,0.59,NLOS,89.56,2.44,-71.79,-44.01,34.21,36.73,0,42,-108.06,49,-113.92,51,-114.02,37,-118.28,50,-118.47,44,-119.86,4978.94,3900.00,1.50,2,34,0.10,LOS,86.23,-0.76,-65.25,-37.47,29.52,50.53,0,40,-96.64,33,-101.81,41,-105.42,27,-107.48,28,-114.61,26,-116.90
284,7381.75,4900.00,1.50,0,54,0.05,NLOS,119.41,1.08,-100.27,-72.49,6.26,33.51,0,48,-111.20,55,-112.65,60,-114.15,49,-114.44,61,-116.05,53,-116.98,7800.00,3372.80,1.50,3,60,0.02,LOS,104.75,-3.41,-81.12,-53.34,14.48,52.00,0,59,-95.95,52,-108.32,66,-110.14,53,-110.16,65,-114.82,47,-114.91,4068.86,5900.00,1.50,0,29,0.04,NLOS,125.09,-3.05,-101.82,-74.04,1.25,28.05,1,23,-106.47,30,-107.40,24,-110.24,16,-112.16,22,-113.99,36,-115.15,5796.98,6300.00,1.50,2,43,0.68,NLOS,86.80,2.44,-69.02,-41.24,36.99,36.73,0,42,-108.05,51,-114.07,49,-114.09,37,-118.12,50,-118.65,36,-119.83,4964.91,3900.00,1.50,2,34,0.10,LOS,86.30,-6.39,-59.68,-31.90,40.72,50.53,0,27,-102.31,35,-107.83,47,-108.42,33,-110.03,21,-113.38,48,-113.95
285,7391.06,4900.00,1.50,0,54,0.05,NLOS,119.57,1.08,-100.44,-72.65,6.13,33.51,0,48,-111.37,55,-112.72,60,-114.05,49,-114.52,61,-115.80,53,-116.99,7800.00,3358.35,1.50,3,60,0.02,LOS,105.06,-10.99,-73.86,-46.07,26.81,52.00,0,59,-101.35,52,-106.05,66,-110.77,39,-114.25,53,-115.82,48,-120.38,4076.65,5900.00,1.50,0,29,0.04,NLOS,124.99,-3.05,-101.73,-73.95,1.39,28.05,0,23,-106.70,30,-107.28,24,-110.32,16,-112.24,22,-114.06,36,-115.01,5786.78,6300.00,1.50,2,43,0.77,NLOS,83.65,2.44,-65.88,-38.10,40.14,36.73,0,42,-108.04,51,-114.13,49,-114.27,37,-117.95,50,-118.83,36,-119.67,4950.87,3900.00,1.50,2,34,0.10,LOS,86.39,-6.39,-59.78,-32.00,40.43,50.53,0,27,-102.00,35,-107.84,47,-108.57,33,-110.05,21,-113.22,48,-114.05
286,7400.00,4900.00,1.50,2,54,0.05,NLOS,119.74,-0.40,-99.12,-71.34,2.96,0.00,0,53,-104.44,55,-109.02,60,-112.58,48,-115.09,47,-115.70,68,-115.82,7800.00,3343.91,1.50,3,60,0.02,LOS,105.36,-10.99,-74.16,-46.37,26.16,52.00,0,59,-100.92,52,-105.83,66,-110.85,39,-114.22,53,-116.02,48,-120.47,4084.44,5900.00,1.50,0,29,0.04,NLOS,124.90,-3.05,-101.64,-73.85,1.53,28.05,0,23,-106.92,30,-107.16,24,-110.39,16,-112.33,22,-114.12,36,-114.87,5776.58,6300.00,1.50,2,43,0.89,NLOS,80.14,-11.14,-48.78,-21.00,58.79,36.73,0,49,-111.42,50,-112.61,51,-117.43,37,-117.47,44,-119.90,42,-120.99,4936.83,3900.00,1.50,2,34,0.09,LOS,86.52,-0.46,-65.84,-38.06,37.04,50.53,0,40,-104.70,27,-111.50,33,-112.31,21,-116.15,28,-116.43,48,-118.14
287,7400.00,4900.00,1.50,2,54,0.05,NLOS,119.74,-0.40,-99.12,-71.34,2.96,0.00,0,53,-104.44,55,-109.02,60,-112.58,48,-115.09,47,-115.70,68,-115.82,7800.00,3329.47,1.50,3,60,0.02,LOS,105.66,-1.55,-83.89,-56.11,8.87,52.00,0,59,-92.96,53,-109.59,61,-110.64,58,-112.18,52,-114.82,67,-116.72,4092.24,5900.00,1.50,0,29,0.04,NLOS,124.81,-3.05,-101.55,-73.77,1.65,28.05,0,30,-107.05,23,-107.15,24,-110.47,16,-112.42,22,-114.19,36,-114.72,5766.37,6300.00,1.50,2,43,1.00,NLOS,76.51,-11.14,-45.15,-17.37,62.52,36.73,0,49,-111.59,50,-112.78,37,-117.29,51,-117.49,44,-119.89,42,-120.99,4922.80,3900.00,1.50,2,34,0.09,LOS,86.68,-0.46,-66.00,-38.22,37.02,50.53,0,40,-104.97,27,-111.18,33,-112.35,21,-115.99,28,-116.25,48,-118.24
288,7400.00,4900.00,1.50,2,54,0.05,NLOS,119.74,-0.40,-99.12,-71.34,2.96,0.00,0,53,-104.44,55,-109.02,60,-112.58,48,-115.09,47,-115.70,68,-115.82,7800.00,3315.02,1.50,3,60,0.02,LOS,105.95,-1.55,-84.18,-56.40,8.30,52.00,0,59,-92.66,53,-109.80,61,-110.78,58,-111.93,52,-114.60,67,-116.84,4100.03,5900.00,1.50,0,29,0.04,NLOS,124.73,-3.21,-101.30,-73.52,-1.00,28.05,0,23,-101.16,30,-109.29,16,-113.98,37,-115.43,21,-117.59,28,-117.82,5756.17,6300.00,1.50,2,43,1.00,NLOS,74.55,-11.14,-43.20,-15.42,64.58,36.73,0,49,-111.77,50,-112.96,37,-117.12,51,-117.54,44,-119.89,42,-120.98,4908.76,3900.00,1.50,2,34,0.09,LOS,86.86,-0.64,-66.01,-38.22,42.81,50.53,0,33,-113.51,22,-115.02,27,-115.51,28,-115.77,49,-116.23,40,-116.37
289,7400.00,4900.00,1.50,2,54,0.05,NLOS,119.74,-0.40,-99.12,-71.34,2.96,0.00,0,53,-104.44,55,-109.02,60,-112.58,48,-115.09,47,-115.70,68,-115.82,7800.00,3300.58,1.50,3,60,0.02,LOS,106.23,1.60,-87.61,-59.83,0.19,52.00,0,59,-87.88,53,-106.11,52,-107.43,47,-111.78,65,-115.55,34,-117.96,4107.82,5900.00,1.50,0,29,0.04,NLOS,124.65,-3.21,-101.22,-73.44,-0.76,28.05,0,23,-101.38,30,-109.19,16,-114.07,37,-115.35,21,-117.61,28,-117.81,5745.97,6300.00,1.50,2,43,1.00,NLOS,74.55,7.41,-61.75,-33.97,43.33,36.73,0,42,-110.10,51,-111.80,36,-111.99,44,-112.68,38,-113.02,50,-113.91,4894.72,3900.00,1.50,2,34,0.09,LOS,87.06,-0.64,-66.21,-38.43,42.56,50.53,0,33,-113.57,22,-114.92,27,-115.18,28,-115.59,49,-116.29,40,-116.64
290,7400.00,4900.00,1.50,2,54,0.05,NLOS,119.74,-0.40,-99.12,-71.34,2.96,0.00,0,53,-104.44,55,-109.02,60,-112.58,48,-115.09,47,-115.70,68,-115.82,7800.00,3300.00,1.50,2,60,0.02,LOS,106.25,1.60,-87.63,-59.84,0.17,0.00,0,59,-87.87,53,-106.11,52,-107.42,47,-111.78,65,-115.54,34,-117.97,4115.61,5900.00,1.50,0,29,0.04,NLOS,124.57,-3.21,-101.14,-73.36,-0.53,28.05,0,23,-101.59,30,-109.09,16,-114.16,37,-115.27,21,-117.64,28,-117.80,5735.76,6300.00,1.50,2,43,1.00,NLOS,75.80,7.41,-63.00,-35.22,42.08,36.73,0,42,-110.10,36,-111.82,51,-111.86,44,-112.68,38,-112.96,50,-114.08,4880.69,3900.00,1.50,2,34,0.08,LOS,87.28,2.60,-69.67,-41.88,33.86,50.53,0,27,-107.70,40,-108.96,33,-109.11,41,-119.35,46,-120.34,39,-120.91
291,7400.00,4900.00,1.50,2,54,0.05,NLOS,119.74,-0.40,-99.12,-71.34,2.96,0.00,0,53,-104.44,55,-109.02,60,-112.58,48,-115.09,47,-115.70,68,-115.82,7800.00,3300.00,1.50,2,60,0.02,LOS,106.25,1.60,-87.63,-59.84,0.17,0.00,0,59,-87.87,53,-106.11,52,-107.42,47,-111.78,65,-115.54,34,-117.97,4123.41,5900.00,1.50,0,29,0.04,NLOS,124.50,-3.21,-101.07,-73.29,-0.30,28.05,0,23,-101.80,30,-108.99,16,-114.24,37,-115.19,21,-117.66,35,-117.77,5725.56,6300.00,1.50,2,43,0.92,NLOS,79.37,7.41,-66.56,-38.78,38.51,36.73,0,42,-110.10,36,-111.64,51,-111.92,44,-112.69,38,-112.90,50,-114.25,4866.65,3900.00,1.50,2,34,0.08,LOS,87.52,2.60,-69.90,-42.12,33.58,50.53,0,27,-107.35,33,-109.18,40,-109.22,41,-119.52,46,-120.46,39,-121.02
292,7400.00,4900.00,1.50,2,54,0.05,NLOS,119.74,-0.40,-99.12,-71.34,2.96,0.00,0,53,-104.44,55,-109.02,60,-112.58,48,-115.09,47,-115.70,68,-115.82,7800.00,3300.00,1.50,2,60,0.02,LOS,106.25,1.60,-87.63,-59.84,0.17,0.00,0,59,-87.87,53,-106.11,52,-107.42,47,-111.78,65,-115.54,34,-117.97,4131.20,5900.00,1.50,0,30,0.04,NLOS,121.96,-2.76,-98.98,-71.19,4.09,28.05,1,23,-105.91,22,-106.75,29,-109.90,28,-110.98,37,-111.64,36,-115.10,5715.36,6300.00,1.50,2,43,0.80,NLOS,82.95,3.58,-66.30,-38.52,34.95,36.73,0,44,-102.00,42,-115.17,49,-115.53,50,-116.44,36,-116.87,29,-117.74,4852.61,3900.00,1.50,2,34,0.08,LOS,87.77,-3.37,-64.18,-36.40,39.69,50.53,0,33,-108.34,28,-110.34,27,-113.00,41,-113.29,40,-113.88,39,-114.70
293,7400.00,4900.00,1.50,2,54,0.05,NLOS,119.74,-0.40,-99.12,-71.34,2.96,0.00,0,53,-104.44,55,-109.02,60,-112.58,48,-115.09,47,-115.70,68,-115.82,7800.00,3300.00,1.50,2,60,0.02,LOS,106.25,1.60,-87.63,-59.84,0.17,0.00,0,59,-87.87,53,-106.11,52,-107.42,47,-111.78,65,-115.54,34,-117.97,4138.99,5900.00,1.50,0,30,0.04,NLOS,121.87,-2.76,-98.89,-71.11,4.25,28.05,0,23,-106.11,22,-106.82,29,-109.83,28,-110.97,37,-111.56,36,-114.95,5705.16,6300.00,1.50,2,43,0.70,NLOS,86.17,3.58,-69.53,-41.75,31.73,36.73,0,44,-102.01,42,-115.18,49,-115.70,50,-116.61,36,-116.70,29,-117.65,4838.58,3900.00,1.50,2,34,0.07,LOS,88.03,-3.37,-64.44,-36.66,39.42,50.53,0,33,-108.42,28,-110.16,27,-112.64,41,-113.46,40,-114.13,39,-114.81
294,7400.00,4900.00,1.50,2,54,0.05,NLOS,119.74,-0.40,-99.12,-71.34,2.96,0.00,0,53,-104.44,55,-109.02,60,-112.58,48,-115.09,47,-115.70,68,-115.82,7800.00,3300.00,1.50,2,60,0.02,LOS,106.25,1.60,-87.63,-59.84,0.17,0.00,0,59,-87.87,53,-106.11,52,-107.42,47,-111.78,65,-115.54,34,-117.97,4146.79,5900.00,1.50,0,30,0.05,NLOS,121.79,-2.76,-98.81,-71.02,4.40,28.05,0,23,-106.32,22,-106.89,29,-109.77,28,-110.96,37,-111.48,36,-114.79,5694.95,6300.00,1.50,2,43,0.61,NLOS,89.01,3.58,-72.37,-44.59,28.91,36.73,0,44,-102.02,42,-115.19,49,-115.87,36,-116.52,50,-116.78,29,-117.57,4824.54,3900.00,1.50,2,34,0.07,LOS,88.30,-1.03,-67.05,-39.27,36.07,50.53,0,27,-104.17,41,-111.99,20,-115.29,33,-115.62,46,-117.77,29,-117.85
295,7400.00,4900.00,1.50,2,54,0.05,NLOS,119.74,-0.40,-99.12,-71.34,2.96,0.00,0,53,-104.44,55,-109.02,60,-112.58,48,-115.09,47,-115.70,68,-115.82,7800.00,3300.00,1.50,2,60,0.02,LOS,106.25,1.60,-87.63,-59.84,0.17,0.00,0,59,-87.87,53,-106.11,52,-107.42,47,-111.78,65,-115.54,34,-117.97,4154.58,5900.00,1.50,0,30,0.05,NLOS,121.71,-2.76,-98.73,-70.95,4.55,28.05,0,23,-106.52,22,-106.96,29,-109.71,28,-110.95,37,-111.40,36,-114.64,5684.75,6300.00,1.50,2,43,0.53,NLOS,91.51,-6.14,-65.15,-37.37,36.17,36.73,0,36,-104.04,42,-107.92,37,-111.44,50,-113.86,44,-113.99,41,-115.90,4810.50,3900.00,1.50,2,34,0.07,LOS,88.58,-1.03,-67.33,-39.55,35.53,50.53,0,27,-103.79,41,-112.16,20,-115.14,33,-115.72,29,-117.80,46,-117.90
296,7395.35,4900.00,1.50,2,54,0.05,NLOS,119.65,-0.40,-99.03,-71.25,3.04,16.75,0,53,-104.43,55,-108.98,60,-112.63,48,-115.00,47,-115.64,68,-115.87,7800.00,3300.00,1.50,2,60,0.02,LOS,106.25,1.60,-87.63,-59.84,0.17,0.00,0,59,-87.87,53,-106.11,52,-107.42,47,-111.78,65,-115.54,34,-117.97,4162.37,5900.00,1.50,0,30,0.05,NLOS,121.64,-7.72,-93.70,-65.92,2.54,28.05,0,29,-96.44,43,-111.20,22,-112.36,31,-115.33,23,-115.43,28,-116.03,5674.55,6300.00,1.50,2,43,0.47,NLOS,93.73,-6.14,-67.37,-39.59,33.86,36.73,0,36,-103.86,42,-107.93,37,-111.26,44,-114.01,50,-114.03,41,-115.91,4796.47,3900.00,1.50,2,34,0.06,LOS,88.86,0.64,-69.29,-41.51,36.26,50.53,0,27,-109.08,40,-114.21,35,-115.14,28,-115.33,33,-115.58,46,-116.13
297,7386.04,4900.00,1.50,2,54,0.05,NLOS,119.48,-0.40,-98.86,-71.08,3.18,33.51,0,53,-104.41,55,-108.91,60,-112.73,48,-114.82,47,-115.54,68,-115.97,7800.00,3300.00,1.50,2,60,0.02,LOS,106.25,1.60,-87.63,-59.84,0.17,0.00,0,59,-87.87,53,-106.11,52,-107.42,47,-111.78,65,-115.54,34,-117.97,4170.16,5900.00,1.50,0,30,0.05,NLOS,121.57,-7.72,-93.63,-65.85,2.56,28.05,0,29,-96.39,43,-111.12,22,-112.43,31,-115.33,23,-115.63,28,-116.02,5664.34,6300.00,1.50,2,43,0.41,NLOS,95.71,-6.14,-69.35,-41.57,31.77,36.73,0,36,-103.68,42,-107.95,37,-111.08,44,-114.03,50,-114.19,41,-115.91,4782.43,3900.00,1.50,2,34,0.06,LOS,89.14,0.64,-69.57,-41.79,35.84,50.53,0,27,-108.69,40,-114.44,28,-115.16,35,-115.18,33,-115.69,46,-116.25
298,7376.73,4900.00,1.50,2,54,0.05,NLOS,119.32,-0.40,-98.70,-70.92,3.32,33.51,0,53,-104.40,55,-108.84,60,-112.84,48,-114.65,47,-115.44,68,-116.07,7800.00,3300.00,1.50,2,60,0.02,LOS,106.25,1.60,-87.63,-59.84,0.17,0.00,0,59,-87.87,53,-106.11,52,-107.42,47,-111.78,65,-115.54,34,-117.97,4177.96,5900.00,1.50,0,30,0.05,NLOS,121.51,-7.72,-93.57,-65.79,2.58,28.05,0,29,-96.35,43,-111.04,22,-112.50,31,-115.32,23,-115.83,28,-116.01,5654.14,6300.00,1.50,2,43,0.37,NLOS,97.50,-0.93,-76.35,-48.57,31.46,36.73,0,37,-111.02,36,-113.75,44,-116.70,56,-116.96,38,-117.00,41,-119.92,4768.39,3900.00,1.50,2,34,0.06,LOS,89.65,5.95,-75.39,-47.60,27.87,50.53,0,35,-104.85,40,-111.83,27,-115.20,33,-116.69,28,-116.96,23,-117.68
299,7367.42,4900.00,1.50,2,61,0.03,NLOS,129.25,-6.28,-102.75,-74.97,0.33,33.51,1,62,-104.96,54,-108.75,49,-110.08,48,-113.85,55,-115.96,41,-117.70,7800.00,3300.00,1.50,2,60,0.02,LOS,106.25,1.60,-87.63,-59.84,0.17,0.00,0,59,-87.87,53,-106.11,52,-107.42,47,-111.78,65,-115.54,34,-117.97,4185.75,5900.00,1.50,0,30,0.05,NLOS,121.45,-7.72,-93.52,-65.73,2.60,28.05,0,29,-96.31,43,-110.96,22,-112.57,31,-115.31,28,-116.01,23,-116.02,5643.94,6300.00,1.50,2,43,0.32,NLOS,99.13,-0.93,-77.98,-50.20,29.71,36.73,0,37,-110.83,36,-113.56,44,-116.72,38,-116.95,56,-117.07,41,-119.93,4754.35,3900.00,1.50,2,34,0.06,LOS,90.17,5.95,-75.90,-48.12,27.38,50.53,0,35,-104.89,40,-112.06,27,-114.80,28,-116.79,33,-116.81,23,-117.62
300,7358.11,4900.00,1.50,2,61,0.03,NLOS,129.49,-6.28,-103.00,-75.21,0.09,33.51,0,62,-105.04,54,-108.60,49,-110.00,48,-113.67,55,-115.90,41,-117.61,7792.78,3300.00,1.50,2,60,0.02,LOS,106.28,1.60,-87.66,-59.88,0.71,26.00,0,59,-88.45,53,-105.97,52,-107.29,47,-111.71,65,-115.65,34,-117.93,4193.54,5900.00,1.50,0,29,0.04,NLOS,124.02,-6.44,-97.36,-69.58,3.26,28.05,1,30,-101.35,23,-111.76,36,-113.89,22,-119.11,44,-119.20,38,-119.49,5633.73,6300.00,1.50,2,43,0.29,NLOS,100.62,-0.93,-79.47,-51.69,28.10,36.73,0,37,-110.65,36,-113.38,44,-116.75,38,-116.90,56,-117.18,41,-119.94,4740.32,3900.00,1.50,2,34,0.06,LOS,90.69,1.57,-72.04,-44.26,27.82,50.53,0,27,-100.77,41,-111.20,21,-113.36,33,-114.16,28,-114.55,35,-115.26
