Step,UE_ID,x,y,direction,connected_bs,current_prx,sinr,speed,handover
0,0,1433.27,8000.00,0,7,-116.12,-45.43,39.92,0
0,1,2444.38,5400.00,0,11,-110.22,-38.37,53.25,0
0,2,7200.00,4958.31,3,98,-84.56,-16.55,50.03,0
0,3,6557.56,3000.00,2,87,-67.25,-1.45,50.93,0
0,4,8400.00,4445.58,1,99,-83.24,-10.08,54.70,0
0,5,8027.15,3400.00,0,69,-99.71,-35.28,32.58,0
0,6,4000.00,2840.03,1,85,-67.81,-11.19,48.04,0
0,7,4817.72,3400.00,0,91,-84.33,-27.58,21.26,0
0,8,4436.24,6200.00,0,102,-50.69,16.34,43.49,0
0,9,1200.00,3427.36,1,2,-83.62,-16.74,32.84,0
0,10,3365.09,6200.00,2,101,-77.79,-13.01,41.89,0
0,11,4764.03,2000.00,2,30,-115.39,-48.18,43.16,0
0,12,7400.00,5618.98,1,104,-75.10,-9.90,22.78,0
0,13,1800.00,5970.67,3,12,-100.78,-28.90,35.20,0
0,14,7200.00,4818.24,1,98,-55.43,-0.53,21.89,0
0,15,8400.00,4848.11,1,99,-64.74,6.14,57.73,0
0,16,4400.00,2367.55,3,85,-79.30,-5.56,38.94,0
0,17,3218.94,4400.00,0,18,-102.65,-40.20,22.72,0
0,18,7232.84,3000.00,0,87,-95.23,-25.36,39.40,0
0,19,5017.48,6600.00,0,102,-75.70,-14.87,20.98,0
0,20,6362.13,7400.00,2,59,-107.21,-49.92,45.44,0
0,21,5000.00,3831.26,1,91,-44.34,19.75,37.51,0
0,22,1219.06,5800.00,0,4,-116.90,-55.00,22.87,0
0,23,5824.06,2000.00,0,45,-108.05,-47.75,28.87,0
0,24,5552.58,6600.00,2,43,-107.21,-44.84,56.90,0
0,25,1000.00,6960.91,3,6,-100.43,-23.91,46.91,0
0,26,1420.27,5800.00,0,12,-103.54,-31.31,24.32,0
0,27,1800.00,2168.93,3,83,-62.10,18.55,37.28,0
0,28,4760.17,6600.00,2,102,-59.63,5.37,47.79,0
0,29,5564.18,6200.00,2,102,-70.07,-17.48,42.99,0
0,30,1423.63,7800.00,0,7,-97.48,-35.76,28.35,0
0,31,1800.00,2156.10,3,83,-84.89,-12.83,52.68,0
0,32,7231.19,7400.00,0,109,-56.00,13.29,37.43,0
0,33,8969.99,2600.00,2,76,-111.01,-43.93,36.01,0
0,34,7000.00,4951.76,3,98,-64.04,5.57,57.89,0
0,35,3600.00,7630.22,1,29,-91.77,-34.02,36.26,0
0,36,7572.24,5200.00,2,64,-100.98,-37.86,33.31,0
0,37,3418.11,4200.00,0,90,-83.47,-12.48,21.73,0
0,38,2800.00,7843.88,1,22,-99.42,-31.46,52.65,0
0,39,1042.95,7000.00,0,6,-94.83,-33.37,51.54,0
0,40,1561.07,5200.00,2,94,-54.79,13.57,46.72,0
0,41,3020.48,3800.00,0,17,-101.66,-44.15,24.57,0
0,42,2374.00,7000.00,2,21,-107.00,-56.20,31.20,0
0,43,2247.16,4800.00,0,94,-72.79,-10.37,56.60,0
0,44,3753.12,7800.00,2,29,-119.57,-49.60,56.26,0
0,45,7572.43,6800.00,2,73,-110.83,-42.27,33.08,0
0,46,6966.47,7000.00,2,109,-52.67,14.23,40.23,0
0,47,1400.00,6027.08,1,5,-118.72,-48.14,32.50,0
0,48,8600.00,4179.17,3,78,-96.75,-32.37,24.99,0
0,49,5000.00,7167.94,3,44,-96.13,-28.60,38.47,0
0,50,8200.00,7621.84,1,110,-88.02,-25.21,26.21,0
0,51,3200.00,6842.33,1,106,-75.50,-8.15,50.80,0
0,52,3400.00,3434.75,1,90,-61.34,2.80,41.70,0
0,53,3400.00,4230.45,1,90,-69.97,-9.86,36.54,0
0,54,6600.00,3431.81,1,92,-65.51,-5.85,38.17,0
0,55,3800.00,2231.96,1,23,-107.54,-37.30,38.35,0
0,56,2200.00,3968.20,3,89,-66.61,0.45,38.15,0
0,57,3200.00,4582.03,3,95,-37.49,25.31,21.56,0
0,58,1000.00,2953.76,3,1,-102.86,-36.86,55.49,0
0,59,4600.00,5021.49,1,96,-48.53,18.40,25.79,0
0,60,1200.00,5846.87,1,4,-119.14,-42.48,56.24,0
0,61,8770.18,4200.00,2,78,-107.28,-35.85,35.79,0
0,62,6000.00,5648.88,1,103,-77.89,-25.54,58.66,0
0,63,7047.13,7800.00,0,109,-81.50,-9.49,56.55,0
0,64,1000.00,2033.61,1,0,-106.88,-39.39,40.33,0
0,65,4200.00,5221.73,1,96,-70.47,-11.82,26.07,0
0,66,5400.00,7552.63,3,108,-75.83,-14.22,56.85,0
0,67,1800.00,2436.47,1,83,-62.59,1.56,43.77,0
0,68,5624.48,3400.00,0,47,-98.83,-31.35,29.38,0
0,69,8021.00,8000.00,0,74,-99.96,-27.93,25.20,0
0,70,7979.35,5800.00,2,104,-81.77,-18.24,24.78,0
0,71,3000.00,5030.49,1,95,-58.66,-3.76,36.58,0
0,72,5600.00,6770.05,3,108,-88.98,-26.35,35.94,0
0,73,5600.00,2178.97,3,45,-94.20,-29.99,25.23,0
0,74,2400.00,4221.50,1,89,-62.34,10.86,25.80,0
0,75,3000.00,6238.17,1,20,-99.18,-28.83,45.81,0
0,76,6381.84,5800.00,2,103,-53.18,11.83,21.79,0
0,77,8600.00,4632.57,1,99,-63.56,5.06,39.08,0
0,78,5634.84,5200.00,0,97,-44.45,22.03,41.81,0
0,79,8800.00,3180.47,3,76,-102.45,-25.81,23.43,0
0,80,5200.00,4826.44,1,97,-68.18,-3.41,31.73,0
0,81,4600.00,6177.36,3,102,-55.63,12.91,27.17,0
0,82,7171.72,7200.00,2,109,-68.04,-5.14,33.93,0
0,83,8639.46,6000.00,0,80,-90.72,-23.00,47.35,0
0,84,5618.20,6000.00,0,50,-100.78,-51.66,21.84,0
0,85,7200.00,7366.79,3,109,-60.32,9.70,39.85,0
0,86,6222.34,8000.00,0,59,-122.26,-51.81,26.80,0
0,87,6000.00,2445.26,1,86,-73.21,-5.31,54.31,0
0,88,6848.62,6600.00,0,58,-109.24,-50.59,58.34,0
0,89,4229.19,2000.00,0,30,-93.10,-30.96,35.02,0
0,90,7400.00,7832.90,1,67,-91.79,-22.93,39.48,0
0,91,6800.00,4648.08,1,98,-65.35,1.62,57.70,0
0,92,4583.31,8000.00,2,37,-114.35,-43.67,20.02,0
0,93,3363.77,5200.00,2,95,-80.33,-17.15,43.48,0
0,94,7000.00,7150.61,3,109,-51.62,21.79,59.26,0
0,95,4225.58,3000.00,0,85,-61.82,-3.02,30.69,0
0,96,2800.00,7374.84,3,106,-77.50,-9.20,30.19,0
0,97,2230.81,3000.00,0,83,-87.80,-20.21,36.97,0
0,98,2231.32,4600.00,0,10,-110.97,-53.31,37.58,0
0,99,8800.00,2044.82,1,75,-101.50,-40.99,53.78,0
1,0,1466.53,8000.00,0,7,-107.42,-42.07,39.92,0
1,1,2488.76,5400.00,0,11,-101.72,-38.87,53.25,0
1,2,7200.00,4916.62,3,98,-63.46,-12.28,50.03,0
1,3,6515.12,3000.00,2,87,-83.03,-10.51,50.93,0
1,4,8400.00,4491.16,1,99,-89.75,-16.31,54.70,0
1,5,8054.29,3400.00,0,69,-88.99,-25.79,32.58,0
1,6,4000.00,2880.06,1,85,-63.14,-4.34,48.04,0
1,7,4835.43,3400.00,0,91,-77.05,-22.01,21.26,0
1,8,4472.48,6200.00,0,102,-77.71,-19.82,43.49,0
1,9,1200.00,3454.73,1,2,-110.00,-38.87,32.84,0
1,10,3330.18,6200.00,2,101,-81.54,-12.47,41.89,0
1,11,4728.07,2000.00,2,38,-108.80,-38.38,43.16,1
1,12,7400.00,5637.96,1,104,-87.96,-21.78,22.78,0
1,13,1800.00,5941.34,3,12,-114.76,-52.51,35.20,0
1,14,7200.00,4836.49,1,98,-54.96,7.93,21.89,0
1,15,8400.00,4896.22,1,99,-81.75,-10.76,57.73,0
1,16,4400.00,2335.10,3,85,-77.39,-9.13,38.94,0
1,17,3237.87,4400.00,0,25,-99.76,-35.34,22.72,1
1,18,7265.67,3000.00,0,87,-88.45,-28.38,39.40,0
1,19,5034.97,6600.00,0,102,-60.81,-9.95,20.98,0
1,20,6324.26,7400.00,2,59,-113.04,-43.43,45.44,0
1,21,5000.00,3862.51,1,91,-43.04,2.65,37.51,0
1,22,1238.12,5800.00,0,4,-111.04,-47.57,22.87,0
1,23,5848.11,2000.00,0,45,-103.00,-43.89,28.87,0
1,24,5505.16,6600.00,2,43,-107.63,-57.14,56.90,0
1,25,1000.00,6921.81,3,6,-105.92,-36.51,46.91,0
1,26,1440.53,5800.00,0,12,-108.58,-42.07,24.32,0
1,27,1800.00,2137.86,3,83,-64.47,18.65,37.28,0
1,28,4720.35,6600.00,2,102,-70.11,-10.11,47.79,0
1,29,5528.36,6200.00,2,102,-84.07,-14.07,42.99,0
1,30,1447.25,7800.00,0,7,-102.79,-39.46,28.35,0
1,31,1800.00,2112.20,3,83,-99.27,-29.19,52.68,0
1,32,7262.38,7400.00,0,109,-64.59,3.59,37.43,0
1,33,8939.99,2600.00,2,76,-109.30,-40.93,36.01,0
1,34,7000.00,4903.52,3,98,-71.06,0.07,57.89,0
1,35,3600.00,7660.43,1,29,-93.26,-33.24,36.26,0
1,36,7544.49,5200.00,2,64,-106.67,-46.02,33.31,0
1,37,3436.21,4200.00,0,90,-81.90,-21.36,21.73,0
1,38,2800.00,7887.75,1,22,-95.45,-37.59,52.65,0
1,39,1085.90,7000.00,0,6,-99.81,-33.78,51.54,0
1,40,1522.14,5200.00,2,94,-80.84,-8.96,46.72,0
1,41,3040.96,3800.00,0,17,-107.73,-56.52,24.57,0
1,42,2348.00,7000.00,2,13,-98.51,-33.41,31.20,1
1,43,2294.33,4800.00,0,94,-83.36,-18.17,56.60,0
1,44,3706.23,7800.00,2,29,-103.56,-26.32,56.26,0
1,45,7544.87,6800.00,2,66,-100.34,-33.86,33.08,1
1,46,6932.95,7000.00,2,109,-81.19,-12.52,40.23,0
1,47,1400.00,6054.16,1,5,-127.74,-53.69,32.50,0
1,48,8600.00,4158.34,3,78,-107.94,-51.12,24.99,0
1,49,5000.00,7135.88,3,44,-108.10,-53.09,38.47,0
1,50,8200.00,7643.68,1,110,-71.24,7.93,26.21,0
1,51,3200.00,6884.66,1,106,-54.26,11.00,50.80,0
1,52,3400.00,3469.50,1,90,-55.57,12.16,41.70,0
1,53,3400.00,4260.91,1,90,-63.54,-4.86,36.54,0
1,54,6600.00,3463.61,1,92,-55.03,7.05,38.17,0
1,55,3800.00,2263.92,1,23,-111.39,-49.94,38.35,0
1,56,2200.00,3936.41,3,89,-71.68,-9.28,38.15,0
1,57,3200.00,4564.07,3,95,-55.36,8.90,21.56,0
1,58,1000.00,2907.52,3,1,-108.87,-38.01,55.49,0
1,59,4600.00,5042.98,1,96,-46.76,10.72,25.79,0
1,60,1200.00,5893.73,1,4,-109.12,-39.29,56.24,0
1,61,8740.35,4200.00,2,78,-106.36,-40.60,35.79,0
1,62,6000.00,5697.76,1,103,-81.18,-18.40,58.66,0
1,63,7094.26,7800.00,0,109,-69.85,-0.80,56.55,0
1,64,1000.00,2067.22,1,0,-107.01,-40.69,40.33,0
1,65,4200.00,5243.45,1,96,-89.62,-33.80,26.07,0
1,66,5400.00,7505.26,3,108,-85.41,-17.43,56.85,0
1,67,1800.00,2472.95,1,83,-63.13,8.36,43.77,0
1,68,5648.96,3400.00,0,46,-106.65,-42.26,29.38,1
1,69,8042.01,8000.00,0,74,-100.20,-29.67,25.20,0
1,70,7958.70,5800.00,2,72,-89.59,-26.90,24.78,1
1,71,3000.00,5060.97,1,95,-69.14,-20.76,36.58,0
1,72,5600.00,6740.10,3,108,-83.45,-20.64,35.94,0
1,73,5600.00,2157.94,3,86,-81.23,-8.65,25.23,1
1,74,2400.00,4243.01,1,89,-90.93,-20.87,25.80,0
1,75,3000.00,6276.35,1,20,-95.54,-34.84,45.81,0
1,76,6363.68,5800.00,2,103,-52.48,-5.68,21.79,0
1,77,8600.00,4665.13,1,99,-77.81,-8.38,39.08,0
1,78,5669.68,5200.00,0,97,-74.32,-19.25,41.81,0
1,79,8800.00,3160.95,3,76,-116.12,-43.09,23.43,0
1,80,5200.00,4852.88,1,97,-64.12,13.32,31.73,0
1,81,4600.00,6154.72,3,102,-79.20,-11.81,27.17,0
1,82,7143.45,7200.00,2,109,-56.54,10.64,33.93,0
1,83,8678.91,6000.00,0,80,-92.08,-20.44,47.35,0
1,84,5636.40,6000.00,0,50,-103.44,-43.11,21.84,0
1,85,7200.00,7333.58,3,109,-67.24,-4.22,39.85,0
1,86,6244.67,8000.00,0,59,-111.31,-39.31,26.80,0
1,87,6000.00,2490.52,1,86,-55.42,5.21,54.31,0
1,88,6897.23,6600.00,0,58,-104.48,-39.70,58.34,0
1,89,4258.37,2000.00,0,30,-91.06,-16.23,35.02,0
1,90,7400.00,7865.81,1,67,-108.12,-35.30,39.48,0
1,91,6800.00,4696.16,1,98,-66.32,-3.53,57.70,0
1,92,4566.63,8000.00,2,37,-119.40,-55.76,20.02,0
1,93,3327.54,5200.00,2,95,-82.04,-27.32,43.48,0
1,94,7000.00,7101.23,3,109,-60.85,3.49,59.26,0
1,95,4251.16,3000.00,0,85,-51.86,6.11,30.69,0
1,96,2800.00,7349.68,3,106,-79.81,-15.65,30.19,0
1,97,2261.61,3000.00,0,83,-90.65,-29.23,36.97,0
1,98,2262.63,4600.00,0,11,-98.99,-41.99,37.58,1
1,99,8800.00,2089.64,1,75,-96.82,-34.64,53.78,0
2,0,1499.80,8000.00,0,7,-112.29,-45.18,39.92,0
2,1,2533.14,5400.00,0,11,-106.80,-49.59,53.25,0
2,2,7200.00,4874.93,3,98,-63.96,-9.70,50.03,0
2,3,6472.68,3000.00,2,87,-70.43,-5.68,50.93,0
2,4,8400.00,4536.74,1,99,-85.46,-19.27,54.70,0
2,5,8081.44,3400.00,0,69,-109.87,-41.73,32.58,0
2,6,4000.00,2920.09,1,85,-42.48,28.08,48.04,0
2,7,4853.15,3400.00,0,91,-69.97,-7.28,21.26,0
2,8,4508.71,6200.00,0,102,-64.06,-0.39,43.49,0
2,9,1200.00,3482.09,1,2,-102.80,-35.47,32.84,0
2,10,3295.27,6200.00,2,101,-93.56,-25.75,41.89,0
2,11,4692.10,2000.00,2,38,-118.93,-46.33,43.16,0
2,12,7400.00,5656.94,1,104,-85.97,-20.34,22.78,0
2,13,1800.00,5912.00,3,12,-116.32,-51.94,35.20,0
2,14,7200.00,4854.73,1,98,-62.71,7.77,21.89,0
2,15,8400.00,4944.34,1,99,-69.79,-4.40,57.73,0
2,16,4400.00,2302.66,3,85,-70.26,-0.09,38.94,0
2,17,3256.81,4400.00,0,25,-103.50,-34.11,22.72,0
2,18,7298.51,3000.00,0,87,-66.41,-12.68,39.40,0
2,19,5052.45,6600.00,0,102,-58.42,-4.01,20.98,0
2,20,6286.39,7400.00,2,59,-113.98,-47.16,45.44,0
2,21,5000.00,3893.77,1,91,-37.50,23.12,37.51,0
2,22,1257.19,5800.00,0,4,-112.47,-45.00,22.87,0
2,23,5872.17,2000.00,0,45,-107.51,-42.11,28.87,0
2,24,5457.74,6600.00,2,43,-112.08,-60.83,56.90,0
2,25,1000.00,6882.72,3,6,-109.48,-26.56,46.91,0
2,26,1460.80,5800.00,0,12,-112.54,-58.37,24.32,0
2,27,1800.00,2106.79,3,83,-82.35,3.03,37.28,0
2,28,4680.52,6600.00,2,102,-73.38,-14.32,47.79,0
2,29,5492.53,6200.00,2,102,-75.17,-5.93,42.99,0
2,30,1470.88,7800.00,0,7,-106.21,-39.03,28.35,0
2,31,1800.00,2068.29,3,83,-90.37,-23.41,52.68,0
2,32,7293.57,7400.00,0,109,-71.39,-6.85,37.43,0
2,33,8909.98,2600.00,2,76,-109.08,-33.97,36.01,0
2,34,7000.00,4855.28,3,98,-86.91,-27.01,57.89,0
2,35,3600.00,7690.65,1,29,-103.44,-37.34,36.26,0
2,36,7516.73,5200.00,2,64,-118.91,-65.25,33.31,0
2,37,3454.32,4200.00,0,25,-83.78,-17.01,21.73,1
2,38,2800.00,7931.63,1,22,-99.45,-32.48,52.65,0
2,39,1128.84,7000.00,0,6,-105.88,-45.85,51.54,0
2,40,1483.21,5200.00,2,94,-91.43,-28.48,46.72,0
2,41,3061.44,3800.00,0,17,-102.09,-44.97,24.57,0
2,42,2321.99,7000.00,2,13,-110.10,-57.53,31.20,0
2,43,2341.49,4800.00,0,94,-74.92,-8.89,56.60,0
2,44,3659.35,7800.00,2,29,-104.66,-38.90,56.26,0
2,45,7517.30,6800.00,2,66,-103.83,-41.50,33.08,0
2,46,6899.42,7000.00,2,109,-69.90,-0.87,40.23,0
2,47,1400.00,6081.24,1,5,-117.98,-51.43,32.50,0
2,48,8600.00,4137.51,3,78,-98.14,-24.84,24.99,0
2,49,5000.00,7103.82,3,43,-120.93,-45.77,38.47,1
2,50,8200.00,7665.53,1,110,-80.94,-7.66,26.21,0
2,51,3200.00,6926.99,1,106,-38.65,24.09,50.80,0
2,52,3400.00,3504.25,1,90,-38.81,20.98,41.70,0
2,53,3400.00,4291.36,1,90,-69.93,-2.90,36.54,0
2,54,6600.00,3495.42,1,92,-51.39,7.78,38.17,0
2,55,3800.00,2295.89,1,23,-113.94,-54.72,38.35,0
2,56,2200.00,3904.61,3,89,-54.46,10.84,38.15,0
2,57,3200.00,4546.10,3,95,-68.52,0.84,21.56,0
2,58,1000.00,2861.27,3,1,-119.15,-48.89,55.49,0
2,59,4600.00,5064.47,1,96,-63.10,7.51,25.79,0
2,60,1200.00,5940.60,1,5,-110.21,-35.36,56.24,1
2,61,8710.53,4200.00,2,78,-98.60,-35.30,35.79,0
2,62,6000.00,5746.65,1,103,-86.99,-23.64,58.66,0
2,63,7141.39,7800.00,0,109,-78.05,-7.63,56.55,0
2,64,1000.00,2100.84,1,0,-113.01,-40.67,40.33,0
2,65,4200.00,5265.18,1,96,-90.78,-39.47,26.07,0
2,66,5400.00,7457.89,3,108,-90.11,-21.01,56.85,0
2,67,1800.00,2509.42,1,83,-70.80,7.19,43.77,0
2,68,5673.44,3400.00,0,47,-102.75,-36.67,29.38,1
2,69,8063.01,8000.00,0,74,-93.67,-23.67,25.20,0
2,70,7938.06,5800.00,2,104,-67.59,-6.69,24.78,1
2,71,3000.00,5091.46,1,95,-69.31,-16.54,36.58,0
2,72,5600.00,6710.15,3,108,-67.00,-3.00,35.94,0
2,73,5600.00,2136.91,3,86,-61.91,10.41,25.23,0
2,74,2400.00,4264.51,1,89,-93.95,-32.79,25.80,0
2,75,3000.00,6314.52,1,20,-100.33,-51.36,45.81,0
2,76,6345.52,5800.00,2,103,-83.18,-34.48,21.79,0
2,77,8600.00,4697.70,1,99,-86.44,-12.47,39.08,0
2,78,5704.52,5200.00,0,97,-59.79,-5.98,41.81,0
2,79,8800.00,3141.42,3,76,-123.18,-57.60,23.43,0
2,80,5200.00,4879.32,1,97,-67.81,-4.59,31.73,0
2,81,4600.00,6132.08,3,102,-87.44,-18.46,27.17,0
2,82,7115.17,7200.00,2,109,-45.54,21.58,33.93,0
2,83,8718.37,6000.00,0,80,-95.96,-25.69,47.35,0
2,84,5654.60,6000.00,0,50,-102.01,-39.29,21.84,0
2,85,7200.00,7300.37,3,109,-43.50,21.32,39.85,0
2,86,6267.01,8000.00,0,59,-113.94,-39.59,26.80,0
2,87,6000.00,2535.78,1,86,-58.37,-0.73,54.31,0
2,88,6945.85,6600.00,0,58,-110.00,-46.57,58.34,0
2,89,4287.56,2000.00,0,30,-91.34,-24.23,35.02,0
2,90,7400.00,7898.71,1,67,-101.33,-34.37,39.48,0
2,91,6800.00,4744.24,1,56,-105.29,-30.94,57.70,1
2,92,4549.94,8000.00,2,37,-118.70,-49.96,20.02,0
2,93,3291.30,5200.00,2,95,-69.40,-7.98,43.48,0
2,94,7000.00,7051.84,3,109,-60.61,4.26,59.26,0
2,95,4276.74,3000.00,0,85,-47.50,6.61,30.69,0
2,96,2800.00,7324.52,3,106,-62.81,5.41,30.19,0
2,97,2292.42,3000.00,0,83,-91.95,-27.99,36.97,0
2,98,2293.95,4600.00,0,11,-96.82,-29.89,37.58,0
2,99,8800.00,2134.46,1,75,-105.03,-29.92,53.78,0
3,0,1533.06,8000.00,0,7,-96.19,-33.46,39.92,0
3,1,2577.52,5400.00,0,19,-94.67,-31.61,53.25,1
3,2,7200.00,4833.24,3,98,-65.42,-0.47,50.03,0
3,3,6430.24,3000.00,2,87,-84.70,-16.39,50.93,0
3,4,8400.00,4582.32,1,99,-58.28,14.13,54.70,0
3,5,8108.59,3400.00,0,69,-89.14,-20.42,32.58,0
3,6,4000.00,2960.12,1,85,-71.37,-2.08,48.04,0
3,7,4870.86,3400.00,0,91,-67.61,-4.18,21.26,0
3,8,4544.95,6200.00,0,102,-66.62,3.88,43.49,0
3,9,1200.00,3509.45,1,2,-112.58,-41.33,32.84,0
3,10,3260.37,6200.00,2,28,-96.34,-23.21,41.89,1
3,11,4656.13,2000.00,2,38,-121.08,-54.01,43.16,0
3,12,7400.00,5675.92,1,104,-75.78,-23.28,22.78,0
3,13,1800.00,5882.67,3,12,-95.50,-36.38,35.20,0
3,14,7200.00,4872.97,1,98,-81.43,-16.32,21.89,0
3,15,8400.00,4992.45,1,99,-83.55,-25.63,57.73,0
3,16,4400.00,2270.21,3,85,-74.06,-1.02,38.94,0
3,17,3275.74,4400.00,0,18,-105.35,-36.07,22.72,1
3,18,7331.34,3000.00,0,87,-73.29,-6.56,39.40,0
3,19,5069.93,6600.00,0,102,-76.02,-18.92,20.98,0
3,20,6248.52,7400.00,2,59,-109.52,-54.34,45.44,0
3,21,5000.00,3925.02,1,91,-37.84,23.35,37.51,0
3,22,1276.25,5800.00,0,4,-101.08,-32.54,22.87,0
3,23,5896.23,2000.00,0,45,-104.66,-35.62,28.87,0
3,24,5410.32,6600.00,2,43,-120.53,-56.74,56.90,0
3,25,1000.00,6843.63,3,6,-102.96,-22.86,46.91,0
3,26,1481.06,5800.00,0,5,-100.55,-49.51,24.32,1
3,27,1800.00,2075.72,3,8,-103.12,-25.94,37.28,1
3,28,4640.69,6600.00,2,102,-70.09,-2.48,47.79,0
3,29,5456.71,6200.00,2,102,-77.94,-10.21,42.99,0
3,30,1494.51,7800.00,0,7,-115.73,-39.56,28.35,0
3,31,1800.00,2024.39,3,83,-93.73,-22.91,52.68,0
3,32,7324.77,7400.00,0,109,-73.81,-1.75,37.43,0
3,33,8879.98,2600.00,2,76,-106.66,-36.50,36.01,0
3,34,7000.00,4807.04,3,98,-79.26,-23.42,57.89,0
3,35,3600.00,7720.87,1,29,-107.53,-56.20,36.26,0
3,36,7488.97,5200.00,2,98,-61.38,6.20,33.31,1
3,37,3472.43,4200.00,0,90,-69.69,-13.36,21.73,1
3,38,2800.00,7975.50,1,22,-85.54,-20.01,52.65,0
3,39,1171.79,7000.00,0,6,-103.28,-26.29,51.54,0
3,40,1444.27,5200.00,2,94,-74.59,-2.35,46.72,0
3,41,3081.91,3800.00,0,17,-108.77,-55.19,24.57,0
3,42,2295.99,7000.00,2,13,-109.87,-49.30,31.20,0
3,43,2388.66,4800.00,0,94,-48.26,11.15,56.60,0
3,44,3612.46,7800.00,2,29,-117.44,-49.59,56.26,0
3,45,7489.74,6800.00,2,66,-103.08,-31.11,33.08,0
3,46,6865.89,7000.00,2,109,-61.16,-3.38,40.23,0
3,47,1400.00,6108.32,1,5,-115.87,-45.75,32.50,0
3,48,8600.00,4116.68,3,78,-93.41,-20.34,24.99,0
3,49,5000.00,7071.75,3,43,-120.98,-45.28,38.47,0
3,50,8200.00,7687.37,1,110,-91.32,-26.92,26.21,0
3,51,3200.00,6969.32,1,106,-76.18,-13.87,50.80,0
3,52,3400.00,3539.00,1,90,-63.96,4.99,41.70,0
3,53,3400.00,4321.82,1,90,-70.09,-18.18,36.54,0
3,54,6600.00,3527.22,1,92,-60.14,7.99,38.17,0
3,55,3800.00,2327.85,1,23,-93.45,-29.94,38.35,0
3,56,2200.00,3872.82,3,89,-70.52,-7.88,38.15,0
3,57,3200.00,4528.14,3,95,-63.12,-3.64,21.56,0
3,58,1000.00,2815.03,3,1,-92.26,-23.69,55.49,0
3,59,4600.00,5085.96,1,96,-63.74,-0.36,25.79,0
3,60,1200.00,5987.47,1,5,-98.00,-24.56,56.24,0
3,61,8680.70,4200.00,2,78,-92.00,-22.93,35.79,0
3,62,6000.00,5795.53,1,103,-77.09,-14.26,58.66,0
3,63,7188.51,7800.00,0,109,-62.47,7.32,56.55,0
3,64,1000.00,2134.45,1,0,-113.48,-44.70,40.33,0
3,65,4200.00,5286.91,1,34,-100.31,-47.64,26.07,1
3,66,5400.00,7410.51,3,108,-93.00,-21.91,56.85,0
3,67,1800.00,2545.90,1,83,-41.57,23.27,43.77,0
3,68,5697.92,3400.00,0,46,-110.36,-42.52,29.38,1
3,69,8084.01,8000.00,0,74,-106.60,-30.47,25.20,0
3,70,7917.41,5800.00,2,104,-67.03,4.06,24.78,0
3,71,3000.00,5121.95,1,95,-75.73,-11.37,36.58,0
3,72,5600.00,6680.20,3,108,-64.07,-9.97,35.94,0
3,73,5600.00,2115.89,3,86,-80.01,-12.06,25.23,0
3,74,2400.00,4286.01,1,89,-79.64,-19.02,25.80,0
3,75,3000.00,6352.70,1,20,-115.72,-54.56,45.81,0
3,76,6327.35,5800.00,2,103,-82.62,-31.47,21.79,0
3,77,8600.00,4730.27,1,99,-84.13,-7.62,39.08,0
3,78,5739.36,5200.00,0,97,-38.98,23.19,41.81,0
3,79,8800.00,3121.89,3,76,-116.74,-52.36,23.43,0
3,80,5200.00,4905.76,1,97,-60.24,8.61,31.73,0
3,81,4600.00,6109.43,3,102,-85.31,-21.94,27.17,0
3,82,7086.90,7200.00,2,109,-57.99,14.90,33.93,0
3,83,8757.83,6000.00,0,80,-103.72,-45.10,47.35,0
3,84,5672.81,6000.00,0,50,-92.38,-39.29,21.84,0
3,85,7200.00,7267.16,3,109,-68.04,-2.68,39.85,0
3,86,6289.35,8000.00,0,59,-106.50,-34.61,26.80,0
3,87,6000.00,2581.03,1,86,-61.07,6.19,54.31,0
3,88,6994.47,6600.00,0,65,-106.44,-38.05,58.34,1
3,89,4316.75,2000.00,0,30,-98.29,-32.57,35.02,0
3,90,7400.00,7931.62,1,67,-111.36,-44.29,39.48,0
3,91,6800.00,4792.32,1,98,-79.24,-14.57,57.70,1
3,92,4533.25,8000.00,2,37,-121.44,-75.41,20.02,0
3,93,3255.07,5200.00,2,95,-60.89,7.88,43.48,0
3,94,7000.00,7002.45,3,109,-28.47,44.22,59.26,0
3,95,4302.31,3000.00,0,85,-53.50,-0.53,30.69,0
3,96,2800.00,7299.35,3,106,-66.59,-5.52,30.19,0
3,97,2323.22,3000.00,0,83,-65.42,-8.17,36.97,0
3,98,2325.26,4600.00,0,11,-86.66,-15.69,37.58,0
3,99,8800.00,2179.27,1,75,-106.82,-53.38,53.78,0
4,0,1566.33,8000.00,0,7,-90.83,-23.60,39.92,0
4,1,2600.00,5421.89,1,19,-86.72,-37.64,53.25,0
4,2,7200.00,4808.45,1,63,-82.38,-32.77,50.03,1
4,3,6400.00,3012.20,1,87,-80.08,-17.82,50.93,0
4,4,8427.91,4600.00,0,99,-88.35,-21.90,54.70,0
4,5,8135.74,3400.00,0,69,-98.25,-27.03,32.58,0
4,6,4000.00,3000.15,1,85,-67.14,-3.04,48.04,0
4,7,4888.58,3400.00,0,91,-68.56,-4.49,21.26,0
4,8,4581.19,6200.00,0,102,-67.62,-6.31,43.49,0
4,9,1200.00,3536.81,1,2,-100.88,-33.89,32.84,0
4,10,3225.46,6200.00,2,101,-91.52,-20.43,41.89,1
4,11,4620.17,2000.00,2,30,-98.35,-28.22,43.16,1
4,12,7400.00,5694.90,1,104,-66.42,0.16,22.78,0
4,13,1800.00,5853.34,3,12,-104.67,-35.30,35.20,0
4,14,7200.00,4891.21,1,98,-88.04,-22.39,21.89,0
4,15,8359.44,5000.00,2,99,-55.77,8.71,57.73,0
4,16,4400.00,2237.76,3,85,-91.28,-18.14,38.94,0
4,17,3294.68,4400.00,0,25,-108.78,-53.95,22.72,1
4,18,7364.18,3000.00,0,87,-61.96,9.81,39.40,0
4,19,5087.42,6600.00,0,102,-82.90,-23.32,20.98,0
4,20,6210.65,7400.00,2,108,-65.70,1.11,45.44,1
4,21,5000.00,3956.28,1,91,-62.97,0.46,37.51,0
4,22,1295.31,5800.00,0,4,-117.24,-54.27,22.87,0
4,23,5920.28,2000.00,0,45,-97.74,-29.42,28.87,0
4,24,5400.00,6637.10,1,43,-117.78,-53.81,56.90,0
4,25,1000.00,6804.53,3,5,-104.95,-28.74,46.91,1
4,26,1501.33,5800.00,0,12,-104.01,-63.53,24.32,1
4,27,1800.00,2044.65,3,8,-111.03,-46.43,37.28,0
4,28,4600.87,6600.00,2,102,-79.06,-22.12,47.79,0
4,29,5420.89,6200.00,2,102,-71.76,2.53,42.99,0
4,30,1518.14,7800.00,0,105,-106.28,-39.44,28.35,1
4,31,1780.49,2000.00,2,83,-93.77,-24.07,52.68,0
4,32,7355.96,7400.00,0,109,-61.70,10.64,37.43,0
4,33,8849.97,2600.00,2,76,-106.15,-43.87,36.01,0
4,34,6958.80,4800.00,2,98,-63.47,-6.74,57.89,0
4,35,3600.00,7751.08,1,29,-120.82,-50.56,36.26,0
4,36,7461.21,5200.00,2,98,-61.89,7.05,33.31,0
4,37,3490.53,4200.00,0,90,-67.22,-18.46,21.73,0
4,38,2800.00,7980.62,3,22,-79.24,-21.85,52.65,0
4,39,1185.26,7000.00,2,6,-94.46,-16.78,51.54,0
4,40,1405.34,5200.00,2,94,-76.22,6.12,46.72,0
4,41,3102.39,3800.00,0,17,-108.81,-45.65,24.57,0
4,42,2269.99,7000.00,2,105,-67.56,-9.52,31.20,1
4,43,2435.82,4800.00,0,94,-78.33,-7.97,56.60,0
4,44,3600.00,7834.42,1,29,-122.50,-54.72,56.26,0
4,45,7462.17,6800.00,2,66,-101.48,-22.97,33.08,0
4,46,6832.37,7000.00,2,109,-70.70,-2.87,40.23,0
4,47,1400.00,6135.40,1,5,-109.57,-43.20,32.50,0
4,48,8600.00,4095.86,3,78,-92.82,-16.53,24.99,0
4,49,5000.00,7039.69,3,43,-106.17,-29.86,38.47,0
4,50,8200.00,7709.21,1,110,-88.24,-24.91,26.21,0
4,51,3211.66,7000.00,0,106,-68.41,1.09,50.80,0
4,52,3400.00,3573.75,1,90,-50.45,19.87,41.70,0
4,53,3400.00,4352.27,1,90,-59.56,-2.87,36.54,0
4,54,6600.00,3559.03,1,92,-41.65,23.22,38.17,0
4,55,3800.00,2359.81,1,23,-107.34,-39.08,38.35,0
4,56,2200.00,3841.02,3,89,-76.33,-19.51,38.15,0
4,57,3200.00,4510.17,3,95,-58.24,6.20,21.56,0
4,58,1000.00,2831.21,1,1,-94.18,-31.71,55.49,0
4,59,4600.00,5107.45,1,96,-70.77,-7.48,25.79,0
4,60,1200.00,6034.33,1,5,-111.27,-38.57,56.24,0
4,61,8650.88,4200.00,2,78,-108.62,-33.29,35.79,0
4,62,6000.00,5755.59,3,103,-70.12,-0.60,58.66,0
4,63,7200.00,7835.64,1,109,-90.82,-26.86,56.55,0
4,64,1000.00,2168.06,1,0,-101.18,-30.40,40.33,0
4,65,4200.00,5308.63,1,34,-90.58,-26.90,26.07,0
4,66,5400.00,7436.86,1,108,-79.84,-7.27,56.85,0
4,67,1800.00,2582.37,1,83,-43.14,39.81,43.77,0
4,68,5722.40,3400.00,0,47,-112.53,-42.06,29.38,1
4,69,8105.01,8000.00,0,74,-107.41,-29.39,25.20,0
4,70,7896.76,5800.00,2,104,-62.29,3.12,24.78,0
4,71,3000.00,5152.43,1,95,-53.15,3.87,36.58,0
4,72,5600.00,6650.24,3,108,-88.07,-20.11,35.94,0
4,73,5600.00,2094.86,3,86,-90.12,-24.64,25.23,0
4,74,2400.00,4307.52,1,89,-88.80,-30.64,25.80,0
4,75,3000.00,6390.87,1,20,-105.85,-48.86,45.81,0
4,76,6309.19,5800.00,2,103,-65.79,-15.02,21.79,0
4,77,8600.00,4762.83,1,99,-72.25,-7.07,39.08,0
4,78,5774.21,5200.00,0,97,-60.52,-0.94,41.81,0
4,79,8800.00,3102.36,3,76,-99.75,-36.00,23.43,0
4,80,5200.00,4932.20,1,97,-71.94,-0.77,31.73,0
4,81,4600.00,6086.79,3,102,-83.40,-21.66,27.17,0
4,82,7058.62,7200.00,2,109,-69.22,2.78,33.93,0
4,83,8797.28,6000.00,0,80,-117.64,-53.72,47.35,0
4,84,5691.01,6000.00,0,50,-90.03,-30.95,21.84,0
4,85,7200.00,7233.94,3,109,-55.75,8.68,39.85,0
4,86,6311.68,8000.00,0,59,-108.12,-39.18,26.80,0
4,87,6026.29,2600.00,0,86,-79.55,-19.56,54.31,0
4,88,7000.00,6556.92,3,65,-124.02,-53.15,58.34,0
4,89,4345.93,2000.00,0,30,-95.31,-33.72,35.02,0
4,90,7400.00,7964.52,1,67,-91.45,-28.96,39.48,0
4,91,6840.40,4800.00,0,98,-66.17,-1.71,57.70,0
4,92,4516.57,8000.00,2,37,-118.99,-72.86,20.02,0
4,93,3218.84,5200.00,2,95,-55.92,5.35,43.48,0
4,94,7000.00,6953.06,3,109,-70.58,-14.04,59.26,0
4,95,4327.89,3000.00,0,85,-56.67,9.55,30.69,0
4,96,2800.00,7274.19,3,106,-49.69,16.34,30.19,0
4,97,2354.03,3000.00,0,83,-59.64,-0.39,36.97,0
4,98,2356.58,4600.00,0,11,-112.62,-35.72,37.58,0
4,99,8775.91,2200.00,2,75,-92.52,-33.98,53.78,0
5,0,1599.59,8000.00,0,7,-115.28,-45.00,39.92,0
5,1,2600.00,5466.27,1,19,-88.17,-39.54,53.25,0
5,2,7200.00,4850.14,1,98,-66.70,-11.98,50.03,1
5,3,6400.00,3054.64,1,87,-67.20,2.01,50.93,0
5,4,8473.49,4600.00,0,99,-82.19,-24.77,54.70,0
5,5,8162.88,3400.00,0,69,-109.58,-40.55,32.58,0
5,6,4000.00,3040.18,1,85,-70.62,-5.28,48.04,0
5,7,4906.30,3400.00,0,91,-76.04,-15.92,21.26,0
5,8,4600.00,6217.43,1,102,-71.46,-16.03,43.49,0
5,9,1200.00,3564.18,1,2,-82.82,-4.94,32.84,0
5,10,3200.00,6209.45,1,101,-85.84,-31.36,41.89,0
5,11,4584.20,2000.00,2,38,-101.80,-44.60,43.16,1
5,12,7400.00,5713.88,1,104,-71.75,-12.23,22.78,0
5,13,1800.00,5824.01,3,12,-102.63,-33.46,35.20,0
5,14,7200.00,4909.46,1,98,-72.52,-9.56,21.89,0
5,15,8311.33,5000.00,2,99,-50.68,15.09,57.73,0
5,16,4400.00,2205.31,3,85,-103.43,-33.14,38.94,0
5,17,3313.62,4400.00,0,25,-106.14,-47.94,22.72,0
5,18,7397.01,3000.00,0,87,-84.07,-13.31,39.40,0
5,19,5104.90,6600.00,0,102,-70.92,-12.81,20.98,0
5,20,6200.00,7372.78,3,108,-77.41,-6.05,45.44,0
5,21,5000.00,3987.54,1,91,-73.21,-8.34,37.51,0
5,22,1314.37,5800.00,0,4,-114.73,-47.36,22.87,0
5,23,5944.34,2000.00,0,45,-102.59,-43.86,28.87,0
5,24,5400.00,6684.52,1,50,-114.79,-52.63,56.90,1
5,25,1000.00,6834.56,1,6,-104.91,-29.97,46.91,1
5,26,1521.60,5800.00,0,12,-110.05,-56.15,24.32,0
5,27,1800.00,2013.58,3,0,-94.96,-22.91,37.28,1
5,28,4638.96,6600.00,0,102,-55.52,3.60,47.79,0
5,29,5414.93,6200.00,0,102,-74.25,-8.78,42.99,0
5,30,1541.76,7800.00,0,105,-105.15,-31.70,28.35,0
5,31,1736.59,2000.00,2,83,-68.71,-1.17,52.68,0
5,32,7387.15,7400.00,0,109,-80.23,-10.37,37.43,0
5,33,8819.97,2600.00,2,88,-88.85,-14.05,36.01,1
5,34,6910.56,4800.00,2,98,-64.21,3.81,57.89,0
5,35,3600.00,7781.30,1,29,-112.52,-47.87,36.26,0
5,36,7433.46,5200.00,2,98,-72.99,-2.46,33.31,0
5,37,3508.64,4200.00,0,90,-67.70,-3.17,21.73,0
5,38,2800.00,7936.75,3,22,-90.70,-16.44,52.65,0
5,39,1142.31,7000.00,2,6,-81.27,-10.76,51.54,0
5,40,1433.59,5200.00,0,94,-63.16,11.29,46.72,0
5,41,3122.87,3800.00,0,90,-82.80,-16.10,24.57,1
5,42,2243.99,7000.00,2,105,-66.91,-3.23,31.20,0
5,43,2482.99,4800.00,0,94,-67.03,-2.30,56.60,0
5,44,3600.00,7881.30,1,29,-112.63,-49.60,56.26,0
5,45,7434.60,6800.00,2,66,-105.58,-47.40,33.08,0
5,46,6801.16,7000.00,0,109,-73.85,-1.44,40.23,0
5,47,1400.00,6162.48,1,5,-94.43,-33.47,32.50,0
5,48,8600.00,4075.03,3,78,-93.88,-30.36,24.99,0
5,49,5000.00,7007.63,3,43,-95.14,-32.77,38.47,0
5,50,8200.00,7731.05,1,110,-94.48,-25.26,26.21,0
5,51,3253.99,7000.00,0,106,-64.28,9.17,50.80,0
5,52,3391.50,3600.00,2,90,-64.46,5.61,41.70,0
5,53,3400.00,4382.72,1,90,-57.35,-8.48,36.54,0
5,54,6600.00,3590.84,1,92,-69.27,-2.40,38.17,0
5,55,3800.00,2391.77,1,23,-101.93,-41.76,38.35,0
5,56,2200.00,3809.23,3,89,-92.02,-33.91,38.15,0
5,57,3200.00,4492.21,3,95,-57.78,10.74,21.56,0
5,58,1000.00,2877.45,1,1,-93.95,-26.09,55.49,0
5,59,4600.00,5128.94,1,96,-74.56,-7.25,25.79,0
5,60,1200.00,6081.20,1,5,-102.94,-30.83,56.24,0
5,61,8621.06,4200.00,2,78,-108.22,-33.07,35.79,0
5,62,6000.00,5706.71,3,103,-82.80,-25.07,58.66,0
5,63,7200.00,7882.77,1,109,-77.53,-11.37,56.55,0
5,64,1001.67,2200.00,0,0,-104.49,-39.72,40.33,0
5,65,4200.00,5330.36,1,34,-91.26,-28.70,26.07,0
5,66,5400.00,7484.23,1,108,-69.99,-6.18,56.85,0
5,67,1781.15,2600.00,2,83,-68.41,2.79,43.77,0
5,68,5746.88,3400.00,0,47,-117.52,-54.93,29.38,0
5,69,8126.02,8000.00,0,74,-111.35,-43.34,25.20,0
5,70,7876.11,5800.00,2,104,-79.72,-12.89,24.78,0
5,71,3000.00,5182.92,1,95,-63.20,2.79,36.58,0
5,72,5600.00,6620.29,3,108,-87.88,-19.00,35.94,0
5,73,5600.00,2073.83,3,86,-86.46,-11.84,25.23,0
5,74,2400.00,4329.02,1,89,-84.31,-19.33,25.80,0
5,75,2970.95,6400.00,2,20,-91.44,-24.32,45.81,0
5,76,6291.03,5800.00,2,103,-72.48,-18.50,21.79,0
5,77,8600.00,4795.40,1,99,-76.54,-11.94,39.08,0
5,78,5800.00,5209.05,1,97,-75.27,-14.09,41.81,0
5,79,8800.00,3082.84,3,76,-101.53,-36.19,23.43,0
5,80,5200.00,4958.64,1,97,-69.06,-3.36,31.73,0
5,81,4600.00,6064.15,3,102,-58.21,2.66,27.17,0
5,82,7030.35,7200.00,2,109,-61.33,-0.75,33.93,0
5,83,8763.26,6000.00,2,80,-98.00,-35.19,47.35,0
5,84,5709.21,6000.00,0,50,-88.53,-29.21,21.84,0
5,85,7200.00,7200.73,3,109,-71.94,-4.77,39.85,0
5,86,6334.02,8000.00,0,59,-116.97,-49.48,26.80,0
5,87,6071.55,2600.00,0,86,-87.34,-26.58,54.31,0
5,88,7000.00,6508.30,3,65,-105.62,-43.80,58.34,0
5,89,4375.12,2000.00,0,30,-93.05,-24.58,35.02,0
5,90,7400.00,7997.42,1,67,-106.12,-40.64,39.48,0
5,91,6888.48,4800.00,0,98,-54.15,13.32,57.70,0
5,92,4499.88,8000.00,2,37,-121.61,-67.43,20.02,0
5,93,3182.61,5200.00,2,95,-71.54,-14.57,43.48,0
5,94,7000.00,6903.68,3,109,-66.20,2.46,59.26,0
5,95,4353.47,3000.00,0,85,-77.97,-8.04,30.69,0
5,96,2800.00,7249.03,3,106,-62.17,0.24,30.19,0
5,97,2384.83,3000.00,0,83,-59.83,0.05,36.97,0
5,98,2387.89,4600.00,0,11,-107.89,-35.50,37.58,0
5,99,8731.09,2200.00,2,75,-92.14,-30.08,53.78,0
6,0,1632.86,8000.00,0,7,-96.55,-23.83,39.92,0
6,1,2600.00,5510.65,1,19,-95.45,-37.65,53.25,0
6,2,7200.00,4891.82,1,98,-82.19,-29.20,50.03,0
6,3,6400.00,3097.08,1,87,-66.26,-9.32,50.93,0
6,4,8519.07,4600.00,0,99,-96.16,-21.58,54.70,0
6,5,8190.03,3400.00,0,69,-103.23,-41.30,32.58,0
6,6,4000.00,3080.21,1,85,-72.59,-4.91,48.04,0
6,7,4924.01,3400.00,0,91,-84.63,-19.23,21.26,0
6,8,4600.00,6253.66,1,102,-44.70,11.32,43.49,0
6,9,1200.00,3591.54,1,2,-97.94,-27.44,32.84,0
6,10,3200.00,6244.36,1,101,-62.55,-14.53,41.89,0
6,11,4548.23,2000.00,2,38,-102.80,-45.86,43.16,0
6,12,7400.00,5732.86,1,104,-75.08,-3.32,22.78,0
6,13,1805.32,5800.00,0,12,-93.04,-40.72,35.20,0
6,14,7200.00,4927.70,1,98,-49.17,7.69,21.89,0
6,15,8263.21,5000.00,2,99,-63.17,11.02,57.73,0
6,16,4400.00,2227.14,1,85,-66.70,4.19,38.94,0
6,17,3332.55,4400.00,0,25,-114.84,-52.27,22.72,0
6,18,7429.85,3000.00,0,87,-68.27,-18.56,39.40,0
6,19,5122.38,6600.00,0,102,-81.16,-29.81,20.98,0
6,20,6200.00,7334.91,3,108,-94.37,-25.76,45.44,0
6,21,5000.00,3981.21,3,91,-67.44,-5.74,37.51,0
6,22,1333.44,5800.00,0,4,-118.68,-43.73,22.87,0
6,23,5968.39,2000.00,0,45,-94.19,-29.98,28.87,0
6,24,5400.00,6731.94,1,108,-94.15,-23.25,56.90,1
6,25,1000.00,6873.65,1,6,-99.63,-24.54,46.91,0
6,26,1541.86,5800.00,0,12,-99.75,-38.36,24.32,0
6,27,1800.00,2017.49,1,8,-121.45,-43.60,37.28,1
6,28,4678.78,6600.00,0,102,-76.39,-17.64,47.79,0
6,29,5450.75,6200.00,0,102,-74.83,-3.05,42.99,0
6,30,1565.39,7800.00,0,7,-90.09,-19.10,28.35,1
6,31,1692.69,2000.00,2,83,-96.71,-20.19,52.68,0
6,32,7418.34,7400.00,0,109,-96.40,-25.40,37.43,0
6,33,8800.00,2589.96,3,88,-71.85,0.78,36.01,0
6,34,6862.32,4800.00,2,98,-76.18,-13.35,57.89,0
6,35,3600.00,7788.49,3,29,-103.41,-31.91,36.26,0
6,36,7405.70,5200.00,2,98,-65.64,8.67,33.31,0
6,37,3526.74,4200.00,0,90,-66.40,-0.75,21.73,0
6,38,2800.00,7892.87,3,22,-84.50,-12.68,52.65,0
6,39,1099.36,7000.00,2,6,-84.43,-22.54,51.54,0
6,40,1472.52,5200.00,0,94,-71.49,-3.15,46.72,0
6,41,3143.35,3800.00,0,90,-79.95,-12.96,24.57,0
6,42,2217.99,7000.00,2,105,-72.93,-9.32,31.20,0
6,43,2530.15,4800.00,0,94,-64.32,-4.25,56.60,0
6,44,3600.00,7928.19,1,29,-111.69,-36.14,56.26,0
6,45,7407.04,6800.00,2,66,-98.22,-37.10,33.08,0
6,46,6834.69,7000.00,0,109,-78.44,-9.83,40.23,0
6,47,1400.00,6189.56,1,5,-100.54,-38.71,32.50,0
6,48,8600.00,4054.20,3,77,-100.29,-37.05,24.99,1
6,49,5024.43,7000.00,0,43,-101.15,-38.41,38.47,0
6,50,8200.00,7752.90,1,74,-92.24,-16.15,26.21,1
6,51,3296.32,7000.00,0,106,-61.20,-1.60,50.80,0
6,52,3356.76,3600.00,2,90,-69.28,0.19,41.70,0
6,53,3386.82,4400.00,2,90,-100.71,-33.00,36.54,0
6,54,6600.00,3622.64,1,92,-87.98,-9.64,38.17,0
6,55,3823.74,2400.00,0,23,-116.84,-65.54,38.35,0
6,56,2200.00,3822.57,1,89,-76.35,-16.29,38.15,0
6,57,3200.00,4474.24,3,95,-60.07,7.75,21.56,0
6,58,1000.00,2923.69,1,1,-84.01,-12.92,55.49,0
6,59,4600.00,5150.43,1,96,-67.50,-0.78,25.79,0
6,60,1200.00,6128.06,1,5,-113.73,-42.82,56.24,0
6,61,8591.23,4200.00,2,78,-100.81,-31.31,35.79,0
6,62,6000.00,5657.83,3,103,-92.35,-30.23,58.66,0
6,63,7200.00,7929.90,1,109,-70.54,0.09,56.55,0
6,64,1035.28,2200.00,0,0,-105.19,-34.99,40.33,0
6,65,4200.00,5352.09,1,34,-90.94,-34.29,26.07,0
6,66,5400.00,7531.60,1,108,-77.72,-10.48,56.85,0
6,67,1744.68,2600.00,2,83,-74.10,-7.84,43.77,0
6,68,5771.35,3400.00,0,47,-106.49,-46.36,29.38,0
6,69,8147.02,8000.00,0,74,-105.49,-34.50,25.20,0
6,70,7855.47,5800.00,2,72,-82.63,-20.29,24.78,1
6,71,2986.59,5200.00,2,95,-60.07,4.96,36.58,0
6,72,5590.34,6600.00,2,108,-76.39,-9.23,35.94,0
6,73,5600.00,2052.80,3,86,-93.00,-31.69,25.23,0
6,74,2400.00,4350.52,1,89,-107.50,-43.28,25.80,0
6,75,2932.78,6400.00,2,100,-62.09,4.18,45.81,1
6,76,6272.87,5800.00,2,103,-68.51,-3.42,21.79,0
6,77,8572.03,4800.00,2,99,-68.44,8.90,39.08,0
6,78,5800.00,5243.89,1,97,-68.61,-11.05,41.81,0
6,79,8800.00,3063.31,3,76,-86.09,-20.70,23.43,0
6,80,5200.00,4985.08,1,97,-67.01,-7.42,31.73,0
6,81,4600.00,6041.51,3,102,-71.90,-2.28,27.17,0
6,82,7002.07,7200.00,2,109,-79.57,-15.24,33.93,0
6,83,8723.81,6000.00,2,80,-103.08,-46.32,47.35,0
6,84,5727.41,6000.00,0,50,-81.13,-17.57,21.84,0
6,85,7200.00,7232.48,1,66,-68.55,-6.75,39.85,1
6,86,6356.36,8000.00,0,59,-113.28,-50.16,26.80,0
6,87,6116.81,2600.00,0,86,-78.63,-8.53,54.31,0
6,88,7000.00,6459.68,3,65,-101.71,-36.43,58.34,0
6,89,4395.69,2000.00,2,30,-78.49,-19.17,35.02,0
6,90,7369.67,8000.00,2,67,-103.04,-35.11,39.48,0
6,91,6936.56,4800.00,0,98,-51.62,11.44,57.70,0
6,92,4483.19,8000.00,2,37,-111.92,-45.86,20.02,0
6,93,3146.37,5200.00,2,95,-58.08,10.64,43.48,0
6,94,7000.00,6854.29,3,109,-73.95,-13.34,59.26,0
6,95,4379.05,3000.00,0,85,-79.89,-2.90,30.69,0
6,96,2800.00,7223.87,3,106,-64.82,3.67,30.19,0
6,97,2415.64,3000.00,0,83,-73.39,-10.22,36.97,0
6,98,2400.00,4580.79,3,11,-103.73,-32.35,37.58,0
6,99,8686.27,2200.00,2,75,-100.78,-25.13,53.78,0
7,0,1666.12,8000.00,0,7,-100.55,-23.73,39.92,0
7,1,2600.00,5555.03,1,19,-94.13,-37.64,53.25,0
7,2,7200.00,4933.51,1,98,-75.52,-3.75,50.03,0
7,3,6400.00,3139.52,1,87,-74.38,-18.72,50.93,0
7,4,8564.65,4600.00,0,99,-77.01,-6.67,54.70,0
7,5,8182.82,3400.00,2,69,-124.70,-68.77,32.58,0
7,6,4000.00,3120.24,1,85,-83.77,-12.24,48.04,0
7,7,4941.73,3400.00,0,91,-84.17,-18.57,21.26,0
7,8,4600.00,6289.90,1,102,-32.50,33.86,43.49,0
7,9,1200.00,3581.10,3,2,-90.12,-13.59,32.84,0
7,10,3200.00,6279.27,1,101,-61.03,1.69,41.89,0
7,11,4512.27,2000.00,2,30,-109.17,-57.37,43.16,1
7,12,7400.00,5751.84,1,104,-65.00,-7.94,22.78,0
7,13,1834.66,5800.00,0,12,-90.38,-39.57,35.20,0
7,14,7200.00,4945.94,1,98,-54.06,10.00,21.89,0
7,15,8215.10,5000.00,2,99,-59.42,7.64,57.73,0
7,16,4400.00,2259.58,1,85,-73.96,-2.90,38.94,0
7,17,3351.49,4400.00,0,25,-114.49,-58.68,22.72,0
7,18,7462.68,3000.00,0,87,-83.17,-10.29,39.40,0
7,19,5139.86,6600.00,0,102,-80.37,-19.17,20.98,0
7,20,6200.00,7297.04,3,108,-65.11,-5.43,45.44,0
7,21,5000.00,3949.95,3,91,-74.38,-6.34,37.51,0
7,22,1352.50,5800.00,0,5,-115.23,-40.70,22.87,1
7,23,5992.45,2000.00,0,45,-82.05,-6.86,28.87,0
7,24,5400.00,6779.36,1,108,-86.88,-39.40,56.90,0
7,25,1000.00,6912.75,1,6,-104.41,-22.97,46.91,0
7,26,1562.13,5800.00,0,12,-104.05,-42.15,24.32,0
7,27,1800.00,2048.56,1,0,-103.41,-39.05,37.28,1
7,28,4718.61,6600.00,0,102,-67.75,-1.13,47.79,0
7,29,5486.57,6200.00,0,102,-73.94,-10.53,42.99,0
7,30,1589.02,7800.00,0,105,-75.31,-3.70,28.35,1
7,31,1648.78,2000.00,2,83,-74.27,-0.03,52.68,0
7,32,7449.53,7400.00,0,109,-92.11,-18.64,37.43,0
7,33,8800.00,2559.96,3,88,-74.78,-6.45,36.01,0
7,34,6814.08,4800.00,2,98,-71.52,-17.60,57.89,0
7,35,3600.00,7758.27,3,29,-105.76,-45.21,36.26,0
7,36,7400.00,5222.06,1,98,-80.81,-26.25,33.31,0
7,37,3544.85,4200.00,0,25,-75.28,-13.57,21.73,1
7,38,2800.00,7849.00,3,22,-89.40,-11.12,52.65,0
7,39,1056.42,7000.00,2,6,-106.25,-42.20,51.54,0
7,40,1511.45,5200.00,0,94,-70.18,-6.80,46.72,0
7,41,3163.83,3800.00,0,90,-72.53,-2.53,24.57,0
7,42,2200.00,7008.01,1,105,-65.59,-0.21,31.20,0
7,43,2577.32,4800.00,0,94,-65.40,8.50,56.60,0
7,44,3600.00,7975.07,1,29,-121.42,-58.91,56.26,0
7,45,7400.00,6779.47,3,66,-97.27,-28.41,33.08,0
7,46,6868.21,7000.00,0,109,-83.54,-23.93,40.23,0
7,47,1416.64,6200.00,0,5,-92.80,-20.12,32.50,0
7,48,8600.00,4033.37,3,77,-93.76,-20.66,24.99,0
7,49,5056.49,7000.00,0,43,-118.31,-66.49,38.47,0
7,50,8200.00,7774.74,1,110,-83.68,-12.11,26.21,1
7,51,3338.65,7000.00,0,106,-72.52,-7.19,50.80,0
7,52,3322.01,3600.00,2,90,-57.85,-4.81,41.70,0
7,53,3356.37,4400.00,2,90,-72.78,-11.76,36.54,0
7,54,6600.00,3654.45,1,92,-83.37,-10.27,38.17,0
7,55,3855.70,2400.00,0,31,-108.25,-46.99,38.35,1
7,56,2200.00,3854.36,1,89,-75.09,-9.12,38.15,0
7,57,3200.00,4456.28,3,95,-59.55,6.15,21.56,0
7,58,1000.00,2969.94,1,1,-96.43,-36.92,55.49,0
7,59,4600.00,5171.93,1,96,-69.49,-9.53,25.79,0
7,60,1200.00,6174.93,1,5,-107.50,-44.05,56.24,0
7,61,8561.41,4200.00,2,70,-94.39,-17.32,35.79,1
7,62,6000.00,5608.95,3,103,-97.20,-24.62,58.66,0
7,63,7200.00,7977.03,1,109,-55.19,9.75,56.55,0
7,64,1068.90,2200.00,0,0,-111.53,-49.26,40.33,0
7,65,4200.00,5373.81,1,96,-74.16,-24.96,26.07,1
7,66,5400.00,7578.97,1,108,-83.86,-21.07,56.85,0
7,67,1708.20,2600.00,2,83,-83.04,-19.90,43.77,0
7,68,5795.83,3400.00,0,46,-116.53,-56.02,29.38,1
7,69,8168.02,8000.00,0,74,-114.01,-39.30,25.20,0
7,70,7834.82,5800.00,2,72,-77.72,-19.29,24.78,0
7,71,2956.11,5200.00,2,95,-45.96,21.31,36.58,0
7,72,5560.39,6600.00,2,108,-76.91,-17.42,35.94,0
7,73,5600.00,2031.77,3,86,-67.06,2.01,25.23,0
7,74,2400.00,4372.03,1,89,-105.76,-33.82,25.80,0
7,75,2894.60,6400.00,2,100,-76.39,-5.30,45.81,0
7,76,6254.71,5800.00,2,103,-48.96,15.68,21.79,0
7,77,8539.47,4800.00,2,99,-72.84,-6.08,39.08,0
7,78,5800.00,5278.73,1,97,-35.99,20.83,41.81,0
7,79,8800.00,3043.78,3,76,-101.72,-33.34,23.43,0
7,80,5200.00,5011.52,1,97,-69.82,-3.45,31.73,0
7,81,4600.00,6018.87,3,102,-66.81,-12.82,27.17,0
7,82,7000.00,7226.21,1,109,-66.17,-5.92,33.93,0
7,83,8684.35,6000.00,2,80,-109.98,-49.05,47.35,0
7,84,5745.61,6000.00,0,50,-80.09,-23.19,21.84,0
7,85,7200.00,7265.69,1,109,-69.41,-6.07,39.85,1
7,86,6378.69,8000.00,0,59,-125.91,-56.32,26.80,0
7,87,6162.07,2600.00,0,86,-71.57,1.80,54.31,0
7,88,7000.00,6411.07,3,65,-108.06,-46.41,58.34,0
7,89,4366.51,2000.00,2,30,-83.00,-39.00,35.02,0
7,90,7336.77,8000.00,2,67,-85.79,-15.41,39.48,0
7,91,6984.64,4800.00,0,98,-36.77,24.84,57.70,0
7,92,4466.50,8000.00,2,37,-106.54,-37.32,20.02,0
7,93,3110.14,5200.00,2,95,-51.04,11.50,43.48,0
7,94,7000.00,6804.90,3,109,-60.20,5.04,59.26,0
7,95,4395.37,3000.00,2,85,-78.57,-16.80,30.69,0
7,96,2798.71,7200.00,2,21,-93.18,-21.04,30.19,1
7,97,2446.44,3000.00,0,83,-85.44,-26.25,36.97,0
7,98,2400.00,4549.47,3,11,-105.89,-38.26,37.58,0
7,99,8641.45,2200.00,2,75,-101.45,-39.84,53.78,0
8,0,1699.39,8000.00,0,7,-112.19,-42.61,39.92,0
8,1,2600.00,5599.41,1,100,-86.37,-27.96,53.25,1
8,2,7200.00,4975.20,1,98,-60.43,10.75,50.03,0
8,3,6400.00,3181.96,1,87,-92.44,-28.64,50.93,0
8,4,8600.00,4589.77,3,78,-87.80,-20.53,54.70,1
8,5,8155.68,3400.00,2,69,-106.54,-44.68,32.58,0
8,6,4000.00,3160.27,1,85,-70.75,0.32,48.04,0
8,7,4959.44,3400.00,0,39,-82.63,-13.94,21.26,1
8,8,4600.00,6326.14,1,102,-52.37,18.26,43.49,0
8,9,1200.00,3553.73,3,2,-102.06,-35.50,32.84,0
8,10,3200.00,6314.18,1,101,-67.42,-5.58,41.89,0
8,11,4476.30,2000.00,2,30,-109.62,-43.75,43.16,0
8,12,7400.00,5770.82,1,104,-69.06,-1.36,22.78,0
8,13,1863.99,5800.00,0,12,-93.91,-29.38,35.20,0
8,14,7200.00,4964.18,1,98,-58.32,7.79,21.89,0
8,15,8233.01,5000.00,0,99,-51.53,11.92,57.73,0
8,16,4400.00,2292.03,1,85,-75.23,-1.09,38.94,0
8,17,3370.42,4400.00,0,25,-100.09,-42.03,22.72,0
8,18,7495.52,3000.00,0,87,-69.65,-0.62,39.40,0
8,19,5157.35,6600.00,0,102,-73.81,-7.96,20.98,0
8,20,6200.00,7259.16,3,108,-72.21,-12.89,45.44,0
8,21,5000.00,3918.70,3,91,-48.16,16.20,37.51,0
8,22,1371.56,5800.00,0,5,-114.94,-49.41,22.87,0
8,23,6000.00,2016.51,1,45,-103.14,-36.18,28.87,0
8,24,5426.78,6800.00,0,108,-59.44,-8.40,56.90,0
8,25,1000.00,6951.84,1,6,-101.55,-19.53,46.91,0
8,26,1582.39,5800.00,0,5,-110.25,-44.36,24.32,1
8,27,1800.00,2079.63,1,0,-102.15,-28.69,37.28,0
8,28,4758.44,6600.00,0,102,-72.70,-9.41,47.79,0
8,29,5522.40,6200.00,0,102,-81.73,-23.43,42.99,0
8,30,1600.00,7787.36,3,105,-78.87,-15.83,28.35,0
8,31,1604.88,2000.00,2,83,-81.05,-23.79,52.68,0
8,32,7480.72,7400.00,0,109,-83.80,-16.70,37.43,0
8,33,8800.00,2529.95,3,88,-98.70,-28.91,36.01,0
8,34,6834.16,4800.00,0,98,-50.44,6.19,57.89,0
8,35,3600.00,7728.05,3,29,-88.56,-30.72,36.26,0
8,36,7400.00,5249.82,1,98,-81.10,-26.96,33.31,0
8,37,3562.96,4200.00,0,90,-64.28,-0.44,21.73,1
8,38,2800.00,7805.12,3,22,-98.99,-23.68,52.65,0
8,39,1013.47,7000.00,2,6,-118.85,-45.55,51.54,0
8,40,1550.38,5200.00,0,94,-74.64,-20.09,46.72,0
8,41,3184.31,3800.00,0,90,-86.06,-27.58,24.57,0
8,42,2200.00,7034.02,1,105,-57.11,10.38,31.20,0
8,43,2624.48,4800.00,0,95,-80.33,-9.57,56.60,1
8,44,3600.00,7978.04,3,29,-109.29,-36.61,56.26,0
8,45,7400.00,6751.90,3,65,-105.19,-37.02,33.08,1
8,46,6901.74,7000.00,0,109,-83.18,-17.51,40.23,0
8,47,1443.72,6200.00,0,5,-101.68,-32.51,32.50,0
8,48,8600.00,4012.54,3,77,-99.29,-37.89,24.99,0
8,49,5088.55,7000.00,0,43,-129.71,-65.94,38.47,0
8,50,8200.00,7796.58,1,110,-88.48,-13.10,26.21,0
8,51,3380.98,7000.00,0,106,-85.44,-19.88,50.80,0
8,52,3287.26,3600.00,2,90,-72.55,-7.83,41.70,0
8,53,3325.91,4400.00,2,90,-68.67,2.40,36.54,0
8,54,6600.00,3686.25,1,92,-67.92,-3.76,38.17,0
8,55,3887.66,2400.00,0,85,-91.11,-32.05,38.35,1
8,56,2200.00,3886.16,1,89,-69.01,-1.84,38.15,0
8,57,3200.00,4438.31,3,95,-65.52,-4.69,21.56,0
8,58,1016.18,3000.00,0,1,-98.70,-33.94,55.49,0
8,59,4600.00,5193.42,1,96,-63.33,5.53,25.79,0
8,60,1200.00,6178.20,3,5,-86.44,-23.97,56.24,0
8,61,8531.58,4200.00,2,70,-103.03,-26.80,35.79,0
8,62,6000.00,5639.94,1,103,-83.46,-17.33,58.66,0
8,63,7200.00,7975.84,3,109,-100.96,-20.66,56.55,0
8,64,1102.51,2200.00,0,0,-112.94,-50.97,40.33,0
8,65,4200.00,5395.54,1,96,-82.37,-33.11,26.07,0
8,66,5373.66,7600.00,2,108,-102.78,-42.58,56.85,0
8,67,1671.73,2600.00,2,83,-86.88,-16.23,43.77,0
8,68,5820.31,3400.00,0,46,-118.63,-50.23,29.38,0
8,69,8189.03,8000.00,0,74,-112.40,-37.97,25.20,0
8,70,7814.17,5800.00,2,72,-95.10,-27.39,24.78,0
8,71,2925.62,5200.00,2,95,-54.09,0.68,36.58,0
8,72,5530.44,6600.00,2,108,-72.98,-17.67,35.94,0
8,73,5600.00,2010.74,3,86,-66.90,3.44,25.23,0
8,74,2400.00,4393.53,1,89,-101.23,-30.89,25.80,0
8,75,2856.43,6400.00,2,100,-75.98,-12.83,45.81,0
8,76,6236.55,5800.00,2,103,-57.31,-2.05,21.79,0
8,77,8506.90,4800.00,2,99,-76.11,-16.15,39.08,0
8,78,5800.00,5313.57,1,97,-40.51,22.01,41.81,0
8,79,8800.00,3024.26,3,76,-108.27,-47.82,23.43,0
8,80,5200.00,5037.96,1,97,-66.33,-2.11,31.73,0
8,81,4596.23,6000.00,2,102,-81.39,-17.77,27.17,0
8,82,7000.00,7254.48,1,109,-47.65,6.20,33.93,0
8,83,8644.89,6000.00,2,80,-96.28,-26.25,47.35,0
8,84,5763.81,6000.00,0,50,-87.44,-25.84,21.84,0
8,85,7200.00,7298.90,1,109,-71.26,1.54,39.85,0
8,86,6398.97,8000.00,2,59,-118.62,-50.05,26.80,0
8,87,6207.33,2600.00,0,86,-85.27,-22.53,54.31,0
8,88,7037.55,6400.00,0,65,-96.45,-36.27,58.34,0
8,89,4337.32,2000.00,2,30,-91.17,-37.02,35.02,0
8,90,7303.87,8000.00,2,67,-70.43,-7.49,39.48,0
8,91,6967.28,4800.00,2,98,-62.50,-7.48,57.70,0
8,92,4449.82,8000.00,2,37,-105.32,-41.84,20.02,0
8,93,3073.91,5200.00,2,95,-66.19,-3.08,43.48,0
8,94,6955.51,6800.00,2,109,-74.03,-5.67,59.26,0
8,95,4369.79,3000.00,2,85,-47.02,23.35,30.69,0
8,96,2773.55,7200.00,2,106,-66.09,4.69,30.19,1
8,97,2477.25,3000.00,0,83,-83.92,-24.03,36.97,0
8,98,2400.00,4518.16,3,11,-109.08,-32.31,37.58,0
8,99,8603.37,2200.00,0,75,-100.22,-44.75,53.78,0
9,0,1732.65,8000.00,0,7,-109.39,-52.55,39.92,0
9,1,2600.00,5556.21,3,100,-64.97,6.95,53.25,0
9,2,7216.89,5000.00,0,98,-82.84,-16.05,50.03,0
9,3,6400.00,3175.60,3,87,-64.97,0.70,50.93,0
9,4,8600.00,4544.19,3,99,-67.92,-3.01,54.70,1
9,5,8128.53,3400.00,2,69,-88.06,-17.10,32.58,0
9,6,4000.00,3200.30,1,85,-86.81,-25.38,48.04,0
9,7,4977.16,3400.00,0,91,-73.28,-9.86,21.26,1
9,8,4600.00,6362.38,1,102,-79.88,-16.79,43.49,0
9,9,1200.00,3526.37,3,2,-106.92,-43.68,32.84,0
9,10,3200.00,6349.09,1,101,-56.89,16.34,41.89,0
9,11,4440.34,2000.00,2,30,-111.62,-45.86,43.16,0
9,12,7400.00,5789.80,1,104,-66.19,-6.19,22.78,0
9,13,1893.32,5800.00,0,12,-100.57,-37.36,35.20,0
9,14,7200.00,4982.43,1,98,-67.93,2.59,21.89,0
9,15,8281.12,5000.00,0,99,-49.48,27.85,57.73,0
9,16,4400.00,2324.48,1,85,-74.97,-13.93,38.94,0
9,17,3389.36,4400.00,0,25,-109.71,-56.23,22.72,0
9,18,7528.35,3000.00,0,87,-74.74,-3.27,39.40,0
9,19,5174.83,6600.00,0,102,-80.74,-22.42,20.98,0
9,20,6200.00,7221.29,3,108,-73.42,-3.94,45.44,0
9,21,5000.00,3887.44,3,91,-44.90,24.46,37.51,0
9,22,1390.62,5800.00,0,5,-116.24,-56.36,22.87,0
9,23,6000.00,2040.56,1,45,-102.69,-31.94,28.87,0
9,24,5474.20,6800.00,0,108,-100.00,-36.65,56.90,0
9,25,1000.00,6990.93,1,6,-103.20,-33.24,46.91,0
9,26,1602.66,5800.00,0,5,-108.60,-54.17,24.32,0
9,27,1800.00,2110.70,1,8,-92.22,-22.17,37.28,1
9,28,4798.26,6600.00,0,102,-89.22,-19.84,47.79,0
9,29,5558.22,6200.00,0,102,-79.09,-11.66,42.99,0
9,30,1600.00,7763.73,3,105,-74.44,-5.75,28.35,0
9,31,1600.00,2039.02,1,0,-116.59,-58.48,52.68,1
9,32,7511.92,7400.00,0,109,-72.46,2.04,37.43,0
9,33,8800.00,2499.95,3,88,-79.26,-1.34,36.01,0
9,34,6882.39,4800.00,0,98,-97.87,-29.93,57.89,0
9,35,3600.00,7697.84,3,29,-80.96,-29.80,36.26,0
9,36,7400.00,5277.57,1,98,-82.53,-16.11,33.31,0
9,37,3581.06,4200.00,0,90,-56.42,3.45,21.73,0
9,38,2800.00,7838.75,1,22,-101.29,-27.39,52.65,0
9,39,1029.48,7000.00,0,6,-107.06,-37.53,51.54,0
9,40,1589.31,5200.00,0,94,-62.15,12.09,46.72,0
9,41,3195.22,3800.00,2,90,-94.35,-25.08,24.57,0
9,42,2200.00,7060.02,1,105,-44.76,21.39,31.20,0
9,43,2671.64,4800.00,0,95,-66.91,4.05,56.60,0
9,44,3600.00,7931.16,3,29,-98.39,-24.67,56.26,0
9,45,7400.00,6724.34,3,65,-99.19,-35.91,33.08,0
9,46,6935.26,7000.00,0,109,-97.24,-30.65,40.23,0
9,47,1470.80,6200.00,0,5,-105.75,-35.40,32.50,0
9,48,8600.00,4008.29,1,78,-97.26,-34.60,24.99,1
9,49,5120.61,7000.00,0,108,-79.24,-13.26,38.47,1
9,50,8200.00,7781.58,3,110,-93.31,-31.32,26.21,0
9,51,3400.00,7023.31,1,106,-110.67,-47.42,50.80,0
9,52,3252.51,3600.00,2,90,-79.77,-14.80,41.70,0
9,53,3295.46,4400.00,2,90,-98.38,-39.99,36.54,0
9,54,6600.00,3718.06,1,92,-69.05,-6.70,38.17,0
9,55,3919.62,2400.00,0,85,-86.60,-21.33,38.35,0
9,56,2200.00,3917.95,1,89,-71.27,-12.09,38.15,0
9,57,3200.00,4420.35,3,95,-48.42,20.54,21.56,0
9,58,1062.42,3000.00,0,1,-114.25,-40.31,55.49,0
9,59,4614.91,5200.00,0,96,-70.41,-2.11,25.79,0
9,60,1200.00,6131.34,3,5,-91.53,-34.86,56.24,0
9,61,8501.76,4200.00,2,70,-107.76,-33.25,35.79,0
9,62,6000.00,5688.82,1,103,-53.84,11.28,58.66,0
9,63,7200.00,7928.72,3,67,-83.54,-3.74,56.55,1
9,64,1136.12,2200.00,0,0,-105.04,-37.90,40.33,0
9,65,4182.74,5400.00,2,34,-90.22,-29.93,26.07,1
9,66,5326.29,7600.00,2,108,-98.64,-35.00,56.85,0
9,67,1635.25,2600.00,2,83,-99.73,-27.54,43.77,0
9,68,5844.79,3400.00,0,46,-101.15,-35.87,29.38,0
9,69,8200.00,7989.97,3,74,-114.53,-57.30,25.20,0
9,70,7793.52,5800.00,2,72,-98.41,-35.84,24.78,0
9,71,2895.13,5200.00,2,95,-58.55,2.62,36.58,0
9,72,5500.49,6600.00,2,108,-75.75,-8.20,35.94,0
9,73,5610.28,2000.00,0,86,-71.07,-1.75,25.23,0
9,74,2400.00,4415.03,1,89,-100.60,-29.97,25.80,0
9,75,2818.25,6400.00,2,100,-68.48,-8.80,45.81,0
9,76,6218.38,5800.00,2,103,-71.29,-2.80,21.79,0
9,77,8474.33,4800.00,2,99,-84.58,-9.53,39.08,0
9,78,5800.00,5348.41,1,97,-48.15,5.34,41.81,0
9,79,8800.00,3004.73,3,76,-105.70,-35.40,23.43,0
9,80,5200.00,5064.40,1,97,-96.48,-28.32,31.73,0
9,81,4573.59,6000.00,2,102,-76.43,-19.13,27.17,0
9,82,7000.00,7282.76,1,109,-57.19,19.76,33.93,0
9,83,8605.44,6000.00,2,80,-96.54,-28.95,47.35,0
9,84,5782.01,6000.00,0,103,-72.06,-9.80,21.84,1
9,85,7200.00,7332.11,1,109,-62.87,-1.29,39.85,0
9,86,6376.63,8000.00,2,59,-111.22,-39.20,26.80,0
9,87,6252.58,2600.00,0,86,-59.37,13.13,54.31,0
9,88,7086.17,6400.00,0,65,-103.30,-40.34,58.34,0
9,89,4308.13,2000.00,2,30,-83.68,-21.59,35.02,0
9,90,7270.96,8000.00,2,67,-65.18,-6.27,39.48,0
9,91,6919.20,4800.00,2,98,-72.90,-3.33,57.70,0
9,92,4433.13,8000.00,2,37,-113.89,-55.46,20.02,0
9,93,3037.68,5200.00,2,95,-58.58,-3.55,43.48,0
9,94,6906.13,6800.00,2,109,-57.23,6.22,59.26,0
9,95,4344.22,3000.00,2,85,-41.73,18.46,30.69,0
9,96,2748.39,7200.00,2,21,-64.38,5.90,30.19,1
9,97,2508.05,3000.00,0,83,-66.98,-10.43,36.97,0
9,98,2400.00,4486.84,3,11,-125.74,-55.88,37.58,0
9,99,8648.19,2200.00,0,75,-97.45,-23.86,53.78,0
10,0,1765.92,8000.00,0,7,-115.01,-44.87,39.92,0
10,1,2600.00,5511.83,3,100,-76.25,-13.44,53.25,0
10,2,7258.58,5000.00,0,98,-82.57,-18.50,50.03,0
10,3,6400.00,3133.16,3,87,-65.04,5.64,50.93,0
10,4,8600.00,4498.61,3,99,-61.07,10.23,54.70,0
10,5,8101.38,3400.00,2,69,-90.89,-21.70,32.58,0
10,6,4000.00,3240.33,1,85,-90.79,-24.79,48.04,0
10,7,4994.88,3400.00,0,91,-71.79,-8.08,21.26,0
10,8,4600.00,6398.61,1,102,-81.19,-9.83,43.49,0
10,9,1200.00,3499.01,3,2,-103.68,-39.13,32.84,0
10,10,3200.00,6384.00,1,101,-72.73,-19.24,41.89,0
10,11,4404.37,2000.00,2,30,-98.54,-30.26,43.16,0
10,12,7400.00,5791.23,3,104,-62.11,17.04,22.78,0
10,13,1922.65,5800.00,0,100,-61.49,-1.78,35.20,1
10,14,7199.33,5000.00,2,98,-83.15,-14.65,21.89,0
10,15,8329.24,5000.00,0,99,-56.01,20.29,57.73,0
10,16,4400.00,2356.93,1,85,-74.82,-11.08,38.94,0
10,17,3408.30,4400.00,0,90,-75.84,-19.92,22.72,1
10,18,7561.19,3000.00,0,87,-86.32,-21.37,39.40,0
10,19,5192.31,6600.00,0,102,-68.20,-4.47,20.98,0
10,20,6200.00,7216.58,1,108,-65.33,-8.55,45.44,0
10,21,5000.00,3856.18,3,91,-55.84,8.76,37.51,0
10,22,1390.31,5800.00,2,4,-106.96,-38.40,22.87,1
10,23,6000.00,2064.62,1,45,-88.08,-26.56,28.87,0
10,24,5521.62,6800.00,0,108,-87.10,-22.21,56.90,0
10,25,1000.00,6969.98,3,6,-113.82,-50.23,46.91,0
10,26,1622.93,5800.00,0,5,-99.87,-40.11,24.32,0
10,27,1800.00,2141.77,1,8,-90.90,-26.75,37.28,0
10,28,4800.00,6561.91,3,102,-64.04,5.38,47.79,0
10,29,5594.04,6200.00,0,102,-58.07,8.75,42.99,0
10,30,1600.00,7740.10,3,105,-83.06,-14.64,28.35,0
10,31,1600.00,2082.92,1,0,-101.25,-27.94,52.68,0
10,32,7543.11,7400.00,0,109,-84.99,-11.76,37.43,0
10,33,8800.00,2469.94,3,88,-85.38,-13.15,36.01,0
10,34,6930.63,4800.00,0,98,-63.71,1.56,57.89,0
10,35,3600.00,7667.62,3,29,-86.78,-26.04,36.26,0
10,36,7400.00,5305.33,1,98,-68.80,-2.75,33.31,0
10,37,3599.17,4200.00,0,90,-38.06,19.93,21.73,0
10,38,2800.00,7882.63,1,22,-91.69,-15.48,52.65,0
10,39,1072.43,7000.00,0,6,-89.41,-26.35,51.54,0
10,40,1600.00,5171.75,3,94,-64.83,-1.88,46.72,0
10,41,3174.74,3800.00,2,90,-99.21,-40.76,24.57,0
10,42,2200.00,7086.02,1,105,-48.16,18.13,31.20,0
10,43,2718.81,4800.00,0,95,-73.33,-15.65,56.60,0
10,44,3600.00,7884.28,3,29,-105.88,-40.20,56.26,0
10,45,7400.00,6696.77,3,65,-105.29,-32.18,33.08,0
10,46,6968.79,7000.00,0,109,-70.05,1.57,40.23,0
10,47,1497.88,6200.00,0,5,-106.98,-42.40,32.50,0
10,48,8600.00,4029.12,1,78,-99.82,-36.82,24.99,0
10,49,5152.68,7000.00,0,108,-93.54,-20.65,38.47,0
10,50,8200.00,7759.74,3,110,-94.30,-29.31,26.21,0
10,51,3400.00,7065.64,1,106,-86.46,-20.11,50.80,0
10,52,3217.76,3600.00,2,90,-76.73,-5.17,41.70,0
10,53,3265.00,4400.00,2,90,-97.07,-46.62,36.54,0
10,54,6600.00,3749.87,1,92,-90.11,-27.54,38.17,0
10,55,3951.59,2400.00,0,85,-88.12,-23.73,38.35,0
10,56,2200.00,3949.75,1,89,-67.15,-10.23,38.15,0
10,57,3200.00,4402.38,3,95,-47.80,22.15,21.56,0
10,58,1108.66,3000.00,0,1,-98.66,-27.86,55.49,0
10,59,4636.40,5200.00,0,96,-79.33,-16.14,25.79,0
10,60,1200.00,6084.47,3,5,-108.18,-43.94,56.24,0
10,61,8471.93,4200.00,2,70,-108.33,-33.15,35.79,0
10,62,6000.00,5737.70,1,103,-82.22,-28.38,58.66,0
10,63,7200.00,7881.59,3,67,-87.04,-17.98,56.55,0
10,64,1169.73,2200.00,0,0,-119.80,-49.78,40.33,0
10,65,4161.01,5400.00,2,96,-74.11,-10.09,26.07,1
10,66,5278.91,7600.00,2,108,-79.18,-19.69,56.85,0
10,67,1600.00,2601.22,1,83,-70.91,-2.76,43.77,0
10,68,5869.27,3400.00,0,46,-108.89,-36.32,29.38,0
10,69,8200.00,7968.97,3,74,-110.49,-36.83,25.20,0
10,70,7772.88,5800.00,2,104,-84.90,-15.08,24.78,1
10,71,2864.64,5200.00,2,95,-55.61,1.28,36.58,0
10,72,5470.54,6600.00,2,108,-71.71,-8.49,35.94,0
10,73,5631.31,2000.00,0,45,-82.51,-13.36,25.23,1
10,74,2400.00,4436.54,1,89,-117.96,-51.39,25.80,0
10,75,2780.08,6400.00,2,100,-56.31,10.37,45.81,0
10,76,6200.22,5800.00,2,103,-84.00,-23.40,21.79,0
10,77,8441.77,4800.00,2,99,-83.75,-20.87,39.08,0
10,78,5800.00,5383.25,1,97,-61.30,-1.16,41.81,0
10,79,8800.00,3014.80,1,76,-95.81,-37.52,23.43,0
10,80,5200.00,5090.84,1,97,-104.92,-45.26,31.73,0
10,81,4550.94,6000.00,2,102,-85.30,-20.13,27.17,0
10,82,7000.00,7311.03,1,109,-67.81,1.52,33.93,0
10,83,8600.00,5965.98,3,79,-134.14,-63.64,47.35,1
10,84,5799.79,6000.00,2,103,-65.58,-5.81,21.84,0
10,85,7200.00,7365.32,1,109,-62.70,-10.70,39.85,0
10,86,6354.29,8000.00,2,59,-117.56,-50.80,26.80,0
10,87,6297.84,2600.00,0,86,-68.15,7.78,54.31,0
10,88,7134.78,6400.00,0,104,-64.24,-8.13,58.34,1
10,89,4278.95,2000.00,2,30,-81.67,-34.48,35.02,0
10,90,7238.06,8000.00,2,67,-72.53,-10.89,39.48,0
10,91,6871.12,4800.00,2,98,-76.68,-11.16,57.70,0
10,92,4416.44,8000.00,2,37,-109.33,-61.92,20.02,0
10,93,3001.44,5200.00,2,95,-73.19,-22.54,43.48,0
10,94,6856.74,6800.00,2,109,-53.65,19.62,59.26,0
10,95,4318.64,3000.00,2,85,-56.26,6.43,30.69,0
10,96,2723.23,7200.00,2,106,-77.75,-8.13,30.19,1
10,97,2538.86,3000.00,0,83,-66.45,-4.10,36.97,0
10,98,2400.00,4455.53,3,89,-85.71,-22.93,37.58,1
10,99,8693.00,2200.00,0,75,-114.81,-46.43,53.78,0
11,0,1799.18,8000.00,0,7,-120.06,-48.19,39.92,0
11,1,2600.00,5467.45,3,100,-82.98,-32.25,53.25,0
11,2,7300.27,5000.00,0,98,-81.36,-6.78,50.03,0
11,3,6400.00,3090.72,3,87,-61.37,6.27,50.93,0
11,4,8600.00,4453.03,3,99,-82.22,-20.83,54.70,0
11,5,8074.23,3400.00,2,69,-78.55,-9.08,32.58,0
11,6,4000.00,3280.36,1,85,-62.44,-0.22,48.04,0
11,7,5000.00,3412.59,1,91,-69.63,-7.44,21.26,0
11,8,4565.15,6400.00,2,102,-78.08,-19.78,43.49,0
11,9,1200.00,3471.65,3,2,-95.22,-26.61,32.84,0
11,10,3200.00,6381.10,3,101,-68.88,-3.44,41.89,0
11,11,4368.40,2000.00,2,30,-79.29,-8.90,43.16,0
11,12,7400.00,5772.25,3,104,-72.62,0.22,22.78,0
11,13,1951.98,5800.00,0,100,-70.63,-15.21,35.20,0
11,14,7181.09,5000.00,2,98,-78.87,-17.41,21.89,0
11,15,8377.35,5000.00,0,99,-59.87,7.84,57.73,0
11,16,4400.00,2389.38,1,85,-48.04,20.37,38.94,0
11,17,3427.23,4400.00,0,90,-86.63,-33.17,22.72,0
11,18,7594.02,3000.00,0,87,-78.90,-17.97,39.40,0
11,19,5190.20,6600.00,2,102,-48.84,16.68,20.98,0
11,20,6200.00,7254.45,1,108,-75.31,-11.02,45.44,0
11,21,5000.00,3824.93,3,91,-69.21,-1.58,37.51,0
11,22,1371.25,5800.00,2,5,-108.28,-38.38,22.87,1
11,23,6000.00,2088.68,1,45,-100.58,-28.41,28.87,0
11,24,5569.05,6800.00,0,108,-92.39,-28.34,56.90,0
11,25,1000.00,6930.88,3,6,-103.37,-34.95,46.91,0
11,26,1643.19,5800.00,0,12,-90.41,-24.48,24.32,1
11,27,1800.00,2172.84,1,83,-78.80,-14.92,37.28,1
11,28,4800.00,6522.08,3,102,-56.99,14.12,47.79,0
11,29,5600.00,6229.86,1,102,-68.04,-5.62,42.99,0
11,30,1600.00,7716.48,3,105,-67.51,7.02,28.35,0
11,31,1600.00,2126.82,1,0,-112.09,-45.86,52.68,0
11,32,7574.30,7400.00,0,109,-73.99,-0.56,37.43,0
11,33,8800.00,2439.94,3,88,-88.13,-15.86,36.01,0
11,34,6978.87,4800.00,0,98,-65.49,3.81,57.89,0
11,35,3600.00,7637.40,3,29,-90.72,-24.56,36.26,0
11,36,7400.00,5333.09,1,98,-67.37,1.89,33.31,0
11,37,3600.00,4182.72,3,90,-59.92,-8.41,21.73,0
11,38,2800.00,7926.50,1,22,-93.17,-24.36,52.65,0
11,39,1115.38,7000.00,0,6,-85.74,-35.37,51.54,0
11,40,1600.00,5132.82,3,94,-67.24,5.51,46.72,0
11,41,3154.26,3800.00,2,90,-85.98,-24.89,24.57,0
11,42,2200.00,7112.02,1,105,-63.44,-1.47,31.20,0
11,43,2765.97,4800.00,0,95,-87.21,-23.16,56.60,0
11,44,3600.00,7837.39,3,29,-102.59,-43.65,56.26,0
11,45,7400.00,6669.21,3,104,-99.17,-28.37,33.08,1
11,46,6997.68,7000.00,2,109,-73.34,-2.65,40.23,0
11,47,1524.96,6200.00,0,5,-99.55,-29.70,32.50,0
11,48,8600.00,4049.95,1,78,-106.00,-42.50,24.99,0
11,49,5184.74,7000.00,0,108,-91.57,-16.71,38.47,0
11,50,8200.00,7737.89,3,110,-88.23,-22.21,26.21,0
11,51,3400.00,7107.97,1,106,-69.67,0.12,50.80,0
11,52,3183.01,3600.00,2,90,-75.90,-14.37,41.70,0
11,53,3234.55,4400.00,2,25,-98.38,-52.54,36.54,1
11,54,6600.00,3781.67,1,92,-78.11,-24.73,38.17,0
11,55,3983.55,2400.00,0,85,-85.45,-19.30,38.35,0
11,56,2200.00,3981.54,1,89,-62.98,9.36,38.15,0
11,57,3200.00,4415.58,1,95,-65.67,-4.43,21.56,0
11,58,1154.90,3000.00,0,1,-96.91,-22.20,55.49,0
11,59,4657.89,5200.00,0,96,-81.32,-12.22,25.79,0
11,60,1200.00,6037.60,3,5,-110.47,-43.94,56.24,0
11,61,8442.11,4200.00,2,70,-115.00,-51.35,35.79,0
11,62,6000.00,5786.58,1,103,-81.89,-10.05,58.66,0
11,63,7200.00,7834.46,3,67,-96.01,-29.73,56.55,0
11,64,1200.00,2203.34,1,0,-98.19,-58.74,40.33,0
11,65,4139.28,5400.00,2,96,-68.62,-2.07,26.07,0
11,66,5231.54,7600.00,2,108,-77.59,-18.22,56.85,0
11,67,1600.00,2637.69,1,83,-67.57,2.31,43.77,0
11,68,5893.75,3400.00,0,46,-116.19,-49.81,29.38,0
11,69,8200.00,7947.97,3,74,-108.53,-43.28,25.20,0
11,70,7752.23,5800.00,2,104,-86.16,-15.67,24.78,0
11,71,2834.16,5200.00,2,95,-66.66,1.40,36.58,0
11,72,5440.59,6600.00,2,108,-65.21,-3.62,35.94,0
11,73,5652.34,2000.00,0,45,-84.98,-16.73,25.23,0
11,74,2400.00,4458.04,1,18,-106.92,-37.43,25.80,1
11,75,2741.90,6400.00,2,100,-68.73,-3.03,45.81,0
11,76,6200.00,5817.94,1,103,-71.13,-1.00,21.79,0
11,77,8409.20,4800.00,2,99,-95.57,-22.27,39.08,0
11,78,5781.91,5400.00,2,49,-73.61,-10.42,41.81,1
11,79,8800.00,3034.33,1,76,-97.92,-47.04,23.43,0
11,80,5200.00,5117.28,1,97,-84.25,-20.88,31.73,0
11,81,4528.30,6000.00,2,102,-58.01,14.50,27.17,0
11,82,7000.00,7339.31,1,109,-80.86,-4.17,33.93,0
11,83,8600.00,5926.52,3,80,-113.51,-59.22,47.35,1
11,84,5781.58,6000.00,2,103,-76.25,-17.26,21.84,0
11,85,7200.00,7398.53,1,109,-68.00,-8.98,39.85,0
11,86,6331.96,8000.00,2,59,-114.02,-51.15,26.80,0
11,87,6343.10,2600.00,0,86,-78.72,-12.34,54.31,0
11,88,7183.40,6400.00,0,104,-82.43,-19.66,58.34,0
11,89,4249.76,2000.00,2,30,-84.98,-39.00,35.02,0
11,90,7205.15,8000.00,2,67,-88.86,-17.03,39.48,0
11,91,6823.04,4800.00,2,98,-81.57,-19.23,57.70,0
11,92,4400.24,8000.00,0,37,-102.24,-32.47,20.02,0
11,93,3000.00,5234.79,1,95,-80.87,-9.52,43.48,0
11,94,6807.35,6800.00,2,109,-67.12,7.41,59.26,0
11,95,4293.06,3000.00,2,85,-64.38,-3.35,30.69,0
11,96,2698.06,7200.00,2,106,-85.43,-22.49,30.19,0
11,97,2569.66,3000.00,0,84,-71.15,-8.13,36.97,1
11,98,2400.00,4424.21,3,89,-78.38,-11.09,37.58,0
11,99,8737.82,2200.00,0,75,-109.80,-46.92,53.78,0
12,0,1832.45,8000.00,0,7,-126.81,-50.86,39.92,0
12,1,2600.00,5423.08,3,100,-73.44,-17.85,53.25,0
12,2,7341.96,5000.00,0,98,-64.54,-12.40,50.03,0
12,3,6400.00,3048.27,3,87,-62.75,-2.52,50.93,0
12,4,8600.00,4407.44,3,99,-67.11,-3.87,54.70,0
12,5,8047.09,3400.00,2,69,-79.55,-10.89,32.58,0
12,6,4000.00,3320.39,1,85,-54.71,13.94,48.04,0
12,7,5000.00,3430.31,1,91,-62.49,6.58,21.26,0
12,8,4528.91,6400.00,2,102,-68.23,-0.07,43.49,0
12,9,1200.00,3444.28,3,2,-83.82,-16.28,32.84,0
12,10,3200.00,6346.19,3,101,-40.85,33.78,41.89,0
12,11,4332.44,2000.00,2,30,-81.61,-17.77,43.16,0
12,12,7400.00,5753.27,3,104,-60.07,-1.20,22.78,0
12,13,1981.32,5800.00,0,100,-62.33,-5.96,35.20,0
12,14,7162.85,5000.00,2,98,-78.73,-18.59,21.89,0
12,15,8400.00,5000.00,1,99,-51.55,15.69,0.00,0
12,16,4400.00,2378.18,3,85,-86.95,-15.81,38.94,0
12,17,3446.17,4400.00,0,90,-68.38,-1.98,22.72,0
12,18,7600.00,2973.14,3,87,-84.13,-16.06,39.40,0
12,19,5172.72,6600.00,2,102,-79.45,-7.23,20.98,0
12,20,6200.00,7292.32,1,108,-54.72,6.76,45.44,0
12,21,5000.00,3793.67,3,91,-61.48,10.45,37.51,0
12,22,1352.19,5800.00,2,5,-110.26,-49.54,22.87,0
12,23,6000.00,2112.73,1,45,-106.94,-47.96,28.87,0
12,24,5600.00,6800.00,1,108,-78.61,-4.78,0.00,0
12,25,1000.00,6891.79,3,6,-109.28,-50.09,46.91,0
12,26,1663.46,5800.00,0,12,-99.66,-36.03,24.32,0
12,27,1796.09,2200.00,2,83,-77.08,-6.86,37.28,0
12,28,4800.00,6482.26,3,102,-77.27,-6.09,47.79,0
12,29,5600.00,6265.68,1,102,-36.75,35.03,42.99,0
12,30,1600.00,7692.85,3,105,-73.29,-2.85,28.35,0
12,31,1600.00,2170.73,1,83,-91.03,-16.82,52.68,1
12,32,7605.49,7400.00,0,109,-91.35,-17.03,37.43,0
12,33,8800.00,2409.93,3,88,-84.86,-14.79,36.01,0
12,34,7000.00,4800.00,1,98,-92.72,-37.71,0.00,0
12,35,3600.00,7607.19,3,29,-85.23,-21.52,36.26,0
12,36,7400.00,5360.85,1,98,-61.56,-7.17,33.31,0
12,37,3600.00,4164.62,3,90,-62.95,-2.75,21.73,0
12,38,2800.00,7970.38,1,22,-74.47,-4.46,52.65,0
12,39,1158.33,7000.00,0,6,-84.28,-19.70,51.54,0
12,40,1600.00,5093.89,3,94,-69.57,7.97,46.72,0
12,41,3133.78,3800.00,2,90,-86.88,-21.66,24.57,0
12,42,2200.00,7138.02,1,105,-33.36,27.76,31.20,0
12,43,2800.00,4786.86,3,95,-77.98,-14.91,56.60,0
12,44,3600.00,7800.00,0,29,-120.16,-44.87,0.00,0
12,45,7400.00,6641.64,3,104,-80.26,-19.36,33.08,0
12,46,6964.16,7000.00,2,109,-73.51,-12.18,40.23,0
12,47,1552.04,6200.00,0,5,-100.25,-24.80,32.50,0
12,48,8600.00,4070.78,1,77,-112.11,-41.34,24.99,1
12,49,5216.80,7000.00,0,108,-101.57,-30.71,38.47,0
12,50,8200.00,7716.05,3,110,-71.74,-11.77,26.21,0
12,51,3400.00,7150.30,1,106,-74.94,-4.88,50.80,0
12,52,3148.26,3600.00,2,90,-63.69,3.78,41.70,0
12,53,3204.10,4400.00,2,25,-99.21,-34.38,36.54,0
12,54,6586.52,3800.00,2,92,-62.79,7.18,38.17,0
12,55,3984.49,2400.00,2,85,-76.58,-11.21,38.35,0
12,56,2200.00,4013.34,1,89,-55.67,7.00,38.15,0
12,57,3200.00,4433.55,1,95,-73.13,-16.77,21.56,0
12,58,1201.15,3000.00,0,1,-87.27,-39.21,55.49,0
12,59,4679.38,5200.00,0,96,-52.12,8.39,25.79,0
12,60,1190.74,6000.00,2,5,-92.75,-16.65,56.24,0
12,61,8412.29,4200.00,2,70,-103.13,-40.78,35.79,0
12,62,6000.00,5800.00,3,103,-78.33,-18.06,0.00,0
12,63,7200.00,7800.00,1,67,-74.79,-11.72,0.00,0
12,64,1200.00,2236.96,1,0,-108.19,-69.11,40.33,0
12,65,4117.56,5400.00,2,96,-63.64,1.27,26.07,0
12,66,5184.17,7600.00,2,108,-69.19,-12.98,56.85,0
12,67,1600.00,2674.17,1,83,-75.14,5.64,43.77,0
12,68,5918.23,3400.00,0,47,-112.12,-39.47,29.38,1
12,69,8200.00,7926.96,3,74,-104.29,-31.68,25.20,0
12,70,7731.58,5800.00,2,104,-69.01,-11.73,24.78,0
12,71,2803.67,5200.00,2,95,-64.74,4.59,36.58,0
12,72,5410.64,6600.00,2,108,-75.07,-6.58,35.94,0
12,73,5673.37,2000.00,0,45,-78.57,-19.13,25.23,0
12,74,2400.00,4479.54,1,18,-112.79,-42.60,25.80,0
12,75,2703.73,6400.00,2,100,-74.15,-4.33,45.81,0
12,76,6200.00,5836.10,1,103,-78.54,-16.25,21.79,0
12,77,8423.37,4800.00,0,99,-61.86,-0.17,39.08,0
12,78,5747.07,5400.00,2,49,-75.92,-9.65,41.81,0
12,79,8800.00,3053.85,1,76,-99.03,-34.89,23.43,0
12,80,5200.00,5143.72,1,97,-81.50,-24.27,31.73,0
12,81,4505.66,6000.00,2,102,-45.76,20.96,27.17,0
12,82,7000.00,7367.59,1,109,-61.14,8.97,33.93,0
12,83,8600.00,5887.07,3,79,-118.86,-60.56,47.35,1
12,84,5763.38,6000.00,2,103,-82.41,-21.37,21.84,0
12,85,7200.00,7431.74,1,109,-85.82,-29.98,39.85,0
12,86,6309.62,8000.00,2,59,-111.15,-52.79,26.80,0
12,87,6388.36,2600.00,0,86,-88.50,-16.12,54.31,0
12,88,7200.00,6400.00,3,65,-74.93,-6.14,0.00,1
12,89,4220.57,2000.00,2,30,-84.76,-31.75,35.02,0
12,90,7172.25,8000.00,2,67,-83.84,-15.64,39.48,0
12,91,6774.96,4800.00,2,98,-62.43,5.15,57.70,0
12,92,4416.93,8000.00,0,37,-92.17,-23.24,20.02,0
12,93,3000.00,5271.02,1,95,-76.25,-11.07,43.48,0
12,94,6800.00,6757.96,3,109,-89.41,-26.54,59.26,0
12,95,4267.48,3000.00,2,85,-75.34,-15.70,30.69,0
12,96,2672.90,7200.00,2,106,-87.78,-24.51,30.19,0
12,97,2599.53,3000.00,2,84,-95.53,-31.50,36.97,0
12,98,2400.00,4392.90,3,89,-73.12,-2.85,37.58,0
12,99,8782.64,2200.00,0,75,-105.30,-49.88,53.78,0
13,0,1865.71,8000.00,0,14,-106.95,-32.98,39.92,1
13,1,2600.00,5378.70,3,95,-66.70,-5.91,53.25,1
13,2,7383.65,5000.00,0,98,-73.76,-15.90,50.03,0
13,3,6400.00,3005.83,3,87,-68.87,3.02,50.93,0
13,4,8600.00,4400.00,2,99,-86.19,-20.03,0.00,0
13,5,8019.94,3400.00,2,69,-85.40,-26.70,32.58,0
13,6,4000.00,3360.42,1,85,-62.37,-9.36,48.04,0
13,7,5000.00,3448.03,1,91,-64.89,-0.61,21.26,0
13,8,4492.67,6400.00,2,102,-81.92,-14.00,43.49,0
13,9,1200.00,3416.92,3,2,-90.08,-16.12,32.84,0
13,10,3200.00,6311.28,3,101,-47.51,16.46,41.89,0
13,11,4296.47,2000.00,2,30,-77.26,-14.34,43.16,0
13,12,7400.00,5734.29,3,104,-67.44,-2.11,22.78,0
13,13,1989.35,5800.00,2,12,-84.33,-22.89,35.20,1
13,14,7144.60,5000.00,2,98,-93.46,-25.16,21.89,0
13,15,8400.00,5000.00,1,99,-51.55,15.69,0.00,0
13,16,4400.00,2345.73,3,85,-84.17,-12.69,38.94,0
13,17,3465.10,4400.00,0,90,-75.82,-13.07,22.72,0
13,18,7600.00,2940.31,3,87,-90.63,-20.39,39.40,0
13,19,5155.24,6600.00,2,102,-74.61,-6.39,20.98,0
13,20,6200.00,7330.19,1,108,-92.78,-25.32,45.44,0
13,21,5000.00,3762.42,3,91,-49.93,20.79,37.51,0
13,22,1333.13,5800.00,2,5,-100.36,-35.41,22.87,0
13,23,6000.00,2136.79,1,45,-91.37,-34.48,28.87,0
13,24,5600.00,6800.00,1,108,-78.61,-4.78,0.00,0
13,25,1000.00,6852.70,3,6,-118.94,-61.84,46.91,0
13,26,1683.72,5800.00,0,12,-100.39,-36.80,24.32,0
13,27,1765.02,2200.00,2,83,-53.07,17.36,37.28,0
13,28,4800.00,6442.43,3,102,-78.94,-18.72,47.79,0
13,29,5600.00,6301.50,1,102,-49.57,14.00,42.99,0
13,30,1600.00,7669.22,3,105,-75.64,-8.73,28.35,0
13,31,1600.00,2214.63,1,83,-78.11,-3.85,52.68,0
13,32,7636.68,7400.00,0,109,-100.59,-29.42,37.43,0
13,33,8779.93,2400.00,2,88,-69.47,-5.26,36.01,0
13,34,7000.00,4800.00,1,98,-92.72,-37.71,0.00,0
13,35,3576.97,7600.00,2,29,-80.46,-24.36,36.26,0
13,36,7400.00,5388.60,1,98,-65.89,-5.34,33.31,0
13,37,3600.00,4146.51,3,90,-66.15,-8.66,21.73,0
13,38,2800.00,8000.00,2,22,-93.93,-27.64,0.00,0
13,39,1200.00,7000.00,3,6,-100.05,-33.48,0.00,0
13,40,1600.00,5054.96,3,94,-77.16,-5.14,46.72,0
13,41,3113.30,3800.00,2,90,-97.00,-29.40,24.57,0
13,42,2200.00,7164.03,1,105,-65.36,-4.59,31.20,0
13,43,2800.00,4739.70,3,95,-66.31,-4.89,56.60,0
13,44,3600.00,7800.00,0,29,-120.16,-44.87,0.00,0
13,45,7400.00,6614.07,3,104,-81.33,-18.30,33.08,0
13,46,6930.63,7000.00,2,109,-78.92,-3.87,40.23,0
13,47,1579.13,6200.00,0,5,-106.69,-33.62,32.50,0
13,48,8600.00,4091.61,1,78,-109.59,-44.14,24.99,1
13,49,5248.86,7000.00,0,108,-99.36,-33.27,38.47,0
13,50,8200.00,7694.21,3,110,-72.43,-1.32,26.21,0
13,51,3400.00,7192.63,1,106,-73.81,-7.21,50.80,0
13,52,3113.51,3600.00,2,90,-75.67,-22.37,41.70,0
13,53,3200.00,4426.36,1,95,-79.36,-11.60,36.54,1
13,54,6554.72,3800.00,2,92,-67.58,-5.13,38.17,0
13,55,3952.53,2400.00,2,85,-78.91,-14.68,38.35,0
13,56,2200.00,4045.14,1,89,-63.67,0.35,38.15,0
13,57,3200.00,4451.51,1,95,-53.22,11.16,21.56,0
13,58,1247.39,3000.00,0,83,-70.52,5.08,55.49,1
13,59,4700.87,5200.00,0,96,-68.17,-13.61,25.79,0
13,60,1143.87,6000.00,2,5,-103.56,-35.93,56.24,0
13,61,8417.54,4200.00,0,77,-110.85,-50.19,35.79,1
13,62,6000.00,5800.00,3,103,-78.33,-18.06,0.00,0
13,63,7200.00,7800.00,1,67,-74.79,-11.72,0.00,0
13,64,1200.00,2270.57,1,1,-107.10,-40.75,40.33,1
13,65,4095.83,5400.00,2,96,-62.89,-3.71,26.07,0
13,66,5136.80,7600.00,2,108,-65.60,3.30,56.85,0
13,67,1600.00,2710.64,1,83,-64.11,7.72,43.77,0
13,68,5942.71,3400.00,0,92,-77.04,-0.76,29.38,1
13,69,8200.00,7905.96,3,74,-102.81,-37.44,25.20,0
13,70,7710.93,5800.00,2,104,-57.01,-5.80,24.78,0
13,71,2773.18,5200.00,2,95,-63.94,0.59,36.58,0
13,72,5400.00,6619.31,1,108,-112.38,-53.26,35.94,0
13,73,5694.40,2000.00,0,45,-84.81,-16.01,25.23,0
13,74,2400.00,4501.05,1,18,-107.22,-41.14,25.80,0
13,75,2665.55,6400.00,2,100,-86.72,-21.68,45.81,0
13,76,6200.00,5854.26,1,103,-80.79,-14.51,21.79,0
13,77,8455.93,4800.00,0,99,-61.36,8.44,39.08,0
13,78,5712.23,5400.00,2,49,-72.28,-1.69,41.81,0
13,79,8800.00,3073.38,1,76,-94.61,-30.88,23.43,0
13,80,5200.00,5170.16,1,97,-72.19,-22.79,31.73,0
13,81,4483.02,6000.00,2,102,-45.14,9.83,27.17,0
13,82,7000.00,7395.86,1,109,-77.75,-14.61,33.93,0
13,83,8600.00,5847.61,3,79,-118.49,-50.06,47.35,0
13,84,5745.18,6000.00,2,103,-103.29,-45.83,21.84,0
13,85,7200.00,7464.95,1,109,-80.21,-21.42,39.85,0
13,86,6287.28,8000.00,2,59,-108.75,-58.86,26.80,0
13,87,6366.38,2600.00,2,86,-80.07,-18.57,54.31,0
13,88,7200.00,6400.00,3,104,-70.93,-0.16,0.00,1
13,89,4200.00,2008.61,1,30,-87.57,-29.33,35.02,0
13,90,7139.35,8000.00,2,67,-96.51,-20.14,39.48,0
13,91,6726.88,4800.00,2,98,-53.25,15.49,57.70,0
13,92,4433.62,8000.00,0,37,-92.47,-24.47,20.02,0
13,93,3000.00,5307.25,1,95,-39.71,17.72,43.48,0
13,94,6800.00,6708.58,3,109,-82.54,-12.74,59.26,0
13,95,4241.90,3000.00,2,85,-86.58,-21.47,30.69,0
13,96,2647.74,7200.00,2,106,-75.59,-1.65,30.19,0
13,97,2568.73,3000.00,2,84,-80.81,-16.61,36.97,0
13,98,2400.00,4361.58,3,89,-95.66,-33.85,37.58,0
13,99,8800.00,2200.00,1,75,-102.03,-25.13,0.00,0
14,0,1898.98,8000.00,0,14,-124.24,-53.70,39.92,0
14,1,2600.00,5334.32,3,95,-91.01,-33.23,53.25,0
14,2,7400.00,5000.00,3,98,-85.87,-25.07,0.00,0
14,3,6400.00,3000.00,1,87,-69.80,-8.99,0.00,0
14,4,8600.00,4400.00,2,99,-86.19,-20.03,0.00,0
14,5,8007.21,3400.00,0,69,-99.03,-45.05,32.58,0
14,6,4000.45,3400.00,0,90,-85.85,-14.21,48.04,1
14,7,5000.00,3465.74,1,91,-44.79,17.73,21.26,0
14,8,4456.44,6400.00,2,102,-85.76,-23.55,43.49,0
14,9,1210.44,3400.00,0,2,-110.14,-39.27,32.84,0
14,10,3200.00,6276.37,3,101,-87.39,-30.84,41.89,0
14,11,4260.50,2000.00,2,30,-58.98,4.76,43.16,0
14,12,7400.00,5715.31,3,104,-75.90,-10.94,22.78,0
14,13,1960.02,5800.00,2,12,-74.13,-18.27,35.20,0
14,14,7126.36,5000.00,2,98,-97.75,-33.00,21.89,0
14,15,8400.00,5000.00,1,99,-51.55,15.69,0.00,0
14,16,4400.00,2313.28,3,85,-67.37,2.12,38.94,0
14,17,3484.04,4400.00,0,90,-84.80,-22.58,22.72,0
14,18,7600.00,2907.47,3,87,-76.38,-6.41,39.40,0
14,19,5137.75,6600.00,2,102,-71.02,-2.00,20.98,0
14,20,6200.00,7368.06,1,108,-89.45,-27.90,45.44,0
14,21,5000.00,3731.16,3,91,-55.83,10.85,37.51,0
14,22,1314.06,5800.00,2,5,-110.02,-63.49,22.87,0
14,23,6000.00,2160.85,1,45,-114.88,-44.76,28.87,0
14,24,5600.00,6800.00,1,108,-78.61,-4.78,0.00,0
14,25,1000.00,6813.60,3,5,-101.45,-44.27,46.91,1
14,26,1703.99,5800.00,0,12,-93.71,-40.09,24.32,0
14,27,1733.95,2200.00,2,83,-69.11,5.11,37.28,0
14,28,4800.00,6402.60,3,102,-67.19,-3.80,47.79,0
14,29,5600.00,6337.33,1,102,-56.08,5.40,42.99,0
14,30,1600.00,7645.59,3,105,-73.23,-7.28,28.35,0
14,31,1600.00,2258.53,1,83,-88.73,-14.50,52.68,0
14,32,7667.87,7400.00,0,110,-70.47,-1.52,37.43,1
14,33,8749.92,2400.00,2,88,-77.55,-9.83,36.01,0
14,34,7000.00,4800.00,1,98,-92.72,-37.71,0.00,0
14,35,3546.75,7600.00,2,29,-65.23,-6.47,36.26,0
14,36,7383.64,5400.00,2,98,-71.68,-6.13,33.31,0
14,37,3600.00,4128.41,3,90,-53.36,1.11,21.73,0
14,38,2800.00,8000.00,2,22,-93.93,-27.64,0.00,0
14,39,1200.00,7000.00,3,6,-100.05,-33.48,0.00,0
14,40,1600.00,5016.03,3,94,-68.44,-6.67,46.72,0
14,41,3092.82,3800.00,2,90,-98.71,-36.69,24.57,0
14,42,2200.00,7190.03,1,105,-63.42,-4.78,31.20,0
14,43,2800.00,4692.53,3,95,-65.86,-1.78,56.60,0
14,44,3600.00,7800.00,0,29,-120.16,-44.87,0.00,0
14,45,7400.00,6586.51,3,104,-51.50,16.56,33.08,0
14,46,6897.10,7000.00,2,109,-76.27,3.93,40.23,0
14,47,1600.00,6206.21,1,5,-102.67,-33.07,32.50,0
14,48,8600.00,4112.43,1,78,-112.39,-41.39,24.99,0
14,49,5280.92,7000.00,0,108,-99.88,-26.83,38.47,0
14,50,8200.00,7672.37,3,110,-71.94,5.59,26.21,0
14,51,3400.00,7200.00,0,106,-71.14,-2.33,0.00,0
14,52,3078.76,3600.00,2,90,-86.61,-28.09,41.70,0
14,53,3200.00,4456.81,1,95,-76.04,-9.13,36.54,0
14,54,6522.91,3800.00,2,92,-72.10,-2.90,38.17,0
14,55,3920.57,2400.00,2,85,-85.63,-19.68,38.35,0
14,56,2200.00,4076.93,1,89,-82.33,-5.38,38.15,0
14,57,3200.00,4469.48,1,95,-52.07,4.11,21.56,0
14,58,1293.63,3000.00,0,83,-80.63,-6.74,55.49,0
14,59,4722.36,5200.00,0,96,-65.97,-7.47,25.79,0
14,60,1097.00,6000.00,2,4,-127.02,-59.05,56.24,1
14,61,8447.36,4200.00,0,78,-113.57,-47.57,35.79,1
14,62,6000.00,5800.00,3,103,-78.33,-18.06,0.00,0
14,63,7200.00,7800.00,1,67,-74.79,-11.72,0.00,0
14,64,1200.00,2304.18,1,1,-111.01,-50.33,40.33,0
14,65,4074.10,5400.00,2,96,-58.57,8.32,26.07,0
14,66,5089.43,7600.00,2,44,-67.68,3.49,56.85,1
14,67,1600.00,2747.12,1,83,-65.18,8.99,43.77,0
14,68,5967.19,3400.00,0,92,-79.89,-13.31,29.38,0
14,69,8200.00,7884.96,3,74,-119.95,-47.57,25.20,0
14,70,7690.28,5800.00,2,104,-54.33,9.75,24.78,0
14,71,2742.70,5200.00,2,95,-72.95,3.39,36.58,0
14,72,5400.00,6649.27,1,43,-94.56,-26.05,35.94,1
14,73,5715.43,2000.00,0,45,-77.40,-12.74,25.23,0
14,74,2400.00,4522.55,1,18,-107.27,-49.10,25.80,0
14,75,2627.38,6400.00,2,100,-61.28,4.97,45.81,0
14,76,6200.00,5872.42,1,103,-71.79,-4.02,21.79,0
14,77,8488.50,4800.00,0,99,-61.45,9.53,39.08,0
14,78,5677.38,5400.00,2,97,-77.85,-14.83,41.81,1
14,79,8800.00,3092.91,1,76,-91.57,-25.54,23.43,0
14,80,5200.00,5196.60,1,97,-65.57,-16.39,31.73,0
14,81,4460.38,6000.00,2,102,-68.72,-13.33,27.17,0
14,82,7000.00,7375.86,3,109,-57.52,8.64,33.93,0
14,83,8600.00,5808.15,3,80,-116.17,-46.95,47.35,1
14,84,5726.98,6000.00,2,103,-96.59,-39.80,21.84,0
14,85,7200.00,7498.17,1,109,-83.32,-13.79,39.85,0
14,86,6264.95,8000.00,2,52,-112.95,-57.23,26.80,1
14,87,6321.12,2600.00,2,86,-89.77,-27.52,54.31,0
14,88,7200.00,6400.00,3,104,-70.93,-0.16,0.00,0
14,89,4200.00,2037.80,1,30,-92.88,-33.14,35.02,0
14,90,7106.44,8000.00,2,67,-95.36,-15.36,39.48,0
14,91,6678.80,4800.00,2,98,-30.34,34.34,57.70,0
14,92,4450.30,8000.00,0,37,-93.88,-17.75,20.02,0
14,93,3000.00,5343.49,1,95,-54.49,11.71,43.48,0
14,94,6800.00,6659.19,3,109,-46.21,23.29,59.26,0
14,95,4216.32,3000.00,2,85,-67.72,-12.01,30.69,0
14,96,2622.58,7200.00,2,106,-74.45,-7.80,30.19,0
14,97,2537.92,3000.00,2,84,-79.85,-17.09,36.97,0
14,98,2400.00,4330.26,3,89,-100.42,-38.09,37.58,0
14,99,8800.00,2200.00,1,75,-102.03,-25.13,0.00,0
15,0,1932.24,8000.00,0,14,-124.37,-50.31,39.92,0
15,1,2600.00,5289.94,3,95,-80.84,-17.12,53.25,0
15,2,7400.00,5000.00,3,98,-85.87,-25.07,0.00,0
15,3,6400.00,3000.00,1,87,-69.80,-8.99,0.00,0
15,4,8600.00,4400.00,2,99,-86.19,-20.03,0.00,0
15,5,8034.35,3400.00,0,69,-93.10,-33.05,32.58,0
15,6,4040.48,3400.00,0,90,-67.98,0.17,48.04,0
15,7,5000.00,3483.46,1,91,-40.22,18.71,21.26,0
15,8,4420.20,6400.00,2,102,-67.17,0.25,43.49,0
15,9,1237.81,3400.00,0,2,-94.31,-32.46,32.84,0
15,10,3200.00,6241.46,3,101,-75.92,-12.85,41.89,0
15,11,4224.54,2000.00,2,30,-69.18,-0.39,43.16,0
15,12,7400.00,5696.33,3,104,-55.54,11.11,22.78,0
15,13,1930.69,5800.00,2,100,-71.91,-13.67,35.20,1
15,14,7108.12,5000.00,2,98,-78.26,-7.20,21.89,0
15,15,8400.00,5000.00,1,99,-51.55,15.69,0.00,0
15,16,4400.00,2280.83,3,85,-81.43,-12.05,38.94,0
15,17,3502.98,4400.00,0,90,-74.41,-9.64,22.72,0
15,18,7600.00,2874.64,3,87,-79.75,-16.26,39.40,0
15,19,5120.27,6600.00,2,102,-70.28,0.95,20.98,0
15,20,6200.00,7405.93,1,108,-80.70,-18.94,45.44,0
15,21,5000.00,3699.90,3,91,-67.93,0.20,37.51,0
15,22,1295.00,5800.00,2,4,-106.06,-48.89,22.87,1
15,23,6000.00,2184.90,1,45,-118.71,-53.60,28.87,0
15,24,5600.00,6800.00,1,108,-78.61,-4.78,0.00,0
15,25,1000.00,6800.00,1,6,-121.96,-40.40,0.00,1
15,26,1724.26,5800.00,0,12,-112.51,-50.19,24.32,0
15,27,1702.88,2200.00,2,83,-65.49,1.88,37.28,0
15,28,4800.00,6362.78,3,102,-71.72,-15.10,47.79,0
15,29,5600.00,6373.15,1,102,-62.34,-5.94,42.99,0
15,30,1600.00,7621.97,3,105,-72.79,3.07,28.35,0
15,31,1600.00,2302.43,1,83,-76.49,3.05,52.68,0
15,32,7699.07,7400.00,0,110,-77.17,-15.31,37.43,0
15,33,8719.92,2400.00,2,88,-88.94,-10.95,36.01,0
15,34,7000.00,4800.00,1,98,-92.72,-37.71,0.00,0
15,35,3516.54,7600.00,2,29,-66.02,3.42,36.26,0
15,36,7355.88,5400.00,2,98,-66.91,5.95,33.31,0
15,37,3600.00,4110.30,3,90,-62.47,-7.38,21.73,0
15,38,2800.00,8000.00,2,22,-93.93,-27.64,0.00,0
15,39,1200.00,7000.00,3,6,-100.05,-33.48,0.00,0
15,40,1600.00,4977.10,3,94,-66.57,5.34,46.72,0
15,41,3072.35,3800.00,2,90,-95.61,-32.59,24.57,0
15,42,2216.03,7200.00,0,105,-102.47,-25.95,31.20,0
15,43,2800.00,4645.37,3,95,-73.55,-7.12,56.60,0
15,44,3600.00,7800.00,0,29,-120.16,-44.87,0.00,0
15,45,7400.00,6558.94,3,104,-48.60,22.64,33.08,0
15,46,6863.58,7000.00,2,109,-63.15,4.58,40.23,0
15,47,1600.00,6233.29,1,5,-106.38,-38.66,32.50,0
15,48,8600.00,4133.26,1,77,-109.99,-40.22,24.99,1
15,49,5312.98,7000.00,0,108,-78.40,-5.55,38.47,0
15,50,8200.00,7650.53,3,110,-78.28,0.17,26.21,0
15,51,3400.00,7200.00,0,106,-71.14,-2.33,0.00,0
15,52,3044.01,3600.00,2,90,-120.65,-50.60,41.70,0
15,53,3200.00,4487.27,1,95,-79.76,-21.42,36.54,0
15,54,6491.10,3800.00,2,92,-50.83,9.27,38.17,0
15,55,3888.60,2400.00,2,85,-69.52,-5.92,38.35,0
15,56,2200.00,4108.73,1,89,-84.98,-26.42,38.15,0
15,57,3200.00,4487.44,1,95,-52.68,7.89,21.56,0
15,58,1339.87,3000.00,0,83,-76.75,-5.62,55.49,0
15,59,4743.85,5200.00,0,96,-68.01,-13.21,25.79,0
15,60,1050.14,6000.00,2,5,-110.05,-36.47,56.24,1
15,61,8477.19,4200.00,0,77,-115.42,-55.36,35.79,1
15,62,6000.00,5800.00,3,103,-78.33,-18.06,0.00,0
15,63,7200.00,7800.00,1,67,-74.79,-11.72,0.00,0
15,64,1200.00,2337.79,1,1,-116.98,-50.99,40.33,0
15,65,4052.38,5400.00,2,96,-67.60,3.31,26.07,0
15,66,5042.06,7600.00,2,44,-80.30,-9.24,56.85,0
15,67,1600.00,2783.59,1,83,-69.56,1.64,43.77,0
15,68,5991.67,3400.00,0,92,-72.12,-6.04,29.38,0
15,69,8200.00,7863.96,3,74,-107.59,-34.64,25.20,0
15,70,7669.64,5800.00,2,104,-55.16,-2.80,24.78,0
15,71,2712.21,5200.00,2,95,-64.88,-2.59,36.58,0
15,72,5400.00,6679.22,1,43,-107.48,-36.70,35.94,0
15,73,5736.46,2000.00,0,45,-79.54,-17.39,25.23,0
15,74,2400.00,4544.05,1,18,-109.61,-58.73,25.80,0
15,75,2610.79,6400.00,0,100,-63.82,-6.22,45.81,0
15,76,6200.00,5890.58,1,103,-70.57,-15.19,21.79,0
15,77,8521.07,4800.00,0,99,-59.03,10.00,39.08,0
15,78,5642.54,5400.00,2,97,-61.13,-2.87,41.81,0
15,79,8800.00,3112.43,1,76,-99.06,-27.44,23.43,0
15,80,5200.00,5223.04,1,97,-85.21,-32.01,31.73,0
15,81,4437.74,6000.00,2,102,-63.49,-5.86,27.17,0
15,82,7000.00,7347.59,3,109,-67.78,1.95,33.93,0
15,83,8600.00,5800.00,1,79,-99.73,-41.19,0.00,1
15,84,5708.78,6000.00,2,103,-99.68,-30.66,21.84,0
15,85,7200.00,7531.38,1,109,-90.11,-30.26,39.85,0
15,86,6242.61,8000.00,2,52,-111.46,-60.82,26.80,0
15,87,6275.87,2600.00,2,86,-85.35,-23.62,54.31,0
15,88,7200.00,6400.00,3,104,-70.93,-0.16,0.00,0
15,89,4200.00,2066.99,1,30,-88.04,-22.34,35.02,0
15,90,7073.54,8000.00,2,67,-111.27,-40.02,39.48,0
15,91,6630.72,4800.00,2,98,-55.19,-1.16,57.70,0
15,92,4466.99,8000.00,0,37,-95.89,-22.92,20.02,0
15,93,3000.00,5379.72,1,95,-53.66,11.86,43.48,0
15,94,6800.00,6609.80,3,109,-73.94,-7.59,59.26,0
15,95,4190.75,3000.00,2,85,-60.49,-13.54,30.69,0
15,96,2597.42,7200.00,2,106,-84.52,-19.83,30.19,0
15,97,2507.12,3000.00,2,84,-58.56,1.89,36.97,0
15,98,2400.00,4298.95,3,89,-88.27,-18.42,37.58,0
15,99,8800.00,2200.00,1,75,-102.03,-25.13,0.00,0
16,0,1965.51,8000.00,0,14,-112.52,-56.52,39.92,0
16,1,2600.00,5245.56,3,95,-79.37,-19.49,53.25,0
16,2,7400.00,5000.00,3,98,-85.87,-25.07,0.00,0
16,3,6400.00,3000.00,1,87,-69.80,-8.99,0.00,0
16,4,8600.00,4400.00,2,99,-86.19,-20.03,0.00,0
16,5,8061.50,3400.00,0,69,-98.99,-33.67,32.58,0
16,6,4080.51,3400.00,0,90,-94.55,-17.35,48.04,0
16,7,5000.00,3501.17,1,91,-46.56,17.52,21.26,0
16,8,4400.00,6400.00,3,102,-83.03,-22.74,0.00,0
16,9,1265.17,3400.00,0,2,-110.49,-52.41,32.84,0
16,10,3200.00,6206.55,3,101,-79.07,-6.73,41.89,0
16,11,4200.00,2011.43,1,30,-78.03,-14.27,43.16,0
16,12,7400.00,5677.35,3,104,-59.19,5.54,22.78,0
16,13,1901.36,5800.00,2,100,-74.70,-16.32,35.20,0
16,14,7089.87,5000.00,2,98,-78.54,-24.12,21.89,0
16,15,8400.00,5000.00,1,99,-51.55,15.69,0.00,0
16,16,4400.00,2248.38,3,85,-73.01,-3.96,38.94,0
16,17,3521.91,4400.00,0,90,-68.23,-2.79,22.72,0
16,18,7600.00,2841.80,3,87,-77.29,-10.06,39.40,0
16,19,5102.79,6600.00,2,102,-67.15,4.56,20.98,0
16,20,6200.00,7443.80,1,108,-56.51,7.44,45.44,0
16,21,5000.00,3668.65,3,91,-67.91,1.74,37.51,0
16,22,1275.94,5800.00,2,4,-110.17,-64.06,22.87,0
16,23,6000.00,2191.04,3,53,-122.56,-63.98,28.87,1
16,24,5600.00,6800.00,1,108,-78.61,-4.78,0.00,0
16,25,1000.00,6800.00,1,5,-108.90,-27.34,0.00,1
16,26,1744.52,5800.00,0,12,-109.48,-55.39,24.32,0
16,27,1671.81,2200.00,2,83,-75.63,-21.42,37.28,0
16,28,4800.00,6322.95,3,102,-83.40,-19.25,47.79,0
16,29,5600.00,6400.00,2,102,-84.23,-22.66,0.00,0
16,30,1600.00,7601.66,1,105,-87.06,-20.05,28.35,0
16,31,1600.00,2346.33,1,83,-63.12,8.22,52.68,0
16,32,7730.26,7400.00,0,110,-65.94,1.77,37.43,0
16,33,8689.91,2400.00,2,88,-77.94,-1.73,36.01,0
16,34,7000.00,4800.00,1,98,-92.72,-37.71,0.00,0
16,35,3486.32,7600.00,2,29,-63.04,0.48,36.26,0
16,36,7328.13,5400.00,2,98,-84.60,-20.14,33.31,0
16,37,3600.00,4092.19,3,90,-52.56,1.72,21.73,0
16,38,2800.00,8000.00,2,22,-93.93,-27.64,0.00,0
16,39,1200.00,7000.00,3,6,-100.05,-33.48,0.00,0
16,40,1600.00,4938.17,3,94,-51.42,12.69,46.72,0
16,41,3051.87,3800.00,2,90,-92.24,-26.52,24.57,0
16,42,2242.03,7200.00,0,105,-98.72,-35.24,31.20,0
16,43,2798.20,4600.00,2,95,-63.88,3.82,56.60,0
16,44,3600.00,7800.00,0,29,-120.16,-44.87,0.00,0
16,45,7400.00,6531.38,3,104,-41.05,8.43,33.08,0
16,46,6830.05,7000.00,2,109,-59.09,10.71,40.23,0
16,47,1600.00,6260.37,1,12,-102.17,-29.23,32.50,1
16,48,8600.00,4154.09,1,78,-108.17,-39.96,24.99,1
16,49,5345.05,7000.00,0,108,-79.75,-18.44,38.47,0
16,50,8200.00,7628.68,3,110,-61.37,12.00,26.21,0
16,51,3400.00,7200.00,0,106,-71.14,-2.33,0.00,0
16,52,3009.26,3600.00,2,90,-93.92,-26.83,41.70,0
16,53,3200.00,4517.72,1,95,-91.48,-29.16,36.54,0
16,54,6459.30,3800.00,2,92,-58.76,13.65,38.17,0
16,55,3856.64,2400.00,2,85,-79.63,-12.65,38.35,0
16,56,2200.00,4140.52,1,89,-69.37,-13.23,38.15,0
16,57,3200.00,4505.41,1,95,-55.37,7.23,21.56,0
16,58,1386.12,3000.00,0,83,-61.75,-1.75,55.49,0
16,59,4765.34,5200.00,0,96,-75.17,-9.89,25.79,0
16,60,1003.27,6000.00,2,5,-112.86,-50.14,56.24,0
16,61,8507.01,4200.00,0,77,-98.81,-47.32,35.79,0
16,62,6000.00,5800.00,3,103,-78.33,-18.06,0.00,0
16,63,7200.00,7800.00,1,67,-74.79,-11.72,0.00,0
16,64,1200.00,2371.40,1,1,-124.72,-55.61,40.33,0
16,65,4030.65,5400.00,2,96,-70.47,-2.75,26.07,0
16,66,5000.00,7600.00,1,44,-49.71,23.07,0.00,0
16,67,1600.00,2820.07,1,83,-73.57,-2.86,43.77,0
16,68,5983.85,3400.00,2,92,-70.16,-5.96,29.38,0
16,69,8200.00,7842.95,3,110,-60.88,11.36,25.20,1
16,70,7648.99,5800.00,2,104,-70.99,-20.36,24.78,0
16,71,2681.72,5200.00,2,95,-59.88,0.15,36.58,0
16,72,5400.00,6709.17,1,108,-86.48,-17.36,35.94,1
16,73,5757.48,2000.00,0,45,-75.20,-5.68,25.23,0
16,74,2400.00,4565.56,1,18,-113.10,-54.53,25.80,0
16,75,2648.97,6400.00,0,100,-71.60,5.28,45.81,0
16,76,6200.00,5908.75,1,103,-53.86,-4.26,21.79,0
16,77,8553.63,4800.00,0,99,-68.20,-0.57,39.08,0
16,78,5607.70,5400.00,2,97,-80.01,-17.68,41.81,0
16,79,8800.00,3131.96,1,76,-95.99,-35.48,23.43,0
16,80,5200.00,5249.48,1,97,-94.16,-26.61,31.73,0
16,81,4415.10,6000.00,2,102,-84.16,-20.02,27.17,0
16,82,7000.00,7319.31,3,109,-54.09,18.96,33.93,0
16,83,8600.00,5800.00,1,79,-99.73,-41.19,0.00,0
16,84,5690.58,6000.00,2,103,-95.77,-28.35,21.84,0
16,85,7200.00,7564.59,1,109,-81.74,-13.92,39.85,0
16,86,6220.27,8000.00,2,52,-108.34,-43.26,26.80,0
16,87,6230.61,2600.00,2,86,-77.58,-6.84,54.31,0
16,88,7200.00,6400.00,3,104,-70.93,-0.16,0.00,0
16,89,4200.00,2096.17,1,30,-82.26,-15.29,35.02,0
16,90,7040.63,8000.00,2,67,-108.46,-42.06,39.48,0
16,91,6600.00,4800.00,0,98,-61.92,13.05,0.00,0
16,92,4483.68,8000.00,0,37,-101.04,-31.06,20.02,0
16,93,3000.00,5384.05,3,95,-92.05,-25.84,43.48,0
16,94,6800.00,6600.00,2,109,-43.89,23.28,0.00,0
16,95,4165.17,3000.00,2,85,-70.57,-3.30,30.69,0
16,96,2572.26,7200.00,2,106,-80.12,-17.34,30.19,0
16,97,2476.31,3000.00,2,84,-59.86,8.84,36.97,0
16,98,2400.00,4267.63,3,89,-57.48,9.95,37.58,0
16,99,8800.00,2200.00,1,75,-102.03,-25.13,0.00,0
17,0,1998.77,8000.00,0,14,-114.08,-51.42,39.92,0
17,1,2600.00,5201.18,3,95,-101.39,-42.82,53.25,0
17,2,7400.00,5000.00,3,98,-85.87,-25.07,0.00,0
17,3,6400.00,3000.00,1,87,-69.80,-8.99,0.00,0
17,4,8600.00,4400.00,2,99,-86.19,-20.03,0.00,0
17,5,8088.65,3400.00,0,69,-96.70,-33.28,32.58,0
17,6,4120.54,3400.00,0,90,-71.56,-3.74,48.04,0
17,7,5000.00,3518.89,1,91,-63.13,2.92,21.26,0
17,8,4400.00,6400.00,3,102,-83.03,-22.74,0.00,0
17,9,1292.53,3400.00,0,2,-110.63,-41.32,32.84,0
17,10,3200.00,6200.00,0,101,-85.72,-36.24,0.00,0
17,11,4200.00,2047.40,1,30,-79.20,-5.23,43.16,0
17,12,7400.00,5658.37,3,104,-70.00,-3.73,22.78,0
17,13,1872.03,5800.00,2,100,-65.98,3.46,35.20,0
17,14,7071.63,5000.00,2,98,-75.82,-10.49,21.89,0
17,15,8400.00,5000.00,1,99,-51.55,15.69,0.00,0
17,16,4400.00,2215.94,3,85,-82.10,-18.52,38.94,0
17,17,3540.85,4400.00,0,90,-80.42,-21.29,22.72,0
17,18,7600.00,2808.97,3,87,-64.37,-0.64,39.40,0
17,19,5085.31,6600.00,2,102,-75.70,-2.91,20.98,0
17,20,6200.00,7481.67,1,108,-53.84,0.63,45.44,0
17,21,5000.00,3637.39,3,91,-71.66,-4.13,37.51,0
17,22,1256.88,5800.00,2,5,-101.75,-43.77,22.87,1
17,23,6000.00,2166.99,3,45,-112.63,-50.40,28.87,1
17,24,5600.00,6800.00,1,108,-78.61,-4.78,0.00,0
17,25,1000.00,6800.00,1,5,-108.90,-27.34,0.00,0
17,26,1764.79,5800.00,0,12,-106.53,-46.76,24.32,0
17,27,1640.74,2200.00,2,83,-68.42,4.41,37.28,0
17,28,4800.00,6283.13,3,102,-93.19,-30.73,47.79,0
17,29,5600.00,6400.00,2,102,-84.23,-22.66,0.00,0
17,30,1600.00,7625.29,1,105,-94.32,-22.69,28.35,0
17,31,1600.00,2390.24,1,83,-55.99,23.22,52.68,0
17,32,7761.45,7400.00,0,110,-75.16,-10.41,37.43,0
17,33,8659.91,2400.00,2,88,-89.48,-12.53,36.01,0
17,34,7000.00,4800.00,1,98,-92.72,-37.71,0.00,0
17,35,3456.11,7600.00,2,29,-66.08,2.38,36.26,0
17,36,7300.37,5400.00,2,98,-79.17,-2.13,33.31,0
17,37,3600.00,4074.09,3,90,-46.01,6.16,21.73,0
17,38,2800.00,8000.00,2,22,-93.93,-27.64,0.00,0
17,39,1200.00,7000.00,3,6,-100.05,-33.48,0.00,0
17,40,1600.00,4899.23,3,94,-71.30,2.03,46.72,0
17,41,3031.39,3800.00,2,90,-100.03,-32.22,24.57,0
17,42,2268.03,7200.00,0,105,-103.32,-39.55,31.20,0
17,43,2751.04,4600.00,2,18,-82.37,-7.46,56.60,1
17,44,3600.00,7800.00,0,29,-120.16,-44.87,0.00,0
17,45,7400.00,6503.81,3,104,-48.44,3.13,33.08,0
17,46,6800.00,7000.00,0,109,-75.72,-1.27,0.00,0
17,47,1600.00,6287.45,1,12,-105.08,-35.17,32.50,0
17,48,8600.00,4174.92,1,78,-109.40,-49.89,24.99,0
17,49,5377.11,7000.00,0,51,-95.81,-21.13,38.47,1
17,50,8200.00,7606.84,3,110,-64.17,5.20,26.21,0
17,51,3400.00,7200.00,0,106,-71.14,-2.33,0.00,0
17,52,3025.49,3600.00,0,90,-84.70,-9.75,41.70,0
17,53,3200.00,4548.17,1,95,-77.93,-22.96,36.54,0
17,54,6427.49,3800.00,2,92,-66.95,2.24,38.17,0
17,55,3824.68,2400.00,2,85,-83.36,-13.53,38.35,0
17,56,2200.00,4172.32,1,89,-84.06,-14.08,38.15,0
17,57,3200.00,4523.37,1,95,-48.98,9.00,21.56,0
17,58,1400.00,3000.00,2,83,-60.24,8.50,0.00,0
17,59,4786.83,5200.00,0,96,-76.81,-13.31,25.79,0
17,60,1000.00,6000.00,3,5,-114.60,-50.36,0.00,0
17,61,8536.83,4200.00,0,70,-105.53,-52.93,35.79,1
17,62,6000.00,5800.00,3,103,-78.33,-18.06,0.00,0
17,63,7200.00,7800.00,1,67,-74.79,-11.72,0.00,0
17,64,1200.00,2400.00,3,0,-115.54,-48.91,0.00,1
17,65,4008.92,5400.00,2,96,-87.09,-22.83,26.07,0
17,66,5000.00,7600.00,1,44,-49.71,23.07,0.00,0
17,67,1600.00,2856.54,1,83,-87.70,-22.11,43.77,0
17,68,5959.37,3400.00,2,92,-56.49,2.07,29.38,0
17,69,8200.00,7821.95,3,110,-59.36,14.27,25.20,0
17,70,7628.34,5800.00,2,104,-80.00,-36.91,24.78,0
17,71,2651.24,5200.00,2,95,-56.75,8.28,36.58,0
17,72,5400.00,6739.12,1,43,-107.27,-34.63,35.94,1
17,73,5778.51,2000.00,0,45,-80.13,-13.06,25.23,0
17,74,2400.00,4587.06,1,11,-113.08,-51.11,25.80,1
17,75,2687.14,6400.00,0,100,-101.72,-33.01,45.81,0
17,76,6200.00,5926.91,1,103,-44.69,4.68,21.79,0
17,77,8586.20,4800.00,0,99,-71.97,-10.91,39.08,0
17,78,5572.86,5400.00,2,97,-86.02,-18.23,41.81,0
17,79,8800.00,3151.49,1,76,-94.65,-29.26,23.43,0
17,80,5200.00,5275.92,1,97,-83.19,-20.35,31.73,0
17,81,4400.00,5992.45,3,102,-57.85,4.38,27.17,0
17,82,7000.00,7291.04,3,109,-61.09,12.65,33.93,0
17,83,8600.00,5800.00,1,79,-99.73,-41.19,0.00,0
17,84,5672.38,6000.00,2,50,-101.18,-31.31,21.84,1
17,85,7200.00,7597.80,1,109,-72.61,-10.90,39.85,0
17,86,6197.94,8000.00,2,52,-96.80,-25.96,26.80,0
17,87,6185.35,2600.00,2,86,-74.16,0.16,54.31,0
17,88,7200.00,6400.00,3,104,-70.93,-0.16,0.00,0
17,89,4200.00,2125.36,1,30,-86.77,-15.04,35.02,0
17,90,7007.73,8000.00,2,67,-98.26,-28.49,39.48,0
17,91,6600.00,4800.00,0,98,-61.92,13.05,0.00,0
17,92,4500.36,8000.00,0,37,-101.51,-38.59,20.02,0
17,93,3000.00,5347.82,3,95,-85.56,-24.78,43.48,0
17,94,6800.00,6600.00,2,109,-43.89,23.28,0.00,0
17,95,4139.59,3000.00,2,85,-64.40,-4.88,30.69,0
17,96,2547.10,7200.00,2,106,-76.84,-8.90,30.19,0
17,97,2445.50,3000.00,2,84,-95.87,-22.67,36.97,0
17,98,2400.00,4236.32,3,89,-70.37,-8.30,37.58,0
17,99,8800.00,2200.00,1,75,-102.03,-25.13,0.00,0
18,0,2000.00,7967.96,3,14,-112.04,-40.68,39.92,0
18,1,2600.00,5200.00,1,95,-85.40,-8.43,0.00,0
18,2,7400.00,5000.00,3,98,-85.87,-25.07,0.00,0
18,3,6400.00,3000.00,1,87,-69.80,-8.99,0.00,0
18,4,8600.00,4400.00,2,99,-86.19,-20.03,0.00,0
18,5,8115.80,3400.00,0,69,-94.42,-30.75,32.58,0
18,6,4160.57,3400.00,0,90,-60.67,4.14,48.04,0
18,7,5000.00,3536.61,1,91,-67.82,-4.64,21.26,0
18,8,4400.00,6400.00,3,102,-83.03,-22.74,0.00,0
18,9,1319.89,3400.00,0,2,-102.02,-44.50,32.84,0
18,10,3200.00,6200.00,0,101,-85.72,-36.24,0.00,0
18,11,4200.00,2083.36,1,30,-97.19,-27.48,43.16,0
18,12,7400.00,5639.39,3,104,-79.53,-21.10,22.78,0
18,13,1842.69,5800.00,2,12,-82.51,-13.59,35.20,1
18,14,7053.39,5000.00,2,98,-66.35,-1.62,21.89,0
18,15,8400.00,5000.00,1,99,-51.55,15.69,0.00,0
18,16,4400.00,2183.49,3,85,-70.70,-8.56,38.94,0
18,17,3559.78,4400.00,0,90,-82.25,-21.10,22.72,0
18,18,7600.00,2823.87,1,87,-90.95,-21.62,39.40,0
18,19,5067.82,6600.00,2,43,-77.93,-13.28,20.98,1
18,20,6200.00,7519.54,1,108,-68.66,2.11,45.44,0
18,21,5000.00,3606.14,3,91,-45.12,20.06,37.51,0
18,22,1237.81,5800.00,2,5,-117.92,-54.23,22.87,0
18,23,6000.00,2142.93,3,45,-102.40,-46.37,28.87,0
18,24,5600.00,6800.00,1,108,-78.61,-4.78,0.00,0
18,25,1000.00,6800.00,1,5,-108.90,-27.34,0.00,0
18,26,1785.05,5800.00,0,12,-103.14,-35.50,24.32,0
18,27,1609.67,2200.00,2,83,-68.29,7.40,37.28,0
18,28,4800.00,6243.30,3,102,-73.82,-8.82,47.79,0
18,29,5600.00,6400.00,2,102,-84.23,-22.66,0.00,0
18,30,1600.00,7648.91,1,105,-72.47,2.83,28.35,0
18,31,1600.00,2434.14,1,83,-86.13,-15.92,52.68,0
18,32,7792.64,7400.00,0,110,-77.28,-12.05,37.43,0
18,33,8629.90,2400.00,2,88,-61.32,14.32,36.01,0
18,34,7000.00,4800.00,1,98,-92.72,-37.71,0.00,0
18,35,3425.89,7600.00,2,29,-76.41,-5.93,36.26,0
18,36,7272.61,5400.00,2,98,-81.64,-10.38,33.31,0
18,37,3600.00,4055.98,3,90,-35.24,15.52,21.73,0
18,38,2800.00,8000.00,2,22,-93.93,-27.64,0.00,0
18,39,1200.00,7000.00,3,6,-100.05,-33.48,0.00,0
18,40,1600.00,4860.30,3,94,-61.07,6.72,46.72,0
18,41,3010.91,3800.00,2,90,-87.98,-22.95,24.57,0
18,42,2294.03,7200.00,0,105,-76.71,-10.47,31.20,0
18,43,2703.88,4600.00,2,18,-81.65,-16.62,56.60,0
18,44,3600.00,7800.00,0,29,-120.16,-44.87,0.00,0
18,45,7400.00,6476.24,3,104,-61.72,4.73,33.08,0
18,46,6800.00,7000.00,0,109,-75.72,-1.27,0.00,0
18,47,1600.00,6314.53,1,13,-97.16,-25.39,32.50,1
18,48,8600.00,4195.75,1,78,-100.61,-42.38,24.99,0
18,49,5400.00,6990.83,3,108,-66.70,-14.07,38.47,1
18,50,8185.00,7600.00,2,110,-62.70,2.14,26.21,0
18,51,3400.00,7200.00,0,106,-71.14,-2.33,0.00,0
18,52,3060.24,3600.00,0,90,-79.63,-2.20,41.70,0
18,53,3200.00,4578.63,1,95,-76.80,-10.86,36.54,0
18,54,6395.69,3800.00,2,92,-52.70,14.13,38.17,0
18,55,3800.00,2400.00,3,85,-64.59,-1.75,0.00,0
18,56,2200.00,4204.11,1,89,-57.19,13.19,38.15,0
18,57,3200.00,4541.34,1,95,-56.32,2.02,21.56,0
18,58,1400.00,3000.00,2,83,-60.24,8.50,0.00,0
18,59,4808.32,5200.00,0,96,-79.09,-16.81,25.79,0
18,60,1000.00,6000.00,3,5,-114.60,-50.36,0.00,0
18,61,8566.66,4200.00,0,77,-99.21,-27.74,35.79,1
18,62,6000.00,5800.00,3,103,-78.33,-18.06,0.00,0
18,63,7200.00,7800.00,1,67,-74.79,-11.72,0.00,0
18,64,1200.00,2400.00,3,1,-96.73,-30.10,0.00,1
18,65,4012.80,5400.00,0,34,-93.67,-27.90,26.07,1
18,66,5000.00,7600.00,1,44,-49.71,23.07,0.00,0
18,67,1600.00,2893.02,1,83,-91.73,-32.11,43.77,0
18,68,5934.89,3400.00,2,92,-53.29,17.76,29.38,0
18,69,8200.00,7800.95,3,110,-59.73,10.39,25.20,0
18,70,7607.69,5800.00,2,104,-65.96,-2.22,24.78,0
18,71,2620.75,5200.00,2,95,-71.40,-4.19,36.58,0
18,72,5400.00,6769.07,1,108,-68.15,0.73,35.94,1
18,73,5799.54,2000.00,0,45,-89.42,-20.24,25.23,0
18,74,2400.00,4591.44,3,18,-112.27,-53.64,25.80,1
18,75,2725.32,6400.00,0,100,-79.72,-11.30,45.81,0
18,76,6200.00,5945.07,1,103,-49.57,-3.36,21.79,0
18,77,8618.77,4800.00,0,99,-82.88,-12.01,39.08,0
18,78,5538.02,5400.00,2,97,-67.44,0.25,41.81,0
18,79,8800.00,3171.02,1,76,-94.21,-28.08,23.43,0
18,80,5200.00,5302.36,1,97,-97.71,-27.62,31.73,0
18,81,4400.00,5969.81,3,102,-66.14,3.54,27.17,0
18,82,7000.00,7262.76,3,109,-52.13,11.19,33.93,0
18,83,8600.00,5800.00,1,79,-99.73,-41.19,0.00,0
18,84,5654.18,6000.00,2,50,-96.97,-24.23,21.84,0
18,85,7168.99,7600.00,2,109,-76.92,-6.26,39.85,0
18,86,6175.60,8000.00,2,52,-99.31,-48.08,26.80,0
18,87,6140.09,2600.00,2,86,-69.81,0.76,54.31,0
18,88,7200.00,6400.00,3,104,-70.93,-0.16,0.00,0
18,89,4200.00,2154.55,1,30,-82.09,-15.20,35.02,0
18,90,6974.83,8000.00,2,67,-88.84,-27.25,39.48,0
18,91,6600.00,4800.00,0,98,-61.92,13.05,0.00,0
18,92,4517.05,8000.00,0,37,-96.71,-24.64,20.02,0
18,93,3000.00,5311.58,3,95,-86.82,-28.24,43.48,0
18,94,6800.00,6600.00,2,109,-43.89,23.28,0.00,0
18,95,4114.01,3000.00,2,85,-45.64,20.76,30.69,0
18,96,2521.94,7200.00,2,106,-89.03,-19.03,30.19,0
18,97,2414.70,3000.00,2,84,-104.07,-32.48,36.97,0
18,98,2400.00,4205.00,3,89,-86.58,-30.04,37.58,0
18,99,8800.00,2200.00,1,75,-102.03,-25.13,0.00,0
19,0,2000.00,7934.70,3,14,-122.99,-55.32,39.92,0
19,1,2600.00,5200.00,1,95,-85.40,-8.43,0.00,0
19,2,7400.00,5000.00,3,98,-85.87,-25.07,0.00,0
19,3,6400.00,3000.00,1,87,-69.80,-8.99,0.00,0
19,4,8600.00,4400.00,2,99,-86.19,-20.03,0.00,0
19,5,8142.94,3400.00,0,69,-105.86,-42.57,32.58,0
19,6,4199.40,3400.00,2,90,-82.41,-15.64,48.04,0
19,7,5000.00,3554.32,1,91,-70.23,-1.41,21.26,0
19,8,4400.00,6400.00,3,102,-83.03,-22.74,0.00,0
19,9,1347.26,3400.00,0,2,-108.82,-47.67,32.84,0
19,10,3200.00,6200.00,0,101,-85.72,-36.24,0.00,0
19,11,4200.00,2119.33,1,30,-107.31,-36.13,43.16,0
19,12,7400.00,5620.41,3,104,-77.00,-14.82,22.78,0
19,13,1813.36,5800.00,2,12,-85.97,-18.10,35.20,0
19,14,7035.15,5000.00,2,98,-60.82,7.02,21.89,0
19,15,8400.00,5000.00,1,99,-51.55,15.69,0.00,0
19,16,4400.00,2151.04,3,85,-60.03,7.09,38.94,0
19,17,3578.72,4400.00,0,90,-86.40,-21.34,22.72,0
19,18,7600.00,2856.70,1,87,-90.86,-19.87,39.40,0
19,19,5050.34,6600.00,2,43,-71.72,-7.37,20.98,0
19,20,6200.00,7557.41,1,108,-83.92,-10.26,45.44,0
19,21,4974.88,3600.00,2,91,-84.82,-19.17,37.51,0
19,22,1218.75,5800.00,2,5,-121.03,-51.50,22.87,0
19,23,6000.00,2118.87,3,45,-115.10,-48.66,28.87,0
19,24,5600.00,6800.00,1,108,-78.61,-4.78,0.00,0
19,25,1000.00,6800.00,1,5,-108.90,-27.34,0.00,0
19,26,1794.68,5800.00,2,12,-88.28,-28.00,24.32,0
19,27,1578.60,2200.00,2,83,-76.81,-20.56,37.28,0
19,28,4800.00,6203.47,3,102,-82.20,-24.20,47.79,0
19,29,5600.00,6400.00,2,102,-84.23,-22.66,0.00,0
19,30,1600.00,7672.54,1,105,-60.15,16.69,28.35,0
19,31,1600.00,2478.04,1,83,-72.79,2.58,52.68,0
19,32,7800.00,7423.83,1,110,-88.72,-31.85,37.43,0
19,33,8599.90,2400.00,2,88,-57.68,12.19,36.01,0
19,34,7000.00,4800.00,1,98,-92.72,-37.71,0.00,0
19,35,3395.67,7600.00,2,29,-80.86,-9.86,36.26,0
19,36,7244.85,5400.00,2,64,-65.53,-3.74,33.31,1
19,37,3600.00,4037.87,3,90,-43.77,7.94,21.73,0
19,38,2800.00,8000.00,2,22,-93.93,-27.64,0.00,0
19,39,1200.00,7000.00,3,6,-100.05,-33.48,0.00,0
19,40,1600.00,4821.37,3,94,-72.67,-4.43,46.72,0
19,41,2990.43,3800.00,2,90,-66.92,-10.56,24.57,0
19,42,2320.04,7200.00,0,105,-81.93,-10.51,31.20,0
19,43,2656.71,4600.00,2,18,-83.23,-13.65,56.60,0
19,44,3600.00,7800.00,0,29,-120.16,-44.87,0.00,0
19,45,7400.00,6448.68,3,104,-62.69,10.62,33.08,0
19,46,6800.00,7000.00,0,109,-75.72,-1.27,0.00,0
19,47,1600.00,6341.61,1,5,-97.26,-37.10,32.50,1
19,48,8583.42,4200.00,2,78,-100.08,-36.48,24.99,0
19,49,5400.00,6958.77,3,108,-69.70,-3.21,38.47,0
19,50,8163.16,7600.00,2,110,-61.70,13.39,26.21,0
19,51,3400.00,7200.00,0,106,-71.14,-2.33,0.00,0
19,52,3094.98,3600.00,0,90,-71.08,-6.58,41.70,0
19,53,3200.00,4600.00,3,95,-83.20,-19.30,0.00,0
19,54,6363.88,3800.00,2,92,-54.23,18.30,38.17,0
19,55,3800.00,2400.00,3,85,-64.59,-1.75,0.00,0
19,56,2200.00,4235.91,1,89,-57.83,11.30,38.15,0
19,57,3200.00,4559.30,1,95,-42.41,12.82,21.56,0
19,58,1400.00,3000.00,2,83,-60.24,8.50,0.00,0
19,59,4829.81,5200.00,0,96,-85.04,-25.46,25.79,0
19,60,1000.00,6000.00,3,5,-114.60,-50.36,0.00,0
19,61,8596.48,4200.00,0,77,-103.06,-34.07,35.79,0
19,62,6000.00,5800.00,3,103,-78.33,-18.06,0.00,0
19,63,7200.00,7800.00,1,67,-74.79,-11.72,0.00,0
19,64,1200.00,2400.00,3,1,-96.73,-30.10,0.00,0
19,65,4034.53,5400.00,0,96,-72.50,-1.13,26.07,1
19,66,5000.00,7600.00,1,44,-49.71,23.07,0.00,0
19,67,1600.00,2929.49,1,83,-77.87,-12.68,43.77,0
19,68,5910.41,3400.00,2,92,-68.62,6.52,29.38,0
19,69,8179.94,7800.00,2,110,-77.19,-21.28,25.20,0
19,70,7600.00,5812.95,1,104,-66.79,-3.57,24.78,0
19,71,2600.00,5190.26,3,95,-50.89,17.40,36.58,0
19,72,5400.00,6799.02,1,108,-81.67,-16.54,35.94,0
19,73,5800.00,2020.57,1,45,-75.37,-14.08,25.23,0
19,74,2400.00,4569.93,3,18,-112.31,-57.83,25.80,0
19,75,2763.49,6400.00,0,100,-77.10,-8.57,45.81,0
19,76,6200.00,5963.23,1,103,-39.80,19.01,21.79,0
19,77,8651.34,4800.00,0,99,-82.58,-14.31,39.08,0
19,78,5503.18,5400.00,2,97,-69.22,-1.07,41.81,0
19,79,8800.00,3190.54,1,76,-97.03,-29.69,23.43,0
19,80,5200.00,5328.80,1,97,-83.88,-4.21,31.73,0
19,81,4400.00,5947.17,3,102,-62.68,6.97,27.17,0
19,82,7000.00,7234.48,3,109,-58.08,6.69,33.93,0
19,83,8600.00,5800.00,1,79,-99.73,-41.19,0.00,0
19,84,5635.97,6000.00,2,50,-105.93,-41.84,21.84,0
19,85,7135.78,7600.00,2,109,-90.42,-23.20,39.85,0
19,86,6153.26,8000.00,2,52,-86.81,-29.29,26.80,0
19,87,6094.83,2600.00,2,86,-63.97,0.54,54.31,0
19,88,7200.00,6400.00,3,104,-70.93,-0.16,0.00,0
19,89,4200.00,2183.74,1,85,-73.63,-0.46,35.02,1
19,90,6941.92,8000.00,2,67,-96.17,-25.63,39.48,0
19,91,6600.00,4800.00,0,98,-61.92,13.05,0.00,0
19,92,4533.74,8000.00,0,37,-105.76,-34.37,20.02,0
19,93,3000.00,5275.35,3,95,-91.99,-37.41,43.48,0
19,94,6800.00,6600.00,2,109,-43.89,23.28,0.00,0
19,95,4088.43,3000.00,2,85,-71.28,-9.27,30.69,0
19,96,2496.77,7200.00,2,106,-69.09,-0.64,30.19,0
19,97,2400.00,3016.11,1,84,-90.15,-49.50,36.97,0
19,98,2400.00,4173.69,3,89,-71.31,-9.01,37.58,0
19,99,8800.00,2200.00,1,75,-102.03,-25.13,0.00,0
20,0,2000.00,7901.43,3,14,-113.70,-46.08,39.92,0
20,1,2600.00,5200.00,1,95,-85.40,-8.43,0.00,0
20,2,7400.00,5000.00,3,98,-85.87,-25.07,0.00,0
20,3,6400.00,3000.00,1,87,-69.80,-8.99,0.00,0
20,4,8600.00,4400.00,2,99,-86.19,-20.03,0.00,0
20,5,8170.09,3400.00,0,69,-105.23,-45.97,32.58,0
20,6,4159.37,3400.00,2,90,-86.54,-38.56,48.04,0
20,7,5000.00,3572.04,1,91,-72.08,-9.74,21.26,0
20,8,4400.00,6400.00,3,102,-83.03,-22.74,0.00,0
20,9,1374.62,3400.00,0,1,-103.98,-33.19,32.84,1
20,10,3200.00,6200.00,0,101,-85.72,-36.24,0.00,0
20,11,4200.00,2155.30,1,30,-108.99,-46.07,43.16,0
20,12,7400.00,5601.43,3,104,-88.85,-25.76,22.78,0
20,13,1800.00,5800.00,0,12,-97.86,-24.51,0.00,0
20,14,7016.90,5000.00,2,98,-57.55,-0.69,21.89,0
20,15,8400.00,5000.00,1,99,-51.55,15.69,0.00,0
20,16,4400.00,2118.59,3,85,-77.78,-5.48,38.94,0
20,17,3597.66,4400.00,0,90,-98.97,-34.74,22.72,0
20,18,7600.00,2889.54,1,87,-87.70,-36.35,39.40,0
20,19,5032.86,6600.00,2,43,-78.49,-10.87,20.98,0
20,20,6200.00,7595.28,1,108,-104.84,-26.90,45.44,0
20,21,4943.62,3600.00,2,91,-69.17,-10.73,37.51,0
20,22,1200.00,5800.31,1,5,-106.95,-42.77,22.87,0
20,23,6000.00,2094.82,3,45,-115.52,-42.88,28.87,0
20,24,5600.00,6800.00,1,108,-78.61,-4.78,0.00,0
20,25,1000.00,6800.00,1,5,-108.90,-27.34,0.00,0
20,26,1774.41,5800.00,2,12,-100.15,-33.73,24.32,0
20,27,1547.53,2200.00,2,83,-85.68,-19.26,37.28,0
20,28,4800.00,6200.00,0,102,-84.42,-17.22,0.00,0
20,29,5600.00,6400.00,2,102,-84.23,-22.66,0.00,0
20,30,1600.00,7696.17,1,105,-98.24,-24.54,28.35,0
20,31,1600.00,2521.94,1,83,-72.91,-2.52,52.68,0
20,32,7800.00,7455.02,1,110,-93.42,-26.66,37.43,0
20,33,8569.89,2400.00,2,88,-67.96,1.65,36.01,0
20,34,7000.00,4800.00,1,98,-92.72,-37.71,0.00,0
20,35,3365.46,7600.00,2,29,-83.99,-20.81,36.26,0
20,36,7217.10,5400.00,2,64,-59.48,-5.08,33.31,0
20,37,3600.00,4019.77,3,90,-53.55,4.30,21.73,0
20,38,2800.00,8000.00,2,22,-93.93,-27.64,0.00,0
20,39,1200.00,7000.00,3,6,-100.05,-33.48,0.00,0
20,40,1600.00,4800.00,1,94,-69.18,-2.73,0.00,0
20,41,2969.95,3800.00,2,90,-76.26,-13.73,24.57,0
20,42,2346.04,7200.00,0,105,-92.70,-24.53,31.20,0
20,43,2609.55,4600.00,2,95,-79.84,-20.31,56.60,1
20,44,3600.00,7800.00,0,29,-120.16,-44.87,0.00,0
20,45,7400.00,6421.11,3,104,-71.45,-1.16,33.08,0
20,46,6800.00,7000.00,0,109,-75.72,-1.27,0.00,0
20,47,1600.00,6368.69,1,5,-93.28,-25.86,32.50,0
20,48,8562.59,4200.00,2,78,-114.18,-37.71,24.99,0
20,49,5400.00,6926.71,3,108,-71.18,-7.74,38.47,0
20,50,8141.31,7600.00,2,110,-54.85,19.45,26.21,0
20,51,3400.00,7200.00,0,106,-71.14,-2.33,0.00,0
20,52,3129.73,3600.00,0,90,-94.87,-40.69,41.70,0
20,53,3200.00,4600.00,3,95,-83.20,-19.30,0.00,0
20,54,6332.07,3800.00,2,92,-60.72,11.61,38.17,0
20,55,3800.00,2400.00,3,85,-64.59,-1.75,0.00,0
20,56,2200.00,4267.70,1,89,-68.27,-4.38,38.15,0
20,57,3200.00,4577.27,1,95,-49.22,18.07,21.56,0
20,58,1400.00,3000.00,2,83,-60.24,8.50,0.00,0
20,59,4851.30,5200.00,0,96,-77.31,-15.55,25.79,0
20,60,1000.00,6000.00,3,5,-114.60,-50.36,0.00,0
20,61,8600.00,4226.31,1,77,-102.88,-34.54,35.79,0
20,62,6000.00,5800.00,3,103,-78.33,-18.06,0.00,0
20,63,7200.00,7800.00,1,67,-74.79,-11.72,0.00,0
20,64,1200.00,2400.00,3,1,-96.73,-30.10,0.00,0
20,65,4056.26,5400.00,0,96,-80.59,-15.10,26.07,0
20,66,5000.00,7600.00,1,44,-49.71,23.07,0.00,0
20,67,1600.00,2965.97,1,83,-77.86,-0.97,43.77,0
20,68,5885.94,3400.00,2,92,-67.75,5.55,29.38,0
20,69,8158.94,7800.00,2,110,-82.42,-22.78,25.20,0
20,70,7600.00,5833.60,1,104,-70.56,-11.38,24.78,0
20,71,2600.00,5159.78,3,95,-63.87,-6.09,36.58,0
20,72,5400.00,6800.00,3,108,-72.33,-6.24,0.00,0
20,73,5800.00,2041.60,1,45,-85.48,-11.92,25.23,0
20,74,2400.00,4548.43,3,18,-105.28,-46.00,25.80,0
20,75,2800.00,6400.00,1,100,-41.24,28.68,0.00,0
20,76,6200.00,5981.39,1,103,-55.01,3.73,21.79,0
20,77,8683.90,4800.00,0,99,-75.69,-4.00,39.08,0
20,78,5468.34,5400.00,2,97,-59.04,12.50,41.81,0
20,79,8800.00,3210.07,1,76,-101.49,-35.11,23.43,0
20,80,5200.00,5355.24,1,97,-57.36,18.52,31.73,0
20,81,4400.00,5924.53,3,102,-65.13,-2.47,27.17,0
20,82,7000.00,7206.21,3,109,-53.18,12.89,33.93,0
20,83,8600.00,5800.00,1,79,-99.73,-41.19,0.00,0
20,84,5617.77,6000.00,2,50,-96.90,-32.10,21.84,0
20,85,7102.57,7600.00,2,109,-97.65,-25.66,39.85,0
20,86,6130.93,8000.00,2,52,-108.56,-51.05,26.80,0
20,87,6049.57,2600.00,2,86,-86.27,-12.83,54.31,0
20,88,7200.00,6400.00,3,104,-70.93,-0.16,0.00,0
20,89,4200.00,2212.92,1,85,-71.47,-7.80,35.02,0
20,90,6909.02,8000.00,2,67,-105.07,-30.18,39.48,0
20,91,6600.00,4800.00,0,98,-61.92,13.05,0.00,0
20,92,4550.42,8000.00,0,37,-105.72,-36.40,20.02,0
20,93,3000.00,5239.12,3,95,-79.80,-16.67,43.48,0
20,94,6800.00,6600.00,2,109,-43.89,23.28,0.00,0
20,95,4062.85,3000.00,2,85,-59.37,-2.16,30.69,0
20,96,2471.61,7200.00,2,106,-83.74,-29.92,30.19,0
20,97,2400.00,3046.91,1,84,-91.69,-23.72,36.97,0
20,98,2400.00,4142.37,3,89,-66.77,-6.06,37.58,0
20,99,8800.00,2200.00,1,75,-102.03,-25.13,0.00,0
21,0,2000.00,7868.17,3,14,-88.91,-29.66,39.92,0
21,1,2600.00,5200.00,1,95,-85.40,-8.43,0.00,0
21,2,7400.00,5000.00,3,98,-85.87,-25.07,0.00,0
21,3,6400.00,3000.00,1,87,-69.80,-8.99,0.00,0
21,4,8600.00,4400.00,2,99,-86.19,-20.03,0.00,0
21,5,8197.24,3400.00,0,69,-93.54,-34.24,32.58,0
21,6,4119.34,3400.00,2,90,-90.75,-39.25,48.04,0
21,7,5000.00,3589.75,1,91,-80.64,-16.35,21.26,0
21,8,4400.00,6400.00,3,102,-83.03,-22.74,0.00,0
21,9,1400.00,3400.00,1,1,-122.68,-57.08,0.00,0
21,10,3200.00,6200.00,0,101,-85.72,-36.24,0.00,0
21,11,4200.00,2191.26,1,85,-68.69,-1.41,43.16,1
21,12,7382.45,5600.00,2,104,-73.21,3.08,22.78,0
21,13,1800.00,5800.00,0,12,-97.86,-24.51,0.00,0
21,14,7000.00,4998.66,3,98,-55.92,7.94,21.89,0
21,15,8400.00,5000.00,1,99,-51.55,15.69,0.00,0
21,16,4400.00,2086.14,3,85,-84.65,-13.92,38.94,0
21,17,3583.41,4400.00,2,90,-82.32,-28.14,22.72,0
21,18,7600.00,2922.37,1,87,-78.14,-23.43,39.40,0
21,19,5015.37,6600.00,2,43,-87.28,-24.76,20.98,0
21,20,6200.00,7600.00,3,108,-75.03,0.71,0.00,0
21,21,4912.37,3600.00,2,91,-67.16,-8.19,37.51,0
21,22,1200.00,5819.37,1,5,-105.67,-41.90,22.87,0
21,23,6000.00,2070.76,3,45,-107.73,-35.91,28.87,0
21,24,5600.00,6800.00,1,108,-78.61,-4.78,0.00,0
21,25,1000.00,6800.00,1,5,-108.90,-27.34,0.00,0
21,26,1754.15,5800.00,2,12,-112.09,-47.52,24.32,0
21,27,1516.46,2200.00,2,83,-78.19,-12.97,37.28,0
21,28,4800.00,6200.00,0,102,-84.42,-17.22,0.00,0
21,29,5600.00,6400.00,2,102,-84.23,-22.66,0.00,0
21,30,1600.00,7719.79,1,105,-84.37,-7.07,28.35,0
21,31,1600.00,2565.84,1,83,-81.14,-15.69,52.68,0
21,32,7800.00,7486.22,1,110,-94.44,-23.65,37.43,0
21,33,8539.89,2400.00,2,88,-72.40,-8.23,36.01,0
21,34,7000.00,4800.00,1,98,-92.72,-37.71,0.00,0
21,35,3335.24,7600.00,2,106,-75.60,-12.84,36.26,1
21,36,7200.00,5400.00,3,98,-94.20,-19.65,0.00,1
21,37,3600.00,4001.66,3,90,-39.52,24.22,21.73,0
21,38,2800.00,8000.00,2,22,-93.93,-27.64,0.00,0
21,39,1200.00,7000.00,3,6,-100.05,-33.48,0.00,0
21,40,1600.00,4800.00,1,94,-69.18,-2.73,0.00,0
21,41,2949.48,3800.00,2,90,-85.69,-30.55,24.57,0
21,42,2372.04,7200.00,0,105,-87.07,-17.74,31.20,0
21,43,2600.00,4600.00,3,95,-49.10,15.17,0.00,0
21,44,3600.00,7800.00,0,29,-120.16,-44.87,0.00,0
21,45,7393.54,6400.00,2,104,-89.07,-15.71,33.08,0
21,46,6800.00,7000.00,0,109,-75.72,-1.27,0.00,0
21,47,1600.00,6395.77,1,5,-106.11,-32.93,32.50,0
21,48,8541.76,4200.00,2,78,-107.73,-36.81,24.99,0
21,49,5400.00,6894.65,3,108,-60.78,0.83,38.47,0
21,50,8119.47,7600.00,2,110,-55.24,14.75,26.21,0
21,51,3400.00,7200.00,0,106,-71.14,-2.33,0.00,0
21,52,3164.48,3600.00,0,90,-90.82,-28.00,41.70,0
21,53,3200.00,4600.00,3,95,-83.20,-19.30,0.00,0
21,54,6300.27,3800.00,2,92,-67.77,-0.10,38.17,0
21,55,3800.00,2400.00,3,85,-64.59,-1.75,0.00,0
21,56,2200.00,4299.50,1,89,-70.78,-1.20,38.15,0
21,57,3200.00,4595.23,1,95,-40.23,15.58,21.56,0
21,58,1400.00,3000.00,2,83,-60.24,8.50,0.00,0
21,59,4872.80,5200.00,0,96,-69.09,-9.87,25.79,0
21,60,1000.00,6000.00,3,5,-114.60,-50.36,0.00,0
21,61,8600.00,4256.13,1,77,-108.93,-34.56,35.79,0
21,62,6000.00,5800.00,3,103,-78.33,-18.06,0.00,0
21,63,7200.00,7800.00,1,67,-74.79,-11.72,0.00,0
21,64,1200.00,2400.00,3,1,-96.73,-30.10,0.00,0
21,65,4077.98,5400.00,0,96,-76.13,-12.59,26.07,0
21,66,5000.00,7600.00,1,44,-49.71,23.07,0.00,0
21,67,1600.00,3000.00,3,83,-72.83,-7.58,0.00,0
21,68,5861.46,3400.00,2,92,-96.75,-28.89,29.38,0
21,69,8137.94,7800.00,2,110,-73.83,-20.77,25.20,0
21,70,7600.00,5854.25,1,104,-65.44,-2.03,24.78,0
21,71,2600.00,5129.29,3,95,-79.88,-15.32,36.58,0
21,72,5400.00,6800.00,3,108,-72.33,-6.24,0.00,0
21,73,5800.00,2062.63,1,45,-88.54,-29.35,25.23,0
21,74,2400.00,4526.93,3,18,-108.10,-42.11,25.80,0
21,75,2800.00,6400.00,1,100,-41.24,28.68,0.00,0
21,76,6200.00,5999.55,1,103,-74.43,-14.46,21.79,0
21,77,8716.47,4800.00,0,99,-64.20,17.08,39.08,0
21,78,5433.50,5400.00,2,97,-76.47,-6.41,41.81,0
21,79,8800.00,3229.60,1,76,-105.22,-38.44,23.43,0
21,80,5200.00,5381.68,1,97,-64.17,6.20,31.73,0
21,81,4400.00,5901.89,3,102,-82.23,-21.30,27.17,0
21,82,7000.00,7200.00,0,109,-73.77,-14.78,0.00,0
21,83,8600.00,5800.00,1,79,-99.73,-41.19,0.00,0
21,84,5599.57,6000.00,2,49,-104.31,-37.12,21.84,1
21,85,7069.36,7600.00,2,109,-79.67,-3.96,39.85,0
21,86,6108.59,8000.00,2,52,-109.86,-43.05,26.80,0
21,87,6004.31,2600.00,2,86,-64.86,9.98,54.31,0
21,88,7200.00,6400.00,3,104,-70.93,-0.16,0.00,0
21,89,4200.00,2242.11,1,85,-63.85,-5.08,35.02,0
21,90,6876.12,8000.00,2,67,-109.86,-46.22,39.48,0
21,91,6600.00,4800.00,0,98,-61.92,13.05,0.00,0
21,92,4567.11,8000.00,0,37,-110.13,-49.20,20.02,0
21,93,3000.00,5202.89,3,95,-53.28,9.99,43.48,0
21,94,6800.00,6600.00,2,109,-43.89,23.28,0.00,0
21,95,4037.28,3000.00,2,85,-61.20,0.24,30.69,0
21,96,2446.45,7200.00,2,106,-80.61,-28.32,30.19,0
21,97,2400.00,3077.72,1,84,-92.43,-36.46,36.97,0
21,98,2400.00,4111.05,3,89,-52.69,21.09,37.58,0
21,99,8800.00,2200.00,1,75,-102.03,-25.13,0.00,0
22,0,2000.00,7834.90,3,14,-89.85,-36.44,39.92,0
22,1,2600.00,5200.00,1,95,-85.40,-8.43,0.00,0
22,2,7400.00,5000.00,3,98,-85.87,-25.07,0.00,0
22,3,6400.00,3000.00,1,87,-69.80,-8.99,0.00,0
22,4,8600.00,4400.00,2,99,-86.19,-20.03,0.00,0
22,5,8200.00,3400.00,2,69,-83.54,-28.15,0.00,0
22,6,4079.31,3400.00,2,90,-86.28,-29.25,48.04,0
22,7,5000.00,3592.53,3,91,-78.01,-9.12,21.26,0
22,8,4400.00,6400.00,3,102,-83.03,-22.74,0.00,0
22,9,1400.00,3400.00,1,2,-103.90,-38.30,0.00,1
22,10,3200.00,6200.00,0,101,-85.72,-36.24,0.00,0
22,11,4172.77,2200.00,2,85,-86.60,-28.02,43.16,0
22,12,7363.47,5600.00,2,104,-75.90,-4.42,22.78,0
22,13,1800.00,5800.00,0,12,-97.86,-24.51,0.00,0
22,14,7000.00,4980.42,3,98,-54.17,10.14,21.89,0
22,15,8400.00,5024.06,1,99,-57.49,3.25,28.87,0
22,16,4400.00,2053.69,3,85,-90.90,-18.50,38.94,0
22,17,3564.47,4400.00,2,90,-91.23,-32.27,22.72,0
22,18,7600.00,2955.21,1,87,-86.75,-30.37,39.40,0
22,19,4997.89,6600.00,2,102,-93.84,-23.72,20.98,1
22,20,6200.00,7600.00,3,108,-75.03,0.71,0.00,0
22,21,4881.11,3600.00,2,91,-91.10,-20.27,37.51,0
22,22,1200.00,5838.44,1,5,-100.77,-37.13,22.87,0
22,23,6000.00,2046.70,3,45,-89.24,-18.95,28.87,0
22,24,5600.00,6823.71,1,108,-98.70,-23.50,28.45,0
22,25,1000.00,6800.00,1,5,-108.90,-27.34,0.00,0
22,26,1733.88,5800.00,2,12,-101.35,-37.19,24.32,0
22,27,1485.39,2200.00,2,83,-71.14,-11.26,37.28,0
22,28,4800.00,6200.00,0,102,-84.42,-17.22,0.00,0
22,29,5600.00,6400.00,2,102,-84.23,-22.66,0.00,0
22,30,1600.00,7743.42,1,105,-98.49,-26.85,28.35,0
22,31,1600.00,2600.00,2,83,-70.97,-6.12,0.00,0
22,32,7800.00,7517.41,1,110,-91.62,-24.11,37.43,0
22,33,8509.88,2400.00,2,88,-75.23,-5.86,36.01,0
22,34,7000.00,4824.12,1,98,-82.54,-19.32,28.94,0
22,35,3305.02,7600.00,2,106,-80.92,-25.08,36.26,0
22,36,7200.00,5400.00,3,64,-85.94,-11.11,0.00,1
22,37,3600.00,3983.56,3,90,-42.51,31.54,21.73,0
22,38,2800.00,8000.00,2,22,-93.93,-27.64,0.00,0
22,39,1200.00,7000.00,3,6,-100.05,-33.48,0.00,0
22,40,1600.00,4800.00,1,94,-69.18,-2.73,0.00,0
22,41,2929.00,3800.00,2,89,-94.21,-36.47,24.57,1
22,42,2398.04,7200.00,0,105,-85.48,-27.11,31.20,0
22,43,2600.00,4600.00,3,95,-49.10,15.17,0.00,0
22,44,3623.44,7800.00,0,29,-122.41,-48.26,28.13,0
22,45,7365.98,6400.00,2,104,-83.33,-7.69,33.08,0
22,46,6800.00,7000.00,0,109,-75.72,-1.27,0.00,0
22,47,1600.00,6422.85,1,5,-112.51,-51.18,32.50,0
22,48,8520.93,4200.00,2,77,-100.89,-34.31,24.99,1
22,49,5400.00,6862.59,3,108,-64.27,-5.51,38.47,0
22,50,8097.63,7600.00,2,110,-61.94,10.14,26.21,0
22,51,3400.00,7200.00,0,106,-71.14,-2.33,0.00,0
22,52,3199.23,3600.00,0,90,-80.80,-11.23,41.70,0
22,53,3200.00,4600.00,3,95,-83.20,-19.30,0.00,0
22,54,6268.46,3800.00,2,92,-64.23,15.53,38.17,0
22,55,3800.00,2400.00,3,85,-64.59,-1.75,0.00,0
22,56,2200.00,4331.29,1,89,-59.35,10.32,38.15,0
22,57,3213.20,4600.00,0,95,-62.36,9.73,21.56,0
22,58,1400.00,3000.00,2,83,-60.24,8.50,0.00,0
22,59,4894.29,5200.00,0,96,-100.24,-44.61,25.79,0
22,60,1000.00,6000.00,3,5,-114.60,-50.36,0.00,0
22,61,8600.00,4285.96,1,77,-103.85,-37.77,35.79,0
22,62,6000.00,5775.56,3,103,-86.35,-22.55,29.33,0
22,63,7200.00,7823.56,1,67,-98.11,-29.50,28.28,0
22,64,1200.00,2400.00,3,1,-96.73,-30.10,0.00,0
22,65,4099.71,5400.00,0,96,-71.74,-11.26,26.07,0
22,66,5000.00,7600.00,1,44,-49.71,23.07,0.00,0
22,67,1600.00,3000.00,3,83,-72.83,-7.58,0.00,0
22,68,5836.98,3400.00,2,92,-87.06,-19.93,29.38,0
22,69,8116.94,7800.00,2,110,-85.69,-28.90,25.20,0
22,70,7600.00,5874.90,1,104,-80.09,-18.74,24.78,0
22,71,2600.00,5098.80,3,95,-84.95,-25.34,36.58,0
22,72,5400.00,6800.00,3,108,-72.33,-6.24,0.00,0
22,73,5800.00,2083.65,1,45,-101.59,-45.10,25.23,0
22,74,2400.00,4505.42,3,18,-113.19,-46.95,25.80,0
22,75,2800.00,6400.00,1,100,-41.24,28.68,0.00,0
22,76,6200.00,6017.72,1,103,-59.25,9.10,21.79,0
22,77,8749.04,4800.00,0,99,-65.99,4.03,39.08,0
22,78,5400.00,5400.00,1,97,-67.02,-3.59,0.00,0
22,79,8800.00,3249.12,1,76,-110.66,-36.59,23.43,0
22,80,5191.88,5400.00,2,97,-88.57,-19.20,31.73,0
22,81,4400.00,5879.25,3,102,-77.79,-14.03,27.17,0
22,82,7000.00,7200.00,0,109,-73.77,-14.78,0.00,0
22,83,8600.00,5800.00,1,79,-99.73,-41.19,0.00,0
22,84,5581.37,6000.00,2,102,-104.44,-41.25,21.84,1
22,85,7036.15,7600.00,2,109,-85.49,-21.57,39.85,0
22,86,6086.25,8000.00,2,52,-108.98,-42.09,26.80,0
22,87,6000.00,2600.00,1,86,-76.51,-5.36,0.00,0
22,88,7200.00,6375.69,3,104,-73.73,-7.30,29.17,0
22,89,4200.00,2271.30,1,85,-81.43,-17.86,35.02,0
22,90,6843.21,8000.00,2,67,-105.78,-47.42,39.48,0
22,91,6600.00,4800.00,0,98,-61.92,13.05,0.00,0
22,92,4583.80,8000.00,0,44,-109.45,-54.49,20.02,1
22,93,3000.00,5166.65,3,95,-41.32,26.69,43.48,0
22,94,6800.00,6600.00,2,109,-43.89,23.28,0.00,0
22,95,4011.70,3000.00,2,85,-62.93,0.07,30.69,0
22,96,2421.29,7200.00,2,106,-93.23,-37.07,30.19,0
22,97,2400.00,3108.52,1,84,-95.81,-41.47,36.97,0
22,98,2400.00,4079.74,3,89,-68.85,5.18,37.58,0
22,99,8800.00,2200.00,1,75,-102.03,-25.13,0.00,0
23,0,2000.00,7801.64,3,14,-88.68,-32.81,39.92,0
23,1,2600.00,5200.00,1,95,-85.40,-8.43,0.00,0
23,2,7400.00,5000.00,3,98,-85.87,-25.07,0.00,0
23,3,6400.00,3000.00,1,87,-69.80,-8.99,0.00,0
23,4,8577.21,4400.00,2,99,-79.81,-16.42,27.35,0
23,5,8200.00,3400.00,2,69,-83.54,-28.15,0.00,0
23,6,4039.28,3400.00,2,90,-94.87,-40.76,48.04,0
23,7,5000.00,3574.81,3,91,-81.76,-23.81,21.26,0
23,8,4400.00,6400.00,3,102,-83.03,-22.74,0.00,0
23,9,1400.00,3400.00,1,2,-103.90,-38.30,0.00,0
23,10,3200.00,6200.00,0,101,-85.72,-36.24,0.00,0
23,11,4136.80,2200.00,2,85,-85.78,-24.33,43.16,0
23,12,7344.49,5600.00,2,104,-69.85,-7.48,22.78,0
23,13,1800.00,5800.00,0,12,-97.86,-24.51,0.00,0
23,14,7000.00,4962.18,3,98,-49.44,15.66,21.89,0
23,15,8400.00,5072.17,1,99,-66.17,-8.78,57.73,0
23,16,4400.00,2021.25,3,85,-104.27,-33.62,38.94,0
23,17,3545.54,4400.00,2,90,-73.93,-11.07,22.72,0
23,18,7600.00,2988.04,1,87,-86.14,-19.22,39.40,0
23,19,4980.41,6600.00,2,102,-79.95,-9.08,20.98,0
23,20,6200.00,7600.00,3,108,-75.03,0.71,0.00,0
23,21,4849.86,3600.00,2,91,-85.43,-14.61,37.51,0
23,22,1200.00,5857.50,1,5,-95.68,-26.19,22.87,0
23,23,6000.00,2022.65,3,45,-84.98,-12.02,28.87,0
23,24,5600.00,6871.13,1,108,-95.84,-40.01,56.90,0
23,25,1000.00,6800.00,1,5,-108.90,-27.34,0.00,0
23,26,1713.62,5800.00,2,12,-97.59,-26.66,24.32,0
23,27,1454.32,2200.00,2,83,-64.76,3.65,37.28,0
23,28,4800.00,6200.00,0,102,-84.42,-17.22,0.00,0
23,29,5600.00,6400.00,2,102,-84.23,-22.66,0.00,0
23,30,1600.00,7767.05,1,105,-91.97,-16.18,28.35,0
23,31,1600.00,2600.00,2,83,-70.97,-6.12,0.00,0
23,32,7800.00,7548.60,1,74,-81.53,-15.23,37.43,1
23,33,8479.88,2400.00,2,88,-76.18,-15.78,36.01,0
23,34,7000.00,4872.36,1,98,-67.73,-14.60,57.89,0
23,35,3274.81,7600.00,2,106,-71.17,-4.14,36.26,0
23,36,7200.00,5400.00,3,64,-85.94,-11.11,0.00,0
23,37,3600.00,3965.45,3,90,-54.71,12.59,21.73,0
23,38,2778.06,8000.00,2,22,-93.64,-27.57,26.33,0
23,39,1200.00,6978.53,3,6,-99.15,-22.44,25.77,0
23,40,1600.00,4800.00,1,94,-69.18,-2.73,0.00,0
23,41,2908.52,3800.00,2,89,-99.61,-41.70,24.57,0
23,42,2400.00,7200.00,3,105,-76.47,-14.04,0.00,0
23,43,2600.00,4600.00,3,95,-49.10,15.17,0.00,0
23,44,3670.33,7800.00,0,29,-115.81,-55.91,56.26,0
23,45,7338.41,6400.00,2,104,-69.56,2.51,33.08,0
23,46,6800.00,7000.00,0,109,-75.72,-1.27,0.00,0
23,47,1600.00,6449.93,1,5,-122.02,-54.00,32.50,0
23,48,8500.11,4200.00,2,77,-102.45,-38.34,24.99,0
23,49,5400.00,6830.52,3,108,-60.98,1.88,38.47,0
23,50,8075.79,7600.00,2,110,-54.86,16.39,26.21,0
23,51,3400.00,7200.00,0,106,-71.14,-2.33,0.00,0
23,52,3200.00,3600.00,3,90,-58.61,1.33,0.00,0
23,53,3200.00,4600.00,3,95,-83.20,-19.30,0.00,0
23,54,6236.66,3800.00,2,92,-56.06,20.24,38.17,0
23,55,3800.00,2400.00,3,85,-64.59,-1.75,0.00,0
23,56,2200.00,4363.09,1,89,-68.86,-2.96,38.15,0
23,57,3231.16,4600.00,0,95,-54.69,14.00,21.56,0
23,58,1400.00,3000.00,2,83,-60.24,8.50,0.00,0
23,59,4915.78,5200.00,0,41,-91.11,-33.66,25.79,1
23,60,1000.00,6000.00,3,5,-114.60,-50.36,0.00,0
23,61,8600.00,4315.78,1,77,-108.96,-41.35,35.79,0
23,62,6000.00,5726.68,3,103,-72.24,-13.62,58.66,0
23,63,7200.00,7870.69,1,67,-118.67,-50.46,56.55,0
23,64,1200.00,2400.00,3,1,-96.73,-30.10,0.00,0
23,65,4121.44,5400.00,0,34,-85.66,-34.72,26.07,1
23,66,5000.00,7600.00,1,44,-49.71,23.07,0.00,0
23,67,1600.00,3000.00,3,83,-72.83,-7.58,0.00,0
23,68,5812.50,3400.00,2,92,-85.30,-16.63,29.38,0
23,69,8095.93,7800.00,2,110,-75.64,-10.66,25.20,0
23,70,7600.00,5895.54,1,104,-65.86,10.35,24.78,0
23,71,2600.00,5068.32,3,95,-80.59,-15.95,36.58,0
23,72,5400.00,6800.00,3,108,-72.33,-6.24,0.00,0
23,73,5800.00,2104.68,1,45,-105.28,-35.59,25.23,0
23,74,2400.00,4483.92,3,18,-114.29,-54.15,25.80,0
23,75,2800.00,6400.00,1,100,-41.24,28.68,0.00,0
23,76,6200.00,6035.88,1,103,-53.41,15.14,21.79,0
23,77,8781.60,4800.00,0,99,-68.83,-8.29,39.08,0
23,78,5400.00,5400.00,1,97,-67.02,-3.59,0.00,0
23,79,8800.00,3268.65,1,76,-115.74,-50.76,23.43,0
23,80,5165.44,5400.00,2,97,-89.77,-20.66,31.73,0
23,81,4400.00,5856.61,3,102,-93.10,-30.21,27.17,0
23,82,7000.00,7200.00,0,109,-73.77,-14.78,0.00,0
23,83,8600.00,5800.00,1,79,-99.73,-41.19,0.00,0
23,84,5563.17,6000.00,2,102,-96.10,-23.18,21.84,0
23,85,7002.94,7600.00,2,109,-71.10,-4.05,39.85,0
23,86,6063.92,8000.00,2,59,-111.30,-43.42,26.80,1
23,87,6000.00,2600.00,1,86,-76.51,-5.36,0.00,0
23,88,7200.00,6327.08,3,65,-73.02,-10.19,58.34,1
23,89,4200.00,2300.48,1,85,-49.83,17.34,35.02,0
23,90,6810.31,8000.00,2,67,-108.06,-45.16,39.48,0
23,91,6600.00,4800.00,0,98,-61.92,13.05,0.00,0
23,92,4600.00,7999.51,3,37,-107.73,-58.97,20.02,1
23,93,3000.00,5130.42,3,95,-51.12,14.19,43.48,0
23,94,6800.00,6600.00,2,109,-43.89,23.28,0.00,0
23,95,4000.00,3013.88,1,85,-76.93,-11.66,30.69,0
23,96,2400.00,7196.13,3,106,-93.16,-29.99,30.19,0
23,97,2400.00,3139.33,1,84,-95.89,-20.62,36.97,0
23,98,2400.00,4048.42,3,89,-67.60,-9.66,37.58,0
23,99,8800.00,2222.41,1,75,-106.10,-29.85,26.89,0
24,0,2000.00,7768.37,3,105,-56.19,-2.78,39.92,1
24,1,2600.00,5200.00,1,95,-85.40,-8.43,0.00,0
24,2,7400.00,4979.16,3,98,-71.37,-3.83,25.01,0
24,3,6400.00,3021.22,1,87,-64.81,-0.43,25.46,0
24,4,8531.63,4400.00,2,99,-67.79,0.07,54.70,0
24,5,8200.00,3400.00,2,69,-83.54,-28.15,0.00,0
24,6,4000.00,3400.00,3,90,-74.10,-7.19,0.00,0
24,7,5000.00,3557.10,3,91,-92.14,-30.77,21.26,0
24,8,4400.00,6400.00,3,102,-83.03,-22.74,0.00,0
24,9,1400.00,3400.00,1,2,-103.90,-38.30,0.00,0
24,10,3200.00,6200.00,0,101,-85.72,-36.24,0.00,0
24,11,4100.84,2200.00,2,85,-81.46,-15.87,43.16,0
24,12,7325.51,5600.00,2,104,-53.74,12.67,22.78,0
24,13,1800.00,5800.00,0,12,-97.86,-24.51,0.00,0
24,14,7000.00,4943.93,3,98,-55.08,14.23,21.89,0
24,15,8400.00,5120.28,1,99,-47.08,13.28,57.73,0
24,16,4400.00,2000.00,2,30,-91.89,-19.91,0.00,1
24,17,3526.60,4400.00,2,90,-66.28,-6.67,22.72,0
24,18,7600.00,3000.00,0,87,-78.23,-4.72,0.00,0
24,19,4962.92,6600.00,2,102,-78.65,-7.08,20.98,0
24,20,6200.00,7600.00,3,108,-75.03,0.71,0.00,0
24,21,4818.60,3600.00,2,91,-71.42,-17.06,37.51,0
24,22,1200.00,5876.56,1,5,-97.68,-30.03,22.87,0
24,23,6000.00,2000.00,2,45,-107.99,-46.95,0.00,0
24,24,5600.00,6918.55,1,108,-94.30,-28.19,56.90,0
24,25,1000.00,6800.00,1,5,-108.90,-27.34,0.00,0
24,26,1693.35,5800.00,2,12,-100.35,-35.94,24.32,0
24,27,1423.25,2200.00,2,83,-87.87,-12.00,37.28,0
24,28,4800.00,6200.00,0,102,-84.42,-17.22,0.00,0
24,29,5600.00,6400.00,2,102,-84.23,-22.66,0.00,0
24,30,1600.00,7790.68,1,105,-89.79,-35.04,28.35,0
24,31,1600.00,2600.00,2,83,-70.97,-6.12,0.00,0
24,32,7800.00,7579.79,1,110,-83.22,-11.33,37.43,1
24,33,8449.87,2400.00,2,88,-65.97,-14.60,36.01,0
24,34,7000.00,4920.60,1,98,-58.87,5.83,57.89,0
24,35,3244.59,7600.00,2,106,-80.42,-16.03,36.26,0
24,36,7200.00,5400.00,3,64,-85.94,-11.11,0.00,0
24,37,3600.00,3947.34,3,90,-53.98,7.03,21.73,0
24,38,2734.19,8000.00,2,22,-79.80,-9.46,52.65,0
24,39,1200.00,6935.58,3,6,-94.90,-30.76,51.54,0
24,40,1600.00,4800.00,1,94,-69.18,-2.73,0.00,0
24,41,2888.04,3800.00,2,89,-99.57,-44.84,24.57,0
24,42,2400.00,7200.00,3,105,-76.47,-14.04,0.00,0
24,43,2600.00,4600.00,3,95,-49.10,15.17,0.00,0
24,44,3717.21,7800.00,0,29,-105.76,-63.40,56.26,0
24,45,7310.85,6400.00,2,104,-73.60,0.65,33.08,0
24,46,6800.00,7000.00,0,109,-75.72,-1.27,0.00,0
24,47,1600.00,6477.01,1,13,-113.26,-45.17,32.50,1
24,48,8479.28,4200.00,2,77,-110.65,-39.37,24.99,0
24,49,5400.00,6800.00,0,108,-61.54,3.43,0.00,0
24,50,8053.95,7600.00,2,110,-59.72,17.21,26.21,0
24,51,3421.17,7200.00,0,106,-65.48,2.03,25.40,0
24,52,3200.00,3600.00,3,90,-58.61,1.33,0.00,0
24,53,3200.00,4600.00,3,95,-83.20,-19.30,0.00,0
24,54,6204.85,3800.00,2,92,-71.68,-6.14,38.17,0
24,55,3800.00,2400.00,3,85,-64.59,-1.75,0.00,0
24,56,2200.00,4394.89,1,89,-64.69,-0.43,38.15,0
24,57,3249.13,4600.00,0,95,-52.55,14.06,21.56,0
24,58,1400.00,3000.00,2,83,-60.24,8.50,0.00,0
24,59,4937.27,5200.00,0,41,-91.81,-26.86,25.79,0
24,60,1000.00,6000.00,3,5,-114.60,-50.36,0.00,0
24,61,8600.00,4345.60,1,78,-107.04,-41.68,35.79,1
24,62,6000.00,5677.80,3,103,-69.63,-1.06,58.66,0
24,63,7200.00,7917.82,1,67,-107.52,-41.09,56.55,0
24,64,1200.00,2400.00,3,1,-96.73,-30.10,0.00,0
24,65,4143.16,5400.00,0,34,-78.58,-14.97,26.07,0
24,66,5000.00,7600.00,1,44,-49.71,23.07,0.00,0
24,67,1600.00,3000.00,3,83,-72.83,-7.58,0.00,0
24,68,5788.02,3400.00,2,92,-97.04,-23.22,29.38,0
24,69,8074.93,7800.00,2,110,-68.86,3.19,25.20,0
24,70,7600.00,5916.19,1,104,-85.70,-16.86,24.78,0
24,71,2600.00,5037.83,3,95,-86.12,-16.92,36.58,0
24,72,5400.00,6800.00,3,108,-72.33,-6.24,0.00,0
24,73,5800.00,2125.71,1,45,-85.45,-22.43,25.23,0
24,74,2400.00,4462.42,3,89,-79.60,-22.51,25.80,1
24,75,2800.00,6400.00,1,100,-41.24,28.68,0.00,0
24,76,6200.00,6054.04,1,103,-56.57,13.04,21.79,0
24,77,8800.00,4800.00,1,99,-62.08,4.08,0.00,0
24,78,5400.00,5400.00,1,97,-67.02,-3.59,0.00,0
24,79,8800.00,3288.18,1,77,-109.66,-39.64,23.43,1
24,80,5139.00,5400.00,2,41,-101.01,-41.28,31.73,1
24,81,4400.00,5833.96,3,102,-75.99,-13.97,27.17,0
24,82,7000.00,7200.00,0,109,-73.77,-14.78,0.00,0
24,83,8600.00,5800.00,1,79,-99.73,-41.19,0.00,0
24,84,5544.97,6000.00,2,102,-79.85,-8.45,21.84,0
24,85,6969.72,7600.00,2,109,-74.43,4.21,39.85,0
24,86,6041.58,8000.00,2,52,-104.03,-35.45,26.80,1
24,87,6000.00,2600.00,1,86,-76.51,-5.36,0.00,0
24,88,7200.00,6278.46,3,65,-68.95,-2.04,58.34,0
24,89,4200.00,2329.67,1,85,-75.40,-12.89,35.02,0
24,90,6822.60,8000.00,0,67,-124.99,-61.97,39.48,0
24,91,6600.00,4800.00,0,98,-61.92,13.05,0.00,0
24,92,4600.00,7982.83,3,37,-113.74,-49.09,20.02,0
24,93,3000.00,5094.19,3,95,-56.50,2.04,43.48,0
24,94,6800.00,6600.00,2,109,-43.89,23.28,0.00,0
24,95,4000.00,3039.46,1,85,-94.23,-21.36,30.69,0
24,96,2400.00,7170.97,3,106,-65.17,-5.85,30.19,0
24,97,2400.00,3170.13,1,84,-113.13,-45.67,36.97,0
24,98,2400.00,4017.11,3,89,-71.52,-3.92,37.58,0
24,99,8800.00,2267.23,1,75,-104.48,-29.29,53.78,0
25,0,2000.00,7735.10,3,105,-56.58,4.19,39.92,0
25,1,2600.00,5200.00,1,95,-85.40,-8.43,0.00,0
25,2,7400.00,4937.47,3,98,-92.70,-28.95,50.03,0
25,3,6400.00,3063.66,1,87,-67.96,1.58,50.93,0
25,4,8486.05,4400.00,2,99,-76.35,-6.01,54.70,0
25,5,8200.00,3400.00,2,69,-83.54,-28.15,0.00,0
25,6,4000.00,3400.00,3,90,-74.10,-7.19,0.00,0
25,7,5000.00,3539.38,3,91,-86.58,-27.66,21.26,0
25,8,4400.00,6400.00,3,102,-83.03,-22.74,0.00,0
25,9,1400.00,3400.00,1,2,-103.90,-38.30,0.00,0
25,10,3200.00,6200.00,0,101,-85.72,-36.24,0.00,0
25,11,4064.87,2200.00,2,85,-86.49,-19.64,43.16,0
25,12,7306.53,5600.00,2,104,-55.12,15.53,22.78,0
25,13,1800.00,5800.00,0,12,-97.86,-24.51,0.00,0
25,14,7000.00,4925.69,3,98,-51.68,27.16,21.89,0
25,15,8400.00,5168.39,1,99,-81.83,-21.91,57.73,0
25,16,4400.00,2000.00,2,30,-91.89,-19.91,0.00,0
25,17,3507.66,4400.00,2,90,-75.19,-15.70,22.72,0
25,18,7600.00,3000.00,0,87,-78.23,-4.72,0.00,0
25,19,4945.44,6600.00,2,43,-80.76,-8.69,20.98,1
25,20,6200.00,7600.00,3,108,-75.03,0.71,0.00,0
25,21,4800.00,3600.00,1,91,-79.44,-20.30,0.00,0
25,22,1200.00,5895.62,1,5,-102.76,-32.03,22.87,0
25,23,6000.00,2000.00,2,45,-107.99,-46.95,0.00,0
25,24,5600.00,6965.97,1,108,-70.67,-1.95,56.90,0
25,25,1000.00,6819.55,1,5,-111.19,-38.54,23.46,0
25,26,1673.08,5800.00,2,12,-110.32,-43.47,24.32,0
25,27,1400.00,2200.00,0,83,-92.19,-8.02,0.00,0
25,28,4800.00,6200.00,0,102,-84.42,-17.22,0.00,0
25,29,5600.00,6400.00,2,102,-84.23,-22.66,0.00,0
25,30,1600.00,7800.00,2,105,-73.40,-6.86,0.00,0
25,31,1600.00,2600.00,2,83,-70.97,-6.12,0.00,0
25,32,7800.00,7589.02,3,74,-102.71,-42.94,37.43,1
25,33,8419.87,2400.00,2,88,-59.64,9.97,36.01,0
25,34,7000.00,4968.84,1,98,-74.19,-10.74,57.89,0
25,35,3214.37,7600.00,2,106,-99.29,-42.44,36.26,0
25,36,7200.00,5400.00,3,64,-85.94,-11.11,0.00,0
25,37,3600.00,3929.24,3,90,-51.98,10.23,21.73,0
25,38,2690.31,8000.00,2,22,-74.56,-6.85,52.65,0
25,39,1200.00,6892.63,3,6,-114.55,-51.04,51.54,0
25,40,1600.00,4800.00,1,94,-69.18,-2.73,0.00,0
25,41,2867.56,3800.00,2,17,-91.47,-32.81,24.57,1
25,42,2400.00,7200.00,3,105,-76.47,-14.04,0.00,0
25,43,2600.00,4600.00,3,95,-49.10,15.17,0.00,0
25,44,3764.09,7800.00,0,29,-103.26,-39.73,56.26,0
25,45,7283.28,6400.00,2,104,-76.80,-3.55,33.08,0
25,46,6800.00,7000.00,0,109,-75.72,-1.27,0.00,0
25,47,1600.00,6504.09,1,13,-100.44,-29.20,32.50,0
25,48,8458.45,4200.00,2,77,-111.72,-37.88,24.99,0
25,49,5400.00,6800.00,0,108,-61.54,3.43,0.00,0
25,50,8032.10,7600.00,2,110,-48.52,10.70,26.21,0
25,51,3463.50,7200.00,0,106,-68.91,-3.87,50.80,0
25,52,3200.00,3600.00,3,90,-58.61,1.33,0.00,0
25,53,3200.00,4600.00,3,95,-83.20,-19.30,0.00,0
25,54,6173.04,3800.00,2,92,-80.97,-13.66,38.17,0
25,55,3800.00,2400.00,3,85,-64.59,-1.75,0.00,0
25,56,2173.32,4400.00,2,89,-67.14,-0.64,38.15,0
25,57,3267.09,4600.00,0,95,-56.20,14.18,21.56,0
25,58,1400.00,3000.00,2,83,-60.24,8.50,0.00,0
25,59,4958.76,5200.00,0,41,-110.69,-47.17,25.79,0
25,60,1000.00,6000.00,3,5,-114.60,-50.36,0.00,0
25,61,8600.00,4375.43,1,78,-104.92,-33.78,35.79,0
25,62,6000.00,5628.91,3,103,-75.12,-14.27,58.66,0
25,63,7200.00,7964.95,1,67,-108.71,-38.86,56.55,0
25,64,1200.00,2400.00,3,1,-96.73,-30.10,0.00,0
25,65,4164.89,5400.00,0,96,-85.57,-23.68,26.07,1
25,66,5000.00,7600.00,1,44,-49.71,23.07,0.00,0
25,67,1600.00,3000.00,3,83,-72.83,-7.58,0.00,0
25,68,5763.54,3400.00,2,92,-98.29,-33.41,29.38,0
25,69,8053.93,7800.00,2,110,-60.49,3.13,25.20,0
25,70,7600.00,5936.84,1,104,-91.07,-22.17,24.78,0
25,71,2600.00,5007.34,3,95,-88.22,-19.62,36.58,0
25,72,5400.00,6800.00,3,108,-72.33,-6.24,0.00,0
25,73,5800.00,2146.74,1,45,-102.28,-56.01,25.23,0
25,74,2400.00,4440.91,3,89,-63.76,-2.24,25.80,0
25,75,2800.00,6400.00,1,100,-41.24,28.68,0.00,0
25,76,6200.00,6072.20,1,103,-55.95,9.67,21.79,0
25,77,8800.00,4800.00,1,99,-62.08,4.08,0.00,0
25,78,5400.00,5400.00,1,97,-67.02,-3.59,0.00,0
25,79,8800.00,3307.71,1,77,-110.89,-49.77,23.43,0
25,80,5112.56,5400.00,2,41,-97.48,-38.88,31.73,0
25,81,4400.00,5811.32,3,102,-67.12,-1.20,27.17,0
25,82,7000.00,7200.00,0,109,-73.77,-14.78,0.00,0
25,83,8600.00,5819.73,1,79,-99.01,-32.24,23.67,0
25,84,5526.77,6000.00,2,102,-75.69,-5.21,21.84,0
25,85,6936.51,7600.00,2,109,-71.37,-12.84,39.85,0
25,86,6019.24,8000.00,2,52,-102.05,-35.77,26.80,0
25,87,6000.00,2600.00,1,86,-76.51,-5.36,0.00,0
25,88,7200.00,6229.84,3,65,-75.76,-17.96,58.34,0
25,89,4200.00,2358.86,1,85,-85.32,-19.98,35.02,0
25,90,6855.50,8000.00,0,67,-110.36,-46.04,39.48,0
25,91,6600.00,4800.00,0,98,-61.92,13.05,0.00,0
25,92,4600.00,7966.14,3,37,-111.59,-51.88,20.02,0
25,93,3000.00,5057.96,3,95,-51.47,16.91,43.48,0
25,94,6800.00,6600.00,2,109,-43.89,23.28,0.00,0
25,95,4000.00,3065.04,1,85,-65.99,5.31,30.69,0
25,96,2400.00,7145.81,3,106,-63.67,7.64,30.19,0
25,97,2400.00,3200.00,0,84,-72.17,1.58,0.00,0
25,98,2385.79,4000.00,2,89,-72.77,7.62,37.58,0
25,99,8800.00,2312.05,1,75,-94.30,-31.68,53.78,0
26,0,2000.00,7701.84,3,105,-79.11,-25.16,39.92,0
26,1,2600.00,5200.00,1,95,-85.40,-8.43,0.00,0
26,2,7400.00,4895.78,3,98,-82.09,-19.24,50.03,0
26,3,6400.00,3106.10,1,87,-41.22,31.45,50.93,0
26,4,8440.47,4400.00,2,99,-89.18,-28.11,54.70,0
26,5,8200.00,3400.00,2,69,-83.54,-28.15,0.00,0
26,6,4000.00,3400.00,3,90,-74.10,-7.19,0.00,0
26,7,5000.00,3521.67,3,91,-98.20,-41.92,21.26,0
26,8,4400.00,6381.88,3,102,-86.30,-27.19,21.74,0
26,9,1400.00,3400.00,1,2,-103.90,-38.30,0.00,0
26,10,3200.00,6200.00,0,101,-85.72,-36.24,0.00,0
26,11,4028.90,2200.00,2,85,-90.97,-42.40,43.16,0
26,12,7287.55,5600.00,2,64,-79.56,-10.18,22.78,1
26,13,1800.00,5800.00,0,12,-97.86,-24.51,0.00,0
26,14,7000.00,4907.45,3,98,-43.98,30.62,21.89,0
26,15,8400.00,5216.51,1,99,-81.94,-2.00,57.73,0
26,16,4400.00,2000.00,2,30,-91.89,-19.91,0.00,0
26,17,3488.73,4400.00,2,90,-75.48,-13.29,22.72,0
26,18,7600.00,3000.00,0,87,-78.23,-4.72,0.00,0
26,19,4927.96,6600.00,2,43,-81.57,-10.87,20.98,0
26,20,6200.00,7600.00,3,108,-75.03,0.71,0.00,0
26,21,4800.00,3600.00,1,91,-79.44,-20.30,0.00,0
26,22,1200.00,5914.69,1,5,-106.71,-34.94,22.87,0
26,23,6000.00,2000.00,2,45,-107.99,-46.95,0.00,0
26,24,5586.61,7000.00,2,108,-66.94,-6.22,56.90,0
26,25,1000.00,6858.64,1,5,-107.85,-33.49,46.91,0
26,26,1652.82,5800.00,2,4,-90.31,-31.59,24.32,1
26,27,1400.00,2200.00,0,83,-92.19,-8.02,0.00,0
26,28,4800.00,6200.00,0,102,-84.42,-17.22,0.00,0
26,29,5582.09,6400.00,2,102,-79.44,-16.19,21.49,0
26,30,1600.00,7800.00,2,105,-73.40,-6.86,0.00,0
26,31,1600.00,2600.00,2,83,-70.97,-6.12,0.00,0
26,32,7800.00,7557.83,3,110,-70.70,-9.21,37.43,1
26,33,8400.00,2400.00,0,88,-72.82,-11.59,0.00,0
26,34,7000.00,5017.08,1,98,-57.58,6.23,57.89,0
26,35,3200.00,7600.00,3,106,-69.60,-7.44,0.00,0
26,36,7200.00,5400.00,3,64,-85.94,-11.11,0.00,0
26,37,3600.00,3911.13,3,90,-44.64,11.33,21.73,0
26,38,2646.44,8000.00,2,22,-82.69,-20.33,52.65,0
26,39,1200.00,6849.68,3,6,-92.63,-31.81,51.54,0
26,40,1600.00,4800.00,1,94,-69.18,-2.73,0.00,0
26,41,2847.08,3800.00,2,89,-78.31,-11.55,24.57,1
26,42,2400.00,7200.00,3,105,-76.47,-14.04,0.00,0
26,43,2600.00,4600.00,3,95,-49.10,15.17,0.00,0
26,44,3789.02,7800.00,2,29,-126.38,-67.23,56.26,0
26,45,7255.71,6400.00,2,104,-61.89,4.83,33.08,0
26,46,6800.00,7000.00,0,109,-75.72,-1.27,0.00,0
26,47,1600.00,6531.17,1,5,-111.53,-37.08,32.50,1
26,48,8437.62,4200.00,2,77,-115.34,-41.82,24.99,0
26,49,5400.00,6800.00,0,108,-61.54,3.43,0.00,0
26,50,8010.26,7600.00,2,110,-47.06,6.02,26.21,0
26,51,3505.83,7200.00,0,106,-51.17,3.07,50.80,0
26,52,3200.00,3600.00,3,90,-58.61,1.33,0.00,0
26,53,3200.00,4600.00,3,95,-83.20,-19.30,0.00,0
26,54,6141.24,3800.00,2,92,-84.30,-10.59,38.17,0
26,55,3800.00,2400.00,3,85,-64.59,-1.75,0.00,0
26,56,2141.52,4400.00,2,89,-96.08,-31.54,38.15,0
26,57,3285.06,4600.00,0,95,-57.05,10.23,21.56,0
26,58,1400.00,3000.00,2,83,-60.24,8.50,0.00,0
26,59,4980.25,5200.00,0,41,-90.64,-27.34,25.79,0
26,60,1000.00,6000.00,3,5,-114.60,-50.36,0.00,0
26,61,8600.00,4405.25,1,78,-96.50,-27.91,35.79,0
26,62,6019.97,5600.00,0,103,-72.05,-15.30,58.66,0
26,63,7187.92,8000.00,2,67,-91.12,-36.55,56.55,0
26,64,1200.00,2400.00,3,1,-96.73,-30.10,0.00,0
26,65,4186.61,5400.00,0,96,-66.61,-5.01,26.07,0
26,66,5000.00,7623.69,1,44,-66.72,2.60,28.42,0
26,67,1600.00,3000.00,3,83,-72.83,-7.58,0.00,0
26,68,5739.06,3400.00,2,47,-91.60,-25.25,29.38,1
26,69,8032.92,7800.00,2,110,-89.81,-24.50,25.20,0
26,70,7600.00,5957.49,1,104,-79.54,-9.58,24.78,0
26,71,2600.00,5000.00,1,95,-83.45,-30.09,0.00,0
26,72,5400.00,6800.00,3,108,-72.33,-6.24,0.00,0
26,73,5800.00,2167.77,1,45,-102.86,-41.19,25.23,0
26,74,2400.00,4419.41,3,89,-84.71,-12.63,25.80,0
26,75,2800.00,6400.00,1,100,-41.24,28.68,0.00,0
26,76,6200.00,6090.36,1,103,-56.88,12.90,21.79,0
26,77,8800.00,4800.00,1,99,-62.08,4.08,0.00,0
26,78,5400.00,5400.00,1,97,-67.02,-3.59,0.00,0
26,79,8800.00,3327.23,1,77,-114.19,-49.09,23.43,0
26,80,5086.12,5400.00,2,41,-104.84,-53.03,31.73,0
26,81,4400.00,5788.68,3,102,-77.02,-8.68,27.17,0
26,82,7000.00,7200.00,0,109,-73.77,-14.78,0.00,0
26,83,8600.00,5859.18,1,80,-119.36,-59.32,47.35,1
26,84,5508.57,6000.00,2,102,-80.11,-14.33,21.84,0
26,85,6903.30,7600.00,2,109,-57.95,8.84,39.85,0
26,86,6000.00,7996.91,3,52,-100.96,-39.00,26.80,0
26,87,6000.00,2600.00,1,86,-76.51,-5.36,0.00,0
26,88,7200.00,6181.23,3,65,-72.38,-10.74,58.34,0
26,89,4200.00,2388.04,1,85,-86.12,-23.01,35.02,0
26,90,6888.40,8000.00,0,67,-110.10,-48.77,39.48,0
26,91,6624.04,4800.00,0,98,-73.66,-7.62,28.85,0
26,92,4600.00,7949.45,3,37,-115.81,-66.90,20.02,0
26,93,3000.00,5021.72,3,95,-26.25,35.06,43.48,0
26,94,6775.31,6600.00,2,109,-72.31,5.76,29.63,0
26,95,4000.00,3090.62,1,85,-82.68,-12.66,30.69,0
26,96,2400.00,7120.65,3,106,-53.05,10.33,30.19,0
26,97,2400.00,3200.00,0,84,-72.17,1.58,0.00,0
26,98,2354.48,4000.00,2,89,-45.32,29.39,37.58,0
26,99,8800.00,2356.87,1,75,-97.70,-22.83,53.78,0
27,0,2000.00,7668.57,3,105,-73.49,-4.32,39.92,0
27,1,2600.00,5200.00,1,95,-85.40,-8.43,0.00,0
27,2,7400.00,4854.09,3,98,-88.86,-20.12,50.03,0
27,3,6400.00,3148.54,1,87,-61.57,2.26,50.93,0
27,4,8394.88,4400.00,2,99,-87.20,-23.66,54.70,0
27,5,8200.00,3400.00,2,69,-83.54,-28.15,0.00,0
27,6,4000.00,3400.00,3,90,-74.10,-7.19,0.00,0
27,7,5000.00,3503.95,3,91,-92.10,-31.96,21.26,0
27,8,4400.00,6345.64,3,102,-90.46,-33.05,43.49,0
27,9,1400.00,3400.00,1,2,-103.90,-38.30,0.00,0
27,10,3217.45,6200.00,0,101,-85.67,-16.17,20.95,0
27,11,4000.00,2200.00,0,85,-72.29,-6.36,0.00,0
27,12,7268.57,5600.00,2,64,-85.24,-22.13,22.78,0
27,13,1800.00,5800.00,0,12,-97.86,-24.51,0.00,0
27,14,7000.00,4889.20,3,98,-72.37,-0.55,21.89,0
27,15,8400.00,5264.62,1,99,-76.01,-14.63,57.73,0
27,16,4400.00,2000.00,2,30,-91.89,-19.91,0.00,0
27,17,3469.79,4400.00,2,90,-65.09,-7.81,22.72,0
27,18,7600.00,3000.00,0,87,-78.23,-4.72,0.00,0
27,19,4910.48,6600.00,2,43,-86.90,-20.33,20.98,0
27,20,6200.00,7600.00,3,108,-75.03,0.71,0.00,0
27,21,4800.00,3600.00,1,91,-79.44,-20.30,0.00,0
27,22,1200.00,5933.75,1,5,-101.53,-34.53,22.87,0
27,23,6000.00,2000.00,2,45,-107.99,-46.95,0.00,0
27,24,5539.19,7000.00,2,108,-74.86,-15.36,56.90,0
27,25,1000.00,6897.73,1,5,-116.83,-49.83,46.91,0
27,26,1632.55,5800.00,2,4,-103.48,-45.73,24.32,0
27,27,1400.00,2200.00,0,83,-92.19,-8.02,0.00,0
27,28,4800.00,6200.00,0,102,-84.42,-17.22,0.00,0
27,29,5546.27,6400.00,2,102,-76.79,-12.03,42.99,0
27,30,1600.00,7800.00,2,105,-73.40,-6.86,0.00,0
27,31,1600.00,2600.00,2,83,-70.97,-6.12,0.00,0
27,32,7800.00,7526.63,3,110,-74.65,-15.22,37.43,0
27,33,8400.00,2400.00,0,88,-72.82,-11.59,0.00,0
27,34,7000.00,5065.32,1,98,-52.57,13.28,57.89,0
27,35,3200.00,7600.00,3,106,-69.60,-7.44,0.00,0
27,36,7200.00,5400.00,3,64,-85.94,-11.11,0.00,0
27,37,3600.00,3893.02,3,90,-53.82,9.01,21.73,0
27,38,2602.56,8000.00,2,22,-87.44,-25.93,52.65,0
27,39,1200.00,6806.73,3,5,-103.80,-32.61,51.54,1
27,40,1600.00,4800.00,1,94,-69.18,-2.73,0.00,0
27,41,2826.61,3800.00,2,89,-72.43,-5.64,24.57,0
27,42,2400.00,7200.00,3,105,-76.47,-14.04,0.00,0
27,43,2600.00,4600.00,3,95,-49.10,15.17,0.00,0
27,44,3742.14,7800.00,2,29,-114.09,-55.96,56.26,0
27,45,7228.15,6400.00,2,104,-66.52,4.78,33.08,0
27,46,6816.76,7000.00,0,109,-66.05,6.51,20.12,0
27,47,1600.00,6558.25,1,5,-122.82,-51.76,32.50,0
27,48,8416.79,4200.00,2,77,-122.32,-50.98,24.99,0
27,49,5400.00,6800.00,0,108,-61.54,3.43,0.00,0
27,50,8000.00,7600.00,0,74,-57.99,-6.15,0.00,1
27,51,3548.16,7200.00,0,106,-56.19,9.75,50.80,0
27,52,3200.00,3600.00,3,90,-58.61,1.33,0.00,0
27,53,3200.00,4600.00,3,95,-83.20,-19.30,0.00,0
27,54,6109.43,3800.00,2,92,-92.09,-17.31,38.17,0
27,55,3800.00,2400.00,3,85,-64.59,-1.75,0.00,0
27,56,2109.73,4400.00,2,89,-83.41,-19.65,38.15,0
27,57,3303.03,4600.00,0,95,-66.20,-1.70,21.56,0
27,58,1376.88,3000.00,2,83,-53.13,17.62,27.75,0
27,59,5001.74,5200.00,0,41,-98.30,-32.85,25.79,0
27,60,1000.00,5976.57,3,5,-104.97,-31.16,28.12,0
27,61,8600.00,4435.08,1,78,-104.77,-39.29,35.79,0
27,62,6068.85,5600.00,0,103,-67.46,13.35,58.66,0
27,63,7140.79,8000.00,2,67,-95.00,-22.37,56.55,0
27,64,1200.00,2383.19,3,1,-102.15,-40.54,20.17,0
27,65,4200.00,5400.00,1,34,-72.05,-7.65,0.00,1
27,66,5000.00,7671.06,1,44,-85.26,-19.72,56.85,0
27,67,1600.00,3000.00,3,83,-72.83,-7.58,0.00,0
27,68,5714.58,3400.00,2,47,-85.30,-6.03,29.38,0
27,69,8011.92,7800.00,2,74,-87.34,-14.04,25.20,1
27,70,7600.00,5978.14,1,104,-76.48,-10.70,24.78,0
27,71,2600.00,5000.00,1,95,-83.45,-30.09,0.00,0
27,72,5400.00,6800.00,3,108,-72.33,-6.24,0.00,0
27,73,5800.00,2188.80,1,86,-72.98,-5.87,25.23,1
27,74,2400.00,4402.09,1,89,-66.10,4.91,25.80,0
27,75,2800.00,6400.00,1,100,-41.24,28.68,0.00,0
27,76,6200.00,6108.52,1,103,-55.66,11.51,21.79,0
27,77,8800.00,4800.00,1,99,-62.08,4.08,0.00,0
27,78,5400.00,5400.00,1,97,-67.02,-3.59,0.00,0
27,79,8800.00,3346.76,1,77,-112.16,-43.60,23.43,0
27,80,5059.68,5400.00,2,41,-105.40,-45.10,31.73,0
27,81,4400.00,5766.04,3,102,-50.78,13.37,27.17,0
27,82,7000.00,7200.00,0,109,-73.77,-14.78,0.00,0
27,83,8600.00,5898.64,1,80,-102.79,-41.94,47.35,0
27,84,5490.36,6000.00,2,102,-66.67,-4.11,21.84,0
27,85,6870.09,7600.00,2,109,-100.64,-32.77,39.85,0
27,86,6000.00,7974.57,3,52,-99.03,-34.52,26.80,0
27,87,6000.00,2600.00,1,86,-76.51,-5.36,0.00,0
27,88,7200.00,6132.61,3,104,-72.62,-3.39,58.34,1
27,89,4200.00,2400.00,0,85,-58.44,5.27,0.00,0
27,90,6921.31,8000.00,0,67,-101.82,-43.53,39.48,0
27,91,6672.12,4800.00,0,98,-64.01,-2.27,57.70,0
27,92,4600.00,7932.77,3,37,-112.07,-46.40,20.02,0
27,93,3000.00,4985.49,3,95,-50.10,13.43,43.48,0
27,94,6725.92,6600.00,2,109,-61.78,16.53,59.26,0
27,95,4000.00,3116.19,1,85,-70.39,1.48,30.69,0
27,96,2400.00,7095.48,3,106,-62.29,6.87,30.19,0
27,97,2400.00,3200.00,0,84,-72.17,1.58,0.00,0
27,98,2323.16,4000.00,2,89,-43.33,24.86,37.58,0
27,99,8800.00,2398.32,3,76,-120.80,-50.17,53.78,1
28,0,2000.00,7635.31,3,14,-70.85,-7.75,39.92,1
28,1,2600.00,5222.19,1,95,-88.23,-21.30,26.63,0
28,2,7400.00,4812.40,3,98,-69.37,2.19,50.03,0
28,3,6400.00,3190.98,1,87,-90.26,-26.76,50.93,0
28,4,8349.30,4400.00,2,99,-55.21,2.60,54.70,0
28,5,8200.00,3400.00,2,69,-83.54,-28.15,0.00,0
28,6,4000.00,3400.00,3,90,-74.10,-7.19,0.00,0
28,7,5000.00,3486.23,3,91,-100.72,-41.21,21.26,0
28,8,4400.00,6309.41,3,102,-91.73,-33.54,43.49,0
28,9,1400.00,3400.00,1,2,-103.90,-38.30,0.00,0
28,10,3252.36,6200.00,0,101,-91.26,-25.49,41.89,0
28,11,4000.00,2200.00,0,85,-72.29,-6.36,0.00,0
28,12,7249.59,5600.00,2,64,-85.32,-24.57,22.78,0
28,13,1800.00,5800.00,0,12,-97.86,-24.51,0.00,0
28,14,7000.00,4870.96,3,98,-81.57,-5.57,21.89,0
28,15,8400.00,5312.73,1,99,-52.98,12.02,57.73,0
28,16,4400.00,2000.00,2,30,-91.89,-19.91,0.00,0
28,17,3450.86,4400.00,2,90,-88.05,-17.75,22.72,0
28,18,7600.00,3000.00,0,87,-78.23,-4.72,0.00,0
28,19,4892.99,6600.00,2,102,-93.12,-42.71,20.98,1
28,20,6200.00,7600.00,3,108,-75.03,0.71,0.00,0
28,21,4800.00,3600.00,1,91,-79.44,-20.30,0.00,0
28,22,1200.00,5952.81,1,5,-120.00,-55.60,22.87,0
28,23,6000.00,2000.00,2,45,-107.99,-46.95,0.00,0
28,24,5491.77,7000.00,2,108,-67.92,-5.46,56.90,0
28,25,1000.00,6936.83,1,6,-103.76,-41.08,46.91,1
28,26,1612.29,5800.00,2,4,-107.21,-46.87,24.32,0
28,27,1400.00,2200.00,0,83,-92.19,-8.02,0.00,0
28,28,4800.00,6200.00,0,102,-84.42,-17.22,0.00,0
28,29,5510.45,6400.00,2,102,-106.43,-44.31,42.99,0
28,30,1600.00,7800.00,2,105,-73.40,-6.86,0.00,0
28,31,1600.00,2600.00,2,83,-70.97,-6.12,0.00,0
28,32,7800.00,7495.44,3,110,-58.10,10.83,37.43,0
28,33,8400.00,2400.00,0,88,-72.82,-11.59,0.00,0
28,34,7000.00,5113.56,1,98,-80.83,-10.82,57.89,0
28,35,3200.00,7600.00,3,106,-69.60,-7.44,0.00,0
28,36,7200.00,5400.00,3,64,-85.94,-11.11,0.00,0
28,37,3600.00,3874.92,3,90,-51.34,17.90,21.73,0
28,38,2558.69,8000.00,2,22,-94.11,-25.42,52.65,0
28,39,1200.00,6763.79,3,5,-90.63,-29.17,51.54,0
28,40,1600.00,4800.00,1,94,-69.18,-2.73,0.00,0
28,41,2806.13,3800.00,2,89,-53.84,7.81,24.57,0
28,42,2400.00,7200.00,3,105,-76.47,-14.04,0.00,0
28,43,2600.00,4600.00,3,95,-49.10,15.17,0.00,0
28,44,3695.25,7800.00,2,29,-103.01,-37.23,56.26,0
28,45,7200.58,6400.00,2,104,-75.05,-8.54,33.08,0
28,46,6850.29,7000.00,0,109,-81.14,-10.88,40.23,0
28,47,1600.00,6585.33,1,5,-114.01,-48.51,32.50,0
28,48,8395.96,4200.00,2,70,-121.53,-49.69,24.99,1
28,49,5400.00,6800.00,0,108,-61.54,3.43,0.00,0
28,50,8000.00,7600.00,0,74,-57.99,-6.15,0.00,0
28,51,3590.49,7200.00,0,106,-79.80,-12.39,50.80,0
28,52,3200.00,3600.00,3,90,-58.61,1.33,0.00,0
28,53,3200.00,4600.00,3,95,-83.20,-19.30,0.00,0
28,54,6077.63,3800.00,2,92,-73.23,1.05,38.17,0
28,55,3800.00,2384.02,3,85,-72.01,-4.60,19.18,0
28,56,2077.93,4400.00,2,89,-89.08,-32.47,38.15,0
28,57,3320.99,4600.00,0,95,-66.81,1.05,21.56,0
28,58,1330.64,3000.00,2,83,-56.00,6.06,55.49,0
28,59,5023.23,5200.00,0,41,-87.14,-24.82,25.79,0
28,60,1000.00,5929.70,3,5,-117.29,-44.32,56.24,0
28,61,8600.00,4464.90,1,78,-90.37,-17.47,35.79,0
28,62,6117.73,5600.00,0,103,-53.00,8.92,58.66,0
28,63,7093.67,8000.00,2,67,-108.49,-41.64,56.55,0
28,64,1200.00,2349.58,3,1,-108.04,-45.08,40.33,0
28,65,4200.00,5400.00,1,34,-72.05,-7.65,0.00,0
28,66,5000.00,7718.43,1,44,-102.19,-34.64,56.85,0
28,67,1600.00,3000.00,3,83,-72.83,-7.58,0.00,0
28,68,5690.10,3400.00,2,47,-97.37,-23.40,29.38,0
28,69,8000.00,7800.00,0,74,-89.97,-22.77,0.00,0
28,70,7600.00,5998.78,1,104,-69.33,-6.96,24.78,0
28,71,2600.00,5000.00,1,95,-83.45,-30.09,0.00,0
28,72,5400.00,6800.00,3,108,-72.33,-6.24,0.00,0
28,73,5800.00,2209.83,1,86,-85.34,-23.40,25.23,0
28,74,2400.00,4423.60,1,89,-62.04,3.78,25.80,0
28,75,2800.00,6400.00,1,100,-41.24,28.68,0.00,0
28,76,6200.00,6126.68,1,103,-61.35,7.98,21.79,0
28,77,8800.00,4800.00,1,99,-62.08,4.08,0.00,0
28,78,5400.00,5400.00,1,97,-67.02,-3.59,0.00,0
28,79,8800.00,3366.29,1,77,-108.09,-39.02,23.43,0
28,80,5033.24,5400.00,2,41,-100.41,-40.66,31.73,0
28,81,4400.00,5743.40,3,102,-62.86,4.25,27.17,0
28,82,7000.00,7200.00,0,109,-73.77,-14.78,0.00,0
28,83,8600.00,5938.10,1,80,-108.51,-53.76,47.35,0
28,84,5472.16,6000.00,2,102,-78.61,-10.63,21.84,0
28,85,6836.88,7600.00,2,109,-88.07,-17.53,39.85,0
28,86,6000.00,7952.23,3,52,-111.65,-50.11,26.80,0
28,87,6000.00,2600.00,1,86,-76.51,-5.36,0.00,0
28,88,7200.00,6083.99,3,104,-72.47,0.42,58.34,0
28,89,4200.00,2400.00,0,85,-58.44,5.27,0.00,0
28,90,6954.21,8000.00,0,67,-103.13,-39.69,39.48,0
28,91,6720.20,4800.00,0,98,-48.16,16.02,57.70,0
28,92,4600.00,7916.08,3,37,-118.18,-51.83,20.02,0
28,93,3000.00,4949.26,3,95,-58.25,9.21,43.48,0
28,94,6676.53,6600.00,2,109,-66.45,-1.25,59.26,0
28,95,4000.00,3141.77,1,85,-89.59,-24.84,30.69,0
28,96,2400.00,7070.32,3,106,-61.72,14.32,30.19,0
28,97,2400.00,3200.00,0,84,-72.17,1.58,0.00,0
28,98,2291.84,4000.00,2,89,-50.13,21.10,37.58,0
28,99,8800.00,2353.50,3,76,-118.79,-50.34,53.78,0
29,0,2000.00,7602.04,3,14,-58.47,-13.75,39.92,0
29,1,2600.00,5266.57,1,95,-88.57,-30.18,53.25,0
29,2,7429.29,4800.00,0,98,-84.01,-27.57,50.03,0
29,3,6400.00,3166.58,3,87,-88.04,-26.20,50.93,0
29,4,8303.72,4400.00,2,99,-67.47,3.02,54.70,0
29,5,8200.00,3400.00,2,69,-83.54,-28.15,0.00,0
29,6,4000.00,3400.00,3,90,-74.10,-7.19,0.00,0
29,7,5000.00,3468.52,3,91,-97.38,-33.53,21.26,0
29,8,4400.00,6273.17,3,102,-82.61,-12.76,43.49,0
29,9,1400.00,3400.00,1,2,-103.90,-38.30,0.00,0
29,10,3287.27,6200.00,0,101,-72.53,-17.00,41.89,0
29,11,4000.00,2200.00,0,85,-72.29,-6.36,0.00,0
29,12,7230.61,5600.00,2,64,-95.79,-30.17,22.78,0
29,13,1800.00,5800.00,0,12,-97.86,-24.51,0.00,0
29,14,7000.00,4852.72,3,98,-86.21,-13.03,21.89,0
29,15,8400.00,5360.84,1,99,-63.09,4.06,57.73,0
29,16,4400.00,2000.00,2,30,-91.89,-19.91,0.00,0
29,17,3431.92,4400.00,2,90,-86.72,-17.47,22.72,0
29,18,7600.00,3000.00,0,87,-78.23,-4.72,0.00,0
29,19,4875.51,6600.00,2,102,-78.94,-34.98,20.98,0
29,20,6200.00,7600.00,3,108,-75.03,0.71,0.00,0
29,21,4800.00,3600.00,1,91,-79.44,-20.30,0.00,0
29,22,1200.00,5971.87,1,5,-115.93,-40.03,22.87,0
29,23,6000.00,2000.00,2,45,-107.99,-46.95,0.00,0
29,24,5444.35,7000.00,2,108,-84.14,-17.54,56.90,0
29,25,1000.00,6975.92,1,6,-113.99,-56.13,46.91,0
29,26,1600.00,5807.98,1,4,-122.05,-63.36,24.32,0
29,27,1400.00,2200.00,0,83,-92.19,-8.02,0.00,0
29,28,4800.00,6200.00,0,102,-84.42,-17.22,0.00,0
29,29,5474.62,6400.00,2,102,-91.17,-25.21,42.99,0
29,30,1600.00,7800.00,2,105,-73.40,-6.86,0.00,0
29,31,1600.00,2600.00,2,83,-70.97,-6.12,0.00,0
29,32,7800.00,7464.25,3,110,-52.37,7.81,37.43,0
29,33,8400.00,2400.00,0,88,-72.82,-11.59,0.00,0
29,34,7000.00,5161.80,1,98,-69.03,-3.40,57.89,0
29,35,3200.00,7600.00,3,106,-69.60,-7.44,0.00,0
29,36,7200.00,5400.00,3,64,-85.94,-11.11,0.00,0
29,37,3600.00,3856.81,3,90,-66.87,-9.51,21.73,0
29,38,2514.81,8000.00,2,22,-99.66,-58.17,52.65,0
29,39,1200.00,6720.84,3,5,-91.76,-28.69,51.54,0
29,40,1600.00,4800.00,1,94,-69.18,-2.73,0.00,0
29,41,2800.00,3814.35,1,89,-60.70,0.77,24.57,0
29,42,2400.00,7200.00,3,105,-76.47,-14.04,0.00,0
29,43,2600.00,4600.00,3,95,-49.10,15.17,0.00,0
29,44,3648.37,7800.00,2,29,-105.70,-38.91,56.26,0
29,45,7200.00,6400.00,0,104,-85.78,-30.42,0.00,0
29,46,6883.82,7000.00,0,109,-69.98,-11.28,40.23,0
29,47,1600.00,6600.00,0,5,-121.22,-64.26,0.00,0
29,48,8375.13,4200.00,2,70,-115.49,-39.42,24.99,0
29,49,5400.00,6800.00,0,108,-61.54,3.43,0.00,0
29,50,8000.00,7600.00,0,74,-57.99,-6.15,0.00,0
29,51,3600.00,7232.82,1,106,-75.49,-2.13,50.80,0
29,52,3200.00,3600.00,3,90,-58.61,1.33,0.00,0
29,53,3200.00,4584.77,3,95,-93.71,-28.21,18.27,0
29,54,6045.82,3800.00,2,92,-86.28,-21.59,38.17,0
29,55,3800.00,2352.06,3,85,-83.03,-20.75,38.35,0
29,56,2046.14,4400.00,2,89,-70.29,-14.10,38.15,0
29,57,3338.96,4600.00,0,95,-65.66,2.02,21.56,0
29,58,1284.39,3000.00,2,83,-58.68,-1.12,55.49,0
29,59,5044.72,5200.00,0,41,-87.63,-23.43,25.79,0
29,60,1000.00,5882.83,3,5,-118.05,-47.08,56.24,0
29,61,8600.00,4494.72,1,78,-85.29,-6.53,35.79,0
29,62,6166.61,5600.00,0,103,-54.54,14.96,58.66,0
29,63,7046.54,8000.00,2,67,-115.64,-44.00,56.55,0
29,64,1200.00,2315.97,3,0,-96.16,-32.47,40.33,1
29,65,4200.00,5400.00,1,34,-72.05,-7.65,0.00,0
29,66,5000.00,7765.80,1,44,-101.55,-34.26,56.85,0
29,67,1600.00,3000.00,3,83,-72.83,-7.58,0.00,0
29,68,5665.62,3400.00,2,47,-94.37,-28.74,29.38,0
29,69,8000.00,7800.00,0,74,-89.97,-22.77,0.00,0
29,70,7619.43,6000.00,0,104,-54.55,-10.14,24.78,0
29,71,2600.00,5000.00,1,95,-83.45,-30.09,0.00,0
29,72,5400.00,6800.00,3,108,-72.33,-6.24,0.00,0
29,73,5800.00,2230.85,1,86,-95.32,-32.29,25.23,0
29,74,2400.00,4445.10,1,89,-59.99,7.09,25.80,0
29,75,2800.00,6400.00,1,100,-41.24,28.68,0.00,0
29,76,6200.00,6144.85,1,103,-62.54,-4.04,21.79,0
29,77,8800.00,4800.00,1,99,-62.08,4.08,0.00,0
29,78,5400.00,5400.00,1,97,-67.02,-3.59,0.00,0
29,79,8800.00,3385.81,1,77,-109.43,-46.40,23.43,0
29,80,5006.80,5400.00,2,41,-101.23,-43.58,31.73,0
29,81,4400.00,5720.76,3,102,-76.11,-14.32,27.17,0
29,82,7000.00,7200.00,0,109,-73.77,-14.78,0.00,0
29,83,8600.00,5977.55,1,80,-104.94,-39.00,47.35,0
29,84,5453.96,6000.00,2,102,-69.84,-3.92,21.84,0
29,85,6803.67,7600.00,2,109,-75.08,-11.43,39.85,0
29,86,6000.00,7929.90,3,52,-115.04,-61.97,26.80,0
29,87,6000.00,2600.00,1,86,-76.51,-5.36,0.00,0
29,88,7200.00,6035.38,3,104,-72.80,-5.86,58.34,0
29,89,4200.00,2400.00,0,85,-58.44,5.27,0.00,0
29,90,6987.12,8000.00,0,67,-100.23,-36.15,39.48,0
29,91,6768.28,4800.00,0,98,-59.17,-4.36,57.70,0
29,92,4600.00,7899.39,3,37,-103.97,-40.03,20.02,0
29,93,3000.00,4913.03,3,95,-65.82,5.40,43.48,0
29,94,6627.14,6600.00,2,103,-62.71,0.18,59.26,1
29,95,4000.00,3167.35,1,85,-100.43,-37.98,30.69,0
29,96,2400.00,7045.16,3,106,-67.88,6.01,30.19,0
29,97,2400.00,3200.00,0,84,-72.17,1.58,0.00,0
29,98,2260.53,4000.00,2,89,-34.47,34.00,37.58,0
29,99,8800.00,2308.68,3,76,-107.25,-31.39,53.78,0
30,0,2031.22,7600.00,0,14,-72.91,-17.18,39.92,0
30,1,2600.00,5310.95,1,95,-66.86,3.38,53.25,0
30,2,7470.98,4800.00,0,98,-84.84,-24.14,50.03,0
30,3,6400.00,3124.14,3,87,-84.21,-29.78,50.93,0
30,4,8258.14,4400.00,2,99,-91.01,-26.43,54.70,0
30,5,8200.00,3400.00,2,69,-83.54,-28.15,0.00,0
30,6,4000.00,3400.00,3,90,-74.10,-7.19,0.00,0
30,7,5000.00,3450.80,3,91,-83.13,-22.03,21.26,0
30,8,4400.00,6236.93,3,102,-92.83,-27.00,43.49,0
30,9,1400.00,3400.00,1,2,-103.90,-38.30,0.00,0
30,10,3322.18,6200.00,0,101,-71.54,-6.04,41.89,0
30,11,4000.00,2200.00,0,85,-72.29,-6.36,0.00,0
30,12,7211.63,5600.00,2,64,-97.68,-30.39,22.78,0
30,13,1814.67,5800.00,0,12,-95.72,-21.01,17.60,0
30,14,7000.00,4834.48,3,98,-104.37,-35.69,21.89,0
30,15,8400.00,5391.04,3,99,-84.78,-11.82,57.73,0
30,16,4400.00,2000.00,2,30,-91.89,-19.91,0.00,0
30,17,3412.99,4400.00,2,90,-100.54,-28.54,22.72,0
30,18,7600.00,3000.00,0,87,-78.23,-4.72,0.00,0
30,19,4858.03,6600.00,2,102,-91.19,-33.15,20.98,0
30,20,6200.00,7600.00,3,108,-75.03,0.71,0.00,0
30,21,4800.00,3600.00,1,91,-79.44,-20.30,0.00,0
30,22,1200.00,5990.94,1,5,-99.63,-31.51,22.87,0
30,23,6000.00,2000.00,2,45,-107.99,-46.95,0.00,0
30,24,5403.07,7000.00,0,108,-38.92,31.73,56.90,0
30,25,1000.00,6984.99,3,6,-100.72,-37.26,46.91,0
30,26,1600.00,5828.25,1,5,-90.87,-22.46,24.32,1
30,27,1400.00,2200.00,0,83,-92.19,-8.02,0.00,0
30,28,4819.91,6200.00,0,102,-74.13,-20.39,23.90,0
30,29,5438.80,6400.00,2,102,-82.82,-17.39,42.99,0
30,30,1600.00,7800.00,2,105,-73.40,-6.86,0.00,0
30,31,1600.00,2600.00,2,83,-70.97,-6.12,0.00,0
30,32,7800.00,7433.06,3,110,-52.98,14.25,37.43,0
30,33,8400.00,2400.00,0,88,-72.82,-11.59,0.00,0
30,34,6989.96,5200.00,2,98,-63.50,1.67,57.89,0
30,35,3200.00,7600.00,3,106,-69.60,-7.44,0.00,0
30,36,7200.00,5400.00,3,64,-85.94,-11.11,0.00,0
30,37,3600.00,3838.71,3,90,-68.79,-7.55,21.73,0
30,38,2470.93,8000.00,2,22,-121.45,-54.23,52.65,0
30,39,1200.00,6677.89,3,5,-102.83,-34.03,51.54,0
30,40,1600.00,4819.47,1,94,-59.81,11.25,23.36,0
30,41,2800.00,3834.83,1,89,-55.13,11.82,24.57,0
30,42,2400.00,7200.00,3,105,-76.47,-14.04,0.00,0
30,43,2600.00,4600.00,3,95,-49.10,15.17,0.00,0
30,44,3601.49,7800.00,2,29,-89.04,-27.45,56.26,0
30,45,7200.00,6400.00,0,104,-85.78,-30.42,0.00,0
30,46,6917.34,7000.00,0,109,-81.45,-15.40,40.23,0
30,47,1600.00,6600.00,0,5,-121.22,-64.26,0.00,0
30,48,8354.30,4200.00,2,70,-116.40,-46.97,24.99,0
30,49,5400.00,6800.00,0,108,-61.54,3.43,0.00,0
30,50,8000.00,7600.00,0,74,-57.99,-6.15,0.00,0
30,51,3600.00,7275.15,1,106,-60.59,18.00,50.80,0
30,52,3200.00,3600.00,3,90,-58.61,1.33,0.00,0
30,53,3200.00,4554.32,3,95,-99.56,-40.36,36.54,0
30,54,6014.01,3800.00,2,92,-89.54,-22.22,38.17,0
30,55,3800.00,2320.09,3,85,-87.64,-20.51,38.35,0
30,56,2014.34,4400.00,2,89,-71.44,0.53,38.15,0
30,57,3356.92,4600.00,0,95,-82.55,-8.81,21.56,0
30,58,1238.15,3000.00,2,83,-82.35,-11.92,55.49,0
30,59,5066.21,5200.00,0,41,-96.75,-38.98,25.79,0
30,60,1000.00,5835.97,3,5,-114.57,-48.61,56.24,0
30,61,8600.00,4524.55,1,99,-82.75,-4.07,35.79,1
30,62,6200.00,5615.49,1,103,-55.88,11.74,58.66,0
30,63,7000.00,7999.41,3,67,-90.12,-25.88,56.55,0
30,64,1200.00,2282.36,3,0,-104.77,-34.26,40.33,0
30,65,4200.00,5400.00,1,34,-72.05,-7.65,0.00,0
30,66,5013.17,7800.00,0,44,-108.76,-44.00,56.85,0
30,67,1600.00,3000.00,3,83,-72.83,-7.58,0.00,0
30,68,5641.14,3400.00,2,47,-117.47,-58.97,29.38,0
30,69,8000.00,7800.00,0,74,-89.97,-22.77,0.00,0
30,70,7640.08,6000.00,0,104,-52.61,12.56,24.78,0
30,71,2600.00,5000.00,1,95,-83.45,-30.09,0.00,0
30,72,5400.00,6785.02,3,108,-52.87,12.54,17.97,0
30,73,5800.00,2251.88,1,86,-77.27,-10.11,25.23,0
30,74,2400.00,4466.60,1,89,-80.77,-13.87,25.80,0
30,75,2800.00,6419.09,1,100,-34.17,20.06,22.90,0
30,76,6200.00,6163.01,1,103,-65.59,-18.98,21.79,0
30,77,8800.00,4800.00,1,99,-62.08,4.08,0.00,0
30,78,5400.00,5400.00,1,97,-67.02,-3.59,0.00,0
30,79,8794.66,3400.00,2,77,-108.68,-36.45,23.43,0
30,80,5000.00,5380.36,3,41,-117.04,-56.58,31.73,0
30,81,4400.00,5698.12,3,102,-85.86,-22.73,27.17,0
30,82,7000.00,7200.00,0,109,-73.77,-14.78,0.00,0
30,83,8617.01,6000.00,0,80,-104.97,-42.00,47.35,0
30,84,5435.76,6000.00,2,102,-68.18,-5.05,21.84,0
30,85,6800.00,7600.00,0,109,-70.57,-7.01,0.00,0
30,86,6000.00,7907.56,3,59,-103.92,-58.71,26.80,1
30,87,6000.00,2600.00,1,86,-76.51,-5.36,0.00,0
30,88,7200.00,5986.76,3,104,-35.77,30.18,58.34,0
30,89,4200.00,2400.00,0,85,-58.44,5.27,0.00,0
30,90,7000.00,8000.00,3,67,-106.52,-37.42,0.00,0
30,91,6800.00,4783.64,3,98,-94.50,-37.62,57.70,0
30,92,4600.00,7882.71,3,37,-115.45,-48.95,20.02,0
30,93,3000.00,4876.80,3,95,-71.59,-8.27,43.48,0
30,94,6577.76,6600.00,2,103,-65.16,-4.81,59.26,0
30,95,4000.00,3192.93,1,31,-108.69,-41.78,30.69,1
30,96,2400.00,7020.00,3,106,-77.91,-14.85,30.19,0
30,97,2400.00,3200.00,0,84,-72.17,1.58,0.00,0
30,98,2229.21,4000.00,2,89,-50.41,17.51,37.58,0
30,99,8800.00,2263.86,3,76,-107.43,-46.26,53.78,0
31,0,2064.49,7600.00,0,105,-52.56,19.48,39.92,1
31,1,2600.00,5355.33,1,95,-70.23,-4.98,53.25,0
31,2,7512.67,4800.00,0,98,-64.83,-11.09,50.03,0
31,3,6400.00,3081.70,3,87,-71.66,-4.12,50.93,0
31,4,8212.56,4400.00,2,99,-80.87,-20.24,54.70,0
31,5,8200.00,3400.00,2,69,-83.54,-28.15,0.00,0
31,6,4000.00,3400.00,3,90,-74.10,-7.19,0.00,0
31,7,5000.00,3433.09,3,91,-80.88,-21.75,21.26,0
31,8,4400.00,6200.69,3,102,-70.15,-5.01,43.49,0
31,9,1400.00,3413.68,1,2,-107.00,-37.85,16.42,0
31,10,3357.09,6200.00,0,101,-59.40,0.62,41.89,0
31,11,4000.00,2200.00,0,85,-72.29,-6.36,0.00,0
31,12,7192.65,5600.00,2,64,-97.02,-29.38,22.78,0
31,13,1844.00,5800.00,0,12,-102.36,-31.22,35.20,0
31,14,7000.00,4816.23,3,63,-95.87,-33.21,21.89,1
31,15,8400.00,5342.93,3,99,-79.28,-6.25,57.73,0
31,16,4400.00,2000.00,2,30,-91.89,-19.91,0.00,0
31,17,3400.00,4405.95,1,90,-59.32,9.10,22.72,0
31,18,7600.00,3000.00,0,87,-78.23,-4.72,0.00,0
31,19,4840.54,6600.00,2,102,-86.42,-25.54,20.98,0
31,20,6200.00,7581.06,3,108,-86.09,-19.35,22.72,0
31,21,4800.00,3600.00,1,91,-79.44,-20.30,0.00,0
31,22,1200.00,6000.00,3,5,-98.70,-25.11,0.00,0
31,23,6000.00,2000.00,2,45,-107.99,-46.95,0.00,0
31,24,5450.49,7000.00,0,108,-54.77,12.14,56.90,0
31,25,1000.00,6945.89,3,6,-107.50,-40.81,46.91,0
31,26,1600.00,5848.51,1,4,-107.74,-37.35,24.32,1
31,27,1400.00,2200.00,0,83,-92.19,-8.02,0.00,0
31,28,4859.74,6200.00,0,102,-70.63,-7.94,47.79,0
31,29,5402.98,6400.00,2,102,-56.81,8.32,42.99,0
31,30,1600.00,7800.00,2,105,-73.40,-6.86,0.00,0
31,31,1600.00,2600.00,2,83,-70.97,-6.12,0.00,0
31,32,7800.00,7401.87,3,110,-53.61,17.22,37.43,0
31,33,8400.00,2400.00,0,88,-72.82,-11.59,0.00,0
31,34,6941.73,5200.00,2,98,-59.60,7.82,57.89,0
31,35,3200.00,7600.00,3,106,-69.60,-7.44,0.00,0
31,36,7200.00,5386.12,3,98,-78.61,-7.81,16.65,1
31,37,3600.00,3820.60,3,90,-58.29,-12.19,21.73,0
31,38,2427.06,8000.00,2,22,-99.08,-31.99,52.65,0
31,39,1200.00,6634.94,3,5,-92.65,-29.40,51.54,0
31,40,1600.00,4858.40,1,94,-64.88,-4.66,46.72,0
31,41,2800.00,3855.31,1,89,-53.68,5.59,24.57,0
31,42,2400.00,7200.00,3,105,-76.47,-14.04,0.00,0
31,43,2600.00,4576.42,3,95,-51.70,13.26,28.30,0
31,44,3600.00,7845.40,1,29,-111.65,-46.36,56.26,0
31,45,7200.00,6400.00,0,104,-85.78,-30.42,0.00,0
31,46,6950.87,7000.00,0,109,-91.96,-31.51,40.23,0
31,47,1600.00,6600.00,0,5,-121.22,-64.26,0.00,0
31,48,8333.47,4200.00,2,70,-110.58,-45.47,24.99,0
31,49,5400.00,6800.00,0,108,-61.54,3.43,0.00,0
31,50,8000.00,7600.00,0,74,-57.99,-6.15,0.00,0
31,51,3600.00,7317.48,1,106,-78.37,-8.38,50.80,0
31,52,3200.00,3600.00,3,90,-58.61,1.33,0.00,0
31,53,3200.00,4523.86,3,95,-89.67,-38.99,36.54,0
31,54,6000.00,3782.21,3,92,-76.27,-12.93,38.17,0
31,55,3800.00,2288.13,3,85,-75.96,-13.26,38.35,0
31,56,1982.55,4400.00,2,89,-73.66,-12.65,38.15,0
31,57,3374.89,4600.00,0,95,-52.50,22.16,21.56,0
31,58,1208.09,3000.00,0,1,-98.51,-34.17,55.49,1
31,59,5087.70,5200.00,0,97,-80.61,-21.28,25.79,1
31,60,1010.90,5800.00,0,4,-117.56,-58.10,56.24,1
31,61,8600.00,4554.37,1,99,-76.90,1.78,35.79,0
31,62,6200.00,5664.38,1,103,-73.20,-0.40,58.66,0
31,63,7000.00,7952.28,3,67,-77.56,-22.09,56.55,0
31,64,1200.00,2248.75,3,0,-95.22,-27.26,40.33,0
31,65,4200.00,5400.00,1,34,-72.05,-7.65,0.00,0
31,66,5060.54,7800.00,0,44,-112.96,-48.08,56.85,0
31,67,1600.00,2981.76,3,83,-79.03,-11.02,21.88,0
31,68,5616.66,3400.00,2,47,-116.38,-46.12,29.38,0
31,69,8000.00,7800.00,0,74,-89.97,-22.77,0.00,0
31,70,7660.73,6000.00,0,104,-68.36,-9.36,24.78,0
31,71,2600.00,5000.00,1,95,-83.45,-30.09,0.00,0
31,72,5400.00,6755.07,3,108,-63.17,4.83,35.94,0
31,73,5800.00,2272.91,1,86,-81.01,-11.56,25.23,0
31,74,2400.00,4488.11,1,89,-79.37,-5.84,25.80,0
31,75,2800.00,6457.26,1,100,-58.58,13.19,45.81,0
31,76,6200.00,6181.17,1,103,-71.50,-4.21,21.79,0
31,77,8800.00,4800.00,1,99,-62.08,4.08,0.00,0
31,78,5400.00,5400.00,1,97,-67.02,-3.59,0.00,0
31,79,8775.13,3400.00,2,77,-115.48,-52.61,23.43,0
31,80,5000.00,5353.92,3,41,-116.28,-49.63,31.73,0
31,81,4400.00,5675.47,3,102,-66.71,-9.49,27.17,0
31,82,7014.14,7200.00,0,109,-64.85,2.58,16.97,0
31,83,8656.47,6000.00,0,80,-108.59,-44.86,47.35,0
31,84,5417.56,6000.00,2,102,-59.29,9.62,21.84,0
31,85,6800.00,7600.00,0,109,-70.57,-7.01,0.00,0
31,86,6000.00,7885.22,3,59,-106.39,-47.21,26.80,0
31,87,6000.00,2600.00,1,86,-76.51,-5.36,0.00,0
31,88,7200.00,5938.14,3,104,-57.62,-0.73,58.34,0
31,89,4200.00,2400.00,0,85,-58.44,5.27,0.00,0
31,90,7000.00,8000.00,3,67,-106.52,-37.42,0.00,0
31,91,6800.00,4735.56,3,98,-90.82,-28.24,57.70,0
31,92,4600.00,7866.02,3,44,-102.65,-36.87,20.02,1
31,93,3000.00,4840.56,3,95,-50.16,9.59,43.48,0
31,94,6528.37,6600.00,2,58,-86.92,-24.88,59.26,1
31,95,4000.00,3200.00,2,85,-52.61,10.90,0.00,1
31,96,2400.00,7000.00,1,106,-68.72,1.53,0.00,0
31,97,2400.00,3200.00,0,84,-72.17,1.58,0.00,0
31,98,2200.00,4000.00,3,89,-42.09,24.33,0.00,0
31,99,8800.00,2219.04,3,76,-106.66,-44.86,53.78,0
32,0,2097.75,7600.00,0,105,-62.09,12.22,39.92,0
32,1,2600.00,5399.70,1,95,-89.16,-19.57,53.25,0
32,2,7554.36,4800.00,0,98,-79.51,-19.89,50.03,0
32,3,6400.00,3039.26,3,87,-85.59,-14.15,50.93,0
32,4,8233.02,4400.00,0,99,-97.79,-23.14,54.70,0
32,5,8186.43,3400.00,2,69,-85.76,-17.57,16.29,0
32,6,4000.00,3400.00,3,90,-74.10,-7.19,0.00,0
32,7,5000.00,3415.37,3,91,-83.08,-20.19,21.26,0
32,8,4400.00,6164.46,3,102,-79.98,-15.42,43.49,0
32,9,1400.00,3441.04,1,2,-98.62,-26.80,32.84,0
32,10,3392.00,6200.00,0,101,-78.89,-17.86,41.89,0
32,11,4000.00,2200.00,0,85,-72.29,-6.36,0.00,0
32,12,7173.68,5600.00,2,64,-109.90,-41.53,22.78,0
32,13,1873.33,5800.00,0,12,-95.72,-26.08,35.20,0
32,14,7000.00,4800.00,2,98,-89.91,-32.59,0.00,1
32,15,8400.00,5294.82,3,99,-47.30,28.85,57.73,0
32,16,4400.00,2000.00,2,30,-91.89,-19.91,0.00,0
32,17,3400.00,4424.89,1,90,-85.86,-28.99,22.72,0
32,18,7600.00,3000.00,0,87,-78.23,-4.72,0.00,0
32,19,4823.06,6600.00,2,102,-78.00,-23.68,20.98,0
32,20,6200.00,7543.19,3,108,-87.33,-18.03,45.44,0
32,21,4800.00,3600.00,1,91,-79.44,-20.30,0.00,0
32,22,1200.00,6000.00,3,5,-98.70,-25.11,0.00,0
32,23,6000.00,2000.00,2,45,-107.99,-46.95,0.00,0
32,24,5497.91,7000.00,0,108,-92.09,-18.45,56.90,0
32,25,1000.00,6906.80,3,6,-102.75,-27.73,46.91,0
32,26,1600.00,5868.78,1,4,-102.26,-44.19,24.32,0
32,27,1400.00,2200.00,0,83,-92.19,-8.02,0.00,0
32,28,4899.57,6200.00,0,102,-56.83,13.70,47.79,0
32,29,5400.00,6367.16,3,102,-76.20,-4.35,42.99,0
32,30,1600.00,7800.00,2,105,-73.40,-6.86,0.00,0
32,31,1578.05,2600.00,2,83,-59.07,14.16,26.34,0
32,32,7800.00,7400.00,2,110,-66.69,-4.92,0.00,0
32,33,8400.00,2400.00,0,88,-72.82,-11.59,0.00,0
32,34,6893.49,5200.00,2,98,-57.25,5.82,57.89,0
32,35,3200.00,7600.00,3,106,-69.60,-7.44,0.00,0
32,36,7200.00,5358.36,3,98,-52.20,18.45,33.31,0
32,37,3600.00,3802.49,3,90,-54.60,6.37,21.73,0
32,38,2383.18,8000.00,2,22,-101.13,-31.88,52.65,0
32,39,1200.00,6608.01,1,5,-107.02,-43.60,51.54,0
32,40,1600.00,4897.33,1,94,-81.96,-9.33,46.72,0
32,41,2800.00,3875.79,1,89,-70.52,-5.72,24.57,0
32,42,2400.00,7200.00,3,105,-76.47,-14.04,0.00,0
32,43,2600.00,4529.25,3,95,-59.69,9.04,56.60,0
32,44,3600.00,7892.28,1,29,-118.07,-62.96,56.26,0
32,45,7200.00,6400.00,0,104,-85.78,-30.42,0.00,0
32,46,6984.40,7000.00,0,109,-79.23,-11.09,40.23,0
32,47,1600.00,6600.00,0,5,-121.22,-64.26,0.00,0
32,48,8312.64,4200.00,2,70,-108.53,-54.01,24.99,0
32,49,5400.00,6800.00,0,108,-61.54,3.43,0.00,0
32,50,8000.00,7600.00,0,74,-57.99,-6.15,0.00,0
32,51,3600.00,7359.81,1,106,-76.29,-25.60,50.80,0
32,52,3200.00,3600.00,3,90,-58.61,1.33,0.00,0
32,53,3200.00,4493.41,3,95,-63.86,-9.92,36.54,0
32,54,6000.00,3750.40,3,92,-63.79,-7.22,38.17,0
32,55,3800.00,2256.17,3,85,-65.87,3.81,38.35,0
32,56,1950.75,4400.00,2,89,-75.99,-2.38,38.15,0
32,57,3392.85,4600.00,0,95,-45.07,20.25,21.56,0
32,58,1254.33,3000.00,0,83,-104.98,-37.73,55.49,1
32,59,5109.19,5200.00,0,97,-83.77,-23.79,25.79,0
32,60,1057.76,5800.00,0,4,-122.05,-56.64,56.24,0
32,61,8600.00,4584.20,1,78,-93.47,-36.14,35.79,1
32,62,6200.00,5713.26,1,103,-74.56,-5.49,58.66,0
32,63,7000.00,7905.15,3,67,-94.83,-27.12,56.55,0
32,64,1200.00,2215.13,3,0,-103.90,-27.47,40.33,0
32,65,4200.00,5400.00,1,34,-72.05,-7.65,0.00,0
32,66,5107.91,7800.00,0,44,-94.25,-24.29,56.85,0
32,67,1600.00,2945.29,3,83,-63.01,7.10,43.77,0
32,68,5600.00,3392.18,3,47,-95.21,-26.05,29.38,0
32,69,8000.00,7800.00,0,74,-89.97,-22.77,0.00,0
32,70,7681.37,6000.00,0,104,-62.49,3.59,24.78,0
32,71,2600.00,5000.00,1,95,-83.45,-30.09,0.00,0
32,72,5400.00,6725.12,3,108,-71.75,-2.97,35.94,0
32,73,5800.00,2293.94,1,86,-65.13,3.83,25.23,0
32,74,2400.00,4509.61,1,89,-86.29,-15.20,25.80,0
32,75,2800.00,6495.44,1,100,-77.92,-8.90,45.81,0
32,76,6200.00,6199.33,1,103,-78.81,-10.65,21.79,0
32,77,8800.00,4800.00,1,99,-62.08,4.08,0.00,0
32,78,5400.00,5417.42,1,97,-68.95,-10.73,20.90,0
32,79,8755.60,3400.00,2,77,-105.98,-31.74,23.43,0
32,80,5000.00,5327.48,3,41,-120.66,-47.25,31.73,0
32,81,4400.00,5652.83,3,102,-78.57,-22.21,27.17,0
32,82,7042.41,7200.00,0,109,-49.96,-1.42,33.93,0
32,83,8695.92,6000.00,0,80,-95.32,-27.51,47.35,0
32,84,5400.00,5999.36,3,102,-89.08,-18.82,21.84,0
32,85,6800.00,7600.00,0,109,-70.57,-7.01,0.00,0
32,86,6000.00,7862.88,3,59,-105.80,-50.82,26.80,0
32,87,6000.00,2622.63,1,86,-71.19,1.62,27.16,0
32,88,7200.00,5889.53,3,104,-93.30,-28.76,58.34,0
32,89,4200.00,2400.00,0,85,-58.44,5.27,0.00,0
32,90,7000.00,8000.00,3,67,-106.52,-37.42,0.00,0
32,91,6800.00,4687.48,3,98,-78.39,-9.67,57.70,0
32,92,4600.00,7849.33,3,37,-107.42,-48.90,20.02,1
32,93,3000.00,4804.33,3,95,-51.85,5.54,43.48,0
32,94,6478.98,6600.00,2,103,-88.37,-22.24,59.26,1
32,95,4000.00,3200.00,2,85,-52.61,10.90,0.00,0
32,96,2400.00,7000.00,1,106,-68.72,1.53,0.00,0
32,97,2400.00,3200.00,0,84,-72.17,1.58,0.00,0
32,98,2200.00,4000.00,3,89,-42.09,24.33,0.00,0
32,99,8800.00,2174.22,3,75,-98.89,-22.03,53.78,1
33,0,2131.02,7600.00,0,105,-69.29,8.07,39.92,0
33,1,2600.00,5444.08,1,95,-83.18,-4.87,53.25,0
33,2,7596.05,4800.00,0,63,-103.75,-55.73,50.03,1
33,3,6396.82,3000.00,2,87,-80.64,-9.93,50.93,0
33,4,8278.60,4400.00,0,99,-93.91,-24.05,54.70,0
33,5,8159.28,3400.00,2,69,-94.47,-26.36,32.58,0
33,6,4000.00,3400.00,3,90,-74.10,-7.19,0.00,0
33,7,5000.00,3400.00,1,91,-73.89,-13.07,0.00,0
33,8,4400.00,6128.22,3,102,-87.65,-24.85,43.49,0
33,9,1400.00,3468.41,1,2,-121.16,-57.26,32.84,0
33,10,3400.00,6173.09,3,101,-73.33,-12.87,41.89,0
33,11,4000.00,2200.00,0,85,-72.29,-6.36,0.00,0
33,12,7154.70,5600.00,2,64,-106.26,-42.83,22.78,0
33,13,1902.66,5800.00,0,100,-59.46,8.90,35.20,1
33,14,7000.00,4800.00,2,98,-89.91,-32.59,0.00,0
33,15,8400.00,5246.71,3,99,-80.66,-13.09,57.73,0
33,16,4400.00,2000.00,2,30,-91.89,-19.91,0.00,0
33,17,3400.00,4443.82,1,90,-73.36,-1.74,22.72,0
33,18,7600.00,3000.00,0,87,-78.23,-4.72,0.00,0
33,19,4805.58,6600.00,2,102,-81.22,-26.63,20.98,0
33,20,6200.00,7505.32,3,108,-85.22,-23.55,45.44,0
33,21,4800.00,3600.00,1,91,-79.44,-20.30,0.00,0
33,22,1200.00,6000.00,3,5,-98.70,-25.11,0.00,0
33,23,6000.00,2000.00,2,45,-107.99,-46.95,0.00,0
33,24,5545.34,7000.00,0,108,-77.15,-12.23,56.90,0
33,25,1000.00,6867.71,3,6,-97.86,-22.06,46.91,0
33,26,1600.00,5889.04,1,5,-115.76,-46.80,24.32,1
33,27,1400.00,2200.00,0,83,-92.19,-8.02,0.00,0
33,28,4939.39,6200.00,0,102,-82.52,-14.90,47.79,0
33,29,5400.00,6331.34,3,102,-55.47,10.25,42.99,0
33,30,1600.00,7800.00,2,105,-73.40,-6.86,0.00,0
33,31,1534.15,2600.00,2,83,-62.39,2.33,52.68,0
33,32,7800.00,7400.00,2,110,-66.69,-4.92,0.00,0
33,33,8400.00,2400.00,0,88,-72.82,-11.59,0.00,0
33,34,6845.25,5200.00,2,98,-89.28,-24.41,57.89,0
33,35,3200.00,7600.00,3,106,-69.60,-7.44,0.00,0
33,36,7200.00,5330.61,3,98,-63.62,-2.51,33.31,0
33,37,3600.00,3784.39,3,90,-77.92,-16.29,21.73,0
33,38,2339.31,8000.00,2,22,-109.14,-38.54,52.65,0
33,39,1200.00,6650.95,1,5,-100.57,-39.49,51.54,0
33,40,1600.00,4936.26,1,94,-56.63,21.78,46.72,0
33,41,2800.00,3896.27,1,89,-78.09,-6.02,24.57,0
33,42,2400.00,7187.00,3,105,-77.83,-25.06,15.60,0
33,43,2600.00,4482.09,3,95,-55.08,9.85,56.60,0
33,44,3600.00,7939.17,1,29,-115.12,-51.04,56.26,0
33,45,7200.00,6400.00,0,104,-85.78,-30.42,0.00,0
33,46,7000.00,6982.08,3,109,-38.93,17.37,40.23,0
33,47,1600.00,6600.00,0,5,-121.22,-64.26,0.00,0
33,48,8291.82,4200.00,2,70,-113.55,-57.43,24.99,0
33,49,5400.00,6800.00,0,108,-61.54,3.43,0.00,0
33,50,8000.00,7600.00,0,74,-57.99,-6.15,0.00,0
33,51,3602.14,7400.00,0,29,-112.31,-53.93,50.80,1
33,52,3200.00,3582.63,3,90,-67.13,-1.85,20.85,0
33,53,3200.00,4462.96,3,95,-61.66,-3.24,36.54,0
33,54,6000.00,3718.60,3,92,-77.73,-15.08,38.17,0
33,55,3800.00,2224.21,3,85,-53.69,12.66,38.35,0
33,56,1918.96,4400.00,2,89,-83.53,-14.15,38.15,0
33,57,3400.00,4600.00,1,95,-85.69,-23.68,0.00,0
33,58,1300.57,3000.00,0,83,-78.92,-10.78,55.49,0
33,59,5130.68,5200.00,0,97,-82.21,-21.51,25.79,0
33,60,1104.63,5800.00,0,4,-112.82,-53.45,56.24,0
33,61,8600.00,4600.00,0,99,-83.45,-15.16,0.00,1
33,62,6200.00,5762.14,1,103,-74.33,-14.24,58.66,0
33,63,7000.00,7858.02,3,67,-116.41,-60.35,56.55,0
33,64,1218.48,2200.00,0,0,-95.54,-21.70,40.33,0
33,65,4200.00,5400.00,1,34,-72.05,-7.65,0.00,0
33,66,5155.29,7800.00,0,44,-102.06,-32.22,56.85,0
33,67,1600.00,2908.81,3,83,-72.39,-9.63,43.77,0
33,68,5600.00,3367.71,3,47,-92.50,-28.81,29.38,0
33,69,8000.00,7800.00,0,74,-89.97,-22.77,0.00,0
33,70,7702.02,6000.00,0,104,-68.17,-2.11,24.78,0
33,71,2600.00,5000.00,1,95,-83.45,-30.09,0.00,0
33,72,5400.00,6695.17,3,108,-96.84,-23.33,35.94,0
33,73,5800.00,2314.97,1,86,-50.73,6.50,25.23,0
33,74,2400.00,4531.12,1,89,-83.26,-17.31,25.80,0
33,75,2800.00,6533.61,1,100,-77.39,-10.34,45.81,0
33,76,6200.00,6182.51,3,103,-75.09,-6.98,21.79,0
33,77,8800.00,4800.00,1,99,-62.08,4.08,0.00,0
33,78,5400.00,5452.26,1,97,-86.47,-27.52,41.81,0
33,79,8736.08,3400.00,2,77,-112.97,-39.61,23.43,0
33,80,5000.00,5301.04,3,41,-98.05,-30.70,31.73,0
33,81,4400.00,5630.19,3,34,-100.23,-43.53,27.17,1
33,82,7070.69,7200.00,0,109,-37.82,8.27,33.93,0
33,83,8735.38,6000.00,0,80,-100.87,-27.18,47.35,0
33,84,5400.00,5981.16,3,102,-96.29,-34.50,21.84,0
33,85,6800.00,7600.00,0,109,-70.57,-7.01,0.00,0
33,86,6000.00,7840.55,3,52,-105.67,-52.10,26.80,1
33,87,6000.00,2667.89,1,86,-67.38,-0.02,54.31,0
33,88,7200.00,5840.91,3,104,-91.16,-20.05,58.34,0
33,89,4200.00,2400.00,0,85,-58.44,5.27,0.00,0
33,90,7000.00,8000.00,3,67,-106.52,-37.42,0.00,0
33,91,6800.00,4639.40,3,98,-72.60,-12.50,57.70,0
33,92,4600.00,7832.65,3,37,-93.55,-31.03,20.02,0
33,93,3000.00,4800.00,2,95,-57.99,5.47,0.00,0
33,94,6429.59,6600.00,2,103,-87.74,-16.05,59.26,0
33,95,4000.00,3200.00,2,85,-52.61,10.90,0.00,0
33,96,2400.00,7000.00,1,106,-68.72,1.53,0.00,0
33,97,2400.00,3200.00,0,84,-72.17,1.58,0.00,0
33,98,2200.00,4000.00,3,89,-42.09,24.33,0.00,0
33,99,8800.00,2129.40,3,75,-99.93,-22.05,53.78,0
34,0,2164.28,7600.00,0,105,-75.99,-5.42,39.92,0
34,1,2600.00,5488.46,1,95,-91.66,-18.12,53.25,0
34,2,7600.00,4837.74,1,71,-102.87,-43.26,50.03,1
34,3,6354.38,3000.00,2,87,-91.20,-28.93,50.93,0
34,4,8324.18,4400.00,0,99,-60.68,14.86,54.70,0
34,5,8132.13,3400.00,2,69,-94.61,-18.69,32.58,0
34,6,4000.00,3379.98,3,90,-81.95,-14.03,24.02,0
34,7,5000.00,3400.00,1,91,-73.89,-13.07,0.00,0
34,8,4400.00,6091.98,3,102,-95.13,-23.69,43.49,0
34,9,1400.00,3495.77,1,2,-110.40,-46.98,32.84,0
34,10,3400.00,6138.18,3,101,-78.74,-9.96,41.89,0
34,11,4000.00,2200.00,0,85,-72.29,-6.36,0.00,0
34,12,7135.72,5600.00,2,64,-96.72,-36.74,22.78,0
34,13,1931.99,5800.00,0,100,-53.10,13.91,35.20,0
34,14,7000.00,4800.00,2,98,-89.91,-32.59,0.00,0
34,15,8401.40,5200.00,0,99,-72.72,-3.19,57.73,0
34,16,4383.78,2000.00,2,30,-99.97,-25.07,19.47,0
34,17,3400.00,4462.76,1,90,-76.88,-7.93,22.72,0
34,18,7616.42,3000.00,0,87,-72.32,-5.92,19.70,0
34,19,4811.91,6600.00,0,102,-72.92,-18.36,20.98,0
34,20,6200.00,7467.45,3,108,-72.41,-9.81,45.44,0
34,21,4800.00,3600.00,1,91,-79.44,-20.30,0.00,0
34,22,1200.00,6000.00,3,5,-98.70,-25.11,0.00,0
34,23,5987.97,2000.00,2,45,-111.63,-53.75,14.43,0
34,24,5592.76,7000.00,0,108,-77.34,-10.34,56.90,0
34,25,1000.00,6828.62,3,6,-111.84,-36.85,46.91,0
34,26,1600.00,5909.31,1,5,-116.32,-56.96,24.32,0
34,27,1400.00,2200.00,0,83,-92.19,-8.02,0.00,0
34,28,4979.22,6200.00,0,102,-50.48,14.69,47.79,0
34,29,5400.00,6295.52,3,102,-66.83,0.12,42.99,0
34,30,1600.00,7800.00,2,105,-73.40,-6.86,0.00,0
34,31,1490.24,2600.00,2,83,-73.98,-11.98,52.68,0
34,32,7800.00,7400.00,2,110,-66.69,-4.92,0.00,0
34,33,8400.00,2400.00,0,88,-72.82,-11.59,0.00,0
34,34,6797.01,5200.00,2,98,-71.06,-13.65,57.89,0
34,35,3200.00,7600.00,3,106,-69.60,-7.44,0.00,0
34,36,7200.00,5302.85,3,98,-53.68,3.40,33.31,0
34,37,3600.00,3766.28,3,90,-80.96,-16.66,21.73,0
34,38,2295.43,8000.00,2,14,-114.75,-44.12,52.65,1
34,39,1200.00,6693.90,1,5,-114.83,-46.15,51.54,0
34,40,1600.00,4975.19,1,94,-45.95,23.81,46.72,0
34,41,2800.00,3916.74,1,89,-70.05,-4.17,24.57,0
34,42,2400.00,7161.00,3,105,-90.09,-31.29,31.20,0
34,43,2600.00,4434.92,3,95,-61.86,4.21,56.60,0
34,44,3600.00,7986.05,1,29,-113.62,-50.11,56.26,0
34,45,7200.00,6400.00,0,104,-85.78,-30.42,0.00,0
34,46,7000.00,6948.55,3,109,-52.38,4.36,40.23,0
34,47,1600.00,6600.00,0,5,-121.22,-64.26,0.00,0
34,48,8270.99,4200.00,2,70,-96.42,-34.97,24.99,0
34,49,5416.03,6800.00,0,108,-61.56,6.60,19.24,0
34,50,8000.00,7600.00,0,74,-57.99,-6.15,0.00,0
34,51,3644.48,7400.00,0,29,-103.96,-40.22,50.80,0
34,52,3200.00,3547.88,3,90,-71.58,-2.27,41.70,0
34,53,3200.00,4432.50,3,95,-90.85,-27.53,36.54,0
34,54,6000.00,3686.79,3,92,-91.74,-17.78,38.17,0
34,55,3800.00,2207.75,1,85,-87.20,-9.43,38.35,0
34,56,1887.16,4400.00,2,89,-76.36,-17.36,38.15,0
34,57,3400.00,4600.00,1,95,-85.69,-23.68,0.00,0
34,58,1346.82,3000.00,0,83,-77.93,-9.77,55.49,0
34,59,5152.17,5200.00,0,97,-76.48,-12.08,25.79,0
34,60,1151.50,5800.00,0,4,-91.20,-16.34,56.24,0
34,61,8600.00,4600.00,0,99,-83.45,-15.16,0.00,0
34,62,6200.00,5800.00,2,103,-41.37,21.46,0.00,0
34,63,7000.00,7810.90,3,109,-74.09,-6.27,56.55,1
34,64,1252.09,2200.00,0,0,-82.84,-15.15,40.33,0
34,65,4200.00,5400.00,1,34,-72.05,-7.65,0.00,0
34,66,5197.34,7800.00,2,44,-114.67,-51.69,56.85,0
34,67,1600.00,2872.34,3,83,-63.57,-5.20,43.77,0
34,68,5600.00,3343.23,3,47,-94.42,-19.41,29.38,0
34,69,8000.00,7800.00,0,74,-89.97,-22.77,0.00,0
34,70,7722.67,6000.00,0,104,-71.47,-10.69,24.78,0
34,71,2600.00,5000.00,1,95,-83.45,-30.09,0.00,0
34,72,5400.00,6665.22,3,108,-88.31,-19.31,35.94,0
34,73,5800.00,2336.00,1,86,-64.60,-6.24,25.23,0
34,74,2400.00,4552.62,1,89,-80.00,-8.96,25.80,0
34,75,2800.00,6571.79,1,100,-75.90,-10.14,45.81,0
34,76,6200.00,6164.35,3,103,-56.25,17.58,21.79,0
34,77,8800.00,4816.28,1,99,-76.24,-8.17,19.54,0
34,78,5400.00,5487.10,1,97,-83.63,-18.44,41.81,0
34,79,8716.55,3400.00,2,77,-101.83,-31.19,23.43,0
34,80,5000.00,5274.60,3,41,-87.73,-27.77,31.73,0
34,81,4400.00,5607.55,3,34,-110.53,-45.34,27.17,0
34,82,7098.97,7200.00,0,109,-60.32,9.06,33.93,0
34,83,8774.84,6000.00,0,80,-107.16,-41.25,47.35,0
34,84,5400.00,5962.96,3,102,-104.17,-46.44,21.84,0
34,85,6800.00,7600.00,0,109,-70.57,-7.01,0.00,0
34,86,6000.00,7818.21,3,52,-104.74,-40.19,26.80,0
34,87,6000.00,2713.15,1,86,-60.63,10.85,54.31,0
34,88,7200.00,5792.29,3,104,-92.23,-26.44,58.34,0
34,89,4200.00,2400.00,0,85,-58.44,5.27,0.00,0
34,90,7000.00,8000.00,3,67,-106.52,-37.42,0.00,0
34,91,6800.00,4591.32,3,98,-71.58,-13.87,57.70,0
34,92,4600.00,7815.96,3,37,-112.83,-45.66,20.02,0
34,93,3000.00,4800.00,2,95,-57.99,5.47,0.00,0
34,94,6400.00,6580.21,3,58,-105.75,-41.05,59.26,1
34,95,4000.00,3200.00,2,85,-52.61,10.90,0.00,0
34,96,2400.00,7000.00,1,106,-68.72,1.53,0.00,0
34,97,2400.00,3200.00,0,84,-72.17,1.58,0.00,0
34,98,2200.00,4000.00,3,89,-42.09,24.33,0.00,0
34,99,8800.00,2084.59,3,75,-79.33,-11.81,53.78,0
35,0,2197.55,7600.00,0,105,-77.11,1.56,39.92,0
35,1,2600.00,5532.84,1,95,-84.70,-18.66,53.25,0
35,2,7600.00,4879.43,1,71,-105.86,-38.82,50.03,0
35,3,6311.94,3000.00,2,87,-89.07,-26.54,50.93,0
35,4,8369.76,4400.00,0,99,-92.18,-27.27,54.70,0
35,5,8104.98,3400.00,2,69,-92.97,-26.81,32.58,0
35,6,4000.00,3339.95,3,90,-76.57,-21.81,48.04,0
35,7,5000.00,3400.00,1,91,-73.89,-13.07,0.00,0
35,8,4400.00,6055.74,3,102,-47.66,16.69,43.49,0
35,9,1400.00,3523.13,1,2,-116.87,-56.02,32.84,0
35,10,3400.00,6103.28,3,101,-99.16,-31.29,41.89,0
35,11,4000.00,2200.00,0,85,-72.29,-6.36,0.00,0
35,12,7116.74,5600.00,2,64,-101.50,-38.73,22.78,0
35,13,1961.33,5800.00,0,12,-60.82,4.25,35.20,1
35,14,7000.00,4800.00,2,98,-89.91,-32.59,0.00,0
35,15,8449.52,5200.00,0,99,-70.29,6.46,57.73,0
35,16,4351.33,2000.00,2,30,-85.13,-10.87,38.94,0
35,17,3400.00,4481.69,1,90,-72.51,-5.11,22.72,0
35,18,7649.25,3000.00,0,87,-89.30,-17.57,39.40,0
35,19,4829.39,6600.00,0,102,-87.92,-26.09,20.98,0
35,20,6200.00,7429.58,3,108,-91.42,-26.46,45.44,0
35,21,4800.00,3615.63,1,91,-77.94,-15.93,18.75,0
35,22,1200.00,6000.00,3,5,-98.70,-25.11,0.00,0
35,23,5963.92,2000.00,2,45,-107.49,-39.97,28.87,0
35,24,5600.00,7000.00,3,108,-64.20,3.22,0.00,0
35,25,1010.48,6800.00,0,5,-109.89,-39.58,46.91,1
35,26,1600.00,5929.58,1,12,-117.99,-58.25,24.32,1
35,27,1415.54,2200.00,0,83,-99.54,-20.85,18.64,0
35,28,4980.96,6200.00,2,102,-79.82,-15.06,47.79,0
35,29,5400.00,6259.69,3,102,-61.23,2.62,42.99,0
35,30,1588.19,7800.00,2,105,-89.59,-16.16,14.18,0
35,31,1446.34,2600.00,2,83,-71.98,-0.52,52.68,0
35,32,7800.00,7400.00,2,110,-66.69,-4.92,0.00,0
35,33,8400.00,2400.00,0,88,-72.82,-11.59,0.00,0
35,34,6748.77,5200.00,2,98,-53.77,7.31,57.89,0
35,35,3200.00,7600.00,3,106,-69.60,-7.44,0.00,0
35,36,7200.00,5275.09,3,98,-65.30,-4.43,33.31,0
35,37,3600.00,3748.17,3,90,-85.19,-26.97,21.73,0
35,38,2251.56,8000.00,2,22,-108.00,-41.29,52.65,1
35,39,1200.00,6736.85,1,5,-108.01,-36.50,51.54,0
35,40,1600.00,4985.88,3,94,-90.01,-27.81,46.72,0
35,41,2800.00,3937.22,1,89,-81.45,-10.44,24.57,0
35,42,2400.00,7135.00,3,105,-100.69,-38.10,31.20,0
35,43,2612.24,4400.00,0,95,-90.69,-30.35,56.60,0
35,44,3600.00,8000.00,2,29,-125.97,-65.42,0.00,0
35,45,7200.00,6400.00,0,104,-85.78,-30.42,0.00,0
35,46,7000.00,6915.03,3,109,-70.22,-5.37,40.23,0
35,47,1600.00,6600.00,0,5,-121.22,-64.26,0.00,0
35,48,8250.16,4200.00,2,70,-85.32,-25.08,24.99,0
35,49,5448.09,6800.00,0,108,-67.24,-2.19,38.47,0
35,50,8000.00,7600.00,0,74,-57.99,-6.15,0.00,0
35,51,3686.81,7400.00,0,29,-115.47,-53.59,50.80,0
35,52,3200.00,3513.13,3,90,-90.44,-32.40,41.70,0
35,53,3200.00,4402.05,3,95,-81.51,-16.11,36.54,0
35,54,6000.00,3654.98,3,92,-76.70,-4.69,38.17,0
35,55,3800.00,2239.72,1,85,-83.80,-10.74,38.35,0
35,56,1855.37,4400.00,2,89,-93.06,-34.95,38.15,0
35,57,3400.00,4600.00,1,95,-85.69,-23.68,0.00,0
35,58,1393.06,3000.00,0,83,-70.13,4.17,55.49,0
35,59,5173.67,5200.00,0,97,-80.79,-7.33,25.79,0
35,60,1198.36,5800.00,0,4,-110.82,-40.76,56.24,0
35,61,8600.00,4600.00,0,99,-83.45,-15.16,0.00,0
35,62,6200.00,5800.00,2,103,-41.37,21.46,0.00,0
35,63,7000.00,7800.00,0,109,-78.85,-13.63,0.00,0
35,64,1285.70,2200.00,0,0,-88.88,-13.02,40.33,0
35,65,4200.00,5400.00,1,34,-72.05,-7.65,0.00,0
35,66,5149.97,7800.00,2,44,-113.94,-48.15,56.85,0
35,67,1600.00,2835.86,3,83,-74.89,-9.02,43.77,0
35,68,5600.00,3318.75,3,47,-102.72,-48.72,29.38,0
35,69,8000.00,7800.00,0,74,-89.97,-22.77,0.00,0
35,70,7743.32,6000.00,0,104,-66.20,2.04,24.78,0
35,71,2600.00,5000.00,1,95,-83.45,-30.09,0.00,0
35,72,5400.00,6635.27,3,108,-87.72,-18.22,35.94,0
35,73,5800.00,2357.02,1,86,-74.16,-11.15,25.23,0
35,74,2400.00,4574.12,1,89,-73.53,-21.22,25.80,0
35,75,2809.96,6600.00,0,100,-62.78,6.43,45.81,0
35,76,6200.00,6146.18,3,103,-60.52,7.70,21.79,0
35,77,8800.00,4848.85,1,99,-72.95,-13.83,39.08,0
35,78,5400.00,5521.94,1,97,-76.81,-8.38,41.81,0
35,79,8697.02,3400.00,2,77,-101.76,-35.15,23.43,0
35,80,5000.00,5248.16,3,41,-105.77,-50.15,31.73,0
35,81,4400.00,5600.00,0,34,-118.20,-51.57,0.00,0
35,82,7127.24,7200.00,0,109,-69.02,-3.33,33.93,0
35,83,8800.00,5985.71,3,80,-105.34,-33.30,47.35,0
35,84,5400.00,5944.75,3,102,-101.26,-41.22,21.84,0
35,85,6800.00,7600.00,0,109,-70.57,-7.01,0.00,0
35,86,6000.00,7800.00,0,52,-113.78,-41.52,0.00,0
35,87,6000.00,2758.40,1,86,-74.68,-14.29,54.31,0
35,88,7200.00,5743.68,3,104,-87.60,-32.48,58.34,0
35,89,4200.00,2400.00,0,85,-58.44,5.27,0.00,0
35,90,7000.00,8000.00,3,67,-106.52,-37.42,0.00,0
35,91,6800.00,4543.24,3,98,-80.55,-22.66,57.70,0
35,92,4600.00,7800.00,1,37,-114.30,-58.35,0.00,0
35,93,3000.00,4800.00,2,95,-57.99,5.47,0.00,0
35,94,6400.00,6530.82,3,103,-67.05,-7.51,59.26,1
35,95,4000.00,3200.00,2,85,-52.61,10.90,0.00,0
35,96,2400.00,7000.00,1,106,-68.72,1.53,0.00,0
35,97,2415.40,3200.00,0,84,-68.34,2.30,18.48,0
35,98,2200.00,4000.00,3,89,-42.09,24.33,0.00,0
35,99,8800.00,2039.77,3,75,-85.86,-18.19,53.78,0
36,0,2200.00,7600.00,2,14,-82.84,-7.84,0.00,1
36,1,2600.00,5577.22,1,95,-74.35,-8.26,53.25,0
36,2,7600.00,4921.12,1,63,-107.12,-39.02,50.03,1
36,3,6269.50,3000.00,2,87,-70.40,-2.86,50.93,0
36,4,8400.00,4384.65,3,99,-82.11,-18.05,54.70,0
36,5,8077.84,3400.00,2,69,-87.11,-19.01,32.58,0
36,6,4000.00,3299.92,3,90,-81.03,-7.26,48.04,0
36,7,5000.00,3400.00,1,91,-73.89,-13.07,0.00,0
36,8,4400.00,6019.51,3,102,-57.50,-0.31,43.49,0
36,9,1400.00,3550.50,1,2,-112.97,-42.79,32.84,0
36,10,3400.00,6068.37,3,101,-72.75,-11.76,41.89,0
36,11,4000.00,2200.00,0,85,-72.29,-6.36,0.00,0
36,12,7097.76,5600.00,2,64,-97.35,-32.62,22.78,0
36,13,1990.66,5800.00,0,12,-60.71,-5.26,35.20,0
36,14,7000.00,4800.00,2,98,-89.91,-32.59,0.00,0
36,15,8497.63,5200.00,0,99,-85.06,-14.53,57.73,0
36,16,4318.88,2000.00,2,30,-84.75,-18.67,38.94,0
36,17,3400.00,4500.63,1,90,-80.92,-10.71,22.72,0
36,18,7682.09,3000.00,0,87,-90.35,-23.32,39.40,0
36,19,4846.87,6600.00,0,102,-75.71,-8.38,20.98,0
36,20,6191.71,7400.00,2,108,-70.13,-9.29,45.44,0
36,21,4800.00,3646.88,1,91,-92.62,-34.01,37.51,0
36,22,1200.00,6000.00,3,5,-98.70,-25.11,0.00,0
36,23,5939.86,2000.00,2,45,-93.05,-20.84,28.87,0
36,24,5600.00,7000.00,3,108,-64.20,3.22,0.00,0
36,25,1049.57,6800.00,0,6,-116.16,-41.32,46.91,1
36,26,1600.00,5949.84,1,12,-120.13,-80.05,24.32,0
36,27,1446.61,2200.00,0,83,-74.67,-2.23,37.28,0
36,28,4941.13,6200.00,2,102,-75.95,-9.00,47.79,0
36,29,5400.00,6223.87,3,102,-50.67,-0.74,42.99,0
36,30,1564.56,7800.00,2,105,-73.03,-0.02,28.35,0
36,31,1402.44,2600.00,2,83,-60.42,-7.72,52.68,0
36,32,7800.00,7400.00,2,110,-66.69,-4.92,0.00,0
36,33,8415.00,2400.00,0,88,-82.98,-16.88,18.00,0
36,34,6700.53,5200.00,2,98,-49.12,23.25,57.89,0
36,35,3200.00,7584.89,3,106,-75.03,-11.89,18.13,0
36,36,7200.00,5247.33,3,98,-59.86,9.38,33.31,0
36,37,3600.00,3730.07,3,90,-72.51,-11.48,21.73,0
36,38,2207.68,8000.00,2,14,-104.67,-31.32,52.65,1
36,39,1200.00,6779.80,1,5,-109.49,-47.58,51.54,0
36,40,1600.00,4946.95,3,94,-80.66,-15.02,46.72,0
36,41,2800.00,3957.70,1,89,-96.86,-39.26,24.57,0
36,42,2400.00,7108.99,3,13,-100.70,-38.88,31.20,1
36,43,2659.40,4400.00,0,18,-75.81,-9.98,56.60,1
36,44,3600.00,8000.00,2,29,-125.97,-65.42,0.00,0
36,45,7200.00,6400.00,0,104,-85.78,-30.42,0.00,0
36,46,7000.00,6881.50,3,109,-68.33,-1.38,40.23,0
36,47,1600.00,6600.00,0,5,-121.22,-64.26,0.00,0
36,48,8229.33,4200.00,2,70,-91.59,-38.67,24.99,0
36,49,5480.15,6800.00,0,108,-47.97,17.80,38.47,0
36,50,8000.00,7600.00,0,74,-57.99,-6.15,0.00,0
36,51,3729.14,7400.00,0,36,-92.44,-23.37,50.80,1
36,52,3200.00,3478.38,3,90,-72.01,0.41,41.70,0
36,53,3171.59,4400.00,2,95,-73.83,-14.05,36.54,0
36,54,6000.00,3623.18,3,92,-64.96,7.74,38.17,0
36,55,3800.00,2271.68,1,85,-75.37,-12.45,38.35,0
36,56,1823.57,4400.00,2,89,-83.16,-20.58,38.15,0
36,57,3400.00,4600.00,1,95,-85.69,-23.68,0.00,0
36,58,1400.00,2960.70,3,83,-72.97,-10.97,55.49,0
36,59,5195.16,5200.00,0,97,-73.40,2.01,25.79,0
36,60,1200.00,5754.77,3,4,-96.82,-36.53,56.24,0
36,61,8600.00,4600.00,0,99,-83.45,-15.16,0.00,0
36,62,6200.00,5800.00,2,103,-41.37,21.46,0.00,0
36,63,7000.00,7800.00,0,109,-78.85,-13.63,0.00,0
36,64,1319.31,2200.00,0,0,-91.95,-12.95,40.33,0
36,65,4200.00,5400.00,1,34,-72.05,-7.65,0.00,0
36,66,5102.60,7800.00,2,44,-113.39,-50.54,56.85,0
36,67,1600.00,2799.39,3,83,-65.68,-0.93,43.77,0
36,68,5600.00,3294.27,3,86,-86.00,-37.39,29.38,1
36,69,8000.00,7800.00,0,74,-89.97,-22.77,0.00,0
36,70,7763.96,6000.00,0,104,-70.54,-9.06,24.78,0
36,71,2600.00,5015.24,1,95,-77.59,-24.64,18.29,0
36,72,5400.00,6605.32,3,108,-67.76,-0.65,35.94,0
36,73,5800.00,2378.05,1,86,-78.81,-13.77,25.23,0
36,74,2400.00,4595.63,1,89,-67.19,0.65,25.80,0
36,75,2848.14,6600.00,0,100,-50.37,20.85,45.81,0
36,76,6200.00,6128.02,3,103,-58.50,9.95,21.79,0
36,77,8800.00,4881.42,1,99,-72.31,-5.57,39.08,0
36,78,5400.00,5556.78,1,97,-59.87,4.06,41.81,0
36,79,8677.49,3400.00,2,76,-110.06,-46.50,23.43,1
36,80,5000.00,5221.72,3,41,-105.38,-40.74,31.73,0
36,81,4400.00,5600.00,0,34,-118.20,-51.57,0.00,0
36,82,7155.52,7200.00,0,109,-63.02,0.22,33.93,0
36,83,8800.00,5946.25,3,79,-111.57,-43.45,47.35,1
36,84,5400.00,5926.55,3,102,-66.05,-14.30,21.84,0
36,85,6800.00,7600.00,0,109,-70.57,-7.01,0.00,0
36,86,6000.00,7800.00,0,52,-113.78,-41.52,0.00,0
36,87,6000.00,2796.34,3,86,-63.51,2.21,54.31,0
36,88,7200.00,5695.06,3,104,-76.38,-10.83,58.34,0
36,89,4200.00,2400.00,0,85,-58.44,5.27,0.00,0
36,90,7000.00,8000.00,3,67,-106.52,-37.42,0.00,0
36,91,6800.00,4495.16,3,98,-78.08,-16.20,57.70,0
36,92,4600.00,7800.00,1,37,-114.30,-58.35,0.00,0
36,93,3000.00,4800.00,2,95,-57.99,5.47,0.00,0
36,94,6400.00,6481.43,3,103,-80.26,-27.25,59.26,0
36,95,4000.00,3200.00,2,85,-52.61,10.90,0.00,0
36,96,2400.00,7000.00,1,106,-68.72,1.53,0.00,0
36,97,2446.21,3200.00,0,84,-75.37,-15.79,36.97,0
36,98,2200.00,4000.00,3,89,-42.09,24.33,0.00,0
36,99,8794.95,2000.00,2,75,-81.42,-7.76,53.78,0
37,0,2200.00,7600.00,2,14,-82.84,-7.84,0.00,0
37,1,2600.00,5621.60,1,95,-73.15,-19.35,53.25,0
37,2,7600.00,4962.80,1,64,-116.49,-53.66,50.03,1
37,3,6227.05,3000.00,2,87,-43.32,27.67,50.93,0
37,4,8400.00,4339.07,3,99,-78.97,-14.35,54.70,0
37,5,8050.69,3400.00,2,69,-89.75,-42.24,32.58,0
37,6,4000.00,3259.89,3,90,-80.68,-20.02,48.04,0
37,7,5000.00,3400.00,1,91,-73.89,-13.07,0.00,0
37,8,4400.00,5983.27,3,102,-61.29,9.14,43.49,0
37,9,1400.00,3577.86,1,2,-98.08,-34.97,32.84,0
37,10,3400.00,6033.46,3,101,-68.83,-10.38,41.89,0
37,11,4017.98,2200.00,0,85,-60.73,17.14,21.58,0
37,12,7078.78,5600.00,2,64,-101.25,-43.71,22.78,0
37,13,2000.00,5819.99,1,12,-81.78,-32.36,35.20,0
37,14,7000.00,4800.00,2,98,-89.91,-32.59,0.00,0
37,15,8545.74,5200.00,0,99,-57.20,7.46,57.73,0
37,16,4286.43,2000.00,2,30,-75.21,-15.22,38.94,0
37,17,3400.00,4519.57,1,95,-68.73,-0.54,22.72,1
37,18,7714.92,3000.00,0,88,-65.79,4.62,39.40,1
37,19,4864.35,6600.00,0,102,-56.09,5.42,20.98,0
37,20,6153.84,7400.00,2,108,-70.53,-12.41,45.44,0
37,21,4800.00,3678.14,1,91,-88.81,-23.54,37.51,0
37,22,1200.00,6000.00,3,5,-98.70,-25.11,0.00,0
37,23,5915.80,2000.00,2,45,-86.08,-15.55,28.87,0
37,24,5600.00,7000.00,3,108,-64.20,3.22,0.00,0
37,25,1088.66,6800.00,0,6,-113.72,-48.93,46.91,0
37,26,1600.00,5970.11,1,5,-116.05,-62.87,24.32,1
37,27,1477.68,2200.00,0,83,-80.66,3.12,37.28,0
37,28,4901.30,6200.00,2,102,-65.02,-18.37,47.79,0
37,29,5411.95,6200.00,0,102,-71.06,-5.81,42.99,0
37,30,1540.93,7800.00,2,105,-82.72,-23.90,28.35,0
37,31,1358.54,2600.00,2,83,-77.18,-10.44,52.68,0
37,32,7800.00,7400.00,2,110,-66.69,-4.92,0.00,0
37,33,8445.01,2400.00,0,88,-73.23,-1.88,36.01,0
37,34,6652.29,5200.00,2,98,-55.09,5.92,57.89,0
37,35,3200.00,7554.68,3,106,-81.30,-21.78,36.26,0
37,36,7200.00,5219.58,3,98,-62.72,11.06,33.31,0
37,37,3600.00,3711.96,3,90,-84.07,-17.33,21.73,0
37,38,2200.00,7963.81,3,14,-109.88,-37.43,52.65,0
37,39,1200.00,6777.25,3,6,-112.95,-39.79,51.54,1
37,40,1600.00,4908.01,3,94,-77.34,-11.09,46.72,0
37,41,2800.00,3978.18,1,89,-81.29,-11.54,24.57,0
37,42,2400.00,7082.99,3,13,-91.06,-27.57,31.20,0
37,43,2706.57,4400.00,0,18,-84.05,-18.49,56.60,0
37,44,3600.00,8000.00,2,29,-125.97,-65.42,0.00,0
37,45,7200.00,6400.00,0,104,-85.78,-30.42,0.00,0
37,46,7000.00,6847.97,3,109,-67.37,3.52,40.23,0
37,47,1600.00,6600.00,0,5,-121.22,-64.26,0.00,0
37,48,8208.50,4200.00,2,70,-77.98,-23.81,24.99,0
37,49,5512.22,6800.00,0,108,-50.95,25.53,38.47,0
37,50,8010.92,7600.00,0,74,-61.53,-9.46,13.11,0
37,51,3771.47,7400.00,0,107,-77.71,-8.32,50.80,1
37,52,3200.00,3443.63,3,90,-80.92,-9.52,41.70,0
37,53,3141.14,4400.00,2,95,-93.13,-35.28,36.54,0
37,54,6000.00,3591.37,3,92,-85.90,-26.22,38.17,0
37,55,3800.00,2303.64,1,85,-67.20,0.21,38.35,0
37,56,1800.00,4400.00,1,89,-94.27,-31.68,0.00,0
37,57,3400.00,4600.00,1,95,-85.69,-23.68,0.00,0
37,58,1400.00,2914.46,3,1,-99.22,-26.03,55.49,1
37,59,5183.35,5200.00,2,97,-36.98,24.58,25.79,0
37,60,1200.00,5707.90,3,4,-85.88,-21.27,56.24,0
37,61,8600.00,4600.00,0,99,-83.45,-15.16,0.00,0
37,62,6200.00,5800.00,2,103,-41.37,21.46,0.00,0
37,63,7000.00,7800.00,0,109,-78.85,-13.63,0.00,0
37,64,1352.93,2200.00,0,0,-85.75,-15.32,40.33,0
37,65,4200.00,5410.86,1,34,-60.69,1.85,13.04,0
37,66,5055.23,7800.00,2,44,-101.87,-31.89,56.85,0
37,67,1600.00,2762.92,3,83,-61.34,14.30,43.77,0
37,68,5600.00,3269.79,3,86,-68.36,-13.86,29.38,0
37,69,8000.00,7800.00,0,74,-89.97,-22.77,0.00,0
37,70,7784.61,6000.00,0,104,-43.20,18.14,24.78,0
37,71,2600.00,5045.73,1,95,-54.50,13.65,36.58,0
37,72,5424.63,6600.00,0,108,-81.82,-15.91,35.94,0
37,73,5800.00,2399.08,1,86,-55.02,-1.75,25.23,0
37,74,2400.00,4617.13,1,89,-96.29,-36.67,25.80,0
37,75,2886.31,6600.00,0,100,-86.26,-25.20,45.81,0
37,76,6200.00,6109.86,3,103,-70.97,-1.55,21.79,0
37,77,8800.00,4913.98,1,99,-97.41,-28.99,39.08,0
37,78,5400.00,5591.63,1,97,-77.16,-19.45,41.81,0
37,79,8657.97,3400.00,2,76,-107.65,-46.03,23.43,0
37,80,5000.00,5200.00,2,41,-96.06,-27.23,0.00,0
37,81,4400.00,5600.00,0,34,-118.20,-51.57,0.00,0
37,82,7183.79,7200.00,0,109,-78.76,-15.49,33.93,0
37,83,8800.00,5906.79,3,79,-98.25,-25.16,47.35,0
37,84,5400.00,5908.35,3,102,-78.21,-12.92,21.84,0
37,85,6800.00,7600.00,0,109,-70.57,-7.01,0.00,0
37,86,6000.00,7800.00,0,52,-113.78,-41.52,0.00,0
37,87,6000.00,2751.08,3,86,-53.24,10.87,54.31,0
37,88,7200.00,5646.44,3,64,-94.33,-34.66,58.34,1
37,89,4214.59,2400.00,0,85,-48.26,11.11,17.51,0
37,90,7000.00,8000.00,3,67,-106.52,-37.42,0.00,0
37,91,6800.00,4447.08,3,98,-74.90,-4.31,57.70,0
37,92,4600.00,7800.00,1,37,-114.30,-58.35,0.00,0
37,93,3000.00,4800.00,2,95,-57.99,5.47,0.00,0
37,94,6400.00,6432.05,3,103,-53.60,6.48,59.26,0
37,95,4000.00,3200.00,2,85,-52.61,10.90,0.00,0
37,96,2400.00,7000.00,1,106,-68.72,1.53,0.00,0
37,97,2477.01,3200.00,0,84,-76.91,-14.26,36.97,0
37,98,2200.00,4000.00,3,89,-42.09,24.33,0.00,0
37,99,8750.13,2000.00,2,75,-64.27,6.93,53.78,0
38,0,2200.00,7600.00,2,14,-82.84,-7.84,0.00,0
38,1,2600.00,5665.98,1,100,-57.20,8.58,53.25,1
38,2,7600.00,5004.49,1,64,-104.91,-37.11,50.03,0
38,3,6184.61,3000.00,2,86,-83.80,-10.69,50.93,1
38,4,8400.00,4293.49,3,99,-89.46,-16.05,54.70,0
38,5,8023.54,3400.00,2,69,-83.81,-14.18,32.58,0
38,6,4000.00,3219.86,3,90,-83.62,-18.40,48.04,0
38,7,5000.00,3400.00,1,91,-73.89,-13.07,0.00,0
38,8,4400.00,5947.03,3,102,-68.98,-8.41,43.49,0
38,9,1405.22,3600.00,0,2,-102.75,-40.14,32.84,0
38,10,3398.55,6000.00,2,101,-61.80,-1.53,41.89,0
38,11,4053.95,2200.00,0,85,-72.94,-5.52,43.16,0
38,12,7059.80,5600.00,2,64,-93.66,-30.84,22.78,0
38,13,2000.00,5849.32,1,100,-41.42,19.10,35.20,1
38,14,7000.00,4800.00,2,98,-89.91,-32.59,0.00,0
38,15,8593.85,5200.00,0,99,-45.88,25.10,57.73,0
38,16,4253.98,2000.00,2,30,-90.31,-25.27,38.94,0
38,17,3400.00,4538.50,1,95,-79.16,-15.21,22.72,0
38,18,7747.76,3000.00,0,88,-69.98,6.84,39.40,0
38,19,4881.84,6600.00,0,102,-72.83,-6.77,20.98,0
38,20,6115.97,7400.00,2,108,-79.86,-24.48,45.44,0
38,21,4800.00,3709.40,1,91,-94.20,-31.37,37.51,0
38,22,1200.00,6000.00,3,5,-98.70,-25.11,0.00,0
38,23,5891.75,2000.00,2,45,-96.33,-28.75,28.87,0
38,24,5600.00,7000.00,3,108,-64.20,3.22,0.00,0
38,25,1127.76,6800.00,0,6,-100.77,-29.37,46.91,0
38,26,1600.00,5990.37,1,5,-116.96,-61.11,24.32,0
38,27,1508.75,2200.00,0,83,-62.74,9.84,37.28,0
38,28,4861.48,6200.00,2,102,-58.69,-2.98,47.79,0
38,29,5447.77,6200.00,0,102,-80.02,-15.71,42.99,0
38,30,1517.31,7800.00,2,105,-82.70,-14.29,28.35,0
38,31,1314.64,2600.00,2,83,-81.55,-1.10,52.68,0
38,32,7800.00,7400.00,2,110,-66.69,-4.92,0.00,0
38,33,8475.01,2400.00,0,88,-52.69,18.10,36.01,0
38,34,6604.05,5200.00,2,98,-51.17,15.43,57.89,0
38,35,3200.00,7524.46,3,106,-86.55,-8.67,36.26,0
38,36,7200.00,5208.18,1,98,-88.04,-17.96,33.31,0
38,37,3600.00,3693.86,3,90,-101.01,-27.21,21.73,0
38,38,2200.00,7919.93,3,14,-107.73,-36.91,52.65,0
38,39,1200.00,6734.30,3,6,-107.22,-33.04,51.54,0
38,40,1600.00,4869.08,3,94,-72.11,-12.36,46.72,0
38,41,2800.00,3998.66,1,89,-65.60,-10.09,24.57,0
38,42,2400.00,7056.99,3,13,-86.66,-23.60,31.20,0
38,43,2753.73,4400.00,0,18,-80.78,-10.97,56.60,0
38,44,3600.00,8000.00,2,29,-125.97,-65.42,0.00,0
38,45,7200.00,6400.00,0,104,-85.78,-30.42,0.00,0
38,46,7000.00,6814.45,3,109,-73.06,-14.14,40.23,0
38,47,1600.00,6600.00,0,5,-121.22,-64.26,0.00,0
38,48,8200.00,4200.00,0,70,-95.04,-21.54,0.00,0
38,49,5544.28,6800.00,0,108,-66.11,2.89,38.47,0
38,50,8032.76,7600.00,0,110,-67.40,-3.74,26.21,1
38,51,3800.00,7400.00,1,107,-91.81,-31.57,0.00,0
38,52,3200.00,3408.88,3,90,-69.71,-3.59,41.70,0
38,53,3110.69,4400.00,2,95,-86.09,-18.88,36.54,0
38,54,6000.00,3559.56,3,92,-93.18,-25.19,38.17,0
38,55,3800.00,2335.60,1,85,-76.57,-19.84,38.35,0
38,56,1800.00,4400.00,1,89,-94.27,-31.68,0.00,0
38,57,3400.00,4600.00,1,95,-85.69,-23.68,0.00,0
38,58,1400.00,2868.22,3,83,-79.44,-13.46,55.49,1
38,59,5161.86,5200.00,2,97,-37.55,23.60,25.79,0
38,60,1200.00,5661.04,3,4,-98.21,-33.89,56.24,0
38,61,8600.00,4600.00,0,99,-83.45,-15.16,0.00,0
38,62,6200.00,5800.00,2,103,-41.37,21.46,0.00,0
38,63,7000.00,7800.00,0,109,-78.85,-13.63,0.00,0
38,64,1386.54,2200.00,0,0,-112.26,-41.06,40.33,0
38,65,4200.00,5432.59,1,34,-54.02,7.59,26.07,0
38,66,5007.86,7800.00,2,44,-106.68,-45.27,56.85,0
38,67,1600.00,2726.44,3,83,-84.36,-13.34,43.77,0
38,68,5600.00,3245.31,3,86,-78.23,-11.27,29.38,0
38,69,8010.50,7800.00,0,110,-77.88,-5.21,12.60,1
38,70,7800.00,6000.00,2,72,-118.43,-49.99,0.00,1
38,71,2600.00,5076.22,1,95,-70.72,-1.19,36.58,0
38,72,5454.58,6600.00,0,108,-73.65,-4.00,35.94,0
38,73,5800.00,2400.00,3,86,-74.10,-8.23,0.00,0
38,74,2400.00,4638.63,1,89,-102.73,-43.25,25.80,0
38,75,2924.48,6600.00,0,100,-75.32,-15.98,45.81,0
38,76,6200.00,6091.70,3,103,-72.41,2.35,21.79,0
38,77,8800.00,4946.55,1,99,-100.14,-34.60,39.08,0
38,78,5373.53,5600.00,2,97,-71.61,-9.00,41.81,0
38,79,8638.44,3400.00,2,77,-94.28,-32.01,23.43,1
38,80,5000.00,5200.00,2,41,-96.06,-27.23,0.00,0
38,81,4400.00,5600.00,0,34,-118.20,-51.57,0.00,0
38,82,7212.07,7200.00,0,109,-74.34,-12.31,33.93,0
38,83,8800.00,5867.34,3,79,-101.56,-50.52,47.35,0
38,84,5400.00,5890.15,3,102,-70.07,-3.04,21.84,0
38,85,6800.00,7600.00,0,109,-70.57,-7.01,0.00,0
38,86,6000.00,7800.00,0,52,-113.78,-41.52,0.00,0
38,87,6000.00,2705.82,3,86,-70.20,-14.84,54.31,0
38,88,7197.83,5600.00,2,64,-103.66,-32.04,58.34,0
38,89,4243.78,2400.00,0,85,-43.52,25.00,35.02,0
38,90,7000.00,8000.00,3,67,-106.52,-37.42,0.00,0
38,91,6799.00,4400.00,2,98,-92.30,-23.11,57.70,0
38,92,4600.00,7800.00,1,37,-114.30,-58.35,0.00,0
38,93,3000.00,4800.00,2,95,-57.99,5.47,0.00,0
38,94,6417.34,6400.00,0,103,-64.77,2.91,59.26,0
38,95,4000.00,3200.00,2,85,-52.61,10.90,0.00,0
38,96,2400.00,7000.00,1,106,-68.72,1.53,0.00,0
38,97,2507.82,3200.00,0,84,-100.55,-32.41,36.97,0
38,98,2200.00,4000.00,3,89,-42.09,24.33,0.00,0
38,99,8705.31,2000.00,2,75,-86.21,-1.55,53.78,0
39,0,2200.00,7600.00,2,14,-82.84,-7.84,0.00,0
39,1,2600.00,5710.36,1,100,-75.11,-9.87,53.25,0
39,2,7600.00,5046.18,1,71,-105.36,-43.11,50.03,1
39,3,6142.17,3000.00,2,86,-85.47,-19.24,50.93,0
39,4,8400.00,4247.91,3,99,-112.11,-44.23,54.70,0
39,5,8000.00,3403.60,1,69,-88.69,-21.70,32.58,0
39,6,4020.17,3200.00,0,90,-74.20,-20.98,48.04,0
39,7,5000.00,3400.00,1,91,-73.89,-13.07,0.00,0
39,8,4400.00,5910.79,3,102,-53.93,-7.72,43.49,0
39,9,1432.58,3600.00,0,2,-85.93,-26.80,32.84,0
39,10,3363.64,6000.00,2,101,-69.71,-5.65,41.89,0
39,11,4089.92,2200.00,0,85,-94.70,-21.68,43.16,0
39,12,7040.82,5600.00,2,64,-86.42,-19.35,22.78,0
39,13,2000.00,5878.65,1,100,-48.05,17.48,35.20,0
39,14,7000.00,4800.00,2,98,-89.91,-32.59,0.00,0
39,15,8600.00,5200.00,3,99,-63.60,6.40,0.00,0
39,16,4221.54,2000.00,2,30,-76.25,-11.25,38.94,0
39,17,3400.00,4557.44,1,95,-79.95,-13.94,22.72,0
39,18,7780.59,3000.00,0,88,-80.07,-0.07,39.40,0
39,19,4899.32,6600.00,0,102,-61.54,8.02,20.98,0
39,20,6078.10,7400.00,2,108,-66.30,-2.96,45.44,0
39,21,4800.00,3740.65,1,91,-88.48,-22.82,37.51,0
39,22,1200.00,6000.00,3,5,-98.70,-25.11,0.00,0
39,23,5867.69,2000.00,2,45,-105.84,-38.77,28.87,0
39,24,5600.00,7000.00,3,108,-64.20,3.22,0.00,0
39,25,1166.85,6800.00,0,5,-118.28,-54.54,46.91,1
39,26,1600.00,6000.00,0,12,-122.07,-60.50,0.00,1
39,27,1539.82,2200.00,0,0,-82.86,-16.72,37.28,1
39,28,4821.65,6200.00,2,102,-78.47,-6.90,47.79,0
39,29,5483.59,6200.00,0,102,-70.69,-10.89,42.99,0
39,30,1493.68,7800.00,2,105,-89.20,-19.47,28.35,0
39,31,1270.73,2600.00,2,83,-67.55,3.48,52.68,0
39,32,7800.00,7400.00,2,110,-66.69,-4.92,0.00,0
39,33,8505.02,2400.00,0,88,-59.51,4.67,36.01,0
39,34,6600.00,5155.81,3,98,-67.39,-4.10,57.89,0
39,35,3200.00,7494.24,3,106,-79.69,-8.92,36.26,0
39,36,7200.00,5235.94,1,98,-86.29,-23.97,33.31,0
39,37,3600.00,3675.75,3,90,-87.11,-13.67,21.73,0
39,38,2200.00,7876.06,3,14,-118.72,-42.82,52.65,0
39,39,1200.00,6691.36,3,6,-107.50,-39.36,51.54,0
39,40,1600.00,4830.15,3,94,-69.33,2.15,46.72,0
39,41,2800.00,4000.00,0,89,-91.99,-36.85,0.00,0
39,42,2400.00,7030.99,3,13,-97.24,-41.97,31.20,0
39,43,2800.00,4399.10,3,18,-92.27,-37.02,56.60,0
39,44,3600.00,8000.00,2,29,-125.97,-65.42,0.00,0
39,45,7213.78,6400.00,0,104,-82.87,-25.95,16.54,0
39,46,7019.08,6800.00,0,109,-46.81,23.86,40.23,0
39,47,1613.54,6600.00,0,13,-117.55,-51.67,16.25,1
39,48,8200.00,4200.00,0,70,-95.04,-21.54,0.00,0
39,49,5576.34,6800.00,0,108,-88.94,-21.61,38.47,0
39,50,8054.61,7600.00,0,110,-75.73,-12.43,26.21,0
39,51,3800.00,7400.00,1,107,-91.81,-31.57,0.00,0
39,52,3225.87,3400.00,0,90,-88.47,-29.10,41.70,0
39,53,3080.23,4400.00,2,95,-69.91,-5.57,36.54,0
39,54,6000.00,3527.76,3,92,-71.96,-0.47,38.17,0
39,55,3800.00,2367.57,1,85,-65.90,6.64,38.35,0
39,56,1800.00,4400.00,1,89,-94.27,-31.68,0.00,0
39,57,3400.00,4600.00,1,95,-85.69,-23.68,0.00,0
39,58,1400.00,2821.97,3,83,-72.59,-6.74,55.49,0
39,59,5140.37,5200.00,2,97,-53.83,0.60,25.79,0
39,60,1200.00,5614.17,3,4,-105.16,-47.92,56.24,0
39,61,8600.00,4600.00,0,99,-83.45,-15.16,0.00,0
39,62,6200.00,5800.00,2,103,-41.37,21.46,0.00,0
39,63,7000.00,7800.00,0,109,-78.85,-13.63,0.00,0
39,64,1379.85,2200.00,2,0,-101.02,-55.46,40.33,0
39,65,4200.00,5454.32,1,34,-58.31,0.26,26.07,0
39,66,4960.49,7800.00,2,44,-95.83,-33.78,56.85,0
39,67,1600.00,2689.97,3,83,-59.06,9.70,43.77,0
39,68,5600.00,3220.83,3,86,-79.98,-12.55,29.38,0
39,69,8031.50,7800.00,0,110,-90.41,-19.76,25.20,0
39,70,7800.00,6000.00,2,104,-88.26,-19.77,0.00,1
39,71,2600.00,5106.70,1,95,-76.37,-8.71,36.58,0
39,72,5484.53,6600.00,0,108,-76.68,-3.12,35.94,0
39,73,5800.00,2400.00,3,86,-74.10,-8.23,0.00,0
39,74,2400.00,4660.14,1,89,-85.73,-34.95,25.80,0
39,75,2962.66,6600.00,0,100,-66.31,-8.14,45.81,0
39,76,6200.00,6073.54,3,103,-85.12,-20.69,21.79,0
39,77,8800.00,4979.12,1,99,-72.38,-17.89,39.08,0
39,78,5338.69,5600.00,2,97,-65.27,-2.71,41.81,0
39,79,8618.91,3400.00,2,77,-85.26,-14.32,23.43,0
39,80,5000.00,5200.00,2,41,-96.06,-27.23,0.00,0
39,81,4400.00,5600.00,0,34,-118.20,-51.57,0.00,0
39,82,7240.34,7200.00,0,66,-65.67,-2.15,33.93,1
39,83,8800.00,5827.88,3,79,-102.44,-26.61,47.35,0
39,84,5400.00,5871.95,3,102,-78.51,-5.97,21.84,0
39,85,6800.00,7600.00,0,109,-70.57,-7.01,0.00,0
39,86,6000.00,7800.00,0,52,-113.78,-41.52,0.00,0
39,87,6000.00,2660.56,3,86,-70.52,-5.10,54.31,0
39,88,7149.21,5600.00,2,64,-110.25,-40.12,58.34,0
39,89,4272.97,2400.00,0,85,-54.04,14.17,35.02,0
39,90,7000.00,8000.00,3,67,-106.52,-37.42,0.00,0
39,91,6750.92,4400.00,2,98,-63.46,2.11,57.70,0
39,92,4600.00,7800.00,1,37,-114.30,-58.35,0.00,0
39,93,3000.00,4800.00,2,95,-57.99,5.47,0.00,0
39,94,6466.73,6400.00,0,103,-78.82,-15.90,59.26,0
39,95,4000.00,3200.00,2,85,-52.61,10.90,0.00,0
39,96,2400.00,7000.00,1,106,-68.72,1.53,0.00,0
39,97,2538.62,3200.00,0,84,-86.42,-28.26,36.97,0
39,98,2200.00,4000.00,3,89,-42.09,24.33,0.00,0
39,99,8660.49,2000.00,2,75,-84.51,-15.98,53.78,0
40,0,2200.00,7600.00,2,14,-82.84,-7.84,0.00,0
40,1,2600.00,5754.74,1,100,-56.81,12.01,53.25,0
40,2,7600.00,5087.87,1,71,-109.83,-42.43,50.03,0
40,3,6099.73,3000.00,2,86,-71.83,-9.74,50.93,0
40,4,8400.00,4202.33,3,99,-103.20,-39.76,54.70,0
40,5,8000.00,3430.75,1,69,-100.14,-36.39,32.58,0
40,6,4060.20,3200.00,0,90,-63.33,-3.60,48.04,0
40,7,5000.00,3400.00,1,91,-73.89,-13.07,0.00,0
40,8,4400.00,5874.56,3,102,-60.89,5.26,43.49,0
40,9,1459.95,3600.00,0,2,-75.82,-15.65,32.84,0
40,10,3328.73,6000.00,2,101,-81.50,-21.37,41.89,0
40,11,4125.88,2200.00,0,30,-94.72,-28.64,43.16,1
40,12,7021.84,5600.00,2,64,-96.54,-33.04,22.78,0
40,13,2000.00,5907.99,1,100,-46.64,8.51,35.20,0
40,14,7000.00,4800.00,2,98,-89.91,-32.59,0.00,0
40,15,8600.00,5200.00,3,99,-63.60,6.40,0.00,0
40,16,4210.91,2000.00,0,30,-83.00,-12.39,38.94,0
40,17,3400.00,4576.37,1,95,-76.84,-10.68,22.72,0
40,18,7813.43,3000.00,0,88,-81.34,-12.85,39.40,0
40,19,4916.80,6600.00,0,102,-62.25,6.35,20.98,0
40,20,6040.23,7400.00,2,108,-81.58,-19.17,45.44,0
40,21,4800.00,3771.91,1,91,-68.03,-2.41,37.51,0
40,22,1200.00,6000.00,3,5,-98.70,-25.11,0.00,0
40,23,5843.63,2000.00,2,45,-101.07,-32.79,28.87,0
40,24,5600.00,7000.00,3,108,-64.20,3.22,0.00,0
40,25,1200.00,6800.00,3,5,-111.84,-41.55,0.00,0
40,26,1600.00,6000.00,0,12,-122.07,-60.50,0.00,0
40,27,1570.89,2200.00,0,0,-97.54,-31.76,37.28,0
40,28,4800.00,6181.82,3,102,-93.08,-26.37,47.79,0
40,29,5519.41,6200.00,0,102,-84.55,-20.32,42.99,0
40,30,1470.05,7800.00,2,105,-89.33,-13.91,28.35,0
40,31,1226.83,2600.00,2,83,-74.33,3.17,52.68,0
40,32,7800.00,7400.00,2,110,-66.69,-4.92,0.00,0
40,33,8535.02,2400.00,0,88,-78.83,-3.43,36.01,0
40,34,6600.00,5107.57,3,98,-53.65,8.28,57.89,0
40,35,3200.00,7464.03,3,106,-88.08,-23.57,36.26,0
40,36,7200.00,5263.69,1,64,-93.07,-27.63,33.31,1
40,37,3600.00,3657.64,3,90,-70.22,-2.19,21.73,0
40,38,2200.00,7832.18,3,22,-111.71,-40.16,52.65,1
40,39,1200.00,6648.41,3,5,-103.43,-36.67,51.54,1
40,40,1600.00,4791.22,3,94,-95.03,-27.34,46.72,0
40,41,2800.00,4000.00,0,89,-91.99,-36.85,0.00,0
40,42,2400.00,7004.99,3,21,-112.36,-53.17,31.20,1
40,43,2800.00,4351.94,3,18,-89.00,-25.74,56.60,0
40,44,3600.00,8000.00,2,29,-125.97,-65.42,0.00,0
40,45,7241.35,6400.00,0,104,-76.95,-25.74,33.08,0
40,46,7052.61,6800.00,0,109,-75.19,-11.03,40.23,0
40,47,1640.62,6600.00,0,13,-121.50,-57.86,32.50,0
40,48,8200.00,4200.00,0,70,-95.04,-21.54,0.00,0
40,49,5600.00,6808.40,1,108,-95.31,-31.19,38.47,0
40,50,8076.45,7600.00,0,110,-70.31,2.51,26.21,0
40,51,3800.00,7400.00,1,107,-91.81,-31.57,0.00,0
40,52,3260.62,3400.00,0,90,-80.60,-19.31,41.70,0
40,53,3049.78,4400.00,2,95,-75.03,-5.30,36.54,0
40,54,6000.00,3495.95,3,92,-74.14,-4.20,38.17,0
40,55,3800.00,2399.53,1,85,-73.69,-2.37,38.35,0
40,56,1800.00,4400.00,1,89,-94.27,-31.68,0.00,0
40,57,3400.00,4600.00,1,95,-85.69,-23.68,0.00,0
40,58,1400.00,2775.73,3,83,-85.69,-25.92,55.49,0
40,59,5118.88,5200.00,2,97,-43.80,18.35,25.79,0
40,60,1200.00,5600.00,0,4,-116.77,-45.63,0.00,0
40,61,8600.00,4600.00,0,99,-83.45,-15.16,0.00,0
40,62,6200.00,5800.00,2,103,-41.37,21.46,0.00,0
40,63,7000.00,7800.00,0,109,-78.85,-13.63,0.00,0
40,64,1346.24,2200.00,2,0,-100.09,-38.14,40.33,0
40,65,4200.00,5476.04,1,34,-59.19,1.31,26.07,0
40,66,4913.11,7800.00,2,44,-98.71,-36.19,56.85,0
40,67,1600.00,2653.49,3,83,-72.98,-3.77,43.77,0
40,68,5600.00,3200.00,0,86,-94.57,-26.42,0.00,0
40,69,8052.51,7800.00,0,110,-77.88,-13.51,25.20,0
40,70,7800.00,6000.00,2,104,-88.26,-19.77,0.00,0
40,71,2600.00,5137.19,1,95,-83.93,-20.64,36.58,0
40,72,5514.49,6600.00,0,108,-72.16,-7.89,35.94,0
40,73,5800.00,2400.00,3,86,-74.10,-8.23,0.00,0
40,74,2400.00,4681.64,1,89,-76.04,-14.32,25.80,0
40,75,3000.00,6600.83,1,100,-70.11,2.73,45.81,0
40,76,6200.00,6055.38,3,103,-79.41,-11.18,21.79,0
40,77,8800.00,5011.68,1,99,-74.74,-8.08,39.08,0
40,78,5303.85,5600.00,2,97,-64.09,-13.76,41.81,0
40,79,8600.00,3400.00,3,77,-110.40,-53.71,0.00,0
40,80,5000.00,5200.00,2,41,-96.06,-27.23,0.00,0
40,81,4400.00,5600.00,0,34,-118.20,-51.57,0.00,0
40,82,7268.62,7200.00,0,66,-56.28,5.95,33.93,0
40,83,8800.00,5800.00,0,79,-113.15,-43.29,0.00,0
40,84,5400.00,5853.75,3,102,-84.17,-11.14,21.84,0
40,85,6816.61,7600.00,0,109,-87.82,-29.56,19.93,0
40,86,6000.00,7800.00,0,52,-113.78,-41.52,0.00,0
40,87,6000.00,2615.30,3,86,-61.05,-2.64,54.31,0
40,88,7100.59,5600.00,2,64,-105.01,-48.70,58.34,0
40,89,4302.15,2400.00,0,85,-78.24,-6.30,35.02,0
40,90,7000.00,7983.55,3,67,-96.85,-34.30,19.74,0
40,91,6702.84,4400.00,2,98,-85.62,-28.58,57.70,0
40,92,4600.00,7800.00,1,37,-114.30,-58.35,0.00,0
40,93,3000.00,4800.00,2,95,-57.99,5.47,0.00,0
40,94,6516.12,6400.00,0,103,-52.48,4.39,59.26,0
40,95,4000.00,3200.00,2,85,-52.61,10.90,0.00,0
40,96,2400.00,7000.00,1,106,-68.72,1.53,0.00,0
40,97,2569.43,3200.00,0,84,-90.62,-21.24,36.97,0
40,98,2200.00,4000.00,3,89,-42.09,24.33,0.00,0
40,99,8615.67,2000.00,2,75,-92.53,-23.65,53.78,0
41,0,2200.00,7600.00,2,14,-82.84,-7.84,0.00,0
41,1,2600.00,5799.11,1,100,-62.03,-1.20,53.25,0
41,2,7600.00,5129.56,1,64,-108.02,-39.76,50.03,1
41,3,6057.29,3000.00,2,86,-66.85,-4.70,50.93,0
41,4,8400.00,4200.00,2,99,-81.46,-11.24,0.00,0
41,5,8000.00,3457.90,1,93,-86.99,-16.73,32.58,1
41,6,4100.23,3200.00,0,90,-71.95,-1.37,48.04,0
41,7,5000.00,3400.00,1,91,-73.89,-13.07,0.00,0
41,8,4400.00,5838.32,3,102,-57.24,6.39,43.49,0
41,9,1487.31,3600.00,0,2,-94.96,-27.34,32.84,0
41,10,3293.82,6000.00,2,101,-66.24,-3.53,41.89,0
41,11,4161.85,2200.00,0,85,-64.58,-1.45,43.16,1
41,12,7002.86,5600.00,2,64,-105.72,-36.01,22.78,0
41,13,2000.00,5937.32,1,100,-74.43,-10.99,35.20,0
41,14,7000.00,4800.00,2,98,-89.91,-32.59,0.00,0
41,15,8600.00,5200.00,3,99,-63.60,6.40,0.00,0
41,16,4243.36,2000.00,0,30,-68.22,-1.59,38.94,0
41,17,3400.00,4595.31,1,95,-83.87,-15.02,22.72,0
41,18,7846.26,3000.00,0,88,-57.35,19.34,39.40,0
41,19,4934.29,6600.00,0,102,-79.11,-9.64,20.98,0
41,20,6002.36,7400.00,2,108,-77.75,-14.03,45.44,0
41,21,4803.16,3800.00,0,91,-78.44,-12.25,37.51,0
41,22,1200.00,5990.47,3,5,-109.53,-38.87,11.44,0
41,23,5819.58,2000.00,2,45,-89.97,-20.54,28.87,0
41,24,5600.00,7000.00,3,108,-64.20,3.22,0.00,0
41,25,1200.00,6800.00,3,5,-111.84,-41.55,0.00,0
41,26,1600.00,6000.00,0,12,-122.07,-60.50,0.00,0
41,27,1598.04,2200.00,2,83,-77.75,-8.52,37.28,1
41,28,4800.00,6142.00,3,102,-60.12,-2.64,47.79,0
41,29,5555.24,6200.00,0,102,-84.27,-17.79,42.99,0
41,30,1446.42,7800.00,2,105,-97.43,-38.06,28.35,0
41,31,1217.07,2600.00,0,83,-75.34,-4.30,52.68,0
41,32,7800.00,7400.00,2,110,-66.69,-4.92,0.00,0
41,33,8565.03,2400.00,0,88,-86.87,-12.95,36.01,0
41,34,6600.00,5059.33,3,98,-65.33,-7.42,57.89,0
41,35,3200.00,7433.81,3,106,-39.38,19.94,36.26,0
41,36,7200.00,5291.45,1,98,-86.31,-18.85,33.31,1
41,37,3600.00,3639.54,3,90,-56.13,16.49,21.73,0
41,38,2211.70,7800.00,0,14,-112.50,-40.39,52.65,1
41,39,1200.00,6605.46,3,5,-103.41,-28.05,51.54,0
41,40,1600.00,4752.29,3,94,-88.38,-13.62,46.72,0
41,41,2800.00,4000.00,0,89,-91.99,-36.85,0.00,0
41,42,2421.02,7000.00,0,21,-105.37,-45.88,31.20,0
41,43,2800.00,4304.77,3,89,-95.40,-32.98,56.60,1
41,44,3600.00,8000.00,2,29,-125.97,-65.42,0.00,0
41,45,7268.92,6400.00,0,104,-84.41,-33.15,33.08,0
41,46,7086.13,6800.00,0,109,-60.54,12.67,40.23,0
41,47,1667.70,6600.00,0,13,-111.80,-51.00,32.50,0
41,48,8200.00,4200.00,0,70,-95.04,-21.54,0.00,0
41,49,5600.00,6840.46,1,108,-73.93,-11.87,38.47,0
41,50,8098.29,7600.00,0,110,-72.80,4.76,26.21,0
41,51,3800.00,7400.00,1,107,-91.81,-31.57,0.00,0
41,52,3295.37,3400.00,0,90,-81.30,-18.76,41.70,0
41,53,3019.32,4400.00,2,95,-72.73,-6.87,36.54,0
41,54,6000.00,3464.15,3,92,-81.36,-13.14,38.17,0
41,55,3800.00,2368.51,3,85,-85.75,-29.09,38.35,0
41,56,1800.00,4400.00,1,89,-94.27,-31.68,0.00,0
41,57,3400.00,4600.00,1,95,-85.69,-23.68,0.00,0
41,58,1400.00,2729.49,3,83,-63.49,5.86,55.49,0
41,59,5097.39,5200.00,2,97,-47.29,16.93,25.79,0
41,60,1200.00,5600.00,0,4,-116.77,-45.63,0.00,0
41,61,8600.00,4600.00,0,99,-83.45,-15.16,0.00,0
41,62,6200.00,5800.00,2,103,-41.37,21.46,0.00,0
41,63,7000.00,7800.00,0,109,-78.85,-13.63,0.00,0
41,64,1312.63,2200.00,2,0,-106.09,-40.53,40.33,0
41,65,4200.00,5497.77,1,34,-58.70,3.69,26.07,0
41,66,4865.74,7800.00,2,44,-90.75,-29.13,56.85,0
41,67,1600.00,2617.02,3,83,-77.76,-1.69,43.77,0
41,68,5600.00,3200.00,0,86,-94.57,-26.42,0.00,0
41,69,8073.51,7800.00,0,110,-74.63,-6.74,25.20,0
41,70,7800.00,6000.00,2,104,-88.26,-19.77,0.00,0
41,71,2600.00,5167.68,1,95,-69.44,-7.89,36.58,0
41,72,5544.44,6600.00,0,108,-80.10,-10.13,35.94,0
41,73,5800.00,2400.00,3,86,-74.10,-8.23,0.00,0
41,74,2400.00,4703.14,1,89,-69.56,-17.83,25.80,0
41,75,3000.00,6639.01,1,100,-58.01,6.04,45.81,0
41,76,6200.00,6037.22,3,103,-70.88,-4.87,21.79,0
41,77,8800.00,5044.25,1,99,-58.97,9.38,39.08,0
41,78,5269.01,5600.00,2,97,-76.89,-23.69,41.81,0
41,79,8600.00,3400.00,3,77,-110.40,-53.71,0.00,0
41,80,5000.00,5200.00,2,41,-96.06,-27.23,0.00,0
41,81,4400.00,5600.00,0,34,-118.20,-51.57,0.00,0
41,82,7296.90,7200.00,0,109,-55.83,15.28,33.93,1
41,83,8800.00,5800.00,0,79,-113.15,-43.29,0.00,0
41,84,5400.00,5835.55,3,102,-84.28,-14.42,21.84,0
41,85,6849.82,7600.00,0,109,-69.50,1.85,39.85,0
41,86,6000.00,7800.00,0,52,-113.78,-41.52,0.00,0
41,87,5970.04,2600.00,2,86,-78.18,-14.20,54.31,0
41,88,7051.98,5600.00,2,64,-93.57,-39.20,58.34,0
41,89,4331.34,2400.00,0,85,-83.72,-28.65,35.02,0
41,90,7000.00,7950.64,3,67,-98.19,-33.48,39.48,0
41,91,6654.76,4400.00,2,98,-91.47,-27.03,57.70,0
41,92,4600.00,7800.00,1,37,-114.30,-58.35,0.00,0
41,93,3000.00,4800.00,2,95,-57.99,5.47,0.00,0
41,94,6565.50,6400.00,0,103,-63.34,-7.73,59.26,0
41,95,3987.21,3200.00,2,85,-41.16,23.03,15.35,0
41,96,2400.00,7012.58,1,106,-77.38,-10.00,15.10,0
41,97,2599.77,3200.00,2,84,-95.88,-31.84,36.97,0
41,98,2200.00,3984.34,3,89,-29.58,41.08,18.79,0
41,99,8570.86,2000.00,2,75,-112.14,-45.55,53.78,0
42,0,2200.00,7600.00,2,14,-82.84,-7.84,0.00,0
42,1,2600.00,5756.51,3,100,-47.99,15.30,53.25,0
42,2,7600.00,5171.25,1,64,-116.61,-46.01,50.03,0
42,3,6014.85,3000.00,2,86,-55.29,1.49,50.93,0
42,4,8400.00,4200.00,2,99,-81.46,-11.24,0.00,0
42,5,8000.00,3485.05,1,69,-102.72,-31.49,32.58,1
42,6,4140.26,3200.00,0,90,-62.02,-6.98,48.04,0
42,7,5000.00,3400.00,1,91,-73.89,-13.07,0.00,0
42,8,4400.00,5802.08,3,102,-69.72,3.79,43.49,0
42,9,1514.67,3600.00,0,2,-98.04,-23.90,32.84,0
42,10,3258.91,6000.00,2,101,-71.51,-6.88,41.89,0
42,11,4197.82,2200.00,0,85,-49.20,19.50,43.16,0
42,12,7000.00,5600.00,0,64,-106.28,-47.17,0.00,0
42,13,2000.00,5966.65,1,100,-70.54,-13.67,35.20,0
42,14,6990.88,4800.00,2,98,-94.62,-23.73,10.95,0
42,15,8600.00,5200.00,3,99,-63.60,6.40,0.00,0
42,16,4275.81,2000.00,0,30,-65.02,5.98,38.94,0
42,17,3400.00,4600.00,0,95,-98.99,-36.21,0.00,0
42,18,7879.10,3000.00,0,88,-73.48,-5.93,39.40,0
42,19,4951.77,6600.00,0,102,-65.28,-0.05,20.98,0
42,20,6035.51,7400.00,0,108,-57.11,-1.60,45.44,0
42,21,4834.42,3800.00,0,91,-83.81,-15.31,37.51,0
42,22,1200.00,5971.41,3,5,-103.51,-32.72,22.87,0
42,23,5800.00,2004.48,1,45,-99.19,-36.20,28.87,0
42,24,5600.00,7000.00,3,108,-64.20,3.22,0.00,0
42,25,1200.00,6800.00,3,5,-111.84,-41.55,0.00,0
42,26,1600.00,6000.00,0,12,-122.07,-60.50,0.00,0
42,27,1566.97,2200.00,2,83,-73.27,-3.58,37.28,0
42,28,4800.00,6102.17,3,102,-74.10,-12.71,47.79,0
42,29,5591.06,6200.00,0,102,-81.91,-16.90,42.99,0
42,30,1422.80,7800.00,2,105,-93.76,-23.64,28.35,0
42,31,1260.97,2600.00,0,83,-80.83,-5.15,52.68,0
42,32,7784.40,7400.00,2,110,-90.91,-15.21,18.71,0
42,33,8595.03,2400.00,0,88,-87.30,-16.83,36.01,0
42,34,6600.00,5011.09,3,56,-73.77,-8.38,57.89,1
42,35,3200.00,7403.59,3,106,-24.92,43.87,36.26,0
42,36,7200.00,5319.21,1,98,-70.12,-0.16,33.31,0
42,37,3600.00,3621.43,3,90,-65.96,8.08,21.73,0
42,38,2255.57,7800.00,0,22,-107.16,-33.19,52.65,1
42,39,1200.00,6562.51,3,5,-116.96,-37.89,51.54,0
42,40,1600.00,4713.36,3,94,-41.36,23.88,46.72,0
42,41,2800.00,4000.00,0,89,-91.99,-36.85,0.00,0
42,42,2447.02,7000.00,0,21,-102.30,-43.95,31.20,0
42,43,2800.00,4257.61,3,89,-75.15,-16.96,56.60,0
42,44,3600.00,8000.00,2,29,-125.97,-65.42,0.00,0
42,45,7296.48,6400.00,0,65,-81.06,-18.19,33.08,1
42,46,7119.66,6800.00,0,109,-54.87,14.33,40.23,0
42,47,1694.78,6600.00,0,13,-98.66,-38.18,32.50,0
42,48,8200.00,4200.00,0,70,-95.04,-21.54,0.00,0
42,49,5600.00,6872.52,1,108,-66.21,-3.44,38.47,0
42,50,8120.13,7600.00,0,110,-73.95,-11.13,26.21,0
42,51,3800.00,7400.00,1,107,-91.81,-31.57,0.00,0
42,52,3330.12,3400.00,0,90,-70.32,-8.33,41.70,0
42,53,3000.00,4411.13,1,95,-104.08,-44.06,36.54,0
42,54,6000.00,3432.34,3,92,-67.39,8.54,38.17,0
42,55,3800.00,2336.55,3,85,-76.16,-6.09,38.35,0
42,56,1800.00,4400.00,1,89,-94.27,-31.68,0.00,0
42,57,3400.00,4600.00,1,95,-85.69,-23.68,0.00,0
42,58,1400.00,2683.25,3,83,-56.56,6.67,55.49,0
42,59,5075.90,5200.00,2,97,-55.92,9.24,25.79,0
42,60,1200.00,5600.00,0,4,-116.77,-45.63,0.00,0
42,61,8600.00,4600.00,0,99,-83.45,-15.16,0.00,0
42,62,6200.00,5800.00,2,103,-41.37,21.46,0.00,0
42,63,7000.00,7800.00,0,109,-78.85,-13.63,0.00,0
42,64,1279.01,2200.00,2,0,-106.86,-42.15,40.33,0
42,65,4200.00,5519.50,1,34,-60.72,-0.38,26.07,0
42,66,4818.37,7800.00,2,44,-122.68,-58.13,56.85,0
42,67,1580.54,2600.00,2,83,-62.83,3.29,43.77,0
42,68,5600.00,3200.00,0,86,-94.57,-26.42,0.00,0
42,69,8094.51,7800.00,0,110,-61.49,0.30,25.20,0
42,70,7800.00,6000.00,2,104,-88.26,-19.77,0.00,0
42,71,2600.00,5198.16,1,95,-57.68,0.64,36.58,0
42,72,5574.39,6600.00,0,108,-72.00,-3.06,35.94,0
42,73,5800.00,2400.00,3,86,-74.10,-8.23,0.00,0
42,74,2400.00,4724.65,1,89,-80.40,-33.73,25.80,0
42,75,3000.00,6677.18,1,100,-71.15,-3.19,45.81,0
42,76,6200.00,6019.05,3,103,-57.78,-1.08,21.79,0
42,77,8800.00,5076.82,1,99,-70.86,1.09,39.08,0
42,78,5234.17,5600.00,2,102,-74.05,-5.91,41.81,1
42,79,8600.00,3400.00,3,77,-110.40,-53.71,0.00,0
42,80,5000.00,5200.00,2,41,-96.06,-27.23,0.00,0
42,81,4400.00,5600.00,0,34,-118.20,-51.57,0.00,0
42,82,7325.17,7200.00,0,109,-62.18,9.88,33.93,0
42,83,8800.00,5800.00,0,79,-113.15,-43.29,0.00,0
42,84,5400.00,5817.35,3,102,-95.36,-28.09,21.84,0
42,85,6883.03,7600.00,0,109,-68.17,-6.84,39.85,0
42,86,6000.00,7800.00,0,52,-113.78,-41.52,0.00,0
42,87,5924.79,2600.00,2,86,-51.27,11.18,54.31,0
42,88,7003.36,5600.00,2,64,-92.64,-28.75,58.34,0
42,89,4360.53,2400.00,0,85,-95.59,-47.32,35.02,0
42,90,7000.00,7917.74,3,67,-99.35,-36.67,39.48,0
42,91,6606.68,4400.00,2,98,-93.80,-26.85,57.70,0
42,92,4600.00,7800.00,1,37,-114.30,-58.35,0.00,0
42,93,3000.00,4800.00,2,95,-57.99,5.47,0.00,0
42,94,6614.89,6400.00,0,103,-76.60,-34.82,59.26,0
42,95,3961.63,3200.00,2,85,-69.56,-4.95,30.69,0
42,96,2400.00,7037.74,1,106,-73.28,-2.97,30.19,0
42,97,2568.96,3200.00,2,84,-83.21,-14.13,36.97,0
42,98,2200.00,3953.03,3,89,-37.05,32.60,37.58,0
42,99,8526.04,2000.00,2,75,-102.65,-25.49,53.78,0
43,0,2200.00,7600.00,2,14,-82.84,-7.84,0.00,0
43,1,2600.00,5712.13,3,100,-41.42,22.03,53.25,0
43,2,7600.00,5200.00,2,71,-119.55,-55.92,0.00,1
43,3,6000.00,3000.00,0,86,-66.89,0.13,0.00,0
43,4,8400.00,4200.00,2,99,-81.46,-11.24,0.00,0
43,5,8000.00,3512.19,1,93,-99.42,-25.26,32.58,1
43,6,4180.29,3200.00,0,90,-72.22,-0.31,48.04,0
43,7,5000.00,3408.86,1,91,-72.25,-12.28,10.63,0
43,8,4400.00,5765.84,3,102,-73.25,-9.49,43.49,0
43,9,1542.04,3600.00,0,2,-115.49,-39.10,32.84,0
43,10,3224.01,6000.00,2,101,-60.41,5.46,41.89,0
43,11,4200.00,2166.22,3,85,-84.78,-12.14,43.16,0
43,12,7000.00,5600.00,0,64,-106.28,-47.17,0.00,0
43,13,2000.00,5995.98,1,100,-69.49,0.89,35.20,0
43,14,6972.64,4800.00,2,98,-74.49,-10.53,21.89,0
43,15,8600.00,5200.00,3,99,-63.60,6.40,0.00,0
43,16,4308.26,2000.00,0,30,-85.54,-17.54,38.94,0
43,17,3400.00,4600.00,0,95,-98.99,-36.21,0.00,0
43,18,7911.93,3000.00,0,88,-58.84,7.34,39.40,0
43,19,4969.25,6600.00,0,102,-72.00,-2.53,20.98,0
43,20,6073.38,7400.00,0,108,-64.86,-7.30,45.44,0
43,21,4865.68,3800.00,0,91,-69.34,-4.83,37.51,0
43,22,1200.00,5952.34,3,5,-96.68,-30.82,22.87,0
43,23,5800.00,2028.54,1,45,-81.54,-34.81,28.87,0
43,24,5600.00,7000.00,3,108,-64.20,3.22,0.00,0
43,25,1200.00,6800.00,3,5,-111.84,-41.55,0.00,0
43,26,1600.00,6000.00,0,12,-122.07,-60.50,0.00,0
43,27,1535.90,2200.00,2,83,-76.27,-5.53,37.28,0
43,28,4800.00,6062.34,3,102,-46.80,15.47,47.79,0
43,29,5600.00,6200.00,2,102,-50.01,17.25,0.00,0
43,30,1400.00,7799.17,3,105,-65.54,8.14,28.35,0
43,31,1304.87,2600.00,0,83,-75.25,1.54,52.68,0
43,32,7753.21,7400.00,2,110,-83.98,-12.70,37.43,0
43,33,8574.96,2400.00,2,88,-59.04,13.11,36.01,0
43,34,6600.00,5000.00,1,56,-90.50,-23.75,0.00,0
43,35,3200.00,7373.38,3,106,-33.36,43.64,36.26,0
43,36,7200.00,5346.97,1,98,-72.76,-8.68,33.31,0
43,37,3600.00,3603.32,3,90,-62.58,-1.28,21.73,0
43,38,2299.45,7800.00,0,22,-96.95,-31.18,52.65,0
43,39,1200.00,6519.56,3,5,-125.31,-51.14,51.54,0
43,40,1600.00,4674.43,3,94,-64.02,-15.98,46.72,0
43,41,2800.00,4000.00,0,89,-91.99,-36.85,0.00,0
43,42,2473.02,7000.00,0,21,-92.32,-28.81,31.20,0
43,43,2800.00,4210.44,3,89,-77.36,-9.91,56.60,0
43,44,3600.00,8000.00,2,29,-125.97,-65.42,0.00,0
43,45,7324.05,6400.00,0,104,-83.24,-22.51,33.08,1
43,46,7153.19,6800.00,0,109,-66.36,9.05,40.23,0
43,47,1721.86,6600.00,0,13,-89.76,-26.32,32.50,0
43,48,8200.00,4200.00,0,70,-95.04,-21.54,0.00,0
43,49,5600.00,6904.58,1,108,-49.77,15.69,38.47,0
43,50,8141.97,7600.00,0,110,-69.57,-3.79,26.21,0
43,51,3800.00,7400.00,1,107,-91.81,-31.57,0.00,0
43,52,3364.87,3400.00,0,90,-51.36,20.99,41.70,0
43,53,3000.00,4441.59,1,95,-91.57,-27.73,36.54,0
43,54,6000.00,3400.53,3,92,-72.04,-9.72,38.17,0
43,55,3800.00,2304.58,3,85,-76.66,-8.09,38.35,0
43,56,1800.00,4400.00,1,89,-94.27,-31.68,0.00,0
43,57,3400.00,4608.98,1,95,-91.87,-22.16,10.78,0
43,58,1400.00,2637.01,3,83,-56.53,8.98,55.49,0
43,59,5054.41,5200.00,2,97,-73.01,-14.51,25.79,0
43,60,1200.00,5600.00,0,4,-116.77,-45.63,0.00,0
43,61,8614.91,4600.00,0,99,-88.72,-25.36,17.89,0
43,62,6200.00,5800.00,2,103,-41.37,21.46,0.00,0
43,63,7000.00,7800.00,0,109,-78.85,-13.63,0.00,0
43,64,1245.40,2200.00,2,0,-100.33,-38.54,40.33,0
43,65,4200.00,5541.22,1,96,-62.13,4.96,26.07,1
43,66,4800.00,7800.00,0,44,-116.56,-54.65,0.00,0
43,67,1544.07,2600.00,2,83,-52.80,22.29,43.77,0
43,68,5600.00,3200.00,0,86,-94.57,-26.42,0.00,0
43,69,8115.52,7800.00,0,110,-61.93,8.10,25.20,0
43,70,7800.00,6000.00,2,104,-88.26,-19.77,0.00,0
43,71,2628.65,5200.00,0,95,-58.51,6.32,36.58,0
43,72,5600.00,6595.66,3,108,-67.43,-12.30,35.94,0
43,73,5800.00,2400.00,3,86,-74.10,-8.23,0.00,0
43,74,2400.00,4746.15,1,89,-82.24,-28.19,25.80,0
43,75,3000.00,6715.36,1,106,-80.00,-13.70,45.81,1
43,76,6200.00,6000.89,3,103,-48.38,10.44,21.79,0
43,77,8800.00,5109.38,1,99,-62.71,-3.46,39.08,0
43,78,5200.67,5600.00,0,102,-66.80,-12.55,41.81,0
43,79,8600.00,3400.00,3,77,-110.40,-53.71,0.00,0
43,80,5000.00,5200.00,2,41,-96.06,-27.23,0.00,0
43,81,4400.00,5600.00,0,34,-118.20,-51.57,0.00,0
43,82,7353.45,7200.00,0,109,-65.89,0.35,33.93,0
43,83,8800.00,5800.00,0,79,-113.15,-43.29,0.00,0
43,84,5400.00,5800.00,2,102,-73.46,-3.97,0.00,0
43,85,6916.24,7600.00,0,109,-64.55,-10.50,39.85,0
43,86,6000.00,7800.00,0,52,-113.78,-41.52,0.00,0
43,87,5879.53,2600.00,2,86,-84.61,-12.87,54.31,0
43,88,7000.00,5645.26,1,64,-101.81,-27.98,58.34,0
43,89,4389.71,2400.00,0,85,-74.52,-14.37,35.02,0
43,90,7000.00,7884.84,3,67,-114.89,-40.04,39.48,0
43,91,6600.00,4400.00,1,98,-60.80,4.41,0.00,0
43,92,4600.00,7800.00,1,37,-114.30,-58.35,0.00,0
43,93,2981.88,4800.00,2,95,-52.92,5.31,21.74,0
43,94,6664.28,6400.00,0,103,-67.58,-2.24,59.26,0
43,95,3936.05,3200.00,2,85,-78.95,-5.59,30.69,0
43,96,2400.00,7062.90,1,106,-71.01,0.32,30.19,0
43,97,2538.15,3200.00,2,84,-73.29,-5.88,36.97,0
43,98,2200.00,3921.71,3,89,-41.19,25.80,37.58,0
43,99,8481.22,2000.00,2,75,-110.90,-30.61,53.78,0
44,0,2200.00,7600.00,2,14,-82.84,-7.84,0.00,0
44,1,2600.00,5667.75,3,100,-86.89,-23.48,53.25,0
44,2,7600.00,5200.00,2,64,-111.69,-48.06,0.00,1
44,3,6000.00,3000.00,0,86,-66.89,0.13,0.00,0
44,4,8400.00,4200.00,2,99,-81.46,-11.24,0.00,0
44,5,8000.00,3539.34,1,93,-96.28,-38.10,32.58,0
44,6,4220.32,3200.00,0,90,-56.32,4.15,48.04,0
44,7,5000.00,3426.57,1,91,-59.62,0.81,21.26,0
44,8,4400.00,5729.61,3,102,-103.58,-40.75,43.49,0
44,9,1569.40,3600.00,0,2,-114.65,-51.43,32.84,0
44,10,3189.10,6000.00,2,101,-81.58,-22.03,41.89,0
44,11,4200.00,2130.25,3,85,-86.76,-27.81,43.16,0
44,12,7000.00,5600.00,0,64,-106.28,-47.17,0.00,0
44,13,2000.00,6025.31,1,100,-84.62,-13.49,35.20,0
44,14,6954.39,4800.00,2,98,-78.60,-23.63,21.89,0
44,15,8600.00,5200.00,3,99,-63.60,6.40,0.00,0
44,16,4340.70,2000.00,0,30,-83.01,-19.92,38.94,0
44,17,3400.00,4600.00,0,95,-98.99,-36.21,0.00,0
44,18,7944.77,3000.00,0,88,-58.67,-5.49,39.40,0
44,19,4986.74,6600.00,0,102,-77.47,-4.72,20.98,0
44,20,6111.25,7400.00,0,108,-57.37,-2.07,45.44,0
44,21,4896.93,3800.00,0,91,-72.50,-6.39,37.51,0
44,22,1200.00,5933.28,3,5,-100.32,-36.00,22.87,0
44,23,5800.00,2052.59,1,45,-72.79,-22.88,28.87,0
44,24,5600.00,7000.00,3,108,-64.20,3.22,0.00,0
44,25,1200.00,6800.00,3,5,-111.84,-41.55,0.00,0
44,26,1600.00,6000.00,0,12,-122.07,-60.50,0.00,0
44,27,1504.83,2200.00,2,83,-64.26,0.77,37.28,0
44,28,4800.00,6022.52,3,102,-62.43,-0.79,47.79,0
44,29,5600.00,6200.00,2,102,-50.01,17.25,0.00,0
44,30,1400.00,7775.54,3,105,-75.16,3.94,28.35,0
44,31,1348.78,2600.00,0,83,-116.44,-40.52,52.68,0
44,32,7722.02,7400.00,2,110,-91.63,-28.06,37.43,0
44,33,8544.96,2400.00,2,88,-63.43,15.61,36.01,0
44,34,6600.00,5000.00,1,98,-78.25,-11.19,0.00,1
44,35,3200.00,7343.16,3,106,-50.58,18.50,36.26,0
44,36,7200.00,5374.72,1,64,-82.45,-13.13,33.31,1
44,37,3614.78,3600.00,0,90,-79.67,-10.22,21.73,0
44,38,2343.32,7800.00,0,22,-107.57,-48.00,52.65,0
44,39,1200.00,6476.62,3,5,-94.54,-37.58,51.54,0
44,40,1600.00,4635.49,3,94,-77.10,-10.68,46.72,0
44,41,2800.00,4000.00,0,89,-91.99,-36.85,0.00,0
44,42,2499.02,7000.00,0,21,-82.80,-24.81,31.20,0
44,43,2800.00,4163.28,3,89,-76.40,-26.24,56.60,0
44,44,3600.00,8000.00,2,29,-125.97,-65.42,0.00,0
44,45,7351.61,6400.00,0,104,-87.71,-22.52,33.08,0
44,46,7186.71,6800.00,0,109,-78.29,-14.52,40.23,0
44,47,1748.94,6600.00,0,13,-96.11,-33.58,32.50,0
44,48,8200.00,4200.00,0,70,-95.04,-21.54,0.00,0
44,49,5600.00,6936.65,1,108,-51.10,5.11,38.47,0
44,50,8163.82,7600.00,0,110,-63.60,7.12,26.21,0
44,51,3800.00,7400.00,1,107,-91.81,-31.57,0.00,0
44,52,3399.62,3400.00,0,90,-62.58,7.79,41.70,0
44,53,3000.00,4472.04,1,95,-63.34,1.08,36.54,0
44,54,6000.00,3400.00,0,92,-71.03,-16.69,0.00,0
44,55,3800.00,2272.62,3,85,-91.31,-22.22,38.35,0
44,56,1800.00,4400.00,1,89,-94.27,-31.68,0.00,0
44,57,3400.00,4626.95,1,95,-95.25,-26.41,21.56,0
44,58,1400.00,2600.00,1,83,-76.50,0.85,0.00,0
44,59,5032.92,5200.00,2,97,-64.22,-13.90,25.79,0
44,60,1200.00,5600.00,0,4,-116.77,-45.63,0.00,0
44,61,8644.74,4600.00,0,99,-85.88,-19.09,35.79,0
44,62,6175.56,5800.00,2,103,-61.60,-0.84,29.33,0
44,63,7000.00,7800.00,0,109,-78.85,-13.63,0.00,0
44,64,1211.79,2200.00,2,0,-108.19,-44.75,40.33,0
44,65,4200.00,5562.95,1,96,-74.43,-11.21,26.07,0
44,66,4800.00,7800.00,0,37,-108.01,-46.11,0.00,1
44,67,1507.59,2600.00,2,83,-72.13,1.09,43.77,0
44,68,5600.00,3200.00,0,86,-94.57,-26.42,0.00,0
44,69,8136.52,7800.00,0,110,-45.34,28.51,25.20,0
44,70,7800.00,6000.00,2,104,-88.26,-19.77,0.00,0
44,71,2659.14,5200.00,0,95,-74.30,-6.12,36.58,0
44,72,5600.00,6565.71,3,108,-89.46,-27.43,35.94,0
44,73,5800.00,2400.00,3,86,-74.10,-8.23,0.00,0
44,74,2400.00,4767.65,1,89,-87.25,-25.15,25.80,0
44,75,3000.00,6753.53,1,106,-73.71,-8.18,45.81,0
44,76,6200.00,6000.00,0,103,-69.71,-9.70,0.00,0
44,77,8800.00,5141.95,1,99,-67.75,-12.78,39.08,0
44,78,5235.51,5600.00,0,102,-73.57,-5.88,41.81,0
44,79,8600.00,3400.00,3,77,-110.40,-53.71,0.00,0
44,80,5000.00,5200.00,2,41,-96.06,-27.23,0.00,0
44,81,4400.00,5600.00,0,34,-118.20,-51.57,0.00,0
44,82,7381.72,7200.00,0,109,-80.66,-21.29,33.93,0
44,83,8800.00,5800.00,0,79,-113.15,-43.29,0.00,0
44,84,5400.00,5800.00,2,102,-73.46,-3.97,0.00,0
44,85,6949.45,7600.00,0,109,-60.69,6.48,39.85,0
44,86,6000.00,7800.00,0,52,-113.78,-41.52,0.00,0
44,87,5834.27,2600.00,2,86,-76.89,-17.00,54.31,0
44,88,7000.00,5693.87,1,64,-95.13,-40.06,58.34,0
44,89,4400.00,2418.90,1,85,-93.59,-29.44,35.02,0
44,90,7000.00,7851.93,3,67,-103.05,-28.37,39.48,0
44,91,6600.00,4400.00,1,98,-60.80,4.41,0.00,0
44,92,4600.00,7800.00,1,37,-114.30,-58.35,0.00,0
44,93,2945.65,4800.00,2,95,-63.71,-3.31,43.48,0
44,94,6713.67,6400.00,0,103,-78.15,-18.63,59.26,0
44,95,3910.48,3200.00,2,85,-79.96,-13.62,30.69,0
44,96,2400.00,7088.06,1,106,-72.42,0.97,30.19,0
44,97,2507.35,3200.00,2,84,-88.42,-14.95,36.97,0
44,98,2200.00,3890.40,3,89,-52.80,15.85,37.58,0
44,99,8436.40,2000.00,2,75,-92.69,-16.40,53.78,0
45,0,2200.00,7600.00,2,14,-82.84,-7.84,0.00,0
45,1,2600.00,5623.37,3,100,-74.14,-8.47,53.25,0
45,2,7600.00,5200.00,2,64,-111.69,-48.06,0.00,0
45,3,6000.00,3000.00,0,86,-66.89,0.13,0.00,0
45,4,8400.00,4200.00,2,99,-81.46,-11.24,0.00,0
45,5,8000.00,3566.49,1,93,-69.23,-6.77,32.58,0
45,6,4260.35,3200.00,0,85,-72.18,-13.84,48.04,1
45,7,5000.00,3444.29,1,91,-63.75,-1.96,21.26,0
45,8,4400.00,5693.37,3,102,-107.89,-40.81,43.49,0
45,9,1596.76,3600.00,0,2,-115.48,-52.10,32.84,0
45,10,3154.19,6000.00,2,101,-84.17,-14.72,41.89,0
45,11,4200.00,2094.28,3,30,-80.00,-12.08,43.16,1
45,12,7000.00,5600.00,0,64,-106.28,-47.17,0.00,0
45,13,2000.00,6054.64,1,100,-60.10,19.53,35.20,0
45,14,6936.15,4800.00,2,98,-77.36,-17.87,21.89,0
45,15,8600.00,5200.00,3,99,-63.60,6.40,0.00,0
45,16,4373.15,2000.00,0,30,-95.70,-24.74,38.94,0
45,17,3400.00,4600.00,0,95,-98.99,-36.21,0.00,0
45,18,7977.60,3000.00,0,88,-43.03,6.02,39.40,0
45,19,5004.22,6600.00,0,102,-80.08,-8.17,20.98,0
45,20,6149.12,7400.00,0,108,-59.42,-2.36,45.44,0
45,21,4928.19,3800.00,0,91,-62.72,-2.74,37.51,0
45,22,1200.00,5914.22,3,5,-106.06,-35.77,22.87,0
45,23,5800.00,2076.65,1,45,-85.67,-30.02,28.87,0
45,24,5600.00,6976.29,3,108,-56.80,4.09,28.45,0
45,25,1200.00,6800.00,3,5,-111.84,-41.55,0.00,0
45,26,1600.00,6000.00,0,12,-122.07,-60.50,0.00,0
45,27,1473.76,2200.00,2,83,-70.82,6.16,37.28,0
45,28,4800.00,6000.00,2,102,-61.02,4.74,0.00,0
45,29,5600.00,6200.00,2,102,-50.01,17.25,0.00,0
45,30,1400.00,7751.92,3,105,-74.03,1.57,28.35,0
45,31,1392.68,2600.00,0,83,-99.20,-20.08,52.68,0
45,32,7690.83,7400.00,2,110,-82.96,-13.56,37.43,0
45,33,8514.95,2400.00,2,88,-71.04,4.30,36.01,0
45,34,6600.00,5000.00,1,98,-78.25,-11.19,0.00,0
45,35,3200.00,7312.94,3,106,-81.21,-15.33,36.26,0
45,36,7197.52,5400.00,2,98,-56.26,6.60,33.31,1
45,37,3632.89,3600.00,0,90,-71.40,-11.06,21.73,0
45,38,2387.20,7800.00,0,22,-114.03,-50.58,52.65,0
45,39,1200.00,6433.67,3,5,-94.57,-28.73,51.54,0
45,40,1600.00,4603.44,1,94,-83.51,-21.38,46.72,0
45,41,2800.00,4000.00,0,89,-91.99,-36.85,0.00,0
45,42,2525.02,7000.00,0,106,-45.24,21.57,31.20,1
45,43,2800.00,4116.12,3,89,-84.52,-19.46,56.60,0
45,44,3576.56,8000.00,2,29,-121.45,-53.35,28.13,0
45,45,7379.18,6400.00,0,104,-94.81,-34.67,33.08,0
45,46,7220.24,6800.00,0,109,-77.05,-15.80,40.23,0
45,47,1776.02,6600.00,0,13,-83.14,-16.72,32.50,0
45,48,8200.00,4200.00,0,70,-95.04,-21.54,0.00,0
45,49,5600.00,6968.71,1,108,-56.40,-4.39,38.47,0
45,50,8185.66,7600.00,0,110,-57.12,14.47,26.21,0
45,51,3800.00,7400.00,1,107,-91.81,-31.57,0.00,0
45,52,3400.00,3434.37,1,90,-72.02,-11.43,41.70,0
45,53,3000.00,4502.49,1,95,-76.18,-20.36,36.54,0
45,54,6000.00,3400.00,0,92,-71.03,-16.69,0.00,0
45,55,3800.00,2240.66,3,85,-54.05,13.66,38.35,0
45,56,1800.00,4400.00,1,89,-94.27,-31.68,0.00,0
45,57,3400.00,4644.91,1,95,-76.26,-4.53,21.56,0
45,58,1400.00,2600.00,1,83,-76.50,0.85,0.00,0
45,59,5011.43,5200.00,2,97,-78.13,-18.62,25.79,0
45,60,1200.00,5600.00,0,4,-116.77,-45.63,0.00,0
45,61,8674.56,4600.00,0,99,-87.84,-20.05,35.79,0
45,62,6126.68,5800.00,2,103,-83.90,-31.85,58.66,0
45,63,7023.56,7800.00,0,109,-79.24,-4.39,28.28,0
45,64,1200.00,2200.00,1,0,-114.50,-46.23,0.00,0
45,65,4200.00,5584.68,1,96,-85.69,-21.83,26.07,0
45,66,4800.00,7800.00,0,37,-108.01,-46.11,0.00,0
45,67,1471.12,2600.00,2,83,-70.29,8.98,43.77,0
45,68,5600.00,3200.00,0,86,-94.57,-26.42,0.00,0
45,69,8157.52,7800.00,0,110,-43.30,24.55,25.20,0
45,70,7800.00,6000.00,2,104,-88.26,-19.77,0.00,0
45,71,2689.63,5200.00,0,95,-67.62,-8.00,36.58,0
45,72,5600.00,6535.76,3,108,-96.16,-31.10,35.94,0
45,73,5800.00,2400.00,3,86,-74.10,-8.23,0.00,0
45,74,2400.00,4789.16,1,18,-92.80,-33.96,25.80,1
45,75,3000.00,6791.71,1,106,-86.64,-26.64,45.81,0
45,76,6200.00,6000.00,0,103,-69.71,-9.70,0.00,0
45,77,8800.00,5174.52,1,99,-90.88,-18.96,39.08,0
45,78,5270.35,5600.00,0,102,-73.81,-11.20,41.81,0
45,79,8600.00,3400.00,3,77,-110.40,-53.71,0.00,0
45,80,5000.00,5200.00,2,41,-96.06,-27.23,0.00,0
45,81,4411.32,5600.00,0,34,-107.09,-43.02,13.58,0
45,82,7390.00,7200.00,2,109,-75.62,-10.43,33.93,0
45,83,8800.00,5800.00,0,79,-113.15,-43.29,0.00,0
45,84,5400.00,5800.00,2,102,-73.46,-3.97,0.00,0
45,85,6982.66,7600.00,0,109,-54.77,14.01,39.85,0
45,86,6011.17,7800.00,0,52,-114.33,-48.14,13.40,0
45,87,5800.00,2600.00,1,86,-55.40,11.76,0.00,0
45,88,7000.00,5742.49,1,57,-116.59,-63.01,58.34,1
45,89,4400.00,2448.09,1,85,-70.06,-2.72,35.02,0
45,90,7000.00,7819.03,3,109,-81.24,-14.14,39.48,1
45,91,6600.00,4400.00,1,98,-60.80,4.41,0.00,0
45,92,4600.00,7808.34,1,44,-117.67,-60.62,10.01,1
45,93,2909.42,4800.00,2,95,-60.59,2.00,43.48,0
45,94,6763.05,6400.00,0,103,-85.76,-25.51,59.26,0
45,95,3884.90,3200.00,2,85,-80.70,-17.48,30.69,0
45,96,2400.00,7113.23,1,106,-93.09,-31.14,30.19,0
45,97,2476.54,3200.00,2,84,-83.87,-16.42,36.97,0
45,98,2200.00,3859.08,3,89,-57.01,6.50,37.58,0
45,99,8400.00,2000.00,0,75,-119.47,-57.29,0.00,0
46,0,2183.37,7600.00,2,105,-77.92,-0.63,19.96,1
46,1,2578.99,5600.00,2,100,-66.57,-2.47,53.25,0
46,2,7600.00,5200.00,2,64,-111.69,-48.06,0.00,0
46,3,6000.00,3000.00,0,86,-66.89,0.13,0.00,0
46,4,8400.00,4200.00,2,99,-81.46,-11.24,0.00,0
46,5,8000.00,3593.63,1,93,-72.12,1.00,32.58,0
46,6,4300.38,3200.00,0,85,-73.88,-22.07,48.04,0
46,7,5000.00,3462.01,1,91,-48.83,18.44,21.26,0
46,8,4400.00,5657.13,3,102,-100.68,-29.05,43.49,0
46,9,1624.12,3600.00,0,2,-106.05,-36.10,32.84,0
46,10,3119.28,6000.00,2,101,-87.64,-13.23,41.89,0
46,11,4200.00,2058.32,3,30,-75.61,-1.71,43.16,0
46,12,7000.00,5600.00,0,64,-106.28,-47.17,0.00,0
46,13,2000.00,6083.98,1,100,-66.73,4.33,35.20,0
46,14,6917.91,4800.00,2,98,-67.64,0.12,21.89,0
46,15,8600.00,5200.00,3,99,-63.60,6.40,0.00,0
46,16,4394.40,2000.00,2,30,-94.77,-21.26,38.94,0
46,17,3400.00,4600.00,0,95,-98.99,-36.21,0.00,0
46,18,8000.00,2989.56,3,88,-76.99,-23.26,39.40,0
46,19,5021.70,6600.00,0,102,-73.67,-1.64,20.98,0
46,20,6186.99,7400.00,0,108,-77.50,-14.12,45.44,0
46,21,4959.44,3800.00,0,91,-65.06,4.86,37.51,0
46,22,1200.00,5895.16,3,5,-109.56,-43.97,22.87,0
46,23,5800.00,2100.70,1,45,-92.46,-36.08,28.87,0
46,24,5600.00,6928.87,3,108,-54.54,2.45,56.90,0
46,25,1200.00,6800.00,3,5,-111.84,-41.55,0.00,0
46,26,1600.00,6000.00,0,12,-122.07,-60.50,0.00,0
46,27,1442.69,2200.00,2,83,-73.27,-5.56,37.28,0
46,28,4800.00,6000.00,2,102,-61.02,4.74,0.00,0
46,29,5600.00,6200.00,2,102,-50.01,17.25,0.00,0
46,30,1400.00,7728.29,3,105,-69.51,-2.52,28.35,0
46,31,1436.58,2600.00,0,83,-82.60,-7.07,52.68,0
46,32,7659.64,7400.00,2,110,-74.65,-11.98,37.43,0
46,33,8484.95,2400.00,2,88,-62.71,11.23,36.01,0
46,34,6600.00,5000.00,1,98,-78.25,-11.19,0.00,0
46,35,3200.00,7282.73,3,106,-82.83,-12.57,36.26,0
46,36,7169.76,5400.00,2,98,-56.28,14.62,33.31,0
46,37,3651.00,3600.00,0,90,-85.06,-23.72,21.73,0
46,38,2400.00,7800.00,1,22,-115.50,-56.16,0.00,0
46,39,1200.00,6390.72,3,5,-96.94,-41.77,51.54,0
46,40,1600.00,4642.37,1,94,-66.51,-11.75,46.72,0
46,41,2800.00,4000.00,0,89,-91.99,-36.85,0.00,0
46,42,2551.02,7000.00,0,106,-43.27,22.24,31.20,0
46,43,2800.00,4068.95,3,89,-91.02,-33.97,56.60,0
46,44,3529.67,8000.00,2,29,-118.18,-62.84,56.26,0
46,45,7406.75,6400.00,0,104,-56.34,8.95,33.08,0
46,46,7253.77,6800.00,0,109,-101.21,-39.65,40.23,0
46,47,1800.00,6596.90,3,13,-94.70,-37.94,32.50,0
46,48,8200.00,4200.00,0,70,-95.04,-21.54,0.00,0
46,49,5600.00,7000.77,1,108,-44.92,13.90,38.47,0
46,50,8200.00,7592.50,3,110,-76.85,-2.16,26.21,0
46,51,3800.00,7400.00,1,107,-91.81,-31.57,0.00,0
46,52,3400.00,3469.11,1,90,-82.44,-15.69,41.70,0
46,53,3000.00,4532.95,1,95,-68.22,-9.93,36.54,0
46,54,6000.00,3400.00,0,92,-71.03,-16.69,0.00,0
46,55,3800.00,2208.70,3,85,-46.16,24.40,38.35,0
46,56,1800.00,4400.00,1,89,-94.27,-31.68,0.00,0
46,57,3400.00,4662.88,1,95,-83.57,-13.26,21.56,0
46,58,1400.00,2600.00,1,83,-76.50,0.85,0.00,0
46,59,5000.00,5200.00,0,97,-75.23,-7.75,0.00,0
46,60,1200.00,5600.00,0,4,-116.77,-45.63,0.00,0
46,61,8704.38,4600.00,0,78,-87.12,-13.03,35.79,1
46,62,6077.80,5800.00,2,103,-83.64,-13.73,58.66,0
46,63,7070.69,7800.00,0,109,-81.91,-17.11,56.55,0
46,64,1200.00,2200.00,1,0,-114.50,-46.23,0.00,0
46,65,4200.00,5593.60,3,96,-101.88,-31.81,26.07,0
46,66,4800.00,7800.00,0,37,-108.01,-46.11,0.00,0
46,67,1434.64,2600.00,2,83,-89.92,-11.40,43.77,0
46,68,5600.00,3200.00,0,86,-94.57,-26.42,0.00,0
46,69,8178.52,7800.00,0,110,-52.33,25.15,25.20,0
46,70,7800.00,6000.00,2,104,-88.26,-19.77,0.00,0
46,71,2720.11,5200.00,0,95,-85.84,-23.57,36.58,0
46,72,5600.00,6505.81,3,108,-79.58,-15.26,35.94,0
46,73,5800.00,2400.00,3,86,-74.10,-8.23,0.00,0
46,74,2400.00,4800.00,2,18,-129.05,-70.18,0.00,0
46,75,3000.00,6800.00,2,106,-84.31,-15.93,0.00,0
46,76,6200.00,6000.00,0,103,-69.71,-9.70,0.00,0
46,77,8800.00,5207.08,1,99,-95.83,-26.27,39.08,0
46,78,5305.19,5600.00,0,102,-85.33,-24.98,41.81,0
46,79,8600.00,3400.00,3,77,-110.40,-53.71,0.00,0
46,80,5000.00,5200.00,2,41,-96.06,-27.23,0.00,0
46,81,4433.96,5600.00,0,34,-104.75,-43.44,27.17,0
46,82,7361.73,7200.00,2,109,-71.92,-6.36,33.93,0
46,83,8800.00,5800.00,0,79,-113.15,-43.29,0.00,0
46,84,5400.00,5800.00,2,102,-73.46,-3.97,0.00,0
46,85,7000.00,7584.13,3,109,-78.48,-9.02,39.85,0
46,86,6033.51,7800.00,0,52,-113.08,-41.61,26.80,0
46,87,5800.00,2600.00,1,86,-55.40,11.76,0.00,0
46,88,7000.00,5791.11,1,65,-113.36,-47.06,58.34,1
46,89,4400.00,2477.27,1,85,-55.64,18.05,35.02,0
46,90,7000.00,7813.88,1,109,-58.91,16.46,39.48,0
46,91,6600.00,4400.00,1,98,-60.80,4.41,0.00,0
46,92,4600.00,7825.03,1,44,-122.91,-59.91,20.02,0
46,93,2873.19,4800.00,2,95,-57.12,4.07,43.48,0
46,94,6800.00,6400.00,3,103,-81.65,-16.06,0.00,0
46,95,3859.32,3200.00,2,85,-89.78,-16.02,30.69,0
46,96,2400.00,7138.39,1,106,-69.66,-5.27,30.19,0
46,97,2445.74,3200.00,2,84,-57.56,5.81,36.97,0
46,98,2200.00,3827.76,3,89,-57.50,5.39,37.58,0
46,99,8400.00,2000.00,0,75,-119.47,-57.29,0.00,0
47,0,2150.10,7600.00,2,105,-89.00,-8.42,39.92,0
47,1,2534.61,5600.00,2,100,-64.51,-4.28,53.25,0
47,2,7600.00,5200.00,2,64,-111.69,-48.06,0.00,0
47,3,6000.00,3000.00,0,86,-66.89,0.13,0.00,0
47,4,8400.00,4200.00,2,99,-81.46,-11.24,0.00,0
47,5,7979.22,3600.00,2,93,-81.97,-19.77,32.58,0
47,6,4340.41,3200.00,0,85,-63.84,4.37,48.04,0
47,7,5000.00,3479.72,1,91,-71.20,-5.27,21.26,0
47,8,4400.00,5620.89,3,102,-89.70,-29.01,43.49,0
47,9,1651.49,3600.00,0,2,-115.03,-39.82,32.84,0
47,10,3084.37,6000.00,2,101,-91.20,-19.69,41.89,0
47,11,4200.00,2022.35,3,30,-89.72,-23.37,43.16,0
47,12,7000.00,5600.00,0,64,-106.28,-47.17,0.00,0
47,13,2000.00,6113.31,1,100,-73.90,-10.09,35.20,0
47,14,6899.67,4800.00,2,98,-67.36,5.29,21.89,0
47,15,8600.00,5200.00,3,99,-63.60,6.40,0.00,0
47,16,4361.95,2000.00,2,30,-88.43,-17.40,38.94,0
47,17,3400.00,4600.00,0,95,-98.99,-36.21,0.00,0
47,18,8000.00,2956.73,3,88,-72.47,-13.96,39.40,0
47,19,5039.18,6600.00,0,102,-66.83,-0.11,20.98,0
47,20,6200.00,7400.00,1,108,-85.83,-20.35,0.00,0
47,21,4990.70,3800.00,0,91,-63.89,-1.64,37.51,0
47,22,1200.00,5876.09,3,5,-118.52,-43.10,22.87,0
47,23,5800.00,2124.76,1,45,-97.27,-37.63,28.87,0
47,24,5600.00,6881.45,3,108,-77.94,-19.95,56.90,0
47,25,1200.00,6800.00,3,5,-111.84,-41.55,0.00,0
47,26,1600.00,6000.00,0,12,-122.07,-60.50,0.00,0
47,27,1411.62,2200.00,2,83,-87.49,-30.37,37.28,0
47,28,4800.00,6000.00,2,102,-61.02,4.74,0.00,0
47,29,5600.00,6200.00,2,102,-50.01,17.25,0.00,0
47,30,1400.00,7704.66,3,105,-68.29,1.48,28.35,0
47,31,1480.48,2600.00,0,83,-68.68,2.68,52.68,0
47,32,7628.45,7400.00,2,110,-92.61,-19.12,37.43,0
47,33,8454.94,2400.00,2,88,-51.64,21.57,36.01,0
47,34,6600.00,5000.00,1,98,-78.25,-11.19,0.00,0
47,35,3200.00,7252.51,3,106,-72.28,-5.67,36.26,0
47,36,7142.00,5400.00,2,98,-55.40,20.74,33.31,0
47,37,3669.10,3600.00,0,90,-85.48,-12.26,21.73,0
47,38,2400.00,7800.00,1,14,-104.30,-44.96,0.00,1
47,39,1200.00,6347.77,3,5,-100.24,-33.94,51.54,0
47,40,1600.00,4681.30,1,94,-57.15,7.01,46.72,0
47,41,2800.00,4000.00,0,89,-91.99,-36.85,0.00,0
47,42,2577.03,7000.00,0,106,-62.21,2.71,31.20,0
47,43,2800.00,4021.79,3,89,-76.89,-15.70,56.60,0
47,44,3482.79,8000.00,2,29,-121.95,-62.88,56.26,0
47,45,7434.31,6400.00,0,104,-72.38,-0.67,33.08,0
47,46,7287.29,6800.00,0,109,-76.77,-19.86,40.23,0
47,47,1800.00,6569.82,3,13,-100.21,-50.19,32.50,0
47,48,8200.00,4200.00,0,70,-95.04,-21.54,0.00,0
47,49,5600.00,7032.83,1,108,-45.89,25.39,38.47,0
47,50,8200.00,7570.66,3,110,-70.39,11.30,26.21,0
47,51,3800.00,7400.00,1,107,-91.81,-31.57,0.00,0
47,52,3400.00,3503.86,1,90,-76.06,-14.33,41.70,0
47,53,3000.00,4563.40,1,95,-81.70,-23.34,36.54,0
47,54,6000.00,3400.00,0,92,-71.03,-16.69,0.00,0
47,55,3800.00,2176.74,3,85,-47.48,27.28,38.35,0
47,56,1800.00,4415.90,1,89,-86.10,-30.33,19.08,0
47,57,3400.00,4680.84,1,95,-92.90,-35.77,21.56,0
47,58,1400.00,2600.00,1,83,-76.50,0.85,0.00,0
47,59,5000.00,5200.00,0,97,-75.23,-7.75,0.00,0
47,60,1200.00,5600.00,0,4,-116.77,-45.63,0.00,0
47,61,8734.21,4600.00,0,78,-76.08,-18.01,35.79,0
47,62,6028.91,5800.00,2,103,-80.73,-14.48,58.66,0
47,63,7117.82,7800.00,0,109,-94.13,-20.05,56.55,0
47,64,1200.00,2200.00,1,0,-114.50,-46.23,0.00,0
47,65,4200.00,5571.87,3,34,-93.73,-26.72,26.07,1
47,66,4800.00,7800.00,0,37,-108.01,-46.11,0.00,0
47,67,1401.83,2600.00,0,83,-81.55,-15.08,43.77,0
47,68,5600.00,3200.00,0,86,-94.57,-26.42,0.00,0
47,69,8199.53,7800.00,0,110,-53.87,16.02,25.20,0
47,70,7800.00,6000.00,2,104,-88.26,-19.77,0.00,0
47,71,2750.60,5200.00,0,95,-70.61,-2.71,36.58,0
47,72,5600.00,6475.86,3,108,-87.20,-19.12,35.94,0
47,73,5800.00,2400.00,3,86,-74.10,-8.23,0.00,0
47,74,2400.00,4800.00,2,18,-129.05,-70.18,0.00,0
47,75,3000.00,6800.00,2,106,-84.31,-15.93,0.00,0
47,76,6200.00,6000.00,0,103,-69.71,-9.70,0.00,0
47,77,8800.00,5239.65,1,79,-88.07,-15.12,39.08,1
47,78,5340.04,5600.00,0,102,-77.04,-14.23,41.81,0
47,79,8600.00,3400.00,3,77,-110.40,-53.71,0.00,0
47,80,4986.78,5200.00,2,41,-97.35,-30.79,15.86,0
47,81,4456.60,5600.00,0,34,-106.24,-48.44,27.17,0
47,82,7333.45,7200.00,2,109,-71.80,-0.08,33.93,0
47,83,8800.00,5800.00,0,79,-113.15,-43.29,0.00,0
47,84,5400.00,5800.00,2,102,-73.46,-3.97,0.00,0
47,85,7000.00,7550.92,3,109,-72.30,3.42,39.85,0
47,86,6055.84,7800.00,0,52,-114.16,-45.13,26.80,0
47,87,5800.00,2600.00,1,86,-55.40,11.76,0.00,0
47,88,7000.00,5839.72,1,57,-107.26,-42.44,58.34,1
47,89,4400.00,2506.46,1,85,-58.78,3.52,35.02,0
47,90,7000.00,7846.78,1,109,-60.40,10.62,39.48,0
47,91,6600.00,4400.00,1,98,-60.80,4.41,0.00,0
47,92,4600.00,7841.72,1,44,-123.39,-65.41,20.02,0
47,93,2836.95,4800.00,2,95,-51.79,8.99,43.48,0
47,94,6800.00,6400.00,3,103,-81.65,-16.06,0.00,0
47,95,3833.74,3200.00,2,85,-81.98,-10.65,30.69,0
47,96,2400.00,7163.55,1,106,-78.53,-28.57,30.19,0
47,97,2414.93,3200.00,2,84,-76.28,-8.03,36.97,0
47,98,2196.45,3800.00,2,89,-78.17,-10.82,37.58,0
47,99,8400.00,2000.00,0,75,-119.47,-57.29,0.00,0
48,0,2116.84,7600.00,2,105,-79.22,-4.54,39.92,0
48,1,2490.23,5600.00,2,100,-69.00,-9.55,53.25,0
48,2,7600.00,5200.00,2,64,-111.69,-48.06,0.00,0
48,3,6000.00,3000.00,0,86,-66.89,0.13,0.00,0
48,4,8400.00,4200.00,2,99,-81.46,-11.24,0.00,0
48,5,7952.07,3600.00,2,93,-49.47,8.90,32.58,0
48,6,4380.44,3200.00,0,85,-65.26,-5.21,48.04,0
48,7,5000.00,3497.44,1,91,-74.92,-20.46,21.26,0
48,8,4400.00,5584.66,3,102,-86.74,-19.65,43.49,0
48,9,1678.85,3600.00,0,9,-99.31,-29.52,32.84,1
48,10,3049.46,6000.00,2,101,-105.39,-43.37,41.89,0
48,11,4200.00,2013.61,1,30,-87.16,-11.24,43.16,0
48,12,7000.00,5600.00,0,64,-106.28,-47.17,0.00,0
48,13,2000.00,6142.64,1,100,-65.55,3.73,35.20,0
48,14,6881.42,4800.00,2,98,-71.06,2.03,21.89,0
48,15,8600.00,5200.00,3,99,-63.60,6.40,0.00,0
48,16,4329.50,2000.00,2,30,-86.27,-16.49,38.94,0
48,17,3400.00,4600.00,0,95,-98.99,-36.21,0.00,0
48,18,8000.00,2923.89,3,88,-76.38,-14.62,39.40,0
48,19,5056.67,6600.00,0,102,-65.49,6.69,20.98,0
48,20,6200.00,7400.00,1,108,-85.83,-20.35,0.00,0
48,21,5000.00,3821.96,1,91,-77.51,-15.96,37.51,0
48,22,1200.00,5857.03,3,5,-120.15,-51.43,22.87,0
48,23,5800.00,2148.82,1,45,-91.49,-29.84,28.87,0
48,24,5600.00,6834.03,3,108,-70.78,-6.49,56.90,0
48,25,1200.00,6800.00,3,5,-111.84,-41.55,0.00,0
48,26,1600.00,6000.00,0,12,-122.07,-60.50,0.00,0
48,27,1380.55,2200.00,2,83,-87.62,-14.13,37.28,0
48,28,4800.00,6000.00,2,102,-61.02,4.74,0.00,0
48,29,5600.00,6200.00,2,102,-50.01,17.25,0.00,0
48,30,1400.00,7681.03,3,105,-73.16,-4.34,28.35,0
48,31,1524.38,2600.00,0,83,-68.88,-0.36,52.68,0
48,32,7600.00,7397.25,3,110,-80.14,-17.23,37.43,0
48,33,8424.94,2400.00,2,88,-39.98,28.76,36.01,0
48,34,6600.00,5000.00,1,98,-78.25,-11.19,0.00,0
48,35,3200.00,7222.30,3,106,-86.62,-35.06,36.26,0
48,36,7114.25,5400.00,2,98,-57.59,1.18,33.31,0
48,37,3687.21,3600.00,0,90,-61.85,0.91,21.73,0
48,38,2400.00,7800.00,1,14,-104.30,-44.96,0.00,0
48,39,1200.00,6304.82,3,5,-84.10,-24.97,51.54,0
48,40,1600.00,4720.23,1,94,-55.82,15.51,46.72,0
48,41,2800.00,4000.00,0,89,-91.99,-36.85,0.00,0
48,42,2603.03,7000.00,0,106,-51.40,16.74,31.20,0
48,43,2800.00,4000.00,1,89,-105.02,-49.19,0.00,0
48,44,3435.91,8000.00,2,29,-105.41,-48.13,56.26,0
48,45,7461.88,6400.00,0,104,-68.86,-3.92,33.08,0
48,46,7320.82,6800.00,0,109,-57.79,9.83,40.23,0
48,47,1800.00,6542.74,3,13,-106.29,-39.41,32.50,0
48,48,8210.41,4200.00,0,70,-86.90,-18.14,12.50,0
48,49,5600.00,7064.89,1,108,-84.14,-12.30,38.47,0
48,50,8200.00,7548.82,3,110,-68.90,10.40,26.21,0
48,51,3800.00,7421.17,1,107,-83.66,-19.83,25.40,0
48,52,3400.00,3538.61,1,90,-88.04,-21.70,41.70,0
48,53,3000.00,4593.86,1,95,-79.36,-15.61,36.54,0
48,54,6000.00,3400.00,0,92,-71.03,-16.69,0.00,0
48,55,3800.00,2144.77,3,85,-79.56,-7.29,38.35,0
48,56,1800.00,4447.69,1,94,-64.67,-5.49,38.15,1
48,57,3400.00,4698.81,1,95,-101.52,-41.03,21.56,0
48,58,1400.00,2600.00,1,83,-76.50,0.85,0.00,0
48,59,5000.00,5200.00,0,97,-75.23,-7.75,0.00,0
48,60,1200.00,5600.00,0,4,-116.77,-45.63,0.00,0
48,61,8764.03,4600.00,0,78,-69.86,2.33,35.79,0
48,62,6000.00,5819.97,1,103,-69.47,-0.57,58.66,0
48,63,7164.95,7800.00,0,109,-71.54,-7.52,56.55,0
48,64,1200.00,2200.00,1,0,-114.50,-46.23,0.00,0
48,65,4200.00,5550.15,3,34,-75.64,-16.32,26.07,0
48,66,4800.00,7800.00,0,37,-108.01,-46.11,0.00,0
48,67,1438.31,2600.00,0,83,-53.53,14.38,43.77,0
48,68,5600.00,3200.00,0,86,-94.57,-26.42,0.00,0
48,69,8200.00,7820.53,1,110,-104.39,-40.14,25.20,0
48,70,7789.68,6000.00,2,104,-83.82,-15.22,12.39,0
48,71,2781.09,5200.00,0,95,-74.06,-2.13,36.58,0
48,72,5600.00,6445.91,3,108,-83.57,-25.22,35.94,0
48,73,5800.00,2389.49,3,86,-78.47,-17.48,12.62,0
48,74,2400.00,4800.00,2,18,-129.05,-70.18,0.00,0
48,75,3000.00,6800.00,2,106,-84.31,-15.93,0.00,0
48,76,6200.00,6000.00,0,103,-69.71,-9.70,0.00,0
48,77,8800.00,5272.22,1,79,-82.21,-12.56,39.08,0
48,78,5374.88,5600.00,0,102,-76.38,-11.03,41.81,0
48,79,8600.00,3400.00,3,77,-110.40,-53.71,0.00,0
48,80,4960.34,5200.00,2,41,-99.86,-36.04,31.73,0
48,81,4479.24,5600.00,0,34,-107.75,-41.35,27.17,0
48,82,7305.17,7200.00,2,109,-60.69,16.98,33.93,0
48,83,8800.00,5800.00,0,79,-113.15,-43.29,0.00,0
48,84,5400.00,5800.00,2,102,-73.46,-3.97,0.00,0
48,85,7000.00,7517.71,3,109,-88.42,-19.18,39.85,0
48,86,6078.18,7800.00,0,52,-117.65,-48.51,26.80,0
48,87,5800.00,2600.00,1,86,-55.40,11.76,0.00,0
48,88,7000.00,5888.34,1,64,-107.87,-44.78,58.34,1
48,89,4400.00,2535.65,1,85,-51.69,14.00,35.02,0
48,90,7000.00,7879.68,1,109,-71.96,0.68,39.48,0
48,91,6600.00,4400.00,1,98,-60.80,4.41,0.00,0
48,92,4600.00,7858.40,1,37,-125.00,-71.69,20.02,1
48,93,2800.72,4800.00,2,95,-55.72,-2.80,43.48,0
48,94,6800.00,6400.00,3,103,-81.65,-16.06,0.00,0
48,95,3808.16,3200.00,2,85,-78.29,-9.72,30.69,0
48,96,2400.00,7188.71,1,106,-68.97,-5.27,30.19,0
48,97,2400.00,3184.13,3,84,-84.57,-24.88,36.97,0
48,98,2165.13,3800.00,2,89,-74.39,-13.16,37.58,0
48,99,8400.00,2000.00,0,75,-119.47,-57.29,0.00,0
49,0,2083.57,7600.00,2,105,-83.66,-6.94,39.92,0
49,1,2445.86,5600.00,2,100,-58.23,-2.58,53.25,0
49,2,7600.00,5200.00,2,64,-111.69,-48.06,0.00,0
49,3,6000.00,3000.00,0,86,-66.89,0.13,0.00,0
49,4,8400.00,4200.00,2,99,-81.46,-11.24,0.00,0
49,5,7924.92,3600.00,2,93,-59.52,4.71,32.58,0
49,6,4400.00,3179.53,3,85,-64.44,-12.50,48.04,0
49,7,5000.00,3515.15,1,91,-75.35,-15.49,21.26,0
49,8,4400.00,5548.42,3,102,-93.56,-24.17,43.49,0
49,9,1706.21,3600.00,0,9,-109.50,-51.45,32.84,0
49,10,3014.55,6000.00,2,101,-96.12,-26.33,41.89,0
49,11,4200.00,2049.58,1,30,-77.39,-12.68,43.16,0
49,12,7000.00,5600.00,0,64,-106.28,-47.17,0.00,0
49,13,2000.00,6171.97,1,100,-72.13,-1.33,35.20,0
49,14,6863.18,4800.00,2,98,-63.87,6.50,21.89,0
49,15,8600.00,5175.94,3,99,-79.89,-14.63,28.87,0
49,16,4297.06,2000.00,2,30,-90.59,-27.11,38.94,0
49,17,3400.00,4600.00,0,95,-98.99,-36.21,0.00,0
49,18,8000.00,2891.05,3,88,-93.04,-39.91,39.40,0
49,19,5074.15,6600.00,0,102,-75.83,-3.46,20.98,0
49,20,6200.00,7400.00,1,108,-85.83,-20.35,0.00,0
49,21,5000.00,3853.21,1,91,-62.07,6.85,37.51,0
49,22,1200.00,5837.97,3,5,-121.44,-54.76,22.87,0
49,23,5800.00,2172.87,1,86,-57.55,13.80,28.87,1
49,24,5600.00,6786.61,3,108,-74.55,-12.64,56.90,0
49,25,1200.00,6800.00,3,5,-111.84,-41.55,0.00,0
49,26,1610.13,6000.00,0,12,-123.96,-58.50,12.16,0
49,27,1349.48,2200.00,2,83,-96.86,-21.58,37.28,0
49,28,4800.00,6000.00,2,102,-61.02,4.74,0.00,0
49,29,5600.00,6200.00,2,102,-50.01,17.25,0.00,0
49,30,1400.00,7657.41,3,105,-71.98,-2.93,28.35,0
49,31,1568.29,2600.00,0,83,-52.90,12.18,52.68,0
49,32,7600.00,7366.06,3,110,-73.15,-7.43,37.43,0
49,33,8394.93,2400.00,2,88,-35.29,19.87,36.01,0
49,34,6600.00,5000.00,1,98,-78.25,-11.19,0.00,0
49,35,3192.08,7200.00,2,106,-71.20,1.65,36.26,0
49,36,7086.49,5400.00,2,98,-44.75,10.36,33.31,0
49,37,3705.31,3600.00,0,90,-68.51,-7.20,21.73,0
49,38,2400.00,7800.00,1,14,-104.30,-44.96,0.00,0
49,39,1200.00,6261.88,3,5,-74.33,-11.72,51.54,0
49,40,1600.00,4759.16,1,94,-58.18,9.79,46.72,0
49,41,2810.24,4000.00,0,89,-85.36,-26.61,12.29,0
49,42,2629.03,7000.00,0,106,-55.03,19.93,31.20,0
49,43,2800.00,4000.00,1,89,-105.02,-49.19,0.00,0
49,44,3400.00,7989.02,3,29,-113.23,-44.14,56.26,0
49,45,7489.44,6400.00,0,104,-82.98,-15.31,33.08,0
49,46,7354.35,6800.00,0,109,-76.05,-21.73,40.23,0
49,47,1800.00,6515.66,3,5,-110.86,-50.32,32.50,1
49,48,8231.24,4200.00,0,70,-98.97,-36.88,24.99,0
49,49,5600.00,7096.95,1,108,-66.17,7.24,38.47,0
49,50,8200.00,7526.97,3,110,-52.46,23.62,26.21,0
49,51,3800.00,7463.50,1,107,-95.74,-34.33,50.80,0
49,52,3400.00,3573.36,1,90,-77.58,-12.16,41.70,0
49,53,3000.00,4600.00,2,95,-91.12,-33.88,0.00,0
49,54,6000.00,3400.00,0,92,-71.03,-16.69,0.00,0
49,55,3800.00,2112.81,3,85,-109.14,-37.29,38.35,0
49,56,1800.00,4479.49,1,94,-47.55,11.65,38.15,0
49,57,3400.00,4716.77,1,95,-92.68,-37.84,21.56,0
49,58,1400.00,2600.00,1,83,-76.50,0.85,0.00,0
49,59,5000.00,5200.00,0,97,-75.23,-7.75,0.00,0
49,60,1200.00,5600.00,0,4,-116.77,-45.63,0.00,0
49,61,8793.86,4600.00,0,78,-80.13,-15.11,35.79,0
49,62,6000.00,5868.85,1,103,-78.28,-14.41,58.66,0
49,63,7200.00,7787.92,3,67,-92.84,-24.93,56.55,1
49,64,1200.00,2200.00,1,0,-114.50,-46.23,0.00,0
49,65,4200.00,5528.42,3,34,-67.96,2.17,26.07,0
49,66,4800.00,7800.00,0,37,-108.01,-46.11,0.00,0
49,67,1474.78,2600.00,0,83,-43.37,18.30,43.77,0
49,68,5600.00,3200.00,0,86,-94.57,-26.42,0.00,0
49,69,8200.00,7841.53,1,110,-96.55,-29.48,25.20,0
49,70,7769.03,6000.00,2,104,-83.47,-25.38,24.78,0
49,71,2811.57,5200.00,0,95,-95.94,-25.76,36.58,0
49,72,5600.00,6415.95,3,108,-73.43,-14.07,35.94,0
49,73,5800.00,2368.46,3,86,-70.77,0.70,25.23,0
49,74,2400.00,4800.00,2,18,-129.05,-70.18,0.00,0
49,75,3000.00,6800.00,2,106,-84.31,-15.93,0.00,0
49,76,6200.00,6000.00,0,103,-69.71,-9.70,0.00,0
49,77,8800.00,5304.78,1,79,-98.34,-21.72,39.08,0
49,78,5409.72,5600.00,0,102,-58.87,7.67,41.81,0
49,79,8600.00,3400.00,3,77,-110.40,-53.71,0.00,0
49,80,4933.90,5200.00,2,41,-91.02,-29.50,31.73,0
49,81,4501.89,5600.00,0,34,-100.51,-32.24,27.17,0
49,82,7276.90,7200.00,2,109,-59.11,10.66,33.93,0
49,83,8800.00,5800.00,0,79,-113.15,-43.29,0.00,0
49,84,5400.00,5800.00,2,102,-73.46,-3.97,0.00,0
49,85,7000.00,7484.50,3,109,-83.21,-15.33,39.85,0
49,86,6100.52,7800.00,0,52,-124.58,-56.39,26.80,0
49,87,5800.00,2600.00,1,86,-55.40,11.76,0.00,0
49,88,7000.00,5936.96,1,65,-106.04,-62.51,58.34,1
49,89,4400.00,2564.83,1,85,-57.33,7.40,35.02,0
49,90,7000.00,7912.59,1,109,-68.39,-9.01,39.48,0
49,91,6600.00,4400.00,1,98,-60.80,4.41,0.00,0
49,92,4600.00,7875.09,1,37,-123.85,-63.71,20.02,0
49,93,2835.51,4800.00,0,95,-60.45,5.25,43.48,0
49,94,6800.00,6400.00,3,103,-81.65,-16.06,0.00,0
49,95,3782.58,3200.00,2,85,-64.81,-1.48,30.69,0
49,96,2400.00,7213.87,1,106,-75.35,-1.22,30.19,0
49,97,2400.00,3153.32,3,84,-96.60,-43.34,36.97,0
49,98,2133.82,3800.00,2,89,-74.65,0.07,37.58,0
49,99,8400.00,2000.00,0,75,-119.47,-57.29,0.00,0
50,0,2050.31,7600.00,2,14,-84.09,-17.64,39.92,1
50,1,2401.48,5600.00,2,100,-60.06,5.37,53.25,0
50,2,7600.00,5200.00,2,64,-111.69,-48.06,0.00,0
50,3,6000.00,3000.00,0,86,-66.89,0.13,0.00,0
50,4,8400.00,4200.00,2,99,-81.46,-11.24,0.00,0
50,5,7897.78,3600.00,2,93,-63.87,3.25,32.58,0
50,6,4400.00,3139.50,3,85,-61.35,10.51,48.04,0
50,7,5000.00,3532.87,1,91,-70.84,-10.85,21.26,0
50,8,4400.00,5512.18,3,96,-73.31,-4.73,43.49,1
50,9,1733.58,3600.00,0,2,-108.14,-63.32,32.84,1
50,10,3000.00,6000.00,1,101,-67.06,-7.65,0.00,0
50,11,4200.00,2085.55,1,30,-92.92,-22.04,43.16,0
50,12,7000.00,5600.00,0,64,-106.28,-47.17,0.00,0
50,13,2001.30,6200.00,0,100,-56.86,6.99,35.20,0
50,14,6844.94,4800.00,2,98,-72.08,-7.49,21.89,0
50,15,8600.00,5127.83,3,99,-86.73,-15.85,57.73,0
50,16,4264.61,2000.00,2,30,-78.16,-4.54,38.94,0
50,17,3400.00,4600.00,0,95,-98.99,-36.21,0.00,0
50,18,8000.00,2858.22,3,88,-74.60,-11.82,39.40,0
50,19,5091.63,6600.00,0,102,-80.58,-8.19,20.98,0
50,20,6200.00,7400.00,1,108,-85.83,-20.35,0.00,0
50,21,5000.00,3884.47,1,91,-66.66,6.95,37.51,0
50,22,1200.00,5818.91,3,5,-112.50,-46.83,22.87,0
50,23,5800.00,2196.93,1,86,-72.02,1.06,28.87,0
50,24,5600.00,6739.19,3,108,-75.83,-10.07,56.90,0
50,25,1200.00,6780.45,3,6,-125.98,-67.44,23.46,1
50,26,1630.40,6000.00,0,5,-112.64,-51.95,24.32,1
50,27,1318.41,2200.00,2,83,-94.24,-20.30,37.28,0
50,28,4800.00,6000.00,2,102,-61.02,4.74,0.00,0
50,29,5600.00,6200.00,2,102,-50.01,17.25,0.00,0
50,30,1400.00,7633.78,3,105,-62.49,-0.84,28.35,0
50,31,1600.00,2587.81,3,83,-57.59,19.87,52.68,0
50,32,7600.00,7334.87,3,110,-76.74,-13.86,37.43,0
50,33,8364.93,2400.00,2,88,-35.34,32.78,36.01,0
50,34,6600.00,5000.00,1,98,-78.25,-11.19,0.00,0
50,35,3161.86,7200.00,2,106,-58.81,4.80,36.26,0
50,36,7058.73,5400.00,2,98,-64.04,-10.17,33.31,0
50,37,3723.42,3600.00,0,90,-69.44,-13.55,21.73,0
50,38,2400.00,7800.00,1,14,-104.30,-44.96,0.00,0
50,39,1200.00,6218.93,3,5,-91.90,-19.27,51.54,0
50,40,1600.00,4798.09,1,94,-59.73,9.61,46.72,0
50,41,2830.72,4000.00,0,89,-71.06,-12.72,24.57,0
50,42,2655.03,7000.00,0,106,-61.92,1.93,31.20,0
50,43,2800.00,4000.00,1,89,-105.02,-49.19,0.00,0
50,44,3400.00,7942.14,3,29,-112.55,-38.57,56.26,0
50,45,7517.01,6400.00,0,104,-84.47,-18.50,33.08,0
50,46,7387.87,6800.00,0,109,-83.28,-16.82,40.23,0
50,47,1800.00,6488.58,3,5,-114.87,-46.30,32.50,0
50,48,8252.07,4200.00,0,70,-96.29,-26.78,24.99,0
50,49,5600.00,7129.01,1,108,-76.75,-13.64,38.47,0
50,50,8200.00,7505.13,3,110,-43.71,34.32,26.21,0
50,51,3800.00,7505.83,1,29,-94.90,-24.04,50.80,1
50,52,3400.00,3600.00,2,90,-100.11,-34.13,0.00,0
50,53,3000.00,4600.00,2,95,-91.12,-33.88,0.00,0
50,54,6000.00,3400.00,0,92,-71.03,-16.69,0.00,0
50,55,3800.00,2080.85,3,85,-94.76,-18.86,38.35,0
50,56,1800.00,4511.28,1,94,-39.54,18.58,38.15,0
50,57,3400.00,4734.74,1,95,-93.65,-34.07,21.56,0
50,58,1400.00,2600.00,1,83,-76.50,0.85,0.00,0
50,59,5000.00,5200.00,0,97,-75.23,-7.75,0.00,0
50,60,1223.43,5600.00,0,4,-103.15,-36.76,28.12,0
50,61,8776.32,4600.00,2,78,-76.98,-9.19,35.79,0
50,62,6000.00,5917.73,1,103,-62.15,11.15,58.66,0
50,63,7200.00,7740.79,3,109,-67.86,-1.94,56.55,1
50,64,1200.00,2200.00,1,0,-114.50,-46.23,0.00,0
50,65,4200.00,5506.69,3,96,-68.84,-2.29,26.07,1
50,66,4800.00,7800.00,0,37,-108.01,-46.11,0.00,0
50,67,1511.25,2600.00,0,83,-51.92,17.60,43.77,0
50,68,5612.24,3200.00,0,86,-99.61,-37.86,14.69,0
50,69,8200.00,7862.54,1,110,-93.59,-23.52,25.20,0
50,70,7748.38,6000.00,2,104,-78.95,-17.02,24.78,0
50,71,2842.06,5200.00,0,95,-58.63,9.31,36.58,0
50,72,5600.00,6400.00,2,108,-81.85,-11.79,0.00,0
50,73,5800.00,2347.43,3,86,-72.41,-9.61,25.23,0
50,74,2400.00,4800.00,2,18,-129.05,-70.18,0.00,0
50,75,3000.00,6800.00,2,106,-84.31,-15.93,0.00,0
50,76,6200.00,6000.00,0,103,-69.71,-9.70,0.00,0
50,77,8800.00,5337.35,1,79,-92.32,-23.04,39.08,0
50,78,5444.56,5600.00,0,102,-86.91,-21.65,41.81,0
50,79,8600.00,3390.24,3,77,-112.04,-47.27,11.72,0
50,80,4907.46,5200.00,2,96,-56.94,2.15,31.73,1
50,81,4524.53,5600.00,0,42,-117.29,-46.82,27.17,1
50,82,7248.62,7200.00,2,66,-62.59,6.34,33.93,1
50,83,8819.73,5800.00,0,79,-112.29,-42.00,23.67,0
50,84,5400.00,5800.00,2,102,-73.46,-3.97,0.00,0
50,85,7000.00,7451.28,3,109,-72.30,0.86,39.85,0
50,86,6122.85,7800.00,0,52,-124.49,-66.32,26.80,0
50,87,5800.00,2600.00,1,86,-55.40,11.76,0.00,0
50,88,7000.00,5985.57,1,65,-93.79,-43.67,58.34,0
50,89,4400.00,2594.02,1,85,-63.56,-11.66,35.02,0
50,90,7000.00,7945.49,1,109,-87.75,-27.68,39.48,0
50,91,6600.00,4400.00,1,98,-60.80,4.41,0.00,0
50,92,4600.00,7891.78,1,37,-116.52,-45.45,20.02,0
50,93,2871.74,4800.00,0,95,-73.43,-9.17,43.48,0
50,94,6800.00,6400.00,3,103,-81.65,-16.06,0.00,0
50,95,3757.01,3200.00,2,85,-85.21,-15.20,30.69,0
50,96,2400.00,7239.03,1,106,-79.17,-14.18,30.19,0
50,97,2400.00,3122.52,3,84,-84.31,-15.24,36.97,0
50,98,2102.50,3800.00,2,89,-76.30,-3.75,37.58,0
50,99,8400.00,2000.00,0,75,-119.47,-57.29,0.00,0
51,0,2017.04,7600.00,2,14,-64.25,4.59,39.92,0
51,1,2400.00,5600.00,1,100,-69.08,-3.36,0.00,0
51,2,7600.00,5200.00,2,64,-111.69,-48.06,0.00,0
51,3,6000.00,3000.00,0,86,-66.89,0.13,0.00,0
51,4,8377.21,4200.00,2,99,-70.22,-0.50,27.35,0
51,5,7870.63,3600.00,2,93,-70.06,1.77,32.58,0
51,6,4400.00,3099.47,3,85,-74.11,-28.29,48.04,0
51,7,5000.00,3550.59,1,91,-66.55,-4.57,21.26,0
51,8,4400.00,5475.94,3,96,-82.39,-19.55,43.49,0
51,9,1760.94,3600.00,0,9,-107.69,-48.87,32.84,1
51,10,3000.00,6000.00,1,101,-67.06,-7.65,0.00,0
51,11,4200.00,2121.51,1,30,-105.63,-47.27,43.16,0
51,12,7000.00,5600.00,0,64,-106.28,-47.17,0.00,0
51,13,2030.64,6200.00,0,100,-67.91,0.89,35.20,0
51,14,6826.69,4800.00,2,98,-69.72,-4.39,21.89,0
51,15,8600.00,5079.72,3,99,-61.61,1.35,57.73,0
51,16,4232.16,2000.00,2,30,-79.54,-6.03,38.94,0
51,17,3400.00,4600.00,0,95,-98.99,-36.21,0.00,0
51,18,8000.00,2825.38,3,88,-66.36,-7.51,39.40,0
51,19,5109.12,6600.00,0,102,-76.10,-5.01,20.98,0
51,20,6200.00,7400.00,1,108,-85.83,-20.35,0.00,0
51,21,5000.00,3915.72,1,91,-53.45,20.47,37.51,0
51,22,1199.84,5800.00,2,4,-119.33,-57.32,22.87,1
51,23,5800.00,2179.01,3,86,-74.10,-8.52,28.87,0
51,24,5600.00,6691.77,3,108,-76.19,-6.30,56.90,0
51,25,1200.00,6741.36,3,6,-118.96,-49.19,46.91,0
51,26,1650.67,6000.00,0,5,-107.16,-42.37,24.32,0
51,27,1287.34,2200.00,2,83,-95.82,-26.72,37.28,0
51,28,4800.00,6000.00,2,102,-61.02,4.74,0.00,0
51,29,5600.00,6200.00,2,102,-50.01,17.25,0.00,0
51,30,1400.00,7610.15,3,105,-68.88,-4.09,28.35,0
51,31,1600.00,2543.91,3,83,-69.41,3.04,52.68,0
51,32,7600.00,7303.68,3,110,-82.52,-8.23,37.43,0
51,33,8334.92,2400.00,2,88,-62.33,-4.66,36.01,0
51,34,6600.00,5000.00,1,98,-78.25,-11.19,0.00,0
51,35,3131.65,7200.00,2,106,-45.54,13.48,36.26,0
51,36,7030.97,5400.00,2,98,-64.64,1.29,33.31,0
51,37,3741.53,3600.00,0,90,-79.20,-12.10,21.73,0
51,38,2400.00,7800.00,1,14,-104.30,-44.96,0.00,0
51,39,1200.00,6200.00,1,5,-83.64,-14.33,0.00,0
51,40,1600.00,4837.03,1,94,-94.99,-27.14,46.72,0
51,41,2851.20,4000.00,0,89,-72.40,-13.19,24.57,0
51,42,2681.03,7000.00,0,106,-67.10,0.34,31.20,0
51,43,2800.00,4000.00,1,89,-105.02,-49.19,0.00,0
51,44,3400.00,7895.25,3,29,-98.38,-19.46,56.26,0
51,45,7544.58,6400.00,0,104,-92.03,-26.44,33.08,0
51,46,7400.00,6800.00,3,109,-85.50,-20.81,0.00,0
51,47,1800.00,6461.50,3,13,-110.66,-50.12,32.50,1
51,48,8272.90,4200.00,0,70,-98.50,-25.82,24.99,0
51,49,5600.00,7161.08,1,108,-68.41,2.81,38.47,0
51,50,8200.00,7483.29,3,110,-41.18,26.57,26.21,0
51,51,3800.00,7548.16,1,29,-103.22,-29.25,50.80,0
51,52,3400.00,3600.00,2,90,-100.11,-34.13,0.00,0
51,53,3000.00,4600.00,2,95,-91.12,-33.88,0.00,0
51,54,6000.00,3400.00,0,92,-71.03,-16.69,0.00,0
51,55,3800.00,2048.89,3,85,-70.93,-20.50,38.35,0
51,56,1800.00,4543.08,1,94,-45.84,20.99,38.15,0
51,57,3400.00,4752.70,1,95,-76.66,-9.11,21.56,0
51,58,1400.00,2600.00,1,83,-76.50,0.85,0.00,0
51,59,5000.00,5200.00,0,97,-75.23,-7.75,0.00,0
51,60,1270.30,5600.00,0,4,-100.11,-42.55,56.24,0
51,61,8746.49,4600.00,2,78,-65.09,-6.07,35.79,0
51,62,6000.00,5966.61,1,103,-78.92,-14.01,58.66,0
51,63,7200.00,7693.67,3,109,-81.86,-9.62,56.55,0
51,64,1200.00,2200.00,1,0,-114.50,-46.23,0.00,0
51,65,4200.00,5484.97,3,96,-66.94,-4.43,26.07,0
51,66,4800.00,7800.00,0,37,-108.01,-46.11,0.00,0
51,67,1547.73,2600.00,0,83,-53.16,20.25,43.77,0
51,68,5636.72,3200.00,0,86,-71.63,-2.10,29.38,0
51,69,8200.00,7883.54,1,110,-81.45,-14.53,25.20,0
51,70,7727.73,6000.00,2,104,-76.20,-3.68,24.78,0
51,71,2872.55,5200.00,0,95,-77.06,-14.17,36.58,0
51,72,5600.00,6400.00,2,108,-81.85,-11.79,0.00,0
51,73,5800.00,2326.40,3,86,-63.84,-2.68,25.23,0
51,74,2400.00,4800.00,2,18,-129.05,-70.18,0.00,0
51,75,3000.00,6800.00,2,106,-84.31,-15.93,0.00,0
51,76,6200.00,6000.00,0,103,-69.71,-9.70,0.00,0
51,77,8800.00,5369.92,1,79,-73.97,-17.24,39.08,0
51,78,5479.40,5600.00,0,102,-93.02,-20.19,41.81,0
51,79,8600.00,3370.71,3,77,-112.80,-59.75,23.43,0
51,80,4881.02,5200.00,2,96,-82.09,-16.77,31.73,0
51,81,4547.17,5600.00,0,42,-109.32,-55.55,27.17,0
51,82,7220.35,7200.00,2,109,-70.70,-5.40,33.93,1
51,83,8859.18,5800.00,0,79,-119.11,-54.47,47.35,0
51,84,5400.00,5800.00,2,102,-73.46,-3.97,0.00,0
51,85,7000.00,7418.07,3,109,-80.82,-15.03,39.85,0
51,86,6145.19,7800.00,0,52,-126.34,-66.23,26.80,0
51,87,5800.00,2600.00,1,86,-55.40,11.76,0.00,0
51,88,7000.00,6000.00,2,65,-121.37,-58.59,0.00,0
51,89,4400.00,2623.21,1,85,-62.92,4.58,35.02,0
51,90,7000.00,7978.39,1,109,-85.65,-16.39,39.48,0
51,91,6600.00,4400.00,1,98,-60.80,4.41,0.00,0
51,92,4600.00,7908.46,1,37,-127.48,-64.77,20.02,0
51,93,2907.98,4800.00,0,95,-67.80,-7.20,43.48,0
51,94,6800.00,6400.00,3,103,-81.65,-16.06,0.00,0
51,95,3731.43,3200.00,2,24,-101.19,-30.41,30.69,1
51,96,2400.00,7264.19,1,106,-66.37,-3.60,30.19,0
51,97,2400.00,3091.71,3,84,-83.45,-9.41,36.97,0
51,98,2071.19,3800.00,2,89,-86.78,-19.33,37.58,0
51,99,8400.00,2000.00,0,75,-119.47,-57.29,0.00,0
52,0,2000.00,7583.78,3,14,-61.21,-0.37,39.92,0
52,1,2400.00,5600.00,1,100,-69.08,-3.36,0.00,0
52,2,7600.00,5200.00,2,64,-111.69,-48.06,0.00,0
52,3,6000.00,3000.00,0,86,-66.89,0.13,0.00,0
52,4,8331.63,4200.00,2,99,-96.43,-27.36,54.70,0
52,5,7843.48,3600.00,2,93,-74.78,-16.74,32.58,0
52,6,4400.00,3059.44,3,85,-72.42,-10.68,48.04,0
52,7,5000.00,3568.30,1,91,-61.57,3.44,21.26,0
52,8,4400.00,5439.71,3,34,-96.68,-29.00,43.49,1
52,9,1788.30,3600.00,0,9,-101.79,-33.37,32.84,0
52,10,3000.00,6000.00,1,101,-67.06,-7.65,0.00,0
52,11,4200.00,2157.48,1,30,-107.58,-34.91,43.16,0
52,12,7009.49,5600.00,0,64,-102.22,-51.87,11.39,0
52,13,2059.97,6200.00,0,100,-70.20,9.75,35.20,0
52,14,6808.45,4800.00,2,98,-73.77,-7.08,21.89,0
52,15,8600.00,5031.61,3,99,-55.00,16.23,57.73,0
52,16,4200.00,2000.00,1,30,-69.05,-4.14,0.00,0
52,17,3409.47,4600.00,0,95,-81.76,-30.05,11.36,0
52,18,8000.00,2807.45,1,88,-61.61,13.04,39.40,0
52,19,5126.60,6600.00,0,102,-72.57,-13.34,20.98,0
52,20,6200.00,7400.00,1,108,-85.83,-20.35,0.00,0
52,21,5000.00,3946.98,1,91,-54.58,13.90,37.51,0
52,22,1180.78,5800.00,2,5,-108.68,-50.23,22.87,1
52,23,5800.00,2154.96,3,86,-75.59,-16.70,28.87,0
52,24,5600.00,6644.35,3,108,-79.32,-11.80,56.90,0
52,25,1200.00,6702.27,3,6,-108.03,-36.31,46.91,0
52,26,1670.93,6000.00,0,12,-115.36,-46.87,24.32,1
52,27,1256.27,2200.00,2,83,-90.34,-23.48,37.28,0
52,28,4800.00,6000.00,2,102,-61.02,4.74,0.00,0
52,29,5600.00,6200.00,2,102,-50.01,17.25,0.00,0
52,30,1413.47,7600.00,0,105,-53.96,23.13,28.35,0
52,31,1600.00,2500.01,3,83,-67.04,4.17,52.68,0
52,32,7600.00,7272.49,3,110,-84.50,-16.47,37.43,0
52,33,8304.92,2400.00,2,88,-55.49,7.94,36.01,0
52,34,6600.00,5000.00,1,98,-78.25,-11.19,0.00,0
52,35,3101.43,7200.00,2,106,-60.00,-3.89,36.26,0
52,36,7003.22,5400.00,2,98,-64.50,6.07,33.31,0
52,37,3759.63,3600.00,0,90,-57.49,14.60,21.73,0
52,38,2400.00,7800.00,1,14,-104.30,-44.96,0.00,0
52,39,1200.00,6200.00,1,5,-83.64,-14.33,0.00,0
52,40,1600.00,4875.96,1,94,-71.84,-3.23,46.72,0
52,41,2871.67,4000.00,0,89,-58.21,-3.15,24.57,0
52,42,2707.04,7000.00,0,106,-66.05,2.14,31.20,0
52,43,2800.00,4000.00,1,89,-105.02,-49.19,0.00,0
52,44,3400.00,7848.37,3,29,-100.91,-26.70,56.26,0
52,45,7572.14,6400.00,0,104,-71.95,-9.45,33.08,0
52,46,7400.00,6800.00,3,109,-85.50,-20.81,0.00,0
52,47,1800.00,6434.42,3,13,-109.31,-40.84,32.50,0
52,48,8293.73,4200.00,0,70,-105.03,-36.13,24.99,0
52,49,5600.00,7193.14,1,108,-53.35,15.05,38.47,0
52,50,8200.00,7461.45,3,110,-56.47,4.44,26.21,0
52,51,3800.00,7590.49,1,29,-96.45,-26.41,50.80,0
52,52,3400.00,3600.00,2,90,-100.11,-34.13,0.00,0
52,53,3000.00,4600.00,2,95,-91.12,-33.88,0.00,0
52,54,6000.00,3400.00,0,92,-71.03,-16.69,0.00,0
52,55,3800.00,2016.92,3,85,-57.53,13.49,38.35,0
52,56,1800.00,4574.87,1,94,-35.57,33.85,38.15,0
52,57,3400.00,4770.67,1,95,-78.38,-14.38,21.56,0
52,58,1400.00,2600.00,1,83,-76.50,0.85,0.00,0
52,59,5000.00,5200.00,0,97,-75.23,-7.75,0.00,0
52,60,1317.17,5600.00,0,4,-102.55,-35.94,56.24,0
52,61,8716.67,4600.00,2,78,-75.51,-11.22,35.79,0
52,62,5984.51,6000.00,2,103,-58.85,7.80,58.66,0
52,63,7200.00,7646.54,3,109,-67.10,0.53,56.55,0
52,64,1200.00,2200.00,1,0,-114.50,-46.23,0.00,0
52,65,4200.00,5463.24,3,96,-64.67,2.29,26.07,0
52,66,4800.00,7800.00,0,37,-108.01,-46.11,0.00,0
52,67,1584.20,2600.00,0,83,-48.63,28.36,43.77,0
52,68,5661.20,3200.00,0,86,-70.62,-16.05,29.38,0
52,69,8200.00,7904.54,1,110,-78.56,-11.04,25.20,0
52,70,7707.09,6000.00,2,104,-64.16,-0.66,24.78,0
52,71,2903.03,5200.00,0,95,-86.18,-17.77,36.58,0
52,72,5600.00,6400.00,2,108,-81.85,-11.79,0.00,0
52,73,5800.00,2305.37,3,86,-63.20,10.61,25.23,0
52,74,2400.00,4800.00,2,18,-129.05,-70.18,0.00,0
52,75,3000.00,6800.00,2,106,-84.31,-15.93,0.00,0
52,76,6200.00,6000.00,0,103,-69.71,-9.70,0.00,0
52,77,8802.48,5400.00,0,79,-88.19,-16.14,39.08,0
52,78,5514.24,5600.00,0,102,-87.19,-25.69,41.81,0
52,79,8600.00,3351.18,3,76,-109.73,-53.48,23.43,1
52,80,4854.58,5200.00,2,96,-70.26,-3.54,31.73,0
52,81,4569.81,5600.00,0,42,-108.41,-49.99,27.17,0
52,82,7200.00,7207.93,1,109,-59.35,9.06,33.93,0
52,83,8898.64,5800.00,0,79,-113.48,-50.32,47.35,0
52,84,5400.00,5800.00,2,102,-73.46,-3.97,0.00,0
52,85,7000.00,7415.14,1,109,-68.97,7.98,39.85,0
52,86,6167.53,7800.00,0,59,-128.03,-56.65,26.80,1
52,87,5800.00,2600.00,1,86,-55.40,11.76,0.00,0
52,88,7000.00,6000.00,2,57,-111.46,-48.69,0.00,1
52,89,4400.00,2652.39,1,85,-57.22,4.94,35.02,0
52,90,6988.70,8000.00,2,109,-85.91,-27.48,39.48,0
52,91,6600.00,4400.00,1,98,-60.80,4.41,0.00,0
52,92,4600.00,7925.15,1,37,-127.54,-61.36,20.02,0
52,93,2944.21,4800.00,0,95,-68.50,-8.83,43.48,0
52,94,6800.00,6400.00,3,103,-81.65,-16.06,0.00,0
52,95,3705.85,3200.00,2,24,-118.90,-50.64,30.69,0
52,96,2400.00,7289.35,1,106,-67.37,-7.64,30.19,0
52,97,2400.00,3060.91,3,84,-99.57,-34.25,36.97,0
52,98,2039.87,3800.00,2,89,-71.06,-5.36,37.58,0
52,99,8400.00,2000.00,0,75,-119.47,-57.29,0.00,0
53,0,2000.00,7550.51,3,14,-70.82,2.19,39.92,0
53,1,2400.00,5600.00,1,100,-69.08,-3.36,0.00,0
53,2,7579.16,5200.00,2,64,-99.57,-33.44,25.01,0
53,3,6021.22,3000.00,0,86,-57.54,10.01,25.46,0
53,4,8286.05,4200.00,2,99,-78.61,-3.88,54.70,0
53,5,7816.34,3600.00,2,93,-80.07,-23.23,32.58,0
53,6,4400.00,3019.41,3,85,-64.92,-4.13,48.04,0
53,7,5000.00,3586.02,1,91,-89.82,-25.86,21.26,0
53,8,4400.00,5403.47,3,96,-72.34,-16.84,43.49,1
53,9,1800.00,3615.67,1,2,-106.09,-37.27,32.84,1
53,10,3000.00,6000.00,1,101,-67.06,-7.65,0.00,0
53,11,4200.00,2193.45,1,85,-68.39,-0.97,43.16,1
53,12,7028.47,5600.00,0,64,-97.40,-41.67,22.78,0
53,13,2089.30,6200.00,0,100,-69.52,3.16,35.20,0
53,14,6790.21,4800.00,2,98,-57.83,-1.29,21.89,0
53,15,8583.49,5000.00,2,99,-68.36,0.09,57.73,0
53,16,4200.00,2000.00,1,30,-69.05,-4.14,0.00,0
53,17,3428.40,4600.00,0,95,-91.50,-22.91,22.72,0
53,18,8000.00,2840.29,1,88,-84.36,-5.24,39.40,0
53,19,5144.08,6600.00,0,102,-82.78,-11.71,20.98,0
53,20,6200.00,7400.00,1,108,-85.83,-20.35,0.00,0
53,21,5000.00,3978.24,1,91,-56.87,7.34,37.51,0
53,22,1161.72,5800.00,2,5,-113.57,-50.68,22.87,0
53,23,5800.00,2130.90,3,86,-87.73,-21.15,28.87,0
53,24,5600.00,6603.07,1,108,-99.30,-34.70,56.90,0
53,25,1200.00,6663.17,3,6,-112.80,-41.76,46.91,0
53,26,1691.20,6000.00,0,12,-109.88,-41.38,24.32,0
53,27,1225.20,2200.00,2,83,-87.78,-7.52,37.28,0
53,28,4800.00,6000.00,2,102,-61.02,4.74,0.00,0
53,29,5582.09,6200.00,2,102,-69.18,-5.94,21.49,0
53,30,1437.10,7600.00,0,105,-56.52,4.14,28.35,0
53,31,1600.00,2456.11,3,83,-69.95,2.12,52.68,0
53,32,7600.00,7241.30,3,110,-52.49,9.67,37.43,0
53,33,8274.91,2400.00,2,88,-80.48,-17.13,36.01,0
53,34,6600.00,5024.12,1,98,-84.88,-26.03,28.94,0
53,35,3071.21,7200.00,2,106,-52.49,13.98,36.26,0
53,36,7000.00,5400.00,3,98,-90.03,-28.52,0.00,0
53,37,3777.74,3600.00,0,90,-66.92,-9.37,21.73,0
53,38,2400.00,7800.00,1,14,-104.30,-44.96,0.00,0
53,39,1200.00,6200.00,1,5,-83.64,-14.33,0.00,0
53,40,1600.00,4914.89,1,94,-76.86,-5.65,46.72,0
53,41,2892.15,4000.00,0,89,-53.38,2.24,24.57,0
53,42,2733.04,7000.00,0,106,-59.68,17.34,31.20,0
53,43,2800.00,4000.00,1,89,-105.02,-49.19,0.00,0
53,44,3400.00,7801.49,3,29,-105.11,-31.78,56.26,0
53,45,7599.71,6400.00,0,104,-86.70,-21.23,33.08,0
53,46,7400.00,6800.00,3,109,-85.50,-20.81,0.00,0
53,47,1800.00,6407.33,3,12,-108.09,-33.77,32.50,1
53,48,8314.56,4200.00,0,70,-113.50,-41.85,24.99,0
53,49,5600.00,7174.80,3,108,-42.24,25.57,38.47,0
53,50,8200.00,7439.60,3,110,-67.93,-8.22,26.21,0
53,51,3800.00,7632.82,1,29,-77.80,-10.35,50.80,0
53,52,3400.00,3600.00,2,90,-100.11,-34.13,0.00,0
53,53,3000.00,4600.00,2,95,-91.12,-33.88,0.00,0
53,54,6000.00,3400.00,0,92,-71.03,-16.69,0.00,0
53,55,3800.00,2000.00,0,85,-79.41,-13.40,0.00,0
53,56,1800.00,4606.67,1,94,-31.56,35.63,38.15,0
53,57,3400.00,4788.63,1,95,-74.86,-10.32,21.56,0
53,58,1400.00,2600.00,1,83,-76.50,0.85,0.00,0
53,59,5000.00,5200.00,0,97,-75.23,-7.75,0.00,0
53,60,1364.03,5600.00,0,4,-121.92,-57.14,56.24,0
53,61,8686.85,4600.00,2,99,-73.28,-13.91,35.79,1
53,62,5935.62,6000.00,2,103,-63.61,2.61,58.66,0
53,63,7199.41,7600.00,2,109,-52.95,15.97,56.55,0
53,64,1200.00,2200.00,1,0,-114.50,-46.23,0.00,0
53,65,4200.00,5441.51,3,96,-58.24,6.38,26.07,0
53,66,4823.69,7800.00,0,37,-110.19,-43.33,28.42,0
53,67,1600.00,2600.00,3,83,-67.10,7.39,0.00,0
53,68,5685.68,3200.00,0,86,-44.29,16.95,29.38,0
53,69,8200.00,7925.54,1,110,-77.53,-8.21,25.20,0
53,70,7686.44,6000.00,2,104,-68.03,-0.54,24.78,0
53,71,2933.52,5200.00,0,95,-68.30,0.68,36.58,0
53,72,5600.00,6400.00,2,108,-81.85,-11.79,0.00,0
53,73,5800.00,2284.34,3,86,-71.34,4.11,25.23,0
53,74,2400.00,4800.00,2,18,-129.05,-70.18,0.00,0
53,75,3000.00,6800.00,2,106,-84.31,-15.93,0.00,0
53,76,6200.00,6000.00,0,103,-69.71,-9.70,0.00,0
53,77,8835.05,5400.00,0,79,-90.17,-25.35,39.08,0
53,78,5549.08,5600.00,0,102,-76.38,-10.58,41.81,0
53,79,8600.00,3331.65,3,77,-111.45,-52.67,23.43,1
53,80,4828.14,5200.00,2,96,-68.45,-11.51,31.73,0
53,81,4592.45,5600.00,0,42,-102.98,-44.69,27.17,0
53,82,7200.00,7236.21,1,109,-43.09,19.61,33.93,0
53,83,8938.10,5800.00,0,80,-110.41,-45.13,47.35,1
53,84,5390.90,5800.00,2,102,-73.15,-5.31,10.92,0
53,85,7000.00,7448.35,1,109,-82.13,-24.48,39.85,0
53,86,6189.86,7800.00,0,59,-120.93,-59.20,26.80,0
53,87,5800.00,2600.00,1,86,-55.40,11.76,0.00,0
53,88,7000.00,6000.00,2,57,-111.46,-48.69,0.00,0
53,89,4400.00,2681.58,1,85,-44.24,26.72,35.02,0
53,90,6955.80,8000.00,2,109,-81.97,-12.97,39.48,0
53,91,6600.00,4424.04,1,98,-63.98,6.90,28.85,0
53,92,4600.00,7941.84,1,37,-123.62,-57.92,20.02,0
53,93,2980.44,4800.00,0,95,-77.87,-24.86,43.48,0
53,94,6800.00,6400.00,3,103,-81.65,-16.06,0.00,0
53,95,3680.27,3200.00,2,24,-125.50,-64.08,30.69,0
53,96,2400.00,7314.52,1,106,-95.72,-35.88,30.19,0
53,97,2400.00,3030.10,3,84,-76.43,-12.60,36.97,0
53,98,2008.55,3800.00,2,89,-68.24,3.73,37.58,0
53,99,8400.00,2000.00,0,75,-119.47,-57.29,0.00,0
54,0,2000.00,7517.25,3,14,-73.54,-3.46,39.92,0
54,1,2400.00,5600.00,1,100,-69.08,-3.36,0.00,0
54,2,7537.47,5200.00,2,71,-104.46,-39.31,50.03,1
54,3,6063.66,3000.00,0,86,-66.83,5.38,50.93,0
54,4,8240.47,4200.00,2,99,-91.40,-23.87,54.70,0
54,5,7800.00,3600.00,1,93,-47.39,27.61,0.00,0
54,6,4400.00,3000.00,1,85,-44.32,29.34,0.00,0
54,7,5000.00,3603.73,1,91,-71.38,-9.03,21.26,0
54,8,4400.00,5432.77,1,96,-75.31,-17.51,43.49,0
54,9,1800.00,3643.03,1,9,-97.71,-34.27,32.84,1
54,10,3000.00,6000.00,1,101,-67.06,-7.65,0.00,0
54,11,4200.00,2229.41,1,85,-84.10,-18.74,43.16,0
54,12,7047.45,5600.00,0,64,-110.73,-58.38,22.78,0
54,13,2118.63,6200.00,0,100,-66.13,5.68,35.20,0
54,14,6771.97,4800.00,2,98,-69.76,-10.60,21.89,0
54,15,8535.38,5000.00,2,99,-79.76,-7.36,57.73,0
54,16,4200.00,2000.00,1,30,-69.05,-4.14,0.00,0
54,17,3447.34,4600.00,0,95,-63.60,-1.10,22.72,0
54,18,8000.00,2873.12,1,88,-75.32,0.99,39.40,0
54,19,5161.57,6600.00,0,102,-91.21,-18.49,20.98,0
54,20,6200.00,7400.00,1,108,-85.83,-20.35,0.00,0
54,21,5000.00,4000.00,2,91,-60.64,4.38,0.00,0
54,22,1142.66,5800.00,2,5,-117.41,-42.15,22.87,0
54,23,5800.00,2106.84,3,86,-66.69,-3.50,28.87,0
54,24,5600.00,6650.49,1,108,-66.85,-10.02,56.90,0
54,25,1200.00,6624.08,3,5,-106.19,-39.90,46.91,1
54,26,1711.46,6000.00,0,12,-102.03,-37.17,24.32,0
54,27,1205.87,2200.00,0,83,-100.65,-18.18,37.28,0
54,28,4800.00,6000.00,2,102,-61.02,4.74,0.00,0
54,29,5546.27,6200.00,2,102,-58.91,7.86,42.99,0
54,30,1460.73,7600.00,0,105,-62.57,-1.30,28.35,0
54,31,1600.00,2412.20,3,83,-70.49,0.95,52.68,0
54,32,7600.00,7210.10,3,110,-65.24,-4.64,37.43,0
54,33,8244.91,2400.00,2,88,-91.72,-33.20,36.01,0
54,34,6600.00,5072.36,1,98,-60.00,3.02,57.89,0
54,35,3041.00,7200.00,2,106,-63.36,-3.46,36.26,0
54,36,7000.00,5400.00,3,98,-90.03,-28.52,0.00,0
54,37,3795.85,3600.00,0,90,-62.95,7.91,21.73,0
54,38,2400.00,7800.00,1,14,-104.30,-44.96,0.00,0
54,39,1200.00,6200.00,1,5,-83.64,-14.33,0.00,0
54,40,1600.00,4953.82,1,94,-53.06,16.28,46.72,0
54,41,2912.63,4000.00,0,89,-69.61,0.33,24.57,0
54,42,2759.04,7000.00,0,106,-65.63,10.66,31.20,0
54,43,2800.00,4000.00,1,89,-105.02,-49.19,0.00,0
54,44,3445.40,7800.00,0,29,-98.18,-43.27,56.26,0
54,45,7572.72,6400.00,2,104,-58.44,2.03,33.08,0
54,46,7400.00,6800.00,3,109,-85.50,-20.81,0.00,0
54,47,1800.00,6380.25,3,12,-118.16,-45.52,32.50,0
54,48,8335.39,4200.00,0,78,-108.86,-44.37,24.99,1
54,49,5600.00,7142.74,3,108,-54.02,5.52,38.47,0
54,50,8200.00,7417.76,3,110,-74.66,-11.53,26.21,0
54,51,3800.00,7675.15,1,29,-93.68,-30.81,50.80,0
54,52,3400.00,3600.00,2,90,-100.11,-34.13,0.00,0
54,53,3000.00,4600.00,2,95,-91.12,-33.88,0.00,0
54,54,6015.90,3400.00,0,92,-90.49,-23.94,19.08,0
54,55,3800.00,2000.00,0,85,-79.41,-13.40,0.00,0
54,56,1800.00,4638.47,1,94,-39.17,31.20,38.15,0
54,57,3400.00,4793.40,3,95,-62.80,2.42,21.56,0
54,58,1400.00,2623.12,1,83,-80.84,-12.86,27.75,0
54,59,5000.00,5200.00,0,97,-75.23,-7.75,0.00,0
54,60,1410.90,5600.00,0,4,-118.53,-44.16,56.24,0
54,61,8657.02,4600.00,2,99,-76.64,-16.69,35.79,0
54,62,5886.74,6000.00,2,103,-54.47,10.66,58.66,0
54,63,7152.28,7600.00,2,109,-50.36,7.70,56.55,0
54,64,1200.00,2200.00,1,0,-114.50,-46.23,0.00,0
54,65,4200.00,5419.79,3,96,-45.67,20.50,26.07,0
54,66,4871.06,7800.00,0,44,-96.24,-29.03,56.85,1
54,67,1600.00,2600.00,3,83,-67.10,7.39,0.00,0
54,68,5710.16,3200.00,0,86,-41.12,23.04,29.38,0
54,69,8200.00,7946.55,1,110,-78.13,-2.72,25.20,0
54,70,7665.79,6000.00,2,104,-54.22,19.64,24.78,0
54,71,2964.01,5200.00,0,95,-62.38,5.65,36.58,0
54,72,5600.00,6400.00,2,108,-81.85,-11.79,0.00,0
54,73,5800.00,2263.31,3,86,-70.89,2.07,25.23,0
54,74,2400.00,4800.00,2,18,-129.05,-70.18,0.00,0
54,75,3000.00,6800.00,2,106,-84.31,-15.93,0.00,0
54,76,6209.08,6000.00,0,103,-78.48,-16.11,10.90,0
54,77,8867.62,5400.00,0,79,-100.10,-33.25,39.08,0
54,78,5583.92,5600.00,0,102,-85.50,-16.52,41.81,0
54,79,8600.00,3312.13,3,76,-111.02,-55.83,23.43,1
54,80,4801.70,5200.00,2,96,-59.85,-3.33,31.73,0
54,81,4600.00,5584.91,3,34,-109.64,-39.45,27.17,1
54,82,7200.00,7264.48,1,109,-53.58,13.56,33.93,0
54,83,8977.55,5800.00,0,80,-110.13,-32.83,47.35,0
54,84,5372.70,5800.00,2,102,-79.46,-32.27,21.84,0
54,85,7000.00,7481.56,1,109,-92.92,-34.95,39.85,0
54,86,6200.00,7812.20,1,59,-102.53,-32.11,26.80,0
54,87,5800.00,2600.00,1,86,-55.40,11.76,0.00,0
54,88,7000.00,6000.00,2,57,-111.46,-48.69,0.00,0
54,89,4400.00,2710.77,1,85,-59.50,10.01,35.02,0
54,90,6922.89,8000.00,2,109,-90.37,-10.50,39.48,0
54,91,6600.00,4472.12,1,98,-54.90,6.57,57.70,0
54,92,4600.00,7958.53,1,37,-118.80,-57.37,20.02,0
54,93,2983.33,4800.00,2,95,-103.37,-31.48,43.48,0
54,94,6800.00,6400.00,3,103,-81.65,-16.06,0.00,0
54,95,3654.69,3200.00,2,24,-118.90,-59.04,30.69,0
54,96,2400.00,7339.68,1,106,-95.93,-34.62,30.19,0
54,97,2400.00,3000.00,2,84,-60.67,2.32,0.00,0
54,98,2000.00,3777.24,3,89,-76.25,-9.70,37.58,0
54,99,8400.00,2000.00,0,75,-119.47,-57.29,0.00,0
55,0,2000.00,7483.98,3,14,-65.69,-2.42,39.92,0
55,1,2400.00,5600.00,1,100,-69.08,-3.36,0.00,0
55,2,7495.78,5200.00,2,98,-78.06,-6.94,50.03,1
55,3,6106.10,3000.00,0,86,-69.64,-11.65,50.93,0
55,4,8205.12,4200.00,0,99,-74.02,-3.53,54.70,0
55,5,7800.00,3600.00,1,93,-47.39,27.61,0.00,0
55,6,4400.00,3000.00,1,85,-44.32,29.34,0.00,0
55,7,5000.00,3621.45,1,91,-75.37,-13.08,21.26,0
55,8,4400.00,5469.01,1,96,-76.61,-9.93,43.49,0
55,9,1800.00,3670.39,1,9,-111.00,-42.38,32.84,0
55,10,3000.00,6000.00,1,101,-67.06,-7.65,0.00,0
55,11,4200.00,2265.38,1,85,-90.07,-27.44,43.16,0
55,12,7066.43,5600.00,0,64,-119.52,-62.99,22.78,0
55,13,2147.96,6200.00,0,100,-66.59,1.44,35.20,0
55,14,6753.72,4800.00,2,98,-63.86,7.01,21.89,0
55,15,8487.27,5000.00,2,99,-82.29,-4.14,57.73,0
55,16,4200.00,2000.00,1,30,-69.05,-4.14,0.00,0
55,17,3466.28,4600.00,0,95,-62.25,-10.81,22.72,0
55,18,8000.00,2905.96,1,88,-78.01,-11.08,39.40,0
55,19,5179.05,6600.00,0,102,-90.88,-28.53,20.98,0
55,20,6200.00,7400.00,1,108,-85.83,-20.35,0.00,0
55,21,5000.00,4000.00,2,91,-60.64,4.38,0.00,0
55,22,1123.59,5800.00,2,4,-110.65,-38.01,22.87,1
55,23,5800.00,2082.79,3,86,-77.54,-9.70,28.87,0
55,24,5600.00,6697.91,1,108,-96.30,-27.81,56.90,0
55,25,1200.00,6615.01,1,5,-96.19,-27.09,46.91,0
55,26,1731.73,6000.00,0,12,-103.78,-33.10,24.32,0
55,27,1236.94,2200.00,0,0,-84.13,-1.38,37.28,1
55,28,4780.09,6000.00,2,102,-41.87,17.20,23.90,0
55,29,5510.45,6200.00,2,102,-77.73,-17.08,42.99,0
55,30,1484.35,7600.00,0,105,-59.17,14.86,28.35,0
55,31,1600.00,2400.00,2,83,-71.86,-4.69,0.00,0
55,32,7600.00,7221.09,1,110,-72.08,-7.17,37.43,0
55,33,8214.90,2400.00,2,88,-87.72,-11.27,36.01,0
55,34,6600.00,5120.60,1,98,-37.02,28.45,57.89,0
55,35,3010.78,7200.00,2,106,-61.42,6.98,36.26,0
55,36,7000.00,5400.00,3,98,-90.03,-28.52,0.00,0
55,37,3800.00,3600.00,2,90,-70.17,-17.37,0.00,0
55,38,2400.00,7800.00,1,14,-104.30,-44.96,0.00,0
55,39,1200.00,6200.00,1,5,-83.64,-14.33,0.00,0
55,40,1600.00,4992.75,1,94,-71.92,-16.05,46.72,0
55,41,2933.11,4000.00,0,89,-67.19,-12.31,24.57,0
55,42,2785.04,7000.00,0,106,-90.98,-23.84,31.20,0
55,43,2800.00,4000.00,1,89,-105.02,-49.19,0.00,0
55,44,3492.28,7800.00,0,29,-93.29,-21.21,56.26,0
55,45,7545.16,6400.00,2,104,-67.73,-7.03,33.08,0
55,46,7400.00,6800.00,3,109,-85.50,-20.81,0.00,0
55,47,1800.00,6353.17,3,12,-112.28,-38.66,32.50,0
55,48,8356.22,4200.00,0,78,-102.37,-36.03,24.99,0
55,49,5600.00,7110.68,3,108,-52.73,19.13,38.47,0
55,50,8204.08,7400.00,0,110,-74.30,-8.25,26.21,0
55,51,3800.00,7717.48,1,37,-99.26,-40.33,50.80,1
55,52,3400.00,3600.00,2,90,-100.11,-34.13,0.00,0
55,53,3000.00,4600.00,2,95,-91.12,-33.88,0.00,0
55,54,6047.71,3400.00,0,92,-95.01,-33.56,38.17,0
55,55,3800.00,2000.00,0,85,-79.41,-13.40,0.00,0
55,56,1800.00,4670.26,1,94,-60.28,10.01,38.15,0
55,57,3400.00,4775.44,3,95,-57.49,8.46,21.56,0
55,58,1400.00,2669.36,1,83,-69.75,5.06,55.49,0
55,59,5000.00,5200.00,0,97,-75.23,-7.75,0.00,0
55,60,1457.76,5600.00,0,4,-116.46,-42.62,56.24,0
55,61,8627.20,4600.00,2,99,-76.02,-11.13,35.79,0
55,62,5837.86,6000.00,2,103,-45.09,23.26,58.66,0
55,63,7105.15,7600.00,2,109,-66.45,-19.07,56.55,0
55,64,1200.00,2216.81,1,0,-110.46,-39.08,20.17,0
55,65,4200.00,5401.94,1,96,-52.92,3.86,26.07,0
55,66,4918.43,7800.00,0,44,-98.15,-35.93,56.85,0
55,67,1600.00,2600.00,3,83,-67.10,7.39,0.00,0
55,68,5734.64,3200.00,0,86,-55.83,15.76,29.38,0
55,69,8200.00,7967.55,1,110,-85.26,-8.27,25.20,0
55,70,7645.14,6000.00,2,104,-53.58,5.14,24.78,0
55,71,2994.49,5200.00,0,95,-60.79,0.94,36.58,0
55,72,5600.00,6400.00,2,108,-81.85,-11.79,0.00,0
55,73,5800.00,2242.29,3,86,-68.92,-5.97,25.23,0
55,74,2400.00,4800.00,2,18,-129.05,-70.18,0.00,0
55,75,3000.00,6800.00,2,106,-84.31,-15.93,0.00,0
55,76,6227.24,6000.00,0,103,-73.94,-13.61,21.79,0
55,77,8900.19,5400.00,0,79,-95.17,-20.53,39.08,0
55,78,5600.00,5600.00,3,102,-108.59,-44.09,0.00,0
55,79,8600.00,3292.60,3,76,-108.25,-41.24,23.43,0
55,80,4824.74,5200.00,0,96,-71.04,-10.28,31.73,0
55,81,4600.00,5562.27,3,34,-120.05,-56.99,27.17,0
55,82,7200.00,7292.76,1,109,-75.80,-7.69,33.93,0
55,83,9000.00,5817.01,1,80,-122.27,-53.32,47.35,0
55,84,5354.50,5800.00,2,102,-73.47,-10.59,21.84,0
55,85,7000.00,7514.77,1,109,-79.67,-16.91,39.85,0
55,86,6200.00,7834.54,1,52,-99.63,-31.56,26.80,1
55,87,5800.00,2622.63,1,86,-54.48,13.43,27.16,0
55,88,7000.00,6000.00,2,57,-111.46,-48.69,0.00,0
55,89,4400.00,2739.95,1,85,-71.91,-2.73,35.02,0
55,90,6889.99,8000.00,2,109,-88.06,-11.68,39.48,0
55,91,6600.00,4520.20,1,98,-90.32,-22.46,57.70,0
55,92,4600.00,7975.21,1,44,-103.83,-35.13,20.02,1
55,93,2947.09,4800.00,2,95,-104.82,-41.36,43.48,0
55,94,6800.00,6400.00,3,103,-81.65,-16.06,0.00,0
55,95,3629.11,3200.00,2,24,-108.88,-41.09,30.69,0
55,96,2400.00,7364.84,1,106,-93.16,-40.22,30.19,0
55,97,2400.00,3000.00,2,84,-60.67,2.32,0.00,0
55,98,2000.00,3745.92,3,89,-73.39,1.81,37.58,0
55,99,8422.41,2000.00,0,75,-119.01,-56.15,26.89,0
56,0,2000.00,7450.72,3,105,-78.57,-7.86,39.92,1
56,1,2400.00,5600.00,1,100,-69.08,-3.36,0.00,0
56,2,7454.09,5200.00,2,98,-70.49,-2.45,50.03,0
56,3,6148.54,3000.00,0,86,-66.73,-4.64,50.93,0
56,4,8250.70,4200.00,0,99,-74.18,-5.99,54.70,0
56,5,7800.00,3600.00,1,93,-47.39,27.61,0.00,0
56,6,4400.00,3000.00,1,85,-44.32,29.34,0.00,0
56,7,5000.00,3639.17,1,91,-84.30,-13.40,21.26,0
56,8,4400.00,5505.24,1,96,-70.30,-2.76,43.49,0
56,9,1800.00,3697.75,1,9,-119.24,-42.44,32.84,0
56,10,3000.00,6000.00,1,101,-67.06,-7.65,0.00,0
56,11,4200.00,2301.35,1,85,-70.58,-16.24,43.16,0
56,12,7085.41,5600.00,0,64,-106.10,-50.80,22.78,0
56,13,2177.30,6200.00,0,100,-75.35,-4.44,35.20,0
56,14,6735.48,4800.00,2,98,-48.44,16.45,21.89,0
56,15,8439.16,5000.00,2,99,-61.27,6.28,57.73,0
56,16,4200.00,2000.00,1,30,-69.05,-4.14,0.00,0
56,17,3485.21,4600.00,0,95,-68.79,-6.01,22.72,0
56,18,8000.00,2938.79,1,88,-78.57,-11.67,39.40,0
56,19,5196.53,6600.00,0,102,-74.39,-15.27,20.98,0
56,20,6200.00,7400.00,1,108,-85.83,-20.35,0.00,0
56,21,5000.00,4000.00,2,91,-60.64,4.38,0.00,0
56,22,1104.53,5800.00,2,4,-102.18,-23.78,22.87,0
56,23,5800.00,2058.73,3,86,-65.32,-12.19,28.87,0
56,24,5600.00,6745.34,1,108,-91.99,-18.63,56.90,0
56,25,1200.00,6654.11,1,5,-115.76,-52.89,46.91,0
56,26,1752.00,6000.00,0,12,-104.03,-33.03,24.32,0
56,27,1268.01,2200.00,0,0,-93.54,-23.17,37.28,0
56,28,4740.26,6000.00,2,102,-50.82,12.79,47.79,0
56,29,5474.62,6200.00,2,102,-95.68,-32.28,42.99,0
56,30,1507.98,7600.00,0,105,-81.68,-8.40,28.35,0
56,31,1600.00,2400.00,2,83,-71.86,-4.69,0.00,0
56,32,7600.00,7252.28,1,110,-66.74,5.33,37.43,0
56,33,8215.10,2400.00,0,88,-71.70,10.93,36.01,0
56,34,6600.00,5168.84,1,98,-75.57,-14.97,57.89,0
56,35,3000.00,7219.44,1,106,-38.01,27.60,36.26,0
56,36,7000.00,5400.00,3,98,-90.03,-28.52,0.00,0
56,37,3800.00,3600.00,2,90,-70.17,-17.37,0.00,0
56,38,2400.00,7821.94,1,14,-97.52,-35.43,26.33,0
56,39,1200.00,6200.00,1,5,-83.64,-14.33,0.00,0
56,40,1600.00,5031.68,1,94,-63.70,-5.23,46.72,0
56,41,2953.59,4000.00,0,89,-77.37,-19.41,24.57,0
56,42,2800.00,6988.96,3,106,-86.24,-29.77,31.20,0
56,43,2800.00,4000.00,1,89,-105.02,-49.19,0.00,0
56,44,3539.17,7800.00,0,29,-97.58,-29.90,56.26,0
56,45,7517.59,6400.00,2,104,-87.72,-17.42,33.08,0
56,46,7400.00,6800.00,3,109,-85.50,-20.81,0.00,0
56,47,1800.00,6326.09,3,12,-96.50,-26.88,32.50,0
56,48,8377.05,4200.00,0,78,-101.31,-33.78,24.99,0
56,49,5600.00,7078.62,3,108,-47.16,19.33,38.47,0
56,50,8225.92,7400.00,0,110,-62.49,13.04,26.21,0
56,51,3800.00,7759.81,1,29,-105.14,-48.53,50.80,1
56,52,3400.00,3600.00,2,90,-100.11,-34.13,0.00,0
56,53,3000.00,4600.00,2,95,-91.12,-33.88,0.00,0
56,54,6079.52,3400.00,0,92,-68.73,-2.98,38.17,0
56,55,3800.00,2000.00,0,85,-79.41,-13.40,0.00,0
56,56,1800.00,4702.06,1,94,-77.32,-16.76,38.15,0
56,57,3400.00,4757.47,3,95,-52.90,13.23,21.56,0
56,58,1400.00,2715.61,1,83,-70.29,4.02,55.49,0
56,59,5010.75,5200.00,0,97,-73.80,-16.08,12.89,0
56,60,1504.63,5600.00,0,4,-112.52,-48.68,56.24,0
56,61,8600.00,4602.63,1,99,-67.78,-18.04,35.79,0
56,62,5800.00,6000.00,3,103,-38.33,26.28,0.00,0
56,63,7058.02,7600.00,2,109,-64.93,4.37,56.55,0
56,64,1200.00,2250.42,1,0,-112.16,-49.37,40.33,0
56,65,4200.00,5423.67,1,96,-53.05,4.21,26.07,0
56,66,4965.80,7800.00,0,44,-99.06,-26.55,56.85,0
56,67,1600.00,2600.00,3,83,-67.10,7.39,0.00,0
56,68,5759.12,3200.00,0,86,-53.03,10.00,29.38,0
56,69,8200.00,7988.55,1,110,-90.27,-18.31,25.20,0
56,70,7624.49,6000.00,2,104,-56.56,0.96,24.78,0
56,71,3024.98,5200.00,0,95,-60.46,11.35,36.58,0
56,72,5600.00,6400.00,2,108,-81.85,-11.79,0.00,0
56,73,5800.00,2221.26,3,86,-73.90,-8.83,25.23,0
56,74,2389.25,4800.00,2,11,-118.04,-59.96,12.90,1
56,75,2980.91,6800.00,2,106,-92.73,-28.04,22.90,0
56,76,6245.40,6000.00,0,103,-43.76,5.68,21.79,0
56,77,8932.75,5400.00,0,79,-93.52,-19.12,39.08,0
56,78,5600.00,5600.00,3,49,-101.37,-36.87,0.00,1
56,79,8600.00,3273.07,3,76,-113.58,-37.01,23.43,0
56,80,4851.18,5200.00,0,96,-74.14,-16.28,31.73,0
56,81,4600.00,5539.62,3,96,-54.72,2.16,27.17,1
56,82,7200.00,7321.03,1,109,-38.27,30.90,33.93,0
56,83,9000.00,5856.47,1,80,-97.84,-29.30,47.35,0
56,84,5336.30,5800.00,2,102,-76.30,-5.95,21.84,0
56,85,7000.00,7547.98,1,109,-66.10,3.76,39.85,0
56,86,6200.00,7856.87,1,52,-114.83,-40.24,26.80,0
56,87,5800.00,2667.89,1,86,-60.38,2.54,54.31,0
56,88,7000.00,6000.00,2,57,-111.46,-48.69,0.00,0
56,89,4400.00,2769.14,1,85,-57.82,11.52,35.02,0
56,90,6857.09,8000.00,2,109,-72.89,-4.40,39.48,0
56,91,6600.00,4568.28,1,98,-93.41,-27.22,57.70,0
56,92,4600.00,7991.90,1,44,-99.00,-25.20,20.02,0
56,93,2910.86,4800.00,2,95,-75.53,-6.86,43.48,0
56,94,6800.00,6375.31,3,103,-70.17,-4.78,29.63,0
56,95,3603.54,3200.00,2,24,-96.15,-32.37,30.69,0
56,96,2400.00,7390.00,1,106,-91.07,-30.99,30.19,0
56,97,2400.00,3000.00,2,84,-60.67,2.32,0.00,0
56,98,2000.00,3714.61,3,89,-66.48,-3.04,37.58,0
56,99,8467.23,2000.00,0,75,-106.98,-41.58,53.78,0
57,0,2000.00,7417.45,3,105,-85.19,-20.81,39.92,0
57,1,2400.00,5600.00,1,100,-69.08,-3.36,0.00,0
57,2,7412.40,5200.00,2,98,-67.03,-0.63,50.03,0
57,3,6190.98,3000.00,0,86,-82.44,-17.93,50.93,0
57,4,8296.28,4200.00,0,99,-83.89,-18.59,54.70,0
57,5,7800.00,3600.00,1,93,-47.39,27.61,0.00,0
57,6,4400.00,3000.00,1,85,-44.32,29.34,0.00,0
57,7,5000.00,3656.88,1,91,-84.32,-18.04,21.26,0
57,8,4400.00,5541.48,1,96,-55.38,16.73,43.49,0
57,9,1800.00,3725.12,1,9,-117.15,-43.74,32.84,0
57,10,3000.00,6000.00,1,101,-67.06,-7.65,0.00,0
57,11,4200.00,2337.31,1,85,-80.58,-28.13,43.16,0
57,12,7104.39,5600.00,0,64,-102.67,-43.60,22.78,0
57,13,2200.00,6200.00,2,100,-45.94,17.85,0.00,0
57,14,6717.24,4800.00,2,98,-67.44,-8.29,21.89,0
57,15,8400.00,4991.04,3,99,-49.19,17.38,57.73,0
57,16,4200.00,2000.00,1,30,-69.05,-4.14,0.00,0
57,17,3504.15,4600.00,0,95,-68.64,-2.95,22.72,0
57,18,8000.00,2971.63,1,88,-60.71,16.88,39.40,0
57,19,5200.00,6600.00,3,102,-66.29,-10.84,0.00,0
57,20,6200.00,7418.94,1,108,-81.66,-14.72,22.72,0
57,21,5000.00,4000.00,2,91,-60.64,4.38,0.00,0
57,22,1085.47,5800.00,2,5,-106.97,-31.03,22.87,1
57,23,5800.00,2034.68,3,86,-65.94,-5.04,28.87,0
57,24,5600.00,6792.76,1,108,-86.02,-15.16,56.90,0
57,25,1200.00,6693.20,1,6,-119.01,-51.34,46.91,1
57,26,1772.26,6000.00,0,12,-106.45,-42.29,24.32,0
57,27,1299.08,2200.00,0,0,-93.44,-37.98,37.28,0
57,28,4700.43,6000.00,2,102,-57.84,6.08,47.79,0
57,29,5438.80,6200.00,2,102,-85.71,-22.35,42.99,0
57,30,1531.61,7600.00,0,105,-70.92,1.48,28.35,0
57,31,1600.00,2400.00,2,83,-71.86,-4.69,0.00,0
57,32,7600.00,7283.47,1,110,-78.52,-17.86,37.43,0
57,33,8245.11,2400.00,0,88,-64.94,15.67,36.01,0
57,34,6600.00,5182.92,3,98,-81.28,-9.14,57.89,0
57,35,3000.00,7249.65,1,106,-56.02,14.08,36.26,0
57,36,7000.00,5400.00,3,98,-90.03,-28.52,0.00,0
57,37,3800.00,3600.00,2,90,-70.17,-17.37,0.00,0
57,38,2400.00,7865.81,1,14,-116.16,-51.16,52.65,0
57,39,1200.00,6200.00,1,5,-83.64,-14.33,0.00,0
57,40,1600.00,5070.61,1,94,-58.88,-2.55,46.72,0
57,41,2974.07,4000.00,0,89,-76.93,-18.31,24.57,0
57,42,2800.00,6962.96,3,106,-85.41,-30.87,31.20,0
57,43,2800.00,4000.00,1,89,-105.02,-49.19,0.00,0
57,44,3586.05,7800.00,0,29,-104.53,-28.80,56.26,0
57,45,7490.03,6400.00,2,104,-89.28,-16.10,33.08,0
57,46,7400.00,6800.00,3,109,-85.50,-20.81,0.00,0
57,47,1800.00,6299.01,3,12,-88.10,-28.62,32.50,0
57,48,8397.88,4200.00,0,78,-113.74,-39.36,24.99,0
57,49,5600.00,7046.56,3,108,-53.90,11.20,38.47,0
57,50,8247.76,7400.00,0,110,-56.31,11.83,26.21,0
57,51,3802.14,7800.00,0,29,-106.43,-35.75,50.80,0
57,52,3400.00,3600.00,2,90,-100.11,-34.13,0.00,0
57,53,3000.00,4600.00,2,95,-91.12,-33.88,0.00,0
57,54,6111.32,3400.00,0,92,-80.61,-22.75,38.17,0
57,55,3800.00,2000.00,0,85,-79.41,-13.40,0.00,0
57,56,1800.00,4733.85,1,94,-69.71,-7.97,38.15,0
57,57,3400.00,4739.50,3,95,-72.27,-5.80,21.56,0
57,58,1400.00,2761.85,1,83,-69.37,4.55,55.49,0
57,59,5032.24,5200.00,0,97,-68.71,-11.51,25.79,0
57,60,1551.50,5600.00,0,4,-106.53,-47.91,56.24,0
57,61,8600.00,4632.45,1,99,-83.70,-14.72,35.79,0
57,62,5800.00,6000.00,3,103,-38.33,26.28,0.00,0
57,63,7010.90,7600.00,2,109,-72.11,1.09,56.55,0
57,64,1200.00,2284.03,1,0,-105.23,-35.54,40.33,0
57,65,4200.00,5445.39,1,34,-71.56,-3.14,26.07,1
57,66,5013.17,7800.00,0,44,-107.94,-39.19,56.85,0
57,67,1600.00,2600.00,3,83,-67.10,7.39,0.00,0
57,68,5783.59,3200.00,0,86,-59.31,13.60,29.38,0
57,69,8209.55,8000.00,0,110,-91.20,-21.47,25.20,0
57,70,7603.85,6000.00,2,104,-59.55,-3.06,24.78,0
57,71,3055.47,5200.00,0,95,-78.53,-14.41,36.58,0
57,72,5600.00,6400.00,2,108,-81.85,-11.79,0.00,0
57,73,5800.00,2200.23,3,86,-87.07,-22.71,25.23,0
57,74,2367.74,4800.00,2,11,-99.62,-38.79,25.80,0
57,75,2942.74,6800.00,2,106,-56.95,10.69,45.81,0
57,76,6263.57,6000.00,0,103,-44.30,10.55,21.79,0
57,77,8965.32,5400.00,0,79,-102.95,-26.11,39.08,0
57,78,5600.00,5600.00,3,49,-101.37,-36.87,0.00,0
57,79,8600.00,3253.55,3,77,-104.23,-26.39,23.43,1
57,80,4877.62,5200.00,0,96,-75.56,-14.65,31.73,0
57,81,4600.00,5516.98,3,96,-67.55,-1.31,27.17,0
57,82,7200.00,7349.31,1,109,-60.83,2.28,33.93,0
57,83,9000.00,5895.92,1,80,-104.38,-34.96,47.35,0
57,84,5318.09,5800.00,2,102,-56.75,9.82,21.84,0
57,85,7000.00,7581.19,1,109,-68.04,-0.86,39.85,0
57,86,6200.00,7879.21,1,52,-110.62,-36.24,26.80,0
57,87,5800.00,2713.15,1,86,-35.13,28.02,54.31,0
57,88,7000.00,6000.00,2,57,-111.46,-48.69,0.00,0
57,89,4400.00,2798.33,1,85,-57.02,4.85,35.02,0
57,90,6824.18,8000.00,2,109,-74.36,-13.15,39.48,0
57,91,6583.64,4600.00,2,98,-74.97,-14.58,57.70,0
57,92,4600.00,7991.41,3,37,-115.87,-43.07,20.02,1
57,93,2874.63,4800.00,2,95,-37.06,26.67,43.48,0
57,94,6800.00,6325.92,3,103,-49.00,6.57,59.26,0
57,95,3600.00,3222.04,1,24,-113.94,-45.84,30.69,0
57,96,2400.00,7415.16,1,14,-94.06,-22.03,30.19,1
57,97,2400.00,3000.00,2,84,-60.67,2.32,0.00,0
57,98,2000.00,3683.29,3,89,-83.28,-11.43,37.58,0
57,99,8512.05,2000.00,0,75,-100.69,-29.85,53.78,0
58,0,2000.00,7384.18,3,105,-81.90,-13.80,39.92,0
58,1,2400.00,5600.00,1,100,-69.08,-3.36,0.00,0
58,2,7400.00,5170.71,3,98,-71.91,-3.71,50.03,0
58,3,6233.42,3000.00,0,86,-84.89,-16.25,50.93,0
58,4,8341.86,4200.00,0,99,-61.27,12.13,54.70,0
58,5,7800.00,3600.00,1,93,-47.39,27.61,0.00,0
58,6,4400.00,3000.00,1,85,-44.32,29.34,0.00,0
58,7,5000.00,3674.60,1,91,-67.28,3.58,21.26,0
58,8,4400.00,5577.72,1,96,-82.59,-8.38,43.49,0
58,9,1800.00,3752.48,1,2,-113.61,-40.81,32.84,1
58,10,3000.00,6000.00,1,101,-67.06,-7.65,0.00,0
58,11,4200.00,2373.28,1,85,-73.45,-9.79,43.16,0
58,12,7123.37,5600.00,0,64,-89.23,-28.33,22.78,0
58,13,2200.00,6200.00,2,100,-45.94,17.85,0.00,0
58,14,6699.00,4800.00,2,98,-78.91,-16.12,21.89,0
58,15,8400.00,4942.93,3,99,-41.61,13.15,57.73,0
58,16,4200.00,2000.00,1,30,-69.05,-4.14,0.00,0
58,17,3523.08,4600.00,0,95,-67.70,-3.25,22.72,0
58,18,8000.00,3000.00,2,88,-41.66,30.66,0.00,0
58,19,5200.00,6600.00,3,102,-66.29,-10.84,0.00,0
58,20,6200.00,7456.81,1,108,-68.46,-14.08,45.44,0
58,21,5000.00,4000.00,2,91,-60.64,4.38,0.00,0
58,22,1066.41,5800.00,2,4,-96.03,-33.89,22.87,1
58,23,5800.00,2010.62,3,45,-71.33,-7.89,28.87,1
58,24,5600.00,6840.18,1,108,-85.73,-20.01,56.90,0
58,25,1200.00,6732.29,1,5,-112.76,-45.38,46.91,1
58,26,1792.53,6000.00,0,12,-103.02,-39.39,24.32,0
58,27,1330.15,2200.00,0,0,-96.21,-40.43,37.28,0
58,28,4660.61,6000.00,2,102,-50.23,15.04,47.79,0
58,29,5402.98,6200.00,2,102,-70.98,-2.56,42.99,0
58,30,1555.24,7600.00,0,105,-78.00,-14.11,28.35,0
58,31,1600.00,2400.00,2,83,-71.86,-4.69,0.00,0
58,32,7600.00,7314.66,1,110,-78.92,-24.64,37.43,0
58,33,8275.11,2400.00,0,88,-84.24,-21.64,36.01,0
58,34,6600.00,5134.68,3,98,-86.21,-23.60,57.89,0
58,35,3000.00,7279.87,1,106,-55.33,25.17,36.26,0
58,36,7000.00,5400.00,3,98,-90.03,-28.52,0.00,0
58,37,3800.00,3600.00,2,90,-70.17,-17.37,0.00,0
58,38,2400.00,7909.69,1,22,-104.97,-43.27,52.65,1
58,39,1200.00,6200.00,1,5,-83.64,-14.33,0.00,0
58,40,1600.00,5109.54,1,94,-51.62,5.49,46.72,0
58,41,2994.54,4000.00,0,89,-68.55,-10.22,24.57,0
58,42,2800.00,6936.95,3,106,-77.62,-17.45,31.20,0
58,43,2800.00,4023.58,1,89,-100.18,-49.93,28.30,0
58,44,3600.00,7800.00,2,29,-124.96,-60.39,0.00,0
58,45,7462.46,6400.00,2,104,-97.73,-37.87,33.08,0
58,46,7400.00,6800.00,3,109,-85.50,-20.81,0.00,0
58,47,1800.00,6271.93,3,12,-97.21,-32.72,32.50,0
58,48,8400.00,4218.70,1,70,-117.26,-50.34,24.99,1
58,49,5600.00,7014.49,3,108,-70.29,-0.46,38.47,0
58,50,8269.61,7400.00,0,110,-64.57,8.33,26.21,0
58,51,3844.48,7800.00,0,29,-106.01,-38.67,50.80,0
58,52,3400.00,3600.00,2,90,-100.11,-34.13,0.00,0
58,53,3000.00,4600.00,2,95,-91.12,-33.88,0.00,0
58,54,6143.13,3400.00,0,92,-74.62,-11.12,38.17,0
58,55,3800.00,2000.00,0,85,-79.41,-13.40,0.00,0
58,56,1800.00,4765.65,1,94,-58.60,4.50,38.15,0
58,57,3400.00,4721.54,3,95,-66.96,5.22,21.56,0
58,58,1391.91,2800.00,2,83,-75.94,-3.12,55.49,0
58,59,5053.73,5200.00,0,97,-77.50,-12.89,25.79,0
58,60,1598.36,5600.00,0,4,-107.41,-36.75,56.24,0
58,61,8600.00,4662.27,1,99,-71.79,2.19,35.79,0
58,62,5800.00,6000.00,3,103,-38.33,26.28,0.00,0
58,63,7000.00,7600.00,1,109,-56.25,20.42,0.00,0
58,64,1200.00,2317.64,1,0,-125.55,-49.66,40.33,0
58,65,4200.00,5467.12,1,34,-79.01,-8.35,26.07,0
58,66,5060.54,7800.00,0,44,-96.69,-31.91,56.85,0
58,67,1600.00,2600.00,3,83,-67.10,7.39,0.00,0
58,68,5791.93,3200.00,2,86,-69.53,-7.12,29.38,0
58,69,8230.56,8000.00,0,74,-109.37,-45.61,25.20,1
58,70,7600.00,6016.80,1,104,-36.70,18.74,24.78,0
58,71,3085.95,5200.00,0,95,-70.73,-16.32,36.58,0
58,72,5600.00,6400.00,2,108,-81.85,-11.79,0.00,0
58,73,5779.20,2200.00,2,86,-107.28,-56.62,25.23,0
58,74,2346.24,4800.00,2,11,-112.05,-52.87,25.80,0
58,75,2904.56,6800.00,2,106,-76.31,-3.91,45.81,0
58,76,6281.73,6000.00,0,103,-46.12,1.58,21.79,0
58,77,8997.89,5400.00,0,79,-107.66,-35.58,39.08,0
58,78,5600.00,5600.00,3,49,-101.37,-36.87,0.00,0
58,79,8600.00,3234.02,3,77,-107.48,-38.94,23.43,0
58,80,4904.06,5200.00,0,96,-76.65,-15.22,31.73,0
58,81,4600.00,5494.34,3,96,-76.96,-12.54,27.17,0
58,82,7200.00,7377.58,1,109,-54.50,9.11,33.93,0
58,83,9000.00,5935.38,1,80,-113.57,-39.23,47.35,0
58,84,5299.89,5800.00,2,102,-60.39,-1.82,21.84,0
58,85,7000.00,7600.00,0,109,-106.28,-30.47,0.00,0
58,86,6200.00,7901.55,1,52,-106.94,-35.08,26.80,0
58,87,5800.00,2758.40,1,86,-38.38,26.53,54.31,0
58,88,7000.00,6000.00,2,57,-111.46,-48.69,0.00,0
58,89,4400.00,2827.52,1,85,-59.61,-4.92,35.02,0
58,90,6800.00,8000.00,3,109,-70.26,4.76,0.00,0
58,91,6535.56,4600.00,2,98,-65.30,-2.78,57.70,0
58,92,4600.00,7974.73,3,37,-107.33,-41.06,20.02,0
58,93,2838.40,4800.00,2,95,-51.32,11.88,43.48,0
58,94,6800.00,6276.53,3,103,-75.66,-4.81,59.26,0
58,95,3600.00,3247.62,1,24,-112.43,-52.23,30.69,0
58,96,2400.00,7440.32,1,14,-100.69,-30.83,30.19,0
58,97,2400.00,3000.00,2,84,-60.67,2.32,0.00,0
58,98,2000.00,3651.98,3,89,-79.43,-21.31,37.58,0
58,99,8556.87,2000.00,0,75,-100.86,-25.91,53.78,0
59,0,2000.00,7350.92,3,105,-60.38,7.49,39.92,0
59,1,2400.00,5600.00,1,100,-69.08,-3.36,0.00,0
59,2,7400.00,5129.02,3,98,-91.71,-26.46,50.03,0
59,3,6275.86,3000.00,0,86,-75.39,-4.91,50.93,0
59,4,8387.44,4200.00,0,99,-77.96,-1.20,54.70,0
59,5,7800.00,3600.00,1,93,-47.39,27.61,0.00,0
59,6,4400.00,3000.00,1,85,-44.32,29.34,0.00,0
59,7,5000.00,3692.32,1,91,-81.37,-16.13,21.26,0
59,8,4413.96,5600.00,0,96,-72.08,-14.79,43.49,0
59,9,1800.00,3779.84,1,2,-104.00,-41.39,32.84,0
59,10,3000.00,6000.00,1,101,-67.06,-7.65,0.00,0
59,11,4200.00,2409.25,1,85,-69.13,-2.57,43.16,0
59,12,7142.35,5600.00,0,64,-92.42,-24.84,22.78,0
59,13,2200.00,6200.00,2,100,-45.94,17.85,0.00,0
59,14,6680.75,4800.00,2,98,-78.61,-21.37,21.89,0
59,15,8400.00,4894.82,3,99,-47.12,20.97,57.73,0
59,16,4200.00,2000.00,1,30,-69.05,-4.14,0.00,0
59,17,3542.02,4600.00,0,95,-79.65,-12.26,22.72,0
59,18,8000.00,3000.00,2,88,-41.66,30.66,0.00,0
59,19,5200.00,6600.00,3,102,-66.29,-10.84,0.00,0
59,20,6200.00,7494.68,1,108,-77.73,-13.84,45.44,0
59,21,5000.00,4000.00,2,91,-60.64,4.38,0.00,0
59,22,1047.34,5800.00,2,5,-102.29,-50.13,22.87,1
59,23,5800.00,2000.00,0,45,-91.80,-25.49,0.00,0
59,24,5600.00,6887.60,1,108,-79.64,-14.18,56.90,0
59,25,1200.00,6771.38,1,5,-113.65,-42.01,46.91,0
59,26,1800.00,5987.21,3,12,-102.42,-37.38,24.32,0
59,27,1361.22,2200.00,0,0,-89.35,-21.87,37.28,0
59,28,4620.78,6000.00,2,102,-59.31,5.62,47.79,0
59,29,5400.00,6167.16,3,102,-55.03,8.51,42.99,0
59,30,1578.86,7600.00,0,105,-73.00,-2.57,28.35,0
59,31,1600.00,2400.00,2,83,-71.86,-4.69,0.00,0
59,32,7600.00,7345.85,1,110,-68.52,-3.07,37.43,0
59,33,8305.12,2400.00,0,88,-89.69,-14.21,36.01,0
59,34,6600.00,5086.44,3,98,-69.55,-3.18,57.89,0
59,35,3000.00,7310.08,1,106,-37.50,39.19,36.26,0
59,36,7000.00,5400.00,3,98,-90.03,-28.52,0.00,0
59,37,3800.00,3600.00,2,90,-70.17,-17.37,0.00,0
59,38,2400.00,7953.56,1,22,-104.82,-33.49,52.65,0
59,39,1200.00,6200.00,1,5,-83.64,-14.33,0.00,0
59,40,1600.00,5148.48,1,94,-46.78,26.66,46.72,0
59,41,3000.00,4015.02,1,89,-77.30,-9.37,24.57,0
59,42,2800.00,6910.95,3,106,-76.48,-5.11,31.20,0
59,43,2800.00,4070.75,1,89,-101.50,-45.46,56.60,0
59,44,3600.00,7800.00,2,29,-124.96,-60.39,0.00,0
59,45,7434.89,6400.00,2,104,-80.97,-16.54,33.08,0
59,46,7400.00,6800.00,3,109,-85.50,-20.81,0.00,0
59,47,1800.00,6244.85,3,12,-104.26,-37.94,32.50,0
59,48,8400.00,4239.53,1,70,-126.99,-58.60,24.99,0
59,49,5600.00,7000.00,2,108,-48.86,17.82,0.00,0
59,50,8291.45,7400.00,0,110,-54.10,13.25,26.21,0
59,51,3886.81,7800.00,0,29,-98.69,-43.47,50.80,0
59,52,3400.00,3600.00,2,90,-100.11,-34.13,0.00,0
59,53,2984.77,4600.00,2,95,-79.68,-16.70,18.27,0
59,54,6174.93,3400.00,0,92,-76.13,-11.21,38.17,0
59,55,3800.00,2000.00,0,85,-79.41,-13.40,0.00,0
59,56,1800.00,4797.44,1,94,-55.75,7.56,38.15,0
59,57,3400.00,4703.57,3,95,-78.36,-1.25,21.56,0
59,58,1345.67,2800.00,2,83,-88.01,-12.58,55.49,0
59,59,5075.22,5200.00,0,97,-68.81,1.08,25.79,0
59,60,1600.00,5645.23,1,4,-112.53,-64.46,56.24,0
59,61,8600.00,4692.10,1,99,-56.06,19.08,35.79,0
59,62,5800.00,6000.00,3,103,-38.33,26.28,0.00,0
59,63,7000.00,7600.00,1,109,-56.25,20.42,0.00,0
59,64,1200.00,2351.25,1,0,-131.20,-68.05,40.33,0
59,65,4200.00,5488.85,1,96,-76.98,-20.78,26.07,1
59,66,5107.91,7800.00,0,44,-99.33,-38.22,56.85,0
59,67,1600.00,2600.00,3,83,-67.10,7.39,0.00,0
59,68,5767.45,3200.00,2,86,-67.65,-6.83,29.38,0
59,69,8251.56,8000.00,0,82,-100.38,-35.93,25.20,1
59,70,7600.00,6037.45,1,104,-51.96,12.22,24.78,0
59,71,3116.44,5200.00,0,95,-75.76,-9.66,36.58,0
59,72,5600.00,6400.00,2,108,-81.85,-11.79,0.00,0
59,73,5758.17,2200.00,2,86,-100.59,-36.00,25.23,0
59,74,2324.74,4800.00,2,18,-95.36,-20.56,25.80,1
59,75,2866.39,6800.00,2,106,-75.50,-11.59,45.81,0
59,76,6299.89,6000.00,0,103,-48.69,-2.26,21.79,0
59,77,9000.00,5430.45,1,79,-105.40,-46.65,39.08,0
59,78,5600.00,5600.00,3,49,-101.37,-36.87,0.00,0
59,79,8600.00,3214.49,3,88,-72.29,0.16,23.43,1
59,80,4930.50,5200.00,0,41,-95.42,-35.34,31.73,1
59,81,4600.00,5471.70,3,96,-87.06,-24.49,27.17,0
59,82,7200.00,7400.00,3,109,-71.87,-5.62,0.00,0
59,83,9000.00,5974.84,1,80,-104.45,-31.26,47.35,0
59,84,5281.69,5800.00,2,102,-59.27,9.13,21.84,0
59,85,7000.00,7600.00,0,109,-106.28,-30.47,0.00,0
59,86,6200.00,7923.88,1,59,-102.97,-34.72,26.80,1
59,87,5796.34,2800.00,2,86,-48.58,16.03,54.31,0
59,88,7000.00,6000.00,2,57,-111.46,-48.69,0.00,0
59,89,4400.00,2856.70,1,85,-80.55,-15.74,35.02,0
59,90,6800.00,8000.00,3,109,-70.26,4.76,0.00,0
59,91,6487.48,4600.00,2,98,-75.01,-10.49,57.70,0
59,92,4600.00,7958.04,3,44,-108.80,-43.31,20.02,1
59,93,2802.17,4800.00,2,95,-38.99,28.22,43.48,0
59,94,6800.00,6227.14,3,103,-84.83,-19.73,59.26,0
59,95,3600.00,3273.20,1,24,-91.04,-38.18,30.69,0
59,96,2400.00,7465.48,1,14,-84.89,-11.70,30.19,0
59,97,2400.00,3000.00,2,84,-60.67,2.32,0.00,0
59,98,2000.00,3620.66,3,89,-73.80,-11.33,37.58,0
59,99,8601.68,2000.00,0,75,-115.45,-46.22,53.78,0
60,0,2000.00,7317.65,3,105,-45.41,16.06,39.92,0
60,1,2400.00,5600.00,1,100,-69.08,-3.36,0.00,0
60,2,7400.00,5087.33,3,98,-70.76,-6.69,50.03,0
60,3,6318.30,3000.00,0,86,-77.70,-12.75,50.93,0
60,4,8366.98,4200.00,2,99,-75.88,-15.64,54.70,0
60,5,7800.00,3600.00,1,93,-47.39,27.61,0.00,0
60,6,4400.00,3000.00,1,85,-44.32,29.34,0.00,0
60,7,5000.00,3710.03,1,91,-89.56,-18.23,21.26,0
60,8,4450.19,5600.00,0,96,-68.08,-7.31,43.49,0
60,9,1800.00,3800.00,0,9,-123.77,-66.77,0.00,1
60,10,3000.00,6017.45,1,101,-58.27,-5.57,20.95,0
60,11,4200.00,2445.21,1,85,-80.78,-9.89,43.16,0
60,12,7161.33,5600.00,0,64,-104.82,-34.81,22.78,0
60,13,2200.00,6200.00,2,100,-45.94,17.85,0.00,0
60,14,6662.51,4800.00,2,56,-78.16,-14.36,21.89,1
60,15,8400.00,4846.71,3,99,-59.54,9.38,57.73,0
60,16,4200.00,2000.00,1,30,-69.05,-4.14,0.00,0
60,17,3560.96,4600.00,0,95,-82.69,-23.83,22.72,0
60,18,8000.00,3000.00,2,88,-41.66,30.66,0.00,0
60,19,5200.00,6600.00,3,102,-66.29,-10.84,0.00,0
60,20,6200.00,7532.55,1,108,-81.52,-19.77,45.44,0
60,21,5000.00,4000.00,2,91,-60.64,4.38,0.00,0
60,22,1028.28,5800.00,2,4,-95.32,-40.03,22.87,1
60,23,5800.00,2000.00,0,45,-91.80,-25.49,0.00,0
60,24,5600.00,6935.02,1,108,-78.92,-18.77,56.90,0
60,25,1210.48,6800.00,0,6,-103.32,-36.71,46.91,1
60,26,1800.00,5966.94,3,12,-96.42,-33.23,24.32,0
60,27,1392.29,2200.00,0,0,-84.08,-18.33,37.28,0
60,28,4619.04,6000.00,0,102,-94.24,-27.21,47.79,0
60,29,5400.00,6131.34,3,102,-68.57,-1.67,42.99,0
60,30,1600.00,7600.00,1,105,-65.18,0.98,0.00,0
60,31,1600.00,2400.00,2,83,-71.86,-4.69,0.00,0
60,32,7600.00,7377.05,1,110,-91.10,-22.55,37.43,0
60,33,8335.12,2400.00,0,88,-89.69,-35.06,36.01,0
60,34,6600.00,5038.20,3,98,-66.15,-4.96,57.89,0
60,35,3000.00,7340.30,1,106,-46.07,24.21,36.26,0
60,36,7000.00,5400.00,3,98,-90.03,-28.52,0.00,0
60,37,3800.00,3600.00,2,90,-70.17,-17.37,0.00,0
60,38,2400.00,7997.44,1,22,-117.44,-51.28,52.65,0
60,39,1200.00,6200.00,1,5,-83.64,-14.33,0.00,0
60,40,1600.00,5187.41,1,94,-53.63,12.85,46.72,0
60,41,3000.00,4035.50,1,89,-77.26,-13.78,24.57,0
60,42,2800.00,6884.95,3,106,-78.59,-9.27,31.20,0
60,43,2800.00,4117.91,1,89,-101.79,-42.76,56.60,0
60,44,3600.00,7800.00,2,29,-124.96,-60.39,0.00,0
60,45,7407.33,6400.00,2,104,-95.88,-30.47,33.08,0
60,46,7400.00,6800.00,3,109,-85.50,-20.81,0.00,0
60,47,1800.00,6217.77,3,12,-101.43,-43.75,32.50,0
60,48,8400.00,4260.36,1,70,-126.33,-62.05,24.99,0
60,49,5600.00,7000.00,2,108,-48.86,17.82,0.00,0
60,50,8313.29,7400.00,0,110,-60.73,3.93,26.21,0
60,51,3929.14,7800.00,0,29,-102.09,-38.53,50.80,0
60,52,3382.63,3600.00,2,90,-86.14,-12.04,20.85,0
60,53,2954.32,4600.00,2,95,-74.64,-16.20,36.54,0
60,54,6200.00,3393.26,3,92,-65.74,-1.83,38.17,0
60,55,3800.00,2000.00,0,85,-79.41,-13.40,0.00,0
60,56,1800.00,4829.24,1,94,-72.19,3.14,38.15,0
60,57,3400.00,4685.61,3,95,-83.74,-8.44,21.56,0
60,58,1299.43,2800.00,2,83,-80.80,-5.46,55.49,0
60,59,5096.71,5200.00,0,97,-63.07,-6.69,25.79,0
60,60,1600.00,5692.10,1,12,-92.63,-26.79,56.24,1
60,61,8600.00,4721.92,1,99,-65.59,9.08,35.79,0
60,62,5800.00,6000.00,3,103,-38.33,26.28,0.00,0
60,63,7000.00,7600.00,1,109,-56.25,20.42,0.00,0
60,64,1200.00,2384.87,1,1,-128.18,-50.96,40.33,1
60,65,4200.00,5510.57,1,96,-61.41,-3.21,26.07,0
60,66,5155.29,7800.00,0,44,-107.76,-40.09,56.85,0
60,67,1600.00,2600.00,3,83,-67.10,7.39,0.00,0
60,68,5742.97,3200.00,2,86,-71.99,-11.62,29.38,0
60,69,8272.56,8000.00,0,82,-97.30,-36.27,25.20,0
60,70,7600.00,6058.10,1,104,-51.93,15.47,24.78,0
60,71,3146.93,5200.00,0,95,-65.00,2.15,36.58,0
60,72,5585.02,6400.00,2,108,-102.88,-36.37,17.97,0
60,73,5737.14,2200.00,2,86,-94.76,-36.99,25.23,0
60,74,2303.23,4800.00,2,94,-87.52,-14.10,25.80,1
60,75,2828.21,6800.00,2,106,-92.10,-27.75,45.81,0
60,76,6318.05,6000.00,0,103,-56.56,5.31,21.79,0
60,77,9000.00,5463.02,1,79,-110.54,-57.93,39.08,0
60,78,5600.00,5600.00,3,49,-101.37,-36.87,0.00,0
60,79,8600.00,3205.04,1,88,-105.20,-34.66,23.43,0
60,80,4956.94,5200.00,0,41,-102.88,-40.75,31.73,0
60,81,4600.00,5449.06,3,96,-71.30,-7.58,27.17,0
60,82,7200.00,7400.00,3,109,-71.87,-5.62,0.00,0
60,83,8985.71,6000.00,2,80,-89.10,-16.06,47.35,0
60,84,5263.49,5800.00,2,102,-62.86,2.76,21.84,0
60,85,7000.00,7600.00,0,109,-106.28,-30.47,0.00,0
60,86,6200.00,7946.22,1,59,-99.35,-31.88,26.80,0
60,87,5751.08,2800.00,2,86,-65.76,-2.77,54.31,0
60,88,7000.00,6000.00,2,57,-111.46,-48.69,0.00,0
60,89,4400.00,2885.89,1,85,-60.50,8.13,35.02,0
60,90,6800.00,8000.00,3,109,-70.26,4.76,0.00,0
60,91,6439.40,4600.00,2,98,-89.89,-35.31,57.70,0
60,92,4600.00,7941.35,3,44,-106.31,-46.30,20.02,0
60,93,2765.93,4800.00,2,95,-72.17,-14.57,43.48,0
60,94,6800.00,6222.24,1,103,-74.47,-5.15,59.26,0
60,95,3600.00,3298.78,1,24,-87.32,-27.85,30.69,0
60,96,2400.00,7490.65,1,14,-102.55,-33.45,30.19,0
60,97,2400.00,3000.00,2,84,-60.67,2.32,0.00,0
60,98,2000.00,3600.00,2,89,-72.39,-3.94,0.00,0
60,99,8646.50,2000.00,0,75,-99.24,-36.72,53.78,0
61,0,2000.00,7284.39,3,105,-53.65,22.67,39.92,0
61,1,2400.00,5622.19,1,100,-59.51,4.32,26.63,0
61,2,7400.00,5045.64,3,98,-87.88,-26.84,50.03,0
61,3,6360.74,3000.00,0,86,-69.28,3.45,50.93,0
61,4,8321.40,4200.00,2,99,-97.16,-33.83,54.70,0
61,5,7800.00,3600.00,1,93,-47.39,27.61,0.00,0
61,6,4400.00,3000.00,1,85,-44.32,29.34,0.00,0
61,7,5000.00,3727.75,1,91,-58.55,-1.13,21.26,0
61,8,4486.43,5600.00,0,96,-90.27,-24.63,43.49,0
61,9,1800.00,3800.00,0,10,-108.96,-51.96,0.00,1
61,10,3000.00,6052.36,1,101,-68.78,-9.36,41.89,0
61,11,4200.00,2481.18,1,85,-87.91,-20.82,43.16,0
61,12,7180.31,5600.00,0,64,-95.57,-24.40,22.78,0
61,13,2200.00,6200.00,2,100,-45.94,17.85,0.00,0
61,14,6644.27,4800.00,2,56,-73.59,-10.25,21.89,0
61,15,8400.00,4800.00,2,99,-59.53,9.75,0.00,0
61,16,4200.00,2000.00,1,30,-69.05,-4.14,0.00,0
61,17,3579.89,4600.00,0,95,-92.69,-27.71,22.72,0
61,18,8000.00,3000.00,2,88,-41.66,30.66,0.00,0
61,19,5200.00,6600.00,3,102,-66.29,-10.84,0.00,0
61,20,6200.00,7570.42,1,108,-57.56,6.05,45.44,0
61,21,5000.00,4000.00,2,91,-60.64,4.38,0.00,0
61,22,1009.22,5800.00,2,4,-98.51,-34.22,22.87,0
61,23,5800.00,2000.00,0,45,-91.80,-25.49,0.00,0
61,24,5600.00,6982.44,1,108,-93.84,-28.65,56.90,0
61,25,1249.57,6800.00,0,6,-96.74,-29.04,46.91,0
61,26,1800.00,5946.67,3,12,-93.89,-31.12,24.32,0
61,27,1400.00,2200.00,2,0,-108.28,-33.33,0.00,0
61,28,4658.87,6000.00,0,102,-68.15,-5.65,47.79,0
61,29,5400.00,6095.52,3,102,-64.62,-3.04,42.99,0
61,30,1600.00,7600.00,1,105,-65.18,0.98,0.00,0
61,31,1600.00,2400.00,2,83,-71.86,-4.69,0.00,0
61,32,7600.00,7400.00,0,110,-70.79,-5.26,0.00,0
61,33,8365.13,2400.00,0,88,-92.32,-21.16,36.01,0
61,34,6600.00,4989.96,3,98,-91.19,-35.64,57.89,0
61,35,3000.00,7370.52,1,106,-52.20,12.75,36.26,0
61,36,7000.00,5400.00,3,98,-90.03,-28.52,0.00,0
61,37,3800.00,3600.00,2,90,-70.17,-17.37,0.00,0
61,38,2358.69,8000.00,2,22,-110.40,-45.77,52.65,0
61,39,1200.00,6221.47,1,5,-93.04,-20.31,25.77,0
61,40,1600.00,5200.00,3,94,-56.08,-6.29,0.00,0
61,41,3000.00,4055.98,1,89,-76.42,-2.95,24.57,0
61,42,2800.00,6858.95,3,106,-81.13,-11.45,31.20,0
61,43,2800.00,4165.08,1,89,-70.23,-5.32,56.60,0
61,44,3600.00,7800.00,2,29,-124.96,-60.39,0.00,0
61,45,7400.00,6379.76,3,104,-78.97,-14.15,33.08,0
61,46,7400.00,6783.24,3,109,-87.32,-30.50,20.12,0
61,47,1809.31,6200.00,0,100,-74.16,-7.04,32.50,1
61,48,8400.00,4281.19,1,70,-108.79,-36.20,24.99,0
61,49,5600.00,7000.00,2,108,-48.86,17.82,0.00,0
61,50,8335.13,7400.00,0,110,-69.65,-3.13,26.21,0
61,51,3971.47,7800.00,0,37,-110.04,-36.79,50.80,1
61,52,3347.88,3600.00,2,90,-76.16,-1.08,41.70,0
61,53,2923.86,4600.00,2,95,-60.60,1.96,36.54,0
61,54,6200.00,3361.45,3,92,-66.23,-12.38,38.17,0
61,55,3800.00,2000.00,0,85,-79.41,-13.40,0.00,0
61,56,1800.00,4861.03,1,94,-80.15,-9.26,38.15,0
61,57,3400.00,4667.64,3,95,-67.17,1.85,21.56,0
61,58,1253.18,2800.00,2,83,-65.55,-4.70,55.49,0
61,59,5118.20,5200.00,0,97,-67.40,4.62,25.79,0
61,60,1600.00,5738.96,1,4,-116.19,-40.48,56.24,1
61,61,8600.00,4751.75,1,99,-88.52,-19.02,35.79,0
61,62,5800.00,6000.00,3,103,-38.33,26.28,0.00,0
61,63,7000.00,7600.00,1,109,-56.25,20.42,0.00,0
61,64,1200.00,2381.52,3,1,-109.04,-34.19,40.33,0
61,65,4200.00,5532.30,1,96,-66.75,-4.09,26.07,0
61,66,5202.66,7800.00,0,44,-114.01,-53.41,56.85,0
61,67,1600.00,2600.00,3,83,-67.10,7.39,0.00,0
61,68,5718.49,3200.00,2,86,-71.97,-11.91,29.38,0
61,69,8293.57,8000.00,0,82,-97.85,-35.87,25.20,0
61,70,7600.00,6078.74,1,104,-57.08,-3.03,24.78,0
61,71,3177.41,5200.00,0,95,-75.30,-6.76,36.58,0
61,72,5555.07,6400.00,2,108,-87.71,-23.08,35.94,0
61,73,5716.12,2200.00,2,86,-77.68,-18.71,25.23,0
61,74,2281.73,4800.00,2,94,-94.83,-20.54,25.80,0
61,75,2800.00,6790.04,3,106,-66.75,-3.20,45.81,0
61,76,6336.21,6000.00,0,103,-42.00,19.64,21.79,0
61,77,9000.00,5495.59,1,79,-95.94,-27.82,39.08,0
61,78,5600.00,5600.00,3,49,-101.37,-36.87,0.00,0
61,79,8600.00,3224.56,1,88,-85.89,-18.60,23.43,0
61,80,4983.38,5200.00,0,41,-97.61,-33.09,31.73,0
61,81,4600.00,5426.42,3,96,-78.75,-23.04,27.17,0
61,82,7200.00,7400.00,3,109,-71.87,-5.62,0.00,0
61,83,8946.25,6000.00,2,80,-126.16,-63.62,47.35,0
61,84,5245.29,5800.00,2,102,-81.73,-23.26,21.84,0
61,85,7000.00,7600.00,0,109,-106.28,-30.47,0.00,0
61,86,6200.00,7968.56,1,59,-100.09,-31.22,26.80,0
61,87,5705.82,2800.00,2,86,-38.63,32.80,54.31,0
61,88,6975.69,6000.00,2,65,-112.44,-41.82,29.17,1
61,89,4400.00,2915.08,1,85,-61.07,-0.73,35.02,0
61,90,6800.00,8000.00,3,109,-70.26,4.76,0.00,0
61,91,6408.68,4600.00,0,98,-80.84,-27.33,57.70,0
61,92,4600.00,7924.67,3,37,-101.64,-41.84,20.02,1
61,93,2729.70,4800.00,2,95,-48.68,16.67,43.48,0
61,94,6800.00,6271.63,1,103,-43.76,17.05,59.26,0
61,95,3600.00,3324.36,1,90,-77.95,-20.14,30.69,1
61,96,2400.00,7515.81,1,14,-98.88,-45.57,30.19,0
61,97,2400.00,3000.00,2,84,-60.67,2.32,0.00,0
61,98,2000.00,3600.00,2,89,-72.39,-3.94,0.00,0
61,99,8691.32,2000.00,0,75,-92.18,-30.30,53.78,0
62,0,2000.00,7251.12,3,105,-59.86,12.78,39.92,0
62,1,2400.00,5666.57,1,100,-75.74,-15.03,53.25,0
62,2,7400.00,5003.95,3,98,-75.36,-6.67,50.03,0
62,3,6396.82,3000.00,2,86,-67.15,0.70,50.93,0
62,4,8275.82,4200.00,2,99,-76.15,-12.91,54.70,0
62,5,7800.00,3600.00,1,93,-47.39,27.61,0.00,0
62,6,4400.00,3000.00,1,85,-44.32,29.34,0.00,0
62,7,5000.00,3745.46,1,91,-50.79,18.66,21.26,0
62,8,4522.67,5600.00,0,96,-81.16,-9.82,43.49,0
62,9,1800.00,3800.00,0,10,-108.96,-51.96,0.00,0
62,10,3000.00,6087.27,1,101,-59.32,4.76,41.89,0
62,11,4200.00,2517.15,1,85,-75.93,-6.53,43.16,0
62,12,7199.29,5600.00,0,64,-108.60,-50.25,22.78,0
62,13,2200.00,6200.00,2,100,-45.94,17.85,0.00,0
62,14,6626.02,4800.00,2,98,-61.89,0.05,21.89,1
62,15,8400.00,4800.00,2,99,-59.53,9.75,0.00,0
62,16,4200.00,2016.22,1,30,-65.66,3.47,19.47,0
62,17,3598.83,4600.00,0,95,-81.04,-17.95,22.72,0
62,18,8000.00,3000.00,2,88,-41.66,30.66,0.00,0
62,19,5200.00,6600.00,3,102,-66.29,-10.84,0.00,0
62,20,6200.00,7591.71,3,108,-109.81,-63.14,45.44,0
62,21,5000.00,4000.00,2,91,-60.64,4.38,0.00,0
62,22,1000.00,5790.16,3,4,-119.28,-44.37,22.87,0
62,23,5800.00,2000.00,0,45,-91.80,-25.49,0.00,0
62,24,5570.14,7000.00,2,108,-70.65,-18.14,56.90,0
62,25,1288.66,6800.00,0,5,-106.12,-34.58,46.91,1
62,26,1800.00,5926.41,3,12,-94.98,-39.27,24.32,0
62,27,1400.00,2200.00,2,0,-108.28,-33.33,0.00,0
62,28,4698.70,6000.00,0,102,-79.39,-17.41,47.79,0
62,29,5400.00,6059.69,3,102,-89.81,-31.07,42.99,0
62,30,1600.00,7600.00,1,105,-65.18,0.98,0.00,0
62,31,1600.00,2400.00,2,83,-71.86,-4.69,0.00,0
62,32,7600.00,7400.00,0,110,-70.79,-5.26,0.00,0
62,33,8395.13,2400.00,0,88,-92.90,-24.70,36.01,0
62,34,6600.00,4941.73,3,98,-61.74,-0.16,57.89,0
62,35,3000.00,7400.00,0,106,-65.67,5.83,0.00,0
62,36,7000.00,5400.00,3,98,-90.03,-28.52,0.00,0
62,37,3800.00,3600.00,2,90,-70.17,-17.37,0.00,0
62,38,2314.81,8000.00,2,22,-114.86,-60.95,52.65,0
62,39,1200.00,6264.42,1,5,-74.19,-1.10,51.54,0
62,40,1600.00,5200.00,3,94,-56.08,-6.29,0.00,0
62,41,3000.00,4076.46,1,89,-94.85,-26.46,24.57,0
62,42,2800.00,6832.95,3,106,-98.84,-37.20,31.20,0
62,43,2800.00,4187.76,3,89,-99.00,-29.23,56.60,0
62,44,3600.00,7800.00,2,29,-124.96,-60.39,0.00,0
62,45,7400.00,6352.20,3,104,-81.13,-14.49,33.08,0
62,46,7400.00,6749.71,3,109,-96.39,-23.87,40.23,0
62,47,1836.39,6200.00,0,100,-60.03,12.27,32.50,0
62,48,8400.00,4302.02,1,70,-106.44,-41.90,24.99,0
62,49,5600.00,7000.00,2,108,-48.86,17.82,0.00,0
62,50,8356.98,7400.00,0,110,-77.81,-5.15,26.21,0
62,51,4000.00,7786.20,3,37,-123.85,-56.27,50.80,0
62,52,3313.13,3600.00,2,90,-75.26,-7.62,41.70,0
62,53,2893.41,4600.00,2,95,-43.68,9.19,36.54,0
62,54,6200.00,3329.65,3,92,-70.74,-10.03,38.17,0
62,55,3800.00,2000.00,0,85,-79.41,-13.40,0.00,0
62,56,1800.00,4892.83,1,94,-88.27,-22.88,38.15,0
62,57,3400.00,4649.68,3,95,-74.35,-8.85,21.56,0
62,58,1206.94,2800.00,2,83,-78.66,-6.00,55.49,0
62,59,5139.69,5200.00,0,97,-62.34,2.19,25.79,0
62,60,1600.00,5785.83,1,12,-121.84,-66.69,56.24,1
62,61,8600.00,4781.57,1,99,-80.41,-8.51,35.79,0
62,62,5800.00,6000.00,3,103,-38.33,26.28,0.00,0
62,63,7000.00,7600.00,1,109,-56.25,20.42,0.00,0
62,64,1200.00,2347.91,3,1,-124.41,-47.33,40.33,0
62,65,4200.00,5554.03,1,96,-77.26,-11.34,26.07,0
62,66,5250.03,7800.00,0,44,-112.81,-46.84,56.85,0
62,67,1600.00,2600.00,3,83,-67.10,7.39,0.00,0
62,68,5694.01,3200.00,2,86,-82.59,-27.86,29.38,0
62,69,8314.57,8000.00,0,74,-92.52,-33.67,25.20,1
62,70,7600.00,6099.39,1,104,-56.18,8.86,24.78,0
62,71,3200.00,5192.10,3,95,-76.98,-10.81,36.58,0
62,72,5525.12,6400.00,2,108,-69.92,-9.45,35.94,0
62,73,5695.09,2200.00,2,86,-73.57,-2.17,25.23,0
62,74,2260.23,4800.00,2,94,-93.57,-22.34,25.80,0
62,75,2800.00,6751.86,3,106,-65.09,-1.76,45.81,0
62,76,6354.37,6000.00,0,103,-39.88,17.84,21.79,0
62,77,9000.00,5528.15,1,79,-89.13,-17.91,39.08,0
62,78,5600.00,5600.00,3,49,-101.37,-36.87,0.00,0
62,79,8600.00,3244.09,1,88,-93.03,-23.02,23.43,0
62,80,5000.00,5190.18,3,41,-105.78,-41.25,31.73,0
62,81,4600.00,5403.78,3,96,-75.84,-13.04,27.17,0
62,82,7200.00,7400.00,3,109,-71.87,-5.62,0.00,0
62,83,8906.79,6000.00,2,80,-113.84,-57.29,47.35,0
62,84,5227.09,5800.00,2,102,-60.77,0.59,21.84,0
62,85,7000.00,7600.00,0,109,-106.28,-30.47,0.00,0
62,86,6200.00,7990.89,1,59,-104.48,-34.62,26.80,0
62,87,5660.56,2800.00,2,86,-48.84,19.13,54.31,0
62,88,6927.08,6000.00,2,65,-118.07,-58.18,58.34,0
62,89,4400.00,2944.26,1,85,-69.50,-8.94,35.02,0
62,90,6800.00,8000.00,3,109,-70.26,4.76,0.00,0
62,91,6456.76,4600.00,0,98,-88.71,-25.14,57.70,0
62,92,4600.00,7907.98,3,37,-103.50,-38.60,20.02,0
62,93,2693.47,4800.00,2,95,-71.17,-1.61,43.48,0
62,94,6800.00,6321.02,1,103,-80.06,-16.31,59.26,0
62,95,3600.00,3349.93,1,90,-75.95,-22.54,30.69,0
62,96,2400.00,7540.97,1,14,-98.05,-39.67,30.19,0
62,97,2400.00,3000.00,2,84,-60.67,2.32,0.00,0
62,98,2000.00,3600.00,2,89,-72.39,-3.94,0.00,0
62,99,8736.14,2000.00,0,75,-78.62,-8.02,53.78,0
63,0,2000.00,7217.86,3,105,-63.31,-4.04,39.92,0
63,1,2400.00,5710.95,1,100,-90.38,-20.18,53.25,0
63,2,7400.00,4962.26,3,98,-63.76,-10.84,50.03,0
63,3,6354.38,3000.00,2,86,-95.89,-33.96,50.93,0
63,4,8230.24,4200.00,2,99,-72.31,-4.57,54.70,0
63,5,7800.00,3600.00,1,93,-47.39,27.61,0.00,0
63,6,4400.00,3000.00,1,85,-44.32,29.34,0.00,0
63,7,5000.00,3763.18,1,91,-29.09,32.82,21.26,0
63,8,4558.91,5600.00,0,96,-98.77,-53.66,43.49,0
63,9,1800.00,3800.00,0,10,-108.96,-51.96,0.00,0
63,10,3000.00,6122.18,1,101,-62.32,7.65,41.89,0
63,11,4200.00,2553.11,1,85,-93.29,-41.20,43.16,0
63,12,7218.26,5600.00,0,64,-109.00,-62.31,22.78,0
63,13,2200.00,6200.00,2,100,-45.94,17.85,0.00,0
63,14,6607.78,4800.00,2,98,-73.91,-6.96,21.89,0
63,15,8400.00,4800.00,2,99,-59.53,9.75,0.00,0
63,16,4200.00,2048.67,1,30,-72.97,0.17,38.94,0
63,17,3582.24,4600.00,2,95,-93.08,-37.18,22.72,0
63,18,8000.00,3000.00,2,88,-41.66,30.66,0.00,0
63,19,5200.00,6600.00,3,102,-66.29,-10.84,0.00,0
63,20,6200.00,7553.84,3,108,-85.93,-37.38,45.44,0
63,21,5000.00,4000.00,2,91,-60.64,4.38,0.00,0
63,22,1000.00,5771.09,3,5,-105.32,-38.63,22.87,1
63,23,5800.00,2000.00,0,45,-91.80,-25.49,0.00,0
63,24,5522.72,7000.00,2,108,-47.20,23.17,56.90,0
63,25,1327.76,6800.00,0,5,-107.59,-43.24,46.91,0
63,26,1800.00,5906.14,3,12,-106.23,-43.44,24.32,0
63,27,1400.00,2200.00,2,0,-108.28,-33.33,0.00,0
63,28,4738.52,6000.00,0,102,-79.17,-16.29,47.79,0
63,29,5400.00,6023.87,3,102,-89.68,-26.88,42.99,0
63,30,1600.00,7600.00,1,105,-65.18,0.98,0.00,0
63,31,1600.00,2400.00,2,83,-71.86,-4.69,0.00,0
63,32,7600.00,7400.00,0,110,-70.79,-5.26,0.00,0
63,33,8400.00,2400.00,1,88,-59.83,18.65,0.00,0
63,34,6600.00,4893.49,3,98,-54.06,6.06,57.89,0
63,35,3000.00,7400.00,0,106,-65.67,5.83,0.00,0
63,36,7000.00,5386.12,3,98,-87.30,-25.60,16.65,0
63,37,3800.00,3600.00,2,90,-70.17,-17.37,0.00,0
63,38,2270.93,8000.00,2,22,-113.03,-53.26,52.65,0
63,39,1200.00,6307.37,1,5,-81.40,-12.12,51.54,0
63,40,1600.00,5200.00,3,94,-56.08,-6.29,0.00,0
63,41,3000.00,4096.94,1,89,-96.10,-28.63,24.57,0
63,42,2800.00,6806.95,3,106,-98.00,-30.07,31.20,0
63,43,2800.00,4140.60,3,89,-75.63,-13.62,56.60,0
63,44,3600.00,7800.00,2,29,-124.96,-60.39,0.00,0
63,45,7400.00,6324.63,3,104,-69.79,-5.64,33.08,0
63,46,7400.00,6716.18,3,109,-70.66,-12.29,40.23,0
63,47,1863.47,6200.00,0,100,-61.68,14.00,32.50,0
63,48,8400.00,4322.85,1,70,-108.10,-46.82,24.99,0
63,49,5600.00,7000.00,2,108,-48.86,17.82,0.00,0
63,50,8378.82,7400.00,0,110,-79.00,-4.56,26.21,0
63,51,4000.00,7743.87,3,29,-105.89,-40.04,50.80,1
63,52,3278.38,3600.00,2,90,-77.94,-14.66,41.70,0
63,53,2862.96,4600.00,2,95,-73.12,-6.22,36.54,0
63,54,6200.00,3297.84,3,92,-62.28,7.63,38.17,0
63,55,3815.98,2000.00,0,30,-83.65,-8.72,19.18,1
63,56,1800.00,4924.62,1,94,-62.80,2.50,38.15,0
63,57,3400.00,4631.71,3,95,-62.70,3.44,21.56,0
63,58,1200.00,2760.70,3,83,-85.46,-13.98,55.49,0
63,59,5161.18,5200.00,0,97,-64.83,-6.16,25.79,0
63,60,1600.00,5767.30,3,12,-100.04,-30.90,56.24,0
63,61,8600.00,4800.00,0,99,-78.52,-15.84,0.00,0
63,62,5800.00,6000.00,3,103,-38.33,26.28,0.00,0
63,63,7000.00,7600.00,1,109,-56.25,20.42,0.00,0
63,64,1200.00,2314.30,3,0,-117.72,-46.49,40.33,1
63,65,4200.00,5575.75,1,96,-72.63,-10.05,26.07,0
63,66,5297.40,7800.00,0,44,-111.96,-45.60,56.85,0
63,67,1600.00,2581.76,3,83,-69.54,3.65,21.88,0
63,68,5669.53,3200.00,2,86,-74.39,-11.54,29.38,0
63,69,8335.57,8000.00,0,74,-96.38,-34.55,25.20,0
63,70,7600.00,6120.04,1,104,-56.91,12.08,24.78,0
63,71,3200.00,5161.61,3,26,-84.36,-14.13,36.58,1
63,72,5495.17,6400.00,2,108,-80.61,-13.47,35.94,0
63,73,5674.06,2200.00,2,86,-64.21,3.24,25.23,0
63,74,2238.72,4800.00,2,94,-95.80,-24.57,25.80,0
63,75,2800.00,6713.69,3,106,-59.34,12.30,45.81,0
63,76,6372.53,6000.00,0,103,-54.39,3.87,21.79,0
63,77,9000.00,5560.72,1,79,-100.18,-28.43,39.08,0
63,78,5600.00,5600.00,3,49,-101.37,-36.87,0.00,0
63,79,8600.00,3263.62,1,88,-100.42,-27.24,23.43,0
63,80,5000.00,5163.74,3,41,-88.82,-26.49,31.73,0
63,81,4581.13,5400.00,2,96,-98.30,-30.68,27.17,0
63,82,7200.00,7400.00,3,109,-71.87,-5.62,0.00,0
63,83,8867.34,6000.00,2,80,-117.90,-42.06,47.35,0
63,84,5208.89,5800.00,2,102,-68.20,-5.30,21.84,0
63,85,7000.00,7600.00,0,109,-106.28,-30.47,0.00,0
63,86,6186.77,8000.00,2,59,-116.91,-63.42,26.80,0
63,87,5615.30,2800.00,2,86,-64.09,-7.60,54.31,0
63,88,6878.46,6000.00,2,103,-59.73,0.02,58.34,1
63,89,4400.00,2973.45,1,85,-83.89,-17.24,35.02,0
63,90,6800.00,8000.00,3,109,-70.26,4.76,0.00,0
63,91,6504.84,4600.00,0,98,-85.14,-20.75,57.70,0
63,92,4600.00,7891.29,3,37,-98.45,-40.05,20.02,0
63,93,2657.24,4800.00,2,95,-63.38,8.36,43.48,0
63,94,6800.00,6370.41,1,103,-49.70,14.83,59.26,0
63,95,3600.00,3375.51,1,90,-65.06,-1.16,30.69,0
63,96,2400.00,7566.13,1,14,-108.35,-51.86,30.19,0
63,97,2400.00,3000.00,2,84,-60.67,2.32,0.00,0
63,98,2000.00,3600.00,2,89,-72.39,-3.94,0.00,0
63,99,8780.96,2000.00,0,75,-67.35,-1.92,53.78,0
64,0,2015.41,7200.00,0,105,-75.67,-4.68,39.92,0
64,1,2400.00,5755.33,1,100,-93.59,-28.44,53.25,0
64,2,7400.00,4920.57,3,98,-73.92,-8.00,50.03,0
64,3,6311.94,3000.00,2,86,-79.66,-6.25,50.93,0
64,4,8200.00,4200.00,0,99,-81.52,-21.78,0.00,0
64,5,7800.00,3613.57,1,93,-55.76,12.37,16.29,0
64,6,4400.00,3020.02,1,85,-54.70,9.92,24.02,0
64,7,5000.00,3780.90,1,91,-45.63,19.06,21.26,0
64,8,4595.14,5600.00,0,96,-102.94,-26.75,43.49,0
64,9,1800.00,3800.00,0,10,-108.96,-51.96,0.00,0
64,10,3000.00,6157.09,1,101,-49.08,21.12,41.89,0
64,11,4200.00,2589.08,1,85,-85.74,-13.74,43.16,0
64,12,7237.24,5600.00,0,64,-110.24,-56.14,22.78,0
64,13,2200.00,6200.00,2,100,-45.94,17.85,0.00,0
64,14,6610.46,4800.00,0,98,-75.61,-10.01,21.89,0
64,15,8400.00,4800.00,2,99,-59.53,9.75,0.00,0
64,16,4200.00,2081.12,1,30,-78.28,-16.11,38.94,0
64,17,3563.30,4600.00,2,95,-98.95,-38.41,22.72,0
64,18,8000.00,3000.00,2,88,-41.66,30.66,0.00,0
64,19,5200.00,6600.00,3,102,-66.29,-10.84,0.00,0
64,20,6200.00,7515.97,3,108,-77.19,-7.38,45.44,0
64,21,4984.37,4000.00,2,91,-53.24,8.58,18.75,0
64,22,1000.00,5752.03,3,5,-100.90,-28.42,22.87,0
64,23,5800.00,2000.00,0,45,-91.80,-25.49,0.00,0
64,24,5475.30,7000.00,2,108,-54.75,9.24,56.90,0
64,25,1366.85,6800.00,0,105,-68.17,-4.45,46.91,1
64,26,1800.00,5885.88,3,12,-107.60,-44.70,24.32,0
64,27,1400.00,2200.00,2,0,-108.28,-33.33,0.00,0
64,28,4778.35,6000.00,0,102,-77.59,-29.19,47.79,0
64,29,5388.05,6000.00,2,102,-76.05,-8.21,42.99,0
64,30,1600.00,7600.00,1,105,-65.18,0.98,0.00,0
64,31,1600.00,2400.00,2,83,-71.86,-4.69,0.00,0
64,32,7600.00,7400.00,0,110,-70.79,-5.26,0.00,0
64,33,8400.00,2400.00,1,88,-59.83,18.65,0.00,0
64,34,6600.00,4845.25,3,98,-54.75,9.48,57.89,0
64,35,3000.00,7400.00,0,106,-65.67,5.83,0.00,0
64,36,7000.00,5358.36,3,98,-52.99,16.00,33.31,0
64,37,3800.00,3600.00,2,90,-70.17,-17.37,0.00,0
64,38,2227.06,8000.00,2,22,-113.49,-62.05,52.65,0
64,39,1200.00,6350.32,1,5,-93.17,-30.70,51.54,0
64,40,1600.00,5200.00,3,94,-56.08,-6.29,0.00,0
64,41,3000.00,4117.41,1,89,-102.58,-41.97,24.57,0
64,42,2800.00,6800.00,0,106,-63.91,5.15,0.00,0
64,43,2800.00,4093.43,3,89,-103.14,-33.60,56.60,0
64,44,3600.00,7800.00,2,29,-124.96,-60.39,0.00,0
64,45,7400.00,6297.06,3,104,-62.43,-0.40,33.08,0
64,46,7400.00,6682.66,3,109,-64.54,-0.17,40.23,0
64,47,1890.55,6200.00,0,100,-81.51,-20.06,32.50,0
64,48,8400.00,4343.68,1,70,-104.68,-34.83,24.99,0
64,49,5600.00,7000.00,2,108,-48.86,17.82,0.00,0
64,50,8400.00,7400.00,1,110,-65.67,13.23,0.00,0
64,51,4000.00,7701.54,3,107,-73.57,-18.97,50.80,1
64,52,3243.63,3600.00,2,90,-87.02,-23.70,41.70,0
64,53,2832.50,4600.00,2,95,-59.38,-5.21,36.54,0
64,54,6200.00,3266.04,3,92,-66.92,3.84,38.17,0
64,55,3847.94,2000.00,0,30,-97.17,-30.56,38.35,0
64,56,1800.00,4956.42,1,94,-52.41,19.51,38.15,0
64,57,3400.00,4613.75,3,95,-73.92,-13.63,21.56,0
64,58,1200.00,2714.46,3,83,-91.24,-17.75,55.49,0
64,59,5182.67,5200.00,0,97,-81.41,-16.94,25.79,0
64,60,1600.00,5720.44,3,12,-110.67,-38.53,56.24,0
64,61,8600.00,4800.00,0,99,-78.52,-15.84,0.00,0
64,62,5800.00,6000.00,3,103,-38.33,26.28,0.00,0
64,63,7000.00,7600.00,1,109,-56.25,20.42,0.00,0
64,64,1200.00,2280.69,3,1,-101.85,-26.27,40.33,1
64,65,4200.00,5597.48,1,96,-93.23,-20.00,26.07,0
64,66,5344.77,7800.00,0,44,-105.32,-35.91,56.85,0
64,67,1600.00,2545.29,3,83,-92.67,-22.87,43.77,0
64,68,5645.05,3200.00,2,86,-83.52,-18.89,29.38,0
64,69,8356.57,8000.00,0,74,-108.52,-44.96,25.20,0
64,70,7600.00,6140.69,1,104,-68.72,0.73,24.78,0
64,71,3200.00,5131.12,3,95,-66.12,-0.24,36.58,1
64,72,5465.22,6400.00,2,108,-77.89,-14.41,35.94,0
64,73,5653.03,2200.00,2,86,-65.56,0.75,25.23,0
64,74,2217.22,4800.00,2,94,-74.10,-11.48,25.80,0
64,75,2800.00,6675.52,3,106,-55.03,9.87,45.81,0
64,76,6390.70,6000.00,0,103,-57.96,1.58,21.79,0
64,77,9000.00,5593.29,1,79,-112.27,-44.57,39.08,0
64,78,5600.00,5600.00,3,49,-101.37,-36.87,0.00,0
64,79,8600.00,3283.14,1,88,-112.92,-42.56,23.43,0
64,80,5000.00,5137.30,3,41,-86.71,-23.00,31.73,0
64,81,4558.49,5400.00,2,41,-100.25,-42.76,27.17,1
64,82,7200.00,7400.00,3,109,-71.87,-5.62,0.00,0
64,83,8827.88,6000.00,2,80,-117.25,-55.66,47.35,0
64,84,5209.31,5800.00,0,102,-81.73,-28.61,21.84,0
64,85,7000.00,7600.00,0,109,-106.28,-30.47,0.00,0
64,86,6164.43,8000.00,2,52,-118.78,-62.61,26.80,1
64,87,5600.00,2770.04,3,86,-90.25,-18.29,54.31,0
64,88,6829.84,6000.00,2,103,-63.66,5.11,58.34,0
64,89,4402.64,3000.00,0,85,-54.75,8.28,35.02,0
64,90,6800.00,8000.00,3,109,-70.26,4.76,0.00,0
64,91,6552.92,4600.00,0,98,-88.76,-22.01,57.70,0
64,92,4600.00,7874.61,3,37,-108.67,-46.03,20.02,0
64,93,2621.00,4800.00,2,95,-70.13,-16.92,43.48,0
64,94,6780.21,6400.00,2,103,-80.59,-35.69,59.26,0
64,95,3601.09,3400.00,0,90,-63.20,0.52,30.69,0
64,96,2400.00,7591.29,1,22,-99.57,-42.61,30.19,1
64,97,2384.60,3000.00,2,84,-48.40,7.16,18.48,0
64,98,2000.00,3600.00,2,89,-72.39,-3.94,0.00,0
64,99,8825.78,2000.00,0,75,-75.10,1.38,53.78,0
65,0,2048.67,7200.00,0,105,-68.83,7.54,39.92,0
65,1,2400.00,5799.70,1,100,-88.29,-23.14,53.25,0
65,2,7400.00,4878.88,3,98,-62.15,4.27,50.03,0
65,3,6269.50,3000.00,2,86,-83.47,-12.22,50.93,0
65,4,8200.00,4200.00,0,99,-81.52,-21.78,0.00,0
65,5,7800.00,3640.72,1,93,-66.43,0.84,32.58,0
65,6,4400.00,3060.05,1,85,-62.95,6.20,48.04,0
65,7,5000.00,3798.61,1,91,-44.27,21.62,21.26,0
65,8,4600.00,5600.00,3,96,-82.76,-32.49,0.00,0
65,9,1800.00,3800.00,0,10,-108.96,-51.96,0.00,0
65,10,3000.00,6192.00,1,101,-71.65,-10.45,41.89,0
65,11,4200.00,2600.00,0,85,-74.26,-13.98,0.00,0
65,12,7256.22,5600.00,0,64,-119.78,-56.86,22.78,0
65,13,2200.00,6200.00,2,100,-45.94,17.85,0.00,0
65,14,6628.70,4800.00,0,98,-74.35,-12.56,21.89,0
65,15,8400.00,4800.00,2,99,-59.53,9.75,0.00,0
65,16,4200.00,2113.57,1,30,-78.57,-15.25,38.94,0
65,17,3544.36,4600.00,2,95,-82.29,-23.59,22.72,0
65,18,8000.00,3000.00,2,88,-41.66,30.66,0.00,0
65,19,5200.00,6600.00,3,102,-66.29,-10.84,0.00,0
65,20,6200.00,7478.10,3,108,-88.56,-23.94,45.44,0
65,21,4953.12,4000.00,2,91,-42.08,16.91,37.51,0
65,22,1000.00,5732.97,3,5,-101.52,-32.56,22.87,0
65,23,5800.00,2000.00,0,45,-91.80,-25.49,0.00,0
65,24,5427.88,7000.00,2,108,-52.64,9.90,56.90,0
65,25,1405.94,6800.00,0,105,-76.48,-11.96,46.91,0
65,26,1800.00,5865.61,3,12,-106.69,-43.52,24.32,0
65,27,1400.00,2200.00,2,0,-108.28,-33.33,0.00,0
65,28,4800.00,6018.18,1,42,-93.87,-43.04,47.79,1
65,29,5352.23,6000.00,2,102,-85.66,-20.45,42.99,0
65,30,1600.00,7600.00,1,105,-65.18,0.98,0.00,0
65,31,1578.05,2400.00,2,83,-79.45,-10.79,26.34,0
65,32,7600.00,7400.00,0,110,-70.79,-5.26,0.00,0
65,33,8400.00,2400.00,1,88,-59.83,18.65,0.00,0
65,34,6602.99,4800.00,0,98,-62.45,5.48,57.89,0
65,35,3000.00,7400.00,0,106,-65.67,5.83,0.00,0
65,36,7000.00,5330.61,3,98,-62.54,0.72,33.31,0
65,37,3790.95,3600.00,2,90,-71.69,-16.89,10.86,0
65,38,2200.00,7983.18,3,14,-113.00,-51.77,52.65,1
65,39,1200.00,6393.27,1,5,-95.36,-20.34,51.54,0
65,40,1600.00,5200.00,3,94,-56.08,-6.29,0.00,0
65,41,3000.00,4137.89,1,89,-92.12,-28.13,24.57,0
65,42,2800.00,6800.00,0,106,-63.91,5.15,0.00,0
65,43,2800.00,4046.27,3,89,-87.23,-18.12,56.60,0
65,44,3600.00,7800.00,2,29,-124.96,-60.39,0.00,0
65,45,7400.00,6269.50,3,104,-52.76,15.58,33.08,0
65,46,7400.00,6649.13,3,104,-55.94,-1.19,40.23,1
65,47,1917.63,6200.00,0,100,-80.00,-14.88,32.50,0
65,48,8400.00,4364.51,1,70,-123.17,-54.65,24.99,0
65,49,5600.00,7000.00,2,108,-48.86,17.82,0.00,0
65,50,8400.00,7400.00,1,110,-65.67,13.23,0.00,0
65,51,4000.00,7659.21,3,107,-67.92,0.51,50.80,0
65,52,3208.88,3600.00,2,90,-101.85,-35.18,41.70,0
65,53,2802.05,4600.00,2,95,-84.72,-17.83,36.54,0
65,54,6200.00,3234.23,3,92,-62.36,5.14,38.17,0
65,55,3879.91,2000.00,0,30,-100.87,-35.74,38.35,0
65,56,1800.00,4988.22,1,94,-70.02,-2.65,38.15,0
65,57,3404.22,4600.00,0,95,-74.81,-9.82,21.56,0
65,58,1200.00,2668.22,3,83,-59.98,7.60,55.49,0
65,59,5200.00,5204.16,1,97,-71.01,-1.63,25.79,0
65,60,1600.00,5673.57,3,12,-98.47,-38.27,56.24,0
65,61,8600.00,4800.00,0,99,-78.52,-15.84,0.00,0
65,62,5800.00,6000.00,3,103,-38.33,26.28,0.00,0
65,63,7000.00,7600.00,1,109,-56.25,20.42,0.00,0
65,64,1200.00,2247.07,3,1,-94.97,-25.16,40.33,0
65,65,4200.00,5619.20,1,96,-96.21,-25.39,26.07,0
65,66,5392.14,7800.00,0,44,-102.61,-30.26,56.85,0
65,67,1600.00,2508.81,3,8,-103.72,-35.56,43.77,1
65,68,5620.57,3200.00,2,86,-77.50,-9.14,29.38,0
65,69,8377.58,8000.00,0,74,-106.16,-36.87,25.20,0
65,70,7600.00,6161.33,1,104,-67.81,8.56,24.78,0
65,71,3200.00,5100.64,3,95,-77.47,-9.33,36.58,0
65,72,5435.27,6400.00,2,108,-55.46,6.86,35.94,0
65,73,5632.00,2200.00,2,86,-73.77,-9.41,25.23,0
65,74,2200.00,4795.72,3,94,-81.72,-15.42,25.80,0
65,75,2800.00,6637.34,3,106,-79.45,-15.40,45.81,0
65,76,6391.14,6000.00,2,103,-74.92,-24.66,21.79,0
65,77,9000.00,5600.00,2,79,-123.06,-60.16,0.00,0
65,78,5600.00,5582.58,3,97,-70.54,-4.71,20.90,1
65,79,8600.00,3302.67,1,88,-107.81,-35.62,23.43,0
65,80,5000.00,5110.86,3,41,-84.67,-28.32,31.73,0
65,81,4535.85,5400.00,2,96,-108.22,-53.80,27.17,1
65,82,7200.00,7400.00,3,109,-71.87,-5.62,0.00,0
65,83,8788.43,6000.00,2,80,-102.14,-36.66,47.35,0
65,84,5227.52,5800.00,0,102,-89.73,-26.22,21.84,0
65,85,7000.00,7600.00,0,109,-106.28,-30.47,0.00,0
65,86,6142.10,8000.00,2,52,-125.60,-53.91,26.80,0
65,87,5600.00,2724.79,3,86,-72.18,-0.14,54.31,0
65,88,6818.77,6000.00,0,103,-94.93,-43.18,58.34,0
65,89,4431.82,3000.00,0,85,-63.37,-3.63,35.02,0
65,90,6800.00,8000.00,3,109,-70.26,4.76,0.00,0
65,91,6601.00,4600.00,0,98,-105.09,-32.06,57.70,0
65,92,4600.00,7857.92,3,37,-113.99,-58.25,20.02,0
65,93,2600.00,4800.00,3,95,-69.48,3.87,0.00,0
65,94,6730.82,6400.00,2,103,-76.43,-26.24,59.26,0
65,95,3626.67,3400.00,0,90,-80.94,-18.53,30.69,0
65,96,2400.00,7616.45,1,22,-110.06,-43.73,30.19,0
65,97,2353.79,3000.00,2,84,-53.02,21.73,36.97,0
65,98,2000.00,3600.00,2,89,-72.39,-3.94,0.00,0
65,99,8870.60,2000.00,0,75,-67.62,9.39,53.78,0
66,0,2081.94,7200.00,0,105,-60.82,11.83,39.92,0
66,1,2355.92,5800.00,2,100,-61.01,10.59,53.25,0
66,2,7400.00,4837.20,3,98,-70.61,0.52,50.03,0
66,3,6227.05,3000.00,2,86,-68.32,-8.41,50.93,0
66,4,8200.00,4200.00,0,99,-81.52,-21.78,0.00,0
66,5,7800.00,3667.87,1,93,-49.17,20.97,32.58,0
66,6,4400.00,3100.08,1,85,-89.93,-27.32,48.04,0
66,7,5000.00,3783.67,3,91,-48.05,15.32,21.26,0
66,8,4600.00,5600.00,3,96,-82.76,-32.49,0.00,0
66,9,1800.00,3800.00,0,10,-108.96,-51.96,0.00,0
66,10,3000.00,6173.09,3,101,-99.87,-32.72,41.89,0
66,11,4200.00,2600.00,0,85,-74.26,-13.98,0.00,0
66,12,7275.20,5600.00,0,64,-102.80,-46.52,22.78,0
66,13,2200.00,6200.00,2,100,-45.94,17.85,0.00,0
66,14,6646.95,4800.00,0,98,-69.21,-17.61,21.89,0
66,15,8400.00,4800.00,2,99,-59.53,9.75,0.00,0
66,16,4200.00,2146.02,1,30,-78.46,-15.48,38.94,0
66,17,3525.43,4600.00,2,95,-71.98,-5.52,22.72,0
66,18,8000.00,3000.00,2,88,-41.66,30.66,0.00,0
66,19,5200.00,6600.00,3,102,-66.29,-10.84,0.00,0
66,20,6200.00,7440.23,3,108,-94.41,-25.64,45.44,0
66,21,4921.86,4000.00,2,91,-63.80,-1.58,37.51,0
66,22,1000.00,5713.91,3,4,-107.58,-48.40,22.87,1
66,23,5800.00,2000.00,0,45,-91.80,-25.49,0.00,0
66,24,5400.00,7000.00,3,108,-101.69,-35.02,0.00,0
66,25,1445.04,6800.00,0,105,-80.84,-9.57,46.91,0
66,26,1800.00,5845.34,3,12,-107.11,-37.59,24.32,0
66,27,1400.00,2200.00,2,0,-108.28,-33.33,0.00,0
66,28,4800.00,6058.00,1,102,-73.14,-15.43,47.79,1
66,29,5316.41,6000.00,2,102,-70.83,-3.76,42.99,0
66,30,1600.00,7600.00,1,105,-65.18,0.98,0.00,0
66,31,1534.15,2400.00,2,83,-73.75,-9.38,52.68,0
66,32,7600.00,7400.00,0,110,-70.79,-5.26,0.00,0
66,33,8400.00,2400.00,1,88,-59.83,18.65,0.00,0
66,34,6651.23,4800.00,0,98,-67.26,2.06,57.89,0
66,35,3000.00,7400.00,0,106,-65.67,5.83,0.00,0
66,36,7000.00,5302.85,3,98,-67.39,-5.62,33.31,0
66,37,3772.84,3600.00,2,90,-76.56,-26.82,21.73,0
66,38,2200.00,7939.31,3,14,-109.46,-43.49,52.65,0
66,39,1163.79,6400.00,2,5,-101.29,-48.04,51.54,0
66,40,1600.00,5200.00,3,94,-56.08,-6.29,0.00,0
66,41,3000.00,4158.37,1,89,-85.14,-31.30,24.57,0
66,42,2800.00,6800.00,0,106,-63.91,5.15,0.00,0
66,43,2800.00,3999.10,3,89,-97.12,-29.21,56.60,0
66,44,3600.00,7800.00,2,29,-124.96,-60.39,0.00,0
66,45,7400.00,6241.93,3,104,-69.83,-11.97,33.08,0
66,46,7400.00,6615.60,3,104,-68.73,-13.64,40.23,0
66,47,1944.71,6200.00,0,100,-82.75,-20.83,32.50,0
66,48,8400.00,4385.34,1,70,-116.12,-57.59,24.99,0
66,49,5600.00,7000.00,2,108,-48.86,17.82,0.00,0
66,50,8400.00,7400.00,1,110,-65.67,13.23,0.00,0
66,51,4000.00,7616.88,3,107,-53.43,16.69,50.80,0
66,52,3200.00,3574.13,3,90,-67.60,-1.37,41.70,0
66,53,2800.00,4571.59,3,95,-80.62,-8.46,36.54,0
66,54,6200.00,3202.42,3,92,-76.66,-8.82,38.17,0
66,55,3911.87,2000.00,0,30,-97.43,-28.35,38.35,0
66,56,1800.00,4979.99,3,94,-16.95,44.96,38.15,0
66,57,3422.18,4600.00,0,95,-80.68,-23.42,21.56,0
66,58,1200.00,2621.97,3,83,-66.56,7.03,55.49,0
66,59,5200.00,5225.65,1,97,-105.05,-40.75,25.79,0
66,60,1600.00,5626.71,3,12,-97.33,-30.55,56.24,0
66,61,8600.00,4800.00,0,99,-78.52,-15.84,0.00,0
66,62,5800.00,5975.56,3,103,-61.85,9.98,29.33,0
66,63,7000.00,7600.00,1,109,-56.25,20.42,0.00,0
66,64,1200.00,2213.46,3,0,-98.22,-18.89,40.33,1
66,65,4200.00,5640.93,1,96,-90.13,-24.04,26.07,0
66,66,5360.49,7800.00,2,44,-118.65,-65.82,56.85,0
66,67,1600.00,2472.34,3,83,-74.13,-0.01,43.77,1
66,68,5600.00,3196.09,3,86,-88.32,-25.42,29.38,0
66,69,8398.58,8000.00,0,74,-106.18,-32.93,25.20,0
66,70,7600.00,6181.98,1,104,-82.29,-8.75,24.78,0
66,71,3200.00,5070.15,3,95,-74.23,-5.41,36.58,0
66,72,5405.32,6400.00,2,108,-72.07,-5.70,35.94,0
66,73,5610.97,2200.00,2,86,-47.40,10.76,25.23,0
66,74,2200.00,4774.21,3,94,-79.08,-12.01,25.80,0
66,75,2799.17,6600.00,2,106,-60.60,14.97,45.81,0
66,76,6372.98,6000.00,2,103,-62.01,-8.58,21.79,0
66,77,9000.00,5600.00,2,79,-123.06,-60.16,0.00,0
66,78,5600.00,5547.74,3,97,-84.89,-21.51,41.81,0
66,79,8600.00,3322.20,1,88,-101.28,-23.42,23.43,0
66,80,5000.00,5084.42,3,41,-88.02,-39.87,31.73,0
66,81,4513.21,5400.00,2,96,-105.02,-48.02,27.17,0
66,82,7200.00,7400.00,3,109,-71.87,-5.62,0.00,0
66,83,8748.97,6000.00,2,80,-104.89,-53.74,47.35,0
66,84,5245.72,5800.00,0,102,-73.66,-6.95,21.84,0
66,85,7000.00,7600.00,0,109,-106.28,-30.47,0.00,0
66,86,6119.76,8000.00,2,52,-135.73,-62.41,26.80,0
66,87,5600.00,2679.53,3,86,-84.43,-15.57,54.31,0
66,88,6867.39,6000.00,0,103,-94.45,-38.22,58.34,0
66,89,4461.01,3000.00,0,85,-54.38,14.22,35.02,0
66,90,6800.00,8000.00,3,109,-70.26,4.76,0.00,0
66,91,6649.08,4600.00,0,98,-92.77,-24.44,57.70,0
66,92,4600.00,7841.23,3,37,-111.07,-53.42,20.02,0
66,93,2600.00,4800.00,3,95,-69.48,3.87,0.00,0
66,94,6681.43,6400.00,2,103,-75.58,-15.95,59.26,0
66,95,3652.25,3400.00,0,90,-74.48,-10.07,30.69,0
66,96,2400.00,7641.61,1,22,-113.74,-55.38,30.19,0
66,97,2322.99,3000.00,2,84,-73.03,1.11,36.97,0
66,98,2000.00,3600.00,2,89,-72.39,-3.94,0.00,0
66,99,8915.41,2000.00,0,75,-88.15,-23.96,53.78,0
67,0,2115.20,7200.00,0,105,-69.05,-0.58,39.92,0
67,1,2311.54,5800.00,2,100,-69.64,-17.70,53.25,0
67,2,7400.00,4795.51,3,98,-59.09,13.72,50.03,0
67,3,6200.00,2984.61,3,86,-82.51,-27.12,50.93,0
67,4,8200.00,4200.00,0,99,-81.52,-21.78,0.00,0
67,5,7800.00,3695.02,1,93,-57.70,11.85,32.58,0
67,6,4400.00,3140.11,1,85,-68.11,-2.28,48.04,0
67,7,5000.00,3765.96,3,91,-24.64,36.72,21.26,0
67,8,4600.00,5600.00,3,96,-82.76,-32.49,0.00,0
67,9,1800.00,3800.00,0,10,-108.96,-51.96,0.00,0
67,10,3000.00,6138.18,3,101,-99.19,-30.18,41.89,0
67,11,4200.00,2600.00,0,85,-74.26,-13.98,0.00,0
67,12,7294.18,5600.00,0,64,-98.66,-33.64,22.78,0
67,13,2185.33,6200.00,2,100,-58.17,11.19,17.60,0
67,14,6665.19,4800.00,0,98,-65.48,-6.80,21.89,0
67,15,8400.00,4800.00,2,99,-59.53,9.75,0.00,0
67,16,4200.00,2178.46,1,85,-82.87,-13.51,38.94,1
67,17,3506.49,4600.00,2,95,-78.43,-9.74,22.72,0
67,18,8000.00,3000.00,2,88,-41.66,30.66,0.00,0
67,19,5200.00,6591.26,3,102,-49.26,17.90,10.49,0
67,20,6200.00,7402.36,3,108,-64.47,8.25,45.44,0
67,21,4890.60,4000.00,2,91,-51.64,15.45,37.51,0
67,22,1000.00,5694.84,3,4,-111.42,-53.01,22.87,0
67,23,5800.00,2000.00,0,45,-91.80,-25.49,0.00,0
67,24,5400.00,7000.00,3,108,-101.69,-35.02,0.00,0
67,25,1484.13,6800.00,0,105,-109.05,-39.12,46.91,0
67,26,1800.00,5825.08,3,12,-113.79,-41.98,24.32,0
67,27,1400.00,2200.00,2,0,-108.28,-33.33,0.00,0
67,28,4800.00,6097.83,1,102,-76.03,-10.89,47.79,0
67,29,5280.59,6000.00,2,102,-67.49,-0.07,42.99,0
67,30,1600.00,7600.00,1,105,-65.18,0.98,0.00,0
67,31,1490.24,2400.00,2,83,-64.81,6.26,52.68,0
67,32,7600.00,7400.00,0,110,-70.79,-5.26,0.00,0
67,33,8400.00,2400.00,1,88,-59.83,18.65,0.00,0
67,34,6699.47,4800.00,0,98,-47.04,16.10,57.89,0
67,35,3000.00,7400.00,0,106,-65.67,5.83,0.00,0
67,36,7000.00,5275.09,3,98,-67.00,-11.34,33.31,0
67,37,3754.73,3600.00,2,90,-60.30,-1.37,21.73,0
67,38,2200.00,7895.43,3,14,-113.66,-53.29,52.65,0
67,39,1120.84,6400.00,2,5,-115.94,-57.49,51.54,0
67,40,1600.00,5200.00,3,94,-56.08,-6.29,0.00,0
67,41,3000.00,4178.85,1,89,-87.60,-47.46,24.57,0
67,42,2800.00,6800.00,0,106,-63.91,5.15,0.00,0
67,43,2800.00,3951.94,3,89,-74.93,-2.53,56.60,0
67,44,3600.00,7800.00,2,29,-124.96,-60.39,0.00,0
67,45,7400.00,6214.36,3,104,-73.58,-17.34,33.08,0
67,46,7400.00,6617.92,1,104,-76.96,-10.22,40.23,0
67,47,1971.79,6200.00,0,100,-74.54,-11.15,32.50,0
67,48,8400.00,4393.84,3,70,-120.63,-64.02,24.99,0
67,49,5600.00,7000.00,2,108,-48.86,17.82,0.00,0
67,50,8400.00,7400.00,1,110,-65.67,13.23,0.00,0
67,51,4000.00,7600.00,1,107,-83.70,-24.42,0.00,0
67,52,3200.00,3539.38,3,90,-79.06,-3.66,41.70,0
67,53,2800.00,4541.14,3,18,-59.61,7.89,36.54,1
67,54,6200.00,3229.38,1,92,-66.28,-7.54,38.17,0
67,55,3943.83,2000.00,0,30,-91.37,-28.20,38.35,0
67,56,1800.00,4948.19,3,94,-25.70,35.48,38.15,0
67,57,3440.15,4600.00,0,95,-75.04,-3.88,21.56,0
67,58,1200.00,2600.00,0,83,-67.44,4.66,0.00,0
67,59,5200.00,5247.14,1,41,-111.44,-45.70,25.79,1
67,60,1600.00,5579.84,3,94,-76.27,-8.17,56.24,1
67,61,8600.00,4800.00,0,99,-78.52,-15.84,0.00,0
67,62,5800.00,5926.68,3,103,-71.91,-12.13,58.66,0
67,63,7000.00,7600.00,1,109,-56.25,20.42,0.00,0
67,64,1200.00,2179.85,3,0,-87.77,-16.42,40.33,0
67,65,4200.00,5662.66,1,96,-73.91,-6.07,26.07,0
67,66,5313.11,7800.00,2,44,-113.67,-46.37,56.85,0
67,67,1600.00,2435.86,3,83,-63.62,12.81,43.77,0
67,68,5600.00,3171.61,3,86,-101.74,-43.04,29.38,0
67,69,8400.00,8000.00,2,74,-119.97,-48.96,0.00,0
67,70,7602.63,6200.00,0,104,-65.52,1.42,24.78,0
67,71,3200.00,5039.66,3,95,-51.17,15.10,36.58,0
67,72,5400.00,6375.37,3,102,-64.44,3.54,35.94,1
67,73,5600.00,2210.06,1,86,-64.84,11.07,25.23,0
67,74,2200.00,4752.71,3,94,-84.75,-15.51,25.80,0
67,75,2760.99,6600.00,2,100,-69.54,-0.05,45.81,1
67,76,6354.82,6000.00,2,103,-69.98,-13.17,21.79,0
67,77,9000.00,5600.00,2,79,-123.06,-60.16,0.00,0
67,78,5600.00,5512.90,3,97,-81.58,-26.85,41.81,0
67,79,8600.00,3341.73,1,88,-96.34,-23.02,23.43,0
67,80,5000.00,5057.98,3,41,-85.83,-24.00,31.73,0
67,81,4490.57,5400.00,2,96,-78.56,-22.93,27.17,0
67,82,7200.00,7400.00,3,109,-71.87,-5.62,0.00,0
67,83,8709.51,6000.00,2,79,-108.40,-51.11,47.35,1
67,84,5263.92,5800.00,0,102,-76.73,-9.41,21.84,0
67,85,7000.00,7600.00,0,109,-106.28,-30.47,0.00,0
67,86,6097.42,8000.00,2,59,-123.24,-52.52,26.80,1
67,87,5600.00,2634.27,3,86,-86.04,-23.17,54.31,0
67,88,6916.01,6000.00,0,103,-76.28,-11.34,58.34,0
67,89,4490.20,3000.00,0,85,-60.46,-6.13,35.02,0
67,90,6800.00,8000.00,3,109,-70.26,4.76,0.00,0
67,91,6697.16,4600.00,0,98,-85.84,-14.76,57.70,0
67,92,4600.00,7824.54,3,37,-109.52,-48.65,20.02,0
67,93,2600.00,4800.00,3,95,-69.48,3.87,0.00,0
67,94,6632.05,6400.00,2,103,-70.14,-6.18,59.26,0
67,95,3677.83,3400.00,0,90,-81.37,-15.62,30.69,0
67,96,2400.00,7666.77,1,22,-113.05,-59.60,30.19,0
67,97,2292.18,3000.00,2,84,-56.51,12.49,36.97,0
67,98,2000.00,3600.00,2,89,-72.39,-3.94,0.00,0
67,99,8960.23,2000.00,0,75,-100.73,-28.70,53.78,0
68,0,2148.47,7200.00,0,105,-72.62,-14.49,39.92,0
68,1,2267.16,5800.00,2,100,-68.56,-5.54,53.25,0
68,2,7400.00,4753.82,3,98,-46.53,24.89,50.03,0
68,3,6200.00,2942.17,3,86,-85.65,-23.57,50.93,0
68,4,8200.00,4200.00,0,99,-81.52,-21.78,0.00,0
68,5,7800.00,3722.16,1,93,-75.26,-12.41,32.58,0
68,6,4400.00,3180.14,1,85,-86.57,-11.74,48.04,0
68,7,5000.00,3748.24,3,91,-42.05,26.50,21.26,0
68,8,4600.00,5600.00,3,96,-82.76,-32.49,0.00,0
68,9,1800.00,3800.00,0,10,-108.96,-51.96,0.00,0
68,10,3000.00,6103.28,3,101,-102.33,-53.56,41.89,0
68,11,4200.00,2600.00,0,85,-74.26,-13.98,0.00,0
68,12,7313.16,5600.00,0,104,-78.17,-14.91,22.78,1
68,13,2156.00,6200.00,2,100,-59.59,0.05,35.20,0
68,14,6683.43,4800.00,0,98,-69.51,-12.43,21.89,0
68,15,8400.00,4800.00,2,99,-59.53,9.75,0.00,0
68,16,4200.00,2210.91,1,85,-86.59,-10.73,38.94,0
68,17,3487.56,4600.00,2,95,-73.35,-6.30,22.72,0
68,18,7983.58,3000.00,2,88,-47.78,24.40,19.70,0
68,19,5200.00,6573.78,3,102,-56.88,12.20,20.98,0
68,20,6200.00,7364.49,3,108,-69.91,-2.11,45.44,0
68,21,4859.35,4000.00,2,91,-63.32,4.25,37.51,0
68,22,1000.00,5675.78,3,4,-129.65,-58.06,22.87,0
68,23,5800.00,2000.00,0,45,-91.80,-25.49,0.00,0
68,24,5400.00,7000.00,3,108,-101.69,-35.02,0.00,0
68,25,1523.22,6800.00,0,105,-79.78,-14.20,46.91,0
68,26,1800.00,5804.81,3,12,-104.24,-39.20,24.32,0
68,27,1400.00,2200.00,2,0,-108.28,-33.33,0.00,0
68,28,4800.00,6137.66,1,102,-68.02,-9.08,47.79,0
68,29,5244.76,6000.00,2,102,-54.20,8.36,42.99,0
68,30,1600.00,7600.00,1,105,-65.18,0.98,0.00,0
68,31,1446.34,2400.00,2,83,-86.79,-15.23,52.68,0
68,32,7600.00,7400.00,0,110,-70.79,-5.26,0.00,0
68,33,8400.00,2400.00,1,88,-59.83,18.65,0.00,0
68,34,6747.71,4800.00,0,98,-39.77,26.89,57.89,0
68,35,3000.00,7400.00,0,106,-65.67,5.83,0.00,0
68,36,7000.00,5247.33,3,98,-61.47,-0.52,33.31,0
68,37,3736.63,3600.00,2,90,-58.81,12.10,21.73,0
68,38,2200.00,7851.56,3,14,-108.96,-37.33,52.65,0
68,39,1077.89,6400.00,2,5,-99.36,-38.95,51.54,0
68,40,1600.00,5200.00,3,94,-56.08,-6.29,0.00,0
68,41,3000.00,4199.33,1,89,-96.19,-41.47,24.57,0
68,42,2800.00,6800.00,0,106,-63.91,5.15,0.00,0
68,43,2800.00,3904.77,3,89,-66.13,-3.43,56.60,0
68,44,3576.56,7800.00,2,29,-122.49,-56.51,28.13,0
68,45,7400.00,6200.00,2,104,-65.51,10.65,0.00,0
68,46,7400.00,6651.45,1,104,-98.24,-35.24,40.23,0
68,47,1998.87,6200.00,0,100,-69.07,-5.17,32.50,0
68,48,8400.00,4373.01,3,78,-107.46,-55.00,24.99,1
68,49,5600.00,7000.00,2,108,-48.86,17.82,0.00,0
68,50,8400.00,7400.00,1,110,-65.67,13.23,0.00,0
68,51,4000.00,7600.00,1,107,-83.70,-24.42,0.00,0
68,52,3200.00,3504.63,3,90,-79.20,-10.47,41.70,0
68,53,2800.00,4510.69,3,18,-80.36,-18.70,36.54,0
68,54,6200.00,3261.19,1,92,-63.33,3.39,38.17,0
68,55,3975.79,2000.00,0,30,-107.65,-47.99,38.35,0
68,56,1800.00,4916.40,3,94,-30.76,43.05,38.15,0
68,57,3458.11,4600.00,0,95,-64.03,2.88,21.56,0
68,58,1200.00,2600.00,0,83,-67.44,4.66,0.00,0
68,59,5200.00,5268.63,1,97,-82.21,-19.09,25.79,1
68,60,1600.00,5532.97,3,94,-91.75,-21.86,56.24,0
68,61,8600.00,4800.00,0,99,-78.52,-15.84,0.00,0
68,62,5800.00,5877.80,3,103,-93.83,-31.30,58.66,0
68,63,7000.00,7623.56,1,109,-45.84,33.34,28.28,0
68,64,1200.00,2146.24,3,0,-77.39,-1.86,40.33,0
68,65,4200.00,5684.38,1,96,-75.05,-6.27,26.07,0
68,66,5265.74,7800.00,2,44,-102.14,-29.67,56.85,0
68,67,1600.61,2400.00,0,83,-57.15,13.03,43.77,0
68,68,5600.00,3147.13,3,86,-85.51,-24.97,29.38,0
68,69,8400.00,8000.00,2,82,-104.81,-33.79,0.00,1
68,70,7623.28,6200.00,0,104,-64.73,4.31,24.78,0
68,71,3200.00,5009.18,3,95,-62.25,2.12,36.58,0
68,72,5400.00,6345.42,3,102,-60.36,2.35,35.94,0
68,73,5600.00,2231.08,1,86,-81.36,-13.76,25.23,0
68,74,2200.00,4731.21,3,94,-89.06,-25.21,25.80,0
68,75,2722.82,6600.00,2,20,-81.01,-18.37,45.81,1
68,76,6336.66,6000.00,2,103,-66.94,-4.66,21.79,0
68,77,9000.00,5600.00,2,79,-123.06,-60.16,0.00,0
68,78,5600.00,5478.06,3,97,-99.71,-33.33,41.81,0
68,79,8600.00,3361.25,1,88,-83.16,-9.14,23.43,0
68,80,5000.00,5031.54,3,41,-81.48,-25.35,31.73,0
68,81,4467.93,5400.00,2,96,-75.85,-15.09,27.17,0
68,82,7200.00,7400.00,3,109,-71.87,-5.62,0.00,0
68,83,8670.06,6000.00,2,79,-98.37,-30.67,47.35,0
68,84,5282.12,5800.00,0,102,-58.90,10.06,21.84,0
68,85,7016.61,7600.00,0,66,-109.80,-37.97,19.93,1
68,86,6075.08,8000.00,2,52,-121.39,-58.87,26.80,1
68,87,5600.00,2600.00,0,86,-94.30,-23.77,0.00,0
68,88,6964.62,6000.00,0,103,-93.71,-34.55,58.34,0
68,89,4519.38,3000.00,0,85,-81.03,-17.64,35.02,0
68,90,6800.00,7983.55,3,109,-77.39,-11.73,19.74,0
68,91,6745.24,4600.00,0,98,-86.22,-19.22,57.70,0
68,92,4600.00,7807.86,3,37,-106.21,-47.20,20.02,0
68,93,2600.00,4800.00,3,95,-69.48,3.87,0.00,0
68,94,6600.00,6400.00,1,103,-52.24,14.83,0.00,0
68,95,3703.40,3400.00,0,90,-64.82,-2.03,30.69,0
68,96,2400.00,7691.94,1,22,-103.20,-38.49,30.19,0
68,97,2261.38,3000.00,2,84,-69.38,-6.55,36.97,0
68,98,2000.00,3600.00,2,89,-72.39,-3.94,0.00,0
68,99,8994.95,2000.00,2,75,-107.81,-27.52,53.78,0
69,0,2181.73,7200.00,0,105,-81.61,-0.91,39.92,0
69,1,2222.78,5800.00,2,100,-85.08,-28.46,53.25,0
69,2,7400.00,4712.13,3,98,-58.75,6.48,50.03,0
69,3,6200.00,2899.73,3,86,-72.39,-5.06,50.93,0
69,4,8200.00,4200.00,0,99,-81.52,-21.78,0.00,0
69,5,7800.00,3749.31,1,93,-61.99,5.40,32.58,0
69,6,4379.83,3200.00,2,85,-91.72,-23.47,48.04,0
69,7,5000.00,3730.52,3,91,-56.66,4.06,21.26,0
69,8,4600.00,5600.00,3,96,-82.76,-32.49,0.00,0
69,9,1800.00,3800.00,0,10,-108.96,-51.96,0.00,0
69,10,3000.00,6068.37,3,101,-99.63,-55.14,41.89,0
69,11,4200.00,2600.00,0,85,-74.26,-13.98,0.00,0
69,12,7332.14,5600.00,0,104,-70.77,-9.04,22.78,0
69,13,2126.67,6200.00,2,100,-59.70,6.41,35.20,0
69,14,6701.67,4800.00,0,98,-80.46,-11.83,21.89,0
69,15,8400.00,4800.00,2,99,-59.53,9.75,0.00,0
69,16,4200.00,2243.36,1,85,-81.34,-9.24,38.94,0
69,17,3468.62,4600.00,2,95,-80.22,-14.71,22.72,0
69,18,7950.75,3000.00,2,88,-59.29,16.22,39.40,0
69,19,5200.00,6556.29,3,102,-62.23,-2.79,20.98,0
69,20,6200.00,7326.62,3,108,-83.49,-17.60,45.44,0
69,21,4828.09,4000.00,2,91,-64.61,-10.85,37.51,0
69,22,1000.00,5656.72,3,4,-131.30,-63.55,22.87,0
69,23,5812.03,2000.00,0,45,-93.94,-26.11,14.43,0
69,24,5400.00,7000.00,3,108,-101.69,-35.02,0.00,0
69,25,1562.32,6800.00,0,105,-96.66,-32.89,46.91,0
69,26,1784.55,5800.00,2,12,-123.03,-66.07,24.32,0
69,27,1400.00,2200.00,2,0,-108.28,-33.33,0.00,0
69,28,4800.00,6177.48,1,102,-81.84,-18.00,47.79,0
69,29,5208.94,6000.00,2,102,-65.58,-10.18,42.99,0
69,30,1600.00,7600.00,1,105,-65.18,0.98,0.00,0
69,31,1402.44,2400.00,2,83,-84.91,-12.51,52.68,0
69,32,7600.00,7400.00,0,110,-70.79,-5.26,0.00,0
69,33,8400.00,2400.00,1,88,-59.83,18.65,0.00,0
69,34,6795.95,4800.00,0,98,-60.06,12.02,57.89,0
69,35,3000.00,7400.00,0,106,-65.67,5.83,0.00,0
69,36,7000.00,5219.58,3,98,-60.41,0.79,33.31,0
69,37,3718.52,3600.00,2,90,-64.24,7.38,21.73,0
69,38,2200.00,7807.68,3,14,-108.74,-42.91,52.65,0
69,39,1034.94,6400.00,2,5,-106.34,-44.74,51.54,0
69,40,1600.00,5200.00,3,94,-56.08,-6.29,0.00,0
69,41,3000.00,4219.81,1,89,-97.89,-39.45,24.57,0
69,42,2800.00,6800.00,0,106,-63.91,5.15,0.00,0
69,43,2800.00,3857.61,3,89,-74.15,-10.67,56.60,0
69,44,3529.67,7800.00,2,29,-107.88,-47.09,56.26,0
69,45,7400.00,6200.00,2,104,-65.51,10.65,0.00,0
69,46,7400.00,6684.97,1,104,-79.40,-6.99,40.23,0
69,47,2000.00,6200.00,1,100,-74.85,-7.64,0.00,0
69,48,8400.00,4352.18,3,78,-97.34,-34.14,24.99,0
69,49,5583.97,7000.00,2,108,-63.03,2.54,19.24,0
69,50,8400.00,7400.00,1,110,-65.67,13.23,0.00,0
69,51,4000.00,7600.00,1,107,-83.70,-24.42,0.00,0
69,52,3200.00,3469.88,3,90,-73.04,-6.20,41.70,0
69,53,2800.00,4480.23,3,95,-57.23,9.81,36.54,1
69,54,6200.00,3292.99,1,92,-97.81,-27.14,38.17,0
69,55,3992.25,2000.00,2,30,-104.17,-31.70,38.35,0
69,56,1800.00,4884.60,3,94,-53.22,18.31,38.15,0
69,57,3476.08,4600.00,0,95,-64.08,6.28,21.56,0
69,58,1200.00,2600.00,0,83,-67.44,4.66,0.00,0
69,59,5200.00,5290.12,1,97,-76.45,-12.55,25.79,0
69,60,1600.00,5486.11,3,94,-84.83,-12.65,56.24,0
69,61,8600.00,4800.00,0,99,-78.52,-15.84,0.00,0
69,62,5800.00,5828.91,3,103,-82.70,-27.63,58.66,0
69,63,7000.00,7670.69,1,109,-60.79,12.03,56.55,0
69,64,1200.00,2112.63,3,0,-76.18,0.45,40.33,0
69,65,4200.00,5706.11,1,96,-56.92,13.19,26.07,0
69,66,5218.37,7800.00,2,44,-89.68,-24.05,56.85,0
69,67,1637.08,2400.00,0,83,-89.65,-25.91,43.77,0
69,68,5600.00,3122.65,3,86,-67.47,-2.78,29.38,0
69,69,8400.00,8000.00,2,82,-104.81,-33.79,0.00,0
69,70,7643.93,6200.00,0,104,-55.63,13.60,24.78,0
69,71,3200.00,5000.00,2,95,-68.35,-12.73,0.00,0
69,72,5400.00,6315.47,3,102,-62.99,8.14,35.94,0
69,73,5600.00,2252.11,1,86,-80.20,-1.76,25.23,0
69,74,2200.00,4709.70,3,94,-70.46,-10.53,25.80,0
69,75,2684.64,6600.00,2,20,-87.60,-22.02,45.81,0
69,76,6318.50,6000.00,2,103,-95.30,-35.93,21.79,0
69,77,9000.00,5600.00,2,79,-123.06,-60.16,0.00,0
69,78,5600.00,5443.22,3,97,-76.82,-6.39,41.81,0
69,79,8600.00,3380.78,1,88,-72.97,-1.40,23.43,0
69,80,5000.00,5005.10,3,41,-59.89,-3.86,31.73,0
69,81,4445.29,5400.00,2,96,-68.87,-7.85,27.17,0
69,82,7200.00,7385.86,3,109,-74.96,-7.27,16.97,0
69,83,8630.60,6000.00,2,79,-96.71,-32.34,47.35,0
69,84,5300.32,5800.00,0,102,-70.05,-2.37,21.84,0
69,85,7049.82,7600.00,0,66,-105.51,-37.09,39.85,0
69,86,6052.75,8000.00,2,52,-110.86,-42.39,26.80,0
69,87,5600.00,2600.00,0,86,-94.30,-23.77,0.00,0
69,88,7000.00,6013.24,1,103,-101.63,-39.02,58.34,0
69,89,4548.57,3000.00,0,85,-88.46,-21.72,35.02,0
69,90,6800.00,7950.64,3,109,-67.13,7.23,39.48,0
69,91,6793.32,4600.00,0,98,-87.78,-25.32,57.70,0
69,92,4600.00,7791.17,3,107,-73.36,-20.61,20.02,1
69,93,2600.00,4800.00,3,95,-69.48,3.87,0.00,0
69,94,6600.00,6400.00,1,103,-52.24,14.83,0.00,0
69,95,3728.98,3400.00,0,90,-68.41,-8.29,30.69,0
69,96,2400.00,7717.10,1,22,-102.95,-36.65,30.19,0
69,97,2230.57,3000.00,2,84,-78.77,-24.38,36.97,0
69,98,2000.00,3600.00,2,89,-72.39,-3.94,0.00,0
69,99,8950.13,2000.00,2,75,-89.27,-24.88,53.78,0
70,0,2200.00,7200.00,2,105,-70.33,-4.96,0.00,0
70,1,2200.00,5778.40,3,100,-71.69,-0.15,53.25,0
70,2,7400.00,4670.44,3,98,-77.15,-7.57,50.03,0
70,3,6200.00,2857.29,3,86,-80.62,-14.41,50.93,0
70,4,8200.00,4200.00,0,99,-81.52,-21.78,0.00,0
70,5,7800.00,3776.46,1,93,-35.91,27.58,32.58,0
70,6,4339.80,3200.00,2,85,-72.88,-2.65,48.04,0
70,7,5000.00,3712.81,3,91,-57.94,7.11,21.26,0
70,8,4600.00,5600.00,3,96,-82.76,-32.49,0.00,0
70,9,1813.68,3800.00,0,89,-67.74,-15.55,16.42,1
70,10,3000.00,6033.46,3,101,-83.79,-34.53,41.89,0
70,11,4200.00,2600.00,0,85,-74.26,-13.98,0.00,0
70,12,7351.12,5600.00,0,104,-75.02,-6.28,22.78,0
70,13,2097.34,6200.00,2,100,-74.98,-6.26,35.20,0
70,14,6719.92,4800.00,0,98,-94.33,-26.44,21.89,0
70,15,8400.00,4800.00,2,99,-59.53,9.75,0.00,0
70,16,4200.00,2275.81,1,85,-69.47,7.89,38.94,0
70,17,3449.68,4600.00,2,95,-73.99,-11.56,22.72,0
70,18,7917.91,3000.00,2,88,-59.60,14.10,39.40,0
70,19,5200.00,6538.81,3,102,-77.40,-15.72,20.98,0
70,20,6200.00,7288.75,3,108,-83.16,-18.99,45.44,0
70,21,4800.00,3996.84,3,91,-68.01,-9.60,37.51,0
70,22,1000.00,5637.66,3,4,-116.37,-59.13,22.87,0
70,23,5836.08,2000.00,0,45,-103.69,-35.67,28.87,0
70,24,5400.00,7000.00,3,108,-101.69,-35.02,0.00,0
70,25,1600.00,6800.00,3,105,-84.63,-11.68,0.00,0
70,26,1764.28,5800.00,2,12,-123.27,-64.10,24.32,0
70,27,1400.00,2200.00,2,0,-108.28,-33.33,0.00,0
70,28,4800.00,6200.00,2,102,-83.79,-16.18,0.00,0
70,29,5200.00,6000.00,0,102,-71.82,0.58,0.00,0
70,30,1600.00,7611.81,1,105,-65.47,2.03,14.18,0
70,31,1358.54,2400.00,2,83,-101.15,-27.49,52.68,0
70,32,7600.00,7400.00,0,110,-70.79,-5.26,0.00,0
70,33,8400.00,2400.00,1,88,-59.83,18.65,0.00,0
70,34,6800.00,4800.00,2,98,-41.42,20.52,0.00,0
70,35,3000.00,7400.00,0,106,-65.67,5.83,0.00,0
70,36,6991.82,5200.00,2,98,-65.26,8.87,33.31,0
70,37,3700.42,3600.00,2,90,-81.14,-11.21,21.73,0
70,38,2200.00,7763.81,3,14,-118.25,-53.57,52.65,0
70,39,1000.00,6391.99,3,5,-107.29,-39.44,51.54,0
70,40,1600.00,5200.00,3,94,-56.08,-6.29,0.00,0
70,41,3000.00,4240.29,1,89,-94.35,-33.64,24.57,0
70,42,2800.00,6800.00,0,106,-63.91,5.15,0.00,0
70,43,2800.00,3810.44,3,89,-59.51,11.97,56.60,0
70,44,3482.79,7800.00,2,29,-99.87,-32.48,56.26,0
70,45,7400.00,6200.00,2,104,-65.51,10.65,0.00,0
70,46,7400.00,6718.50,1,104,-85.60,-23.02,40.23,0
70,47,2000.00,6200.00,1,100,-74.85,-7.64,0.00,0
70,48,8400.00,4331.35,3,78,-106.26,-47.63,24.99,0
70,49,5551.91,7000.00,2,108,-72.58,-14.36,38.47,0
70,50,8400.00,7400.00,1,110,-65.67,13.23,0.00,0
70,51,4000.00,7600.00,1,107,-83.70,-24.42,0.00,0
70,52,3200.00,3435.13,3,90,-75.82,-11.71,41.70,0
70,53,2800.00,4449.78,3,95,-78.81,-19.44,36.54,0
70,54,6200.00,3324.80,1,92,-82.68,-12.24,38.17,0
70,55,3960.28,2000.00,2,30,-96.75,-26.03,38.35,0
70,56,1800.00,4852.81,3,94,-61.13,9.84,38.15,0
70,57,3494.04,4600.00,0,95,-76.43,-13.80,21.56,0
70,58,1200.00,2600.00,0,83,-67.44,4.66,0.00,0
70,59,5200.00,5311.62,1,97,-69.45,-5.55,25.79,0
70,60,1600.00,5439.24,3,94,-75.67,-0.10,56.24,0
70,61,8600.00,4800.00,0,99,-78.52,-15.84,0.00,0
70,62,5800.00,5819.97,1,103,-84.58,-27.26,58.66,0
70,63,7000.00,7717.82,1,109,-58.34,9.95,56.55,0
70,64,1200.00,2079.01,3,0,-85.70,-12.34,40.33,0
70,65,4200.00,5727.84,1,96,-39.23,30.51,26.07,0
70,66,5229.00,7800.00,0,44,-110.17,-61.81,56.85,0
70,67,1673.56,2400.00,0,83,-71.60,-2.10,43.77,0
70,68,5600.00,3098.18,3,86,-69.34,-6.39,29.38,0
70,69,8400.00,8000.00,2,82,-104.81,-33.79,0.00,0
70,70,7664.57,6200.00,0,104,-51.55,11.26,24.78,0
70,71,3200.00,5000.00,2,95,-68.35,-12.73,0.00,0
70,72,5400.00,6285.51,3,102,-74.13,-10.29,35.94,0
70,73,5600.00,2273.14,1,86,-88.16,-19.42,25.23,0
70,74,2200.00,4688.20,3,94,-84.10,-22.64,25.80,0
70,75,2646.47,6600.00,2,100,-83.75,-17.94,45.81,1
70,76,6300.33,6000.00,2,103,-101.26,-42.95,21.79,0
70,77,9000.00,5600.00,2,79,-123.06,-60.16,0.00,0
70,78,5600.00,5408.37,3,97,-74.54,-8.02,41.81,0
70,79,8600.00,3399.69,3,88,-73.43,-9.50,23.43,0
70,80,5000.00,5000.00,2,41,-62.37,-11.58,0.00,0
70,81,4422.64,5400.00,2,96,-61.78,-4.75,27.17,0
70,82,7200.00,7357.59,3,109,-41.02,25.63,33.93,0
70,83,8591.14,6000.00,2,79,-94.46,-36.95,47.35,0
70,84,5318.52,5800.00,0,102,-86.06,-17.21,21.84,0
70,85,7083.03,7600.00,0,109,-81.97,-9.91,39.85,1
70,86,6030.41,8000.00,2,52,-110.31,-44.70,26.80,0
70,87,5600.00,2600.00,0,86,-94.30,-23.77,0.00,0
70,88,7000.00,6061.86,1,103,-79.83,-20.74,58.34,0
70,89,4577.76,3000.00,0,85,-96.37,-23.57,35.02,0
70,90,6800.00,7917.74,3,109,-87.28,-17.09,39.48,0
70,91,6800.00,4600.00,1,98,-59.12,3.36,0.00,0
70,92,4600.00,7774.48,3,107,-77.88,-18.29,20.02,0
70,93,2600.00,4800.00,3,95,-69.48,3.87,0.00,0
70,94,6600.00,6400.00,1,103,-52.24,14.83,0.00,0
70,95,3754.56,3400.00,0,90,-54.54,2.30,30.69,0
70,96,2400.00,7742.26,1,22,-98.76,-31.95,30.19,0
70,97,2200.00,2999.77,3,84,-79.31,-6.17,36.97,0
70,98,1984.34,3600.00,2,89,-76.92,-12.63,18.79,0
70,99,8905.31,2000.00,2,75,-106.65,-35.24,53.78,0
71,0,2200.00,7200.00,2,105,-70.33,-4.96,0.00,0
71,1,2200.00,5734.02,3,100,-52.58,17.71,53.25,0
71,2,7400.00,4628.75,3,63,-89.12,-21.37,50.03,1
71,3,6200.00,2814.85,3,86,-83.71,-25.55,50.93,0
71,4,8200.00,4200.00,0,99,-81.52,-21.78,0.00,0
71,5,7800.00,3796.40,3,93,-70.22,-4.32,32.58,0
71,6,4299.77,3200.00,2,85,-83.12,-26.01,48.04,0
71,7,5000.00,3695.09,3,91,-59.46,6.31,21.26,0
71,8,4600.00,5600.00,3,96,-82.76,-32.49,0.00,0
71,9,1841.04,3800.00,0,89,-67.38,2.28,32.84,0
71,10,3000.00,5998.55,3,101,-78.38,-29.11,41.89,0
71,11,4200.00,2600.00,0,85,-74.26,-13.98,0.00,0
71,12,7370.10,5600.00,0,104,-76.57,-2.52,22.78,0
71,13,2068.01,6200.00,2,100,-66.02,-0.44,35.20,0
71,14,6738.16,4800.00,0,98,-80.86,-22.29,21.89,0
71,15,8375.94,4800.00,2,99,-57.64,9.06,28.87,0
71,16,4200.00,2308.26,1,85,-74.32,3.61,38.94,0
71,17,3430.75,4600.00,2,95,-70.91,-4.41,22.72,0
71,18,7885.08,3000.00,2,88,-65.37,3.12,39.40,0
71,19,5200.00,6521.33,3,102,-60.42,4.66,20.98,0
71,20,6200.00,7250.88,3,108,-93.10,-38.41,45.44,0
71,21,4800.00,3965.58,3,91,-62.55,-9.19,37.51,0
71,22,1000.00,5618.59,3,4,-127.24,-64.84,22.87,0
71,23,5860.14,2000.00,0,45,-96.43,-34.83,28.87,0
71,24,5400.00,7000.00,3,108,-101.69,-35.02,0.00,0
71,25,1600.00,6800.00,3,105,-84.63,-11.68,0.00,0
71,26,1744.01,5800.00,2,12,-133.96,-70.05,24.32,0
71,27,1384.46,2200.00,2,0,-105.46,-38.12,18.64,0
71,28,4800.00,6200.00,2,102,-83.79,-16.18,0.00,0
71,29,5200.00,6000.00,0,102,-71.82,0.58,0.00,0
71,30,1600.00,7635.44,1,105,-75.09,-2.89,28.35,0
71,31,1314.64,2400.00,2,83,-90.06,-20.61,52.68,0
71,32,7615.60,7400.00,0,110,-60.61,-0.97,18.71,0
71,33,8400.00,2400.00,1,88,-59.83,18.65,0.00,0
71,34,6800.00,4800.00,2,98,-41.42,20.52,0.00,0
71,35,3000.00,7400.00,0,106,-65.67,5.83,0.00,0
71,36,6964.06,5200.00,2,98,-43.44,20.13,33.31,0
71,37,3682.31,3600.00,2,90,-69.21,-0.41,21.73,0
71,38,2200.00,7719.93,3,14,-103.83,-40.06,52.65,0
71,39,1000.00,6349.05,3,5,-106.17,-27.35,51.54,0
71,40,1600.00,5180.53,3,94,-61.07,-2.25,23.36,0
71,41,3000.00,4260.76,1,18,-84.62,-14.60,24.57,1
71,42,2800.00,6800.00,0,106,-63.91,5.15,0.00,0
71,43,2763.28,3800.00,2,17,-78.95,-11.95,56.60,1
71,44,3435.91,7800.00,2,29,-108.81,-47.08,56.26,0
71,45,7400.00,6200.00,2,104,-65.51,10.65,0.00,0
71,46,7400.00,6752.03,1,104,-75.63,-14.46,40.23,0
71,47,2000.00,6200.00,1,100,-74.85,-7.64,0.00,0
71,48,8400.00,4310.52,3,70,-111.21,-53.51,24.99,1
71,49,5519.85,7000.00,2,108,-91.70,-30.53,38.47,0
71,50,8400.00,7400.00,1,110,-65.67,13.23,0.00,0
71,51,4000.00,7600.00,1,107,-83.70,-24.42,0.00,0
71,52,3200.00,3400.38,3,90,-81.33,-13.27,41.70,0
71,53,2800.00,4419.32,3,95,-71.53,-16.23,36.54,0
71,54,6200.00,3356.61,1,92,-99.29,-25.12,38.17,0
71,55,3928.32,2000.00,2,30,-90.51,-24.90,38.35,0
71,56,1800.00,4821.01,3,94,-66.81,-4.20,38.15,0
71,57,3512.01,4600.00,0,95,-54.72,12.88,21.56,0
71,58,1200.00,2600.00,0,83,-67.44,4.66,0.00,0
71,59,5200.00,5333.11,1,97,-59.07,-3.53,25.79,0
71,60,1600.00,5400.00,1,94,-84.94,-29.81,0.00,0
71,61,8600.00,4800.00,0,99,-78.52,-15.84,0.00,0
71,62,5800.00,5868.85,1,103,-66.94,-9.89,58.66,0
71,63,7000.00,7764.95,1,109,-50.58,16.60,56.55,0
71,64,1200.00,2045.40,3,0,-92.28,-21.82,40.33,0
71,65,4200.00,5749.56,1,96,-55.40,-0.69,26.07,0
71,66,5276.37,7800.00,0,52,-103.78,-34.84,56.85,1
71,67,1710.03,2400.00,0,83,-90.19,-22.52,43.77,0
71,68,5600.00,3073.70,3,86,-83.93,-30.02,29.38,0
71,69,8400.00,8000.00,2,82,-104.81,-33.79,0.00,0
71,70,7685.22,6200.00,0,104,-68.21,-2.88,24.78,0
71,71,3200.00,5000.00,2,95,-68.35,-12.73,0.00,0
71,72,5400.00,6255.56,3,102,-65.38,3.38,35.94,0
71,73,5600.00,2294.17,1,86,-65.94,-4.74,25.23,0
71,74,2200.00,4666.70,3,94,-85.00,-26.74,25.80,0
71,75,2608.29,6600.00,2,100,-80.97,-14.19,45.81,0
71,76,6282.17,6000.00,2,103,-80.80,-33.61,21.79,0
71,77,9000.00,5600.00,2,79,-123.06,-60.16,0.00,0
71,78,5600.00,5426.47,1,97,-70.63,-6.80,41.81,0
71,79,8600.00,3380.17,3,88,-83.39,-21.43,23.43,0
71,80,5000.00,5000.00,2,41,-62.37,-11.58,0.00,0
71,81,4400.00,5400.00,2,96,-67.18,-7.94,27.17,0
71,82,7200.00,7329.31,3,109,-49.37,22.28,33.93,0
71,83,8551.69,6000.00,2,80,-116.86,-60.79,47.35,1
71,84,5336.72,5800.00,0,42,-100.28,-45.75,21.84,1
71,85,7116.24,7600.00,0,109,-76.97,-1.35,39.85,0
71,86,6008.07,8000.00,2,52,-101.01,-36.92,26.80,0
71,87,5600.00,2600.00,0,86,-94.30,-23.77,0.00,0
71,88,7000.00,6110.47,1,103,-73.08,-3.32,58.34,0
71,89,4600.00,3000.00,1,85,-77.38,-11.68,0.00,0
71,90,6800.00,7884.84,3,109,-97.63,-21.88,39.48,0
71,91,6800.00,4600.00,1,98,-59.12,3.36,0.00,0
71,92,4600.00,7757.80,3,107,-83.02,-25.01,20.02,0
71,93,2600.00,4800.00,3,95,-69.48,3.87,0.00,0
71,94,6600.00,6400.00,1,103,-52.24,14.83,0.00,0
71,95,3780.14,3400.00,0,90,-70.20,-1.51,30.69,0
71,96,2400.00,7767.42,1,22,-107.75,-40.90,30.19,0
71,97,2200.00,2968.96,3,84,-72.02,-5.72,36.97,0
71,98,1953.03,3600.00,2,89,-80.44,-13.88,37.58,0
71,99,8860.49,2000.00,2,75,-102.11,-29.64,53.78,0
72,0,2200.00,7200.00,2,105,-70.33,-4.96,0.00,0
72,1,2200.00,5689.64,3,100,-91.44,-30.74,53.25,0
72,2,7412.94,4600.00,0,63,-100.07,-23.74,50.03,0
72,3,6200.00,2772.41,3,86,-73.30,-21.36,50.93,0
72,4,8200.00,4200.00,0,99,-81.52,-21.78,0.00,0
72,5,7800.00,3769.25,3,93,-99.69,-30.54,32.58,0
72,6,4259.74,3200.00,2,85,-73.88,-3.87,48.04,0
72,7,5000.00,3677.38,3,91,-63.91,2.96,21.26,0
72,8,4600.00,5600.00,3,96,-82.76,-32.49,0.00,0
72,9,1868.41,3800.00,0,89,-68.32,7.07,32.84,0
72,10,3000.00,5963.64,3,101,-67.59,-2.21,41.89,0
72,11,4200.00,2600.00,0,85,-74.26,-13.98,0.00,0
72,12,7389.08,5600.00,0,104,-68.64,-3.14,22.78,0
72,13,2038.67,6200.00,2,100,-80.94,-24.14,35.20,0
72,14,6756.40,4800.00,0,98,-68.36,-7.66,21.89,0
72,15,8327.83,4800.00,2,99,-58.30,-0.08,57.73,0
72,16,4200.00,2340.70,1,85,-65.72,-5.63,38.94,0
72,17,3411.81,4600.00,2,95,-62.56,-3.18,22.72,0
72,18,7852.24,3000.00,2,88,-80.72,-17.07,39.40,0
72,19,5200.00,6503.84,3,102,-78.34,-10.54,20.98,0
72,20,6200.00,7213.01,3,108,-70.52,-18.64,45.44,0
72,21,4800.00,3934.32,3,91,-86.89,-15.66,37.51,0
72,22,1000.00,5599.53,3,4,-130.97,-58.20,22.87,0
72,23,5884.20,2000.00,0,45,-106.18,-36.35,28.87,0
72,24,5400.00,7000.00,3,108,-101.69,-35.02,0.00,0
72,25,1600.00,6800.00,3,105,-84.63,-11.68,0.00,0
72,26,1723.75,5800.00,2,12,-123.12,-54.12,24.32,0
72,27,1353.39,2200.00,2,0,-101.78,-25.77,37.28,0
72,28,4800.00,6200.00,2,102,-83.79,-16.18,0.00,0
72,29,5200.00,6000.00,0,102,-71.82,0.58,0.00,0
72,30,1600.00,7659.07,1,105,-66.06,-0.02,28.35,0
72,31,1270.73,2400.00,2,83,-49.18,23.52,52.68,0
72,32,7646.79,7400.00,0,110,-63.65,-1.19,37.43,0
72,33,8400.00,2400.00,1,88,-59.83,18.65,0.00,0
72,34,6800.00,4800.00,2,98,-41.42,20.52,0.00,0
72,35,3015.11,7400.00,0,106,-67.85,2.04,18.13,0
72,36,6936.31,5200.00,2,98,-35.57,29.07,33.31,0
72,37,3664.20,3600.00,2,90,-65.48,1.32,21.73,0
72,38,2200.00,7676.06,3,14,-97.04,-28.24,52.65,0
72,39,1000.00,6306.10,3,5,-101.23,-28.42,51.54,0
72,40,1600.00,5141.60,3,94,-50.00,7.73,46.72,0
72,41,3000.00,4281.24,1,18,-81.23,-11.83,24.57,0
72,42,2800.00,6800.00,0,106,-63.91,5.15,0.00,0
72,43,2716.12,3800.00,2,17,-94.07,-34.99,56.60,0
72,44,3400.00,7789.02,3,29,-82.71,-23.35,56.26,0
72,45,7400.00,6200.00,2,104,-65.51,10.65,0.00,0
72,46,7400.00,6785.55,1,104,-88.94,-23.11,40.23,0
72,47,2000.00,6200.00,1,100,-74.85,-7.64,0.00,0
72,48,8400.00,4289.69,3,78,-103.35,-37.88,24.99,1
72,49,5487.78,7000.00,2,108,-64.59,-1.82,38.47,0
72,50,8400.00,7400.00,1,110,-65.67,13.23,0.00,0
72,51,4000.00,7600.00,1,107,-83.70,-24.42,0.00,0
72,52,3200.00,3365.63,3,90,-85.75,-16.33,41.70,0
72,53,2800.00,4388.87,3,95,-69.29,-6.19,36.54,0
72,54,6200.00,3388.41,1,92,-82.00,-7.97,38.17,0
72,55,3896.36,2000.00,2,30,-99.27,-33.47,38.35,0
72,56,1800.00,4789.22,3,94,-78.41,-5.94,38.15,0
72,57,3529.97,4600.00,0,95,-67.06,3.24,21.56,0
72,58,1200.00,2600.00,0,83,-67.44,4.66,0.00,0
72,59,5200.00,5354.60,1,97,-73.86,-11.59,25.79,0
72,60,1600.00,5400.00,1,94,-84.94,-29.81,0.00,0
72,61,8600.00,4800.00,0,99,-78.52,-15.84,0.00,0
72,62,5800.00,5917.73,1,103,-75.03,-6.49,58.66,0
72,63,7012.08,7800.00,0,109,-76.73,-11.05,56.55,0
72,64,1200.00,2011.79,3,0,-64.08,13.51,40.33,0
72,65,4200.00,5771.29,1,96,-70.31,-9.72,26.07,0
72,66,5323.74,7800.00,0,52,-97.30,-40.37,56.85,0
72,67,1746.51,2400.00,0,83,-70.53,3.70,43.77,0
72,68,5600.00,3049.22,3,86,-85.82,-19.07,29.38,0
72,69,8400.00,8000.00,2,82,-104.81,-33.79,0.00,0
72,70,7705.87,6200.00,0,104,-68.73,-5.98,24.78,0
72,71,3200.00,5000.00,2,95,-68.35,-12.73,0.00,0
72,72,5400.00,6225.61,3,102,-67.10,-13.50,35.94,0
72,73,5600.00,2315.20,1,86,-73.20,-1.79,25.23,0
72,74,2200.00,4645.19,3,94,-80.40,-20.25,25.80,0
72,75,2600.00,6600.00,0,100,-93.74,-31.75,0.00,0
72,76,6264.01,6000.00,2,103,-95.63,-50.43,21.79,0
72,77,9000.00,5600.00,2,79,-123.06,-60.16,0.00,0
72,78,5600.00,5461.31,1,97,-65.84,-1.92,41.81,0
72,79,8600.00,3360.64,3,88,-83.31,-21.14,23.43,0
72,80,5000.00,5000.00,2,41,-62.37,-11.58,0.00,0
72,81,4377.36,5400.00,2,96,-69.08,-4.09,27.17,0
72,82,7200.00,7301.03,3,109,-52.03,22.41,33.93,0
72,83,8512.23,6000.00,2,72,-108.57,-40.91,47.35,1
72,84,5354.92,5800.00,0,42,-92.58,-41.37,21.84,0
72,85,7149.45,7600.00,0,109,-81.52,-9.25,39.85,0
72,86,6000.00,8000.00,0,52,-102.43,-37.03,0.00,0
72,87,5600.00,2600.00,0,86,-94.30,-23.77,0.00,0
72,88,7000.00,6159.09,1,104,-75.85,-8.49,58.34,1
72,89,4600.00,3000.00,1,85,-77.38,-11.68,0.00,0
72,90,6800.00,7851.93,3,109,-82.41,-23.56,39.48,0
72,91,6800.00,4600.00,1,98,-59.12,3.36,0.00,0
72,92,4600.00,7741.11,3,107,-91.74,-24.53,20.02,0
72,93,2600.00,4800.00,3,95,-69.48,3.87,0.00,0
72,94,6600.00,6400.00,1,103,-52.24,14.83,0.00,0
72,95,3805.72,3400.00,0,90,-65.83,3.67,30.69,0
72,96,2400.00,7792.58,1,22,-107.28,-42.00,30.19,0
72,97,2200.00,2938.15,3,83,-64.59,-8.60,36.97,1
72,98,1921.71,3600.00,2,89,-58.89,7.76,37.58,0
72,99,8815.67,2000.00,2,75,-85.69,-32.60,53.78,0
73,0,2200.00,7200.00,2,105,-70.33,-4.96,0.00,0
73,1,2200.00,5645.26,3,100,-91.08,-23.34,53.25,0
73,2,7454.63,4600.00,0,63,-106.20,-34.19,50.03,0
73,3,6200.00,2729.97,3,86,-64.55,0.02,50.93,0
73,4,8200.00,4200.00,0,99,-81.52,-21.78,0.00,0
73,5,7800.00,3742.10,3,93,-84.80,-16.28,32.58,0
73,6,4219.71,3200.00,2,85,-58.15,5.96,48.04,0
73,7,5000.00,3659.66,3,91,-70.56,-4.99,21.26,0
73,8,4600.00,5600.00,3,96,-82.76,-32.49,0.00,0
73,9,1895.77,3800.00,0,89,-70.75,-0.79,32.84,0
73,10,3000.00,5928.73,3,101,-73.86,-18.52,41.89,0
73,11,4200.00,2600.00,0,85,-74.26,-13.98,0.00,0
73,12,7391.94,5600.00,2,104,-70.83,-11.57,22.78,0
73,13,2009.34,6200.00,2,100,-78.98,-9.94,35.20,0
73,14,6774.64,4800.00,0,98,-77.73,-15.14,21.89,0
73,15,8279.72,4800.00,2,99,-84.11,-21.06,57.73,0
73,16,4200.00,2373.15,1,85,-74.50,-4.03,38.94,0
73,17,3400.00,4607.12,1,95,-72.86,-7.42,22.72,0
73,18,7819.41,3000.00,2,88,-75.52,-8.39,39.40,0
73,19,5200.00,6486.36,3,102,-83.43,-15.15,20.98,0
73,20,6200.00,7224.86,1,108,-42.62,11.93,45.44,0
73,21,4800.00,3903.07,3,91,-82.78,-26.70,37.51,0
73,22,1000.00,5580.47,3,4,-121.51,-44.30,22.87,0
73,23,5908.25,2000.00,0,45,-105.41,-43.30,28.87,0
73,24,5400.00,7000.00,3,108,-101.69,-35.02,0.00,0
73,25,1600.00,6800.00,3,105,-84.63,-11.68,0.00,0
73,26,1703.48,5800.00,2,12,-121.08,-49.10,24.32,0
73,27,1322.32,2200.00,2,0,-104.64,-38.68,37.28,0
73,28,4800.00,6200.00,2,102,-83.79,-16.18,0.00,0
73,29,5200.00,6000.00,0,102,-71.82,0.58,0.00,0
73,30,1600.00,7682.69,1,105,-58.24,6.84,28.35,0
73,31,1226.83,2400.00,2,83,-73.99,0.67,52.68,0
73,32,7677.98,7400.00,0,110,-51.54,13.35,37.43,0
73,33,8400.00,2415.00,1,88,-51.98,27.50,18.00,0
73,34,6800.00,4800.00,2,98,-41.42,20.52,0.00,0
73,35,3045.32,7400.00,0,106,-63.38,-4.48,36.26,0
73,36,6908.55,5200.00,2,98,-64.40,-1.98,33.31,0
73,37,3646.10,3600.00,2,90,-77.87,-18.81,21.73,0
73,38,2200.00,7632.18,3,105,-73.88,1.10,52.65,1
73,39,1000.00,6263.15,3,5,-98.56,-27.88,51.54,0
73,40,1600.00,5102.67,3,94,-60.05,15.39,46.72,0
73,41,3000.00,4301.72,1,18,-89.81,-11.05,24.57,0
73,42,2800.00,6800.00,0,106,-63.91,5.15,0.00,0
73,43,2668.95,3800.00,2,89,-65.51,2.10,56.60,1
73,44,3400.00,7742.14,3,29,-92.91,-29.76,56.26,0
73,45,7400.00,6200.00,2,104,-65.51,10.65,0.00,0
73,46,7419.08,6800.00,0,104,-62.91,-5.73,40.23,0
73,47,2000.00,6200.00,1,100,-74.85,-7.64,0.00,0
73,48,8400.00,4268.86,3,78,-110.59,-46.31,24.99,0
73,49,5455.72,7000.00,2,108,-89.61,-38.26,38.47,0
73,50,8400.00,7400.00,1,110,-65.67,13.23,0.00,0
73,51,4000.00,7600.00,1,107,-83.70,-24.42,0.00,0
73,52,3200.00,3330.89,3,90,-88.10,-20.18,41.70,0
73,53,2800.00,4358.41,3,95,-62.71,-3.81,36.54,0
73,54,6200.00,3400.00,2,92,-70.06,-8.17,0.00,0
73,55,3864.40,2000.00,2,23,-107.51,-31.79,38.35,1
73,56,1800.00,4757.42,3,94,-67.87,-11.46,38.15,0
73,57,3547.94,4600.00,0,95,-60.21,-4.27,21.56,0
73,58,1200.00,2600.00,0,83,-67.44,4.66,0.00,0
73,59,5200.00,5376.09,1,97,-63.30,3.72,25.79,0
73,60,1600.00,5400.00,1,94,-84.94,-29.81,0.00,0
73,61,8614.91,4800.00,0,99,-83.73,-26.01,17.89,0
73,62,5800.00,5966.61,1,103,-89.94,-14.95,58.66,0
73,63,7059.21,7800.00,0,109,-73.06,1.19,56.55,0
73,64,1221.82,2000.00,0,0,-83.88,-8.68,40.33,0
73,65,4200.00,5793.02,1,96,-90.18,-36.82,26.07,0
73,66,5371.11,7800.00,0,52,-105.00,-48.69,56.85,0
73,67,1782.98,2400.00,0,83,-70.90,-1.86,43.77,0
73,68,5600.00,3024.74,3,86,-81.75,-17.72,29.38,0
73,69,8400.00,8000.00,2,82,-104.81,-33.79,0.00,0
73,70,7726.52,6200.00,0,104,-87.52,-25.39,24.78,0
73,71,3200.00,5000.00,2,95,-68.35,-12.73,0.00,0
73,72,5395.66,6200.00,2,102,-67.32,1.12,35.94,0
73,73,5600.00,2336.23,1,86,-72.01,-4.11,25.23,0
73,74,2200.00,4623.69,3,94,-81.34,-20.85,25.80,0
73,75,2600.00,6600.00,0,100,-93.74,-31.75,0.00,0
73,76,6245.85,6000.00,2,103,-83.57,-11.53,21.79,0
73,77,9000.00,5600.00,2,79,-123.06,-60.16,0.00,0
73,78,5600.00,5496.15,1,97,-65.99,-8.11,41.81,0
73,79,8600.00,3341.11,3,88,-87.06,-18.12,23.43,0
73,80,5000.00,5000.00,2,41,-62.37,-11.58,0.00,0
73,81,4354.72,5400.00,2,96,-71.25,-9.22,27.17,0
73,82,7200.00,7272.76,3,109,-57.77,10.91,33.93,0
73,83,8472.77,6000.00,2,72,-101.91,-46.93,47.35,0
73,84,5373.13,5800.00,0,102,-90.13,-29.64,21.84,1
73,85,7182.66,7600.00,0,109,-69.64,3.18,39.85,0
73,86,6000.00,8000.00,0,52,-102.43,-37.03,0.00,0
73,87,5600.00,2600.00,0,86,-94.30,-23.77,0.00,0
73,88,7000.00,6200.00,0,104,-77.22,-18.50,0.00,0
73,89,4600.00,3000.00,1,85,-77.38,-11.68,0.00,0
73,90,6800.00,7819.03,3,109,-86.28,-30.14,39.48,0
73,91,6800.00,4600.00,1,98,-59.12,3.36,0.00,0
73,92,4600.00,7724.42,3,107,-84.31,-28.10,20.02,0
73,93,2600.00,4800.00,3,95,-69.48,3.87,0.00,0
73,94,6600.00,6400.00,1,103,-52.24,14.83,0.00,0
73,95,3831.30,3400.00,0,90,-79.55,-9.37,30.69,0
73,96,2417.74,7800.00,0,22,-107.19,-30.01,30.19,0
73,97,2200.00,2907.35,3,83,-51.85,6.45,36.97,0
73,98,1890.40,3600.00,2,89,-78.69,-11.91,37.58,0
73,99,8829.14,2000.00,0,75,-89.76,-16.80,53.78,0
74,0,2200.00,7200.00,2,105,-70.33,-4.96,0.00,0
74,1,2200.00,5600.89,3,100,-97.94,-30.33,53.25,0
74,2,7496.32,4600.00,0,63,-104.00,-42.70,50.03,0
74,3,6200.00,2687.53,3,86,-82.36,-20.36,50.93,0
74,4,8222.79,4200.00,0,99,-90.37,-36.15,27.35,0
74,5,7800.00,3714.95,3,93,-67.25,6.15,32.58,0
74,6,4200.00,3220.32,1,85,-51.39,-0.13,48.04,0
74,7,5000.00,3641.94,3,91,-86.94,-13.12,21.26,0
74,8,4600.00,5600.00,3,96,-82.76,-32.49,0.00,0
74,9,1923.13,3800.00,0,89,-79.83,-15.29,32.84,0
74,10,3000.00,5893.82,3,101,-69.37,-20.93,41.89,0
74,11,4200.00,2600.00,0,85,-74.26,-13.98,0.00,0
74,12,7372.96,5600.00,2,104,-66.98,-3.46,22.78,0
74,13,2000.00,6219.99,1,100,-46.95,14.83,35.20,0
74,14,6792.89,4800.00,0,98,-82.86,-24.45,21.89,0
74,15,8231.61,4800.00,2,99,-81.42,-14.40,57.73,0
74,16,4194.40,2400.00,2,85,-93.38,-21.74,38.94,0
74,17,3400.00,4626.06,1,95,-69.81,-2.25,22.72,0
74,18,7813.43,3000.00,0,88,-89.35,-21.61,39.40,0
74,19,5200.00,6468.88,3,102,-73.37,-4.85,20.98,0
74,20,6200.00,7262.73,1,108,-72.28,-3.84,45.44,0
74,21,4800.00,3871.81,3,91,-69.71,-7.19,37.51,0
74,22,1000.00,5561.41,3,4,-113.80,-39.63,22.87,0
74,23,5932.31,2000.00,0,45,-105.11,-37.13,28.87,0
74,24,5400.00,7000.00,3,108,-101.69,-35.02,0.00,0
74,25,1600.00,6800.00,3,105,-84.63,-11.68,0.00,0
74,26,1683.22,5800.00,2,12,-115.13,-50.95,24.32,0
74,27,1291.25,2200.00,2,0,-102.73,-33.74,37.28,0
74,28,4800.00,6200.00,2,102,-83.79,-16.18,0.00,0
74,29,5200.00,6000.00,0,102,-71.82,0.58,0.00,0
74,30,1600.00,7706.32,1,105,-48.34,29.75,28.35,0
74,31,1200.00,2382.93,3,83,-61.65,2.87,52.68,0
74,32,7709.17,7400.00,0,110,-58.67,3.28,37.43,0
74,33,8400.00,2445.01,1,88,-80.81,-8.41,36.01,0
74,34,6800.00,4800.00,2,98,-41.42,20.52,0.00,0
74,35,3075.54,7400.00,0,106,-58.29,10.21,36.26,0
74,36,6880.79,5200.00,2,98,-76.61,-13.17,33.31,0
74,37,3627.99,3600.00,2,90,-82.05,-14.20,21.73,0
74,38,2200.00,7600.00,0,105,-77.32,-1.86,0.00,0
74,39,1000.00,6220.20,3,5,-111.87,-52.20,51.54,0
74,40,1600.00,5063.74,3,94,-38.87,28.38,46.72,0
74,41,3000.00,4322.20,1,18,-102.44,-31.97,24.57,0
74,42,2813.00,6800.00,0,106,-67.23,-3.93,15.60,0
74,43,2621.79,3800.00,2,89,-73.92,-15.26,56.60,0
74,44,3400.00,7695.25,3,106,-60.94,4.76,56.26,1
74,45,7400.00,6200.00,2,104,-65.51,10.65,0.00,0
74,46,7452.61,6800.00,0,104,-84.44,-15.79,40.23,0
74,47,2000.00,6200.00,1,100,-74.85,-7.64,0.00,0
74,48,8400.00,4248.03,3,70,-108.42,-52.18,24.99,1
74,49,5423.66,7000.00,2,108,-98.17,-28.11,38.47,0
74,50,8400.00,7410.92,1,110,-66.44,15.26,13.11,0
74,51,4000.00,7600.00,1,107,-83.70,-24.42,0.00,0
74,52,3200.00,3296.14,3,90,-79.69,-11.29,41.70,0
74,53,2800.00,4327.96,3,95,-81.54,-15.36,36.54,0
74,54,6200.00,3400.00,2,92,-70.06,-8.17,0.00,0
74,55,3832.43,2000.00,2,23,-98.11,-29.86,38.35,0
74,56,1800.00,4725.63,3,94,-74.25,-9.68,38.15,0
74,57,3565.90,4600.00,0,95,-70.07,-2.37,21.56,0
74,58,1200.00,2600.00,0,83,-67.44,4.66,0.00,0
74,59,5200.00,5397.58,1,97,-73.23,-11.08,25.79,0
74,60,1600.00,5400.00,1,94,-84.94,-29.81,0.00,0
74,61,8644.74,4800.00,0,99,-45.40,20.45,35.79,0
74,62,5815.49,6000.00,0,103,-67.25,-1.35,58.66,0
74,63,7106.33,7800.00,0,109,-94.61,-21.57,56.55,0
74,64,1255.43,2000.00,0,0,-65.50,12.92,40.33,0
74,65,4200.00,5814.74,1,101,-70.55,-4.33,26.07,1
74,66,5418.49,7800.00,0,108,-67.67,2.13,56.85,1
74,67,1800.00,2419.46,1,83,-57.70,21.32,43.77,0
74,68,5600.00,3000.26,3,86,-69.89,4.98,29.38,0
74,69,8400.00,8000.00,2,82,-104.81,-33.79,0.00,0
74,70,7747.16,6200.00,0,104,-71.81,-9.17,24.78,0
74,71,3200.00,5000.00,2,95,-68.35,-12.73,0.00,0
74,72,5365.71,6200.00,2,102,-71.45,1.75,35.94,0
74,73,5600.00,2357.25,1,86,-64.82,2.14,25.23,0
74,74,2200.00,4602.19,3,94,-95.19,-27.89,25.80,0
74,75,2600.00,6600.00,0,100,-93.74,-31.75,0.00,0
74,76,6227.69,6000.00,2,103,-105.14,-40.31,21.79,0
74,77,9000.00,5600.00,2,79,-123.06,-60.16,0.00,0
74,78,5600.00,5530.99,1,97,-72.68,-12.63,41.81,0
74,79,8600.00,3321.58,3,88,-104.99,-44.49,23.43,0
74,80,5000.00,5000.00,2,41,-62.37,-11.58,0.00,0
74,81,4332.08,5400.00,2,96,-57.38,1.19,27.17,0
74,82,7200.00,7244.48,3,109,-60.59,7.99,33.93,0
74,83,8433.32,6000.00,2,72,-109.29,-34.39,47.35,0
74,84,5391.33,5800.00,0,42,-94.31,-25.08,21.84,1
74,85,7200.00,7584.13,3,109,-54.88,21.89,39.85,0
74,86,6000.00,8000.00,0,52,-102.43,-37.03,0.00,0
74,87,5600.00,2600.00,0,86,-94.30,-23.77,0.00,0
74,88,7000.00,6200.00,0,104,-77.22,-18.50,0.00,0
74,89,4600.00,3000.00,1,85,-77.38,-11.68,0.00,0
74,90,6813.88,7800.00,0,109,-68.08,-9.75,39.48,0
74,91,6800.00,4600.00,1,98,-59.12,3.36,0.00,0
74,92,4600.00,7707.74,3,107,-76.69,-16.64,20.02,0
74,93,2600.00,4800.00,3,95,-69.48,3.87,0.00,0
74,94,6600.00,6400.00,1,103,-52.24,14.83,0.00,0
74,95,3856.87,3400.00,0,90,-106.01,-39.21,30.69,0
74,96,2442.90,7800.00,0,22,-104.57,-30.79,30.19,0
74,97,2200.00,2876.54,3,83,-77.12,-8.29,36.97,0
74,98,1859.08,3600.00,2,89,-71.84,-5.76,37.58,0
74,99,8873.96,2000.00,0,75,-108.32,-41.82,53.78,0
75,0,2200.00,7200.00,2,105,-70.33,-4.96,0.00,0
75,1,2200.00,5556.51,3,100,-72.82,-7.29,53.25,0
75,2,7538.01,4600.00,0,63,-106.89,-35.15,50.03,0
75,3,6200.00,2645.09,3,86,-86.30,-17.54,50.93,0
75,4,8268.37,4200.00,0,99,-72.79,-14.99,54.70,0
75,5,7800.00,3687.81,3,93,-41.81,27.68,32.58,0
75,6,4200.00,3260.35,1,85,-57.75,8.03,48.04,0
75,7,5000.00,3624.23,3,91,-82.06,-17.43,21.26,0
75,8,4600.00,5581.88,3,96,-88.65,-24.79,21.74,0
75,9,1950.50,3800.00,0,89,-61.27,7.98,32.84,0
75,10,3000.00,5858.91,3,101,-72.56,-17.49,41.89,0
75,11,4217.98,2600.00,0,85,-59.89,9.78,21.58,0
75,12,7353.98,5600.00,2,104,-84.29,-21.87,22.78,0
75,13,2000.00,6249.32,1,100,-84.23,-22.49,35.20,0
75,14,6788.87,4800.00,2,98,-55.96,14.11,21.89,0
75,15,8200.00,4816.51,1,99,-66.29,8.40,57.73,0
75,16,4161.95,2400.00,2,85,-83.88,-27.17,38.94,0
75,17,3400.00,4645.00,1,95,-84.08,-29.27,22.72,0
75,18,7846.26,3000.00,0,88,-94.41,-34.31,39.40,0
75,19,5200.00,6451.39,3,102,-82.30,-14.62,20.98,0
75,20,6200.00,7300.61,1,108,-70.04,-4.44,45.44,0
75,21,4800.00,3840.56,3,91,-63.53,-0.60,37.51,0
75,22,1000.00,5542.34,3,4,-124.67,-55.79,22.87,0
75,23,5956.37,2000.00,0,45,-111.41,-45.54,28.87,0
75,24,5400.00,7000.00,3,108,-101.69,-35.02,0.00,0
75,25,1600.00,6800.00,3,105,-84.63,-11.68,0.00,0
75,26,1662.95,5800.00,2,4,-113.43,-59.55,24.32,1
75,27,1260.18,2200.00,2,0,-95.82,-26.08,37.28,0
75,28,4800.00,6200.00,2,102,-83.79,-16.18,0.00,0
75,29,5200.00,6000.00,0,102,-71.82,0.58,0.00,0
75,30,1600.00,7729.95,1,105,-54.43,5.79,28.35,0
75,31,1200.00,2339.03,3,83,-67.32,-4.07,52.68,0
75,32,7740.36,7400.00,0,110,-58.48,1.55,37.43,0
75,33,8400.00,2475.01,1,88,-77.16,-18.12,36.01,0
75,34,6800.00,4800.00,2,98,-41.42,20.52,0.00,0
75,35,3105.76,7400.00,0,106,-83.46,-16.35,36.26,0
75,36,6853.03,5200.00,2,98,-67.34,-5.62,33.31,0
75,37,3609.88,3600.00,2,90,-73.30,-2.40,21.73,0
75,38,2200.00,7600.00,0,105,-77.32,-1.86,0.00,0
75,39,1000.00,6200.00,1,5,-114.27,-44.11,0.00,0
75,40,1600.00,5024.81,3,94,-50.42,26.24,46.72,0
75,41,3000.00,4342.68,1,18,-99.83,-40.16,24.57,0
75,42,2839.00,6800.00,0,106,-53.97,0.80,31.20,0
75,43,2600.00,3800.00,0,89,-70.47,4.27,0.00,0
75,44,3400.00,7648.37,3,106,-66.67,-0.83,56.26,0
75,45,7400.00,6200.00,2,104,-65.51,10.65,0.00,0
75,46,7486.13,6800.00,0,104,-99.63,-38.88,40.23,0
75,47,2000.00,6200.00,1,100,-74.85,-7.64,0.00,0
75,48,8400.00,4227.20,3,70,-97.69,-29.02,24.99,0
75,49,5408.40,7000.00,0,108,-65.30,-6.02,38.47,0
75,50,8400.00,7432.76,1,110,-66.86,9.49,26.21,0
75,51,4000.00,7600.00,1,107,-83.70,-24.42,0.00,0
75,52,3200.00,3261.39,3,90,-53.82,3.95,41.70,0
75,53,2800.00,4297.51,3,95,-71.45,-10.27,36.54,0
75,54,6200.00,3400.00,2,92,-70.06,-8.17,0.00,0
75,55,3800.47,2000.00,2,23,-105.19,-45.07,38.35,0
75,56,1800.00,4693.83,3,94,-69.19,-6.73,38.15,0
75,57,3583.87,4600.00,0,95,-90.83,-35.41,21.56,0
75,58,1200.00,2600.00,0,83,-67.44,4.66,0.00,0
75,59,5200.00,5380.93,3,97,-63.25,-5.42,25.79,0
75,60,1600.00,5400.00,1,94,-84.94,-29.81,0.00,0
75,61,8674.56,4800.00,0,99,-77.01,-7.60,35.79,0
75,62,5864.38,6000.00,0,103,-60.20,7.68,58.66,0
75,63,7153.46,7800.00,0,109,-87.39,-17.08,56.55,0
75,64,1289.04,2000.00,0,0,-76.20,0.78,40.33,0
75,65,4200.00,5836.47,1,101,-73.90,-8.36,26.07,0
75,66,5465.86,7800.00,0,108,-65.93,2.92,56.85,0
75,67,1800.00,2455.93,1,83,-76.26,-2.26,43.77,0
75,68,5600.00,3000.00,0,86,-64.93,0.67,0.00,0
75,69,8400.00,8000.00,2,82,-104.81,-33.79,0.00,0
75,70,7767.81,6200.00,0,104,-66.10,4.18,24.78,0
75,71,3200.00,5000.00,2,95,-68.35,-12.73,0.00,0
75,72,5335.76,6200.00,2,102,-61.54,0.94,35.94,0
75,73,5600.00,2378.28,1,86,-54.81,15.30,25.23,0
75,74,2180.68,4600.00,2,94,-56.49,13.63,25.80,0
75,75,2600.00,6600.00,0,100,-93.74,-31.75,0.00,0
75,76,6209.53,6000.00,2,103,-95.61,-29.15,21.79,0
75,77,8983.72,5600.00,2,79,-113.56,-50.74,19.54,0
75,78,5600.00,5565.83,1,97,-72.99,-10.78,41.81,0
75,79,8600.00,3302.06,3,88,-96.30,-24.13,23.43,0
75,80,5000.00,5000.00,2,41,-62.37,-11.58,0.00,0
75,81,4309.44,5400.00,2,96,-78.53,-10.97,27.17,0
75,82,7200.00,7216.21,3,109,-52.18,14.74,33.93,0
75,83,8400.00,6000.00,3,80,-114.36,-52.60,0.00,1
75,84,5400.00,5809.53,1,102,-88.99,-24.63,21.84,1
75,85,7200.00,7550.92,3,109,-61.03,7.31,39.85,0
75,86,6000.00,8000.00,0,52,-102.43,-37.03,0.00,0
75,87,5600.00,2600.00,0,86,-94.30,-23.77,0.00,0
75,88,7000.00,6200.00,0,104,-77.22,-18.50,0.00,0
75,89,4600.00,3000.00,1,85,-77.38,-11.68,0.00,0
75,90,6846.78,7800.00,0,109,-75.08,-13.60,39.48,0
75,91,6800.00,4600.00,1,98,-59.12,3.36,0.00,0
75,92,4600.00,7691.05,3,107,-68.32,-2.70,20.02,0
75,93,2600.00,4781.88,3,95,-76.93,-14.80,21.74,0
75,94,6600.00,6400.00,1,103,-52.24,14.83,0.00,0
75,95,3882.45,3400.00,0,90,-87.54,-24.47,30.69,0
75,96,2468.06,7800.00,0,22,-115.34,-50.72,30.19,0
75,97,2200.00,2845.74,3,83,-57.85,7.42,36.97,0
75,98,1827.76,3600.00,2,89,-81.95,-18.47,37.58,0
75,99,8918.78,2000.00,0,75,-111.18,-35.50,53.78,0
76,0,2200.00,7200.00,2,105,-70.33,-4.96,0.00,0
76,1,2200.00,5512.13,3,100,-54.07,12.68,53.25,0
76,2,7579.70,4600.00,0,63,-115.70,-49.94,50.03,0
76,3,6200.00,2602.65,3,86,-70.31,-1.75,50.93,0
76,4,8313.95,4200.00,0,99,-65.52,-3.68,54.70,0
76,5,7800.00,3660.66,3,93,-70.73,1.48,32.58,0
76,6,4200.00,3300.38,1,85,-61.34,11.17,48.04,0
76,7,5000.00,3606.51,3,91,-81.53,-25.10,21.26,0
76,8,4600.00,5545.64,3,96,-99.15,-41.34,43.49,0
76,9,1977.86,3800.00,0,89,-63.32,5.82,32.84,0
76,10,3000.00,5824.01,3,101,-77.27,-11.99,41.89,0
76,11,4253.95,2600.00,0,85,-67.12,-0.11,43.16,0
76,12,7335.00,5600.00,2,104,-91.58,-38.40,22.78,0
76,13,2000.00,6278.65,1,100,-74.02,-17.49,35.20,0
76,14,6770.63,4800.00,2,98,-57.43,6.13,21.89,0
76,15,8200.00,4864.62,1,99,-53.49,9.41,57.73,0
76,16,4129.50,2400.00,2,85,-74.82,-11.95,38.94,0
76,17,3400.00,4663.93,1,95,-88.75,-24.82,22.72,0
76,18,7879.10,3000.00,0,88,-84.50,-18.07,39.40,0
76,19,5200.00,6433.91,3,102,-68.90,-9.77,20.98,0
76,20,6200.00,7338.48,1,108,-58.54,5.01,45.44,0
76,21,4800.00,3809.30,3,91,-88.43,-26.86,37.51,0
76,22,1000.00,5523.28,3,4,-116.19,-42.96,22.87,0
76,23,5980.42,2000.00,0,45,-114.88,-46.58,28.87,0
76,24,5400.00,6976.29,3,108,-85.18,-21.07,28.45,0
76,25,1600.00,6800.00,3,105,-84.63,-11.68,0.00,0
76,26,1642.68,5800.00,2,4,-115.44,-50.86,24.32,0
76,27,1229.11,2200.00,2,0,-98.74,-29.41,37.28,0
76,28,4800.00,6200.00,2,102,-83.79,-16.18,0.00,0
76,29,5200.00,6000.00,0,102,-71.82,0.58,0.00,0
76,30,1600.00,7753.58,1,105,-68.98,-4.95,28.35,0
76,31,1200.00,2295.13,3,83,-77.06,3.37,52.68,0
76,32,7771.55,7400.00,0,110,-62.57,5.80,37.43,0
76,33,8400.00,2505.02,1,88,-78.10,-8.98,36.01,0
76,34,6800.00,4800.00,2,98,-41.42,20.52,0.00,0
76,35,3135.97,7400.00,0,106,-81.81,-17.21,36.26,0
76,36,6825.28,5200.00,2,98,-65.52,-7.18,33.31,0
76,37,3608.22,3600.00,0,90,-111.99,-39.18,21.73,0
76,38,2200.00,7600.00,0,105,-77.32,-1.86,0.00,0
76,39,1000.00,6200.00,1,5,-114.27,-44.11,0.00,0
76,40,1600.00,4985.88,3,94,-36.97,28.58,46.72,0
76,41,3000.00,4363.16,1,18,-99.81,-39.47,24.57,0
76,42,2865.00,6800.00,0,106,-62.85,-3.18,31.20,0
76,43,2600.00,3800.00,0,89,-70.47,4.27,0.00,0
76,44,3400.00,7601.49,3,29,-62.80,-2.42,56.26,1
76,45,7400.00,6200.00,2,104,-65.51,10.65,0.00,0
76,46,7519.66,6800.00,0,104,-78.93,-12.02,40.23,0
76,47,2000.00,6200.00,1,100,-74.85,-7.64,0.00,0
76,48,8400.00,4206.37,3,70,-91.72,-28.65,24.99,0
76,49,5440.46,7000.00,0,108,-73.97,-5.87,38.47,0
76,50,8400.00,7454.61,1,110,-67.75,12.68,26.21,0
76,51,4000.00,7600.00,1,107,-83.70,-24.42,0.00,0
76,52,3200.00,3226.64,3,90,-51.58,18.23,41.70,0
76,53,2800.00,4267.05,3,89,-73.36,0.67,36.54,1
76,54,6200.00,3400.00,2,92,-70.06,-8.17,0.00,0
76,55,3800.00,2031.49,1,23,-104.04,-34.06,38.35,0
76,56,1800.00,4662.04,3,94,-75.58,-0.76,38.15,0
76,57,3601.83,4600.00,0,95,-89.71,-30.58,21.56,0
76,58,1200.00,2600.00,0,83,-67.44,4.66,0.00,0
76,59,5200.00,5359.44,3,97,-54.66,-3.19,25.79,0
76,60,1600.00,5400.00,1,94,-84.94,-29.81,0.00,0
76,61,8704.38,4800.00,0,99,-80.32,-6.04,35.79,0
76,62,5913.26,6000.00,0,103,-55.64,12.42,58.66,0
76,63,7200.59,7800.00,0,109,-50.17,21.02,56.55,0
76,64,1322.66,2000.00,0,0,-77.17,-14.15,40.33,0
76,65,4200.00,5858.20,1,101,-67.69,-2.55,26.07,0
76,66,5513.23,7800.00,0,108,-83.76,-4.74,56.85,0
76,67,1800.00,2492.41,1,83,-64.48,-0.14,43.77,0
76,68,5600.00,3000.00,0,86,-64.93,0.67,0.00,0
76,69,8400.00,8000.00,2,82,-104.81,-33.79,0.00,0
76,70,7788.46,6200.00,0,104,-70.21,1.94,24.78,0
76,71,3200.00,5000.00,2,95,-68.35,-12.73,0.00,0
76,72,5305.81,6200.00,2,102,-55.16,7.34,35.94,0
76,73,5600.00,2399.31,1,86,-60.73,4.28,25.23,0
76,74,2159.18,4600.00,2,94,-54.97,6.88,25.80,0
76,75,2600.00,6600.00,0,100,-93.74,-31.75,0.00,0
76,76,6191.37,6000.00,2,103,-82.27,-10.43,21.79,0
76,77,8951.15,5600.00,2,79,-107.92,-39.50,39.08,0
76,78,5599.33,5600.00,2,97,-100.99,-28.12,41.81,0
76,79,8600.00,3282.53,3,88,-94.12,-20.32,23.43,0
76,80,5000.00,5000.00,2,41,-62.37,-11.58,0.00,0
76,81,4286.80,5400.00,2,96,-62.52,0.12,27.17,0
76,82,7187.93,7200.00,2,109,-71.03,1.20,33.93,0
76,83,8400.00,6000.00,3,72,-102.02,-40.26,0.00,1
76,84,5400.00,5827.73,1,102,-84.11,-15.60,21.84,0
76,85,7200.00,7517.71,3,109,-80.95,-14.56,39.85,0
76,86,6000.00,8000.00,0,52,-102.43,-37.03,0.00,0
76,87,5600.00,2600.00,0,86,-94.30,-23.77,0.00,0
76,88,7000.00,6200.00,0,104,-77.22,-18.50,0.00,0
76,89,4600.00,3000.00,1,85,-77.38,-11.68,0.00,0
76,90,6879.68,7800.00,0,109,-97.44,-32.97,39.48,0
76,91,6800.00,4600.00,1,98,-59.12,3.36,0.00,0
76,92,4600.00,7674.36,3,107,-58.22,4.71,20.02,0
76,93,2600.00,4745.65,3,95,-77.28,-9.37,43.48,0
76,94,6600.00,6400.00,1,103,-52.24,14.83,0.00,0
76,95,3908.03,3400.00,0,90,-73.95,-2.62,30.69,0
76,96,2493.23,7800.00,0,22,-111.26,-50.06,30.19,0
76,97,2200.00,2814.93,3,83,-67.62,0.66,36.97,0
76,98,1800.00,3603.55,1,89,-71.26,0.56,37.58,0
76,99,8963.60,2000.00,0,75,-101.25,-32.76,53.78,0
77,0,2200.00,7200.00,2,105,-70.33,-4.96,0.00,0
77,1,2200.00,5467.75,3,100,-49.97,7.43,53.25,0
77,2,7600.00,4600.00,1,71,-126.56,-67.77,0.00,1
77,3,6200.00,2560.21,3,86,-66.22,5.53,50.93,0
77,4,8359.53,4200.00,0,99,-66.94,-3.16,54.70,0
77,5,7800.00,3633.51,3,93,-68.88,-13.36,32.58,0
77,6,4200.00,3340.41,1,85,-82.56,-19.73,48.04,0
77,7,5011.20,3600.00,0,91,-60.05,4.26,21.26,0
77,8,4600.00,5509.41,3,96,-97.52,-39.26,43.49,0
77,9,2005.22,3800.00,0,89,-71.35,-6.73,32.84,0
77,10,2989.10,5800.00,2,101,-107.65,-40.33,41.89,0
77,11,4289.92,2600.00,0,85,-76.89,-10.72,43.16,0
77,12,7316.02,5600.00,2,104,-68.22,-3.78,22.78,0
77,13,2000.00,6307.99,1,100,-75.18,-8.98,35.20,0
77,14,6752.38,4800.00,2,98,-68.05,1.59,21.89,0
77,15,8200.00,4912.73,1,99,-49.38,21.98,57.73,0
77,16,4097.06,2400.00,2,85,-75.67,-6.97,38.94,0
77,17,3400.00,4682.87,1,95,-89.21,-29.87,22.72,0
77,18,7911.93,3000.00,0,88,-67.98,-5.60,39.40,0
77,19,5200.00,6416.43,3,102,-67.02,-9.83,20.98,0
77,20,6200.00,7376.35,1,108,-78.07,-12.95,45.44,0
77,21,4800.00,3821.96,1,91,-69.71,-12.38,37.51,0
77,22,1000.00,5504.22,3,4,-118.08,-57.32,22.87,0
77,23,5995.52,2000.00,2,45,-96.93,-38.06,28.87,0
77,24,5400.00,6928.87,3,108,-58.08,11.58,56.90,0
77,25,1600.00,6800.00,3,105,-84.63,-11.68,0.00,0
77,26,1622.42,5800.00,2,4,-115.74,-50.40,24.32,0
77,27,1201.96,2200.00,0,0,-113.14,-40.62,37.28,0
77,28,4800.00,6200.00,2,102,-83.79,-16.18,0.00,0
77,29,5200.00,6000.00,0,102,-71.82,0.58,0.00,0
77,30,1600.00,7777.20,1,105,-79.05,-12.73,28.35,0
77,31,1200.00,2251.22,3,83,-99.06,-41.24,52.68,0
77,32,7802.75,7400.00,0,110,-69.40,5.76,37.43,0
77,33,8400.00,2535.02,1,88,-81.74,-8.80,36.01,0
77,34,6800.00,4800.00,2,98,-41.42,20.52,0.00,0
77,35,3166.19,7400.00,0,106,-79.92,-7.57,36.26,0
77,36,6800.00,5197.52,3,98,-83.03,-22.04,33.31,0
77,37,3626.33,3600.00,0,90,-92.65,-17.11,21.73,0
77,38,2200.00,7600.00,0,105,-77.32,-1.86,0.00,0
77,39,1000.00,6200.00,1,5,-114.27,-44.11,0.00,0
77,40,1600.00,4946.95,3,94,-61.85,-0.80,46.72,0
77,41,3000.00,4383.63,1,18,-96.48,-35.00,24.57,0
77,42,2891.01,6800.00,0,106,-75.90,-10.70,31.20,0
77,43,2600.00,3800.00,0,89,-70.47,4.27,0.00,0
77,44,3354.60,7600.00,2,106,-47.58,-1.68,56.26,1
77,45,7400.00,6200.00,2,104,-65.51,10.65,0.00,0
77,46,7553.19,6800.00,0,104,-81.90,-10.30,40.23,0
77,47,2000.00,6200.00,1,100,-74.85,-7.64,0.00,0
77,48,8400.00,4200.00,2,78,-128.11,-53.30,0.00,1
77,49,5472.52,7000.00,0,108,-68.24,-2.11,38.47,0
77,50,8400.00,7476.45,1,110,-60.55,9.16,26.21,0
77,51,4000.00,7621.17,1,107,-96.47,-35.54,25.40,0
77,52,3191.89,3200.00,2,84,-73.48,-11.19,41.70,1
77,53,2800.00,4236.60,3,89,-62.83,8.47,36.54,0
77,54,6200.00,3400.00,2,92,-70.06,-8.17,0.00,0
77,55,3800.00,2063.45,1,23,-93.02,-31.19,38.35,0
77,56,1800.00,4630.24,3,94,-90.96,-17.90,38.15,0
77,57,3619.80,4600.00,0,95,-99.25,-33.43,21.56,0
77,58,1223.12,2600.00,0,83,-62.56,-2.35,27.75,0
77,59,5200.00,5337.95,3,97,-58.23,-3.89,25.79,0
77,60,1600.00,5400.00,1,94,-84.94,-29.81,0.00,0
77,61,8734.21,4800.00,0,99,-83.95,-28.83,35.79,0
77,62,5962.14,6000.00,0,103,-62.08,1.05,58.66,0
77,63,7247.72,7800.00,0,109,-81.10,-14.87,56.55,0
77,64,1356.27,2000.00,0,0,-71.48,4.34,40.33,0
77,65,4200.00,5879.92,1,101,-73.35,-8.78,26.07,0
77,66,5560.60,7800.00,0,108,-74.99,-8.59,56.85,0
77,67,1800.00,2528.88,1,83,-67.47,3.98,43.77,0
77,68,5600.00,3000.00,0,86,-64.93,0.67,0.00,0
77,69,8389.50,8000.00,2,82,-107.07,-36.62,12.60,0
77,70,7800.00,6200.00,1,104,-66.77,3.19,0.00,0
77,71,3200.00,5000.00,2,95,-68.35,-12.73,0.00,0
77,72,5275.86,6200.00,2,102,-47.52,15.88,35.94,0
77,73,5600.00,2420.34,1,86,-77.77,-4.72,25.23,0
77,74,2137.68,4600.00,2,94,-76.37,-18.71,25.80,0
77,75,2600.00,6600.00,0,100,-93.74,-31.75,0.00,0
77,76,6173.20,6000.00,2,103,-73.87,-9.67,21.79,0
77,77,8918.58,5600.00,2,79,-106.36,-36.62,39.08,0
77,78,5564.49,5600.00,2,97,-86.35,-13.06,41.81,0
77,79,8600.00,3263.00,3,88,-78.68,-19.09,23.43,0
77,80,5000.00,5000.00,2,41,-62.37,-11.58,0.00,0
77,81,4264.15,5400.00,2,96,-74.32,-24.58,27.17,0
77,82,7159.66,7200.00,2,109,-55.79,15.59,33.93,0
77,83,8400.00,6000.00,3,72,-102.02,-40.26,0.00,0
77,84,5400.00,5845.93,1,102,-80.00,-12.36,21.84,0
77,85,7200.00,7484.50,3,109,-64.36,1.24,39.85,0
77,86,6000.00,8000.00,0,52,-102.43,-37.03,0.00,0
77,87,5600.00,2600.00,0,86,-94.30,-23.77,0.00,0
77,88,7000.00,6200.00,0,104,-77.22,-18.50,0.00,0
77,89,4600.00,3000.00,1,85,-77.38,-11.68,0.00,0
77,90,6912.59,7800.00,0,67,-84.82,-21.34,39.48,1
77,91,6800.00,4600.00,1,98,-59.12,3.36,0.00,0
77,92,4600.00,7657.68,3,107,-64.98,7.52,20.02,0
77,93,2600.00,4709.42,3,95,-96.10,-28.35,43.48,0
77,94,6600.00,6400.00,1,103,-52.24,14.83,0.00,0
77,95,3933.61,3400.00,0,90,-70.24,1.97,30.69,0
77,96,2518.39,7800.00,0,22,-108.95,-46.78,30.19,0
77,97,2200.00,2815.87,1,83,-83.79,-26.59,36.97,0
77,98,1800.00,3634.87,1,89,-76.91,-6.63,37.58,0
77,99,9000.00,2000.00,2,75,-98.78,-21.40,0.00,0
78,0,2200.00,7200.00,2,105,-70.33,-4.96,0.00,0
78,1,2200.00,5423.37,3,100,-51.78,18.66,53.25,0
78,2,7600.00,4600.00,1,63,-118.11,-59.32,0.00,1
78,3,6200.00,2517.77,3,86,-76.65,-8.04,50.93,0
78,4,8394.88,4200.00,2,70,-123.43,-56.16,54.70,1
78,5,7800.00,3606.37,3,93,-81.79,-18.43,32.58,0
78,6,4200.00,3380.44,1,85,-80.97,-20.33,48.04,0
78,7,5028.92,3600.00,0,91,-57.91,5.60,21.26,0
78,8,4600.00,5473.17,3,96,-107.33,-40.97,43.49,0
78,9,2032.58,3800.00,0,89,-80.19,-23.52,32.84,0
78,10,2954.19,5800.00,2,101,-82.10,-18.76,41.89,0
78,11,4325.88,2600.00,0,85,-80.93,-10.41,43.16,0
78,12,7297.04,5600.00,2,104,-66.57,-6.80,22.78,0
78,13,2000.00,6337.32,1,100,-89.86,-19.70,35.20,0
78,14,6734.14,4800.00,2,98,-78.99,-12.24,21.89,0
78,15,8200.00,4960.84,1,99,-48.65,15.83,57.73,0
78,16,4064.61,2400.00,2,85,-84.05,-21.66,38.94,0
78,17,3400.00,4701.80,1,95,-73.22,-16.06,22.72,0
78,18,7944.77,3000.00,0,88,-69.26,-2.76,39.40,0
78,19,5201.05,6400.00,0,102,-58.92,6.66,20.98,0
78,20,6200.00,7400.00,3,108,-75.03,-22.56,0.00,0
78,21,4800.00,3853.21,1,91,-61.01,3.77,37.51,0
78,22,1000.00,5485.16,3,4,-126.35,-75.46,22.87,0
78,23,5971.46,2000.00,2,45,-103.03,-33.57,28.87,0
78,24,5400.00,6881.45,3,108,-74.06,-4.21,56.90,0
78,25,1600.00,6800.00,3,105,-84.63,-11.68,0.00,0
78,26,1602.15,5800.00,2,4,-117.89,-45.85,24.32,0
78,27,1233.03,2200.00,0,0,-106.26,-38.22,37.28,0
78,28,4800.00,6200.00,2,102,-83.79,-16.18,0.00,0
78,29,5200.00,6000.00,0,102,-71.82,0.58,0.00,0
78,30,1600.00,7799.17,3,105,-66.10,2.05,28.35,0
78,31,1200.00,2207.32,3,83,-85.69,-20.38,52.68,0
78,32,7833.94,7400.00,0,110,-69.73,5.16,37.43,0
78,33,8400.00,2565.03,1,88,-65.34,4.22,36.01,0
78,34,6800.00,4800.00,2,98,-41.42,20.52,0.00,0
78,35,3196.41,7400.00,0,106,-69.75,6.61,36.26,0
78,36,6800.00,5169.76,3,98,-72.79,-5.79,33.31,0
78,37,3644.43,3600.00,0,90,-90.76,-17.62,21.73,0
78,38,2200.00,7600.00,0,105,-77.32,-1.86,0.00,0
78,39,1000.00,6200.00,1,5,-114.27,-44.11,0.00,0
78,40,1600.00,4908.01,3,94,-66.14,9.22,46.72,0
78,41,2995.89,4400.00,2,18,-106.47,-46.75,24.57,0
78,42,2917.01,6800.00,0,106,-58.06,10.07,31.20,0
78,43,2600.00,3800.00,0,89,-70.47,4.27,0.00,0
78,44,3307.72,7600.00,2,106,-60.89,9.51,56.26,0
78,45,7386.22,6200.00,2,104,-68.31,1.73,16.54,0
78,46,7586.71,6800.00,0,104,-77.98,-12.51,40.23,0
78,47,2000.00,6200.00,1,100,-74.85,-7.64,0.00,0
78,48,8400.00,4200.00,2,70,-108.80,-33.99,0.00,1
78,49,5504.58,7000.00,0,108,-58.03,17.79,38.47,0
78,50,8400.00,7498.29,1,110,-84.97,-6.26,26.21,0
78,51,4000.00,7663.50,1,107,-84.51,-21.18,50.80,0
78,52,3157.14,3200.00,2,84,-50.38,11.46,41.70,0
78,53,2800.00,4206.14,3,89,-71.34,-11.68,36.54,0
78,54,6200.00,3400.00,2,92,-70.06,-8.17,0.00,0
78,55,3800.00,2095.42,1,23,-106.10,-42.59,38.35,0
78,56,1800.00,4601.56,1,94,-71.18,-3.39,38.15,0
78,57,3637.76,4600.00,0,95,-94.62,-33.07,21.56,0
78,58,1269.36,2600.00,0,83,-80.74,-21.70,55.49,0
78,59,5200.00,5316.46,3,97,-71.19,-5.66,25.79,0
78,60,1600.00,5400.00,1,94,-84.94,-29.81,0.00,0
78,61,8764.03,4800.00,0,99,-87.12,-15.71,35.79,0
78,62,6000.00,6000.00,3,103,-48.96,13.47,0.00,0
78,63,7294.85,7800.00,0,109,-67.43,-5.24,56.55,0
78,64,1389.88,2000.00,0,0,-69.09,2.49,40.33,0
78,65,4200.00,5901.65,1,101,-71.08,0.94,26.07,0
78,66,5600.00,7800.00,1,108,-43.17,25.61,0.00,0
78,67,1800.00,2565.36,1,83,-69.91,-0.68,43.77,0
78,68,5600.00,3000.00,0,86,-64.93,0.67,0.00,0
78,69,8368.50,8000.00,2,82,-112.69,-37.37,25.20,0
78,70,7800.00,6200.00,1,104,-66.77,3.19,0.00,0
78,71,3200.00,5000.00,2,95,-68.35,-12.73,0.00,0
78,72,5245.91,6200.00,2,102,-53.10,8.15,35.94,0
78,73,5600.00,2441.37,1,86,-75.68,-0.98,25.23,0
78,74,2116.17,4600.00,2,94,-89.92,-26.58,25.80,0
78,75,2600.00,6600.00,0,100,-93.74,-31.75,0.00,0
78,76,6155.04,6000.00,2,103,-80.52,-9.66,21.79,0
78,77,8886.02,5600.00,2,79,-106.60,-48.84,39.08,0
78,78,5529.65,5600.00,2,97,-79.62,-20.15,41.81,0
78,79,8600.00,3243.48,3,88,-86.49,-12.65,23.43,0
78,80,5000.00,5000.00,2,41,-62.37,-11.58,0.00,0
78,81,4241.51,5400.00,2,96,-66.23,-9.45,27.17,0
78,82,7131.38,7200.00,2,109,-64.84,4.00,33.93,0
78,83,8400.00,6000.00,3,72,-102.02,-40.26,0.00,0
78,84,5400.00,5864.13,1,102,-85.61,-24.40,21.84,0
78,85,7200.00,7451.28,3,109,-53.99,19.19,39.85,0
78,86,6000.00,8000.00,0,52,-102.43,-37.03,0.00,0
78,87,5622.63,2600.00,0,86,-99.27,-39.25,27.16,0
78,88,7000.00,6200.00,0,104,-77.22,-18.50,0.00,0
78,89,4600.00,3000.00,1,85,-77.38,-11.68,0.00,0
78,90,6945.49,7800.00,0,109,-94.70,-18.88,39.48,1
78,91,6800.00,4600.00,1,98,-59.12,3.36,0.00,0
78,92,4600.00,7640.99,3,107,-64.18,2.62,20.02,0
78,93,2600.00,4673.19,3,95,-81.53,-15.61,43.48,0
78,94,6600.00,6424.69,1,103,-75.54,-17.79,29.63,0
78,95,3959.19,3400.00,0,90,-88.59,-21.55,30.69,0
78,96,2543.55,7800.00,0,22,-99.61,-29.39,30.19,0
78,97,2200.00,2846.68,1,83,-72.79,-16.39,36.97,0
78,98,1800.00,3666.18,1,89,-74.98,-4.45,37.58,0
78,99,9000.00,2000.00,2,75,-98.78,-21.40,0.00,0
79,0,2200.00,7200.00,2,105,-70.33,-4.96,0.00,0
79,1,2200.00,5400.00,2,100,-67.37,-2.76,0.00,0
79,2,7600.00,4600.00,1,63,-118.11,-59.32,0.00,0
79,3,6200.00,2475.33,3,86,-70.08,-14.87,50.93,0
79,4,8349.30,4200.00,2,70,-100.71,-30.54,54.70,0
79,5,7820.78,3600.00,0,93,-52.45,7.38,32.58,0
79,6,4200.00,3400.00,3,85,-70.43,-6.69,0.00,0
79,7,5046.64,3600.00,0,91,-69.75,3.14,21.26,0
79,8,4600.00,5436.93,3,96,-87.09,-18.96,43.49,0
79,9,2059.95,3800.00,0,89,-75.64,-22.60,32.84,0
79,10,2919.28,5800.00,2,101,-79.64,-21.80,41.89,0
79,11,4361.85,2600.00,0,85,-65.70,3.81,43.16,0
79,12,7278.06,5600.00,2,104,-55.44,6.00,22.78,0
79,13,2000.00,6366.65,1,100,-70.35,4.63,35.20,0
79,14,6715.90,4800.00,2,98,-73.60,-8.48,21.89,0
79,15,8200.00,4991.04,3,99,-49.64,23.84,57.73,0
79,16,4032.16,2400.00,2,85,-74.44,-17.10,38.94,0
79,17,3400.00,4720.74,1,95,-77.91,-16.07,22.72,0
79,18,7977.60,3000.00,0,88,-81.27,-15.24,39.40,0
79,19,5218.54,6400.00,0,102,-53.40,6.40,20.98,0
79,20,6200.00,7400.00,3,108,-75.03,-22.56,0.00,0
79,21,4800.00,3884.47,1,91,-65.46,-4.81,37.51,0
79,22,1000.00,5466.09,3,4,-112.34,-47.12,22.87,0
79,23,5947.41,2000.00,2,45,-87.50,-16.57,28.87,0
79,24,5400.00,6834.03,3,108,-86.06,-14.69,56.90,0
79,25,1600.00,6800.00,3,105,-84.63,-11.68,0.00,0
79,26,1600.00,5800.00,0,12,-120.40,-60.73,0.00,1
79,27,1264.10,2200.00,0,0,-111.62,-46.65,37.28,0
79,28,4800.00,6200.00,2,102,-83.79,-16.18,0.00,0
79,29,5200.00,6000.00,0,102,-71.82,0.58,0.00,0
79,30,1600.00,7775.54,3,105,-79.50,-14.09,28.35,0
79,31,1200.00,2236.58,1,83,-91.63,-17.02,52.68,0
79,32,7865.13,7400.00,0,110,-66.39,4.19,37.43,0
79,33,8400.00,2595.03,1,88,-80.93,-15.18,36.01,0
79,34,6800.00,4800.00,2,98,-41.42,20.52,0.00,0
79,35,3200.00,7373.38,3,106,-51.01,7.89,36.26,0
79,36,6800.00,5142.00,3,98,-84.38,-21.99,33.31,0
79,37,3662.54,3600.00,0,90,-81.81,-13.42,21.73,0
79,38,2200.00,7600.00,0,105,-77.32,-1.86,0.00,0
79,39,1000.00,6200.00,1,5,-114.27,-44.11,0.00,0
79,40,1600.00,4869.08,3,94,-51.59,21.00,46.72,0
79,41,2975.41,4400.00,2,18,-112.15,-49.28,24.57,0
79,42,2943.01,6800.00,0,106,-63.51,0.33,31.20,0
79,43,2600.00,3800.00,0,89,-70.47,4.27,0.00,0
79,44,3260.83,7600.00,2,106,-49.47,20.42,56.26,0
79,45,7358.65,6200.00,2,104,-86.72,-16.47,33.08,0
79,46,7600.00,6800.00,1,104,-69.23,0.59,0.00,0
79,47,2000.00,6213.54,1,100,-76.79,-6.71,16.25,0
79,48,8400.00,4200.00,2,70,-108.80,-33.99,0.00,0
79,49,5536.65,7000.00,0,108,-69.97,6.17,38.47,0
79,50,8400.00,7520.13,1,110,-66.96,2.81,26.21,0
79,51,4000.00,7705.83,1,107,-80.28,-10.64,50.80,0
79,52,3122.39,3200.00,2,84,-63.60,-1.12,41.70,0
79,53,2800.00,4175.69,3,89,-79.06,-14.57,36.54,0
79,54,6200.00,3400.00,2,92,-70.06,-8.17,0.00,0
79,55,3800.00,2127.38,1,23,-106.92,-37.65,38.35,0
79,56,1800.00,4633.35,1,94,-74.99,-14.00,38.15,0
79,57,3655.73,4600.00,0,95,-94.18,-35.15,21.56,0
79,58,1315.61,2600.00,0,83,-81.29,-13.52,55.49,0
79,59,5200.00,5294.97,3,97,-75.66,-20.19,25.79,0
79,60,1600.00,5400.00,1,94,-84.94,-29.81,0.00,0
79,61,8793.86,4800.00,0,99,-72.33,-0.00,35.79,0
79,62,6000.00,6000.00,3,103,-48.96,13.47,0.00,0
79,63,7341.98,7800.00,0,109,-56.87,15.46,56.55,0
79,64,1423.49,2000.00,0,0,-92.57,-22.92,40.33,0
79,65,4200.00,5923.38,1,101,-75.42,-11.21,26.07,0
79,66,5600.00,7800.00,1,108,-43.17,25.61,0.00,0
79,67,1800.00,2600.00,2,83,-85.38,-12.72,0.00,0
79,68,5600.00,3000.00,0,86,-64.93,0.67,0.00,0
79,69,8347.49,8000.00,2,82,-108.05,-38.92,25.20,0
79,70,7800.00,6200.00,1,104,-66.77,3.19,0.00,0
79,71,3184.76,5000.00,2,95,-65.96,0.83,18.29,0
79,72,5215.95,6200.00,2,102,-64.03,-4.29,35.94,0
79,73,5600.00,2462.40,1,86,-72.37,2.44,25.23,0
79,74,2094.67,4600.00,2,94,-88.86,-25.60,25.80,0
79,75,2600.00,6600.00,0,100,-93.74,-31.75,0.00,0
79,76,6136.88,6000.00,2,103,-63.39,-3.85,21.79,0
79,77,8853.45,5600.00,2,79,-94.63,-47.14,39.08,0
79,78,5494.81,5600.00,2,97,-72.56,-5.20,41.81,0
79,79,8600.00,3223.95,3,88,-83.55,-8.80,23.43,0
79,80,5000.00,5000.00,2,41,-62.37,-11.58,0.00,0
79,81,4218.87,5400.00,2,96,-64.65,1.03,27.17,0
79,82,7103.10,7200.00,2,109,-72.92,-7.24,33.93,0
79,83,8400.00,6000.00,3,72,-102.02,-40.26,0.00,0
79,84,5400.00,5882.33,1,102,-71.46,-7.46,21.84,0
79,85,7200.00,7418.07,3,109,-61.96,11.25,39.85,0
79,86,6000.00,8000.00,0,52,-102.43,-37.03,0.00,0
79,87,5667.89,2600.00,0,86,-77.74,-15.19,54.31,0
79,88,7000.00,6200.00,0,104,-77.22,-18.50,0.00,0
79,89,4600.00,3000.00,1,85,-77.38,-11.68,0.00,0
79,90,6978.39,7800.00,0,109,-85.82,-12.12,39.48,0
79,91,6800.00,4600.00,1,98,-59.12,3.36,0.00,0
79,92,4600.00,7624.30,3,107,-56.59,15.11,20.02,0
79,93,2600.00,4636.95,3,95,-82.26,-23.04,43.48,0
79,94,6600.00,6474.08,1,103,-85.72,-14.14,59.26,0
79,95,3984.77,3400.00,0,90,-63.46,5.99,30.69,0
79,96,2568.71,7800.00,0,22,-115.03,-43.18,30.19,0
79,97,2200.00,2877.48,1,83,-78.95,-30.21,36.97,0
79,98,1800.00,3697.50,1,89,-66.71,3.69,37.58,0
79,99,9000.00,2000.00,2,75,-98.78,-21.40,0.00,0
80,0,2183.37,7200.00,2,105,-63.54,-9.61,19.96,0
80,1,2200.00,5400.00,2,100,-67.37,-2.76,0.00,0
80,2,7600.00,4600.00,1,63,-118.11,-59.32,0.00,0
80,3,6200.00,2432.89,3,86,-61.35,5.15,50.93,0
80,4,8303.72,4200.00,2,70,-107.74,-37.71,54.70,0
80,5,7847.93,3600.00,0,93,-42.38,14.25,32.58,0
80,6,4200.00,3400.00,3,85,-70.43,-6.69,0.00,0
80,7,5064.35,3600.00,0,91,-63.70,-9.48,21.26,0
80,8,4600.00,5400.69,3,96,-67.70,-5.73,43.49,0
80,9,2087.31,3800.00,0,89,-83.97,-11.77,32.84,0
80,10,2884.37,5800.00,2,101,-77.71,-23.31,41.89,0
80,11,4397.82,2600.00,0,85,-34.06,35.49,43.16,0
80,12,7259.08,5600.00,2,104,-63.73,-11.29,22.78,0
80,13,2000.00,6395.98,1,100,-69.70,2.12,35.20,0
80,14,6697.66,4800.00,2,98,-86.96,-22.72,21.89,0
80,15,8200.00,4942.93,3,99,-49.37,25.67,57.73,0
80,16,4000.00,2400.29,1,85,-66.47,3.79,38.94,0
80,17,3400.00,4739.67,1,95,-68.44,-13.51,22.72,0
80,18,7989.56,3000.00,2,88,-108.92,-38.44,39.40,0
80,19,5236.02,6400.00,0,102,-69.90,-10.19,20.98,0
80,20,6200.00,7400.00,3,108,-75.03,-22.56,0.00,0
80,21,4800.00,3915.72,1,91,-86.92,-27.90,37.51,0
80,22,1000.00,5447.03,3,4,-126.57,-57.25,22.87,0
80,23,5923.35,2000.00,2,45,-92.11,-18.52,28.87,0
80,24,5386.61,6800.00,2,108,-77.38,-10.17,56.90,0
80,25,1600.00,6780.45,3,105,-62.66,1.46,23.46,0
80,26,1600.00,5800.00,0,12,-120.40,-60.73,0.00,0
80,27,1295.17,2200.00,0,0,-103.98,-34.42,37.28,0
80,28,4780.09,6200.00,2,102,-70.50,-1.35,23.90,0
80,29,5217.91,6000.00,0,102,-74.89,-8.73,21.49,0
80,30,1600.00,7751.92,3,105,-73.19,-6.75,28.35,0
80,31,1200.00,2280.48,1,83,-87.13,-14.86,52.68,0
80,32,7896.32,7400.00,0,110,-52.58,18.09,37.43,0
80,33,8400.00,2574.96,3,88,-76.65,-11.61,36.01,0
80,34,6775.88,4800.00,2,98,-65.44,-1.30,28.94,0
80,35,3200.00,7343.16,3,106,-47.46,6.61,36.26,0
80,36,6800.00,5114.25,3,98,-69.21,-4.12,33.31,0
80,37,3680.65,3600.00,0,90,-51.06,19.29,21.73,0
80,38,2200.00,7600.00,0,105,-77.32,-1.86,0.00,0
80,39,1000.00,6200.00,1,5,-114.27,-44.11,0.00,0
80,40,1600.00,4830.15,3,94,-46.43,25.88,46.72,0
80,41,2954.93,4400.00,2,18,-112.54,-50.11,24.57,0
80,42,2969.01,6800.00,0,106,-89.26,-21.72,31.20,0
80,43,2600.00,3800.00,0,89,-70.47,4.27,0.00,0
80,44,3213.95,7600.00,2,106,-62.16,12.02,56.26,0
80,45,7331.08,6200.00,2,104,-90.68,-22.11,33.08,0
80,46,7600.00,6800.00,1,104,-69.23,0.59,0.00,0
80,47,2000.00,6240.62,1,100,-80.21,-7.16,32.50,0
80,48,8400.00,4200.00,2,70,-108.80,-33.99,0.00,0
80,49,5568.71,7000.00,0,108,-60.12,-3.65,38.47,0
80,50,8400.00,7541.97,1,110,-89.53,-19.91,26.21,0
80,51,4000.00,7748.16,1,107,-105.42,-37.44,50.80,0
80,52,3087.64,3200.00,2,84,-71.52,-9.64,41.70,0
80,53,2800.00,4145.24,3,89,-87.22,-16.09,36.54,0
80,54,6200.00,3400.00,2,92,-70.06,-8.17,0.00,0
80,55,3800.00,2159.34,1,30,-107.42,-42.47,38.35,1
80,56,1800.00,4665.15,1,94,-78.44,-19.24,38.15,0
80,57,3673.69,4600.00,0,95,-95.93,-45.44,21.56,0
80,58,1361.85,2600.00,0,83,-56.74,-3.67,55.49,0
80,59,5200.00,5273.48,3,97,-63.47,-6.55,25.79,0
80,60,1600.00,5400.00,1,94,-84.94,-29.81,0.00,0
80,61,8800.00,4823.68,1,99,-60.66,4.11,35.79,0
80,62,6000.00,6000.00,3,103,-48.96,13.47,0.00,0
80,63,7389.10,7800.00,0,109,-87.02,-13.09,56.55,0
80,64,1457.10,2000.00,0,0,-104.83,-38.76,40.33,0
80,65,4200.00,5945.10,1,101,-79.64,-15.73,26.07,0
80,66,5600.00,7800.00,1,108,-43.17,25.61,0.00,0
80,67,1800.00,2600.00,2,83,-85.38,-12.72,0.00,0
80,68,5600.00,3000.00,0,86,-64.93,0.67,0.00,0
80,69,8326.49,8000.00,2,82,-106.68,-42.00,25.20,0
80,70,7800.00,6200.00,1,104,-66.77,3.19,0.00,0
80,71,3154.27,5000.00,2,95,-88.77,-21.51,36.58,0
80,72,5186.00,6200.00,2,102,-63.29,-16.49,35.94,0
80,73,5600.00,2483.43,1,86,-63.83,1.73,25.23,0
80,74,2073.17,4600.00,2,94,-95.36,-39.35,25.80,0
80,75,2600.00,6600.00,0,100,-93.74,-31.75,0.00,0
80,76,6118.72,6000.00,2,103,-67.01,0.50,21.79,0
80,77,8820.88,5600.00,2,79,-86.80,-37.09,39.08,0
80,78,5459.96,5600.00,2,97,-82.79,-13.01,41.81,0
80,79,8600.00,3204.42,3,88,-83.08,-6.46,23.43,0
80,80,4986.78,5000.00,2,41,-59.06,-3.22,15.86,0
80,81,4200.00,5400.00,1,96,-92.93,-32.56,0.00,0
80,82,7074.83,7200.00,2,109,-67.68,3.17,33.93,0
80,83,8400.00,6000.00,3,72,-102.02,-40.26,0.00,0
80,84,5400.00,5900.53,1,102,-66.84,5.24,21.84,0
80,85,7200.00,7384.86,3,109,-71.79,2.90,39.85,0
80,86,6000.00,8000.00,0,52,-102.43,-37.03,0.00,0
80,87,5713.15,2600.00,0,86,-48.04,15.78,54.31,0
80,88,7000.00,6200.00,0,104,-77.22,-18.50,0.00,0
80,89,4600.00,3000.00,1,85,-77.38,-11.68,0.00,0
80,90,6988.70,7800.00,2,109,-85.24,-9.41,39.48,0
80,91,6800.00,4624.04,1,98,-71.93,-15.47,28.85,0
80,92,4600.00,7607.62,3,107,-74.43,-5.40,20.02,0
80,93,2600.00,4600.72,3,95,-82.71,-17.02,43.48,0
80,94,6600.00,6523.47,1,103,-79.29,-21.29,59.26,0
80,95,4000.00,3400.00,2,90,-83.43,-25.11,0.00,0
80,96,2593.87,7800.00,0,22,-102.78,-34.30,30.19,0
80,97,2200.00,2908.29,1,83,-76.19,-7.80,36.97,0
80,98,1800.00,3728.81,1,89,-79.42,-2.58,37.58,0
80,99,9000.00,2000.00,2,75,-98.78,-21.40,0.00,0
81,0,2150.10,7200.00,2,105,-86.86,-15.76,39.92,0
81,1,2200.00,5400.00,2,100,-67.37,-2.76,0.00,0
81,2,7600.00,4600.00,1,63,-118.11,-59.32,0.00,0
81,3,6200.00,2400.00,0,86,-81.14,-19.15,0.00,0
81,4,8258.14,4200.00,2,70,-104.16,-41.54,54.70,0
81,5,7875.08,3600.00,0,93,-52.28,5.97,32.58,0
81,6,4200.00,3400.00,3,85,-70.43,-6.69,0.00,0
81,7,5082.07,3600.00,0,91,-46.17,18.52,21.26,0
81,8,4600.00,5364.46,3,96,-96.93,-32.78,43.49,0
81,9,2114.67,3800.00,0,89,-71.60,-6.98,32.84,0
81,10,2849.46,5800.00,2,101,-85.51,-20.68,41.89,0
81,11,4366.22,2600.00,2,85,-67.66,1.13,43.16,0
81,12,7240.10,5600.00,2,104,-84.38,-18.72,22.78,0
81,13,2000.00,6374.69,3,100,-83.91,-13.20,35.20,0
81,14,6679.41,4800.00,2,98,-88.70,-33.44,21.89,0
81,15,8200.00,4894.82,3,99,-38.24,31.34,57.73,0
81,16,4000.00,2432.74,1,85,-73.41,-4.52,38.94,0
81,17,3400.00,4758.61,1,95,-84.32,-26.32,22.72,0
81,18,7956.73,3000.00,2,88,-88.85,-10.34,39.40,0
81,19,5253.50,6400.00,0,102,-65.08,0.38,20.98,0
81,20,6200.00,7400.00,3,108,-75.03,-22.56,0.00,0
81,21,4800.00,3946.98,1,91,-67.43,-4.96,37.51,0
81,22,1000.00,5427.97,3,4,-106.01,-44.64,22.87,0
81,23,5899.30,2000.00,2,45,-91.38,-21.04,28.87,0
81,24,5339.19,6800.00,2,43,-112.20,-42.83,56.90,1
81,25,1600.00,6741.36,3,105,-59.64,5.56,46.91,0
81,26,1600.00,5800.00,0,12,-120.40,-60.73,0.00,0
81,27,1326.24,2200.00,0,0,-106.17,-39.16,37.28,0
81,28,4740.26,6200.00,2,102,-66.21,-6.05,47.79,0
81,29,5253.73,6000.00,0,102,-63.34,-7.79,42.99,0
81,30,1600.00,7728.29,3,105,-72.45,-2.89,28.35,0
81,31,1200.00,2324.38,1,83,-90.62,-10.54,52.68,0
81,32,7927.51,7400.00,0,110,-76.26,-1.08,37.43,0
81,33,8400.00,2544.96,3,88,-81.57,-18.69,36.01,0
81,34,6727.64,4800.00,2,98,-59.94,12.16,57.89,0
81,35,3200.00,7312.94,3,106,-47.17,9.64,36.26,0
81,36,6800.00,5086.49,3,98,-68.48,0.52,33.31,0
81,37,3698.75,3600.00,0,90,-47.53,23.46,21.73,0
81,38,2200.00,7600.00,0,105,-77.32,-1.86,0.00,0
81,39,1000.00,6200.00,1,5,-114.27,-44.11,0.00,0
81,40,1591.22,4800.00,2,94,-44.92,28.74,46.72,0
81,41,2934.45,4400.00,2,18,-97.86,-42.15,24.57,0
81,42,2995.01,6800.00,0,106,-64.38,7.64,31.20,0
81,43,2600.00,3800.00,0,89,-70.47,4.27,0.00,0
81,44,3167.07,7600.00,2,106,-78.04,-5.37,56.26,0
81,45,7303.52,6200.00,2,104,-82.81,-20.37,33.08,0
81,46,7600.00,6800.00,1,104,-69.23,0.59,0.00,0
81,47,2000.00,6267.70,1,100,-74.07,-5.49,32.50,0
81,48,8400.00,4200.00,2,70,-108.80,-33.99,0.00,0
81,49,5600.00,7000.77,1,108,-76.33,-13.66,38.47,0
81,50,8400.00,7563.82,1,110,-73.92,0.06,26.21,0
81,51,4000.00,7790.49,1,107,-79.90,-10.45,50.80,0
81,52,3052.89,3200.00,2,84,-70.34,-4.75,41.70,0
81,53,2800.00,4114.78,3,89,-79.66,-12.20,36.54,0
81,54,6200.00,3400.00,2,92,-70.06,-8.17,0.00,0
81,55,3800.00,2191.30,1,23,-112.17,-59.53,38.35,1
81,56,1800.00,4696.94,1,94,-82.39,-28.78,38.15,0
81,57,3691.66,4600.00,0,95,-87.15,-26.76,21.56,0
81,58,1408.09,2600.00,0,83,-48.87,6.36,55.49,0
81,59,5200.00,5251.99,3,97,-76.28,-11.75,25.79,0
81,60,1600.00,5423.43,1,94,-81.53,-25.18,28.12,0
81,61,8800.00,4853.51,1,99,-50.37,8.54,35.79,0
81,62,6000.00,6000.00,3,103,-48.96,13.47,0.00,0
81,63,7436.23,7800.00,0,109,-78.76,-7.40,56.55,0
81,64,1490.72,2000.00,0,0,-98.00,-27.89,40.33,0
81,65,4200.00,5966.83,1,101,-61.57,-3.14,26.07,0
81,66,5600.00,7800.00,1,108,-43.17,25.61,0.00,0
81,67,1800.00,2600.00,2,83,-85.38,-12.72,0.00,0
81,68,5600.00,3000.00,0,86,-64.93,0.67,0.00,0
81,69,8305.49,8000.00,2,82,-97.04,-33.12,25.20,0
81,70,7800.00,6200.00,1,104,-66.77,3.19,0.00,0
81,71,3123.78,5000.00,2,95,-90.45,-33.06,36.58,0
81,72,5156.05,6200.00,2,102,-65.54,-20.19,35.94,0
81,73,5600.00,2504.45,1,86,-59.00,6.55,25.23,0
81,74,2051.66,4600.00,2,94,-85.70,-25.36,25.80,0
81,75,2600.00,6600.00,0,100,-93.74,-31.75,0.00,0
81,76,6100.56,6000.00,2,103,-67.05,-2.97,21.79,0
81,77,8800.00,5611.68,1,79,-103.58,-46.05,39.08,0
81,78,5425.12,5600.00,2,97,-90.21,-24.55,41.81,0
81,79,8600.00,3200.00,1,88,-72.10,0.78,0.00,0
81,80,4960.34,5000.00,2,41,-82.72,-20.62,31.73,0
81,81,4200.00,5400.00,1,34,-63.68,-0.59,0.00,1
81,82,7046.55,7200.00,2,109,-80.62,-10.55,33.93,0
81,83,8400.00,6000.00,3,72,-102.02,-40.26,0.00,0
81,84,5400.00,5918.74,1,102,-75.24,-2.45,21.84,0
81,85,7200.00,7351.65,3,109,-74.32,-17.10,39.85,0
81,86,6000.00,8000.00,0,52,-102.43,-37.03,0.00,0
81,87,5758.40,2600.00,0,86,-81.90,-17.57,54.31,0
81,88,7000.00,6200.00,0,104,-77.22,-18.50,0.00,0
81,89,4600.00,3014.59,1,85,-86.52,-30.62,17.51,0
81,90,6955.80,7800.00,2,109,-77.24,-3.36,39.48,0
81,91,6800.00,4672.12,1,98,-61.49,11.36,57.70,0
81,92,4600.00,7609.07,1,107,-96.90,-32.93,20.02,0
81,93,2564.49,4600.00,2,95,-102.16,-39.76,43.48,0
81,94,6600.00,6572.86,1,103,-79.74,-17.51,59.26,0
81,95,4000.00,3400.00,2,90,-83.43,-25.11,0.00,0
81,96,2600.00,7819.03,1,22,-98.89,-31.01,30.19,0
81,97,2200.00,2939.09,1,83,-102.91,-47.91,36.97,0
81,98,1800.00,3760.13,1,89,-87.78,-15.16,37.58,0
81,99,9000.00,2000.00,2,75,-98.78,-21.40,0.00,0
82,0,2116.84,7200.00,2,105,-78.43,-2.48,39.92,0
82,1,2200.00,5400.00,2,100,-67.37,-2.76,0.00,0
82,2,7600.00,4600.00,1,63,-118.11,-59.32,0.00,0
82,3,6200.00,2400.00,0,86,-81.14,-19.15,0.00,0
82,4,8212.56,4200.00,2,70,-102.54,-41.84,54.70,0
82,5,7902.22,3600.00,0,93,-50.65,22.11,32.58,0
82,6,4200.00,3400.00,3,85,-70.43,-6.69,0.00,0
82,7,5099.79,3600.00,0,91,-71.79,-7.50,21.26,0
82,8,4600.00,5328.22,3,34,-99.81,-34.75,43.49,1
82,9,2142.04,3800.00,0,89,-79.96,-8.12,32.84,0
82,10,2814.55,5800.00,2,101,-63.50,1.28,41.89,0
82,11,4330.25,2600.00,2,85,-73.37,-3.01,43.16,0
82,12,7221.12,5600.00,2,104,-64.22,-12.51,22.78,0
82,13,2000.00,6345.36,3,100,-70.42,3.70,35.20,0
82,14,6661.17,4800.00,2,98,-85.54,-19.04,21.89,0
82,15,8200.00,4846.71,3,99,-72.38,-0.30,57.73,0
82,16,4000.00,2465.19,1,85,-59.68,0.28,38.94,0
82,17,3400.00,4777.55,1,95,-76.21,-7.31,22.72,0
82,18,7923.89,3000.00,2,88,-53.42,21.71,39.40,0
82,19,5270.99,6400.00,0,102,-86.84,-23.12,20.98,0
82,20,6200.00,7400.00,3,108,-75.03,-22.56,0.00,0
82,21,4800.00,3978.24,1,91,-61.21,6.13,37.51,0
82,22,1000.00,5408.91,3,4,-108.96,-37.90,22.87,0
82,23,5875.24,2000.00,2,45,-90.94,-19.21,28.87,0
82,24,5291.77,6800.00,2,108,-106.23,-44.72,56.90,1
82,25,1600.00,6702.27,3,105,-55.16,16.17,46.91,0
82,26,1600.00,5800.00,0,12,-120.40,-60.73,0.00,0
82,27,1357.31,2200.00,0,0,-102.85,-40.95,37.28,0
82,28,4700.43,6200.00,2,102,-62.75,-3.11,47.79,0
82,29,5289.55,6000.00,0,102,-56.09,3.14,42.99,0
82,30,1600.00,7704.66,3,105,-78.47,-3.21,28.35,0
82,31,1200.00,2368.29,1,83,-66.34,5.89,52.68,0
82,32,7958.70,7400.00,0,110,-57.26,0.72,37.43,0
82,33,8400.00,2514.95,3,88,-86.20,-20.40,36.01,0
82,34,6679.40,4800.00,2,98,-49.03,18.29,57.89,0
82,35,3200.00,7282.73,3,106,-72.03,-25.23,36.26,0
82,36,6800.00,5058.73,3,98,-60.36,13.56,33.31,0
82,37,3716.86,3600.00,0,90,-65.73,-2.04,21.73,0
82,38,2200.00,7600.00,0,105,-77.32,-1.86,0.00,0
82,39,1000.00,6200.00,1,5,-114.27,-44.11,0.00,0
82,40,1552.29,4800.00,2,94,-46.06,21.63,46.72,0
82,41,2913.97,4400.00,2,18,-89.89,-23.52,24.57,0
82,42,3000.00,6778.98,3,106,-82.98,-23.30,31.20,0
82,43,2600.00,3800.00,0,89,-70.47,4.27,0.00,0
82,44,3120.18,7600.00,2,106,-74.80,-15.17,56.26,0
82,45,7275.95,6200.00,2,104,-89.90,-18.97,33.08,0
82,46,7600.00,6800.00,1,104,-69.23,0.59,0.00,0
82,47,2000.00,6294.78,1,100,-94.61,-23.23,32.50,0
82,48,8400.00,4200.00,2,70,-108.80,-33.99,0.00,0
82,49,5600.00,7032.83,1,108,-75.50,-14.86,38.47,0
82,50,8400.00,7585.66,1,110,-70.23,2.44,26.21,0
82,51,4000.00,7767.18,3,107,-69.61,2.66,50.80,0
82,52,3018.14,3200.00,2,84,-63.22,9.89,41.70,0
82,53,2800.00,4084.33,3,89,-76.65,-8.26,36.54,0
82,54,6200.00,3400.00,2,92,-70.06,-8.17,0.00,0
82,55,3800.00,2200.00,0,23,-110.56,-56.99,0.00,0
82,56,1800.00,4728.74,1,94,-46.99,11.97,38.15,0
82,57,3709.62,4600.00,0,95,-84.71,-25.87,21.56,0
82,58,1454.33,2600.00,0,83,-44.02,39.37,55.49,0
82,59,5200.00,5230.50,3,97,-73.61,-10.81,25.79,0
82,60,1600.00,5470.30,1,94,-77.76,-3.61,56.24,0
82,61,8800.00,4883.33,1,99,-56.68,11.93,35.79,0
82,62,6000.00,6000.00,3,103,-48.96,13.47,0.00,0
82,63,7483.36,7800.00,0,109,-52.86,15.69,56.55,0
82,64,1524.33,2000.00,0,0,-99.48,-30.17,40.33,0
82,65,4200.00,5988.55,1,101,-69.35,-3.20,26.07,0
82,66,5600.00,7800.00,1,108,-43.17,25.61,0.00,0
82,67,1800.00,2600.00,2,83,-85.38,-12.72,0.00,0
82,68,5600.00,3000.00,0,86,-64.93,0.67,0.00,0
82,69,8284.48,8000.00,2,82,-101.25,-37.07,25.20,0
82,70,7800.00,6200.00,1,104,-66.77,3.19,0.00,0
82,71,3093.30,5000.00,2,95,-83.79,-19.42,36.58,0
82,72,5126.10,6200.00,2,102,-59.79,-3.16,35.94,0
82,73,5600.00,2525.48,1,86,-81.19,-18.53,25.23,0
82,74,2030.16,4600.00,2,94,-85.46,-19.71,25.80,0
82,75,2619.09,6600.00,0,100,-99.37,-34.52,22.90,0
82,76,6082.40,6000.00,2,103,-71.56,-11.10,21.79,0
82,77,8800.00,5644.25,1,79,-109.26,-43.49,39.08,0
82,78,5400.00,5600.00,0,97,-66.38,-2.82,0.00,0
82,79,8600.00,3200.00,1,88,-72.10,0.78,0.00,0
82,80,4933.90,5000.00,2,96,-70.16,-14.21,31.73,1
82,81,4200.00,5400.00,1,34,-63.68,-0.59,0.00,0
82,82,7018.28,7200.00,2,109,-68.56,3.23,33.93,0
82,83,8400.00,6000.00,3,72,-102.02,-40.26,0.00,0
82,84,5400.00,5936.94,1,102,-63.12,7.16,21.84,0
82,85,7200.00,7318.44,3,109,-69.12,-3.19,39.85,0
82,86,6011.17,8000.00,0,52,-100.98,-29.82,13.40,0
82,87,5800.00,2596.34,3,86,-72.37,-5.03,54.31,0
82,88,7000.00,6200.00,0,104,-77.22,-18.50,0.00,0
82,89,4600.00,3043.78,1,85,-81.64,-21.34,35.02,0
82,90,6922.89,7800.00,2,109,-86.31,-14.79,39.48,0
82,91,6800.00,4720.20,1,98,-57.76,4.89,57.70,0
82,92,4600.00,7625.76,1,107,-91.02,-21.32,20.02,0
82,93,2528.26,4600.00,2,95,-87.92,-19.81,43.48,0
82,94,6600.00,6622.24,1,103,-67.29,-1.88,59.26,0
82,95,4000.00,3400.00,2,90,-83.43,-25.11,0.00,0
82,96,2600.00,7844.19,1,22,-86.59,-11.50,30.19,0
82,97,2200.00,2969.90,1,83,-81.32,-13.91,36.97,0
82,98,1800.00,3791.45,1,89,-85.58,-24.41,37.58,0
82,99,9000.00,2000.00,2,75,-98.78,-21.40,0.00,0
83,0,2083.57,7200.00,2,105,-70.40,6.53,39.92,0
83,1,2200.00,5400.00,2,100,-67.37,-2.76,0.00,0
83,2,7600.00,4600.00,1,63,-118.11,-59.32,0.00,0
83,3,6200.00,2400.00,0,86,-81.14,-19.15,0.00,0
83,4,8200.00,4166.98,3,70,-98.46,-33.50,54.70,0
83,5,7929.37,3600.00,0,93,-74.54,-9.81,32.58,0
83,6,4200.00,3400.00,3,85,-70.43,-6.69,0.00,0
83,7,5117.50,3600.00,0,91,-61.71,0.26,21.26,0
83,8,4600.00,5291.98,3,96,-71.61,-3.13,43.49,1
83,9,2169.40,3800.00,0,89,-69.61,-3.45,32.84,0
83,10,2800.00,5800.00,0,101,-88.10,-15.55,0.00,0
83,11,4294.28,2600.00,2,85,-75.41,-14.14,43.16,0
83,12,7202.14,5600.00,2,104,-72.03,-12.83,22.78,0
83,13,2000.00,6316.02,3,100,-79.74,-2.03,35.20,0
83,14,6642.93,4800.00,2,98,-67.82,1.45,21.89,0
83,15,8200.00,4798.60,3,99,-61.88,11.96,57.73,0
83,16,4000.00,2497.63,1,85,-81.55,-20.62,38.94,0
83,17,3400.00,4796.48,1,95,-68.02,-0.33,22.72,0
83,18,7891.05,3000.00,2,88,-51.35,14.10,39.40,0
83,19,5288.47,6400.00,0,102,-77.87,-6.63,20.98,0
83,20,6200.00,7400.00,3,108,-75.03,-22.56,0.00,0
83,21,4800.00,4000.00,3,91,-80.53,-20.62,0.00,0
83,22,1000.00,5389.84,3,4,-117.21,-44.63,22.87,0
83,23,5851.18,2000.00,2,45,-93.06,-23.26,28.87,0
83,24,5244.35,6800.00,2,108,-77.17,-25.77,56.90,0
83,25,1600.00,6663.17,3,105,-50.13,22.40,46.91,0
83,26,1600.00,5800.00,0,12,-120.40,-60.73,0.00,0
83,27,1388.38,2200.00,0,0,-116.64,-43.95,37.28,0
83,28,4660.61,6200.00,2,102,-70.22,-4.44,47.79,0
83,29,5325.38,6000.00,0,102,-54.97,17.42,42.99,0
83,30,1600.00,7681.03,3,105,-72.98,3.03,28.35,0
83,31,1200.00,2400.00,0,83,-78.34,-19.55,0.00,0
83,32,7989.90,7400.00,0,110,-78.32,-7.08,37.43,0
83,33,8400.00,2484.95,3,88,-65.61,2.89,36.01,0
83,34,6631.16,4800.00,2,98,-62.07,0.34,57.89,0
83,35,3200.00,7252.51,3,106,-63.03,-18.01,36.26,0
83,36,6800.00,5030.97,3,98,-44.92,21.58,33.31,0
83,37,3734.97,3600.00,0,90,-67.13,-1.06,21.73,0
83,38,2200.00,7600.00,0,105,-77.32,-1.86,0.00,0
83,39,1000.00,6200.00,1,5,-114.27,-44.11,0.00,0
83,40,1513.36,4800.00,2,94,-72.41,-6.32,46.72,0
83,41,2893.50,4400.00,2,18,-92.28,-28.03,24.57,0
83,42,3000.00,6752.98,3,106,-61.58,0.27,31.20,0
83,43,2600.00,3800.00,0,89,-70.47,4.27,0.00,0
83,44,3073.30,7600.00,2,106,-53.63,0.47,56.26,0
83,45,7248.39,6200.00,2,65,-83.16,-25.06,33.08,1
83,46,7600.00,6800.00,1,104,-69.23,0.59,0.00,0
83,47,2000.00,6321.86,1,13,-87.30,-22.45,32.50,1
83,48,8400.00,4200.00,2,70,-108.80,-33.99,0.00,0
83,49,5600.00,7064.89,1,108,-75.21,-14.58,38.47,0
83,50,8392.50,7600.00,2,110,-83.58,-14.19,26.21,0
83,51,4000.00,7724.85,3,107,-84.59,-9.40,50.80,0
83,52,3000.00,3200.00,0,84,-81.47,-29.26,0.00,0
83,53,2800.00,4053.87,3,89,-78.77,-16.00,36.54,0
83,54,6184.10,3400.00,2,92,-83.05,-14.09,19.08,0
83,55,3800.00,2200.00,0,23,-110.56,-56.99,0.00,0
83,56,1800.00,4760.53,1,94,-26.23,34.45,38.15,0
83,57,3727.59,4600.00,0,95,-85.60,-24.87,21.56,0
83,58,1500.57,2600.00,0,83,-32.85,40.09,55.49,0
83,59,5200.00,5209.01,3,97,-81.26,-20.16,25.79,0
83,60,1600.00,5517.17,1,94,-54.12,21.92,56.24,0
83,61,8800.00,4913.15,1,99,-56.96,8.53,35.79,0
83,62,6000.00,6000.00,3,103,-48.96,13.47,0.00,0
83,63,7530.49,7800.00,0,109,-57.39,12.04,56.55,0
83,64,1557.94,2000.00,0,0,-111.33,-41.33,40.33,0
83,65,4200.00,6000.00,2,101,-66.97,-8.74,0.00,0
83,66,5600.00,7800.00,1,108,-43.17,25.61,0.00,0
83,67,1800.00,2600.00,2,83,-85.38,-12.72,0.00,0
83,68,5600.00,3000.00,0,86,-64.93,0.67,0.00,0
83,69,8263.48,8000.00,2,74,-109.11,-48.93,25.20,1
83,70,7800.00,6200.00,1,104,-66.77,3.19,0.00,0
83,71,3062.81,5000.00,2,95,-67.34,-2.08,36.58,0
83,72,5096.15,6200.00,2,102,-50.97,11.21,35.94,0
83,73,5600.00,2546.51,1,86,-73.70,-9.48,25.23,0
83,74,2008.66,4600.00,2,94,-67.39,-6.51,25.80,0
83,75,2657.26,6600.00,0,100,-87.78,-39.98,45.81,0
83,76,6064.23,6000.00,2,103,-80.21,-24.98,21.79,0
83,77,8800.00,5676.82,1,79,-125.39,-69.28,39.08,0
83,78,5400.00,5600.00,0,97,-66.38,-2.82,0.00,0
83,79,8600.00,3200.00,1,88,-72.10,0.78,0.00,0
83,80,4907.46,5000.00,2,96,-74.39,-6.89,31.73,0
83,81,4200.00,5400.00,1,34,-63.68,-0.59,0.00,0
83,82,6990.00,7200.00,2,109,-67.00,6.31,33.93,0
83,83,8400.00,6000.00,3,72,-102.02,-40.26,0.00,0
83,84,5400.00,5955.14,1,102,-68.25,-1.37,21.84,0
83,85,7200.00,7285.23,3,109,-74.71,-7.18,39.85,0
83,86,6033.51,8000.00,0,52,-97.38,-26.30,26.80,0
83,87,5800.00,2551.08,3,86,-64.57,-1.72,54.31,0
83,88,7024.31,6200.00,0,104,-60.29,9.98,29.17,0
83,89,4600.00,3072.97,1,85,-99.49,-35.79,35.02,0
83,90,6889.99,7800.00,2,59,-108.27,-30.95,39.48,1
83,91,6800.00,4768.28,1,98,-53.48,14.03,57.70,0
83,92,4600.00,7642.45,1,107,-75.80,-13.35,20.02,0
83,93,2492.02,4600.00,2,95,-74.62,-4.91,43.48,0
83,94,6600.00,6671.63,1,103,-78.01,-19.19,59.26,0
83,95,4000.00,3400.00,2,90,-83.43,-25.11,0.00,0
83,96,2600.00,7869.35,1,22,-100.64,-23.82,30.19,0
83,97,2200.00,3000.00,3,83,-74.26,-15.41,0.00,0
83,98,1800.00,3822.76,1,89,-77.21,-9.26,37.58,0
83,99,9000.00,2000.00,2,75,-98.78,-21.40,0.00,0
84,0,2050.31,7200.00,2,105,-46.33,16.61,39.92,0
84,1,2200.00,5400.00,2,100,-67.37,-2.76,0.00,0
84,2,7600.00,4600.00,1,63,-118.11,-59.32,0.00,0
84,3,6200.00,2400.00,0,86,-81.14,-19.15,0.00,0
84,4,8200.00,4121.40,3,70,-98.86,-32.12,54.70,0
84,5,7956.52,3600.00,0,93,-88.21,-27.75,32.58,0
84,6,4200.00,3400.00,3,85,-70.43,-6.69,0.00,0
84,7,5135.22,3600.00,0,91,-64.51,-1.33,21.26,0
84,8,4600.00,5255.74,3,96,-80.17,-13.12,43.49,0
84,9,2196.76,3800.00,0,89,-69.33,-5.76,32.84,0
84,10,2800.00,5800.00,0,100,-78.27,-4.53,0.00,1
84,11,4258.32,2600.00,2,85,-58.48,11.12,43.16,0
84,12,7200.00,5583.17,3,64,-95.35,-28.64,22.78,1
84,13,2000.00,6286.69,3,100,-59.78,9.43,35.20,0
84,14,6624.69,4800.00,2,98,-61.66,-14.29,21.89,0
84,15,8200.00,4750.48,3,99,-76.16,-13.11,57.73,0
84,16,4000.00,2530.08,1,85,-78.50,-12.50,38.94,0
84,17,3400.00,4800.00,0,95,-77.69,-4.32,0.00,0
84,18,7858.22,3000.00,2,88,-62.64,-6.97,39.40,0
84,19,5305.95,6400.00,0,102,-92.38,-17.36,20.98,0
84,20,6200.00,7400.00,3,108,-75.03,-22.56,0.00,0
84,21,4800.00,4000.00,3,91,-80.53,-20.62,0.00,0
84,22,1000.00,5370.78,3,4,-128.14,-52.45,22.87,0
84,23,5827.13,2000.00,2,45,-85.24,-16.61,28.87,0
84,24,5196.93,6800.00,2,108,-90.68,-25.30,56.90,0
84,25,1600.00,6624.08,3,105,-84.68,-31.71,46.91,0
84,26,1600.00,5800.00,0,12,-120.40,-60.73,0.00,0
84,27,1419.45,2200.00,0,0,-113.19,-56.04,37.28,0
84,28,4620.78,6200.00,2,102,-85.82,-9.66,47.79,0
84,29,5361.20,6000.00,0,102,-76.16,-12.46,42.99,0
84,30,1600.00,7657.41,3,105,-84.81,-8.51,28.35,0
84,31,1200.00,2400.00,0,83,-78.34,-19.55,0.00,0
84,32,7978.91,7400.00,2,110,-77.02,-15.93,37.43,0
84,33,8400.00,2454.94,3,88,-75.14,-12.83,36.01,0
84,34,6582.92,4800.00,2,98,-71.52,-7.32,57.89,0
84,35,3200.00,7222.30,3,106,-60.54,1.33,36.26,0
84,36,6800.00,5003.22,3,98,-55.87,9.53,33.31,0
84,37,3753.07,3600.00,0,90,-69.46,-5.89,21.73,0
84,38,2221.94,7600.00,0,105,-72.27,7.81,26.33,0
84,39,1000.00,6200.00,1,5,-114.27,-44.11,0.00,0
84,40,1474.43,4800.00,2,94,-67.75,4.24,46.72,0
84,41,2873.02,4400.00,2,18,-100.99,-37.46,24.57,0
84,42,3000.00,6726.98,3,106,-71.41,-16.56,31.20,0
84,43,2600.00,3800.00,0,89,-70.47,4.27,0.00,0
84,44,3026.42,7600.00,2,106,-40.51,11.31,56.26,0
84,45,7220.82,6200.00,2,65,-88.34,-34.52,33.08,0
84,46,7600.00,6800.00,1,104,-69.23,0.59,0.00,0
84,47,2000.00,6348.94,1,100,-51.46,16.88,32.50,1
84,48,8400.00,4200.00,2,70,-108.80,-33.99,0.00,0
84,49,5600.00,7096.95,1,108,-79.40,-16.22,38.47,0
84,50,8370.66,7600.00,2,110,-80.74,-4.65,26.21,0
84,51,4000.00,7682.52,3,107,-68.44,-1.91,50.80,0
84,52,3000.00,3200.00,0,84,-81.47,-29.26,0.00,0
84,53,2800.00,4023.42,3,89,-76.83,-18.41,36.54,0
84,54,6152.29,3400.00,2,47,-94.81,-30.21,38.17,1
84,55,3800.00,2200.00,0,23,-110.56,-56.99,0.00,0
84,56,1800.00,4792.33,1,94,-45.17,22.45,38.15,0
84,57,3745.56,4600.00,0,95,-102.66,-35.59,21.56,0
84,58,1546.82,2600.00,0,83,-29.90,47.83,55.49,0
84,59,5200.00,5200.00,0,97,-60.43,2.98,0.00,0
84,60,1600.00,5564.03,1,94,-67.50,0.00,56.24,0
84,61,8800.00,4942.98,1,99,-65.97,2.81,35.79,0
84,62,6000.00,6000.00,3,103,-48.96,13.47,0.00,0
84,63,7577.62,7800.00,0,109,-68.33,9.13,56.55,0
84,64,1591.55,2000.00,0,0,-110.98,-48.95,40.33,0
84,65,4200.00,6000.00,2,101,-66.97,-8.74,0.00,0
84,66,5600.00,7800.00,1,108,-43.17,25.61,0.00,0
84,67,1800.00,2600.00,2,83,-85.38,-12.72,0.00,0
84,68,5600.00,3000.00,0,86,-64.93,0.67,0.00,0
84,69,8242.48,8000.00,2,74,-108.01,-53.76,25.20,0
84,70,7800.00,6200.00,1,104,-66.77,3.19,0.00,0
84,71,3032.32,5000.00,2,95,-68.68,-3.65,36.58,0
84,72,5066.20,6200.00,2,102,-44.25,29.03,35.94,0
84,73,5600.00,2567.54,1,86,-56.73,7.11,25.23,0
84,74,2000.00,4600.00,1,94,-76.10,-12.27,0.00,0
84,75,2695.44,6600.00,0,100,-81.76,-17.79,45.81,0
84,76,6046.07,6000.00,2,103,-69.28,-2.25,21.79,0
84,77,8800.00,5709.38,1,80,-121.83,-57.92,39.08,1
84,78,5400.00,5600.00,0,97,-66.38,-2.82,0.00,0
84,79,8600.00,3200.00,1,88,-72.10,0.78,0.00,0
84,80,4881.02,5000.00,2,41,-83.88,-23.95,31.73,1
84,81,4200.00,5400.00,1,34,-63.68,-0.59,0.00,0
84,82,6961.73,7200.00,2,109,-73.94,-4.59,33.93,0
84,83,8400.00,6000.00,3,72,-102.02,-40.26,0.00,0
84,84,5400.00,5973.34,1,102,-68.02,-6.99,21.84,0
84,85,7200.00,7252.02,3,66,-71.51,-2.04,39.85,1
84,86,6055.84,8000.00,0,52,-100.74,-24.45,26.80,0
84,87,5800.00,2505.82,3,86,-80.59,-13.05,54.31,0
84,88,7072.92,6200.00,0,104,-52.15,3.41,58.34,0
84,89,4600.00,3102.15,1,85,-89.25,-20.00,35.02,0
84,90,6857.09,7800.00,2,109,-90.25,-15.77,39.48,1
84,91,6816.36,4800.00,0,98,-71.19,-11.36,57.70,0
84,92,4600.00,7659.13,1,107,-101.83,-45.87,20.02,0
84,93,2455.79,4600.00,2,95,-79.63,-19.47,43.48,0
84,94,6600.00,6721.02,1,103,-61.99,7.71,59.26,0
84,95,4000.00,3400.00,2,90,-83.43,-25.11,0.00,0
84,96,2600.00,7894.52,1,22,-95.41,-22.73,30.19,0
84,97,2200.00,3000.00,3,83,-74.26,-15.41,0.00,0
84,98,1800.00,3854.08,1,89,-78.35,-20.53,37.58,0
84,99,9000.00,2000.00,2,75,-98.78,-21.40,0.00,0
85,0,2017.04,7200.00,2,105,-50.66,-4.25,39.92,0
85,1,2200.00,5400.00,2,100,-67.37,-2.76,0.00,0
85,2,7600.00,4600.00,1,63,-118.11,-59.32,0.00,0
85,3,6200.00,2400.00,0,86,-81.14,-19.15,0.00,0
85,4,8200.00,4075.82,3,70,-102.19,-40.84,54.70,0
85,5,7983.66,3600.00,0,93,-74.34,-16.26,32.58,0
85,6,4200.00,3400.00,3,85,-70.43,-6.69,0.00,0
85,7,5152.93,3600.00,0,91,-76.12,-7.71,21.26,0
85,8,4600.00,5219.51,3,96,-68.16,-9.96,43.49,0
85,9,2200.00,3824.12,1,89,-89.57,-14.52,32.84,0
85,10,2800.00,5800.00,0,100,-78.27,-4.53,0.00,0
85,11,4222.35,2600.00,2,85,-57.58,3.42,43.16,0
85,12,7200.00,5564.19,3,64,-82.52,-14.78,22.78,0
85,13,2000.00,6257.36,3,100,-59.67,3.17,35.20,0
85,14,6606.44,4800.00,2,98,-59.04,-10.09,21.89,0
85,15,8200.00,4702.37,3,99,-77.28,-10.07,57.73,0
85,16,4000.00,2562.53,1,85,-61.83,9.71,38.94,0
85,17,3400.00,4800.00,0,95,-77.69,-4.32,0.00,0
85,18,7825.38,3000.00,2,88,-76.75,-19.04,39.40,0
85,19,5323.44,6400.00,0,102,-86.78,-15.31,20.98,0
85,20,6200.00,7400.00,3,108,-75.03,-22.56,0.00,0
85,21,4800.00,4000.00,3,91,-80.53,-20.62,0.00,0
85,22,1000.00,5351.72,3,4,-116.96,-41.24,22.87,0
85,23,5803.07,2000.00,2,45,-89.08,-22.54,28.87,0
85,24,5149.51,6800.00,2,108,-71.85,-14.70,56.90,0
85,25,1600.00,6615.01,1,105,-74.47,-4.06,46.91,0
85,26,1600.00,5800.00,0,12,-120.40,-60.73,0.00,0
85,27,1450.52,2200.00,0,0,-109.57,-36.02,37.28,0
85,28,4580.96,6200.00,2,102,-87.94,-18.07,47.79,0
85,29,5397.02,6000.00,0,102,-75.52,-4.72,42.99,0
85,30,1600.00,7633.78,3,105,-91.21,-20.99,28.35,0
85,31,1200.00,2400.00,0,83,-78.34,-19.55,0.00,0
85,32,7947.72,7400.00,2,110,-89.56,-17.29,37.43,0
85,33,8400.00,2424.94,3,88,-89.34,-22.98,36.01,0
85,34,6534.68,4800.00,2,98,-75.17,-13.85,57.89,0
85,35,3192.08,7200.00,2,106,-61.04,-0.71,36.26,0
85,36,6800.00,5000.00,2,98,-105.33,-47.20,0.00,0
85,37,3771.18,3600.00,0,90,-66.16,-5.53,21.73,0
85,38,2265.81,7600.00,0,105,-78.07,-9.62,52.65,0
85,39,1000.00,6221.47,1,5,-108.07,-42.10,25.77,0
85,40,1435.49,4800.00,2,94,-58.78,11.70,46.72,0
85,41,2852.54,4400.00,2,18,-104.67,-37.61,24.57,0
85,42,3000.00,6700.98,3,106,-50.63,3.29,31.20,0
85,43,2623.58,3800.00,0,89,-83.57,-10.46,28.30,0
85,44,3000.00,7600.00,3,106,-52.60,13.56,0.00,0
85,45,7200.00,6193.25,3,104,-73.77,-18.68,33.08,1
85,46,7600.00,6800.00,1,104,-69.23,0.59,0.00,0
85,47,2000.00,6376.02,1,100,-69.30,-10.51,32.50,0
85,48,8400.00,4200.00,2,70,-108.80,-33.99,0.00,0
85,49,5600.00,7129.01,1,108,-64.89,-5.59,38.47,0
85,50,8348.82,7600.00,2,110,-81.45,-9.61,26.21,0
85,51,4000.00,7640.19,3,107,-72.89,4.85,50.80,0
85,52,3000.00,3200.00,0,84,-81.47,-29.26,0.00,0
85,53,2800.00,3992.96,3,89,-93.53,-32.01,36.54,0
85,54,6120.48,3400.00,2,92,-93.76,-28.06,38.17,1
85,55,3800.00,2200.00,0,23,-110.56,-56.99,0.00,0
85,56,1800.00,4800.00,3,94,-47.42,23.28,0.00,0
85,57,3763.52,4600.00,0,25,-99.34,-28.41,21.56,1
85,58,1593.06,2600.00,0,83,-48.07,26.62,55.49,0
85,59,5200.00,5200.00,0,97,-60.43,2.98,0.00,0
85,60,1589.10,5600.00,2,94,-64.50,8.37,56.24,0
85,61,8800.00,4972.80,1,99,-57.90,-5.51,35.79,0
85,62,6000.00,6000.00,3,103,-48.96,13.47,0.00,0
85,63,7600.00,7775.25,3,109,-59.18,3.64,56.55,0
85,64,1625.16,2000.00,0,0,-108.76,-39.36,40.33,0
85,65,4200.00,6000.00,2,101,-66.97,-8.74,0.00,0
85,66,5600.00,7800.00,1,108,-43.17,25.61,0.00,0
85,67,1800.00,2600.00,2,83,-85.38,-12.72,0.00,0
85,68,5612.24,3000.00,0,86,-62.33,3.47,14.69,0
85,69,8221.48,8000.00,2,74,-105.32,-41.23,25.20,0
85,70,7800.00,6200.00,1,104,-66.77,3.19,0.00,0
85,71,3001.84,5000.00,2,95,-49.58,17.95,36.58,0
85,72,5036.25,6200.00,2,102,-56.51,11.71,35.94,0
85,73,5600.00,2588.57,1,86,-44.74,20.03,25.23,0
85,74,2000.00,4600.00,1,94,-76.10,-12.27,0.00,0
85,75,2733.61,6600.00,0,20,-96.54,-35.44,45.81,1
85,76,6027.91,6000.00,2,103,-75.57,-6.82,21.79,0
85,77,8800.00,5741.95,1,80,-104.40,-41.90,39.08,0
85,78,5400.00,5600.00,0,97,-66.38,-2.82,0.00,0
85,79,8600.00,3200.00,1,88,-72.10,0.78,0.00,0
85,80,4854.58,5000.00,2,41,-91.71,-31.73,31.73,0
85,81,4200.00,5400.00,1,34,-63.68,-0.59,0.00,0
85,82,6933.45,7200.00,2,109,-83.16,-13.05,33.93,0
85,83,8400.00,5980.27,3,72,-107.61,-54.79,23.67,0
85,84,5400.00,5991.54,1,102,-73.09,-6.93,21.84,0
85,85,7200.00,7218.81,3,109,-70.55,-5.34,39.85,1
85,86,6078.18,8000.00,0,52,-98.34,-25.40,26.80,0
85,87,5800.00,2460.56,3,86,-75.49,-7.58,54.31,0
85,88,7121.54,6200.00,0,104,-56.78,4.57,58.34,0
85,89,4600.00,3131.34,1,85,-94.21,-37.10,35.02,0
85,90,6824.18,7800.00,2,109,-84.05,-12.56,39.48,0
85,91,6864.44,4800.00,0,98,-75.95,-5.46,57.70,0
85,92,4600.00,7675.82,1,107,-99.19,-40.48,20.02,0
85,93,2419.56,4600.00,2,95,-83.99,-19.69,43.48,0
85,94,6600.00,6770.41,1,109,-67.85,-1.20,59.26,1
85,95,4000.00,3400.00,2,90,-83.43,-25.11,0.00,0
85,96,2600.00,7919.68,1,22,-89.95,-26.43,30.19,0
85,97,2200.00,3000.00,3,83,-74.26,-15.41,0.00,0
85,98,1800.00,3885.39,1,89,-74.06,-7.32,37.58,0
85,99,9000.00,2000.00,2,75,-98.78,-21.40,0.00,0
86,0,2016.22,7200.00,0,105,-69.87,-5.97,39.92,0
86,1,2200.00,5400.00,2,100,-67.37,-2.76,0.00,0
86,2,7600.00,4600.00,1,63,-118.11,-59.32,0.00,0
86,3,6200.00,2400.00,0,86,-81.14,-19.15,0.00,0
86,4,8200.00,4030.24,3,70,-120.09,-59.46,54.70,0
86,5,8000.00,3600.00,3,93,-72.01,-5.55,0.00,0
86,6,4200.00,3400.00,3,85,-70.43,-6.69,0.00,0
86,7,5170.65,3600.00,0,91,-81.09,-17.61,21.26,0
86,8,4600.00,5216.73,1,96,-68.36,-1.63,43.49,0
86,9,2200.00,3851.49,1,89,-73.17,-2.66,32.84,0
86,10,2800.00,5800.00,0,100,-78.27,-4.53,0.00,0
86,11,4200.00,2613.61,1,85,-78.51,-16.27,43.16,0
86,12,7200.00,5545.21,3,64,-79.09,-4.04,22.78,0
86,13,2000.00,6228.03,3,100,-75.77,-14.96,35.20,0
86,14,6600.00,4800.00,1,98,-91.01,-32.79,0.00,0
86,15,8200.00,4654.26,3,99,-97.61,-33.88,57.73,0
86,16,4000.00,2594.98,1,85,-67.18,5.88,38.94,0
86,17,3400.00,4800.00,0,95,-77.69,-4.32,0.00,0
86,18,7800.00,3000.00,0,88,-66.14,7.52,0.00,0
86,19,5340.92,6400.00,0,102,-83.84,-13.10,20.98,0
86,20,6200.00,7400.00,3,108,-75.03,-22.56,0.00,0
86,21,4800.00,4000.00,3,91,-80.53,-20.62,0.00,0
86,22,1000.00,5332.66,3,4,-123.80,-49.20,22.87,0
86,23,5820.99,2000.00,0,45,-64.09,3.90,28.87,0
86,24,5102.09,6800.00,2,108,-73.99,-17.92,56.90,0
86,25,1600.00,6654.11,1,105,-89.21,-13.19,46.91,0
86,26,1600.00,5800.00,0,12,-120.40,-60.73,0.00,0
86,27,1481.59,2200.00,0,0,-119.76,-52.11,37.28,0
86,28,4541.13,6200.00,2,102,-75.33,-13.48,47.79,0
86,29,5400.00,5967.16,3,102,-81.54,-29.73,42.99,0
86,30,1600.00,7610.15,3,105,-87.10,-12.90,28.35,0
86,31,1200.00,2400.00,0,83,-78.34,-19.55,0.00,0
86,32,7916.53,7400.00,2,110,-101.42,-29.04,37.43,0
86,33,8400.00,2394.93,3,88,-97.84,-35.10,36.01,0
86,34,6486.44,4800.00,2,98,-57.83,13.13,57.89,0
86,35,3161.86,7200.00,2,106,-52.22,6.54,36.26,0
86,36,6800.00,5000.00,2,56,-94.67,-36.54,0.00,1
86,37,3789.28,3600.00,0,90,-82.05,-30.48,21.73,0
86,38,2309.69,7600.00,0,105,-74.50,-3.50,52.65,0
86,39,1000.00,6264.42,1,5,-118.37,-48.32,51.54,0
86,40,1400.00,4803.44,1,94,-97.79,-38.13,46.72,0
86,41,2832.06,4400.00,2,18,-101.14,-41.61,24.57,0
86,42,3000.00,6674.98,3,106,-62.89,-11.52,31.20,0
86,43,2670.75,3800.00,0,89,-59.88,5.90,56.60,0
86,44,3000.00,7600.00,3,106,-52.60,13.56,0.00,0
86,45,7200.00,6165.69,3,65,-88.02,-22.85,33.08,1
86,46,7600.00,6800.00,1,104,-69.23,0.59,0.00,0
86,47,2000.00,6403.10,1,100,-56.05,20.02,32.50,0
86,48,8400.00,4200.00,2,70,-108.80,-33.99,0.00,0
86,49,5600.00,7161.08,1,108,-71.16,-0.92,38.47,0
86,50,8326.97,7600.00,2,110,-79.21,-9.04,26.21,0
86,51,3997.86,7600.00,2,107,-95.02,-33.92,50.80,0
86,52,3000.00,3200.00,0,84,-81.47,-29.26,0.00,0
86,53,2800.00,3962.51,3,89,-91.68,-20.87,36.54,0
86,54,6088.68,3400.00,2,92,-96.60,-47.91,38.17,0
86,55,3800.00,2200.00,0,23,-110.56,-56.99,0.00,0
86,56,1800.00,4800.00,3,94,-47.42,23.28,0.00,0
86,57,3781.49,4600.00,0,25,-110.76,-39.23,21.56,0
86,58,1639.30,2600.00,0,83,-80.92,-5.22,55.49,0
86,59,5200.00,5200.00,0,97,-60.43,2.98,0.00,0
86,60,1542.24,5600.00,2,94,-73.64,8.60,56.24,0
86,61,8800.00,5002.63,1,99,-70.90,-1.44,35.79,0
86,62,6000.00,6000.00,3,103,-48.96,13.47,0.00,0
86,63,7600.00,7728.12,3,109,-70.16,-7.35,56.55,0
86,64,1658.78,2000.00,0,0,-113.12,-47.88,40.33,0
86,65,4200.00,6000.00,2,101,-66.97,-8.74,0.00,0
86,66,5600.00,7800.00,1,108,-43.17,25.61,0.00,0
86,67,1800.00,2600.00,2,83,-85.38,-12.72,0.00,0
86,68,5636.72,3000.00,0,86,-78.57,-21.69,29.38,0
86,69,8200.47,8000.00,2,74,-100.55,-30.59,25.20,0
86,70,7800.00,6200.00,1,104,-66.77,3.19,0.00,0
86,71,3000.00,4971.35,3,95,-59.01,4.33,36.58,0
86,72,5006.30,6200.00,2,102,-63.55,4.20,35.94,0
86,73,5600.00,2600.00,0,46,-86.85,-30.94,0.00,1
86,74,2000.00,4600.00,1,94,-76.10,-12.27,0.00,0
86,75,2771.79,6600.00,0,20,-107.58,-50.96,45.81,0
86,76,6009.75,6000.00,2,103,-69.82,-18.27,21.79,0
86,77,8800.00,5774.52,1,79,-104.77,-45.23,39.08,1
86,78,5400.00,5600.00,0,97,-66.38,-2.82,0.00,0
86,79,8600.00,3200.00,1,88,-72.10,0.78,0.00,0
86,80,4828.14,5000.00,2,96,-91.85,-22.45,31.73,1
86,81,4200.00,5400.00,1,34,-63.68,-0.59,0.00,0
86,82,6905.17,7200.00,2,109,-69.04,-4.86,33.93,0
86,83,8400.00,5940.82,3,72,-97.19,-31.65,47.35,0
86,84,5400.00,6000.00,2,102,-52.24,11.63,0.00,0
86,85,7200.00,7214.40,1,109,-75.82,-9.20,39.85,0
86,86,6100.52,8000.00,0,59,-104.14,-31.84,26.80,1
86,87,5800.00,2415.30,3,86,-70.50,-4.83,54.31,0
86,88,7170.16,6200.00,0,104,-36.68,28.25,58.34,0
86,89,4600.00,3160.53,1,85,-111.14,-49.21,35.02,0
86,90,6800.00,7800.00,1,109,-60.92,16.01,0.00,0
86,91,6912.52,4800.00,0,98,-53.33,18.47,57.70,0
86,92,4600.00,7692.51,1,107,-84.88,-17.81,20.02,0
86,93,2400.00,4616.67,1,95,-57.17,-5.95,43.48,0
86,94,6619.79,6800.00,0,109,-87.88,-14.81,59.26,0
86,95,4000.00,3400.00,2,90,-83.43,-25.11,0.00,0
86,96,2600.00,7944.84,1,22,-84.15,-22.69,30.19,0
86,97,2200.00,3000.00,3,83,-74.26,-15.41,0.00,0
86,98,1800.00,3916.71,1,89,-80.59,-25.91,37.58,0
86,99,9000.00,2000.00,2,75,-98.78,-21.40,0.00,0
87,0,2049.49,7200.00,0,105,-71.06,-20.83,39.92,0
87,1,2200.00,5400.00,2,100,-67.37,-2.76,0.00,0
87,2,7600.00,4620.84,1,63,-109.23,-46.56,25.01,0
87,3,6200.00,2400.00,0,86,-81.14,-19.15,0.00,0
87,4,8200.00,4000.00,2,70,-92.32,-26.23,0.00,0
87,5,8000.00,3600.00,3,93,-72.01,-5.55,0.00,0
87,6,4200.00,3400.00,3,85,-70.43,-6.69,0.00,0
87,7,5188.37,3600.00,0,91,-81.63,-15.31,21.26,0
87,8,4600.00,5252.97,1,96,-62.48,-4.58,43.49,0
87,9,2200.00,3878.85,1,89,-67.47,5.19,32.84,0
87,10,2800.00,5800.00,0,100,-78.27,-4.53,0.00,0
87,11,4200.00,2649.58,1,85,-64.54,1.35,43.16,0
87,12,7200.00,5526.23,3,98,-78.11,-9.02,22.78,1
87,13,2000.00,6200.00,2,100,-53.92,3.84,0.00,0
87,14,6600.00,4800.00,1,98,-91.01,-32.79,0.00,0
87,15,8200.00,4606.15,3,99,-94.34,-22.05,57.73,0
87,16,4000.00,2627.43,1,85,-67.47,4.25,38.94,0
87,17,3400.00,4800.00,0,95,-77.69,-4.32,0.00,0
87,18,7800.00,3000.00,0,88,-66.14,7.52,0.00,0
87,19,5358.40,6400.00,0,102,-73.20,-14.44,20.98,0
87,20,6200.00,7400.00,3,108,-75.03,-22.56,0.00,0
87,21,4800.00,4000.00,3,91,-80.53,-20.62,0.00,0
87,22,1000.00,5313.59,3,4,-123.13,-45.64,22.87,0
87,23,5845.04,2000.00,0,45,-81.78,-11.71,28.87,0
87,24,5054.66,6800.00,2,108,-63.54,-1.56,56.90,0
87,25,1600.00,6693.20,1,105,-65.61,-13.43,46.91,0
87,26,1600.00,5800.00,0,12,-120.40,-60.73,0.00,0
87,27,1512.66,2200.00,0,83,-91.49,-14.79,37.28,1
87,28,4501.30,6200.00,2,102,-96.52,-33.22,47.79,0
87,29,5400.00,5931.34,3,102,-77.09,-8.03,42.99,0
87,30,1600.00,7613.47,1,105,-37.16,20.80,28.35,0
87,31,1200.00,2400.00,0,83,-78.34,-19.55,0.00,0
87,32,7885.34,7400.00,2,110,-87.85,-14.56,37.43,0
87,33,8400.00,2364.93,3,88,-90.26,-12.67,36.01,0
87,34,6438.20,4800.00,2,98,-70.10,0.61,57.89,0
87,35,3131.65,7200.00,2,106,-51.60,22.55,36.26,0
87,36,6800.00,5000.00,2,56,-94.67,-36.54,0.00,0
87,37,3800.00,3592.61,3,90,-37.85,12.84,21.73,0
87,38,2353.56,7600.00,0,105,-72.65,-4.09,52.65,0
87,39,1000.00,6307.37,1,5,-88.52,-18.69,51.54,0
87,40,1400.00,4842.37,1,94,-91.06,-25.79,46.72,0
87,41,2811.58,4400.00,2,18,-92.37,-32.75,24.57,0
87,42,3000.00,6648.98,3,106,-51.83,0.94,31.20,0
87,43,2717.91,3800.00,0,89,-64.50,5.03,56.60,0
87,44,3000.00,7600.00,3,106,-52.60,13.56,0.00,0
87,45,7200.00,6138.12,3,65,-83.29,-19.31,33.08,0
87,46,7600.00,6800.00,1,104,-69.23,0.59,0.00,0
87,47,2000.00,6430.18,1,100,-61.58,17.70,32.50,0
87,48,8389.59,4200.00,2,70,-121.94,-55.82,12.50,0
87,49,5600.00,7193.14,1,108,-47.79,19.82,38.47,0
87,50,8305.13,7600.00,2,110,-93.74,-23.35,26.21,0
87,51,3955.52,7600.00,2,29,-103.88,-52.98,50.80,1
87,52,3000.00,3200.00,0,84,-81.47,-29.26,0.00,0
87,53,2800.00,3932.06,3,89,-74.50,-2.79,36.54,0
87,54,6056.87,3400.00,2,92,-72.50,-12.27,38.17,0
87,55,3800.00,2200.00,0,23,-110.56,-56.99,0.00,0
87,56,1800.00,4800.00,3,94,-47.42,23.28,0.00,0
87,57,3799.45,4600.00,0,25,-114.47,-45.49,21.56,0
87,58,1685.54,2600.00,0,83,-77.07,-8.61,55.49,0
87,59,5200.00,5200.00,0,97,-60.43,2.98,0.00,0
87,60,1495.37,5600.00,2,94,-95.35,-21.78,56.24,0
87,61,8800.00,5032.45,1,99,-87.60,-18.99,35.79,0
87,62,6000.00,6000.00,3,103,-48.96,13.47,0.00,0
87,63,7600.00,7681.00,3,109,-53.67,12.80,56.55,0
87,64,1692.39,2000.00,0,0,-118.40,-59.32,40.33,0
87,65,4200.00,6000.00,2,101,-66.97,-8.74,0.00,0
87,66,5600.00,7800.00,1,108,-43.17,25.61,0.00,0
87,67,1800.00,2600.00,2,83,-85.38,-12.72,0.00,0
87,68,5661.20,3000.00,0,86,-74.01,-15.12,29.38,0
87,69,8220.53,8000.00,0,82,-118.92,-46.75,25.20,1
87,70,7800.00,6210.32,1,104,-57.89,8.55,12.39,0
87,71,3000.00,4940.86,3,95,-54.83,9.42,36.58,0
87,72,5000.00,6200.00,1,102,-52.90,12.30,0.00,0
87,73,5600.00,2600.00,0,86,-79.10,-23.17,0.00,1
87,74,2000.00,4600.00,1,94,-76.10,-12.27,0.00,0
87,75,2800.00,6590.04,3,20,-100.29,-36.76,45.81,0
87,76,6000.00,6008.41,1,103,-75.33,-4.93,21.79,0
87,77,8792.92,5800.00,2,80,-113.13,-45.77,39.08,1
87,78,5400.00,5600.00,0,97,-66.38,-2.82,0.00,0
87,79,8600.00,3200.00,1,88,-72.10,0.78,0.00,0
87,80,4801.70,5000.00,2,96,-59.56,4.23,31.73,0
87,81,4200.00,5400.00,1,34,-63.68,-0.59,0.00,0
87,82,6876.90,7200.00,2,109,-72.35,-8.15,33.93,0
87,83,8400.00,5901.36,3,72,-110.95,-44.39,47.35,0
87,84,5400.00,6000.00,2,102,-52.24,11.63,0.00,0
87,85,7200.00,7247.62,1,109,-75.39,-7.22,39.85,0
87,86,6122.85,8000.00,0,52,-123.06,-55.42,26.80,1
87,87,5800.00,2429.96,1,86,-79.15,-5.59,54.31,0
87,88,7200.00,6181.23,3,104,-82.09,-10.76,58.34,0
87,89,4600.00,3189.71,1,85,-92.49,-32.46,35.02,0
87,90,6800.00,7800.00,1,109,-60.92,16.01,0.00,0
87,91,6960.60,4800.00,0,98,-51.05,22.79,57.70,0
87,92,4600.00,7709.19,1,107,-88.56,-36.41,20.02,0
87,93,2400.00,4652.91,1,95,-79.24,-18.32,43.48,0
87,94,6669.18,6800.00,0,109,-64.70,-1.24,59.26,0
87,95,4000.00,3400.00,2,90,-83.43,-25.11,0.00,0
87,96,2600.00,7970.00,1,22,-74.98,-13.51,30.19,0
87,97,2200.00,3000.00,3,83,-74.26,-15.41,0.00,0
87,98,1800.00,3948.02,1,89,-77.16,-17.40,37.58,0
87,99,8977.59,2000.00,2,75,-108.61,-32.58,26.89,0
88,0,2082.75,7200.00,0,105,-55.44,11.35,39.92,0
88,1,2200.00,5400.00,2,100,-67.37,-2.76,0.00,0
88,2,7600.00,4662.53,1,63,-104.50,-39.96,50.03,0
88,3,6200.00,2400.00,0,86,-81.14,-19.15,0.00,0
88,4,8200.00,4000.00,2,70,-92.32,-26.23,0.00,0
88,5,8000.00,3600.00,3,93,-72.01,-5.55,0.00,0
88,6,4200.00,3400.00,3,85,-70.43,-6.69,0.00,0
88,7,5200.00,3600.00,1,91,-84.42,-18.00,0.00,0
88,8,4600.00,5289.21,1,96,-79.37,-13.51,43.49,0
88,9,2200.00,3906.21,1,89,-76.90,-9.50,32.84,0
88,10,2800.00,5800.00,0,100,-78.27,-4.53,0.00,0
88,11,4200.00,2685.55,1,85,-60.82,15.64,43.16,0
88,12,7200.00,5507.25,3,98,-62.56,4.43,22.78,0
88,13,2000.00,6200.00,2,100,-53.92,3.84,0.00,0
88,14,6600.00,4800.00,1,98,-91.01,-32.79,0.00,0
88,15,8200.00,4600.00,2,99,-97.16,-23.55,0.00,0
88,16,4000.00,2659.87,1,85,-71.41,-0.89,38.94,0
88,17,3400.00,4800.00,0,95,-77.69,-4.32,0.00,0
88,18,7800.00,3000.00,0,88,-66.14,7.52,0.00,0
88,19,5375.88,6400.00,0,102,-80.01,-24.81,20.98,0
88,20,6200.00,7381.06,3,108,-100.24,-48.41,22.72,0
88,21,4800.00,4000.00,3,91,-80.53,-20.62,0.00,0
88,22,1000.00,5294.53,3,4,-117.95,-45.86,22.87,0
88,23,5869.10,2000.00,0,45,-92.82,-31.64,28.87,0
88,24,5007.24,6800.00,2,43,-65.59,-9.24,56.90,1
88,25,1600.00,6732.29,1,105,-78.94,-6.09,46.91,0
88,26,1600.00,5800.00,0,12,-120.40,-60.73,0.00,0
88,27,1543.73,2200.00,0,83,-72.95,-9.98,37.28,0
88,28,4461.48,6200.00,2,102,-70.49,-10.88,47.79,0
88,29,5400.00,5895.52,3,102,-64.16,1.67,42.99,0
88,30,1600.00,7637.10,1,105,-42.45,32.43,28.35,0
88,31,1200.00,2400.00,0,83,-78.34,-19.55,0.00,0
88,32,7854.15,7400.00,2,110,-51.49,8.93,37.43,0
88,33,8400.00,2334.92,3,88,-83.42,-12.12,36.01,0
88,34,6400.00,4810.04,1,98,-82.61,-14.14,57.89,0
88,35,3101.43,7200.00,2,106,-46.96,17.40,36.26,0
88,36,6800.00,5000.00,2,56,-94.67,-36.54,0.00,0
88,37,3800.00,3574.50,3,90,-41.16,19.65,21.73,0
88,38,2397.44,7600.00,0,105,-90.48,-31.30,52.65,0
88,39,1000.00,6350.32,1,5,-100.10,-25.42,51.54,0
88,40,1400.00,4881.30,1,94,-66.90,5.85,46.72,0
88,41,2800.00,4400.00,1,18,-101.04,-38.85,0.00,0
88,42,3000.00,6622.97,3,106,-72.99,-7.66,31.20,0
88,43,2765.08,3800.00,0,89,-55.77,3.04,56.60,0
88,44,3000.00,7600.00,3,106,-52.60,13.56,0.00,0
88,45,7200.00,6110.56,3,104,-78.89,-6.57,33.08,1
88,46,7600.00,6800.00,1,104,-69.23,0.59,0.00,0
88,47,2000.00,6457.26,1,100,-80.97,-6.25,32.50,0
88,48,8368.76,4200.00,2,70,-113.19,-41.63,24.99,0
88,49,5600.00,7200.00,2,108,-72.22,-11.10,0.00,0
88,50,8283.29,7600.00,2,110,-80.26,-5.24,26.21,0
88,51,3913.19,7600.00,2,107,-102.14,-42.25,50.80,1
88,52,3000.00,3200.00,0,84,-81.47,-29.26,0.00,0
88,53,2800.00,3901.60,3,89,-76.30,-6.91,36.54,0
88,54,6025.07,3400.00,2,92,-56.94,3.32,38.17,0
88,55,3800.00,2200.00,0,23,-110.56,-56.99,0.00,0
88,56,1800.00,4800.00,3,94,-47.42,23.28,0.00,0
88,57,3817.42,4600.00,0,25,-106.05,-42.41,21.56,0
88,58,1731.78,2600.00,0,83,-52.44,22.82,55.49,0
88,59,5200.00,5200.00,0,97,-60.43,2.98,0.00,0
88,60,1448.50,5600.00,2,94,-96.36,-18.89,56.24,0
88,61,8800.00,5062.27,1,99,-88.31,-19.66,35.79,0
88,62,6000.00,5975.56,3,103,-68.90,-15.34,29.33,0
88,63,7600.00,7633.87,3,109,-86.85,-20.16,56.55,0
88,64,1726.00,2000.00,0,8,-112.34,-47.18,40.33,1
88,65,4200.00,6000.00,2,101,-66.97,-8.74,0.00,0
88,66,5600.00,7823.69,1,108,-57.30,11.55,28.42,0
88,67,1800.00,2600.00,2,83,-85.38,-12.72,0.00,0
88,68,5685.68,3000.00,0,86,-62.23,0.00,29.38,0
88,69,8241.53,8000.00,0,74,-106.30,-35.81,25.20,1
88,70,7800.00,6230.97,1,104,-53.08,12.08,24.78,0
88,71,3000.00,4910.37,3,95,-78.45,-19.99,36.58,0
88,72,5000.00,6200.00,1,102,-52.90,12.30,0.00,0
88,73,5600.00,2600.00,0,86,-79.10,-23.17,0.00,0
88,74,2000.00,4600.00,1,94,-76.10,-12.27,0.00,0
88,75,2800.00,6551.86,3,100,-70.49,-4.37,45.81,1
88,76,6000.00,6026.57,1,103,-79.67,-14.56,21.79,0
88,77,8760.35,5800.00,2,79,-97.64,-17.76,39.08,1
88,78,5400.00,5600.00,0,97,-66.38,-2.82,0.00,0
88,79,8600.00,3200.00,1,88,-72.10,0.78,0.00,0
88,80,4800.00,5024.74,1,96,-68.65,-11.69,31.73,0
88,81,4200.00,5400.00,1,34,-63.68,-0.59,0.00,0
88,82,6848.62,7200.00,2,109,-88.03,-28.85,33.93,0
88,83,8400.00,5861.90,3,80,-110.37,-46.23,47.35,1
88,84,5400.00,6000.00,2,102,-52.24,11.63,0.00,0
88,85,7200.00,7280.83,1,109,-68.28,2.22,39.85,0
88,86,6145.19,8000.00,0,52,-118.14,-50.16,26.80,0
88,87,5800.00,2475.21,1,86,-92.51,-21.20,54.31,0
88,88,7200.00,6132.61,3,104,-74.97,-10.27,58.34,0
88,89,4581.10,3200.00,2,85,-94.88,-28.31,35.02,0
88,90,6800.00,7800.00,1,109,-60.92,16.01,0.00,0
88,91,6991.32,4800.00,2,98,-55.22,12.02,57.70,0
88,92,4600.00,7725.88,1,107,-85.64,-21.02,20.02,0
88,93,2400.00,4689.14,1,95,-93.08,-23.49,43.48,0
88,94,6718.57,6800.00,0,109,-59.61,2.23,59.26,0
88,95,4000.00,3400.00,2,90,-83.43,-25.11,0.00,0
88,96,2600.00,7995.16,1,22,-87.11,-12.95,30.19,0
88,97,2200.00,3000.00,3,83,-74.26,-15.41,0.00,0
88,98,1800.00,3979.34,1,89,-80.73,-27.48,37.58,0
88,99,8932.77,2000.00,2,75,-95.76,-20.10,53.78,0
89,0,2116.02,7200.00,0,105,-70.80,-6.80,39.92,0
89,1,2177.81,5400.00,2,100,-60.24,10.40,26.63,0
89,2,7600.00,4704.22,1,71,-114.51,-75.07,50.03,1
89,3,6200.00,2400.00,0,86,-81.14,-19.15,0.00,0
89,4,8200.00,4000.00,2,70,-92.32,-26.23,0.00,0
89,5,8000.00,3600.00,3,93,-72.01,-5.55,0.00,0
89,6,4200.00,3379.98,3,85,-84.58,-14.90,24.02,0
89,7,5200.00,3600.00,1,91,-84.42,-18.00,0.00,0
89,8,4600.00,5325.44,1,96,-74.72,-9.86,43.49,0
89,9,2200.00,3933.58,1,89,-69.69,-0.69,32.84,0
89,10,2800.00,5800.00,0,100,-78.27,-4.53,0.00,0
89,11,4200.00,2721.51,1,85,-73.20,0.72,43.16,0
89,12,7200.00,5488.27,3,98,-70.56,-15.78,22.78,0
89,13,2000.00,6200.00,2,100,-53.92,3.84,0.00,0
89,14,6600.00,4800.00,1,98,-91.01,-32.79,0.00,0
89,15,8200.00,4600.00,2,99,-97.16,-23.55,0.00,0
89,16,4000.00,2692.32,1,85,-75.39,-7.39,38.94,0
89,17,3400.00,4800.00,0,95,-77.69,-4.32,0.00,0
89,18,7800.00,3000.00,0,88,-66.14,7.52,0.00,0
89,19,5393.37,6400.00,0,102,-81.00,-15.73,20.98,0
89,20,6200.00,7343.19,3,51,-86.84,-42.44,45.44,1
89,21,4800.00,4000.00,3,91,-80.53,-20.62,0.00,0
89,22,1000.00,5275.47,3,4,-115.86,-38.50,22.87,0
89,23,5893.16,2000.00,0,45,-109.80,-53.28,28.87,0
89,24,5000.00,6759.82,3,43,-76.09,-7.81,56.90,0
89,25,1600.00,6771.38,1,105,-57.25,8.14,46.91,0
89,26,1610.13,5800.00,0,12,-114.38,-54.56,12.16,0
89,27,1574.80,2200.00,0,83,-66.15,-9.73,37.28,0
89,28,4421.65,6200.00,2,102,-77.77,-27.42,47.79,0
89,29,5400.00,5859.69,3,102,-105.80,-41.87,42.99,0
89,30,1600.00,7660.73,1,105,-47.97,25.18,28.35,0
89,31,1200.00,2400.00,0,83,-78.34,-19.55,0.00,0
89,32,7822.95,7400.00,2,110,-47.73,20.56,37.43,0
89,33,8400.00,2304.92,3,88,-62.30,6.60,36.01,0
89,34,6400.00,4858.27,1,98,-36.72,19.46,57.89,0
89,35,3071.21,7200.00,2,106,-49.92,11.18,36.26,0
89,36,6800.00,5000.00,2,56,-94.67,-36.54,0.00,0
89,37,3800.00,3556.40,3,90,-60.04,12.55,21.73,0
89,38,2441.31,7600.00,0,105,-75.80,-10.04,52.65,0
89,39,1000.00,6393.27,1,5,-101.44,-26.20,51.54,0
89,40,1400.00,4920.23,1,94,-83.56,-12.44,46.72,0
89,41,2800.00,4400.00,1,18,-101.04,-38.85,0.00,0
89,42,3003.03,6600.00,0,106,-67.86,-5.15,31.20,0
89,43,2800.00,3812.24,1,17,-70.08,-13.98,56.60,1
89,44,3000.00,7600.00,3,106,-52.60,13.56,0.00,0
89,45,7200.00,6082.99,3,104,-60.48,1.25,33.08,0
89,46,7600.00,6816.76,1,104,-57.72,14.30,20.12,0
89,47,2000.00,6484.34,1,100,-79.97,-29.08,32.50,0
89,48,8347.93,4200.00,2,70,-116.66,-43.84,24.99,0
89,49,5600.00,7200.00,2,108,-72.22,-11.10,0.00,0
89,50,8261.45,7600.00,2,110,-82.41,-10.38,26.21,0
89,51,3870.86,7600.00,2,107,-80.72,-24.62,50.80,0
89,52,3000.00,3200.00,0,84,-81.47,-29.26,0.00,0
89,53,2800.00,3871.15,3,89,-63.83,-8.44,36.54,0
89,54,6000.00,3406.74,1,92,-95.65,-37.84,38.17,0
89,55,3800.00,2200.00,0,23,-110.56,-56.99,0.00,0
89,56,1800.00,4800.00,3,94,-47.42,23.28,0.00,0
89,57,3835.38,4600.00,0,25,-102.30,-39.50,21.56,0
89,58,1778.03,2600.00,0,83,-79.18,-9.14,55.49,0
89,59,5200.00,5200.00,0,97,-60.43,2.98,0.00,0
89,60,1401.64,5600.00,2,94,-98.10,-28.66,56.24,0
89,61,8800.00,5092.10,1,99,-75.61,2.43,35.79,0
89,62,6000.00,5926.68,3,103,-97.05,-30.02,58.66,0
89,63,7600.00,7600.00,1,109,-75.43,-6.95,0.00,0
89,64,1759.61,2000.00,0,8,-113.37,-49.90,40.33,0
89,65,4200.00,6000.00,2,101,-66.97,-8.74,0.00,0
89,66,5600.00,7871.06,1,108,-74.54,-10.97,56.85,0
89,67,1781.76,2600.00,2,83,-81.23,-9.04,21.88,0
89,68,5710.16,3000.00,0,86,-78.99,-14.21,29.38,0
89,69,8262.54,8000.00,0,74,-103.96,-38.78,25.20,0
89,70,7800.00,6251.62,1,104,-55.17,6.29,24.78,0
89,71,3000.00,4879.89,3,95,-85.76,-28.69,36.58,0
89,72,5000.00,6200.00,1,102,-52.90,12.30,0.00,0
89,73,5600.00,2600.00,0,86,-79.10,-23.17,0.00,0
89,74,2000.00,4600.00,1,94,-76.10,-12.27,0.00,0
89,75,2800.00,6513.69,3,100,-80.52,-23.37,45.81,0
89,76,6000.00,6044.73,1,103,-75.32,-14.77,21.79,0
89,77,8727.78,5800.00,2,79,-110.70,-44.22,39.08,0
89,78,5400.00,5600.00,0,97,-66.38,-2.82,0.00,0
89,79,8600.00,3200.00,1,88,-72.10,0.78,0.00,0
89,80,4800.00,5051.18,1,96,-72.52,-15.00,31.73,0
89,81,4200.00,5400.00,1,34,-63.68,-0.59,0.00,0
89,82,6820.35,7200.00,2,109,-74.26,-9.32,33.93,0
89,83,8400.00,5822.45,3,72,-96.78,-27.45,47.35,1
89,84,5400.00,6000.00,2,102,-52.24,11.63,0.00,0
89,85,7200.00,7314.04,1,109,-67.52,2.77,39.85,0
89,86,6167.53,8000.00,0,52,-124.55,-73.91,26.80,0
89,87,5800.00,2520.47,1,86,-82.04,-7.22,54.31,0
89,88,7200.00,6083.99,3,104,-35.33,20.40,58.34,0
89,89,4551.91,3200.00,2,85,-100.46,-33.73,35.02,0
89,90,6800.00,7800.00,1,109,-60.92,16.01,0.00,0
89,91,6943.24,4800.00,2,98,-70.90,-1.41,57.70,0
89,92,4600.00,7742.57,1,107,-69.44,-1.54,20.02,0
89,93,2400.00,4725.37,1,95,-91.33,-29.49,43.48,0
89,94,6767.95,6800.00,0,109,-66.20,-3.01,59.26,0
89,95,4000.00,3400.00,2,90,-83.43,-25.11,0.00,0
89,96,2600.00,8000.00,2,22,-92.31,-27.18,0.00,0
89,97,2200.00,3000.00,3,83,-74.26,-15.41,0.00,0
89,98,1800.00,4010.66,1,89,-75.86,2.68,37.58,0
89,99,8887.95,2000.00,2,75,-87.48,-25.40,53.78,0
90,0,2149.28,7200.00,0,105,-66.83,1.65,39.92,0
90,1,2133.43,5400.00,2,100,-88.14,-19.80,53.25,0
90,2,7600.00,4745.91,1,63,-100.02,-42.84,50.03,1
90,3,6200.00,2400.00,0,86,-81.14,-19.15,0.00,0
90,4,8200.00,4000.00,2,70,-92.32,-26.23,0.00,0
90,5,8000.00,3600.00,3,93,-72.01,-5.55,0.00,0
90,6,4200.00,3339.95,3,85,-80.49,-12.06,48.04,0
90,7,5200.00,3600.00,1,91,-84.42,-18.00,0.00,0
90,8,4600.00,5361.68,1,96,-81.63,-25.88,43.49,0
90,9,2200.00,3960.94,1,89,-81.45,-20.54,32.84,0
90,10,2800.00,5800.00,0,100,-78.27,-4.53,0.00,0
90,11,4200.00,2757.48,1,85,-60.93,8.07,43.16,0
90,12,7200.00,5469.29,3,98,-57.42,4.58,22.78,0
90,13,2000.00,6200.00,2,100,-53.92,3.84,0.00,0
90,14,6600.00,4800.00,1,98,-91.01,-32.79,0.00,0
90,15,8200.00,4600.00,2,99,-97.16,-23.55,0.00,0
90,16,4000.00,2724.77,1,31,-89.04,-18.83,38.94,1
90,17,3400.00,4800.00,0,95,-77.69,-4.32,0.00,0
90,18,7800.00,3000.00,0,88,-66.14,7.52,0.00,0
90,19,5410.85,6400.00,0,102,-84.96,-18.40,20.98,0
90,20,6200.00,7305.32,3,108,-76.99,-13.44,45.44,1
90,21,4800.00,4000.00,3,91,-80.53,-20.62,0.00,0
90,22,1000.00,5256.41,3,4,-121.74,-54.52,22.87,0
90,23,5917.21,2000.00,0,45,-118.11,-54.68,28.87,0
90,24,5000.00,6712.40,3,102,-61.56,-13.81,56.90,1
90,25,1589.52,6800.00,2,105,-51.67,15.66,46.91,0
90,26,1630.40,5800.00,0,12,-108.95,-43.19,24.32,0
90,27,1600.00,2194.13,3,83,-69.93,-5.22,37.28,0
90,28,4400.00,6181.82,3,35,-80.20,-13.06,47.79,1
90,29,5400.00,5823.87,3,102,-80.02,-25.25,42.99,0
90,30,1600.00,7684.35,1,105,-53.12,3.43,28.35,0
90,31,1200.00,2400.00,0,83,-78.34,-19.55,0.00,0
90,32,7800.00,7408.24,1,110,-81.76,-14.90,37.43,0
90,33,8400.00,2274.91,3,88,-56.26,11.21,36.01,0
90,34,6400.00,4906.51,1,98,-59.43,12.13,57.89,0
90,35,3041.00,7200.00,2,106,-53.48,5.97,36.26,0
90,36,6800.00,5000.00,2,56,-94.67,-36.54,0.00,0
90,37,3800.00,3538.29,3,90,-71.73,-7.86,21.73,0
90,38,2485.19,7600.00,0,105,-99.79,-32.13,52.65,0
90,39,1036.21,6400.00,0,5,-99.92,-22.76,51.54,0
90,40,1400.00,4959.16,1,94,-78.84,-25.99,46.72,0
90,41,2800.00,4400.00,1,18,-101.04,-38.85,0.00,0
90,42,3029.03,6600.00,0,106,-71.05,-22.39,31.20,0
90,43,2800.00,3859.40,1,89,-64.90,2.90,56.60,1
90,44,3000.00,7600.00,3,106,-52.60,13.56,0.00,0
90,45,7200.00,6055.42,3,104,-72.09,-6.61,33.08,0
90,46,7600.00,6850.29,1,104,-85.99,-19.61,40.23,0
90,47,2000.00,6511.42,1,100,-76.53,-8.60,32.50,0
90,48,8327.10,4200.00,2,70,-117.03,-40.99,24.99,0
90,49,5600.00,7200.00,2,108,-72.22,-11.10,0.00,0
90,50,8239.60,7600.00,2,74,-101.14,-20.12,26.21,1
90,51,3828.53,7600.00,2,29,-99.78,-44.80,50.80,1
90,52,3000.00,3200.00,0,84,-81.47,-29.26,0.00,0
90,53,2800.00,3840.69,3,89,-86.65,-28.31,36.54,0
90,54,6000.00,3438.55,1,92,-75.09,-22.68,38.17,0
90,55,3800.00,2200.00,0,23,-110.56,-56.99,0.00,0
90,56,1800.00,4800.00,3,94,-47.42,23.28,0.00,0
90,57,3853.35,4600.00,0,25,-105.24,-46.48,21.56,0
90,58,1775.73,2600.00,2,83,-62.26,9.43,55.49,0
90,59,5200.00,5200.00,0,97,-60.43,2.98,0.00,0
90,60,1445.23,5600.00,0,94,-53.15,16.05,56.24,0
90,61,8800.00,5121.92,1,99,-77.93,-8.38,35.79,0
90,62,6000.00,5877.80,3,103,-86.99,-20.46,58.66,0
90,63,7600.00,7600.00,1,109,-75.43,-6.95,0.00,0
90,64,1793.22,2000.00,0,8,-113.61,-48.30,40.33,0
90,65,4200.00,6000.00,2,101,-66.97,-8.74,0.00,0
90,66,5600.00,7918.43,1,108,-88.38,-18.04,56.85,0
90,67,1745.29,2600.00,2,83,-90.96,-24.51,43.77,0
90,68,5734.64,3000.00,0,86,-88.62,-19.40,29.38,0
90,69,8283.54,8000.00,0,82,-104.87,-28.26,25.20,1
90,70,7800.00,6272.27,1,104,-51.30,5.86,24.78,0
90,71,3000.00,4849.40,3,95,-70.21,-11.78,36.58,0
90,72,5000.00,6200.00,1,102,-52.90,12.30,0.00,0
90,73,5600.00,2600.00,0,86,-79.10,-23.17,0.00,0
90,74,2000.00,4600.00,1,94,-76.10,-12.27,0.00,0
90,75,2800.00,6475.52,3,100,-82.51,-22.32,45.81,0
90,76,6000.00,6062.90,1,103,-81.89,-10.17,21.79,0
90,77,8695.22,5800.00,2,79,-113.99,-48.78,39.08,0
90,78,5400.00,5600.00,0,97,-66.38,-2.82,0.00,0
90,79,8600.00,3200.00,1,88,-72.10,0.78,0.00,0
90,80,4800.00,5077.62,1,96,-78.11,-11.62,31.73,0
90,81,4200.00,5411.32,1,34,-66.55,-5.43,13.58,0
90,82,6800.00,7207.93,1,109,-54.31,6.95,33.93,0
90,83,8400.00,5782.99,3,79,-97.37,-21.82,47.35,1
90,84,5400.00,6000.00,2,102,-52.24,11.63,0.00,0
90,85,7200.00,7347.25,1,109,-77.16,-5.37,39.85,0
90,86,6189.86,8000.00,0,52,-123.90,-63.54,26.80,0
90,87,5800.00,2565.73,1,86,-80.73,-12.24,54.31,0
90,88,7200.00,6035.38,3,104,-57.24,1.40,58.34,0
90,89,4522.73,3200.00,2,85,-78.28,-12.03,35.02,0
90,90,6800.00,7800.00,1,109,-60.92,16.01,0.00,0
90,91,6895.16,4800.00,2,98,-79.97,-12.47,57.70,0
90,92,4600.00,7759.25,1,107,-73.80,-5.05,20.02,0
90,93,2400.00,4761.60,1,95,-91.42,-29.65,43.48,0
90,94,6817.34,6800.00,0,109,-75.76,-4.77,59.26,0
90,95,3987.21,3400.00,2,90,-81.76,-21.69,15.35,0
90,96,2600.00,8000.00,2,22,-92.31,-27.18,0.00,0
90,97,2200.00,3000.00,3,83,-74.26,-15.41,0.00,0
90,98,1800.00,4041.97,1,89,-86.15,-14.79,37.58,0
90,99,8843.13,2000.00,2,75,-79.80,-8.78,53.78,0
91,0,2182.55,7200.00,0,105,-63.74,8.99,39.92,0
91,1,2089.05,5400.00,2,94,-84.86,-12.90,53.25,1
91,2,7600.00,4787.60,1,63,-110.28,-50.84,50.03,0
91,3,6221.22,2400.00,0,86,-73.89,-8.99,25.46,0
91,4,8200.00,4000.00,2,70,-92.32,-26.23,0.00,0
91,5,8000.00,3600.00,3,93,-72.01,-5.55,0.00,0
91,6,4200.00,3299.92,3,85,-63.06,-6.62,48.04,0
91,7,5200.00,3600.00,1,91,-84.42,-18.00,0.00,0
91,8,4600.00,5397.92,1,96,-63.76,7.64,43.49,0
91,9,2200.00,3988.30,1,89,-87.15,-15.44,32.84,0
91,10,2800.00,5800.00,0,100,-78.27,-4.53,0.00,0
91,11,4200.00,2793.45,1,85,-66.19,-0.05,43.16,0
91,12,7200.00,5450.31,3,98,-72.86,-5.04,22.78,0
91,13,2000.00,6200.00,2,100,-53.92,3.84,0.00,0
91,14,6600.00,4800.00,1,98,-91.01,-32.79,0.00,0
91,15,8200.00,4600.00,2,99,-97.16,-23.55,0.00,0
91,16,4000.00,2757.22,1,85,-92.18,-32.98,38.94,1
91,17,3400.00,4800.00,0,95,-77.69,-4.32,0.00,0
91,18,7800.00,3000.00,0,88,-66.14,7.52,0.00,0
91,19,5428.33,6400.00,0,102,-70.97,-5.47,20.98,0
91,20,6200.00,7267.45,3,108,-69.73,-4.50,45.44,0
91,21,4800.00,4000.00,3,91,-80.53,-20.62,0.00,0
91,22,1000.00,5237.34,3,4,-120.61,-43.66,22.87,0
91,23,5941.27,2000.00,0,45,-107.45,-34.65,28.87,0
91,24,5000.00,6664.98,3,43,-82.63,-12.81,56.90,1
91,25,1550.43,6800.00,2,105,-81.35,-4.76,46.91,0
91,26,1650.67,5800.00,0,12,-116.79,-47.19,24.32,0
91,27,1600.00,2163.06,3,83,-80.89,-5.23,37.28,0
91,28,4400.00,6142.00,3,102,-88.27,-17.15,47.79,1
91,29,5388.05,5800.00,2,102,-89.31,-37.55,42.99,0
91,30,1600.00,7707.98,1,105,-75.11,-10.38,28.35,0
91,31,1200.00,2400.00,0,83,-78.34,-19.55,0.00,0
91,32,7800.00,7439.43,1,110,-51.52,12.25,37.43,0
91,33,8400.00,2244.91,3,88,-52.40,25.67,36.01,0
91,34,6400.00,4954.75,1,98,-72.17,-4.17,57.89,0
91,35,3010.78,7200.00,2,106,-68.21,-13.60,36.26,0
91,36,6800.00,5000.00,2,56,-94.67,-36.54,0.00,0
91,37,3800.00,3520.18,3,90,-89.36,-18.41,21.73,0
91,38,2529.07,7600.00,0,105,-101.74,-31.23,52.65,0
91,39,1079.16,6400.00,0,5,-85.47,-14.17,51.54,0
91,40,1400.00,4998.09,1,94,-66.84,4.73,46.72,0
91,41,2800.00,4400.00,1,18,-101.04,-38.85,0.00,0
91,42,3055.03,6600.00,0,106,-69.26,-1.73,31.20,0
91,43,2800.00,3906.57,1,89,-96.54,-34.22,56.60,0
91,44,3000.00,7600.00,3,106,-52.60,13.56,0.00,0
91,45,7200.00,6027.86,3,104,-70.03,-6.22,33.08,0
91,46,7600.00,6883.82,1,104,-78.04,-8.56,40.23,0
91,47,2000.00,6538.50,1,100,-57.80,-1.84,32.50,0
91,48,8306.27,4200.00,2,70,-101.82,-27.43,24.99,0
91,49,5600.00,7200.00,2,108,-72.22,-11.10,0.00,0
91,50,8217.76,7600.00,2,74,-91.87,-23.15,26.21,0
91,51,3786.20,7600.00,2,29,-99.01,-31.59,50.80,0
91,52,3000.00,3200.00,0,84,-81.47,-29.26,0.00,0
91,53,2800.00,3810.24,3,89,-72.62,-11.89,36.54,0
91,54,6000.00,3470.35,1,92,-68.59,1.87,38.17,0
91,55,3800.00,2200.00,0,23,-110.56,-56.99,0.00,0
91,56,1800.00,4800.00,3,94,-47.42,23.28,0.00,0
91,57,3871.31,4600.00,0,25,-107.99,-48.29,21.56,0
91,58,1729.49,2600.00,2,83,-58.75,6.35,55.49,0
91,59,5200.00,5200.00,0,97,-60.43,2.98,0.00,0
91,60,1492.10,5600.00,0,94,-63.27,7.55,56.24,0
91,61,8800.00,5151.75,1,99,-74.69,4.42,35.79,0
91,62,6000.00,5828.91,3,103,-78.22,-11.43,58.66,0
91,63,7600.00,7600.00,1,109,-75.43,-6.95,0.00,0
91,64,1800.00,2000.00,2,8,-117.31,-47.21,0.00,0
91,65,4200.00,6000.00,2,101,-66.97,-8.74,0.00,0
91,66,5600.00,7965.80,1,108,-68.82,-7.36,56.85,0
91,67,1708.81,2600.00,2,83,-80.48,-17.02,43.77,0
91,68,5759.12,3000.00,0,86,-80.24,-25.12,29.38,0
91,69,8304.54,8000.00,0,82,-107.15,-26.92,25.20,0
91,70,7800.00,6292.91,1,104,-51.97,-3.44,24.78,0
91,71,3000.00,4818.91,3,95,-70.11,-5.62,36.58,0
91,72,5000.00,6200.00,1,102,-52.90,12.30,0.00,0
91,73,5600.00,2600.00,0,86,-79.10,-23.17,0.00,0
91,74,2000.00,4600.00,1,94,-76.10,-12.27,0.00,0
91,75,2800.00,6437.34,3,100,-60.23,-13.37,45.81,0
91,76,6000.00,6081.06,1,103,-60.82,7.11,21.79,0
91,77,8662.65,5800.00,2,80,-115.09,-59.28,39.08,1
91,78,5400.00,5600.00,0,97,-66.38,-2.82,0.00,0
91,79,8600.00,3209.76,1,88,-69.61,5.75,11.72,0
91,80,4800.00,5104.06,1,96,-78.09,-22.23,31.73,0
91,81,4200.00,5433.96,1,34,-81.75,-21.95,27.17,0
91,82,6800.00,7236.21,1,109,-87.00,-15.28,33.93,0
91,83,8400.00,5743.53,3,79,-100.43,-30.89,47.35,0
91,84,5400.00,6000.00,2,102,-52.24,11.63,0.00,0
91,85,7200.00,7380.46,1,109,-82.93,-15.71,39.85,0
91,86,6187.80,8000.00,2,52,-115.88,-63.51,26.80,0
91,87,5800.00,2610.99,1,86,-54.01,19.95,54.31,0
91,88,7213.24,6000.00,0,104,-56.36,12.04,58.34,0
91,89,4493.54,3200.00,2,85,-72.29,-2.49,35.02,0
91,90,6800.00,7800.00,1,109,-60.92,16.01,0.00,0
91,91,6847.08,4800.00,2,98,-83.16,-21.61,57.70,0
91,92,4600.00,7775.94,1,107,-68.93,-6.57,20.02,0
91,93,2400.00,4797.83,1,95,-89.10,-21.67,43.48,0
91,94,6866.73,6800.00,0,109,-93.69,-21.61,59.26,0
91,95,3961.63,3400.00,2,90,-90.05,-26.92,30.69,0
91,96,2600.00,8000.00,2,22,-92.31,-27.18,0.00,0
91,97,2200.00,3000.00,3,83,-74.26,-15.41,0.00,0
91,98,1800.00,4073.29,1,89,-88.99,-18.00,37.58,0
91,99,8798.32,2000.00,2,75,-86.04,-6.71,53.78,0
92,0,2215.82,7200.00,0,105,-55.63,7.82,39.92,0
92,1,2044.67,5400.00,2,94,-89.09,-19.33,53.25,0
92,2,7570.71,4800.00,2,71,-126.31,-61.72,50.03,1
92,3,6263.66,2400.00,0,86,-46.64,22.72,50.93,0
92,4,8200.00,4000.00,2,70,-92.32,-26.23,0.00,0
92,5,8000.00,3600.00,3,93,-72.01,-5.55,0.00,0
92,6,4200.00,3259.89,3,85,-65.77,11.68,48.04,0
92,7,5200.00,3600.00,1,91,-84.42,-18.00,0.00,0
92,8,4634.16,5400.00,0,96,-68.84,-5.50,43.49,0
92,9,2184.33,4000.00,2,89,-65.98,10.97,32.84,0
92,10,2800.00,5800.00,0,100,-78.27,-4.53,0.00,0
92,11,4200.00,2829.41,1,85,-75.06,-10.69,43.16,0
92,12,7200.00,5431.33,3,98,-68.64,-12.53,22.78,0
92,13,2000.00,6200.00,2,100,-53.92,3.84,0.00,0
92,14,6600.00,4800.00,1,98,-91.01,-32.79,0.00,0
92,15,8200.00,4600.00,2,99,-97.16,-23.55,0.00,0
92,16,4000.00,2789.67,1,85,-82.49,-10.02,38.94,0
92,17,3400.00,4800.00,0,95,-77.69,-4.32,0.00,0
92,18,7800.00,3000.00,0,88,-66.14,7.52,0.00,0
92,19,5445.82,6400.00,0,102,-58.93,9.33,20.98,0
92,20,6200.00,7229.58,3,108,-101.83,-34.27,45.44,0
92,21,4800.00,4000.00,3,91,-80.53,-20.62,0.00,0
92,22,1000.00,5218.28,3,4,-119.17,-45.35,22.87,0
92,23,5965.32,2000.00,0,45,-96.24,-26.53,28.87,0
92,24,5000.00,6617.56,3,102,-85.02,-17.39,56.90,1
92,25,1511.34,6800.00,2,105,-98.52,-20.23,46.91,0
92,26,1670.93,5800.00,0,12,-113.75,-45.37,24.32,0
92,27,1600.00,2131.99,3,83,-88.44,-12.23,37.28,0
92,28,4400.00,6102.17,3,102,-81.89,-12.45,47.79,0
92,29,5352.23,5800.00,2,102,-71.12,-5.88,42.99,0
92,30,1600.00,7731.61,1,105,-65.80,0.90,28.35,0
92,31,1200.00,2400.00,0,83,-78.34,-19.55,0.00,0
92,32,7800.00,7470.62,1,110,-65.24,1.87,37.43,0
92,33,8400.00,2214.90,3,88,-81.35,-11.24,36.01,0
92,34,6397.01,5000.00,2,98,-66.33,-11.39,57.89,0
92,35,3000.00,7200.00,1,106,-70.61,-8.04,0.00,0
92,36,6800.00,5000.00,2,56,-94.67,-36.54,0.00,0
92,37,3800.00,3502.08,3,90,-90.08,-21.26,21.73,0
92,38,2572.94,7600.00,0,106,-71.57,-5.32,52.65,1
92,39,1122.11,6400.00,0,5,-83.11,-8.58,51.54,0
92,40,1400.00,5000.00,2,94,-69.19,-3.74,0.00,0
92,41,2800.00,4400.00,1,18,-101.04,-38.85,0.00,0
92,42,3081.03,6600.00,0,106,-72.22,-1.35,31.20,0
92,43,2800.00,3953.73,1,89,-67.35,-5.80,56.60,0
92,44,3000.00,7600.00,3,106,-52.60,13.56,0.00,0
92,45,7200.00,6000.29,3,104,-94.52,-30.46,33.08,0
92,46,7600.00,6917.34,1,104,-85.53,-17.32,40.23,0
92,47,2000.00,6565.58,1,100,-59.14,8.45,32.50,0
92,48,8285.44,4200.00,2,70,-94.73,-17.56,24.99,0
92,49,5600.00,7200.00,2,108,-72.22,-11.10,0.00,0
92,50,8195.92,7600.00,2,74,-89.21,-14.78,26.21,0
92,51,3743.87,7600.00,2,29,-89.36,-20.82,50.80,0
92,52,3000.00,3200.00,0,84,-81.47,-29.26,0.00,0
92,53,2779.79,3800.00,2,89,-67.54,-14.94,36.54,0
92,54,6000.00,3502.16,1,92,-88.66,-33.78,38.17,0
92,55,3815.98,2200.00,0,23,-104.17,-45.89,19.18,0
92,56,1800.00,4800.00,3,94,-47.42,23.28,0.00,0
92,57,3889.28,4600.00,0,25,-100.62,-39.50,21.56,0
92,58,1683.25,2600.00,2,83,-77.30,-14.65,55.49,0
92,59,5200.00,5200.00,0,97,-60.43,2.98,0.00,0
92,60,1538.96,5600.00,0,94,-63.39,-2.22,56.24,0
92,61,8800.00,5181.57,1,99,-67.16,0.95,35.79,0
92,62,6000.00,5819.97,1,103,-77.52,-21.80,58.66,0
92,63,7600.00,7600.00,1,109,-75.43,-6.95,0.00,0
92,64,1800.00,2000.00,2,8,-117.31,-47.21,0.00,0
92,65,4200.00,6000.00,2,101,-66.97,-8.74,0.00,0
92,66,5613.17,8000.00,0,108,-54.57,9.60,56.85,0
92,67,1672.34,2600.00,2,83,-63.54,-4.82,43.77,0
92,68,5783.59,3000.00,0,86,-88.15,-25.73,29.38,0
92,69,8325.54,8000.00,0,82,-106.38,-28.86,25.20,0
92,70,7800.00,6313.56,1,104,-56.25,-13.34,24.78,0
92,71,3000.00,4788.43,3,95,-49.90,9.01,36.58,0
92,72,5000.00,6200.00,1,102,-52.90,12.30,0.00,0
92,73,5600.00,2600.00,0,86,-79.10,-23.17,0.00,0
92,74,2000.00,4600.00,1,94,-76.10,-12.27,0.00,0
92,75,2800.83,6400.00,0,100,-72.85,-11.36,45.81,0
92,76,6000.00,6099.22,1,103,-78.99,-16.15,21.79,0
92,77,8630.08,5800.00,2,80,-100.58,-44.59,39.08,0
92,78,5417.42,5600.00,0,97,-66.11,-5.21,20.90,0
92,79,8600.00,3229.29,1,88,-80.51,-6.66,23.43,0
92,80,4800.00,5130.50,1,96,-66.01,2.39,31.73,0
92,81,4200.00,5456.60,1,34,-68.60,-7.49,27.17,0
92,82,6800.00,7264.48,1,109,-56.53,14.03,33.93,0
92,83,8400.00,5704.08,3,79,-115.44,-59.81,47.35,0
92,84,5400.00,6000.00,2,102,-52.24,11.63,0.00,0
92,85,7200.00,7400.00,3,109,-92.43,-23.04,0.00,0
92,86,6165.46,8000.00,2,52,-104.05,-44.41,26.80,0
92,87,5800.00,2656.25,1,86,-55.76,6.28,54.31,0
92,88,7261.86,6000.00,0,104,-69.18,-13.13,58.34,0
92,89,4464.35,3200.00,2,85,-55.52,0.78,35.02,0
92,90,6800.00,7800.00,1,109,-60.92,16.01,0.00,0
92,91,6800.00,4800.00,0,98,-92.80,-35.13,0.00,0
92,92,4600.00,7792.63,1,107,-65.57,-0.26,20.02,0
92,93,2400.00,4800.00,2,95,-73.22,-7.43,0.00,0
92,94,6916.12,6800.00,0,109,-87.39,-20.00,59.26,0
92,95,3936.05,3400.00,2,90,-108.81,-51.29,30.69,0
92,96,2600.00,8000.00,2,22,-92.31,-27.18,0.00,0
92,97,2200.00,3000.00,3,83,-74.26,-15.41,0.00,0
92,98,1800.00,4104.60,1,89,-80.67,-13.32,37.58,0
92,99,8753.50,2000.00,2,75,-72.85,7.57,53.78,0
93,0,2249.08,7200.00,0,105,-62.72,12.42,39.92,0
93,1,2000.30,5400.00,2,94,-88.27,-23.14,53.25,0
93,2,7529.02,4800.00,2,63,-119.59,-57.79,50.03,1
93,3,6306.10,2400.00,0,86,-70.14,-1.14,50.93,0
93,4,8200.00,4000.00,2,70,-92.32,-26.23,0.00,0
93,5,8000.00,3600.00,3,93,-72.01,-5.55,0.00,0
93,6,4200.00,3219.86,3,85,-68.60,-5.91,48.04,0
93,7,5200.00,3600.00,1,91,-84.42,-18.00,0.00,0
93,8,4670.39,5400.00,0,96,-55.78,14.88,43.49,0
93,9,2156.97,4000.00,2,89,-65.57,6.97,32.84,0
93,10,2817.45,5800.00,0,100,-79.09,-7.98,20.95,0
93,11,4200.00,2865.38,1,85,-68.05,-2.42,43.16,0
93,12,7200.00,5412.35,3,98,-68.72,-13.83,22.78,0
93,13,2000.00,6200.00,2,100,-53.92,3.84,0.00,0
93,14,6600.00,4800.00,1,98,-91.01,-32.79,0.00,0
93,15,8200.00,4600.00,2,99,-97.16,-23.55,0.00,0
93,16,4000.00,2822.11,1,85,-80.01,-6.39,38.94,0
93,17,3400.00,4800.00,0,95,-77.69,-4.32,0.00,0
93,18,7800.00,3000.00,0,88,-66.14,7.52,0.00,0
93,19,5463.30,6400.00,0,102,-67.49,-1.79,20.98,0
93,20,6191.71,7200.00,2,108,-97.43,-28.44,45.44,0
93,21,4800.00,3984.37,3,91,-81.90,-18.54,18.75,0
93,22,1000.00,5200.00,0,4,-119.54,-55.35,0.00,0
93,23,5989.38,2000.00,0,45,-106.74,-37.37,28.87,0
93,24,5000.00,6600.00,1,102,-85.84,-23.95,0.00,0
93,25,1472.24,6800.00,2,105,-89.45,-22.58,46.91,0
93,26,1691.20,5800.00,0,12,-113.96,-68.17,24.32,0
93,27,1600.00,2100.92,3,83,-91.04,-20.41,37.28,0
93,28,4400.00,6062.34,3,102,-79.94,-14.16,47.79,0
93,29,5316.41,5800.00,2,102,-67.14,-6.49,42.99,0
93,30,1600.00,7755.24,1,105,-73.87,-0.38,28.35,0
93,31,1221.95,2400.00,0,83,-64.37,10.74,26.34,0
93,32,7800.00,7501.81,1,110,-82.47,-15.22,37.43,0
93,33,8400.00,2184.90,3,88,-68.62,6.15,36.01,0
93,34,6348.77,5000.00,2,98,-62.61,5.50,57.89,0
93,35,3000.00,7200.00,1,106,-70.61,-8.04,0.00,0
93,36,6800.00,5000.00,2,56,-94.67,-36.54,0.00,0
93,37,3800.00,3483.97,3,90,-88.54,-23.31,21.73,0
93,38,2583.18,7600.00,2,106,-96.77,-28.63,52.65,0
93,39,1165.06,6400.00,0,5,-89.40,-11.84,51.54,0
93,40,1400.00,5000.00,2,94,-69.19,-3.74,0.00,0
93,41,2800.00,4400.00,1,18,-101.04,-38.85,0.00,0
93,42,3107.04,6600.00,0,106,-74.92,-5.57,31.20,0
93,43,2799.10,4000.00,2,89,-73.52,-5.61,56.60,0
93,44,3000.00,7600.00,3,106,-52.60,13.56,0.00,0
93,45,7200.00,6027.28,1,104,-79.44,-15.15,33.08,0
93,46,7600.00,6950.87,1,104,-114.54,-40.94,40.23,0
93,47,2000.00,6592.67,1,100,-68.39,-6.25,32.50,0
93,48,8264.61,4200.00,2,70,-91.42,-17.51,24.99,0
93,49,5600.00,7200.00,2,108,-72.22,-11.10,0.00,0
93,50,8174.08,7600.00,2,74,-85.95,-26.28,26.21,0
93,51,3701.54,7600.00,2,29,-108.70,-41.59,50.80,0
93,52,3017.37,3200.00,0,84,-83.02,-29.10,20.85,0
93,53,2749.33,3800.00,2,89,-80.31,-24.64,36.54,0
93,54,6000.00,3533.96,1,92,-67.63,0.88,38.17,0
93,55,3847.94,2200.00,0,23,-101.40,-40.79,38.35,0
93,56,1800.00,4800.00,3,94,-47.42,23.28,0.00,0
93,57,3907.24,4600.00,0,96,-82.13,-12.19,21.56,1
93,58,1637.01,2600.00,2,83,-74.82,-10.59,55.49,0
93,59,5200.00,5200.00,0,97,-60.43,2.98,0.00,0
93,60,1585.83,5600.00,0,94,-52.76,8.44,56.24,0
93,61,8811.40,5200.00,0,99,-73.14,-10.76,35.79,0
93,62,6000.00,5868.85,1,103,-74.19,-20.32,58.66,0
93,63,7600.00,7600.00,1,109,-75.43,-6.95,0.00,0
93,64,1800.00,2000.00,2,8,-117.31,-47.21,0.00,0
93,65,4189.14,6000.00,2,101,-68.44,-8.27,13.04,0
93,66,5660.54,8000.00,0,108,-51.67,1.86,56.85,0
93,67,1635.86,2600.00,2,83,-65.40,0.39,43.77,0
93,68,5791.93,3000.00,2,86,-78.64,-10.01,29.38,0
93,69,8346.55,8000.00,0,82,-103.38,-29.03,25.20,0
93,70,7800.00,6334.21,1,104,-54.67,-3.05,24.78,0
93,71,3000.00,4757.94,3,95,-60.07,6.34,36.58,0
93,72,5000.00,6200.00,1,102,-52.90,12.30,0.00,0
93,73,5600.00,2600.00,0,86,-79.10,-23.17,0.00,0
93,74,2000.00,4600.00,1,94,-76.10,-12.27,0.00,0
93,75,2839.01,6400.00,0,100,-85.29,-19.37,45.81,0
93,76,6000.00,6117.38,1,103,-88.57,-29.21,21.79,0
93,77,8600.00,5800.00,1,80,-118.44,-58.23,0.00,0
93,78,5452.26,5600.00,0,97,-79.51,-19.45,41.81,0
93,79,8600.00,3248.82,1,88,-82.96,-5.43,23.43,0
93,80,4800.00,5156.94,1,96,-70.46,4.25,31.73,0
93,81,4200.00,5479.24,1,96,-78.01,-13.75,27.17,1
93,82,6800.00,7292.76,1,109,-55.71,7.37,33.93,0
93,83,8400.00,5664.62,3,79,-118.92,-63.28,47.35,0
93,84,5400.00,6000.00,2,102,-52.24,11.63,0.00,0
93,85,7200.00,7400.00,3,109,-92.43,-23.04,0.00,0
93,86,6143.13,8000.00,2,52,-110.65,-53.95,26.80,0
93,87,5800.00,2701.51,1,86,-71.60,-1.87,54.31,0
93,88,7310.47,6000.00,0,104,-70.68,-8.62,58.34,0
93,89,4435.17,3200.00,2,85,-61.49,-1.60,35.02,0
93,90,6800.00,7800.00,1,109,-60.92,16.01,0.00,0
93,91,6800.00,4800.00,0,98,-92.80,-35.13,0.00,0
93,92,4600.00,7800.00,3,107,-78.11,-11.97,0.00,0
93,93,2400.00,4800.00,2,95,-73.22,-7.43,0.00,0
93,94,6965.50,6800.00,0,109,-73.45,-6.30,59.26,0
93,95,3910.48,3400.00,2,90,-106.58,-43.66,30.69,0
93,96,2600.00,8000.00,2,22,-92.31,-27.18,0.00,0
93,97,2200.00,2984.60,3,83,-59.77,-2.89,18.48,0
93,98,1800.00,4135.92,1,89,-76.62,-9.78,37.58,0
93,99,8708.68,2000.00,2,75,-87.52,-15.58,53.78,0
94,0,2282.35,7200.00,0,105,-92.50,-22.25,39.92,0
94,1,1955.92,5400.00,2,94,-71.26,2.92,53.25,0
94,2,7487.33,4800.00,2,98,-82.02,-20.85,50.03,1
94,3,6348.54,2400.00,0,86,-83.72,-8.87,50.93,0
94,4,8200.00,4000.00,2,70,-92.32,-26.23,0.00,0
94,5,8000.00,3600.00,3,93,-72.01,-5.55,0.00,0
94,6,4220.17,3200.00,0,85,-67.35,-6.48,48.04,0
94,7,5200.00,3600.00,1,91,-84.42,-18.00,0.00,0
94,8,4706.63,5400.00,0,96,-76.74,-5.42,43.49,0
94,9,2129.61,4000.00,2,89,-88.72,-22.27,32.84,0
94,10,2852.36,5800.00,0,100,-87.17,-19.65,41.89,0
94,11,4200.00,2901.35,1,85,-66.70,-6.34,43.16,0
94,12,7200.00,5400.00,2,98,-62.97,4.96,0.00,0
94,13,2000.00,6200.00,2,100,-53.92,3.84,0.00,0
94,14,6600.00,4800.00,1,98,-91.01,-32.79,0.00,0
94,15,8200.00,4600.00,2,99,-97.16,-23.55,0.00,0
94,16,4000.00,2854.56,1,85,-71.45,-2.20,38.94,0
94,17,3409.47,4800.00,0,95,-87.22,-15.71,11.36,0
94,18,7800.00,3000.00,0,88,-66.14,7.52,0.00,0
94,19,5480.78,6400.00,0,102,-72.58,-5.06,20.98,0
94,20,6153.84,7200.00,2,108,-82.46,-14.42,45.44,0
94,21,4800.00,3953.12,3,91,-86.88,-19.07,37.51,0
94,22,1000.00,5200.00,0,4,-119.54,-55.35,0.00,0
94,23,6000.00,2000.00,2,45,-80.72,-12.34,0.00,0
94,24,5000.00,6600.00,1,102,-85.84,-23.95,0.00,0
94,25,1433.15,6800.00,2,105,-82.87,-10.45,46.91,0
94,26,1711.46,5800.00,0,12,-109.04,-48.07,24.32,0
94,27,1600.00,2069.85,3,83,-73.51,1.83,37.28,0
94,28,4400.00,6022.52,3,102,-74.72,-6.64,47.79,0
94,29,5280.59,5800.00,2,102,-60.84,6.54,42.99,0
94,30,1600.00,7778.86,1,105,-57.01,10.42,28.35,0
94,31,1265.85,2400.00,0,83,-70.22,0.65,52.68,0
94,32,7800.00,7533.00,1,110,-77.59,1.36,37.43,0
94,33,8400.00,2154.89,3,88,-54.93,24.80,36.01,0
94,34,6300.53,5000.00,2,98,-70.68,-1.70,57.89,0
94,35,3000.00,7200.00,1,106,-70.61,-8.04,0.00,0
94,36,6800.00,5000.00,2,56,-94.67,-36.54,0.00,0
94,37,3800.00,3465.86,3,90,-91.41,-29.04,21.73,0
94,38,2539.31,7600.00,2,21,-105.22,-41.01,52.65,1
94,39,1208.01,6400.00,0,5,-96.60,-27.41,51.54,0
94,40,1400.00,5000.00,2,94,-69.19,-3.74,0.00,0
94,41,2800.00,4400.00,1,18,-101.04,-38.85,0.00,0
94,42,3133.04,6600.00,0,106,-71.93,2.35,31.20,0
94,43,2751.94,4000.00,2,89,-64.55,4.83,56.60,0
94,44,3000.00,7600.00,3,106,-52.60,13.56,0.00,0
94,45,7200.00,6054.84,1,104,-93.03,-29.02,33.08,0
94,46,7600.00,6984.40,1,104,-79.16,-8.52,40.23,0
94,47,2000.00,6580.25,3,13,-101.95,-29.05,32.50,1
94,48,8243.78,4200.00,2,70,-92.53,-11.29,24.99,0
94,49,5600.00,7200.00,2,108,-72.22,-11.10,0.00,0
94,50,8152.24,7600.00,2,110,-92.05,-29.88,26.21,1
94,51,3659.21,7600.00,2,29,-94.33,-25.48,50.80,0
94,52,3052.12,3200.00,0,84,-82.90,-32.30,41.70,0
94,53,2718.88,3800.00,2,89,-89.55,-21.90,36.54,0
94,54,6000.00,3565.77,1,92,-66.07,3.17,38.17,0
94,55,3879.91,2200.00,0,23,-110.20,-45.58,38.35,0
94,56,1800.00,4800.00,3,94,-47.42,23.28,0.00,0
94,57,3925.21,4600.00,0,96,-88.23,-22.84,21.56,0
94,58,1609.24,2600.00,0,83,-63.69,9.16,55.49,0
94,59,5210.75,5200.00,0,97,-53.24,15.09,12.89,0
94,60,1600.00,5600.00,2,94,-71.71,4.45,0.00,0
94,61,8841.22,5200.00,0,99,-77.81,-23.43,35.79,0
94,62,6000.00,5917.73,1,103,-63.51,-5.75,58.66,0
94,63,7600.00,7600.00,1,109,-75.43,-6.95,0.00,0
94,64,1800.00,2000.00,2,8,-117.31,-47.21,0.00,0
94,65,4167.41,6000.00,2,101,-66.02,-7.41,26.07,0
94,66,5707.91,8000.00,0,108,-61.17,10.56,56.85,0
94,67,1599.39,2600.00,2,83,-42.87,33.62,43.77,0
94,68,5767.45,3000.00,2,86,-74.96,-12.63,29.38,0
94,69,8367.55,8000.00,0,74,-111.46,-41.02,25.20,1
94,70,7800.00,6354.86,1,104,-65.89,-4.93,24.78,0
94,71,3000.00,4727.45,3,95,-66.35,-1.07,36.58,0
94,72,5000.00,6200.00,1,102,-52.90,12.30,0.00,0
94,73,5600.00,2600.00,0,86,-79.10,-23.17,0.00,0
94,74,2000.00,4610.75,1,94,-79.19,-7.80,12.90,0
94,75,2877.18,6400.00,0,100,-90.18,-31.80,45.81,0
94,76,6000.00,6135.54,1,103,-98.35,-40.03,21.79,0
94,77,8600.00,5800.00,1,79,-102.14,-41.93,0.00,1
94,78,5487.10,5600.00,0,97,-74.48,-1.79,41.81,0
94,79,8600.00,3268.35,1,88,-84.33,-5.68,23.43,0
94,80,4800.00,5183.38,1,96,-76.56,-8.69,31.73,0
94,81,4200.00,5501.89,1,96,-62.70,2.99,27.17,0
94,82,6800.00,7321.03,1,109,-75.05,-6.08,33.93,0
94,83,8400.00,5625.16,3,79,-111.11,-49.44,47.35,0
94,84,5400.00,6000.00,2,102,-52.24,11.63,0.00,0
94,85,7200.00,7400.00,3,109,-92.43,-23.04,0.00,0
94,86,6120.79,8000.00,2,52,-103.85,-37.42,26.80,0
94,87,5800.00,2746.76,1,86,-83.53,-12.86,54.31,0
94,88,7359.09,6000.00,0,104,-53.89,10.16,58.34,0
94,89,4405.98,3200.00,2,85,-77.10,-4.01,35.02,0
94,90,6800.00,7800.00,1,109,-60.92,16.01,0.00,0
94,91,6800.00,4800.00,0,98,-92.80,-35.13,0.00,0
94,92,4600.00,7800.00,3,107,-78.11,-11.97,0.00,0
94,93,2400.00,4800.00,2,95,-73.22,-7.43,0.00,0
94,94,7000.00,6785.11,3,109,-85.04,-18.24,59.26,0
94,95,3884.90,3400.00,2,90,-103.59,-39.64,30.69,0
94,96,2600.00,8000.00,2,22,-92.31,-27.18,0.00,0
94,97,2200.00,2953.79,3,83,-51.28,12.78,36.97,0
94,98,1800.00,4167.23,1,89,-63.19,2.92,37.58,0
94,99,8663.86,2000.00,2,75,-93.94,-27.51,53.78,0
95,0,2315.61,7200.00,0,105,-95.40,-32.04,39.92,0
95,1,1911.54,5400.00,2,94,-66.83,5.61,53.25,0
95,2,7445.64,4800.00,2,98,-91.09,-40.55,50.03,0
95,3,6390.98,2400.00,0,86,-84.73,-13.16,50.93,0
95,4,8200.00,4000.00,2,70,-92.32,-26.23,0.00,0
95,5,8000.00,3600.00,3,93,-72.01,-5.55,0.00,0
95,6,4260.20,3200.00,0,85,-49.85,16.12,48.04,0
95,7,5200.00,3600.00,1,91,-84.42,-18.00,0.00,0
95,8,4742.87,5400.00,0,96,-77.76,-13.16,43.49,0
95,9,2102.25,4000.00,2,89,-76.56,-19.23,32.84,0
95,10,2887.27,5800.00,0,100,-87.68,-18.85,41.89,0
95,11,4200.00,2937.31,1,85,-73.53,-7.22,43.16,0
95,12,7200.00,5400.00,2,98,-62.97,4.96,0.00,0
95,13,2000.00,6200.00,2,100,-53.92,3.84,0.00,0
95,14,6600.00,4800.00,1,98,-91.01,-32.79,0.00,0
95,15,8200.00,4600.00,2,99,-97.16,-23.55,0.00,0
95,16,4000.00,2887.01,1,85,-56.32,12.18,38.94,0
95,17,3428.40,4800.00,0,95,-86.48,-13.03,22.72,0
95,18,7800.00,3000.00,0,88,-66.14,7.52,0.00,0
95,19,5498.27,6400.00,0,102,-75.88,-15.48,20.98,0
95,20,6115.97,7200.00,2,108,-77.07,-4.61,45.44,0
95,21,4800.00,3921.86,3,91,-92.51,-31.66,37.51,0
95,22,1000.00,5200.00,0,4,-119.54,-55.35,0.00,0
95,23,6000.00,2000.00,2,45,-80.72,-12.34,0.00,0
95,24,5000.00,6600.00,1,102,-85.84,-23.95,0.00,0
95,25,1400.00,6800.00,3,105,-82.33,-5.41,0.00,0
95,26,1731.73,5800.00,0,12,-103.20,-42.95,24.32,0
95,27,1600.00,2038.78,3,83,-93.90,-31.35,37.28,0
95,28,4400.00,5982.69,3,102,-75.38,-7.15,47.79,0
95,29,5244.76,5800.00,2,102,-77.72,-19.19,42.99,0
95,30,1600.00,7800.00,0,105,-85.52,-19.27,0.00,0
95,31,1309.76,2400.00,0,83,-68.81,2.49,52.68,0
95,32,7800.00,7564.20,1,110,-93.97,-23.92,37.43,0
95,33,8400.00,2124.89,3,88,-78.50,-13.56,36.01,0
95,34,6252.29,5000.00,2,98,-77.27,-6.36,57.89,0
95,35,3000.00,7200.00,1,106,-70.61,-8.04,0.00,0
95,36,6786.12,5000.00,2,98,-79.24,-28.96,16.65,1
95,37,3800.00,3447.76,3,90,-89.70,-23.19,21.73,0
95,38,2495.43,7600.00,2,21,-104.73,-38.50,52.65,0
95,39,1250.95,6400.00,0,5,-85.30,-11.65,51.54,0
95,40,1400.00,5000.00,2,94,-69.19,-3.74,0.00,0
95,41,2800.00,4400.00,1,18,-101.04,-38.85,0.00,0
95,42,3159.04,6600.00,0,106,-72.94,-8.37,31.20,0
95,43,2704.77,4000.00,2,89,-99.76,-34.33,56.60,0
95,44,3000.00,7576.56,3,106,-58.41,-7.01,28.13,0
95,45,7200.00,6082.41,1,104,-83.12,-22.23,33.08,0
95,46,7617.92,7000.00,0,104,-104.89,-45.10,40.23,0
95,47,2000.00,6553.17,3,100,-74.32,6.38,32.50,1
95,48,8222.95,4200.00,2,70,-94.21,-20.18,24.99,0
95,49,5600.00,7200.00,2,108,-72.22,-11.10,0.00,0
95,50,8130.39,7600.00,2,74,-94.14,-23.62,26.21,1
95,51,3616.88,7600.00,2,29,-74.57,-10.07,50.80,0
95,52,3086.87,3200.00,0,84,-93.25,-22.91,41.70,0
95,53,2688.42,3800.00,2,89,-87.27,-19.22,36.54,0
95,54,6000.00,3597.58,1,92,-72.68,-7.49,38.17,0
95,55,3911.87,2200.00,0,30,-119.91,-45.02,38.35,1
95,56,1800.00,4784.10,3,94,-35.01,32.99,19.08,0
95,57,3943.17,4600.00,0,96,-87.51,-22.34,21.56,0
95,58,1655.48,2600.00,0,83,-57.99,9.55,55.49,0
95,59,5232.24,5200.00,0,97,-55.16,11.50,25.79,0
95,60,1600.00,5600.00,2,94,-71.71,4.45,0.00,0
95,61,8871.04,5200.00,0,99,-75.04,-13.56,35.79,0
95,62,6000.00,5966.61,1,103,-73.54,-6.86,58.66,0
95,63,7600.00,7600.00,1,109,-75.43,-6.95,0.00,0
95,64,1800.00,2000.00,2,8,-117.31,-47.21,0.00,0
95,65,4145.68,6000.00,2,101,-72.18,-7.07,26.07,0
95,66,5755.29,8000.00,0,52,-61.41,7.27,56.85,1
95,67,1562.92,2600.00,2,83,-44.76,18.04,43.77,0
95,68,5742.97,3000.00,2,86,-80.66,-10.66,29.38,0
95,69,8388.55,8000.00,0,74,-108.14,-31.91,25.20,0
95,70,7800.00,6375.51,1,104,-58.02,7.92,24.78,0
95,71,3000.00,4696.97,3,95,-63.82,-14.76,36.58,0
95,72,5000.00,6200.00,1,102,-52.90,12.30,0.00,0
95,73,5600.00,2600.00,0,86,-79.10,-23.17,0.00,0
95,74,2000.00,4632.26,1,94,-72.75,-12.71,25.80,0
95,75,2915.36,6400.00,0,100,-82.77,-11.77,45.81,0
95,76,6000.00,6153.70,1,103,-97.00,-35.63,21.79,0
95,77,8600.00,5800.00,1,79,-102.14,-41.93,0.00,0
95,78,5521.94,5600.00,0,97,-83.28,-13.87,41.81,0
95,79,8600.00,3287.87,1,88,-80.95,-6.59,23.43,0
95,80,4790.18,5200.00,2,96,-85.72,-21.42,31.73,0
95,81,4200.00,5524.53,1,96,-66.97,-8.41,27.17,0
95,82,6800.00,7349.31,1,109,-71.13,-1.59,33.93,0
95,83,8414.29,5600.00,0,72,-121.48,-57.36,47.35,1
95,84,5400.00,6000.00,2,102,-52.24,11.63,0.00,0
95,85,7200.00,7400.00,3,109,-92.43,-23.04,0.00,0
95,86,6098.45,8000.00,2,52,-105.63,-36.66,26.80,0
95,87,5800.00,2792.02,1,46,-80.44,-8.58,54.31,1
95,88,7400.00,6000.00,1,104,-67.37,-5.18,0.00,0
95,89,4423.21,3200.00,0,85,-86.17,-23.13,35.02,0
95,90,6800.00,7800.00,1,109,-60.92,16.01,0.00,0
95,91,6800.00,4800.00,0,98,-92.80,-35.13,0.00,0
95,92,4600.00,7800.00,3,107,-78.11,-11.97,0.00,0
95,93,2400.00,4800.00,2,95,-73.22,-7.43,0.00,0
95,94,7000.00,6735.72,3,109,-75.56,-4.96,59.26,0
95,95,3859.32,3400.00,2,90,-77.54,-13.24,30.69,0
95,96,2600.00,8000.00,2,22,-92.31,-27.18,0.00,0
95,97,2200.00,2922.99,3,83,-82.18,-5.73,36.97,0
95,98,1800.00,4198.55,1,89,-69.64,-9.02,37.58,0
95,99,8619.04,2000.00,2,75,-97.74,-35.40,53.78,0
96,0,2348.88,7200.00,0,105,-63.07,-7.76,39.92,0
96,1,1867.16,5400.00,2,94,-78.94,-7.85,53.25,0
96,2,7403.95,4800.00,2,98,-70.30,-7.83,50.03,0
96,3,6400.00,2366.58,3,86,-82.54,-16.82,50.93,0
96,4,8200.00,4000.00,2,70,-92.32,-26.23,0.00,0
96,5,8000.00,3586.43,3,93,-72.45,-6.51,16.29,0
96,6,4300.23,3200.00,0,85,-46.04,5.06,48.04,0
96,7,5200.00,3600.00,1,91,-84.42,-18.00,0.00,0
96,8,4779.11,5400.00,0,96,-79.49,-18.77,43.49,0
96,9,2074.88,4000.00,2,89,-77.22,-12.79,32.84,0
96,10,2922.18,5800.00,0,100,-94.36,-34.37,41.89,0
96,11,4200.00,2973.28,1,85,-81.20,-14.72,43.16,0
96,12,7200.00,5400.00,2,98,-62.97,4.96,0.00,0
96,13,2000.00,6200.00,2,100,-53.92,3.84,0.00,0
96,14,6600.00,4809.12,1,98,-73.28,-9.92,10.95,0
96,15,8200.00,4600.00,2,99,-97.16,-23.55,0.00,0
96,16,4000.00,2919.46,1,85,-55.20,20.02,38.94,0
96,17,3447.34,4800.00,0,95,-76.66,-12.87,22.72,0
96,18,7816.42,3000.00,0,88,-62.79,12.82,19.70,0
96,19,5515.75,6400.00,0,102,-76.77,-19.84,20.98,0
96,20,6078.10,7200.00,2,108,-62.08,1.88,45.44,0
96,21,4800.00,3890.60,3,91,-76.78,-5.33,37.51,0
96,22,1000.00,5200.00,0,4,-119.54,-55.35,0.00,0
96,23,6000.00,2000.00,2,45,-80.72,-12.34,0.00,0
96,24,5000.00,6600.00,1,102,-85.84,-23.95,0.00,0
96,25,1400.00,6800.00,3,105,-82.33,-5.41,0.00,0
96,26,1752.00,5800.00,0,12,-109.08,-45.27,24.32,0
96,27,1600.00,2007.71,3,83,-111.00,-43.61,37.28,0
96,28,4400.00,5942.87,3,102,-84.36,-22.36,47.79,0
96,29,5208.94,5800.00,2,102,-59.27,12.27,42.99,0
96,30,1600.00,7800.00,0,105,-85.52,-19.27,0.00,0
96,31,1353.66,2400.00,0,83,-87.66,-18.22,52.68,0
96,32,7800.00,7595.39,1,110,-98.66,-23.29,37.43,0
96,33,8400.00,2094.88,3,88,-86.94,-17.63,36.01,0
96,34,6204.05,5000.00,2,98,-61.96,1.81,57.89,0
96,35,3000.00,7200.00,1,106,-70.61,-8.04,0.00,0
96,36,6758.36,5000.00,2,98,-71.96,-10.03,33.31,0
96,37,3800.00,3429.65,3,90,-83.51,-10.31,21.73,0
96,38,2451.56,7600.00,2,14,-103.21,-58.32,52.65,1
96,39,1293.90,6400.00,0,5,-93.03,-37.25,51.54,0
96,40,1400.00,5000.00,2,94,-69.19,-3.74,0.00,0
96,41,2800.00,4400.00,1,18,-101.04,-38.85,0.00,0
96,42,3185.04,6600.00,0,106,-61.46,2.43,31.20,0
96,43,2657.61,4000.00,2,89,-73.59,-2.77,56.60,0
96,44,3000.00,7529.67,3,106,-72.21,-10.54,56.26,0
96,45,7200.00,6109.97,1,104,-88.53,-22.35,33.08,0
96,46,7651.45,7000.00,0,104,-78.17,-12.53,40.23,0
96,47,2000.00,6526.09,3,100,-60.82,7.59,32.50,0
96,48,8202.12,4200.00,2,70,-100.68,-28.30,24.99,0
96,49,5600.00,7200.00,2,108,-72.22,-11.10,0.00,0
96,50,8108.55,7600.00,2,110,-87.67,-18.60,26.21,1
96,51,3600.00,7600.00,1,29,-70.63,0.48,0.00,0
96,52,3121.62,3200.00,0,84,-74.21,-7.34,41.70,0
96,53,2657.97,3800.00,2,89,-56.88,0.03,36.54,0
96,54,6000.00,3629.38,1,92,-75.88,-14.71,38.17,0
96,55,3943.83,2200.00,0,23,-116.27,-50.97,38.35,1
96,56,1800.00,4752.31,3,94,-46.63,24.12,38.15,0
96,57,3961.14,4600.00,0,96,-67.80,-1.19,21.56,0
96,58,1701.72,2600.00,0,83,-72.61,-13.63,55.49,0
96,59,5253.73,5200.00,0,97,-69.93,-1.71,25.79,0
96,60,1600.00,5600.00,2,94,-71.71,4.45,0.00,0
96,61,8900.87,5200.00,0,99,-82.87,-17.05,35.79,0
96,62,6000.00,6015.49,1,103,-72.97,-4.77,58.66,0
96,63,7600.00,7600.00,1,109,-75.43,-6.95,0.00,0
96,64,1800.00,2000.00,2,8,-117.31,-47.21,0.00,0
96,65,4123.96,6000.00,2,101,-88.94,-29.57,26.07,0
96,66,5802.66,8000.00,0,52,-68.58,-20.41,56.85,0
96,67,1526.44,2600.00,2,83,-62.47,5.37,43.77,0
96,68,5718.49,3000.00,2,86,-72.18,-1.85,29.38,0
96,69,8390.45,8000.00,2,82,-102.64,-33.17,25.20,1
96,70,7800.00,6396.15,1,104,-74.38,-10.90,24.78,0
96,71,3000.00,4666.48,3,95,-44.22,10.93,36.58,0
96,72,5000.00,6200.00,1,102,-52.90,12.30,0.00,0
96,73,5610.51,2600.00,0,86,-78.90,-23.44,12.62,0
96,74,2000.00,4653.76,1,94,-76.93,-17.95,25.80,0
96,75,2953.53,6400.00,0,100,-73.69,-3.84,45.81,0
96,76,6000.00,6171.87,1,103,-91.66,-40.68,21.79,0
96,77,8600.00,5800.00,1,79,-102.14,-41.93,0.00,0
96,78,5556.78,5600.00,0,97,-82.26,-15.80,41.81,0
96,79,8600.00,3307.40,1,88,-87.68,-8.49,23.43,0
96,80,4763.74,5200.00,2,96,-76.45,-14.18,31.73,0
96,81,4200.00,5547.17,1,96,-65.96,-6.35,27.17,0
96,82,6800.00,7377.58,1,109,-77.59,-8.07,33.93,0
96,83,8453.75,5600.00,0,79,-90.95,-19.22,47.35,1
96,84,5390.90,6000.00,2,102,-60.69,-7.15,10.92,0
96,85,7200.00,7400.00,3,109,-92.43,-23.04,0.00,0
96,86,6076.12,8000.00,2,59,-99.67,-34.67,26.80,1
96,87,5800.00,2800.00,3,46,-69.43,-11.77,0.00,0
96,88,7400.00,6000.00,1,104,-67.37,-5.18,0.00,0
96,89,4452.39,3200.00,0,85,-69.99,-2.33,35.02,0
96,90,6800.00,7816.45,1,109,-77.44,-0.08,19.74,0
96,91,6800.00,4800.00,0,98,-92.80,-35.13,0.00,0
96,92,4600.00,7800.00,3,107,-78.11,-11.97,0.00,0
96,93,2400.00,4800.00,2,95,-73.22,-7.43,0.00,0
96,94,7000.00,6686.33,3,109,-84.81,-15.36,59.26,0
96,95,3833.74,3400.00,2,90,-84.62,-19.77,30.69,0
96,96,2600.00,8000.00,2,22,-92.31,-27.18,0.00,0
96,97,2200.00,2892.18,3,83,-57.75,8.67,36.97,0
96,98,1800.00,4229.87,1,89,-63.93,1.15,37.58,0
96,99,8600.00,2025.78,1,75,-97.72,-41.22,53.78,0
97,0,2382.14,7200.00,0,105,-48.36,12.12,39.92,0
97,1,1822.78,5400.00,2,94,-75.47,-17.95,53.25,0
97,2,7400.00,4837.74,1,98,-63.01,4.56,50.03,0
97,3,6400.00,2324.14,3,86,-88.59,-24.12,50.93,0
97,4,8177.21,4000.00,2,93,-62.99,1.17,27.35,1
97,5,8000.00,3559.28,3,93,-77.85,-18.24,32.58,0
97,6,4340.26,3200.00,0,85,-76.20,-14.61,48.04,0
97,7,5200.00,3600.00,1,91,-84.42,-18.00,0.00,0
97,8,4800.00,5400.00,1,96,-90.40,-23.70,0.00,0
97,9,2047.52,4000.00,2,89,-84.13,-18.36,32.84,0
97,10,2957.09,5800.00,0,100,-84.47,-21.03,41.89,0
97,11,4200.00,3000.00,0,85,-71.53,-11.09,0.00,0
97,12,7200.00,5400.00,2,98,-62.97,4.96,0.00,0
97,13,1985.33,6200.00,2,100,-52.14,3.48,17.60,0
97,14,6600.00,4827.36,1,98,-57.29,8.81,21.89,0
97,15,8200.00,4600.00,2,99,-97.16,-23.55,0.00,0
97,16,4000.00,2951.91,1,85,-54.93,6.54,38.94,0
97,17,3466.28,4800.00,0,95,-74.94,-7.44,22.72,0
97,18,7849.25,3000.00,0,88,-77.27,-21.02,39.40,0
97,19,5533.23,6400.00,0,102,-92.76,-25.63,20.98,0
97,20,6040.23,7200.00,2,108,-72.22,-5.40,45.44,0
97,21,4800.00,3859.35,3,91,-58.64,4.23,37.51,0
97,22,1000.00,5200.00,0,4,-119.54,-55.35,0.00,0
97,23,6000.00,2000.00,2,45,-80.72,-12.34,0.00,0
97,24,5000.00,6600.00,1,102,-85.84,-23.95,0.00,0
97,25,1400.00,6800.00,3,105,-82.33,-5.41,0.00,0
97,26,1772.26,5800.00,0,12,-120.21,-60.34,24.32,0
97,27,1600.00,2000.00,0,83,-99.56,-21.85,0.00,0
97,28,4400.00,5903.04,3,102,-82.40,-15.89,47.79,0
97,29,5200.00,5800.00,0,102,-88.93,-25.84,0.00,0
97,30,1600.00,7800.00,0,105,-85.52,-19.27,0.00,0
97,31,1397.56,2400.00,0,83,-71.73,0.93,52.68,0
97,32,7800.00,7600.00,2,110,-83.81,-33.80,0.00,0
97,33,8400.00,2064.88,3,88,-61.70,1.71,36.01,0
97,34,6200.00,5000.00,0,98,-80.54,-14.56,0.00,0
97,35,3000.00,7200.00,1,106,-70.61,-8.04,0.00,0
97,36,6730.61,5000.00,2,98,-75.27,-15.89,33.31,0
97,37,3800.00,3411.55,3,90,-84.72,-17.60,21.73,0
97,38,2407.68,7600.00,2,14,-100.67,-39.22,52.65,0
97,39,1336.85,6400.00,0,5,-94.55,-26.21,51.54,0
97,40,1400.00,5000.00,2,94,-69.19,-3.74,0.00,0
97,41,2800.00,4400.00,1,18,-101.04,-38.85,0.00,0
97,42,3200.00,6600.00,3,106,-96.37,-31.50,0.00,0
97,43,2610.44,4000.00,2,89,-88.81,-21.74,56.60,0
97,44,3000.00,7482.79,3,106,-52.39,17.75,56.26,0
97,45,7200.00,6137.54,1,104,-87.13,-26.88,33.08,0
97,46,7684.97,7000.00,0,104,-90.52,-25.12,40.23,0
97,47,2000.00,6499.01,3,100,-41.59,26.29,32.50,0
97,48,8200.00,4218.70,1,70,-83.65,-14.56,24.99,0
97,49,5600.00,7200.00,2,108,-72.22,-11.10,0.00,0
97,50,8086.71,7600.00,2,110,-84.59,-14.19,26.21,0
97,51,3600.00,7600.00,1,29,-70.63,0.48,0.00,0
97,52,3156.37,3200.00,0,84,-71.99,-11.88,41.70,0
97,53,2627.51,3800.00,2,89,-40.54,22.04,36.54,0
97,54,6000.00,3661.19,1,92,-64.95,-5.53,38.17,0
97,55,3975.79,2200.00,0,23,-121.89,-49.76,38.35,0
97,56,1800.00,4720.51,3,94,-54.12,14.02,38.15,0
97,57,3979.10,4600.00,0,96,-59.84,4.51,21.56,0
97,58,1747.96,2600.00,0,83,-58.34,9.47,55.49,0
97,59,5275.22,5200.00,0,97,-66.91,2.59,25.79,0
97,60,1600.00,5600.00,2,94,-71.71,4.45,0.00,0
97,61,8930.69,5200.00,0,99,-88.35,-21.15,35.79,0
97,62,6000.00,6064.38,1,103,-69.87,-2.62,58.66,0
97,63,7600.00,7600.00,1,109,-75.43,-6.95,0.00,0
97,64,1800.00,2000.00,2,8,-117.31,-47.21,0.00,0
97,65,4102.23,6000.00,2,101,-88.41,-25.88,26.07,0
97,66,5850.03,8000.00,0,52,-83.37,-11.87,56.85,0
97,67,1489.97,2600.00,2,83,-73.86,0.07,43.77,0
97,68,5694.01,3000.00,2,86,-62.25,8.53,29.38,0
97,69,8369.44,8000.00,2,82,-102.35,-26.47,25.20,0
97,70,7783.20,6400.00,2,104,-53.80,9.76,24.78,0
97,71,3000.00,4635.99,3,95,-71.56,-4.59,36.58,0
97,72,5000.00,6214.98,1,102,-44.40,17.85,17.97,0
97,73,5631.54,2600.00,0,86,-73.71,-17.67,25.23,0
97,74,2000.00,4675.26,1,94,-67.59,-7.81,25.80,0
97,75,2991.71,6400.00,0,100,-81.88,-29.78,45.81,0
97,76,6000.00,6190.03,1,103,-91.31,-43.91,21.79,0
97,77,8600.00,5800.00,1,79,-102.14,-41.93,0.00,0
97,78,5591.63,5600.00,0,97,-72.86,-23.73,41.81,0
97,79,8600.00,3326.93,1,88,-74.19,2.03,23.43,0
97,80,4737.30,5200.00,2,96,-79.75,-17.27,31.73,0
97,81,4200.00,5569.81,1,96,-43.85,18.66,27.17,0
97,82,6800.00,7400.00,3,109,-32.65,28.49,0.00,0
97,83,8493.21,5600.00,0,79,-98.89,-25.16,47.35,0
97,84,5372.70,6000.00,2,102,-69.87,-14.20,21.84,0
97,85,7200.00,7400.00,3,109,-92.43,-23.04,0.00,0
97,86,6053.78,8000.00,2,59,-101.72,-40.25,26.80,0
97,87,5800.00,2800.00,3,46,-69.43,-11.77,0.00,0
97,88,7400.00,6000.00,1,104,-67.37,-5.18,0.00,0
97,89,4481.58,3200.00,0,85,-73.78,-11.10,35.02,0
97,90,6800.00,7849.36,1,109,-61.33,7.35,39.48,0
97,91,6800.00,4800.00,0,98,-92.80,-35.13,0.00,0
97,92,4600.00,7800.00,3,107,-78.11,-11.97,0.00,0
97,93,2400.00,4800.00,2,95,-73.22,-7.43,0.00,0
97,94,7000.00,6636.95,3,109,-78.34,-4.63,59.26,0
97,95,3808.16,3400.00,2,90,-71.13,-5.25,30.69,0
97,96,2600.00,8000.00,2,22,-92.31,-27.18,0.00,0
97,97,2200.00,2861.38,3,83,-72.29,-13.68,36.97,0
97,98,1800.00,4261.18,1,89,-62.31,-1.63,37.58,0
97,99,8600.00,2070.60,1,75,-86.72,-28.53,53.78,0
98,0,2400.00,7184.59,3,105,-83.07,-7.05,39.92,0
98,1,1821.60,5400.00,0,94,-92.47,-31.94,53.25,0
98,2,7400.00,4879.43,1,98,-61.28,-1.61,50.03,0
98,3,6400.00,2281.70,3,86,-59.83,0.45,50.93,0
98,4,8131.63,4000.00,2,93,-50.89,17.65,54.70,0
98,5,8000.00,3532.13,3,93,-88.88,-34.51,32.58,0
98,6,4380.29,3200.00,0,85,-66.55,-0.00,48.04,0
98,7,5200.00,3608.86,1,91,-85.90,-21.63,10.63,0
98,8,4800.00,5400.00,1,96,-90.40,-23.70,0.00,0
98,9,2020.16,4000.00,2,89,-79.15,-11.16,32.84,0
98,10,2992.00,5800.00,0,100,-58.36,-2.07,41.89,0
98,11,4200.00,3000.00,0,85,-71.53,-11.09,0.00,0
98,12,7200.00,5400.00,2,98,-62.97,4.96,0.00,0
98,13,1956.00,6200.00,2,100,-47.31,13.19,35.20,0
98,14,6600.00,4845.61,1,98,-65.33,-6.98,21.89,0
98,15,8175.94,4600.00,2,99,-108.06,-36.01,28.87,0
98,16,4000.00,2984.35,1,85,-67.63,5.83,38.94,0
98,17,3485.21,4800.00,0,95,-54.38,14.16,22.72,0
98,18,7882.09,3000.00,0,88,-79.81,-15.84,39.40,0
98,19,5550.71,6400.00,0,102,-71.14,-0.50,20.98,0
98,20,6002.36,7200.00,2,108,-78.08,-8.06,45.44,0
98,21,4800.00,3828.09,3,91,-66.35,-4.28,37.51,0
98,22,1000.00,5200.00,0,4,-119.54,-55.35,0.00,0
98,23,6000.00,2000.00,2,45,-80.72,-12.34,0.00,0
98,24,5000.00,6600.00,1,102,-85.84,-23.95,0.00,0
98,25,1400.00,6800.00,3,105,-82.33,-5.41,0.00,0
98,26,1792.53,5800.00,0,12,-104.64,-48.94,24.32,0
98,27,1600.00,2000.00,0,83,-99.56,-21.85,0.00,0
98,28,4400.00,5863.21,3,102,-75.23,-18.15,47.79,0
98,29,5200.00,5800.00,0,102,-88.93,-25.84,0.00,0
98,30,1600.00,7800.00,0,105,-85.52,-19.27,0.00,0
98,31,1358.54,2400.00,2,83,-66.42,1.72,52.68,0
98,32,7800.00,7600.00,2,110,-83.81,-33.80,0.00,0
98,33,8400.00,2034.87,3,88,-56.26,14.32,36.01,0
98,34,6200.00,5000.00,0,98,-80.54,-14.56,0.00,0
98,35,3000.00,7200.00,1,106,-70.61,-8.04,0.00,0
98,36,6702.85,5000.00,2,98,-93.41,-33.41,33.31,0
98,37,3800.00,3400.00,2,90,-70.37,9.76,0.00,0
98,38,2436.19,7600.00,0,22,-131.29,-65.69,52.65,1
98,39,1379.80,6400.00,0,5,-101.81,-32.68,51.54,0
98,40,1400.00,5000.00,2,94,-69.19,-3.74,0.00,0
98,41,2800.00,4410.24,1,18,-106.93,-42.31,12.29,0
98,42,3200.00,6600.00,3,106,-96.37,-31.50,0.00,0
98,43,2600.00,4000.00,1,89,-35.80,25.46,0.00,0
98,44,3000.00,7435.91,3,106,-65.22,3.22,56.26,0
98,45,7200.00,6165.11,1,104,-87.25,-16.63,33.08,0
98,46,7718.50,7000.00,0,110,-79.73,-13.00,40.23,1
98,47,2000.00,6471.93,3,100,-53.16,7.70,32.50,0
98,48,8200.00,4239.53,1,70,-85.78,-27.59,24.99,0
98,49,5583.97,7200.00,2,108,-66.71,-1.13,19.24,0
98,50,8064.87,7600.00,2,110,-60.29,18.55,26.21,0
98,51,3600.00,7600.00,1,29,-70.63,0.48,0.00,0
98,52,3191.12,3200.00,0,84,-52.20,-9.27,41.70,0
98,53,2600.00,3800.00,0,89,-56.39,9.13,0.00,0
98,54,6000.00,3692.99,1,92,-75.49,-5.55,38.17,0
98,55,3992.25,2200.00,2,30,-123.16,-54.37,38.35,1
98,56,1800.00,4688.72,3,94,-42.27,31.06,38.15,0
98,57,3997.07,4600.00,0,96,-73.15,-4.13,21.56,0
98,58,1794.20,2600.00,0,83,-87.97,-11.87,55.49,0
98,59,5296.71,5200.00,0,97,-76.69,-6.36,25.79,0
98,60,1600.00,5600.00,2,94,-71.71,4.45,0.00,0
98,61,8960.52,5200.00,0,99,-92.04,-22.28,35.79,0
98,62,6000.00,6113.26,1,103,-69.60,5.58,58.66,0
98,63,7600.00,7600.00,1,109,-75.43,-6.95,0.00,0
98,64,1800.00,2000.00,2,8,-117.31,-47.21,0.00,0
98,65,4080.50,6000.00,2,101,-76.21,-13.90,26.07,0
98,66,5897.40,8000.00,0,52,-105.52,-44.57,56.85,0
98,67,1453.49,2600.00,2,83,-80.73,-10.40,43.77,0
98,68,5669.53,3000.00,2,86,-55.16,12.50,29.38,0
98,69,8348.44,8000.00,2,82,-115.70,-48.71,25.20,0
98,70,7762.55,6400.00,2,104,-55.44,14.80,24.78,0
98,71,3000.00,4605.51,3,95,-83.39,-28.23,36.58,0
98,72,5000.00,6244.93,1,102,-61.95,9.88,35.94,0
98,73,5652.57,2600.00,0,86,-76.24,-8.79,25.23,0
98,74,2000.00,4696.77,1,94,-67.12,-8.16,25.80,0
98,75,3000.00,6400.00,1,100,-87.70,-31.87,0.00,0
98,76,6000.00,6200.00,0,103,-62.35,-2.15,0.00,0
98,77,8600.00,5800.00,1,79,-102.14,-41.93,0.00,0
98,78,5573.53,5600.00,2,97,-74.62,-9.37,41.81,0
98,79,8600.00,3346.45,1,88,-74.12,4.96,23.43,0
98,80,4710.86,5200.00,2,96,-94.57,-38.53,31.73,0
98,81,4200.00,5592.45,1,96,-59.48,12.51,27.17,0
98,82,6800.00,7400.00,3,109,-32.65,28.49,0.00,0
98,83,8532.66,5600.00,0,79,-98.76,-21.82,47.35,0
98,84,5354.50,6000.00,2,102,-67.06,-8.79,21.84,0
98,85,7200.00,7400.00,3,109,-92.43,-23.04,0.00,0
98,86,6031.44,8000.00,2,59,-118.94,-54.97,26.80,0
98,87,5800.00,2800.00,3,46,-69.43,-11.77,0.00,0
98,88,7400.00,6000.00,1,104,-67.37,-5.18,0.00,0
98,89,4510.77,3200.00,0,85,-67.63,0.46,35.02,0
98,90,6800.00,7882.26,1,109,-54.17,19.16,39.48,0
98,91,6800.00,4800.00,0,98,-92.80,-35.13,0.00,0
98,92,4600.00,7800.00,3,107,-78.11,-11.97,0.00,0
98,93,2400.00,4800.00,2,95,-73.22,-7.43,0.00,0
98,94,7000.00,6600.00,2,109,-84.70,-34.69,0.00,0
98,95,3782.58,3400.00,2,90,-70.83,-2.71,30.69,0
98,96,2600.00,8000.00,2,22,-92.31,-27.18,0.00,0
98,97,2200.00,2830.57,3,83,-61.39,10.42,36.97,0
98,98,1800.00,4292.50,1,89,-64.61,6.00,37.58,0
98,99,8600.00,2115.41,1,75,-106.30,-43.81,53.78,0
99,0,2400.00,7151.33,3,105,-73.88,-6.45,39.92,0
99,1,1865.98,5400.00,0,94,-73.07,-6.20,53.25,0
99,2,7400.00,4921.12,1,98,-73.14,-11.51,50.03,0
99,3,6400.00,2239.26,3,86,-66.68,4.87,50.93,0
99,4,8086.05,4000.00,2,93,-53.38,10.45,54.70,0
99,5,8000.00,3504.98,3,93,-90.70,-24.90,32.58,0
99,6,4379.68,3200.00,2,85,-93.54,-26.80,48.04,0
99,7,5200.00,3626.57,1,91,-91.26,-26.64,21.26,0
99,8,4800.00,5400.00,1,96,-90.40,-23.70,0.00,0
99,9,2000.00,4000.00,1,10,-64.38,-6.30,0.00,1
99,10,2973.09,5800.00,2,100,-79.54,-25.40,41.89,0
99,11,4200.00,3000.00,0,85,-71.53,-11.09,0.00,0
99,12,7200.00,5400.00,2,98,-62.97,4.96,0.00,0
99,13,1926.67,6200.00,2,100,-74.54,-15.16,35.20,0
99,14,6600.00,4863.85,1,98,-54.96,1.46,21.89,0
99,15,8127.83,4600.00,2,99,-89.76,-37.62,57.73,0
99,16,4000.00,3000.00,0,85,-52.94,0.08,0.00,0
99,17,3504.15,4800.00,0,95,-47.05,19.76,22.72,0
99,18,7914.92,3000.00,0,88,-91.50,-20.25,39.40,0
99,19,5568.20,6400.00,0,102,-83.21,-10.00,20.98,0
99,20,6000.00,7164.49,3,108,-84.14,-19.44,45.44,0
99,21,4803.16,3800.00,0,91,-70.73,-9.60,37.51,0
99,22,1000.00,5200.00,0,4,-119.54,-55.35,0.00,0
99,23,6000.00,2000.00,2,45,-80.72,-12.34,0.00,0
99,24,5000.00,6600.00,1,102,-85.84,-23.95,0.00,0
99,25,1400.00,6800.00,3,105,-82.33,-5.41,0.00,0
99,26,1812.79,5800.00,0,12,-105.16,-29.27,24.32,0
99,27,1600.00,2000.00,0,83,-99.56,-21.85,0.00,0
99,28,4400.00,5823.39,3,102,-70.35,-11.83,47.79,0
99,29,5200.00,5800.00,0,102,-88.93,-25.84,0.00,0
99,30,1600.00,7800.00,0,105,-85.52,-19.27,0.00,0
99,31,1314.64,2400.00,2,83,-73.70,-0.31,52.68,0
99,32,7800.00,7600.00,2,110,-83.81,-33.80,0.00,0
99,33,8400.00,2004.87,3,88,-57.72,5.01,36.01,0
99,34,6200.00,5000.00,0,98,-80.54,-14.56,0.00,0
99,35,3000.00,7200.00,1,106,-70.61,-8.04,0.00,0
99,36,6675.09,5000.00,2,98,-74.09,-11.87,33.31,0
99,37,3800.00,3400.00,2,90,-70.37,9.76,0.00,0
99,38,2480.07,7600.00,0,14,-112.14,-58.10,52.65,1
99,39,1400.00,6377.25,3,5,-86.60,-11.01,51.54,0
99,40,1400.00,5000.00,2,94,-69.19,-3.74,0.00,0
99,41,2800.00,4430.72,1,18,-95.22,-27.91,24.57,0
99,42,3200.00,6600.00,3,106,-96.37,-31.50,0.00,0
99,43,2600.00,4000.00,1,89,-35.80,25.46,0.00,0
99,44,3000.00,7389.02,3,106,-73.03,-11.99,56.26,0
99,45,7200.00,6192.67,1,104,-82.75,-11.20,33.08,0
99,46,7752.03,7000.00,0,110,-64.83,-10.86,40.23,0
99,47,2000.00,6444.85,3,100,-58.90,15.09,32.50,0
99,48,8200.00,4260.36,1,70,-101.33,-42.48,24.99,0
99,49,5551.91,7200.00,2,108,-55.23,6.15,38.47,0
99,50,8043.02,7600.00,2,110,-54.08,31.04,26.21,0
99,51,3600.00,7600.00,1,29,-70.63,0.48,0.00,0
99,52,3225.87,3200.00,0,84,-71.10,-27.83,41.70,0
99,53,2600.00,3800.00,0,89,-56.39,9.13,0.00,0
99,54,6000.00,3724.80,1,92,-69.68,-11.88,38.17,0
99,55,3960.28,2200.00,2,30,-104.78,-41.33,38.35,0
99,56,1800.00,4656.92,3,94,-68.96,5.15,38.15,0
99,57,4000.00,4600.00,2,96,-77.75,-22.15,0.00,0
99,58,1800.00,2600.00,3,83,-83.65,-11.78,0.00,0
99,59,5318.20,5200.00,0,97,-62.85,7.68,25.79,0
99,60,1600.00,5600.00,2,94,-71.71,4.45,0.00,0
99,61,8990.34,5200.00,0,99,-81.30,-17.12,35.79,0
99,62,6000.00,6162.14,1,103,-66.63,-13.83,58.66,0
99,63,7600.00,7623.56,1,109,-68.21,0.16,28.28,0
99,64,1800.00,2000.00,2,8,-117.31,-47.21,0.00,0
99,65,4058.78,6000.00,2,101,-85.52,-24.19,26.07,0
99,66,5944.77,8000.00,0,52,-109.81,-47.75,56.85,0
99,67,1417.02,2600.00,2,83,-91.24,-16.28,43.77,0
99,68,5645.05,3000.00,2,86,-75.10,-11.88,29.38,0
99,69,8327.44,8000.00,2,82,-108.78,-52.10,25.20,0
99,70,7741.90,6400.00,2,104,-45.96,23.68,24.78,0
99,71,3024.98,4600.00,0,95,-57.02,9.78,36.58,0
99,72,5000.00,6274.88,1,102,-75.05,-2.53,35.94,0
99,73,5673.60,2600.00,0,86,-44.97,23.25,25.23,0
99,74,2000.00,4718.27,1,94,-86.60,-21.34,25.80,0
99,75,3000.00,6400.00,1,100,-87.70,-31.87,0.00,0
99,76,6000.00,6200.00,0,103,-62.35,-2.15,0.00,0
99,77,8600.00,5800.00,1,79,-102.14,-41.93,0.00,0
99,78,5538.69,5600.00,2,97,-75.70,-16.97,41.81,0
99,79,8600.00,3365.98,1,88,-65.85,6.46,23.43,0
99,80,4684.42,5200.00,2,96,-84.78,-37.09,31.73,0
99,81,4215.09,5600.00,0,96,-68.31,-11.62,27.17,0
99,82,6800.00,7400.00,3,109,-32.65,28.49,0.00,0
99,83,8572.12,5600.00,0,79,-118.51,-41.63,47.35,0
99,84,5336.30,6000.00,2,102,-71.38,-15.94,21.84,0
99,85,7200.00,7400.00,3,109,-92.43,-23.04,0.00,0
99,86,6009.11,8000.00,2,59,-113.61,-49.17,26.80,0
99,87,5800.00,2800.00,3,46,-69.43,-11.77,0.00,0
99,88,7400.00,6000.00,1,104,-67.37,-5.18,0.00,0
99,89,4539.95,3200.00,0,85,-60.75,3.41,35.02,0
99,90,6800.00,7915.16,1,109,-39.21,40.10,39.48,0
99,91,6800.00,4800.00,0,98,-92.80,-35.13,0.00,0
99,92,4600.00,7800.00,3,107,-78.11,-11.97,0.00,0
99,93,2400.00,4800.00,2,95,-73.22,-7.43,0.00,0
99,94,7000.00,6600.00,2,109,-84.70,-34.69,0.00,0
99,95,3757.01,3400.00,2,90,-85.74,-20.39,30.69,0
99,96,2587.42,8000.00,2,22,-92.63,-27.41,15.10,0
99,97,2200.23,2800.00,0,83,-88.69,-24.72,36.97,0
99,98,1800.00,4323.81,1,89,-57.36,6.04,37.58,0
99,99,8600.00,2160.23,1,75,-109.97,-50.70,53.78,0
100,0,2400.00,7118.06,3,105,-60.75,13.19,39.92,0
100,1,1910.36,5400.00,0,94,-70.94,-5.28,53.25,0
100,2,7400.00,4962.80,1,98,-81.17,-22.89,50.03,0
100,3,6400.00,2203.18,1,86,-73.33,-6.29,50.93,0
100,4,8040.47,4000.00,2,93,-87.25,-24.66,54.70,0
100,5,8000.00,3477.84,3,93,-80.16,-7.82,32.58,0
100,6,4339.65,3200.00,2,85,-84.54,-17.51,48.04,0
100,7,5200.00,3644.29,1,91,-91.66,-22.76,21.26,0
100,8,4800.00,5400.00,1,96,-90.40,-23.70,0.00,0
100,9,2000.00,4000.00,1,89,-58.89,3.15,0.00,1
100,10,2938.18,5800.00,2,100,-81.12,-16.84,41.89,0
100,11,4200.00,3000.00,0,85,-71.53,-11.09,0.00,0
100,12,7200.00,5400.00,2,98,-62.97,4.96,0.00,0
100,13,1897.34,6200.00,2,100,-68.76,-3.60,35.20,0
100,14,6600.00,4882.09,1,98,-50.89,8.00,21.89,0
100,15,8079.72,4600.00,2,99,-89.01,-27.72,57.73,0
100,16,4000.00,3000.00,0,85,-52.94,0.08,0.00,0
100,17,3523.08,4800.00,0,95,-61.39,-4.00,22.72,0
100,18,7947.76,3000.00,0,88,-94.54,-23.98,39.40,0
100,19,5585.68,6400.00,0,50,-90.00,-26.62,20.98,1
100,20,6000.00,7126.62,3,108,-68.73,2.53,45.44,0
100,21,4834.42,3800.00,0,91,-92.77,-26.23,37.51,0
100,22,1000.00,5200.00,0,4,-119.54,-55.35,0.00,0
100,23,6000.00,2000.00,2,45,-80.72,-12.34,0.00,0
100,24,5000.00,6600.00,1,102,-85.84,-23.95,0.00,0
100,25,1400.00,6800.00,3,105,-82.33,-5.41,0.00,0
100,26,1833.06,5800.00,0,12,-93.95,-26.23,24.32,0
100,27,1600.00,2000.00,0,83,-99.56,-21.85,0.00,0
100,28,4400.00,5783.56,3,102,-77.50,-13.97,47.79,0
100,29,5200.00,5800.00,0,102,-88.93,-25.84,0.00,0
100,30,1600.00,7800.00,0,105,-85.52,-19.27,0.00,0
100,31,1270.73,2400.00,2,83,-58.69,14.21,52.68,0
100,32,7800.00,7600.00,2,110,-83.81,-33.80,0.00,0
100,33,8374.86,2000.00,2,88,-65.97,5.34,36.01,0
100,34,6200.00,5000.00,0,98,-80.54,-14.56,0.00,0
100,35,3000.00,7200.00,1,106,-70.61,-8.04,0.00,0
100,36,6647.33,5000.00,2,98,-63.67,-9.76,33.31,0
100,37,3800.00,3400.00,2,90,-70.37,9.76,0.00,0
100,38,2523.94,7600.00,0,14,-110.59,-49.66,52.65,0
100,39,1400.00,6334.30,3,5,-94.85,-34.48,51.54,0
100,40,1400.00,5000.00,2,94,-69.19,-3.74,0.00,0
100,41,2800.00,4451.20,1,18,-84.82,-18.19,24.57,0
100,42,3200.00,6600.00,3,106,-96.37,-31.50,0.00,0
100,43,2600.00,4000.00,1,89,-35.80,25.46,0.00,0
100,44,3000.00,7342.14,3,106,-54.49,13.60,56.26,0
100,45,7200.00,6200.00,3,104,-81.17,-25.11,0.00,0
100,46,7785.55,7000.00,0,110,-83.69,-23.44,40.23,0
100,47,2000.00,6417.77,3,100,-56.72,7.61,32.50,0
100,48,8200.00,4281.19,1,70,-100.81,-41.53,24.99,0
100,49,5519.85,7200.00,2,108,-65.02,7.75,38.47,0
100,50,8021.18,7600.00,2,110,-51.08,27.10,26.21,0
100,51,3600.00,7600.00,1,29,-70.63,0.48,0.00,0
100,52,3260.62,3200.00,0,84,-63.38,3.21,41.70,0
100,53,2600.00,3800.00,0,89,-56.39,9.13,0.00,0
100,54,6000.00,3756.61,1,92,-79.64,-16.31,38.17,0
100,55,3928.32,2200.00,2,30,-119.37,-58.26,38.35,0
100,56,1800.00,4625.13,3,94,-80.47,-3.91,38.15,0
100,57,4000.00,4600.00,2,96,-77.75,-22.15,0.00,0
100,58,1800.00,2600.00,3,83,-83.65,-11.78,0.00,0
100,59,5339.69,5200.00,0,97,-55.63,12.37,25.79,0
100,60,1600.00,5600.00,2,94,-71.71,4.45,0.00,0
100,61,9000.00,5200.00,3,99,-99.24,-33.98,0.00,0
100,62,5988.98,6200.00,2,103,-67.51,2.34,58.66,0
100,63,7600.00,7670.69,1,109,-61.02,-9.96,56.55,0
100,64,1800.00,2000.00,2,8,-117.31,-47.21,0.00,0
100,65,4037.05,6000.00,2,101,-88.70,-27.23,26.07,0
100,66,5992.14,8000.00,0,52,-92.92,-33.87,56.85,0
100,67,1380.54,2600.00,2,83,-88.70,-16.87,43.77,0
100,68,5620.57,3000.00,2,86,-74.28,-16.08,29.38,0
100,69,8306.43,8000.00,2,82,-101.31,-30.02,25.20,0
100,70,7721.26,6400.00,2,104,-56.59,12.08,24.78,0
100,71,3055.47,4600.00,0,95,-71.14,-1.53,36.58,0
100,72,5000.00,6304.83,1,102,-73.62,-10.60,35.94,0
100,73,5694.63,2600.00,0,86,-72.72,-9.10,25.23,0
100,74,2000.00,4739.77,1,11,-92.77,-29.30,25.80,1
100,75,3000.00,6400.00,1,100,-87.70,-31.87,0.00,0
100,76,6000.00,6200.00,0,103,-62.35,-2.15,0.00,0
100,77,8600.00,5800.00,1,79,-102.14,-41.93,0.00,0
100,78,5503.85,5600.00,2,97,-69.74,-17.45,41.81,0
100,79,8600.00,3385.51,1,88,-95.17,-18.01,23.43,0
100,80,4657.98,5200.00,2,96,-82.35,-27.12,31.73,0
100,81,4237.73,5600.00,0,96,-70.15,-12.60,27.17,0
100,82,6800.00,7400.00,3,109,-32.65,28.49,0.00,0
100,83,8600.00,5588.43,3,79,-100.58,-40.85,47.35,0
100,84,5318.09,6000.00,2,102,-68.85,-19.77,21.84,0
100,85,7200.00,7400.00,3,109,-92.43,-23.04,0.00,0
100,86,6000.00,7986.77,3,52,-100.88,-32.05,26.80,1
100,87,5800.00,2800.00,3,46,-69.43,-11.77,0.00,0
100,88,7400.00,6000.00,1,104,-67.37,-5.18,0.00,0
100,89,4569.14,3200.00,0,85,-72.17,-9.89,35.02,0
100,90,6800.00,7948.07,1,109,-61.22,16.68,39.48,0
100,91,6800.00,4800.00,0,98,-92.80,-35.13,0.00,0
100,92,4600.00,7800.00,3,107,-78.11,-11.97,0.00,0
100,93,2400.00,4800.00,2,95,-73.22,-7.43,0.00,0
100,94,7000.00,6600.00,2,109,-84.70,-34.69,0.00,0
100,95,3731.43,3400.00,2,90,-82.92,-12.11,30.69,0
100,96,2562.26,8000.00,2,22,-92.31,-30.72,30.19,0
100,97,2231.04,2800.00,0,83,-87.37,-20.86,36.97,0
100,98,1800.00,4355.13,1,89,-53.51,12.94,37.58,0
100,99,8600.00,2205.05,1,75,-103.36,-30.66,53.78,0
