Step,ue0_x,ue0_y,ue0_height,ue0_direction,ue0_connected_bs,ue0_los_probability,ue0_los_state,ue0_pathloss,ue0_shadow_fading,ue0_rsrp,ue0_prx,ue0_sinr,ue0_speed,ue0_handover,ue0_bs1_idx,ue0_bs1_rsrp,ue0_bs2_idx,ue0_bs2_rsrp,ue0_bs3_idx,ue0_bs3_rsrp,ue0_bs4_idx,ue0_bs4_rsrp,ue0_bs5_idx,ue0_bs5_rsrp,ue0_bs6_idx,ue0_bs6_rsrp
0,6809.61,7479.00,2.00,2,57,0.03,NLOS,126.08,-10.26,-95.60,-67.82,2.88,39.19,0,51,-98.89,50,-112.47,44,-113.55,38,-117.67,64,-118.44,54,-119.00
1,6798.73,7479.00,2.00,2,57,0.03,NLOS,126.36,-10.26,-95.88,-68.10,2.12,39.19,0,51,-98.37,50,-112.38,44,-113.39,38,-117.57,64,-118.59,54,-119.01
2,6787.84,7479.00,2.00,2,57,0.03,NLOS,126.63,-10.26,-96.15,-68.37,1.34,39.19,0,51,-97.83,50,-112.30,44,-113.23,38,-117.46,64,-118.74,54,-119.02
3,6776.96,7479.00,2.00,2,51,0.07,NLOS,116.20,1.06,-97.04,-69.26,7.36,39.19,1,50,-105.07,56,-111.35,57,-115.15,43,-119.55,67,-119.63,48,-122.48
4,6766.07,7479.00,2.00,2,51,0.07,NLOS,115.63,1.06,-96.47,-68.69,7.87,39.19,0,50,-104.99,56,-111.41,57,-115.42,43,-119.48,67,-119.66,48,-122.47
5,6755.19,7479.00,2.00,2,51,0.07,NLOS,115.05,1.06,-95.89,-68.11,8.41,39.19,0,50,-104.91,56,-111.46,57,-115.69,43,-119.40,67,-119.69,48,-122.47
6,6744.30,7479.00,2.00,2,51,0.08,NLOS,114.45,9.09,-103.32,-75.54,2.17,39.19,0,44,-108.52,64,-112.39,50,-113.20,57,-117.27,43,-119.32,63,-119.82
7,6733.42,7479.00,2.00,2,51,0.08,NLOS,113.84,9.09,-102.70,-74.92,2.73,39.19,0,44,-108.35,64,-112.54,50,-113.13,57,-117.54,43,-119.24,63,-119.93
8,6722.53,7479.00,2.00,2,51,0.09,NLOS,113.20,9.09,-102.07,-74.29,3.30,39.19,0,44,-108.18,64,-112.68,50,-113.06,57,-117.80,43,-119.17,63,-120.04
9,6711.64,7479.00,2.00,2,57,0.03,NLOS,128.49,-6.95,-101.32,-73.54,0.81,39.19,1,51,-105.96,44,-107.30,64,-111.12,56,-112.98,50,-114.68,43,-121.04
10,6700.76,7479.00,2.00,2,57,0.03,NLOS,128.74,-6.95,-101.57,-73.79,0.23,39.19,0,51,-105.29,44,-107.12,64,-111.26,56,-113.04,50,-114.62,43,-120.97
11,6689.87,7479.00,2.00,2,57,0.03,NLOS,128.99,-6.95,-101.82,-74.04,-0.37,39.19,0,51,-104.61,44,-106.95,64,-111.40,56,-113.10,50,-114.56,43,-120.89
12,6678.99,7479.00,2.00,2,51,0.11,NLOS,110.51,5.23,-95.51,-67.73,10.12,39.19,1,57,-109.47,50,-110.24,64,-114.03,42,-115.89,49,-116.37,63,-116.77
13,6668.10,7479.00,2.00,2,51,0.12,NLOS,109.79,5.23,-94.80,-67.02,10.92,39.19,0,57,-109.72,50,-110.19,64,-114.17,42,-115.86,49,-116.35,63,-116.87
14,6657.22,7479.00,2.00,2,51,0.13,NLOS,109.06,5.23,-94.07,-66.29,11.74,39.19,0,57,-109.97,50,-110.14,64,-114.30,42,-115.82,49,-116.34,63,-116.98
15,6646.33,7479.00,2.00,2,51,0.14,NLOS,108.32,-0.01,-88.09,-60.31,20.99,39.19,0,57,-112.52,56,-112.59,44,-114.63,63,-116.97,38,-119.34,50,-120.43
16,6635.44,7479.00,2.00,2,51,0.15,NLOS,107.57,-0.01,-87.34,-59.56,21.78,39.19,0,56,-112.66,57,-112.76,44,-114.44,63,-117.07,38,-119.23,50,-120.39
17,6624.56,7479.00,2.00,2,51,0.16,NLOS,106.81,-0.01,-86.58,-58.80,22.58,39.19,0,56,-112.72,57,-112.99,44,-114.26,63,-117.18,38,-119.12,50,-120.35
18,6627.33,7479.00,2.00,0,51,0.16,NLOS,107.00,-0.01,-86.78,-58.99,22.38,39.19,0,56,-112.71,57,-112.93,44,-114.31,63,-117.15,38,-119.15,50,-120.36
19,6638.21,7479.00,2.00,0,51,0.15,NLOS,107.76,-1.58,-85.96,-58.18,13.37,39.19,0,57,-100.38,44,-107.98,50,-113.17,43,-115.83,56,-119.38,64,-120.15
20,6649.10,7479.00,2.00,0,51,0.14,NLOS,108.51,-1.58,-86.72,-58.93,12.45,39.19,0,57,-100.14,44,-108.17,50,-113.21,43,-115.91,56,-119.32,64,-120.01
21,6659.98,7479.00,2.00,0,51,0.13,NLOS,109.25,-1.58,-87.46,-59.67,11.54,39.19,0,57,-99.90,44,-108.35,50,-113.26,43,-115.98,56,-119.25,64,-119.88
22,6670.87,7479.00,2.00,0,51,0.12,NLOS,109.98,-9.22,-80.54,-52.76,22.29,39.19,0,57,-105.55,50,-107.15,38,-117.38,56,-117.53,44,-117.70,64,-120.97
23,6681.75,7479.00,2.00,0,51,0.11,NLOS,110.69,-9.22,-81.25,-53.47,21.47,39.19,0,57,-105.30,50,-107.20,56,-117.46,38,-117.49,44,-117.88,64,-120.84
24,6692.64,7479.00,2.00,0,51,0.10,NLOS,111.38,-9.22,-81.95,-54.17,20.66,39.19,0,57,-105.05,50,-107.26,56,-117.40,38,-117.60,44,-118.06,64,-120.70
25,6703.53,7479.00,2.00,0,51,0.10,NLOS,112.06,2.35,-94.19,-66.41,7.80,39.19,0,50,-103.23,44,-110.59,57,-112.60,56,-114.41,49,-120.40,36,-121.36
26,6714.41,7479.00,2.00,0,51,0.09,NLOS,112.72,2.35,-94.85,-67.07,7.19,39.19,0,50,-103.30,44,-110.77,57,-112.35,56,-114.35,49,-120.42,36,-121.42
27,6725.30,7479.00,2.00,0,51,0.09,NLOS,113.37,2.35,-95.50,-67.72,6.59,39.19,0,50,-103.37,44,-110.94,57,-112.09,56,-114.30,49,-120.43,36,-121.47
28,6736.18,7479.00,2.00,0,51,0.08,NLOS,113.99,-8.41,-85.36,-57.58,14.56,39.19,0,44,-100.86,57,-107.84,37,-109.22,63,-114.23,43,-120.68,50,-120.87
29,6747.07,7479.00,2.00,0,51,0.08,NLOS,114.60,-8.41,-85.98,-58.19,14.04,39.19,0,44,-101.03,57,-107.58,37,-109.31,63,-114.12,43,-120.76,50,-120.94
30,6757.95,7479.00,2.00,0,51,0.07,NLOS,115.20,-8.41,-86.57,-58.79,13.53,39.19,0,44,-101.20,57,-107.31,37,-109.40,63,-114.01,43,-120.84,50,-121.02
31,6768.84,7479.00,2.00,0,51,0.07,NLOS,115.78,0.16,-95.72,-67.94,10.31,39.19,0,50,-109.97,57,-110.46,56,-111.96,64,-114.39,38,-121.50,31,-121.61
32,6779.73,7479.00,2.00,0,51,0.07,NLOS,116.34,0.16,-96.28,-68.50,9.67,39.19,0,50,-110.05,57,-110.19,56,-111.90,64,-114.24,38,-121.61,31,-121.69
33,6790.61,7479.00,2.00,0,51,0.06,NLOS,116.89,0.16,-96.83,-69.05,9.03,39.19,0,57,-109.91,50,-110.13,56,-111.85,64,-114.09,38,-121.71,31,-121.76
34,6801.50,7479.00,2.00,0,51,0.06,NLOS,117.42,-0.92,-96.28,-68.50,4.05,39.19,0,57,-100.81,44,-112.67,50,-115.46,55,-116.23,64,-123.52,63,-125.30
35,6812.38,7479.00,2.00,0,51,0.06,NLOS,117.94,-0.92,-96.80,-69.02,3.29,39.19,0,57,-100.53,44,-112.83,50,-115.55,55,-116.22,64,-123.37,63,-125.19
36,6820.50,7476.23,2.00,3,51,0.06,NLOS,118.37,-0.92,-97.23,-69.45,2.64,39.19,0,57,-100.27,44,-112.94,50,-115.56,55,-116.18,64,-123.26,63,-125.09
37,6820.50,7465.35,2.00,3,51,0.06,NLOS,118.57,3.09,-101.44,-73.66,6.57,39.19,0,50,-109.31,64,-117.61,57,-118.16,56,-122.34,55,-123.32,36,-125.15
38,6820.50,7454.46,2.00,3,51,0.05,NLOS,118.78,3.09,-101.65,-73.86,6.19,39.19,0,50,-109.10,64,-117.63,57,-117.96,56,-122.20,55,-123.23,36,-125.10
39,6820.50,7443.58,2.00,3,51,0.05,NLOS,119.00,3.09,-101.87,-74.08,5.79,39.19,0,50,-108.88,64,-117.65,57,-117.76,56,-122.06,55,-123.15,36,-125.05
40,6820.50,7432.69,2.00,3,51,0.05,NLOS,119.23,2.20,-101.21,-73.42,-1.28,39.19,0,57,-101.00,50,-107.69,56,-113.52,44,-113.64,55,-120.47,42,-121.00
41,6820.50,7421.80,2.00,3,51,0.05,NLOS,119.46,2.20,-101.44,-73.66,-1.71,39.19,0,57,-100.81,50,-107.48,56,-113.38,44,-113.60,55,-120.38,42,-120.93
42,6820.50,7410.92,2.00,3,51,0.05,NLOS,119.71,2.20,-101.69,-73.91,-2.14,39.19,0,57,-100.63,50,-107.25,56,-113.23,44,-113.56,55,-120.29,42,-120.85
43,6820.50,7400.03,2.00,3,51,0.05,NLOS,119.96,-1.33,-98.42,-70.64,7.43,39.19,0,57,-109.05,44,-110.38,50,-115.35,49,-118.77,64,-121.08,36,-121.62
44,6820.50,7389.15,2.00,3,51,0.05,NLOS,120.22,-1.33,-98.68,-70.90,7.05,39.19,0,57,-108.87,44,-110.35,50,-115.12,49,-118.65,64,-121.11,36,-121.57
45,6820.50,7378.26,2.00,3,51,0.05,NLOS,120.49,-1.33,-98.95,-71.16,6.66,39.19,0,57,-108.69,44,-110.31,50,-114.89,49,-118.54,64,-121.13,56,-121.45
46,6820.50,7367.38,2.00,3,51,0.05,NLOS,120.76,-12.99,-87.55,-59.77,13.05,39.19,0,57,-103.10,50,-105.04,64,-113.78,44,-117.31,56,-119.72,55,-121.69
47,6820.50,7356.49,2.00,3,51,0.05,NLOS,121.03,-12.99,-87.82,-60.04,12.60,39.19,0,57,-102.94,50,-104.81,64,-113.81,44,-117.28,56,-119.57,55,-121.60
48,6820.50,7345.61,2.00,3,51,0.05,NLOS,121.31,-12.99,-88.10,-60.32,12.15,39.19,0,57,-102.78,50,-104.57,64,-113.84,44,-117.25,56,-119.42,55,-121.51
49,6820.50,7334.72,2.00,3,57,0.04,NLOS,123.41,-3.86,-99.33,-71.54,5.86,39.19,1,50,-108.58,51,-108.96,64,-118.60,43,-118.61,63,-120.87,44,-121.37
50,6820.50,7323.83,2.00,3,57,0.04,NLOS,123.27,-3.86,-99.18,-71.40,6.01,39.19,0,50,-108.34,51,-109.24,43,-118.52,64,-118.64,63,-120.80,44,-121.35
51,6820.50,7312.95,2.00,3,57,0.04,NLOS,123.13,-3.86,-99.05,-71.26,6.13,39.19,0,50,-108.10,51,-109.52,43,-118.44,64,-118.67,63,-120.74,44,-121.32
52,6820.50,7302.06,2.00,3,57,0.04,NLOS,123.00,-0.12,-102.66,-74.88,0.55,39.19,0,51,-104.65,56,-111.94,50,-114.33,44,-119.11,62,-119.15,63,-119.32
53,6820.50,7291.18,2.00,3,57,0.04,NLOS,122.88,-0.12,-102.54,-74.76,0.83,39.19,0,51,-104.94,56,-111.78,50,-114.08,62,-119.07,44,-119.09,63,-119.26
54,6820.50,7280.29,2.00,3,57,0.04,NLOS,122.77,-0.12,-102.43,-74.65,1.09,39.19,0,51,-105.22,56,-111.63,50,-113.83,62,-118.99,44,-119.07,63,-119.20
55,6820.50,7269.41,2.00,3,57,0.04,NLOS,122.67,-0.88,-101.57,-73.79,0.06,39.19,0,51,-103.73,50,-107.21,44,-114.69,56,-115.78,43,-119.35,64,-122.29
56,6820.50,7258.52,2.00,3,57,0.04,NLOS,122.57,-0.88,-101.47,-73.69,0.24,39.19,0,51,-104.01,50,-106.95,44,-114.68,56,-115.62,43,-119.27,64,-122.33
57,6820.50,7247.63,2.00,3,57,0.04,NLOS,122.49,-0.88,-101.39,-73.61,0.41,39.19,0,51,-104.30,50,-106.70,44,-114.66,56,-115.46,43,-119.18,64,-122.38
58,6820.50,7236.75,2.00,3,51,0.04,NLOS,124.17,0.34,-104.29,-76.51,1.05,39.19,1,57,-108.39,44,-110.41,63,-112.20,56,-113.21,43,-116.96,50,-118.95
59,6820.50,7225.86,2.00,3,51,0.04,NLOS,124.45,0.34,-104.57,-76.79,0.71,39.19,0,57,-108.32,44,-110.40,63,-112.14,56,-113.05,43,-116.87,50,-118.69
60,6820.50,7214.98,2.00,3,51,0.04,NLOS,124.74,0.34,-104.86,-77.08,0.38,39.19,0,57,-108.27,44,-110.39,63,-112.09,56,-112.88,43,-116.79,50,-118.43
61,6820.50,7204.09,2.00,3,51,0.04,NLOS,125.02,-9.29,-95.51,-67.73,4.37,39.19,0,50,-101.14,57,-108.54,43,-110.52,56,-118.78,44,-119.59,69,-119.83
62,6820.50,7193.21,2.00,3,51,0.04,NLOS,125.30,-9.29,-95.79,-68.01,3.87,39.19,0,50,-100.87,57,-108.51,43,-110.43,56,-118.61,44,-119.58,69,-119.79
63,6820.50,7182.32,2.00,3,51,0.03,NLOS,125.58,-9.29,-96.07,-68.29,3.38,39.19,0,50,-100.60,57,-108.49,43,-110.35,56,-118.45,44,-119.58,69,-119.75
64,6820.50,7171.44,2.00,3,57,0.04,NLOS,122.18,-14.70,-87.26,-59.48,11.30,39.19,1,50,-100.82,51,-103.87,63,-109.88,43,-115.69,64,-117.51,44,-117.69
65,6820.50,7160.55,2.00,3,57,0.04,NLOS,122.18,-14.70,-87.26,-59.48,11.21,39.19,0,50,-100.54,51,-104.14,63,-109.83,43,-115.61,64,-117.56,44,-117.69
66,6820.50,7149.66,2.00,3,57,0.04,NLOS,122.19,-14.70,-87.27,-59.49,11.09,39.19,0,50,-100.26,51,-104.42,63,-109.78,43,-115.52,64,-117.61,44,-117.69
67,6820.50,7138.78,2.00,3,57,0.04,NLOS,122.21,2.21,-104.20,-76.42,-1.20,39.19,0,51,-105.19,50,-110.31,44,-113.53,63,-114.96,62,-116.14,56,-116.70
68,6820.50,7127.89,2.00,3,57,0.04,NLOS,122.24,2.21,-104.23,-76.45,-1.14,39.19,0,51,-105.46,50,-110.03,44,-113.54,63,-114.91,62,-116.06,56,-116.53
69,6820.50,7124.99,2.00,1,57,0.04,NLOS,122.25,2.21,-104.24,-76.46,-1.13,39.19,0,51,-105.53,50,-109.95,44,-113.54,63,-114.90,62,-116.04,56,-116.48
70,6820.50,7135.88,2.00,1,57,0.04,NLOS,122.22,2.21,-104.21,-76.43,-1.19,39.19,0,51,-105.26,50,-110.23,44,-113.53,63,-114.94,62,-116.12,56,-116.66
71,6820.50,7146.76,2.00,1,57,0.04,NLOS,122.20,-12.91,-89.07,-61.29,9.04,39.19,0,51,-98.86,50,-108.66,56,-111.80,43,-116.30,64,-116.91,63,-120.09
72,6820.50,7157.65,2.00,1,57,0.04,NLOS,122.18,-12.91,-89.06,-61.28,8.85,39.19,0,51,-98.59,50,-108.94,56,-111.97,43,-116.38,64,-116.86,63,-120.14
73,6820.50,7168.53,2.00,1,57,0.04,NLOS,122.18,-12.91,-89.06,-61.27,8.64,39.19,0,51,-98.31,50,-109.21,56,-112.14,43,-116.46,64,-116.81,63,-120.19
74,6820.50,7179.42,2.00,1,57,0.04,NLOS,122.19,3.89,-105.86,-78.08,-4.01,39.19,0,51,-103.93,50,-109.25,43,-109.92,56,-113.40,63,-113.61,55,-114.79
75,6820.50,7190.31,2.00,1,57,0.04,NLOS,122.21,3.89,-105.88,-78.10,-4.15,39.19,0,51,-103.65,50,-109.53,43,-110.00,56,-113.57,63,-113.66,55,-114.89
76,6820.50,7201.19,2.00,1,57,0.04,NLOS,122.24,3.89,-105.91,-78.13,-4.30,39.19,0,51,-103.37,50,-109.79,43,-110.09,63,-113.71,56,-113.73,55,-114.98
77,6820.50,7212.08,2.00,1,57,0.04,NLOS,122.28,0.02,-102.08,-74.30,-2.72,39.19,0,56,-101.92,50,-103.87,51,-110.51,70,-114.54,55,-119.47,38,-120.10
78,6820.50,7222.96,2.00,1,57,0.04,NLOS,122.33,0.02,-102.14,-74.35,-2.61,39.19,0,56,-102.09,50,-104.14,51,-110.22,70,-114.54,55,-119.57,38,-120.08
79,6820.50,7233.85,2.00,1,57,0.04,NLOS,122.40,0.02,-102.20,-74.42,-2.52,39.19,0,56,-102.25,50,-104.40,51,-109.94,70,-114.55,55,-119.66,38,-120.06
80,6820.50,7244.73,2.00,1,50,0.03,NLOS,127.97,-4.69,-103.06,-75.28,3.40,39.19,1,57,-109.24,64,-110.67,56,-113.69,44,-115.03,43,-118.52,51,-119.09
81,6820.50,7255.62,2.00,1,50,0.03,NLOS,128.23,-4.69,-103.32,-75.54,3.20,39.19,0,57,-109.32,64,-110.63,56,-113.85,44,-115.04,43,-118.60,51,-118.80
82,6820.50,7266.51,2.00,1,50,0.03,NLOS,128.49,-4.69,-103.58,-75.79,3.01,39.19,0,57,-109.41,64,-110.59,56,-114.01,44,-115.05,51,-118.52,43,-118.69
83,6820.50,7277.39,2.00,1,51,0.04,NLOS,123.10,-7.53,-95.35,-67.57,4.11,39.19,1,57,-100.00,64,-112.81,44,-115.27,43,-115.69,50,-117.47,55,-118.02
84,6820.50,7288.28,2.00,1,51,0.04,NLOS,122.81,-7.53,-95.06,-67.28,4.50,39.19,0,57,-100.11,64,-112.77,44,-115.29,43,-115.78,50,-117.72,55,-118.12
85,6820.50,7299.16,2.00,1,51,0.04,NLOS,122.52,-7.53,-94.77,-66.99,4.89,39.19,0,57,-100.23,64,-112.73,44,-115.31,43,-115.86,50,-117.97,55,-118.21
86,6820.50,7310.05,2.00,1,44,0.02,NLOS,137.81,-10.59,-107.01,-79.23,-1.70,39.19,1,50,-107.03,51,-110.72,64,-114.36,57,-115.54,49,-116.26,56,-117.53
87,6820.50,7320.93,2.00,1,44,0.02,NLOS,137.84,-10.59,-107.03,-79.25,-1.64,39.19,0,50,-107.27,51,-110.44,64,-114.33,57,-115.67,49,-116.38,56,-117.69
88,6831.32,7321.00,2.00,0,44,0.02,NLOS,138.01,-10.59,-107.20,-79.42,-1.62,39.19,0,50,-107.41,51,-110.76,64,-114.18,57,-115.29,49,-116.41,56,-117.62
89,6842.20,7321.00,2.00,0,57,0.04,NLOS,122.46,4.63,-106.86,-79.08,-2.68,39.19,1,51,-106.91,64,-110.31,50,-111.96,56,-120.23,49,-120.55,43,-123.77
90,6853.09,7321.00,2.00,0,57,0.04,NLOS,122.06,4.63,-106.47,-78.69,-2.13,39.19,0,51,-107.23,64,-110.16,50,-112.09,56,-120.17,49,-120.58,43,-123.86
91,6863.98,7321.00,2.00,0,57,0.04,NLOS,121.65,4.63,-106.06,-78.28,-1.58,39.19,0,51,-107.55,64,-110.01,50,-112.23,56,-120.11,49,-120.61,43,-123.95
92,6874.86,7321.00,2.00,0,57,0.05,NLOS,121.24,-0.56,-100.46,-72.68,-2.16,39.19,0,50,-100.27,64,-107.53,44,-107.89,51,-108.62,56,-112.62,43,-117.92
93,6885.75,7321.00,2.00,0,57,0.05,NLOS,120.82,-0.56,-100.03,-72.25,-1.62,39.19,0,50,-100.42,64,-107.38,44,-108.05,51,-108.94,56,-112.56,43,-118.01
94,6896.63,7321.00,2.00,0,57,0.05,NLOS,120.39,-0.56,-99.60,-71.82,-1.08,39.19,0,50,-100.56,64,-107.22,44,-108.21,51,-109.25,56,-112.50,43,-118.10
95,6907.52,7321.00,2.00,0,51,0.04,NLOS,124.51,-4.91,-99.38,-71.60,6.31,39.19,1,57,-107.89,50,-112.88,36,-116.17,56,-117.37,44,-117.51,38,-117.78
96,6918.40,7321.00,2.00,0,51,0.04,NLOS,124.82,-4.91,-99.69,-71.90,5.77,39.19,0,57,-107.44,50,-113.02,36,-116.23,56,-117.32,44,-117.67,38,-117.88
97,6929.29,7321.00,2.00,0,51,0.04,NLOS,125.12,-4.91,-99.99,-72.21,5.20,39.19,0,57,-106.98,50,-113.17,36,-116.29,56,-117.26,44,-117.82,38,-117.97
98,6940.18,7321.00,2.00,0,57,0.06,NLOS,118.57,3.95,-102.29,-74.51,-1.99,39.19,1,56,-104.81,50,-105.07,51,-106.00,63,-116.71,69,-118.95,43,-119.65
99,6951.06,7321.00,2.00,0,57,0.06,NLOS,118.09,3.95,-101.82,-74.03,-1.40,39.19,0,56,-104.76,50,-105.22,51,-106.30,63,-116.58,69,-118.87,43,-119.74
100,6961.95,7321.00,2.00,0,57,0.06,NLOS,117.60,3.95,-101.33,-73.55,-0.81,39.19,0,56,-104.71,50,-105.38,51,-106.59,63,-116.44,69,-118.79,43,-119.83
101,6972.83,7321.00,2.00,0,57,0.06,NLOS,117.10,-5.88,-91.00,-63.22,14.37,39.19,0,50,-108.92,51,-112.21,63,-114.19,49,-115.19,64,-115.24,44,-118.14
102,6983.72,7321.00,2.00,0,57,0.07,NLOS,116.59,-5.88,-90.49,-62.71,14.97,39.19,0,50,-109.07,51,-112.50,63,-114.05,64,-115.07,49,-115.23,44,-118.29
103,6994.60,7321.00,2.00,0,57,0.07,NLOS,116.07,-5.88,-89.97,-62.19,15.58,39.19,0,50,-109.23,51,-112.79,63,-113.92,64,-114.90,49,-115.26,44,-118.44
104,7005.49,7321.00,2.00,0,57,0.07,NLOS,115.54,-1.17,-94.16,-66.38,6.45,39.19,0,51,-103.16,50,-106.75,64,-112.98,44,-113.19,56,-114.23,63,-114.64
105,7016.37,7321.00,2.00,0,57,0.07,NLOS,115.01,-1.17,-93.62,-65.84,7.17,39.19,0,51,-103.44,50,-106.90,64,-112.81,44,-113.33,56,-114.19,63,-114.50
106,7020.50,7314.24,2.00,3,57,0.08,NLOS,114.57,-1.17,-93.18,-65.40,7.69,39.19,0,51,-103.64,50,-106.85,64,-112.77,44,-113.37,56,-114.07,63,-114.40
107,7020.50,7303.35,2.00,3,57,0.08,NLOS,114.21,-6.89,-87.11,-59.32,11.67,39.19,0,50,-99.45,51,-109.60,63,-112.35,49,-113.81,69,-116.80,62,-119.08
108,7020.50,7292.47,2.00,3,57,0.08,NLOS,113.86,-6.89,-86.76,-58.98,11.88,39.19,0,50,-99.28,51,-109.76,63,-112.27,49,-113.70,69,-116.75,62,-119.00
109,7020.50,7281.58,2.00,3,57,0.09,NLOS,113.53,-6.89,-86.43,-58.65,12.06,39.19,0,50,-99.10,51,-109.91,63,-112.19,49,-113.58,69,-116.71,62,-118.91
110,7020.50,7270.70,2.00,3,57,0.09,NLOS,113.22,8.08,-101.08,-73.30,4.37,39.19,0,63,-111.04,64,-111.55,50,-113.66,51,-114.05,62,-115.29,56,-115.70
111,7020.50,7259.81,2.00,3,57,0.09,NLOS,112.93,8.08,-100.79,-73.01,4.63,39.19,0,63,-110.97,64,-111.60,50,-113.49,51,-114.21,62,-115.20,56,-115.52
112,7020.50,7248.93,2.00,3,57,0.09,NLOS,112.66,8.08,-100.52,-72.74,4.87,39.19,0,63,-110.89,64,-111.66,50,-113.31,51,-114.38,62,-115.11,56,-115.34
113,7020.50,7238.04,2.00,3,57,0.09,NLOS,112.41,8.91,-101.11,-73.33,1.69,39.19,0,64,-105.13,50,-108.47,56,-115.41,51,-117.17,63,-117.57,49,-118.00
114,7020.50,7227.16,2.00,3,57,0.10,NLOS,112.20,8.91,-100.89,-73.11,1.88,39.19,0,64,-105.19,50,-108.29,56,-115.23,51,-117.34,63,-117.49,49,-117.89
115,7020.50,7216.27,2.00,3,57,0.10,NLOS,112.01,8.91,-100.71,-72.93,2.05,39.19,0,64,-105.25,50,-108.11,56,-115.04,63,-117.42,51,-117.50,49,-117.77
116,7020.50,7205.38,2.00,3,57,0.10,NLOS,111.86,0.65,-92.29,-64.51,7.77,39.19,0,50,-101.87,64,-108.95,51,-111.33,44,-111.36,49,-112.12,56,-113.64
117,7020.50,7194.50,2.00,3,57,0.10,NLOS,111.74,0.65,-92.17,-64.39,7.79,39.19,0,50,-101.69,64,-109.02,44,-111.36,51,-111.50,49,-112.00,56,-113.45
118,7020.50,7183.61,2.00,3,57,0.10,NLOS,111.66,0.65,-92.09,-64.31,7.76,39.19,0,50,-101.52,64,-109.09,44,-111.35,51,-111.67,49,-111.88,56,-113.25
119,7020.50,7172.73,2.00,3,57,0.10,NLOS,111.61,-4.23,-87.16,-59.38,15.12,39.19,0,50,-105.55,56,-107.81,70,-111.46,64,-111.81,51,-113.30,63,-117.85
120,7020.50,7161.84,2.00,3,57,0.10,NLOS,111.61,-4.23,-87.16,-59.37,15.00,39.19,0,50,-105.37,56,-107.61,70,-111.46,64,-111.88,51,-113.48,63,-117.78
121,7020.50,7150.96,2.00,3,57,0.10,NLOS,111.64,-4.23,-87.19,-59.40,14.85,39.19,0,50,-105.20,56,-107.41,70,-111.46,64,-111.95,51,-113.65,63,-117.71
122,7020.50,7140.07,2.00,3,57,0.10,NLOS,111.70,-4.07,-87.42,-59.64,9.90,39.19,0,51,-99.29,56,-103.46,50,-109.25,49,-110.75,63,-113.55,64,-114.08
123,7020.50,7129.18,2.00,3,57,0.10,NLOS,111.81,-4.07,-87.52,-59.74,9.84,39.19,0,51,-99.47,56,-103.26,50,-109.08,49,-110.62,63,-113.49,64,-114.15
124,7020.50,7123.70,2.00,1,57,0.10,NLOS,111.87,-4.07,-87.59,-59.81,9.80,39.19,0,51,-99.56,56,-103.15,50,-108.99,49,-110.56,63,-113.45,64,-114.19
125,7020.50,7134.59,2.00,1,57,0.10,NLOS,111.75,-3.12,-88.41,-60.63,14.45,39.19,0,51,-103.86,50,-114.16,64,-115.02,63,-116.81,43,-116.91,42,-120.34
126,7020.50,7145.47,2.00,1,57,0.10,NLOS,111.67,-3.12,-88.32,-60.54,14.41,39.19,0,51,-103.68,50,-114.33,64,-114.95,63,-116.88,43,-116.98,42,-120.41
127,7020.50,7156.36,2.00,1,57,0.10,NLOS,111.62,-3.12,-88.27,-60.49,14.33,39.19,0,51,-103.51,50,-114.51,64,-114.88,63,-116.94,43,-117.04,44,-120.42
128,7020.50,7167.24,2.00,1,57,0.10,NLOS,111.61,6.84,-98.23,-70.45,-0.44,39.19,0,56,-98.84,64,-107.12,51,-110.19,50,-113.02,38,-117.32,49,-117.67
129,7020.50,7178.13,2.00,1,57,0.10,NLOS,111.63,6.84,-98.26,-70.48,-0.32,39.19,0,56,-99.04,64,-107.05,51,-110.02,50,-113.19,38,-117.30,49,-117.79
130,7020.50,7189.01,2.00,1,57,0.10,NLOS,111.70,6.84,-98.32,-70.54,-0.25,39.19,0,56,-99.23,64,-106.98,51,-109.84,50,-113.37,38,-117.29,49,-117.92
131,7020.50,7199.90,2.00,1,57,0.10,NLOS,111.80,-10.89,-80.69,-52.90,23.37,39.19,0,51,-107.27,63,-111.59,50,-112.68,56,-112.72,44,-117.64,49,-118.48
132,7020.50,7210.79,2.00,1,57,0.10,NLOS,111.93,-10.89,-80.82,-53.04,23.21,39.19,0,51,-107.10,63,-111.66,50,-112.86,56,-112.91,44,-117.65,49,-118.60
133,7020.50,7221.67,2.00,1,57,0.10,NLOS,112.10,-10.89,-80.99,-53.21,23.02,39.19,0,51,-106.93,63,-111.74,50,-113.04,56,-113.10,44,-117.65,49,-118.72
134,7020.50,7232.56,2.00,1,57,0.10,NLOS,112.30,8.08,-100.16,-72.38,-0.93,39.19,0,50,-99.77,63,-111.46,55,-113.44,64,-114.48,49,-115.32,51,-116.68
135,7020.50,7243.44,2.00,1,57,0.09,NLOS,112.53,8.08,-100.39,-72.61,-1.01,39.19,0,50,-99.94,63,-111.53,55,-113.54,64,-114.42,49,-115.43,51,-116.52
136,7020.50,7254.33,2.00,1,57,0.09,NLOS,112.79,8.08,-100.65,-72.87,-1.11,39.19,0,50,-100.12,63,-111.61,55,-113.64,64,-114.36,49,-115.55,51,-116.35
137,7020.50,7265.21,2.00,1,57,0.09,NLOS,113.07,7.73,-100.59,-72.80,1.79,39.19,0,51,-103.98,64,-112.12,44,-113.28,49,-113.29,50,-114.80,63,-115.09
138,7020.50,7276.10,2.00,1,57,0.09,NLOS,113.37,7.73,-100.89,-73.11,1.38,39.19,0,51,-103.82,64,-112.06,44,-113.29,49,-113.40,50,-114.98,63,-115.17
139,7020.50,7286.99,2.00,1,57,0.08,NLOS,113.70,7.73,-101.21,-73.43,0.96,39.19,0,51,-103.66,64,-112.01,44,-113.30,49,-113.52,50,-115.16,63,-115.25
140,7020.50,7297.87,2.00,1,57,0.08,NLOS,114.03,-2.69,-91.12,-63.34,15.62,39.19,0,51,-108.56,64,-116.34,44,-116.48,56,-119.68,55,-120.07,70,-120.26
141,7020.50,7308.76,2.00,1,57,0.08,NLOS,114.39,-2.69,-91.48,-63.69,15.17,39.19,0,51,-108.40,64,-116.29,44,-116.50,56,-119.85,55,-120.17,70,-120.27
142,7020.50,7319.64,2.00,1,57,0.08,NLOS,114.75,-2.69,-91.84,-64.06,14.72,39.19,0,51,-108.25,64,-116.24,44,-116.52,56,-120.02,55,-120.27,70,-120.28
143,7010.97,7321.00,2.00,2,57,0.07,NLOS,115.27,1.14,-96.19,-68.41,9.35,39.19,0,64,-108.94,51,-111.11,49,-112.26,50,-114.34,56,-117.17,62,-117.84
144,7000.09,7321.00,2.00,2,57,0.07,NLOS,115.81,1.14,-96.73,-68.95,8.79,39.19,0,64,-109.12,51,-110.83,49,-112.22,50,-114.18,56,-117.21,62,-117.90
145,6989.20,7321.00,2.00,2,57,0.07,NLOS,116.33,1.14,-97.25,-69.47,8.23,39.19,0,64,-109.29,51,-110.55,49,-112.18,50,-114.03,56,-117.25,62,-117.96
146,6978.32,7321.00,2.00,2,57,0.06,NLOS,116.85,-4.42,-92.21,-64.43,2.90,39.19,0,51,-97.13,50,-100.49,64,-108.75,63,-110.60,56,-118.34,38,-119.13
147,6967.43,7321.00,2.00,2,57,0.06,NLOS,117.35,-4.42,-92.71,-64.93,2.18,39.19,0,51,-96.84,50,-100.34,64,-108.91,63,-110.74,56,-118.38,38,-119.03
148,6956.54,7321.00,2.00,2,57,0.06,NLOS,117.84,-4.42,-93.21,-65.43,1.46,39.19,0,51,-96.55,50,-100.18,64,-109.08,63,-110.87,56,-118.43,38,-118.94
149,6945.66,7321.00,2.00,2,57,0.06,NLOS,118.33,3.53,-101.64,-73.86,1.73,39.19,0,63,-107.90,51,-109.48,44,-110.62,50,-113.68,56,-115.24,70,-115.69
150,6934.77,7321.00,2.00,2,57,0.05,NLOS,118.80,3.53,-102.12,-74.33,1.20,39.19,0,63,-108.04,51,-109.18,44,-110.47,50,-113.53,56,-115.29,70,-115.79
151,6923.89,7321.00,2.00,2,57,0.05,NLOS,119.26,3.53,-102.58,-74.80,0.66,39.19,0,63,-108.17,51,-108.87,44,-110.31,50,-113.38,56,-115.35,70,-115.89
152,6913.00,7321.00,2.00,2,51,0.04,NLOS,124.66,-4.30,-100.14,-72.36,1.18,39.19,1,50,-103.29,57,-106.51,44,-114.49,63,-119.92,68,-122.82,30,-123.25
153,6902.12,7321.00,2.00,2,51,0.04,NLOS,124.35,-4.30,-99.83,-72.05,1.52,39.19,0,50,-103.15,57,-106.95,44,-114.33,63,-120.05,68,-122.87,30,-123.19
154,6891.23,7321.00,2.00,2,51,0.04,NLOS,124.04,-4.30,-99.52,-71.74,1.84,39.19,0,50,-103.00,57,-107.39,44,-114.18,63,-120.18,68,-122.92,30,-123.13
155,6880.35,7321.00,2.00,2,51,0.04,NLOS,123.73,-18.00,-85.51,-57.73,15.27,39.19,0,57,-101.25,64,-113.39,70,-116.33,50,-116.43,56,-116.90,62,-119.39
156,6869.46,7321.00,2.00,2,51,0.04,NLOS,123.41,-18.00,-85.19,-57.41,15.96,39.19,0,57,-101.67,64,-113.54,50,-116.29,70,-116.42,56,-116.96,62,-119.46
157,6858.57,7321.00,2.00,2,51,0.04,NLOS,123.09,-18.00,-84.87,-57.09,16.65,39.19,0,57,-102.08,64,-113.70,50,-116.15,70,-116.52,56,-117.02,62,-119.52
158,6847.69,7321.00,2.00,2,51,0.04,NLOS,122.77,-0.57,-101.97,-74.19,-0.50,39.19,0,57,-102.13,50,-112.56,56,-113.63,64,-117.25,44,-118.75,55,-118.99
159,6836.80,7321.00,2.00,2,51,0.04,NLOS,122.44,-0.57,-101.65,-73.87,0.15,39.19,0,57,-102.53,50,-112.42,56,-113.69,64,-117.40,44,-118.58,55,-119.01
160,6825.92,7321.00,2.00,2,51,0.04,NLOS,122.11,-0.57,-101.32,-73.54,0.79,39.19,0,57,-102.91,50,-112.29,56,-113.75,64,-117.55,44,-118.41,55,-119.03
161,6825.97,7321.00,2.00,0,51,0.04,NLOS,122.11,-0.57,-101.32,-73.54,0.79,39.19,0,57,-102.91,50,-112.29,56,-113.75,64,-117.55,44,-118.42,55,-119.03
162,6836.85,7321.00,2.00,0,50,0.03,NLOS,129.93,-9.89,-99.82,-72.03,0.22,39.19,1,56,-102.18,57,-107.14,51,-108.83,43,-115.47,64,-116.21,44,-116.78
163,6847.74,7321.00,2.00,0,50,0.03,NLOS,130.06,-9.89,-99.95,-72.17,0.01,39.19,0,56,-102.12,57,-106.74,51,-109.16,43,-115.56,64,-116.06,44,-116.94
164,6858.63,7321.00,2.00,0,50,0.03,NLOS,130.20,-9.89,-100.09,-72.31,-0.21,39.19,0,56,-102.06,57,-106.34,51,-109.48,43,-115.65,64,-115.91,44,-117.11
165,6869.51,7321.00,2.00,0,57,0.05,NLOS,121.44,-0.34,-100.89,-73.11,2.46,39.19,1,51,-104.12,70,-111.27,44,-113.61,49,-115.99,50,-119.13,64,-120.50
166,6880.40,7321.00,2.00,0,57,0.05,NLOS,121.03,-0.34,-100.47,-72.69,3.16,39.19,0,51,-104.44,70,-111.18,44,-113.78,49,-116.02,50,-119.27,64,-120.34
167,6891.28,7321.00,2.00,0,57,0.05,NLOS,120.60,-0.34,-100.04,-72.26,3.86,39.19,0,51,-104.76,70,-111.08,44,-113.93,49,-116.05,50,-119.42,64,-120.19
168,6902.17,7321.00,2.00,0,51,0.04,NLOS,124.36,-8.35,-95.79,-68.01,3.82,39.19,1,57,-101.03,64,-105.78,56,-113.25,63,-114.14,50,-118.04,44,-118.42
169,6913.05,7321.00,2.00,0,51,0.04,NLOS,124.67,-8.35,-96.10,-68.32,3.15,39.19,0,57,-100.58,64,-105.62,56,-113.20,63,-114.01,50,-118.19,44,-118.58
170,6923.94,7321.00,2.00,0,51,0.04,NLOS,124.97,-8.35,-96.40,-68.62,2.48,39.19,0,57,-100.13,64,-105.46,56,-113.14,63,-113.88,50,-118.34,44,-118.73
171,6934.82,7321.00,2.00,0,57,0.05,NLOS,118.80,-7.46,-91.12,-63.34,10.31,39.19,1,51,-101.72,50,-116.83,56,-118.29,48,-121.17,44,-124.05,38,-125.31
172,6945.71,7321.00,2.00,0,57,0.06,NLOS,118.32,-7.46,-90.64,-62.86,11.06,39.19,0,51,-102.02,50,-116.98,56,-118.24,48,-121.18,44,-124.20,38,-125.40
173,6956.60,7321.00,2.00,0,57,0.06,NLOS,117.84,-7.46,-90.16,-62.38,11.83,39.19,0,51,-102.32,50,-117.13,56,-118.20,48,-121.20,44,-124.35,38,-125.49
174,6967.48,7321.00,2.00,0,57,0.06,NLOS,117.35,1.77,-98.90,-71.11,0.71,39.19,0,51,-101.87,50,-106.03,56,-108.02,63,-116.02,37,-120.84,38,-121.00
175,6978.37,7321.00,2.00,0,57,0.06,NLOS,116.84,1.77,-98.39,-70.61,1.41,39.19,0,51,-102.16,50,-106.18,56,-107.97,63,-115.88,37,-120.93,38,-121.09
176,6989.25,7321.00,2.00,0,57,0.07,NLOS,116.33,1.77,-97.88,-70.10,2.11,39.19,0,51,-102.45,50,-106.34,56,-107.93,63,-115.74,37,-121.01,38,-121.18
177,7000.14,7321.00,2.00,0,57,0.07,NLOS,115.81,-6.49,-89.10,-61.32,7.08,39.19,0,51,-96.92,50,-104.94,44,-114.13,69,-115.55,37,-122.61,64,-122.78
178,7011.02,7321.00,2.00,0,57,0.07,NLOS,115.27,-6.49,-88.57,-60.78,7.87,39.19,0,51,-97.20,50,-105.09,44,-114.27,69,-115.47,64,-122.61,37,-122.69
179,7019.09,7321.00,2.00,2,57,0.08,NLOS,114.87,-6.49,-88.16,-60.38,8.46,39.19,0,51,-97.41,50,-105.21,44,-114.38,69,-115.41,64,-122.48,37,-122.75
180,7008.21,7321.00,2.00,2,57,0.07,NLOS,115.41,6.48,-101.68,-73.89,-0.83,39.19,0,51,-103.88,44,-107.83,63,-109.46,50,-109.80,31,-115.53,56,-116.28
181,6997.32,7321.00,2.00,2,57,0.07,NLOS,115.94,6.48,-102.21,-74.43,-1.54,39.19,0,51,-103.59,44,-107.68,63,-109.60,50,-109.64,31,-115.46,56,-116.32
182,6986.43,7321.00,2.00,2,57,0.07,NLOS,116.46,6.48,-102.73,-74.95,-2.23,39.19,0,51,-103.31,44,-107.54,50,-109.49,63,-109.73,31,-115.40,56,-116.36
183,6975.55,7321.00,2.00,2,57,0.06,NLOS,116.97,-1.51,-95.25,-67.47,8.91,39.19,0,51,-108.87,63,-108.92,50,-111.56,64,-113.22,38,-121.37,55,-121.58
184,6964.66,7321.00,2.00,2,57,0.06,NLOS,117.48,-1.51,-95.75,-67.97,8.34,39.19,0,51,-108.58,63,-109.06,50,-111.41,64,-113.39,38,-121.28,55,-121.59
185,6953.78,7321.00,2.00,2,57,0.06,NLOS,117.97,-1.51,-96.24,-68.46,7.77,39.19,0,51,-108.28,63,-109.19,50,-111.25,64,-113.55,38,-121.19,55,-121.61
186,6942.89,7321.00,2.00,2,57,0.06,NLOS,118.45,-10.20,-88.03,-60.25,16.03,39.19,0,51,-107.51,50,-110.82,64,-111.11,44,-114.51,56,-118.93,62,-119.59
187,6932.01,7321.00,2.00,2,57,0.05,NLOS,118.92,-10.20,-88.50,-60.72,15.41,39.19,0,51,-107.21,50,-110.67,64,-111.28,44,-114.36,56,-118.98,62,-119.65
188,6921.12,7321.00,2.00,2,57,0.05,NLOS,119.38,-10.20,-88.96,-61.18,14.78,39.19,0,51,-106.91,50,-110.52,64,-111.44,44,-114.21,56,-119.03,62,-119.71
189,6910.23,7321.00,2.00,2,57,0.05,NLOS,119.83,-1.21,-98.41,-70.63,-0.24,39.19,0,51,-99.06,43,-105.68,50,-107.86,44,-113.16,63,-114.85,56,-115.52
190,6899.35,7321.00,2.00,2,57,0.05,NLOS,120.28,-1.21,-98.85,-71.07,-0.95,39.19,0,51,-98.75,43,-105.59,50,-107.71,44,-113.00,63,-114.98,56,-115.58
191,6888.46,7321.00,2.00,2,57,0.05,NLOS,120.71,-1.21,-99.29,-71.50,-1.66,39.19,0,51,-98.43,43,-105.50,50,-107.57,44,-112.84,63,-115.11,56,-115.63
192,6877.58,7321.00,2.00,2,57,0.05,NLOS,121.13,2.60,-103.52,-75.74,-0.07,39.19,0,56,-108.44,50,-108.75,51,-108.90,44,-115.01,49,-117.68,43,-119.80
193,6866.69,7321.00,2.00,2,57,0.04,NLOS,121.55,2.60,-103.93,-76.15,-0.61,39.19,0,56,-108.50,51,-108.58,50,-108.61,44,-114.85,49,-117.65,43,-119.71
194,6855.81,7321.00,2.00,2,57,0.04,NLOS,121.96,2.60,-104.34,-76.56,-1.15,39.19,0,51,-108.26,50,-108.47,56,-108.56,44,-114.69,49,-117.62,43,-119.62
195,6844.92,7321.00,2.00,2,51,0.04,NLOS,122.68,-12.86,-89.61,-61.83,13.31,39.19,1,57,-103.80,50,-113.83,44,-115.47,38,-118.79,70,-122.19,24,-122.96
196,6834.04,7321.00,2.00,2,51,0.04,NLOS,122.36,-12.86,-89.28,-61.50,13.93,39.19,0,57,-104.19,50,-113.70,44,-115.30,38,-118.69,70,-122.28,24,-122.90
197,6823.15,7321.00,2.00,2,51,0.04,NLOS,122.03,-12.86,-88.95,-61.17,14.53,39.19,0,57,-104.58,50,-113.57,44,-115.14,38,-118.60,70,-122.38,24,-122.85
198,6828.74,7321.00,2.00,0,51,0.04,NLOS,122.20,4.48,-106.46,-78.68,-4.23,39.19,0,57,-103.69,50,-111.80,44,-112.77,64,-114.87,43,-118.89,63,-121.72
199,6839.62,7321.00,2.00,0,57,0.04,NLOS,122.55,0.97,-103.30,-75.52,0.96,39.19,1,51,-106.79,50,-111.93,44,-112.93,64,-114.72,43,-118.98,63,-121.59
200,6850.51,7321.00,2.00,0,57,0.04,NLOS,122.16,0.97,-102.91,-75.12,1.57,39.19,0,51,-107.11,50,-112.07,44,-113.10,64,-114.56,43,-119.07,63,-121.46
201,6861.39,7321.00,2.00,0,57,0.04,NLOS,121.75,-3.00,-98.53,-70.75,4.93,39.19,0,51,-106.64,50,-107.20,63,-117.63,56,-119.44,55,-120.20,70,-122.11
202,6872.28,7321.00,2.00,0,57,0.05,NLOS,121.34,-3.00,-98.12,-70.33,5.55,39.19,0,51,-106.96,50,-107.34,63,-117.50,56,-119.38,55,-120.18,70,-122.01
203,6883.16,7321.00,2.00,0,57,0.05,NLOS,120.92,-3.00,-97.70,-69.91,6.17,39.19,0,51,-107.28,50,-107.48,63,-117.37,56,-119.32,55,-120.16,70,-121.91
204,6894.05,7321.00,2.00,0,57,0.05,NLOS,120.49,4.31,-104.58,-76.79,2.05,39.19,0,44,-108.61,50,-114.14,70,-114.97,64,-118.53,56,-118.88,51,-121.14
205,6904.94,7321.00,2.00,0,57,0.05,NLOS,120.05,4.31,-104.14,-76.36,2.61,39.19,0,44,-108.77,50,-114.29,70,-114.87,64,-118.37,56,-118.83,51,-121.45
206,6915.82,7321.00,2.00,0,57,0.05,NLOS,119.60,4.31,-103.69,-75.91,3.18,39.19,0,44,-108.93,50,-114.44,70,-114.77,64,-118.21,56,-118.77,51,-121.76
207,6926.71,7321.00,2.00,0,57,0.05,NLOS,119.15,-4.24,-94.69,-66.90,6.63,39.19,0,51,-104.20,64,-106.09,56,-110.54,37,-114.85,49,-120.42,44,-121.22
208,6937.59,7321.00,2.00,0,57,0.06,NLOS,118.68,-4.24,-94.22,-66.44,7.19,39.19,0,51,-104.50,64,-105.93,56,-110.49,37,-114.94,49,-120.45,44,-121.38
209,6948.48,7321.00,2.00,0,57,0.06,NLOS,118.20,-4.24,-93.74,-65.96,7.75,39.19,0,51,-104.80,64,-105.76,56,-110.44,37,-115.02,49,-120.49,44,-121.53
210,6959.36,7321.00,2.00,0,57,0.06,NLOS,117.72,14.85,-112.34,-84.56,-6.01,39.19,0,63,-112.12,64,-112.45,51,-112.46,44,-115.48,50,-117.12,42,-121.05
211,6970.25,7321.00,2.00,0,57,0.06,NLOS,117.22,14.85,-111.85,-84.07,-5.49,39.19,0,63,-111.98,64,-112.28,51,-112.75,44,-115.63,50,-117.27,42,-121.09
212,6981.13,7321.00,2.00,0,57,0.06,NLOS,116.71,14.85,-111.34,-83.56,-4.97,39.19,0,63,-111.85,64,-112.12,51,-113.04,44,-115.78,50,-117.43,42,-121.14
213,6992.02,7321.00,2.00,0,57,0.07,NLOS,116.20,-7.75,-88.23,-60.45,17.85,39.19,0,51,-108.48,56,-112.56,49,-113.42,37,-115.03,50,-115.14,62,-119.86
214,7002.91,7321.00,2.00,0,57,0.07,NLOS,115.67,-7.75,-87.70,-59.92,18.54,39.19,0,51,-108.77,56,-112.52,49,-113.46,37,-115.11,50,-115.29,62,-119.80
215,7013.79,7321.00,2.00,0,57,0.07,NLOS,115.13,-7.75,-87.17,-59.38,19.24,39.19,0,51,-109.05,56,-112.48,49,-113.50,37,-115.20,50,-115.45,62,-119.74
216,7020.50,7316.82,2.00,3,57,0.08,NLOS,114.66,4.25,-98.69,-70.91,4.70,39.19,0,50,-105.45,51,-109.57,49,-114.79,63,-116.14,43,-117.19,56,-117.35
217,7020.50,7305.94,2.00,3,57,0.08,NLOS,114.30,4.25,-98.32,-70.54,4.98,39.19,0,50,-105.28,51,-109.72,49,-114.68,63,-116.06,43,-117.12,56,-117.18
218,7020.50,7295.05,2.00,3,57,0.08,NLOS,113.95,4.25,-97.97,-70.19,5.24,39.19,0,50,-105.10,51,-109.88,49,-114.56,63,-115.98,56,-117.00,43,-117.05
219,7020.50,7284.17,2.00,3,57,0.08,NLOS,113.61,-6.42,-86.97,-59.19,19.36,39.19,0,51,-107.84,56,-113.79,62,-116.04,63,-119.24,43,-119.82,30,-121.78
220,7020.50,7273.28,2.00,3,57,0.09,NLOS,113.29,-6.42,-86.66,-58.87,19.75,39.19,0,51,-107.99,56,-113.61,62,-115.95,63,-119.16,43,-119.75,30,-121.76
221,7020.50,7262.40,2.00,3,57,0.09,NLOS,113.00,-6.42,-86.36,-58.58,20.11,39.19,0,51,-108.15,56,-113.43,62,-115.86,63,-119.09,43,-119.68,30,-121.74
222,7020.50,7251.51,2.00,3,57,0.09,NLOS,112.72,-3.15,-89.35,-61.57,15.55,39.19,0,50,-107.64,51,-111.04,64,-113.51,43,-115.07,56,-118.25,63,-121.22
223,7020.50,7240.62,2.00,3,57,0.09,NLOS,112.47,-3.15,-89.10,-61.32,15.74,39.19,0,50,-107.46,51,-111.21,64,-113.57,43,-115.00,56,-118.07,63,-121.14
224,7020.50,7229.74,2.00,3,57,0.10,NLOS,112.25,-3.15,-88.88,-61.10,15.90,39.19,0,50,-107.28,51,-111.37,64,-113.63,43,-114.93,56,-117.88,63,-121.06
225,7020.50,7218.85,2.00,3,57,0.10,NLOS,112.05,-1.46,-90.38,-62.60,8.67,39.19,0,51,-101.19,50,-103.52,56,-117.12,37,-119.88,64,-120.92,63,-121.58
226,7020.50,7207.97,2.00,3,57,0.10,NLOS,111.89,-1.46,-90.22,-62.44,8.87,39.19,0,51,-101.36,50,-103.35,56,-116.93,37,-119.86,64,-120.98,63,-121.51
227,7020.50,7197.08,2.00,3,57,0.10,NLOS,111.77,-1.46,-90.09,-62.31,9.02,39.19,0,51,-101.53,50,-103.17,56,-116.74,37,-119.84,64,-121.05,63,-121.43
228,7020.50,7186.20,2.00,3,57,0.10,NLOS,111.68,0.33,-91.79,-64.01,8.38,39.19,0,51,-100.80,56,-110.71,69,-114.65,50,-114.96,62,-116.33,42,-121.83
229,7020.50,7175.31,2.00,3,57,0.10,NLOS,111.62,0.33,-91.74,-63.95,8.56,39.19,0,51,-100.98,56,-110.51,69,-114.60,50,-114.78,62,-116.24,42,-121.76
230,7020.50,7164.42,2.00,3,57,0.10,NLOS,111.60,0.33,-91.72,-63.94,8.70,39.19,0,51,-101.15,56,-110.31,69,-114.56,50,-114.61,62,-116.15,42,-121.69
231,7020.50,7153.54,2.00,3,57,0.10,NLOS,111.63,1.35,-92.76,-64.98,1.06,39.19,0,51,-94.35,56,-106.15,50,-108.35,44,-112.95,49,-114.47,64,-115.25
232,7020.50,7142.65,2.00,3,57,0.10,NLOS,111.68,1.35,-92.82,-65.04,1.14,39.19,0,51,-94.53,56,-105.95,50,-108.18,44,-112.95,49,-114.35,64,-115.32
233,7020.50,7131.77,2.00,3,57,0.10,NLOS,111.78,1.35,-92.91,-65.13,1.18,39.19,0,51,-94.70,56,-105.75,50,-108.00,44,-112.95,49,-114.22,64,-115.39
234,7020.62,7121.00,2.00,0,57,0.10,NLOS,111.90,-4.72,-86.96,-59.18,14.32,39.19,0,63,-102.21,56,-112.06,50,-112.21,49,-116.20,69,-116.47,38,-119.75
235,7031.50,7121.00,2.00,0,57,0.11,NLOS,111.11,-4.72,-86.18,-58.39,14.99,39.19,0,63,-102.05,56,-112.01,50,-112.43,49,-116.25,69,-116.38,38,-119.84
236,7042.39,7121.00,2.00,0,57,0.12,NLOS,110.29,-4.72,-85.35,-57.57,15.69,39.19,0,63,-101.88,56,-111.95,50,-112.66,69,-116.29,49,-116.30,38,-119.92
237,7053.27,7121.00,2.00,0,57,0.13,NLOS,109.43,9.20,-98.41,-70.63,2.69,39.19,0,56,-102.99,51,-110.94,50,-110.96,64,-112.26,63,-115.35,44,-117.26
238,7064.16,7121.00,2.00,0,57,0.14,NLOS,108.52,9.20,-97.50,-69.72,3.59,39.19,0,56,-102.94,51,-111.13,50,-111.19,64,-112.10,63,-115.18,44,-117.40
239,7075.05,7121.00,2.00,0,57,0.15,NLOS,107.57,9.20,-96.55,-68.77,4.54,39.19,0,56,-102.89,51,-111.32,50,-111.41,64,-111.94,63,-115.01,44,-117.54
240,7085.93,7121.00,2.00,0,57,0.17,NLOS,106.57,-3.56,-82.79,-55.00,21.83,39.19,0,51,-108.09,56,-110.22,50,-112.71,63,-117.77,64,-118.18,61,-120.31
241,7096.82,7121.00,2.00,0,57,0.18,NLOS,105.51,-3.56,-81.72,-53.94,22.98,39.19,0,51,-108.28,56,-110.18,50,-112.93,63,-117.59,64,-118.02,61,-120.28
242,7107.70,7121.00,2.00,0,57,0.20,NLOS,104.38,-3.56,-80.60,-52.82,24.20,39.19,0,51,-108.47,56,-110.14,50,-113.15,63,-117.42,64,-117.86,61,-120.25
243,7118.59,7121.00,2.00,0,57,0.23,NLOS,103.19,4.16,-87.13,-59.35,14.33,39.19,0,50,-102.12,63,-112.18,56,-115.48,62,-120.25,68,-121.33,69,-122.90
244,7129.47,7121.00,2.00,0,57,0.25,NLOS,101.92,4.16,-85.86,-58.08,15.77,39.19,0,50,-102.33,63,-112.00,56,-115.44,62,-120.19,68,-121.28,69,-122.81
245,7140.36,7121.00,2.00,0,57,0.28,NLOS,100.57,4.16,-84.51,-56.73,17.28,39.19,0,50,-102.54,63,-111.83,56,-115.41,62,-120.12,68,-121.22,69,-122.72
246,7151.24,7121.00,2.00,0,57,0.32,NLOS,99.12,8.14,-87.05,-59.27,12.14,39.19,0,63,-102.99,51,-104.69,50,-105.43,56,-112.45,49,-119.52,64,-120.93
247,7162.13,7121.00,2.00,0,57,0.35,NLOS,97.58,8.14,-85.51,-57.73,13.70,39.19,0,63,-102.81,51,-104.88,50,-105.64,56,-112.43,49,-119.58,64,-120.76
248,7173.02,7121.00,2.00,0,57,0.40,NLOS,95.94,8.14,-83.86,-56.08,15.36,39.19,0,63,-102.63,51,-105.06,50,-105.84,56,-112.41,49,-119.65,64,-120.59
249,7183.90,7121.00,2.00,0,57,0.45,NLOS,94.20,1.71,-75.69,-47.91,31.41,39.19,0,64,-111.31,51,-113.62,50,-116.11,63,-116.18,56,-118.25,44,-120.57
250,7194.79,7121.00,2.00,0,57,0.50,NLOS,92.38,1.71,-73.87,-46.09,33.21,39.19,0,64,-111.14,51,-113.81,63,-115.99,50,-116.31,56,-118.24,44,-120.69
251,7205.67,7121.00,2.00,0,57,0.55,NLOS,90.52,1.71,-72.01,-44.23,35.04,39.19,0,64,-110.97,51,-113.99,63,-115.80,50,-116.52,56,-118.22,44,-120.82
252,7216.56,7121.00,2.00,0,57,0.61,NLOS,88.72,2.63,-71.13,-43.35,31.31,39.19,0,56,-106.33,63,-108.57,64,-109.25,50,-113.68,48,-115.47,44,-116.43
253,7220.50,7114.06,2.00,3,57,0.58,NLOS,89.65,2.63,-72.06,-44.27,30.30,39.19,0,56,-106.18,63,-108.44,64,-109.26,50,-113.69,48,-115.43,44,-116.47
254,7220.50,7103.17,2.00,3,57,0.51,NLOS,91.92,2.63,-74.33,-46.55,27.93,39.19,0,56,-105.95,63,-108.35,64,-109.36,50,-113.58,48,-115.35,44,-116.48
255,7220.50,7092.28,2.00,3,57,0.45,NLOS,94.02,5.39,-79.19,-51.41,23.55,39.19,0,63,-106.71,43,-107.00,51,-108.29,56,-111.17,50,-111.89,70,-112.57
256,7220.50,7081.40,2.00,3,57,0.40,NLOS,95.94,5.39,-81.11,-53.33,21.58,39.19,0,63,-106.62,43,-106.94,51,-108.41,56,-110.94,50,-111.79,70,-112.57
257,7220.50,7070.51,2.00,3,57,0.35,NLOS,97.70,5.39,-82.88,-55.09,19.77,39.19,0,63,-106.53,43,-106.89,51,-108.54,56,-110.70,50,-111.69,70,-112.58
258,7220.50,7059.63,2.00,3,57,0.31,NLOS,99.33,1.15,-80.25,-52.47,23.79,39.19,0,50,-110.32,64,-112.01,56,-112.01,51,-112.22,44,-112.44,62,-112.63
259,7220.50,7048.74,2.00,3,57,0.28,NLOS,100.82,1.15,-81.75,-53.97,22.26,39.19,0,50,-110.23,56,-111.77,64,-112.12,51,-112.34,44,-112.45,62,-112.52
260,7220.50,7037.86,2.00,3,57,0.25,NLOS,102.21,1.15,-83.14,-55.36,20.83,39.19,0,50,-110.14,56,-111.52,64,-112.23,62,-112.42,44,-112.46,51,-112.47
261,7220.50,7026.97,2.00,3,57,0.22,NLOS,103.50,0.33,-83.61,-55.83,16.65,39.19,0,64,-101.16,51,-108.87,70,-112.65,62,-114.73,50,-116.73,43,-118.23
262,7220.50,7016.09,2.00,3,57,0.20,NLOS,104.71,0.33,-84.81,-57.03,15.55,39.19,0,64,-101.27,51,-108.99,70,-112.66,62,-114.62,50,-116.64,43,-118.18
263,7220.50,7005.20,2.00,3,57,0.18,NLOS,105.84,0.33,-85.94,-58.16,14.52,39.19,0,64,-101.38,51,-109.12,70,-112.67,62,-114.51,50,-116.55,43,-118.13
264,7220.50,6994.31,2.00,3,57,0.16,NLOS,106.90,1.27,-87.95,-60.17,10.36,39.19,0,50,-100.20,63,-106.96,44,-109.14,56,-109.40,51,-112.15,54,-116.11
265,7220.50,6983.43,2.00,3,57,0.15,NLOS,107.90,1.27,-88.96,-61.18,9.28,39.19,0,50,-100.12,63,-106.89,56,-109.13,44,-109.15,51,-112.28,54,-116.03
266,7220.50,6972.54,2.00,3,57,0.13,NLOS,108.85,1.27,-89.91,-62.13,8.26,39.19,0,50,-100.04,63,-106.83,56,-108.86,44,-109.17,51,-112.40,54,-115.96
267,7220.50,6961.66,2.00,3,57,0.12,NLOS,109.75,-2.21,-87.32,-59.54,20.21,39.19,0,64,-110.59,50,-114.04,62,-117.10,63,-118.04,51,-118.48,56,-118.93
268,7220.50,6950.77,2.00,3,57,0.11,NLOS,110.61,-2.21,-88.18,-60.40,19.38,39.19,0,64,-110.70,50,-113.97,62,-116.99,63,-117.97,51,-118.60,56,-118.65
269,7220.50,6939.89,2.00,3,57,0.10,NLOS,111.43,-2.21,-89.00,-61.22,18.58,39.19,0,64,-110.82,50,-113.90,62,-116.87,63,-117.91,56,-118.36,51,-118.73
270,7220.50,6929.00,2.00,3,57,0.10,NLOS,112.21,0.26,-92.25,-64.47,13.64,39.19,0,51,-108.77,50,-111.42,70,-117.95,56,-118.42,62,-118.75,63,-119.33
271,7217.61,6921.00,2.00,2,57,0.09,NLOS,112.79,0.26,-92.83,-65.05,13.05,39.19,0,51,-108.82,50,-111.31,70,-118.00,56,-118.21,62,-118.69,63,-119.35
272,7206.73,6921.00,2.00,2,57,0.09,NLOS,112.90,0.26,-92.95,-65.16,12.81,39.19,0,51,-108.69,50,-111.06,70,-118.11,56,-118.22,62,-118.77,63,-119.57
273,7195.84,6921.00,2.00,2,57,0.09,NLOS,113.04,-8.11,-84.72,-56.94,21.05,39.19,0,56,-108.54,63,-111.90,51,-113.28,37,-116.77,54,-117.02,62,-117.94
274,7184.96,6921.00,2.00,2,57,0.09,NLOS,113.22,-8.11,-84.89,-57.11,20.91,39.19,0,56,-108.57,63,-112.11,51,-113.14,37,-116.68,54,-117.02,62,-118.02
275,7174.07,6921.00,2.00,2,57,0.09,NLOS,113.42,-8.11,-85.09,-57.31,20.75,39.19,0,56,-108.60,63,-112.33,51,-113.00,37,-116.60,54,-117.02,62,-118.11
276,7163.19,6921.00,2.00,2,57,0.08,NLOS,113.64,0.19,-93.61,-65.83,12.33,39.19,0,50,-108.83,63,-113.15,56,-113.19,51,-116.88,43,-120.29,48,-121.21
277,7152.30,6921.00,2.00,2,57,0.08,NLOS,113.89,0.19,-93.86,-66.08,11.98,39.19,0,50,-108.57,56,-113.23,63,-113.36,51,-116.75,43,-120.18,48,-121.18
278,7141.42,6921.00,2.00,2,57,0.08,NLOS,114.16,0.19,-94.13,-66.35,11.60,39.19,0,50,-108.31,56,-113.28,63,-113.56,51,-116.61,43,-120.07,48,-121.15
279,7130.53,6921.00,2.00,2,57,0.08,NLOS,114.45,6.23,-100.46,-72.67,4.89,39.19,0,64,-108.55,56,-112.05,63,-114.66,51,-115.59,41,-115.68,49,-116.43
280,7119.64,6921.00,2.00,2,57,0.08,NLOS,114.75,6.23,-100.76,-72.98,4.65,39.19,0,64,-108.68,56,-112.11,63,-114.86,51,-115.45,41,-115.65,49,-116.36
281,7108.76,6921.00,2.00,2,57,0.07,NLOS,115.07,6.23,-101.08,-73.30,4.40,39.19,0,64,-108.81,56,-112.17,63,-115.06,51,-115.32,41,-115.61,49,-116.28
282,7097.87,6921.00,2.00,2,57,0.07,NLOS,115.40,5.48,-100.67,-72.88,6.56,39.19,0,56,-108.53,61,-116.56,51,-117.77,50,-118.77,43,-119.33,49,-120.89
283,7086.99,6921.00,2.00,2,57,0.07,NLOS,115.75,5.48,-101.01,-73.23,6.23,39.19,0,56,-108.61,61,-116.60,51,-117.64,50,-118.49,43,-119.22,49,-120.82
284,7076.10,6921.00,2.00,2,57,0.07,NLOS,116.10,5.48,-101.36,-73.58,5.90,39.19,0,56,-108.68,61,-116.63,51,-117.50,50,-118.20,43,-119.11,44,-120.69
285,7065.22,6921.00,2.00,2,57,0.07,NLOS,116.46,2.58,-98.82,-71.04,10.47,39.19,0,56,-113.93,64,-114.49,43,-118.54,55,-118.71,50,-119.66,44,-119.77
286,7054.33,6921.00,2.00,2,57,0.06,NLOS,116.82,2.58,-99.18,-71.40,10.14,39.19,0,56,-114.01,64,-114.62,43,-118.43,55,-118.73,50,-119.36,44,-119.63
287,7043.45,6921.00,2.00,2,57,0.06,NLOS,117.19,2.58,-99.55,-71.77,9.80,39.19,0,56,-114.10,64,-114.74,43,-118.31,55,-118.74,50,-119.06,44,-119.49
288,7032.56,6921.00,2.00,2,57,0.06,NLOS,117.56,1.30,-98.64,-70.86,8.14,39.19,0,50,-109.57,63,-113.47,49,-113.71,56,-114.61,54,-114.78,42,-117.72
289,7021.67,6921.00,2.00,2,57,0.06,NLOS,117.94,1.30,-99.02,-71.24,7.64,39.19,0,50,-109.26,49,-113.64,63,-113.65,56,-114.70,54,-114.79,42,-117.66
290,7020.50,6911.29,2.00,3,57,0.06,NLOS,118.34,1.30,-99.41,-71.63,7.14,39.19,0,50,-109.13,49,-113.51,63,-113.64,56,-114.48,54,-114.72,42,-117.59
291,7020.50,6900.40,2.00,3,57,0.06,NLOS,118.73,-9.36,-89.16,-61.37,20.96,39.19,0,56,-114.98,55,-115.51,50,-115.64,61,-116.40,63,-117.71,51,-119.18
292,7020.50,6889.52,2.00,3,57,0.05,NLOS,119.13,-9.36,-89.55,-61.77,20.46,39.19,0,56,-114.71,55,-115.39,50,-115.54,61,-116.32,63,-117.68,49,-119.23
293,7020.50,6878.63,2.00,3,57,0.05,NLOS,119.52,-9.36,-89.94,-62.16,19.96,39.19,0,56,-114.44,55,-115.26,50,-115.45,61,-116.24,63,-117.65,49,-119.08
294,7020.50,6867.75,2.00,3,50,0.03,NLOS,125.99,-9.32,-96.45,-68.67,4.44,39.19,1,57,-102.60,51,-108.85,56,-109.14,62,-114.92,63,-116.81,64,-117.12
295,7020.50,6856.86,2.00,3,50,0.03,NLOS,125.91,-9.32,-96.37,-68.59,4.76,39.19,0,57,-102.98,56,-108.86,51,-109.01,62,-114.83,63,-116.78,64,-117.21
296,7020.50,6845.97,2.00,3,50,0.03,NLOS,125.83,-9.32,-96.29,-68.51,5.06,39.19,0,57,-103.37,56,-108.57,51,-109.18,62,-114.73,63,-116.76,64,-117.30
297,7020.50,6835.09,2.00,3,50,0.03,NLOS,125.76,-13.48,-92.06,-64.28,8.21,39.19,0,56,-103.34,57,-104.26,49,-114.54,64,-115.42,43,-115.83,44,-116.33
298,7020.50,6824.20,2.00,3,50,0.03,NLOS,125.70,-13.48,-92.00,-64.21,8.26,39.19,0,56,-103.05,57,-104.64,49,-114.39,64,-115.51,43,-115.78,44,-116.37
299,7020.50,6813.32,2.00,3,50,0.03,NLOS,125.64,-13.48,-91.94,-64.16,8.28,39.19,0,56,-102.75,57,-105.01,49,-114.24,64,-115.60,43,-115.73,44,-116.41
300,7020.50,6802.43,2.00,3,50,0.03,NLOS,125.59,0.08,-105.45,-77.67,-4.01,39.19,0,56,-103.12,63,-108.09,51,-108.56,44,-115.26,57,-115.28,42,-116.33
301,7020.50,6791.55,2.00,3,50,0.03,NLOS,125.54,0.08,-105.41,-77.63,-4.14,39.19,0,56,-102.82,63,-108.08,51,-108.72,44,-115.30,57,-115.64,42,-116.26
302,7020.50,6780.66,2.00,3,50,0.03,NLOS,125.51,0.08,-105.37,-77.59,-4.28,39.19,0,56,-102.51,63,-108.07,51,-108.88,44,-115.34,57,-115.99,42,-116.19
303,7020.50,6769.78,2.00,3,50,0.03,NLOS,125.48,-6.52,-98.74,-70.95,-2.14,39.19,0,56,-98.80,57,-101.06,63,-109.25,44,-113.00,55,-114.85,49,-117.29
304,7020.50,6758.89,2.00,3,50,0.03,NLOS,125.46,-6.52,-98.71,-70.93,-2.20,39.19,0,56,-98.48,57,-101.40,63,-109.24,44,-113.04,55,-114.72,49,-117.13
305,7020.50,6748.00,2.00,3,50,0.03,NLOS,125.44,-6.52,-98.70,-70.92,-2.29,39.19,0,56,-98.16,57,-101.75,63,-109.24,44,-113.09,55,-114.58,49,-116.98
306,7020.50,6737.12,2.00,3,57,0.04,NLOS,124.26,-9.56,-94.48,-66.70,3.81,39.19,1,56,-98.61,63,-112.25,43,-116.12,51,-117.48,49,-117.93,50,-118.25
307,7020.50,6726.23,2.00,3,57,0.04,NLOS,124.59,-9.56,-94.81,-67.03,3.17,39.19,0,56,-98.28,63,-112.25,43,-116.08,51,-117.63,49,-117.78,50,-118.25
308,7020.50,6726.65,2.00,1,57,0.04,NLOS,124.58,-9.56,-94.80,-67.02,3.19,39.19,0,56,-98.29,63,-112.25,43,-116.08,51,-117.63,49,-117.78,50,-118.25
309,7020.50,6737.54,2.00,1,57,0.04,NLOS,124.25,-9.56,-94.47,-66.68,3.83,39.19,0,56,-98.63,63,-112.25,43,-116.12,51,-117.47,49,-117.94,50,-118.25
310,7020.50,6748.42,2.00,1,57,0.04,NLOS,123.91,0.71,-104.40,-76.62,-0.16,39.19,0,55,-107.12,49,-107.61,50,-108.76,51,-110.48,56,-110.72,63,-112.64
311,7020.50,6759.31,2.00,1,57,0.04,NLOS,123.57,0.71,-104.06,-76.28,0.22,39.19,0,55,-107.26,49,-107.77,50,-108.78,51,-110.32,56,-111.05,63,-112.64
312,7020.50,6770.20,2.00,1,57,0.04,NLOS,123.22,0.71,-103.71,-75.93,0.59,39.19,0,55,-107.40,49,-107.92,50,-108.80,51,-110.16,56,-111.37,63,-112.65
313,7020.50,6781.08,2.00,1,50,0.03,NLOS,125.51,-10.85,-94.44,-66.66,6.25,39.19,1,57,-102.91,56,-108.15,49,-108.86,44,-115.68,51,-116.71,63,-117.64
314,7020.50,6791.97,2.00,1,50,0.03,NLOS,125.55,-10.85,-94.48,-66.70,6.06,39.19,0,57,-102.56,56,-108.46,49,-109.01,44,-115.64,51,-116.55,63,-117.65
315,7020.50,6802.85,2.00,1,50,0.03,NLOS,125.59,-10.85,-94.52,-66.74,5.85,39.19,0,57,-102.20,56,-108.77,49,-109.16,44,-115.60,51,-116.39,63,-117.66
316,7020.50,6813.74,2.00,1,50,0.03,NLOS,125.64,-5.09,-100.33,-72.55,-3.75,39.19,0,57,-97.79,51,-104.63,56,-108.15,63,-111.86,49,-116.21,48,-119.51
317,7020.50,6824.62,2.00,1,50,0.03,NLOS,125.70,-5.09,-100.39,-72.60,-4.09,39.19,0,57,-97.42,51,-104.46,56,-108.45,63,-111.88,49,-116.36,48,-119.61
318,7020.50,6835.51,2.00,1,57,0.05,NLOS,121.04,-3.78,-97.05,-69.27,1.23,39.19,1,50,-100.45,51,-104.30,56,-108.74,63,-111.90,49,-116.51,48,-119.70
319,7020.50,6846.39,2.00,1,50,0.03,NLOS,125.83,-7.91,-97.71,-69.93,5.19,39.19,1,57,-106.65,56,-106.99,51,-111.30,55,-117.16,70,-119.06,49,-119.50
320,7020.50,6857.28,2.00,1,50,0.03,NLOS,125.91,-7.91,-97.79,-70.00,5.03,39.19,0,57,-106.26,56,-107.27,51,-111.14,55,-117.29,70,-119.04,49,-119.64
321,7020.50,6868.17,2.00,1,50,0.03,NLOS,126.00,-7.91,-97.87,-70.09,4.84,39.19,0,57,-105.88,56,-107.55,51,-110.97,55,-117.41,70,-119.03,49,-119.79
322,7020.50,6879.05,2.00,1,57,0.05,NLOS,119.51,-7.13,-92.16,-64.37,11.34,39.19,1,63,-105.68,50,-111.30,51,-113.42,44,-115.23,48,-119.13,49,-119.46
323,7020.50,6889.94,2.00,1,57,0.05,NLOS,119.11,-7.13,-91.76,-63.98,11.75,39.19,0,63,-105.71,50,-111.39,51,-113.25,44,-115.20,48,-119.22,64,-119.56
324,7020.50,6900.82,2.00,1,57,0.06,NLOS,118.72,-7.13,-91.37,-63.59,12.17,39.19,0,63,-105.74,50,-111.49,51,-113.08,44,-115.17,48,-119.31,64,-119.47
325,7020.50,6911.71,2.00,1,57,0.06,NLOS,118.32,-5.07,-93.03,-65.25,5.83,39.19,0,50,-100.29,56,-105.17,51,-116.40,63,-116.76,49,-116.87,55,-117.71
326,7018.91,6921.00,2.00,2,57,0.06,NLOS,118.04,-5.07,-92.74,-64.96,6.20,39.19,0,50,-100.34,56,-105.40,51,-116.24,63,-116.82,49,-116.98,55,-117.82
327,7008.02,6921.00,2.00,2,57,0.06,NLOS,118.41,-5.07,-93.12,-65.34,5.61,39.19,0,50,-100.02,56,-105.50,51,-116.11,49,-116.91,63,-117.00,55,-117.84
328,6997.14,6921.00,2.00,2,50,0.03,NLOS,125.80,-9.63,-95.95,-68.17,4.80,39.19,1,57,-102.19,49,-108.80,63,-109.96,44,-113.26,56,-113.52,64,-114.30
329,6986.25,6921.00,2.00,2,50,0.03,NLOS,125.47,-9.63,-95.62,-67.84,5.38,39.19,0,57,-102.57,49,-108.74,63,-110.14,44,-113.11,56,-113.63,64,-114.42
330,6975.36,6921.00,2.00,2,50,0.04,NLOS,125.14,-9.63,-95.29,-67.51,5.96,39.19,0,57,-102.94,49,-108.67,63,-110.31,44,-112.97,56,-113.74,64,-114.55
331,6964.48,6921.00,2.00,2,57,0.05,NLOS,119.91,2.32,-102.01,-74.23,-0.89,39.19,1,56,-102.75,50,-108.39,49,-110.43,51,-113.42,63,-114.94,43,-115.72
332,6953.59,6921.00,2.00,2,57,0.05,NLOS,120.28,2.32,-102.38,-74.60,-1.25,39.19,0,56,-102.86,50,-108.05,49,-110.37,51,-113.30,63,-115.11,43,-115.60
333,6942.71,6921.00,2.00,2,57,0.05,NLOS,120.65,2.32,-102.75,-74.97,-1.62,39.19,0,56,-102.98,50,-107.70,49,-110.31,51,-113.17,63,-115.28,43,-115.47
334,6931.82,6921.00,2.00,2,50,0.04,NLOS,123.76,0.09,-103.63,-75.85,2.09,39.19,1,56,-109.11,57,-110.65,49,-114.13,63,-117.92,43,-120.94,37,-123.25
335,6920.94,6921.00,2.00,2,50,0.04,NLOS,123.39,0.09,-103.27,-75.49,2.60,39.19,0,56,-109.23,57,-111.01,49,-114.07,63,-118.08,43,-120.82,37,-123.16
336,6910.05,6921.00,2.00,2,50,0.04,NLOS,123.03,0.09,-102.90,-75.12,3.12,39.19,0,56,-109.35,57,-111.37,49,-114.01,63,-118.25,43,-120.69,37,-123.06
337,6899.16,6921.00,2.00,2,50,0.04,NLOS,122.65,3.93,-106.37,-78.59,-3.65,39.19,0,56,-105.72,57,-109.49,43,-111.88,51,-111.91,38,-115.77,49,-118.82
338,6888.28,6921.00,2.00,2,50,0.04,NLOS,122.27,3.93,-105.99,-78.21,-3.16,39.19,0,56,-105.85,57,-109.84,43,-111.76,51,-111.79,38,-115.68,49,-118.76
339,6877.39,6921.00,2.00,2,50,0.04,NLOS,121.89,3.93,-105.60,-77.82,-2.68,39.19,0,56,-105.98,57,-110.19,43,-111.63,51,-111.68,38,-115.60,49,-118.71
340,6866.51,6921.00,2.00,2,51,0.02,NLOS,132.07,-9.64,-102.21,-74.43,2.25,39.19,1,50,-105.51,56,-108.33,57,-113.13,63,-116.08,43,-119.15,44,-120.77
341,6855.62,6921.00,2.00,2,51,0.02,NLOS,131.96,-9.64,-102.09,-74.31,2.08,39.19,0,50,-105.11,56,-108.47,57,-113.47,63,-116.24,43,-119.02,44,-120.62
342,6844.74,6921.00,2.00,2,51,0.02,NLOS,131.85,-9.64,-101.98,-74.20,1.89,39.19,0,50,-104.70,56,-108.60,57,-113.80,63,-116.39,43,-118.90,44,-120.46
343,6833.85,6921.00,2.00,2,50,0.05,NLOS,120.27,3.06,-103.12,-75.33,3.00,39.19,1,44,-110.02,57,-110.35,43,-115.34,51,-118.68,69,-120.00,37,-120.19
344,6822.97,6921.00,2.00,2,50,0.05,NLOS,119.85,3.06,-102.69,-74.91,3.45,39.19,0,44,-109.86,57,-110.68,43,-115.21,51,-118.57,69,-120.09,37,-120.09
345,6812.08,6921.00,2.00,2,50,0.05,NLOS,119.42,3.06,-102.27,-74.48,3.90,39.19,0,44,-109.70,57,-111.00,43,-115.08,51,-118.47,37,-119.99,69,-120.18
346,6801.19,6921.00,2.00,2,57,0.04,NLOS,125.12,-6.45,-98.45,-70.67,4.70,39.19,1,51,-105.05,56,-111.91,63,-112.23,50,-114.30,61,-115.70,36,-120.56
347,6790.31,6921.00,2.00,2,57,0.03,NLOS,125.43,-6.45,-98.77,-70.98,4.32,39.19,0,51,-104.95,56,-112.05,63,-112.38,50,-113.86,61,-115.75,36,-120.48
348,6779.42,6921.00,2.00,2,57,0.03,NLOS,125.74,-6.45,-99.08,-71.29,3.94,39.19,0,51,-104.85,56,-112.19,63,-112.53,50,-113.41,61,-115.79,36,-120.41
349,6768.54,6921.00,2.00,2,43,0.02,NLOS,139.50,-18.00,-101.29,-73.50,1.31,39.19,1,50,-103.06,57,-107.82,56,-109.88,49,-114.79,63,-115.54,51,-115.77
350,6757.65,6921.00,2.00,2,43,0.02,NLOS,139.37,-18.00,-101.15,-73.37,1.02,39.19,0,50,-102.60,57,-108.12,56,-110.02,49,-114.75,51,-115.68,63,-115.68
351,6746.77,6921.00,2.00,2,43,0.02,NLOS,139.24,-18.00,-101.02,-73.24,0.72,39.19,0,50,-102.13,57,-108.42,56,-110.17,49,-114.71,51,-115.59,63,-115.83
352,6735.88,6921.00,2.00,2,50,0.07,NLOS,116.24,0.03,-96.06,-68.27,2.70,39.19,1,57,-100.34,51,-106.50,49,-111.21,43,-112.72,44,-115.06,62,-117.39
353,6725.00,6921.00,2.00,2,50,0.07,NLOS,115.76,0.03,-95.58,-67.80,3.35,39.19,0,57,-100.63,51,-106.42,49,-111.18,43,-112.59,44,-114.88,62,-117.47
354,6714.11,6921.00,2.00,2,50,0.07,NLOS,115.28,0.03,-95.10,-67.32,4.00,39.19,0,57,-100.92,51,-106.34,49,-111.14,43,-112.45,44,-114.70,62,-117.56
355,6703.22,6921.00,2.00,2,50,0.08,NLOS,114.80,-8.04,-86.54,-58.76,11.59,39.19,0,57,-99.97,51,-105.03,44,-108.14,56,-114.75,43,-116.41,37,-118.43
356,6692.34,6921.00,2.00,2,50,0.08,NLOS,114.32,-8.04,-86.06,-58.28,12.22,39.19,0,57,-100.25,51,-104.96,44,-107.96,56,-114.90,43,-116.28,37,-118.32
357,6681.45,6921.00,2.00,2,50,0.08,NLOS,113.83,-8.04,-85.57,-57.79,12.84,39.19,0,57,-100.53,51,-104.89,44,-107.77,56,-115.05,43,-116.14,37,-118.21
358,6670.57,6921.00,2.00,2,50,0.09,NLOS,113.35,5.68,-98.81,-71.02,3.47,39.19,0,57,-106.19,44,-106.72,43,-113.28,56,-113.33,51,-115.05,70,-117.50
359,6659.68,6921.00,2.00,2,50,0.09,NLOS,112.87,5.68,-98.32,-70.54,3.98,39.19,0,57,-106.45,44,-106.53,43,-113.14,56,-113.48,51,-114.99,70,-117.59
360,6648.80,6921.00,2.00,2,50,0.10,NLOS,112.39,5.68,-97.85,-70.07,4.47,39.19,0,44,-106.34,57,-106.72,43,-113.00,56,-113.63,51,-114.93,70,-117.68
361,6637.91,6921.00,2.00,2,50,0.10,NLOS,111.93,-2.55,-89.16,-61.38,12.87,39.19,0,57,-103.18,43,-111.24,49,-115.31,56,-116.55,64,-117.19,51,-120.23
362,6627.02,6921.00,2.00,2,50,0.10,NLOS,111.47,-2.55,-88.71,-60.92,13.51,39.19,0,57,-103.44,43,-111.11,49,-115.29,56,-116.70,64,-117.30,51,-120.17
363,6620.50,6916.64,2.00,3,50,0.11,NLOS,110.93,-2.55,-88.16,-60.38,14.18,39.19,0,57,-103.63,43,-110.98,49,-115.20,56,-116.73,64,-117.39,51,-120.25
364,6620.50,6905.75,2.00,3,50,0.12,NLOS,110.23,-3.78,-86.23,-58.44,8.75,39.19,0,56,-97.87,57,-100.48,51,-102.45,44,-112.20,64,-112.78,63,-117.14
365,6620.50,6894.87,2.00,3,50,0.13,NLOS,109.51,-3.78,-85.51,-57.73,9.47,39.19,0,56,-97.72,57,-100.59,51,-102.71,44,-112.26,64,-112.83,63,-117.12
366,6620.50,6883.98,2.00,3,50,0.13,NLOS,108.78,-3.78,-84.78,-57.00,10.19,39.19,0,56,-97.57,57,-100.70,51,-102.96,44,-112.32,64,-112.89,63,-117.11
367,6620.50,6873.10,2.00,3,50,0.14,NLOS,108.04,-2.71,-85.11,-57.33,12.77,39.19,0,56,-98.60,44,-108.07,51,-112.67,57,-115.81,63,-116.14,64,-118.67
368,6620.50,6862.21,2.00,3,50,0.16,NLOS,107.29,-2.71,-84.36,-56.58,13.41,39.19,0,56,-98.46,44,-108.13,51,-112.92,57,-115.92,63,-116.13,64,-118.72
369,6620.50,6851.33,2.00,3,50,0.17,NLOS,106.54,-2.71,-83.61,-55.83,14.06,39.19,0,56,-98.31,44,-108.20,51,-113.16,57,-116.04,63,-116.11,64,-118.78
370,6620.50,6840.44,2.00,3,50,0.18,NLOS,105.79,-2.96,-82.61,-54.83,18.73,39.19,0,57,-105.23,56,-105.80,49,-108.46,48,-114.84,64,-116.16,51,-117.71
371,6620.50,6829.55,2.00,3,50,0.19,NLOS,105.04,-2.96,-81.87,-54.09,19.44,39.19,0,57,-105.35,56,-105.66,49,-108.27,48,-114.74,64,-116.22,51,-117.95
372,6620.50,6818.67,2.00,3,50,0.20,NLOS,104.32,-2.96,-81.15,-53.37,20.12,39.19,0,57,-105.47,56,-105.51,49,-108.08,48,-114.64,64,-116.28,51,-118.18
373,6620.50,6807.78,2.00,3,50,0.22,NLOS,103.63,9.95,-93.36,-65.58,4.22,39.19,0,57,-98.34,44,-109.18,51,-112.62,49,-112.76,56,-114.74,62,-118.12
374,6620.50,6796.90,2.00,3,50,0.23,NLOS,102.98,9.95,-92.71,-64.93,4.97,39.19,0,57,-98.47,44,-109.26,49,-112.57,51,-112.85,56,-114.60,62,-118.06
375,6620.50,6786.01,2.00,3,50,0.24,NLOS,102.39,9.95,-92.12,-64.34,5.67,39.19,0,57,-98.60,44,-109.33,49,-112.37,51,-113.07,56,-114.46,62,-117.99
376,6620.50,6775.13,2.00,3,50,0.25,NLOS,101.88,2.90,-84.56,-56.78,20.02,39.19,0,43,-105.76,63,-111.92,51,-113.21,42,-117.04,44,-117.77,37,-119.37
377,6620.50,6764.24,2.00,3,50,0.26,NLOS,101.45,2.90,-84.14,-56.36,20.40,39.19,0,43,-105.67,63,-111.91,51,-113.43,42,-116.95,44,-117.85,37,-119.37
378,6620.50,6753.35,2.00,3,50,0.27,NLOS,101.14,2.90,-83.82,-56.04,20.67,39.19,0,43,-105.58,63,-111.91,51,-113.65,42,-116.85,44,-117.93,37,-119.37
379,6620.50,6742.47,2.00,3,50,0.27,NLOS,100.95,12.45,-93.18,-65.40,15.01,39.19,0,49,-113.94,44,-114.11,57,-114.47,37,-115.79,63,-118.77,31,-118.83
380,6620.50,6731.58,2.00,3,50,0.27,NLOS,100.89,12.45,-93.12,-65.34,15.06,39.19,0,49,-113.74,44,-114.20,57,-114.61,37,-115.79,56,-118.73,63,-118.77
381,6620.80,6721.00,2.00,0,50,0.27,NLOS,101.00,12.45,-93.23,-65.45,14.94,39.19,0,49,-113.53,44,-114.29,57,-114.74,37,-115.79,56,-118.59,63,-118.77
382,6631.69,6721.00,2.00,0,50,0.24,NLOS,102.41,-1.76,-80.43,-52.65,21.58,39.19,0,49,-104.95,56,-107.80,36,-111.24,51,-111.78,55,-114.02,57,-114.67
383,6642.57,6721.00,2.00,0,50,0.22,NLOS,103.71,-1.76,-81.73,-53.95,20.25,39.19,0,49,-104.98,56,-107.59,36,-111.33,51,-111.82,55,-113.96,57,-114.47
384,6653.46,6721.00,2.00,0,50,0.19,NLOS,104.92,-1.76,-82.95,-55.16,18.99,39.19,0,49,-105.02,56,-107.39,36,-111.41,51,-111.85,55,-113.91,57,-114.27
385,6664.34,6721.00,2.00,0,50,0.17,NLOS,106.05,6.32,-92.16,-64.38,8.82,39.19,0,49,-103.90,57,-106.88,56,-109.68,51,-112.01,36,-117.13,42,-117.92
386,6675.23,6721.00,2.00,0,50,0.16,NLOS,107.12,6.32,-93.22,-65.44,7.70,39.19,0,49,-103.94,57,-106.68,56,-109.47,51,-112.05,36,-117.22,42,-117.99
387,6686.12,6721.00,2.00,0,50,0.14,NLOS,108.12,6.32,-94.23,-66.44,6.64,39.19,0,49,-103.98,57,-106.48,56,-109.26,51,-112.09,36,-117.30,63,-117.91
388,6697.00,6721.00,2.00,0,50,0.13,NLOS,109.07,5.82,-94.67,-66.89,8.22,39.19,0,49,-107.58,56,-109.81,43,-109.96,57,-110.07,42,-111.64,44,-116.94
389,6707.89,6721.00,2.00,0,50,0.12,NLOS,109.97,5.82,-95.57,-67.79,7.30,39.19,0,49,-107.63,56,-109.60,57,-109.87,43,-110.12,42,-111.70,44,-117.10
390,6718.77,6721.00,2.00,0,50,0.11,NLOS,110.82,5.82,-96.43,-68.64,6.41,39.19,0,49,-107.68,56,-109.39,57,-109.67,43,-110.28,42,-111.77,64,-117.11
391,6729.66,6721.00,2.00,0,50,0.10,NLOS,111.64,-6.64,-84.78,-57.00,19.77,39.19,0,57,-108.46,49,-110.06,51,-113.21,56,-113.61,37,-114.37,55,-115.98
392,6740.54,6721.00,2.00,0,50,0.09,NLOS,112.41,-6.64,-85.56,-57.78,18.91,39.19,0,57,-108.26,49,-110.12,51,-113.26,56,-113.39,37,-114.47,55,-115.93
393,6751.43,6721.00,2.00,0,50,0.09,NLOS,113.16,-6.64,-86.30,-58.52,18.08,39.19,0,57,-108.05,49,-110.18,56,-113.18,51,-113.32,37,-114.58,55,-115.88
394,6762.31,6721.00,2.00,0,50,0.08,NLOS,113.87,6.47,-100.12,-72.34,2.56,39.19,0,57,-103.88,56,-110.79,42,-114.84,37,-115.51,48,-116.54,51,-117.21
395,6773.20,6721.00,2.00,0,50,0.08,NLOS,114.55,6.47,-100.80,-73.02,1.70,39.19,0,57,-103.67,56,-110.57,42,-114.91,37,-115.61,48,-116.56,51,-117.27
396,6784.09,6721.00,2.00,0,50,0.07,NLOS,115.21,6.47,-101.46,-73.68,0.85,39.19,0,57,-103.46,56,-110.36,42,-114.98,37,-115.72,48,-116.58,51,-117.33
397,6794.97,6721.00,2.00,0,50,0.07,NLOS,115.84,9.67,-105.29,-77.51,-2.47,39.19,0,56,-106.53,51,-109.05,63,-109.06,57,-110.52,62,-111.60,49,-113.30
398,6805.86,6721.00,2.00,0,50,0.07,NLOS,116.45,9.67,-105.90,-78.12,-3.18,39.19,0,56,-106.31,63,-108.90,51,-109.12,57,-110.31,62,-111.50,49,-113.37
399,6816.74,6721.00,2.00,0,50,0.06,NLOS,117.04,9.67,-106.49,-78.71,-3.87,39.19,0,56,-106.09,63,-108.75,51,-109.18,57,-110.10,62,-111.40,49,-113.44
400,6827.63,6721.00,2.00,0,50,0.06,NLOS,117.61,-5.23,-92.16,-64.38,-0.52,39.19,0,56,-92.45,57,-99.85,43,-111.35,63,-113.96,64,-114.53,44,-114.80
401,6838.51,6721.00,2.00,0,50,0.06,NLOS,118.16,-5.23,-92.72,-64.93,-1.28,39.19,0,56,-92.23,57,-99.64,43,-111.49,63,-113.80,64,-114.43,44,-114.94
402,6849.40,6721.00,2.00,0,50,0.06,NLOS,118.70,-5.23,-93.25,-65.47,-2.03,39.19,0,56,-92.01,57,-99.44,43,-111.64,63,-113.64,64,-114.33,44,-115.09
403,6860.29,6721.00,2.00,0,50,0.05,NLOS,119.22,4.58,-103.58,-75.79,-1.01,39.19,0,57,-103.32,63,-109.84,42,-111.94,56,-114.21,55,-114.51,64,-116.08
404,6871.17,6721.00,2.00,0,50,0.05,NLOS,119.72,4.58,-104.08,-76.30,-1.69,39.19,0,57,-103.11,63,-109.68,42,-112.01,56,-114.00,55,-114.47,64,-115.98
405,6882.06,6721.00,2.00,0,50,0.05,NLOS,120.21,4.58,-104.57,-76.78,-2.36,39.19,0,57,-102.91,63,-109.51,42,-112.08,56,-113.78,55,-114.43,64,-115.87
406,6892.94,6721.00,2.00,0,50,0.05,NLOS,120.68,3.96,-104.43,-76.65,-3.79,39.19,0,57,-103.64,56,-104.55,49,-113.20,42,-115.66,55,-117.52,51,-117.96
407,6903.83,6721.00,2.00,0,50,0.05,NLOS,121.14,3.96,-104.89,-77.11,-4.43,39.19,0,57,-103.44,56,-104.33,49,-113.28,42,-115.73,55,-117.48,64,-118.01
408,6914.71,6721.00,2.00,0,50,0.04,NLOS,121.59,3.96,-105.34,-77.56,-5.06,39.19,0,57,-103.24,56,-104.12,49,-113.36,42,-115.80,55,-117.44,64,-117.91
409,6925.60,6721.00,2.00,0,57,0.03,NLOS,126.37,-12.83,-93.32,-65.53,5.16,39.19,1,50,-100.56,56,-103.43,43,-111.29,49,-114.01,51,-114.01,64,-117.32
410,6936.48,6721.00,2.00,0,57,0.03,NLOS,126.17,-12.83,-93.12,-65.34,5.54,39.19,0,50,-100.99,56,-103.22,43,-111.43,49,-114.09,51,-114.10,64,-117.22
411,6947.37,6721.00,2.00,0,57,0.03,NLOS,125.98,-12.83,-92.92,-65.14,5.90,39.19,0,50,-101.41,56,-103.01,43,-111.57,51,-114.18,49,-114.18,64,-117.12
412,6958.26,6721.00,2.00,0,57,0.03,NLOS,125.78,-3.85,-101.72,-73.93,-2.04,39.19,0,56,-104.84,50,-105.20,44,-106.68,51,-107.63,49,-114.20,63,-115.06
413,6969.14,6721.00,2.00,0,57,0.03,NLOS,125.59,-3.85,-101.53,-73.75,-1.78,39.19,0,56,-104.63,50,-105.59,44,-106.82,51,-107.72,49,-114.29,63,-114.88
414,6980.03,6721.00,2.00,0,57,0.03,NLOS,125.41,-3.85,-101.34,-73.56,-1.53,39.19,0,56,-104.43,50,-105.98,44,-106.95,51,-107.81,49,-114.38,63,-114.70
415,6990.91,6721.00,2.00,0,50,0.04,NLOS,124.45,-1.88,-102.35,-74.57,3.42,39.19,1,56,-107.71,70,-109.69,57,-112.03,55,-113.45,51,-118.02,62,-118.26
416,7001.80,6721.00,2.00,0,50,0.04,NLOS,124.82,-1.88,-102.72,-74.94,2.90,39.19,0,56,-107.52,70,-109.59,57,-111.85,55,-113.42,51,-118.11,62,-118.15
417,7012.68,6721.00,2.00,0,50,0.04,NLOS,125.18,-1.88,-103.09,-75.31,2.38,39.19,0,56,-107.33,70,-109.49,57,-111.67,55,-113.39,62,-118.05,51,-118.20
418,7017.43,6721.00,2.00,2,57,0.04,NLOS,124.80,-12.34,-92.24,-64.46,7.59,39.19,1,56,-102.68,49,-104.02,51,-105.38,50,-108.96,63,-111.48,70,-118.32
419,7006.54,6721.00,2.00,2,57,0.04,NLOS,124.97,-12.34,-92.42,-64.63,7.45,39.19,0,56,-102.86,49,-103.93,51,-105.29,50,-108.60,63,-111.66,70,-118.41
420,6995.66,6721.00,2.00,2,57,0.04,NLOS,125.15,-12.34,-92.59,-64.81,7.30,39.19,0,56,-103.05,49,-103.83,51,-105.20,50,-108.23,63,-111.85,70,-118.51
421,6984.77,6721.00,2.00,2,57,0.04,NLOS,125.33,-10.35,-94.76,-66.98,5.43,39.19,0,56,-104.54,50,-105.27,51,-106.09,49,-107.90,62,-111.91,55,-112.79
422,6973.89,6721.00,2.00,2,57,0.03,NLOS,125.51,-10.35,-94.94,-67.16,5.18,39.19,0,56,-104.74,50,-104.88,51,-106.00,49,-107.81,62,-112.01,55,-112.82
423,6963.00,6721.00,2.00,2,57,0.03,NLOS,125.70,-10.35,-95.13,-67.35,4.91,39.19,0,50,-104.49,56,-104.94,51,-105.92,49,-107.72,62,-112.12,55,-112.85
424,6952.12,6721.00,2.00,2,50,0.04,NLOS,123.05,-0.29,-102.55,-74.77,-0.58,39.19,1,56,-105.32,57,-107.38,49,-108.64,70,-120.19,44,-121.46,42,-122.14
425,6941.23,6721.00,2.00,2,50,0.04,NLOS,122.64,-0.29,-102.14,-74.36,-0.04,39.19,0,56,-105.53,57,-107.57,49,-108.55,70,-120.29,44,-121.33,42,-122.07
426,6930.35,6721.00,2.00,2,50,0.04,NLOS,122.22,-0.29,-101.71,-73.93,0.51,39.19,0,56,-105.74,57,-107.77,49,-108.46,70,-120.38,44,-121.19,42,-122.00
427,6919.46,6721.00,2.00,2,43,0.01,NLOS,140.20,-17.10,-102.88,-75.10,2.94,39.19,1,57,-106.18,64,-106.93,50,-107.15,56,-109.58,49,-113.63,38,-118.31
428,6908.57,6721.00,2.00,2,43,0.01,NLOS,140.06,-17.10,-102.74,-74.96,2.73,39.19,0,57,-106.38,50,-106.70,64,-107.03,56,-109.80,49,-113.54,38,-118.23
429,6897.69,6721.00,2.00,2,43,0.01,NLOS,139.92,-17.10,-102.60,-74.82,2.50,39.19,0,50,-106.24,57,-106.58,64,-107.13,56,-110.01,49,-113.46,38,-118.15
430,6886.80,6721.00,2.00,2,56,0.03,NLOS,126.58,-5.75,-100.61,-72.82,3.95,39.19,1,57,-105.99,50,-112.62,51,-114.09,43,-115.98,49,-116.03,44,-118.94
431,6875.92,6721.00,2.00,2,56,0.03,NLOS,126.79,-5.75,-100.82,-73.04,3.80,39.19,0,57,-106.20,50,-112.14,51,-114.02,43,-115.84,49,-115.95,44,-118.80
432,6865.03,6721.00,2.00,2,56,0.03,NLOS,127.01,-5.75,-101.04,-73.26,3.63,39.19,0,57,-106.40,50,-111.64,51,-113.94,43,-115.69,49,-115.87,44,-118.65
433,6854.15,6721.00,2.00,2,50,0.05,NLOS,118.93,-1.41,-97.30,-69.52,5.61,39.19,1,56,-107.60,49,-107.61,62,-109.03,63,-109.45,51,-111.44,44,-113.77
434,6843.26,6721.00,2.00,2,50,0.06,NLOS,118.40,-1.41,-96.77,-68.99,6.16,39.19,0,49,-107.53,56,-107.82,62,-109.13,63,-109.61,51,-111.37,44,-113.62
435,6832.38,6721.00,2.00,2,50,0.06,NLOS,117.86,-1.41,-96.23,-68.45,6.71,39.19,0,49,-107.46,56,-108.03,62,-109.23,63,-109.77,51,-111.30,44,-113.48
436,6821.49,6721.00,2.00,2,50,0.06,NLOS,117.29,-1.92,-95.15,-67.37,9.77,39.19,0,57,-108.56,43,-112.36,56,-112.60,64,-112.69,44,-113.81,55,-118.64
437,6820.50,6711.10,2.00,3,50,0.06,NLOS,117.27,-1.92,-95.13,-67.34,9.84,39.19,0,57,-108.77,43,-112.29,56,-112.42,64,-112.76,44,-113.86,55,-118.52
438,6820.50,6700.22,2.00,3,50,0.06,NLOS,117.31,-1.92,-95.17,-67.39,9.84,39.19,0,57,-108.98,56,-112.21,43,-112.23,64,-112.84,44,-113.92,55,-118.39
439,6820.50,6689.33,2.00,3,50,0.06,NLOS,117.38,-2.75,-94.41,-66.63,7.73,39.19,0,56,-105.55,57,-107.23,63,-110.36,44,-111.60,49,-113.51,62,-115.40
440,6820.50,6678.45,2.00,3,50,0.06,NLOS,117.46,-2.75,-94.49,-66.71,7.61,39.19,0,56,-105.33,57,-107.45,63,-110.37,44,-111.66,49,-113.32,62,-115.32
441,6820.50,6667.56,2.00,3,50,0.06,NLOS,117.57,-2.75,-94.59,-66.81,7.46,39.19,0,56,-105.12,57,-107.66,63,-110.37,44,-111.73,49,-113.12,62,-115.25
442,6820.50,6656.68,2.00,3,50,0.06,NLOS,117.69,-6.95,-90.52,-62.74,0.84,39.19,0,56,-91.46,44,-111.38,57,-114.92,49,-115.55,43,-116.34,63,-117.98
443,6820.50,6645.79,2.00,3,50,0.06,NLOS,117.82,-6.95,-90.66,-62.87,0.50,39.19,0,56,-91.25,44,-111.45,57,-115.13,49,-115.34,43,-116.29,63,-118.00
444,6820.50,6634.90,2.00,3,50,0.06,NLOS,117.97,-6.95,-90.81,-63.03,0.14,39.19,0,56,-91.04,44,-111.52,49,-115.14,57,-115.34,43,-116.24,63,-118.01
445,6820.50,6624.02,2.00,3,50,0.06,NLOS,118.14,-2.00,-95.93,-68.14,5.81,39.19,0,56,-104.82,49,-106.40,51,-112.49,57,-113.25,48,-116.55,55,-117.90
446,6820.50,6613.13,2.00,3,50,0.06,NLOS,118.32,-2.00,-96.11,-68.32,5.48,39.19,0,56,-104.62,49,-106.19,51,-112.66,57,-113.45,48,-116.44,55,-117.77
447,6820.50,6602.25,2.00,3,50,0.06,NLOS,118.51,-2.00,-96.30,-68.52,5.14,39.19,0,56,-104.41,49,-105.98,51,-112.83,57,-113.66,48,-116.33,55,-117.63
448,6820.50,6591.36,2.00,3,50,0.06,NLOS,118.72,-0.27,-98.23,-70.45,0.19,39.19,0,56,-100.82,57,-103.56,49,-112.81,43,-113.28,51,-113.82,63,-115.41
449,6820.50,6580.48,2.00,3,50,0.05,NLOS,118.94,-0.27,-98.44,-70.66,-0.09,39.19,0,56,-100.62,57,-103.77,49,-112.59,43,-113.23,51,-113.98,63,-115.43
450,6820.50,6569.59,2.00,3,50,0.05,NLOS,119.16,-0.27,-98.67,-70.89,-0.38,39.19,0,56,-100.43,57,-103.97,49,-112.38,43,-113.19,51,-114.15,63,-115.45
451,6820.50,6558.71,2.00,3,50,0.05,NLOS,119.40,1.51,-100.69,-72.91,2.63,39.19,0,51,-107.06,56,-108.87,49,-109.66,57,-116.45,47,-120.29,62,-122.05
452,6820.50,6547.82,2.00,3,50,0.05,NLOS,119.64,1.51,-100.93,-73.15,2.36,39.19,0,51,-107.22,56,-108.68,49,-109.44,57,-116.65,47,-120.22,62,-121.98
453,6820.50,6536.93,2.00,3,50,0.05,NLOS,119.90,1.51,-101.18,-73.40,2.07,39.19,0,51,-107.38,56,-108.49,49,-109.22,57,-116.86,47,-120.14,62,-121.92
454,6820.50,6526.05,2.00,3,50,0.05,NLOS,120.15,-10.30,-89.63,-61.85,14.18,39.19,0,49,-107.43,43,-108.78,56,-114.22,51,-116.22,57,-117.03,61,-117.26
455,6814.66,6521.00,2.00,2,50,0.05,NLOS,120.06,-10.30,-89.54,-61.76,14.18,39.19,0,49,-107.26,43,-108.67,56,-114.32,51,-116.27,57,-117.20,61,-117.26
456,6803.78,6521.00,2.00,2,50,0.05,NLOS,119.65,-10.30,-89.13,-61.35,14.51,39.19,0,49,-107.15,43,-108.50,56,-114.65,51,-116.22,61,-117.32,57,-117.33
457,6792.89,6521.00,2.00,2,56,0.04,NLOS,125.03,-1.53,-103.28,-75.50,-0.42,39.19,1,49,-105.61,50,-106.74,51,-109.35,42,-113.35,35,-118.54,57,-119.30
458,6782.01,6521.00,2.00,2,56,0.04,NLOS,125.35,-1.53,-103.61,-75.83,-0.97,39.19,0,49,-105.51,50,-106.32,51,-109.31,42,-113.27,35,-118.48,57,-119.44
459,6771.12,6521.00,2.00,2,56,0.03,NLOS,125.67,-1.53,-103.93,-76.14,-1.52,39.19,0,49,-105.41,50,-105.90,51,-109.27,42,-113.18,35,-118.42,57,-119.58
460,6760.24,6521.00,2.00,2,50,0.06,NLOS,117.98,-2.98,-94.79,-67.00,6.48,39.19,1,56,-102.38,51,-111.23,43,-112.73,37,-116.57,49,-117.47,63,-117.57
461,6749.35,6521.00,2.00,2,50,0.06,NLOS,117.55,-2.98,-94.36,-66.58,7.12,39.19,0,56,-102.69,51,-111.19,43,-112.55,37,-116.47,49,-117.37,63,-117.71
462,6738.46,6521.00,2.00,2,50,0.06,NLOS,117.12,-2.98,-93.93,-66.15,7.76,39.19,0,56,-103.00,51,-111.15,43,-112.38,37,-116.37,49,-117.28,44,-117.59
463,6727.58,6521.00,2.00,2,50,0.06,NLOS,116.69,-12.64,-83.83,-56.05,13.86,39.19,0,56,-98.83,49,-105.62,43,-110.84,57,-116.08,37,-116.77,48,-118.10
464,6716.69,6521.00,2.00,2,50,0.07,NLOS,116.26,-12.64,-83.40,-55.62,14.50,39.19,0,56,-99.13,49,-105.53,43,-110.66,57,-116.23,37,-116.67,48,-118.08
465,6705.81,6521.00,2.00,2,50,0.07,NLOS,115.82,-12.64,-82.96,-55.18,15.13,39.19,0,56,-99.42,49,-105.45,43,-110.48,57,-116.37,37,-116.56,48,-118.07
466,6694.92,6521.00,2.00,2,50,0.07,NLOS,115.39,-6.08,-89.09,-61.31,10.04,39.19,0,56,-102.24,49,-104.95,57,-107.57,44,-110.86,43,-113.54,70,-120.92
467,6684.04,6521.00,2.00,2,50,0.08,NLOS,114.95,-6.08,-88.65,-60.87,10.59,39.19,0,56,-102.52,49,-104.87,57,-107.71,44,-110.73,43,-113.36,70,-121.00
468,6673.15,6521.00,2.00,2,50,0.08,NLOS,114.53,-6.08,-88.23,-60.44,11.13,39.19,0,56,-102.80,49,-104.80,57,-107.85,44,-110.60,43,-113.17,70,-121.08
469,6662.26,6521.00,2.00,2,50,0.08,NLOS,114.10,5.46,-99.34,-71.56,2.06,39.19,0,49,-103.27,56,-110.27,43,-111.89,44,-113.11,51,-116.29,69,-116.39
470,6651.38,6521.00,2.00,2,50,0.08,NLOS,113.69,5.46,-98.93,-71.15,2.44,39.19,0,49,-103.21,56,-110.54,43,-111.70,44,-112.97,51,-116.26,69,-116.48
471,6640.49,6521.00,2.00,2,50,0.09,NLOS,113.28,5.46,-98.52,-70.74,2.82,39.19,0,49,-103.15,56,-110.81,43,-111.51,44,-112.84,51,-116.24,69,-116.57
472,6629.61,6521.00,2.00,2,50,0.09,NLOS,112.89,5.42,-98.09,-70.31,7.57,39.19,0,56,-108.60,43,-111.78,44,-115.56,57,-118.64,55,-119.25,49,-119.38
473,6622.28,6521.00,2.00,0,50,0.09,NLOS,112.63,5.42,-97.83,-70.05,7.87,39.19,0,56,-108.78,43,-111.64,44,-115.47,57,-118.73,55,-119.30,49,-119.34
474,6633.16,6521.00,2.00,0,50,0.09,NLOS,113.01,5.42,-98.22,-70.44,7.41,39.19,0,56,-108.52,43,-111.84,44,-115.60,57,-118.59,55,-119.23,49,-119.40
475,6644.05,6521.00,2.00,0,50,0.09,NLOS,113.41,8.44,-101.63,-73.85,0.86,39.19,0,49,-104.32,51,-112.13,56,-112.45,57,-115.28,44,-115.71,42,-116.97
476,6654.93,6521.00,2.00,0,50,0.08,NLOS,113.82,8.44,-102.04,-74.26,0.47,39.19,0,49,-104.38,51,-112.16,56,-112.17,57,-115.14,44,-115.85,42,-117.05
477,6665.82,6521.00,2.00,0,50,0.08,NLOS,114.24,8.44,-102.46,-74.68,0.07,39.19,0,49,-104.44,56,-111.90,51,-112.18,57,-115.00,44,-115.98,42,-117.14
478,6676.71,6521.00,2.00,0,50,0.08,NLOS,114.66,4.80,-99.25,-71.46,7.61,39.19,0,44,-112.60,56,-113.32,43,-113.80,51,-114.48,48,-116.99,55,-117.68
479,6687.59,6521.00,2.00,0,50,0.07,NLOS,115.09,4.80,-99.68,-71.89,7.19,39.19,0,44,-112.74,56,-113.03,43,-113.98,51,-114.50,48,-117.00,55,-117.61
480,6698.48,6521.00,2.00,0,50,0.07,NLOS,115.53,4.80,-100.11,-72.33,6.76,39.19,0,56,-112.75,44,-112.87,43,-114.17,51,-114.53,48,-117.02,55,-117.55
481,6709.36,6521.00,2.00,0,50,0.07,NLOS,115.96,-9.77,-85.97,-58.19,12.10,39.19,0,56,-100.64,49,-102.35,57,-112.06,55,-112.79,42,-114.53,44,-116.32
482,6720.25,6521.00,2.00,0,50,0.07,NLOS,116.40,-9.77,-86.41,-58.62,11.52,39.19,0,56,-100.34,49,-102.43,57,-111.92,55,-112.73,42,-114.62,44,-116.46
483,6731.13,6521.00,2.00,0,50,0.06,NLOS,116.83,-9.77,-86.84,-59.06,10.94,39.19,0,56,-100.05,49,-102.52,57,-111.78,55,-112.66,42,-114.70,44,-116.59
484,6742.02,6521.00,2.00,0,50,0.06,NLOS,117.26,0.07,-97.11,-69.33,3.42,39.19,0,56,-103.03,49,-105.73,43,-111.76,44,-117.60,57,-118.12,51,-118.59
485,6752.91,6521.00,2.00,0,50,0.06,NLOS,117.69,0.07,-97.54,-69.76,2.86,39.19,0,56,-102.73,49,-105.82,43,-111.93,44,-117.73,57,-117.98,51,-118.63
486,6763.79,6521.00,2.00,0,50,0.06,NLOS,118.12,0.07,-97.97,-70.19,2.28,39.19,0,56,-102.42,49,-105.91,43,-112.11,57,-117.84,44,-117.86,51,-118.67
487,6774.68,6521.00,2.00,0,50,0.06,NLOS,118.54,-4.23,-94.10,-66.32,3.74,39.19,0,57,-99.25,56,-105.36,44,-111.56,49,-112.17,43,-115.80,41,-115.82
488,6785.56,6521.00,2.00,0,50,0.05,NLOS,118.96,-4.23,-94.52,-66.74,3.18,39.19,0,57,-99.12,56,-105.04,44,-111.68,49,-112.27,41,-115.86,43,-115.97
489,6796.45,6521.00,2.00,0,50,0.05,NLOS,119.38,-4.23,-94.93,-67.15,2.61,39.19,0,57,-98.98,56,-104.72,44,-111.81,49,-112.38,41,-115.90,43,-116.14
490,6807.33,6521.00,2.00,0,49,0.02,NLOS,131.02,-13.91,-96.89,-69.11,2.46,39.19,1,50,-100.63,56,-105.45,44,-110.51,51,-116.74,63,-118.75,57,-119.29
491,6818.22,6521.00,2.00,0,49,0.02,NLOS,131.13,-13.91,-97.00,-69.22,2.55,39.19,0,50,-101.04,56,-105.11,44,-110.63,51,-116.78,63,-118.60,57,-119.15
492,6820.50,6512.40,2.00,3,49,0.02,NLOS,130.97,-13.91,-96.84,-69.06,2.86,39.19,0,50,-101.33,56,-104.90,44,-110.72,51,-116.92,63,-118.59,57,-119.28
493,6820.50,6501.51,2.00,3,50,0.05,NLOS,120.76,6.77,-107.30,-79.52,-1.00,39.19,1,48,-108.16,49,-110.41,57,-112.51,56,-113.49,55,-116.09,44,-117.59
494,6820.50,6490.62,2.00,3,50,0.05,NLOS,121.03,6.77,-107.58,-79.80,-1.34,39.19,0,48,-108.04,49,-110.18,57,-112.71,56,-113.33,55,-115.94,44,-117.67
495,6820.50,6479.74,2.00,3,50,0.05,NLOS,121.31,6.77,-107.86,-80.07,-1.70,39.19,0,48,-107.92,49,-109.95,57,-112.90,56,-113.17,55,-115.79,44,-117.74
496,6820.50,6468.85,2.00,3,50,0.04,NLOS,121.59,-7.87,-93.50,-65.71,5.14,39.19,0,49,-101.11,57,-105.88,56,-106.74,43,-109.64,37,-117.39,42,-117.92
497,6820.50,6457.97,2.00,3,50,0.04,NLOS,121.87,-7.87,-93.78,-66.00,4.73,39.19,0,49,-100.87,57,-106.08,56,-106.60,43,-109.61,37,-117.40,42,-117.83
498,6820.50,6447.08,2.00,3,50,0.04,NLOS,122.16,-7.87,-94.06,-66.28,4.31,39.19,0,49,-100.63,57,-106.27,56,-106.46,43,-109.59,37,-117.42,42,-117.75
499,6820.50,6436.20,2.00,3,50,0.04,NLOS,122.44,-3.88,-98.35,-70.57,6.53,39.19,0,43,-108.49,55,-109.15,56,-109.74,62,-111.43,49,-112.67,64,-116.57
500,6820.50,6425.31,2.00,3,50,0.04,NLOS,122.73,-3.88,-98.64,-70.85,6.16,39.19,0,43,-108.47,55,-108.99,56,-109.62,62,-111.36,49,-112.43,64,-116.65
501,6820.50,6414.43,2.00,3,50,0.04,NLOS,123.02,-3.88,-98.92,-71.14,5.79,39.19,0,43,-108.45,55,-108.83,56,-109.51,62,-111.30,49,-112.18,64,-116.72
502,6820.50,6403.54,2.00,3,56,0.04,NLOS,122.67,-11.61,-90.84,-63.06,6.43,39.19,1,49,-98.99,50,-103.18,63,-111.74,57,-114.60,43,-115.75,55,-118.57
503,6820.50,6392.65,2.00,3,56,0.04,NLOS,122.57,-11.61,-90.75,-62.97,6.42,39.19,0,49,-98.73,50,-103.47,63,-111.78,57,-114.79,43,-115.73,55,-118.41
504,6820.50,6381.77,2.00,3,56,0.04,NLOS,122.49,-11.61,-90.66,-62.88,6.39,39.19,0,49,-98.48,50,-103.76,63,-111.82,57,-114.97,43,-115.72,55,-118.25
505,6820.50,6370.88,2.00,3,56,0.04,NLOS,122.41,-9.37,-92.82,-65.04,8.69,39.19,0,49,-103.45,57,-109.67,50,-110.95,48,-113.96,63,-114.03,43,-114.31
506,6820.50,6360.00,2.00,3,56,0.04,NLOS,122.35,-9.37,-92.76,-64.98,8.64,39.19,0,49,-103.19,57,-109.85,50,-111.23,48,-113.83,63,-114.07,43,-114.30
507,6820.50,6349.11,2.00,3,56,0.04,NLOS,122.30,-9.37,-92.70,-64.92,8.57,39.19,0,49,-102.93,57,-110.03,50,-111.51,48,-113.70,63,-114.12,43,-114.29
508,6820.50,6338.23,2.00,3,56,0.04,NLOS,122.25,-10.48,-91.56,-63.77,9.93,39.19,0,50,-102.26,49,-112.89,57,-114.44,44,-117.86,62,-119.66,36,-119.99
509,6820.50,6327.34,2.00,3,56,0.04,NLOS,122.22,-10.48,-91.52,-63.74,10.19,39.19,0,50,-102.54,49,-112.62,57,-114.62,44,-117.95,62,-119.61,36,-119.97
510,6820.50,6325.55,2.00,1,56,0.04,NLOS,122.21,-10.48,-91.52,-63.74,10.23,39.19,0,50,-102.59,49,-112.58,57,-114.65,44,-117.96,62,-119.60,36,-119.96
511,6820.50,6336.43,2.00,1,56,0.04,NLOS,122.24,-10.48,-91.55,-63.77,9.98,39.19,0,50,-102.31,49,-112.85,57,-114.47,44,-117.88,62,-119.65,36,-119.99
512,6820.50,6347.32,2.00,1,56,0.04,NLOS,122.29,-6.50,-95.57,-67.79,6.98,39.19,0,55,-104.21,50,-111.32,49,-112.73,43,-113.48,57,-114.75,51,-116.86
513,6820.50,6358.20,2.00,1,56,0.04,NLOS,122.34,-6.50,-95.63,-67.84,7.02,39.19,0,55,-104.37,50,-111.03,49,-112.99,43,-113.49,57,-114.57,51,-116.72
514,6820.50,6369.09,2.00,1,56,0.04,NLOS,122.40,-6.50,-95.69,-67.91,7.03,39.19,0,55,-104.54,50,-110.75,49,-113.25,43,-113.50,57,-114.40,51,-116.58
515,6820.50,6379.97,2.00,1,56,0.04,NLOS,122.48,-3.97,-98.29,-70.51,4.04,39.19,0,49,-104.86,50,-107.09,55,-115.31,42,-115.83,63,-118.45,51,-119.06
516,6820.50,6390.86,2.00,1,56,0.04,NLOS,122.56,-3.97,-98.38,-70.59,4.00,39.19,0,49,-105.12,50,-106.81,55,-115.47,42,-115.92,63,-118.41,51,-118.92
517,6820.50,6401.74,2.00,1,56,0.04,NLOS,122.65,-3.97,-98.47,-70.69,3.93,39.19,0,49,-105.37,50,-106.52,55,-115.63,42,-116.00,63,-118.37,51,-118.77
518,6820.50,6412.63,2.00,1,50,0.04,NLOS,123.06,-0.93,-101.92,-74.13,3.87,39.19,1,49,-107.94,57,-112.43,68,-116.78,43,-117.76,56,-118.17,61,-118.43
519,6820.50,6423.52,2.00,1,50,0.04,NLOS,122.78,-0.93,-101.63,-73.85,4.27,39.19,0,49,-108.19,57,-112.24,68,-116.82,43,-117.78,56,-118.28,61,-118.51
520,6820.50,6434.40,2.00,1,50,0.04,NLOS,122.49,-0.93,-101.34,-73.56,4.66,39.19,0,49,-108.43,57,-112.06,68,-116.85,43,-117.80,56,-118.40,61,-118.59
521,6820.50,6445.29,2.00,1,56,0.04,NLOS,123.11,-2.44,-100.46,-72.67,-1.07,39.19,1,49,-101.55,50,-104.69,57,-112.98,44,-115.01,55,-115.25,48,-115.62
522,6820.50,6456.17,2.00,1,56,0.04,NLOS,123.24,-2.44,-100.59,-72.81,-1.15,39.19,0,49,-101.80,50,-104.41,57,-112.79,44,-114.93,55,-115.40,48,-115.74
523,6820.50,6467.06,2.00,1,56,0.04,NLOS,123.39,-2.44,-100.73,-72.95,-1.26,39.19,0,49,-102.04,50,-104.13,57,-112.60,44,-114.85,55,-115.56,48,-115.86
524,6820.50,6477.94,2.00,1,50,0.05,NLOS,121.35,-6.60,-94.54,-66.76,9.27,39.19,1,56,-108.07,49,-108.57,63,-108.70,57,-111.77,55,-112.86,51,-116.03
525,6820.50,6488.83,2.00,1,50,0.05,NLOS,121.08,-6.60,-94.26,-66.48,9.64,39.19,0,56,-108.22,63,-108.66,49,-108.81,57,-111.58,55,-113.01,51,-115.88
526,6820.50,6499.71,2.00,1,50,0.05,NLOS,120.80,-6.60,-93.99,-66.20,10.01,39.19,0,56,-108.38,63,-108.63,49,-109.04,57,-111.38,55,-113.16,51,-115.73
527,6820.50,6510.60,2.00,1,50,0.05,NLOS,120.53,6.48,-106.79,-79.01,-2.98,39.19,0,43,-107.46,62,-109.35,57,-110.55,56,-111.59,49,-112.77,64,-116.21
528,6820.50,6520.51,2.00,3,50,0.05,NLOS,120.29,6.48,-106.55,-78.76,-2.72,39.19,0,43,-107.49,62,-109.41,57,-110.37,56,-111.75,49,-112.98,64,-116.14
529,6820.50,6509.63,2.00,3,50,0.05,NLOS,120.55,6.48,-106.81,-79.03,-3.01,39.19,0,43,-107.45,62,-109.34,57,-110.56,56,-111.58,49,-112.75,64,-116.22
530,6820.50,6498.74,2.00,3,57,0.02,NLOS,132.57,-15.43,-96.92,-69.14,0.61,39.19,1,56,-99.19,50,-103.07,55,-108.78,37,-110.97,51,-113.69,49,-113.93
531,6820.50,6487.86,2.00,3,57,0.02,NLOS,132.76,-15.43,-97.11,-69.33,0.38,39.19,0,56,-99.03,50,-103.34,55,-108.63,37,-110.99,49,-113.69,51,-113.84
532,6820.50,6476.97,2.00,3,57,0.02,NLOS,132.95,-15.43,-97.31,-69.53,0.15,39.19,0,56,-98.88,50,-103.62,55,-108.48,37,-111.00,49,-113.46,51,-114.00
533,6820.50,6466.09,2.00,3,50,0.04,NLOS,121.66,-7.41,-94.04,-66.25,3.26,39.19,1,56,-99.06,57,-102.56,55,-112.72,49,-114.25,44,-118.56,37,-121.98
534,6820.50,6455.20,2.00,3,50,0.04,NLOS,121.94,-7.41,-94.32,-66.54,2.93,39.19,0,56,-98.92,57,-102.75,55,-112.56,49,-114.01,44,-118.64,37,-122.00
535,6820.50,6444.31,2.00,3,50,0.04,NLOS,122.23,-7.41,-94.60,-66.82,2.60,39.19,0,56,-98.78,57,-102.94,55,-112.41,49,-113.76,44,-118.72,37,-122.01
536,6820.50,6433.43,2.00,3,50,0.04,NLOS,122.52,-3.49,-98.81,-71.02,-1.41,39.19,0,56,-98.30,49,-106.25,43,-113.94,44,-114.42,62,-117.70,51,-118.57
537,6820.50,6422.54,2.00,3,50,0.04,NLOS,122.80,-3.49,-99.09,-71.31,-1.83,39.19,0,56,-98.18,49,-106.00,43,-113.92,44,-114.50,62,-117.64,51,-118.72
538,6820.50,6411.66,2.00,3,50,0.04,NLOS,123.09,-3.49,-99.38,-71.60,-2.23,39.19,0,56,-98.07,49,-105.75,43,-113.90,44,-114.58,62,-117.58,51,-118.86
539,6820.50,6400.77,2.00,3,49,0.03,NLOS,128.49,-10.87,-97.40,-69.62,0.53,39.19,1,56,-99.13,50,-105.53,48,-112.29,44,-112.32,62,-112.41,55,-113.85
540,6820.50,6389.89,2.00,3,49,0.03,NLOS,128.24,-10.87,-97.15,-69.37,0.75,39.19,0,56,-99.04,50,-105.82,48,-112.17,62,-112.35,44,-112.41,55,-113.69
541,6820.50,6379.00,2.00,3,49,0.03,NLOS,127.98,-10.87,-96.89,-69.11,0.98,39.19,0,56,-98.96,50,-106.10,48,-112.04,62,-112.30,44,-112.49,55,-113.52
542,6820.50,6368.12,2.00,3,49,0.03,NLOS,127.72,-5.51,-101.99,-74.21,-1.23,39.19,0,56,-101.33,57,-110.02,50,-110.90,64,-111.55,63,-113.72,44,-115.49
543,6820.50,6357.23,2.00,3,49,0.03,NLOS,127.46,-5.51,-101.73,-73.95,-1.00,39.19,0,56,-101.27,57,-110.20,50,-111.18,64,-111.63,63,-113.76,44,-115.57
544,6820.50,6346.34,2.00,3,49,0.03,NLOS,127.19,-5.51,-101.46,-73.68,-0.76,39.19,0,56,-101.21,57,-110.38,50,-111.47,64,-111.71,63,-113.81,44,-115.66
545,6820.50,6335.46,2.00,3,50,0.04,NLOS,125.09,-2.31,-102.56,-74.78,-1.67,39.19,1,56,-103.13,49,-106.29,43,-111.20,62,-112.36,63,-114.21,55,-115.29
546,6820.50,6324.57,2.00,3,50,0.03,NLOS,125.37,-2.31,-102.84,-75.06,-2.05,39.19,0,56,-103.09,49,-106.02,43,-111.19,62,-112.31,63,-114.26,55,-115.12
547,6813.19,6321.00,2.00,2,50,0.04,NLOS,125.31,-2.31,-102.78,-75.00,-1.91,39.19,0,56,-103.37,49,-105.81,43,-111.07,62,-112.38,63,-114.37,55,-115.12
548,6802.30,6321.00,2.00,2,49,0.03,NLOS,126.25,-6.31,-99.73,-71.95,3.91,39.19,1,56,-105.12,57,-105.39,50,-112.55,43,-113.92,54,-115.91,36,-116.55
549,6791.42,6321.00,2.00,2,49,0.03,NLOS,126.07,-6.31,-99.54,-71.76,4.33,39.19,0,57,-105.48,56,-105.52,50,-112.33,43,-113.74,54,-115.93,36,-116.46
550,6780.53,6321.00,2.00,2,49,0.03,NLOS,125.88,-6.31,-99.36,-71.58,4.73,39.19,0,57,-105.57,56,-105.92,50,-112.12,43,-113.56,54,-115.96,36,-116.36
551,6769.64,6321.00,2.00,2,56,0.04,NLOS,124.09,-5.38,-98.50,-70.72,6.08,39.19,1,49,-106.74,50,-109.96,51,-110.70,44,-115.45,43,-117.75,42,-118.57
552,6758.76,6321.00,2.00,2,56,0.04,NLOS,124.47,-5.38,-98.88,-71.09,5.54,39.19,0,49,-106.56,50,-109.75,51,-110.68,44,-115.35,43,-117.57,42,-118.46
553,6747.87,6321.00,2.00,2,56,0.04,NLOS,124.84,-5.38,-99.25,-71.47,5.02,39.19,0,49,-106.39,50,-109.55,51,-110.65,44,-115.24,43,-117.39,42,-118.36
554,6736.99,6321.00,2.00,2,56,0.04,NLOS,125.20,-9.92,-95.07,-67.28,-1.42,39.19,0,50,-94.00,43,-104.66,49,-105.61,61,-112.55,42,-114.70,62,-115.76
555,6726.10,6321.00,2.00,2,56,0.03,NLOS,125.56,-9.92,-95.42,-67.64,-1.96,39.19,0,50,-93.81,43,-104.47,49,-105.44,61,-112.62,42,-114.60,62,-115.89
556,6715.22,6321.00,2.00,2,56,0.03,NLOS,125.91,-9.92,-95.77,-67.99,-2.49,39.19,0,50,-93.62,43,-104.28,49,-105.29,61,-112.69,42,-114.49,62,-116.02
557,6704.33,6321.00,2.00,2,56,0.03,NLOS,126.25,-3.37,-102.66,-74.88,-2.77,39.19,0,49,-100.87,50,-109.58,55,-112.37,43,-113.06,48,-114.58,44,-115.14
558,6693.45,6321.00,2.00,2,56,0.03,NLOS,126.58,-3.37,-103.00,-75.22,-3.24,39.19,0,49,-100.73,50,-109.40,55,-112.46,43,-112.87,48,-114.56,44,-115.03
559,6682.56,6321.00,2.00,2,56,0.03,NLOS,126.91,-3.37,-103.33,-75.54,-3.69,39.19,0,49,-100.58,50,-109.23,55,-112.55,43,-112.67,48,-114.54,44,-114.92
560,6671.67,6321.00,2.00,2,56,0.03,NLOS,127.23,-9.55,-97.47,-69.68,2.07,39.19,0,50,-101.33,49,-104.80,43,-107.28,48,-117.18,44,-117.28,63,-117.67
561,6660.79,6321.00,2.00,2,56,0.03,NLOS,127.55,-9.55,-97.78,-70.00,1.62,39.19,0,50,-101.18,49,-104.67,43,-107.08,48,-117.16,44,-117.17,63,-117.80
562,6649.90,6321.00,2.00,2,56,0.03,NLOS,127.86,-9.55,-98.09,-70.31,1.18,39.19,0,50,-101.03,49,-104.55,43,-106.87,44,-117.06,48,-117.15,63,-117.92
563,6639.02,6321.00,2.00,2,56,0.03,NLOS,128.16,-0.20,-107.74,-79.96,-3.46,39.19,0,50,-106.95,49,-110.54,57,-113.82,55,-115.46,43,-117.39,48,-118.23
564,6628.13,6321.00,2.00,2,56,0.03,NLOS,128.46,-0.20,-108.04,-80.26,-3.84,39.19,0,50,-106.82,49,-110.43,57,-113.92,55,-115.56,43,-117.18,48,-118.22
565,6623.75,6321.00,2.00,0,56,0.03,NLOS,128.58,-0.20,-108.16,-80.38,-3.98,39.19,0,50,-106.77,49,-110.39,57,-113.97,55,-115.60,43,-117.10,48,-118.21
566,6634.64,6321.00,2.00,0,43,0.02,NLOS,134.43,-16.94,-97.27,-69.49,1.17,39.19,1,50,-102.16,49,-102.31,56,-104.70,42,-107.73,44,-112.31,48,-115.77
567,6645.52,6321.00,2.00,0,43,0.02,NLOS,134.64,-16.94,-97.48,-69.69,1.09,39.19,0,50,-102.30,49,-102.42,56,-104.40,42,-107.84,44,-112.42,48,-115.78
568,6656.41,6321.00,2.00,0,43,0.02,NLOS,134.84,-16.94,-97.68,-69.90,1.01,39.19,0,50,-102.45,49,-102.54,56,-104.09,42,-107.94,44,-112.53,48,-115.80
569,6667.30,6321.00,2.00,0,50,0.04,NLOS,122.74,-1.28,-101.23,-73.45,0.87,39.19,1,44,-107.74,49,-107.88,43,-107.93,56,-109.49,37,-110.60,55,-111.64
570,6678.18,6321.00,2.00,0,50,0.04,NLOS,122.90,-1.28,-101.39,-73.61,0.77,39.19,0,44,-107.85,49,-108.01,43,-108.13,56,-109.17,37,-110.70,55,-111.55
571,6689.07,6321.00,2.00,0,50,0.04,NLOS,123.06,-1.28,-101.56,-73.78,0.65,39.19,0,44,-107.95,49,-108.16,43,-108.33,56,-108.85,37,-110.81,55,-111.45
572,6699.95,6321.00,2.00,0,50,0.04,NLOS,123.24,-3.74,-99.28,-71.50,-2.17,39.19,0,49,-98.52,56,-105.56,43,-106.66,55,-115.39,42,-115.40,57,-115.57
573,6710.84,6321.00,2.00,0,50,0.04,NLOS,123.41,-3.74,-99.46,-71.67,-2.27,39.19,0,49,-98.68,56,-105.22,43,-106.85,55,-115.29,57,-115.47,42,-115.50
574,6721.72,6321.00,2.00,0,50,0.04,NLOS,123.60,-3.74,-99.64,-71.86,-2.38,39.19,0,49,-98.83,56,-104.88,43,-107.04,55,-115.20,57,-115.37,42,-115.60
575,6732.61,6321.00,2.00,0,50,0.04,NLOS,123.79,3.33,-106.90,-79.12,-2.72,39.19,0,56,-108.01,62,-108.25,57,-109.03,49,-112.51,48,-114.45,55,-117.23
576,6743.50,6321.00,2.00,0,50,0.04,NLOS,123.98,3.33,-107.10,-79.31,-3.07,39.19,0,56,-107.65,62,-108.12,57,-108.94,49,-112.68,48,-114.47,55,-117.14
577,6754.38,6321.00,2.00,0,50,0.04,NLOS,124.18,3.33,-107.29,-79.51,-3.43,39.19,0,56,-107.28,62,-107.99,57,-108.84,49,-112.85,48,-114.50,55,-117.05
578,6765.27,6321.00,2.00,0,50,0.04,NLOS,124.38,-0.72,-103.45,-75.67,2.09,39.19,0,56,-107.21,49,-112.73,61,-114.88,43,-118.15,35,-118.21,63,-119.79
579,6776.15,6321.00,2.00,0,50,0.04,NLOS,124.59,-0.72,-103.65,-75.87,1.66,39.19,0,56,-106.83,49,-112.91,61,-114.81,35,-118.27,43,-118.33,63,-119.65
580,6787.04,6321.00,2.00,0,50,0.04,NLOS,124.80,-0.72,-103.86,-76.08,1.20,39.19,0,56,-106.43,49,-113.09,61,-114.74,35,-118.34,43,-118.51,63,-119.52
581,6797.92,6321.00,2.00,0,50,0.04,NLOS,125.01,3.37,-108.16,-80.38,-5.49,39.19,0,57,-105.55,49,-106.66,56,-114.62,55,-117.97,69,-118.68,36,-121.74
582,6808.81,6321.00,2.00,0,50,0.04,NLOS,125.23,3.37,-108.38,-80.59,-5.70,39.19,0,57,-105.46,49,-106.85,56,-114.20,55,-117.89,69,-118.59,62,-121.81
583,6819.69,6321.00,2.00,0,57,0.02,NLOS,135.59,-10.00,-105.37,-77.59,1.71,39.19,1,49,-107.03,50,-108.59,56,-113.78,55,-117.81,69,-118.49,62,-121.67
584,6810.42,6321.00,2.00,2,49,0.03,NLOS,126.39,-9.40,-96.77,-68.99,6.22,39.19,1,56,-104.73,50,-110.62,63,-111.56,55,-112.40,62,-115.01,57,-117.51
585,6799.53,6321.00,2.00,2,49,0.03,NLOS,126.21,-9.40,-96.58,-68.80,6.65,39.19,0,56,-105.14,50,-110.41,63,-111.70,55,-112.49,62,-115.15,57,-117.60
586,6788.65,6321.00,2.00,2,49,0.03,NLOS,126.02,-9.40,-96.40,-68.62,7.05,39.19,0,56,-105.55,50,-110.20,63,-111.84,55,-112.57,62,-115.28,57,-117.69
587,6777.76,6321.00,2.00,2,49,0.03,NLOS,125.84,-7.41,-98.21,-70.43,5.42,39.19,0,56,-105.07,50,-110.31,44,-116.54,63,-117.32,62,-118.44,36,-119.07
588,6766.88,6321.00,2.00,2,49,0.03,NLOS,125.66,-7.41,-98.03,-70.25,5.82,39.19,0,56,-105.46,50,-110.11,44,-116.43,63,-117.46,62,-118.57,36,-118.97
589,6755.99,6321.00,2.00,2,49,0.03,NLOS,125.49,-7.41,-97.85,-70.07,6.19,39.19,0,56,-105.84,50,-109.90,44,-116.32,63,-117.59,62,-118.70,36,-118.87
590,6745.11,6321.00,2.00,2,49,0.04,NLOS,125.31,-8.45,-96.65,-68.86,5.16,39.19,0,50,-102.78,57,-105.92,56,-110.34,63,-115.48,43,-115.66,44,-118.68
591,6734.22,6321.00,2.00,2,49,0.04,NLOS,125.15,-8.45,-96.48,-68.70,5.21,39.19,0,50,-102.58,57,-106.02,56,-110.70,43,-115.47,63,-115.61,44,-118.57
592,6723.33,6321.00,2.00,2,49,0.04,NLOS,124.98,-8.45,-96.32,-68.53,5.25,39.19,0,50,-102.39,57,-106.12,56,-111.05,43,-115.28,63,-115.74,44,-118.46
593,6712.45,6321.00,2.00,2,50,0.04,NLOS,123.44,-3.39,-99.83,-72.05,2.22,39.19,1,62,-103.57,49,-104.66,43,-107.03,47,-111.91,56,-112.89,51,-118.27
594,6701.56,6321.00,2.00,2,50,0.04,NLOS,123.26,-3.39,-99.65,-71.87,2.28,39.19,0,62,-103.70,49,-104.51,43,-106.84,47,-111.90,56,-113.23,51,-118.25
595,6690.68,6321.00,2.00,2,50,0.04,NLOS,123.09,-3.39,-99.48,-71.69,2.33,39.19,0,62,-103.83,49,-104.36,43,-106.64,47,-111.89,56,-113.56,51,-118.23
596,6679.79,6321.00,2.00,2,56,0.03,NLOS,126.99,-12.97,-93.81,-66.03,7.81,39.19,1,50,-104.28,55,-108.43,49,-108.61,51,-109.20,43,-112.59,48,-112.83
597,6668.91,6321.00,2.00,2,56,0.03,NLOS,127.31,-12.97,-94.13,-66.35,7.40,39.19,0,50,-104.11,49,-108.48,55,-108.53,51,-109.18,43,-112.39,48,-112.81
598,6658.02,6321.00,2.00,2,56,0.03,NLOS,127.63,-12.97,-94.44,-66.66,7.00,39.19,0,50,-103.96,49,-108.35,55,-108.62,51,-109.16,43,-112.18,48,-112.79
599,6647.14,6321.00,2.00,2,49,0.04,NLOS,124.00,-5.14,-98.64,-70.85,6.11,39.19,1,56,-109.53,50,-110.26,57,-111.33,55,-111.48,51,-113.79,43,-115.86
600,6636.25,6321.00,2.00,2,49,0.04,NLOS,123.88,-5.14,-98.52,-70.74,6.29,39.19,0,56,-109.83,50,-110.12,57,-111.43,55,-111.57,51,-113.78,43,-115.65
601,6625.36,6321.00,2.00,2,49,0.04,NLOS,123.78,-5.14,-98.41,-70.63,6.44,39.19,0,50,-109.99,56,-110.13,57,-111.54,55,-111.67,51,-113.76,43,-115.45
602,6620.50,6314.98,2.00,3,49,0.04,NLOS,123.52,1.04,-104.35,-76.56,-0.59,39.19,0,50,-106.80,56,-109.38,51,-110.84,43,-111.93,44,-116.38,42,-116.54
603,6620.50,6304.09,2.00,3,49,0.04,NLOS,123.13,1.04,-103.96,-76.18,-0.02,39.19,0,50,-107.20,56,-109.37,51,-110.98,43,-111.93,42,-116.44,44,-116.49
604,6620.50,6293.21,2.00,3,49,0.04,NLOS,122.74,1.04,-103.56,-75.78,0.55,39.19,0,50,-107.60,56,-109.37,51,-111.12,43,-111.93,42,-116.33,44,-116.60
605,6620.50,6282.32,2.00,3,49,0.04,NLOS,122.33,-3.14,-98.98,-71.19,3.56,39.19,0,50,-103.09,62,-104.48,44,-112.80,55,-115.68,54,-116.23,51,-117.21
606,6620.50,6271.44,2.00,3,49,0.04,NLOS,121.92,-3.14,-98.56,-70.78,4.30,39.19,0,50,-103.47,62,-104.45,44,-112.90,55,-115.54,54,-116.13,51,-117.35
607,6620.50,6260.55,2.00,3,49,0.05,NLOS,121.50,-3.14,-98.14,-70.36,5.03,39.19,0,50,-103.84,62,-104.41,44,-113.01,55,-115.39,54,-116.04,51,-117.49
608,6620.50,6249.67,2.00,3,56,0.03,NLOS,128.71,-11.87,-96.63,-68.84,2.57,39.19,1,50,-102.16,49,-102.92,37,-111.11,57,-114.19,55,-116.59,48,-117.39
609,6620.50,6238.78,2.00,3,56,0.03,NLOS,128.73,-11.87,-96.65,-68.87,2.52,39.19,0,49,-102.48,50,-102.52,37,-111.14,57,-114.33,55,-116.45,48,-117.24
610,6620.50,6227.89,2.00,3,56,0.03,NLOS,128.76,-11.87,-96.68,-68.90,2.42,39.19,0,49,-102.03,50,-102.87,37,-111.18,57,-114.47,55,-116.31,48,-117.09
611,6620.50,6217.01,2.00,3,50,0.03,NLOS,125.71,-8.47,-97.02,-69.24,0.22,39.19,1,49,-97.71,56,-110.82,57,-111.62,48,-113.27,43,-115.28,54,-117.79
612,6620.50,6206.12,2.00,3,50,0.03,NLOS,126.04,-8.47,-97.36,-69.57,-0.54,39.19,0,49,-97.24,56,-110.86,57,-111.75,48,-113.12,43,-115.31,54,-117.69
613,6620.50,6195.24,2.00,3,50,0.03,NLOS,126.37,-8.47,-97.69,-69.91,-1.30,39.19,0,49,-96.75,56,-110.91,57,-111.89,48,-112.96,43,-115.33,54,-117.60
614,6620.50,6184.35,2.00,3,49,0.06,NLOS,118.25,3.75,-101.78,-74.00,1.14,39.19,1,44,-107.13,43,-107.94,56,-108.73,50,-109.37,55,-111.52,57,-114.34
615,6620.50,6173.47,2.00,3,49,0.06,NLOS,117.74,3.75,-101.27,-73.49,1.72,39.19,0,44,-107.23,43,-107.97,56,-108.78,50,-109.69,55,-111.38,57,-114.47
616,6620.50,6162.58,2.00,3,49,0.06,NLOS,117.21,3.75,-100.75,-72.96,2.30,39.19,0,44,-107.34,43,-108.00,56,-108.84,50,-110.00,55,-111.23,57,-114.61
617,6620.50,6151.69,2.00,3,56,0.03,NLOS,129.11,-7.93,-100.96,-73.18,1.59,39.19,1,49,-104.38,50,-109.18,55,-112.59,36,-113.85,43,-114.11,44,-116.98
618,6620.50,6140.81,2.00,3,56,0.03,NLOS,129.18,-7.93,-101.03,-73.25,1.20,39.19,0,49,-103.82,50,-109.48,55,-112.44,36,-113.83,43,-114.14,44,-117.08
619,6620.50,6129.92,2.00,3,56,0.03,NLOS,129.25,-7.93,-101.10,-73.32,0.76,39.19,0,49,-103.25,50,-109.78,55,-112.30,36,-113.81,43,-114.18,44,-117.19
620,6622.46,6121.00,2.00,0,56,0.03,NLOS,129.26,-6.08,-102.96,-75.18,-2.64,39.19,0,50,-102.91,49,-103.97,48,-113.74,44,-114.07,51,-114.28,43,-115.95
621,6633.35,6121.00,2.00,0,56,0.03,NLOS,128.99,-6.08,-102.69,-74.90,-2.21,39.19,0,50,-102.97,49,-104.26,48,-113.76,44,-114.15,51,-114.29,54,-116.05
622,6644.23,6121.00,2.00,0,56,0.03,NLOS,128.71,-6.08,-102.41,-74.63,-1.77,39.19,0,50,-103.04,49,-104.57,48,-113.78,44,-114.24,51,-114.30,54,-116.01
623,6655.12,6121.00,2.00,0,49,0.07,NLOS,116.03,-5.18,-90.63,-62.85,8.05,39.19,1,50,-100.11,56,-107.43,48,-108.66,55,-114.76,57,-116.97,42,-117.53
624,6666.00,6121.00,2.00,0,49,0.07,NLOS,116.35,-5.18,-90.95,-63.17,7.74,39.19,0,50,-100.19,56,-107.15,48,-108.68,55,-114.63,57,-116.90,42,-117.66
625,6676.89,6121.00,2.00,0,49,0.06,NLOS,116.69,-5.18,-91.29,-63.50,7.42,39.19,0,50,-100.27,56,-106.85,48,-108.70,55,-114.50,57,-116.82,42,-117.79
626,6687.78,6121.00,2.00,0,49,0.06,NLOS,117.03,5.35,-102.16,-74.38,-0.42,39.19,0,56,-103.54,48,-109.19,44,-110.54,57,-112.84,50,-112.89,42,-117.04
627,6698.66,6121.00,2.00,0,49,0.06,NLOS,117.38,5.35,-102.51,-74.73,-0.96,39.19,0,56,-103.24,48,-109.21,44,-110.63,57,-112.77,50,-112.97,55,-117.01
628,6709.55,6121.00,2.00,0,49,0.06,NLOS,117.73,5.35,-102.86,-75.08,-1.51,39.19,0,56,-102.93,48,-109.24,44,-110.72,57,-112.69,50,-113.07,55,-116.88
629,6720.43,6121.00,2.00,0,49,0.06,NLOS,118.08,-0.26,-97.61,-69.83,-0.64,39.19,0,43,-98.28,56,-105.14,50,-109.28,42,-111.33,37,-112.52,61,-114.13
630,6731.32,6121.00,2.00,0,49,0.06,NLOS,118.44,-0.26,-97.97,-70.18,-0.90,39.19,0,43,-98.46,56,-104.83,50,-109.37,42,-111.46,37,-112.61,61,-114.05
631,6742.20,6121.00,2.00,0,49,0.05,NLOS,118.80,-0.26,-98.33,-70.54,-1.18,39.19,0,43,-98.64,56,-104.51,50,-109.48,42,-111.58,37,-112.71,61,-113.97
632,6753.09,6121.00,2.00,0,49,0.05,NLOS,119.16,-4.56,-94.38,-66.60,10.04,39.19,0,56,-107.24,55,-110.56,48,-114.18,44,-115.27,57,-116.99,42,-117.98
633,6763.97,6121.00,2.00,0,49,0.05,NLOS,119.52,-4.56,-94.74,-66.96,9.49,39.19,0,56,-106.90,55,-110.43,48,-114.22,44,-115.36,57,-116.93,42,-118.10
634,6774.86,6121.00,2.00,0,49,0.05,NLOS,119.88,-4.56,-95.10,-67.32,8.93,39.19,0,56,-106.57,55,-110.30,48,-114.26,44,-115.45,57,-116.86,42,-118.23
635,6785.75,6121.00,2.00,0,49,0.05,NLOS,120.24,-5.11,-94.91,-67.13,5.04,39.19,0,56,-100.57,37,-110.66,50,-111.88,48,-114.32,64,-114.57,57,-116.44
636,6796.63,6121.00,2.00,0,49,0.05,NLOS,120.60,-5.11,-95.27,-67.49,4.39,39.19,0,56,-100.22,37,-110.75,50,-112.00,48,-114.36,64,-114.51,57,-116.38
637,6807.52,6121.00,2.00,0,49,0.05,NLOS,120.95,-5.11,-95.63,-67.84,3.72,39.19,0,56,-99.86,37,-110.84,50,-112.12,48,-114.40,64,-114.45,57,-116.31
638,6818.40,6121.00,2.00,0,56,0.04,NLOS,123.59,-14.61,-88.77,-60.99,11.77,39.19,1,49,-102.76,55,-107.95,48,-108.22,62,-111.30,43,-111.54,50,-111.97
639,6829.29,6121.00,2.00,0,56,0.04,NLOS,123.23,-14.61,-88.40,-60.62,12.31,39.19,0,49,-103.11,55,-107.83,48,-108.27,62,-111.15,43,-111.70,50,-112.09
640,6840.17,6121.00,2.00,0,56,0.04,NLOS,122.85,-14.61,-88.02,-60.24,12.85,39.19,0,49,-103.46,55,-107.71,48,-108.31,62,-110.99,43,-111.87,50,-112.22
641,6851.06,6121.00,2.00,0,56,0.04,NLOS,122.47,-3.03,-99.22,-71.43,-2.07,39.19,0,49,-99.76,50,-101.05,43,-112.69,55,-114.72,48,-114.73,62,-115.10
642,6861.95,6121.00,2.00,0,56,0.04,NLOS,122.08,-3.03,-98.83,-71.05,-1.44,39.19,0,49,-100.10,50,-101.18,43,-112.85,55,-114.60,48,-114.77,62,-114.95
643,6872.83,6121.00,2.00,0,56,0.04,NLOS,121.68,-3.03,-98.43,-70.65,-0.82,39.19,0,49,-100.44,50,-101.31,43,-113.01,55,-114.49,62,-114.79,48,-114.82
644,6883.72,6121.00,2.00,0,56,0.05,NLOS,121.28,6.49,-107.55,-79.77,-3.46,39.19,0,49,-106.87,55,-109.00,63,-115.04,53,-116.68,42,-116.93,50,-118.79
645,6894.60,6121.00,2.00,0,56,0.05,NLOS,120.87,6.49,-107.14,-79.36,-2.93,39.19,0,49,-107.20,55,-108.89,63,-114.91,53,-116.67,42,-117.05,50,-118.93
646,6905.49,6121.00,2.00,0,56,0.05,NLOS,120.45,6.49,-106.72,-78.94,-2.40,39.19,0,49,-107.53,55,-108.78,63,-114.78,53,-116.65,42,-117.16,50,-119.07
647,6916.37,6121.00,2.00,0,56,0.05,NLOS,120.03,3.98,-103.79,-76.01,-1.33,39.19,0,49,-103.66,63,-112.23,48,-113.77,62,-116.32,50,-116.58,55,-116.85
648,6927.26,6121.00,2.00,0,56,0.05,NLOS,119.59,3.98,-103.36,-75.58,-0.67,39.19,0,49,-103.98,63,-112.10,48,-113.82,62,-116.16,50,-116.72,55,-116.75
649,6938.14,6121.00,2.00,0,56,0.05,NLOS,119.15,3.98,-102.92,-75.14,-0.02,39.19,0,49,-104.30,63,-111.97,48,-113.88,62,-115.99,55,-116.64,50,-116.86
650,6949.03,6121.00,2.00,0,56,0.06,NLOS,118.70,-3.55,-94.94,-67.16,7.94,39.19,0,49,-106.23,50,-108.40,55,-110.07,61,-115.33,43,-116.31,57,-118.49
651,6959.92,6121.00,2.00,0,56,0.06,NLOS,118.25,-3.55,-94.48,-66.70,8.55,39.19,0,49,-106.54,50,-108.54,55,-109.98,61,-115.25,43,-116.46,57,-118.44
652,6970.80,6121.00,2.00,0,56,0.06,NLOS,117.78,-3.55,-94.02,-66.24,9.17,39.19,0,49,-106.84,50,-108.69,55,-109.88,61,-115.17,43,-116.61,57,-118.39
653,6981.69,6121.00,2.00,0,56,0.06,NLOS,117.31,-0.85,-96.24,-68.46,9.12,39.19,0,49,-108.71,55,-111.35,62,-112.58,43,-113.06,38,-117.15,35,-117.71
654,6992.57,6121.00,2.00,0,56,0.06,NLOS,116.83,-0.85,-95.76,-67.98,9.68,39.19,0,49,-109.00,55,-111.26,62,-112.41,43,-113.21,38,-117.21,35,-117.78
655,7003.46,6121.00,2.00,0,56,0.07,NLOS,116.35,-0.85,-95.27,-67.49,10.24,39.19,0,49,-109.30,55,-111.17,62,-112.24,43,-113.35,38,-117.27,35,-117.85
656,7014.34,6121.00,2.00,0,56,0.07,NLOS,115.85,-5.05,-90.59,-62.81,8.60,39.19,0,55,-99.89,44,-106.68,48,-107.64,49,-112.43,63,-114.63,50,-115.05
657,7025.23,6121.00,2.00,0,56,0.07,NLOS,115.35,-5.05,-90.09,-62.31,9.04,39.19,0,55,-99.81,44,-106.76,48,-107.71,49,-112.72,63,-114.49,50,-115.20
658,7036.12,6121.00,2.00,0,56,0.08,NLOS,114.85,-5.05,-89.59,-61.80,9.49,39.19,0,55,-99.73,44,-106.85,48,-107.77,49,-113.00,63,-114.35,50,-115.35
659,7047.00,6121.00,2.00,0,56,0.08,NLOS,114.34,0.08,-94.20,-66.42,9.24,39.19,0,50,-107.48,62,-109.08,49,-110.86,48,-111.54,55,-115.85,57,-116.24
660,7057.89,6121.00,2.00,0,56,0.08,NLOS,113.83,0.08,-93.69,-65.91,9.80,39.19,0,50,-107.63,62,-108.90,49,-111.14,48,-111.60,55,-115.78,57,-116.21
661,7068.77,6121.00,2.00,0,56,0.09,NLOS,113.31,0.08,-93.18,-65.40,10.35,39.19,0,50,-107.78,62,-108.71,49,-111.41,48,-111.67,55,-115.71,57,-116.18
662,7079.66,6121.00,2.00,0,56,0.09,NLOS,112.80,-0.86,-91.72,-63.94,11.22,39.19,0,55,-104.94,48,-110.37,57,-112.75,63,-113.11,49,-113.62,50,-114.91
663,7090.54,6121.00,2.00,0,56,0.10,NLOS,112.29,-0.86,-91.21,-63.43,11.71,39.19,0,55,-104.88,48,-110.43,57,-112.72,63,-112.97,49,-113.89,50,-115.06
664,7101.43,6121.00,2.00,0,56,0.10,NLOS,111.78,-0.86,-90.70,-62.92,12.19,39.19,0,55,-104.82,48,-110.50,57,-112.70,63,-112.83,49,-114.15,50,-115.21
665,7112.31,6121.00,2.00,0,56,0.11,NLOS,111.28,-0.81,-90.25,-62.47,10.25,39.19,0,55,-102.60,50,-108.38,49,-110.38,62,-112.19,43,-113.45,63,-114.74
666,7123.20,6121.00,2.00,0,56,0.11,NLOS,110.79,-0.81,-89.76,-61.98,10.74,39.19,0,55,-102.55,50,-108.53,49,-110.63,62,-112.00,43,-113.58,63,-114.60
667,7134.09,6121.00,2.00,0,56,0.12,NLOS,110.31,-0.81,-89.28,-61.50,11.21,39.19,0,55,-102.50,50,-108.68,49,-110.88,62,-111.80,43,-113.72,63,-114.45
668,7144.97,6121.00,2.00,0,56,0.12,NLOS,109.85,2.06,-91.69,-63.91,14.64,39.19,0,55,-111.06,57,-113.03,49,-113.38,43,-113.79,51,-114.79,50,-114.87
669,7155.86,6121.00,2.00,0,56,0.13,NLOS,109.41,2.06,-91.25,-63.47,15.11,39.19,0,55,-111.02,57,-113.02,49,-113.63,43,-113.92,51,-114.83,50,-115.02
670,7166.74,6121.00,2.00,0,56,0.13,NLOS,109.00,2.06,-90.84,-63.06,15.55,39.19,0,55,-110.98,57,-113.00,49,-113.87,43,-114.05,51,-114.88,50,-115.17
671,7177.63,6121.00,2.00,0,56,0.14,NLOS,108.63,-2.86,-85.55,-57.77,16.71,39.19,0,55,-103.24,43,-107.73,62,-112.60,54,-113.25,42,-114.85,57,-115.31
672,7188.51,6121.00,2.00,0,56,0.14,NLOS,108.29,-2.86,-85.22,-57.44,17.02,39.19,0,55,-103.21,43,-107.86,62,-112.39,54,-113.25,42,-114.95,57,-115.30
673,7199.40,6121.00,2.00,0,56,0.15,NLOS,108.00,-2.86,-84.93,-57.14,17.28,39.19,0,55,-103.19,43,-107.99,62,-112.19,54,-113.25,42,-115.06,57,-115.29
674,7210.28,6121.00,2.00,0,56,0.15,NLOS,107.76,3.65,-91.19,-63.40,9.00,39.19,0,55,-101.65,49,-107.25,64,-113.46,61,-114.63,62,-115.07,50,-116.64
675,7221.17,6121.00,2.00,0,56,0.15,NLOS,107.57,3.65,-91.00,-63.21,9.22,39.19,0,55,-101.64,49,-107.47,64,-113.41,61,-114.55,62,-114.86,50,-116.79
676,7232.06,6121.00,2.00,0,56,0.15,NLOS,107.44,3.65,-90.86,-63.08,9.38,39.19,0,55,-101.63,49,-107.70,64,-113.36,61,-114.47,62,-114.65,50,-116.94
677,7242.94,6121.00,2.00,0,56,0.15,NLOS,107.36,-2.92,-84.23,-56.45,18.35,39.19,0,55,-106.20,57,-110.20,43,-110.62,50,-111.44,62,-112.20,49,-112.43
678,7253.83,6121.00,2.00,0,56,0.15,NLOS,107.35,-2.92,-84.22,-56.44,18.37,39.19,0,55,-106.20,57,-110.20,43,-110.74,50,-111.58,62,-111.98,49,-112.65
679,7264.71,6121.00,2.00,0,56,0.15,NLOS,107.41,-2.92,-84.27,-56.49,18.32,39.19,0,55,-106.20,57,-110.20,43,-110.86,50,-111.73,62,-111.76,49,-112.87
680,7275.60,6121.00,2.00,0,56,0.15,NLOS,107.52,2.97,-90.28,-62.50,17.93,39.19,0,61,-109.33,57,-110.51,62,-116.48,49,-118.40,44,-118.99,54,-119.57
681,7286.48,6121.00,2.00,0,56,0.15,NLOS,107.69,2.97,-90.45,-62.67,17.75,39.19,0,61,-109.25,57,-110.51,62,-116.25,49,-118.61,44,-119.08,54,-119.57
682,7297.37,6121.00,2.00,0,56,0.15,NLOS,107.92,2.97,-90.68,-62.90,17.51,39.19,0,61,-109.18,57,-110.52,62,-116.02,49,-118.82,44,-119.16,54,-119.57
683,7308.26,6121.00,2.00,0,56,0.14,NLOS,108.20,-2.21,-85.77,-57.99,12.57,39.19,0,63,-100.16,62,-104.53,64,-110.14,55,-111.12,57,-115.36,49,-115.92
684,7319.14,6121.00,2.00,0,56,0.14,NLOS,108.52,-2.21,-86.10,-58.31,12.10,39.19,0,63,-100.01,62,-104.29,64,-110.09,55,-111.14,57,-115.37,49,-116.12
685,7330.03,6121.00,2.00,0,56,0.13,NLOS,108.89,-2.21,-86.46,-58.68,11.58,39.19,0,63,-99.86,62,-104.06,64,-110.05,55,-111.17,57,-115.38,49,-116.33
686,7340.91,6121.00,2.00,0,56,0.13,NLOS,109.29,-5.11,-83.96,-56.18,15.26,39.19,0,50,-101.56,62,-104.16,55,-113.56,63,-114.21,57,-116.30,69,-118.43
687,7351.80,6121.00,2.00,0,56,0.12,NLOS,109.72,-5.11,-84.39,-56.61,14.83,39.19,0,50,-101.70,62,-103.92,55,-113.60,63,-114.06,57,-116.31,69,-118.30
688,7362.68,6121.00,2.00,0,56,0.12,NLOS,110.17,-5.11,-84.84,-57.06,14.37,39.19,0,50,-101.84,62,-103.67,55,-113.64,63,-113.91,57,-116.33,69,-118.17
689,7373.57,6121.00,2.00,0,56,0.11,NLOS,110.64,3.19,-93.62,-65.84,11.21,39.19,0,61,-106.34,50,-108.16,57,-112.79,55,-113.14,48,-114.09,63,-114.51
690,7384.45,6121.00,2.00,0,56,0.11,NLOS,111.13,3.19,-94.11,-66.32,10.76,39.19,0,61,-106.27,50,-108.30,57,-112.81,55,-113.19,48,-114.17,63,-114.36
691,7395.34,6121.00,2.00,0,56,0.10,NLOS,111.63,3.19,-94.60,-66.82,10.30,39.19,0,61,-106.20,50,-108.44,57,-112.84,55,-113.24,63,-114.20,48,-114.25
692,7406.23,6121.00,2.00,0,56,0.10,NLOS,112.14,9.24,-101.16,-73.37,-0.95,39.19,0,55,-102.76,63,-104.92,50,-112.52,69,-112.65,51,-114.19,57,-116.05
693,7417.11,6121.00,2.00,0,56,0.09,NLOS,112.65,9.24,-101.67,-73.89,-1.48,39.19,0,55,-102.82,63,-104.77,69,-112.51,50,-112.65,51,-114.24,57,-116.07
694,7420.50,6113.50,2.00,3,56,0.09,NLOS,113.18,9.24,-102.20,-74.41,-2.06,39.19,0,55,-102.67,63,-104.83,69,-112.48,50,-112.76,51,-114.32,57,-116.20
695,7420.50,6102.62,2.00,3,56,0.08,NLOS,113.71,-3.54,-89.96,-62.17,13.13,39.19,0,55,-106.79,62,-108.99,63,-109.33,61,-109.78,69,-117.14,49,-117.46
696,7420.50,6091.73,2.00,3,56,0.08,NLOS,114.24,-3.54,-90.49,-62.70,12.50,39.19,0,55,-106.53,62,-108.88,63,-109.49,61,-109.65,69,-117.16,49,-117.42
697,7420.50,6080.85,2.00,3,56,0.08,NLOS,114.77,-3.54,-91.01,-63.23,11.86,39.19,0,55,-106.27,62,-108.77,61,-109.52,63,-109.65,69,-117.18,49,-117.37
698,7420.50,6069.96,2.00,3,56,0.07,NLOS,115.28,-5.16,-89.91,-62.12,9.88,39.19,0,55,-100.66,48,-108.62,63,-110.88,62,-112.29,61,-113.70,54,-114.47
699,7420.50,6059.07,2.00,3,56,0.07,NLOS,115.80,-5.16,-90.42,-62.64,9.15,39.19,0,55,-100.39,48,-108.52,63,-111.04,62,-112.19,61,-113.57,54,-114.35
700,7420.50,6048.19,2.00,3,56,0.07,NLOS,116.30,-5.16,-90.92,-63.14,8.42,39.19,0,55,-100.11,48,-108.42,63,-111.20,62,-112.10,61,-113.43,54,-114.22
701,7420.50,6037.30,2.00,3,56,0.06,NLOS,116.80,-5.98,-90.60,-62.82,3.87,39.19,0,62,-96.86,55,-100.40,63,-103.03,49,-110.29,48,-117.09,68,-118.07
702,7420.50,6026.42,2.00,3,56,0.06,NLOS,117.29,-5.98,-91.09,-63.31,3.28,39.19,0,62,-96.78,55,-100.11,63,-103.18,49,-110.25,48,-116.99,68,-118.02
703,7420.50,6015.53,2.00,3,56,0.06,NLOS,117.77,-5.98,-91.57,-63.79,2.69,39.19,0,62,-96.70,55,-99.82,63,-103.34,49,-110.22,48,-116.89,68,-117.96
704,7420.50,6004.65,2.00,3,56,0.06,NLOS,118.24,-7.51,-90.52,-62.73,10.57,39.19,0,49,-104.51,50,-109.30,62,-109.55,57,-109.78,55,-110.93,42,-116.58
705,7420.50,5993.76,2.00,3,56,0.06,NLOS,118.70,-7.51,-90.98,-63.20,10.08,39.19,0,49,-104.48,50,-109.40,62,-109.48,57,-109.94,55,-110.63,42,-116.55
706,7420.50,5982.88,2.00,3,56,0.05,NLOS,119.16,-7.51,-91.43,-63.65,9.61,39.19,0,49,-104.45,62,-109.42,50,-109.50,57,-110.09,55,-110.33,42,-116.51
707,7420.50,5971.99,2.00,3,56,0.05,NLOS,119.60,1.04,-100.43,-72.65,-1.01,39.19,0,55,-100.20,68,-106.03,62,-109.45,70,-112.19,50,-115.09,63,-115.33
708,7420.50,5961.10,2.00,3,56,0.05,NLOS,120.04,1.04,-100.87,-73.09,-1.71,39.19,0,55,-99.88,68,-105.98,62,-109.39,70,-112.26,50,-115.18,63,-115.48
709,7420.50,5950.22,2.00,3,56,0.05,NLOS,120.47,1.04,-101.30,-73.52,-2.41,39.19,0,55,-99.56,68,-105.93,62,-109.34,70,-112.33,50,-115.28,63,-115.64
710,7420.50,5939.33,2.00,3,56,0.05,NLOS,120.90,-0.32,-100.35,-72.57,6.47,39.19,0,49,-112.02,62,-112.53,55,-113.22,50,-115.49,54,-120.63,39,-121.66
711,7420.50,5928.45,2.00,3,56,0.05,NLOS,121.31,-0.32,-100.77,-72.99,5.98,39.19,0,49,-112.01,62,-112.49,55,-112.89,50,-115.59,54,-120.49,39,-121.62
712,7417.06,5921.00,2.00,2,56,0.04,NLOS,121.53,-0.32,-100.99,-73.21,5.70,39.19,0,49,-111.93,62,-112.57,55,-112.62,50,-115.62,54,-120.40,39,-121.58
713,7406.18,5921.00,2.00,2,56,0.05,NLOS,121.35,0.63,-101.77,-73.99,-0.81,39.19,0,49,-104.51,62,-105.02,55,-109.24,61,-110.71,54,-115.08,53,-117.83
714,7395.29,5921.00,2.00,2,56,0.05,NLOS,121.19,0.63,-101.60,-73.82,-0.64,39.19,0,49,-104.31,62,-105.32,55,-109.13,61,-110.80,54,-115.06,53,-117.82
715,7384.41,5921.00,2.00,2,56,0.05,NLOS,121.03,0.63,-101.44,-73.66,-0.49,39.19,0,49,-104.10,62,-105.62,55,-109.03,61,-110.89,54,-115.05,53,-117.82
716,7373.52,5921.00,2.00,2,62,0.03,NLOS,128.64,-7.07,-101.35,-73.57,5.63,39.19,1,56,-110.86,55,-111.15,49,-114.79,57,-116.87,63,-117.60,54,-118.18
717,7362.63,5921.00,2.00,2,62,0.03,NLOS,128.93,-7.07,-101.64,-73.86,5.27,39.19,0,56,-110.72,55,-111.06,49,-114.58,57,-116.86,63,-117.71,54,-118.17
718,7351.75,5921.00,2.00,2,62,0.03,NLOS,129.21,-7.07,-101.92,-74.14,4.92,39.19,0,56,-110.60,55,-110.98,49,-114.36,57,-116.84,63,-117.82,54,-118.16
719,7340.86,5921.00,2.00,2,56,0.05,NLOS,120.50,-2.20,-98.08,-70.30,0.08,39.19,1,62,-102.11,55,-102.28,50,-107.45,49,-112.05,63,-112.34,68,-116.51
720,7329.98,5921.00,2.00,2,56,0.05,NLOS,120.39,-2.20,-97.97,-70.19,0.25,39.19,0,55,-102.21,62,-102.39,50,-107.34,49,-111.83,63,-112.45,68,-116.63
721,7319.09,5921.00,2.00,2,56,0.05,NLOS,120.30,-2.20,-97.88,-70.10,0.40,39.19,0,55,-102.16,62,-102.66,50,-107.22,49,-111.61,63,-112.56,68,-116.75
722,7308.21,5921.00,2.00,2,57,0.01,NLOS,140.23,-17.15,-102.86,-75.08,1.56,39.19,1,56,-106.12,69,-109.41,49,-110.11,63,-111.71,62,-113.29,55,-114.21
723,7297.32,5921.00,2.00,2,57,0.01,NLOS,140.22,-17.15,-102.86,-75.08,1.54,39.19,0,56,-106.05,69,-109.53,49,-109.88,63,-111.82,62,-113.55,55,-114.17
724,7286.43,5921.00,2.00,2,57,0.01,NLOS,140.22,-17.15,-102.85,-75.07,1.52,39.19,0,56,-106.00,69,-109.64,49,-109.65,63,-111.94,62,-113.81,55,-114.14
725,7275.55,5921.00,2.00,2,56,0.05,NLOS,120.06,-9.30,-90.54,-62.76,9.78,39.19,1,55,-102.66,62,-105.31,49,-111.13,67,-113.01,43,-116.47,68,-119.20
726,7264.66,5921.00,2.00,2,56,0.05,NLOS,120.03,-9.30,-90.51,-62.73,9.85,39.19,0,55,-102.64,62,-105.56,49,-110.89,67,-113.08,43,-116.36,68,-119.32
727,7253.78,5921.00,2.00,2,56,0.05,NLOS,120.02,-9.30,-90.50,-62.72,9.91,39.19,0,55,-102.64,62,-105.81,49,-110.65,67,-113.15,43,-116.24,68,-119.43
728,7242.89,5921.00,2.00,2,56,0.05,NLOS,120.03,1.50,-101.31,-73.53,-2.27,39.19,0,55,-99.91,63,-109.81,61,-111.20,48,-114.10,57,-114.30,50,-114.84
729,7232.01,5921.00,2.00,2,56,0.05,NLOS,120.04,1.50,-101.32,-73.54,-2.27,39.19,0,55,-99.92,63,-109.93,61,-111.29,48,-114.00,57,-114.30,50,-114.73
730,7221.12,5921.00,2.00,2,56,0.05,NLOS,120.07,1.50,-101.35,-73.57,-2.28,39.19,0,55,-99.94,63,-110.04,61,-111.39,48,-113.90,57,-114.30,50,-114.62
731,7210.24,5921.00,2.00,2,56,0.05,NLOS,120.12,-4.80,-95.10,-67.32,8.02,39.19,0,55,-104.07,69,-111.59,62,-115.14,49,-115.64,57,-117.14,60,-118.52
732,7199.35,5921.00,2.00,2,56,0.05,NLOS,120.17,-4.80,-95.16,-67.38,7.98,39.19,0,55,-104.11,69,-111.71,62,-115.37,49,-115.38,57,-117.15,60,-118.56
733,7188.46,5921.00,2.00,2,56,0.05,NLOS,120.24,-4.80,-95.23,-67.45,7.94,39.19,0,55,-104.15,69,-111.82,49,-115.11,62,-115.60,57,-117.15,60,-118.60
734,7177.58,5921.00,2.00,2,55,0.04,NLOS,124.53,-8.31,-96.00,-68.21,4.43,39.19,1,56,-101.02,49,-111.59,57,-114.73,62,-115.00,50,-115.46,63,-116.25
735,7166.69,5921.00,2.00,2,55,0.04,NLOS,124.59,-8.31,-96.06,-68.27,4.44,39.19,0,56,-101.11,49,-111.32,57,-114.74,62,-115.22,50,-115.34,63,-116.37
736,7155.81,5921.00,2.00,2,55,0.04,NLOS,124.65,-8.31,-96.12,-68.34,4.45,39.19,0,56,-101.22,49,-111.04,57,-114.75,50,-115.23,62,-115.44,63,-116.48
737,7144.92,5921.00,2.00,2,55,0.04,NLOS,124.73,2.10,-106.61,-78.83,-4.26,39.19,0,56,-105.24,49,-109.21,62,-110.12,48,-112.73,60,-114.92,43,-115.57
738,7134.04,5921.00,2.00,2,55,0.04,NLOS,124.81,2.10,-106.69,-78.91,-4.31,39.19,0,56,-105.37,49,-108.92,62,-110.34,48,-112.64,60,-114.96,43,-115.45
739,7123.15,5921.00,2.00,2,55,0.04,NLOS,124.90,2.10,-106.78,-79.00,-4.37,39.19,0,56,-105.51,49,-108.63,62,-110.55,48,-112.54,60,-115.00,43,-115.32
740,7112.27,5921.00,2.00,2,55,0.04,NLOS,124.99,-3.91,-100.86,-73.08,4.03,39.19,0,56,-106.37,62,-114.02,48,-115.42,51,-117.64,43,-118.20,60,-119.04
741,7101.38,5921.00,2.00,2,55,0.04,NLOS,125.09,-3.91,-100.96,-73.18,4.05,39.19,0,56,-106.53,62,-114.22,48,-115.33,51,-117.60,43,-118.07,49,-118.99
742,7090.49,5921.00,2.00,2,55,0.04,NLOS,125.20,-3.91,-101.07,-73.29,4.07,39.19,0,56,-106.70,62,-114.43,48,-115.24,51,-117.57,43,-117.94,49,-118.69
743,7079.61,5921.00,2.00,2,56,0.04,NLOS,121.59,-5.99,-95.37,-67.59,3.23,39.19,1,49,-100.93,50,-106.57,62,-106.92,55,-109.88,57,-114.08,69,-114.54
744,7068.72,5921.00,2.00,2,56,0.04,NLOS,121.77,-5.99,-95.56,-67.78,2.88,39.19,0,49,-100.61,50,-106.47,62,-107.12,55,-110.00,57,-114.10,69,-114.65
745,7057.84,5921.00,2.00,2,56,0.04,NLOS,121.97,-5.99,-95.75,-67.97,2.50,39.19,0,49,-100.29,50,-106.36,62,-107.32,55,-110.12,57,-114.13,69,-114.75
746,7046.95,5921.00,2.00,2,56,0.04,NLOS,122.17,4.98,-106.93,-79.15,-3.85,39.19,0,49,-103.95,48,-114.18,50,-115.42,63,-115.50,43,-116.49,55,-117.28
747,7036.07,5921.00,2.00,2,49,0.03,NLOS,126.02,-2.19,-103.61,-75.83,1.29,39.19,1,56,-107.14,48,-114.10,50,-115.31,63,-115.61,43,-116.36,55,-117.42
748,7025.18,5921.00,2.00,2,49,0.03,NLOS,125.68,-2.19,-103.27,-75.49,1.73,39.19,0,56,-107.35,48,-114.01,50,-115.21,63,-115.72,43,-116.23,55,-117.56
749,7026.71,5921.00,2.00,0,49,0.03,NLOS,125.73,-2.19,-103.32,-75.53,1.66,39.19,0,56,-107.32,48,-114.02,50,-115.22,63,-115.70,43,-116.24,55,-117.54
750,7037.59,5921.00,2.00,0,49,0.03,NLOS,126.07,-4.42,-101.43,-73.65,0.92,39.19,0,55,-103.15,62,-112.40,42,-113.26,54,-115.41,63,-115.74,51,-116.15
751,7048.48,5921.00,2.00,0,49,0.03,NLOS,126.41,-4.42,-101.76,-73.98,0.48,39.19,0,55,-103.01,62,-112.20,42,-113.38,54,-115.39,63,-115.63,51,-116.18
752,7059.36,5921.00,2.00,0,49,0.03,NLOS,126.74,-4.42,-102.09,-74.31,0.05,39.19,0,55,-102.88,62,-112.01,42,-113.51,54,-115.37,63,-115.52,51,-116.22
753,7070.25,5921.00,2.00,0,55,0.03,NLOS,125.42,-2.66,-102.54,-74.76,3.21,39.19,1,56,-109.15,49,-111.29,62,-114.05,69,-114.33,50,-114.95,42,-116.34
754,7081.13,5921.00,2.00,0,55,0.04,NLOS,125.30,-2.66,-102.42,-74.64,3.30,39.19,0,56,-108.97,49,-111.61,62,-113.85,69,-114.22,50,-115.05,42,-116.47
755,7092.02,5921.00,2.00,0,55,0.04,NLOS,125.19,-2.66,-102.31,-74.53,3.37,39.19,0,56,-108.79,49,-111.92,62,-113.65,69,-114.11,50,-115.16,42,-116.59
756,7102.90,5921.00,2.00,0,56,0.05,NLOS,121.21,-5.90,-95.09,-67.31,10.32,39.19,1,49,-109.70,55,-111.47,50,-112.44,62,-114.05,54,-118.25,42,-118.74
757,7113.79,5921.00,2.00,0,56,0.05,NLOS,121.05,-5.90,-94.93,-67.15,10.56,39.19,0,49,-110.00,55,-111.37,50,-112.55,62,-113.84,54,-118.24,42,-118.86
758,7124.68,5921.00,2.00,0,56,0.05,NLOS,120.90,-5.90,-94.78,-67.00,10.77,39.19,0,49,-110.30,55,-111.28,50,-112.66,62,-113.63,54,-118.22,42,-118.98
759,7135.56,5921.00,2.00,0,56,0.05,NLOS,120.76,4.48,-105.03,-77.25,-3.19,39.19,0,55,-103.09,49,-109.01,42,-116.38,67,-116.72,43,-118.20,63,-118.95
760,7146.45,5921.00,2.00,0,56,0.05,NLOS,120.63,4.48,-104.90,-77.12,-3.07,39.19,0,55,-103.01,49,-109.29,42,-116.49,67,-116.65,43,-118.33,63,-118.83
761,7157.33,5921.00,2.00,0,56,0.05,NLOS,120.52,4.48,-104.78,-77.00,-2.96,39.19,0,55,-102.93,49,-109.57,67,-116.58,42,-116.61,43,-118.45,63,-118.72
762,7168.22,5921.00,2.00,0,56,0.05,NLOS,120.41,-5.77,-94.42,-66.64,-0.57,39.19,0,55,-95.62,62,-100.00,49,-105.31,50,-111.93,54,-117.32,48,-118.96
763,7179.10,5921.00,2.00,0,56,0.05,NLOS,120.31,-5.77,-94.32,-66.54,-0.55,39.19,0,55,-95.56,62,-99.77,49,-105.58,50,-112.04,54,-117.31,48,-119.06
764,7189.99,5921.00,2.00,0,56,0.05,NLOS,120.23,-5.77,-94.24,-66.46,-0.54,39.19,0,55,-95.51,62,-99.55,49,-105.85,50,-112.15,54,-117.30,48,-119.15
765,7200.88,5921.00,2.00,0,56,0.05,NLOS,120.16,-9.46,-90.49,-62.70,15.20,39.19,0,55,-108.91,62,-112.01,63,-112.85,36,-117.34,49,-118.65,43,-120.47
766,7211.76,5921.00,2.00,0,56,0.05,NLOS,120.11,-9.46,-90.43,-62.65,15.18,39.19,0,55,-108.87,62,-111.78,63,-112.74,36,-117.43,49,-118.91,43,-120.59
767,7220.50,5923.15,2.00,1,56,0.05,NLOS,119.98,-9.46,-90.30,-62.52,15.28,39.19,0,55,-108.93,62,-111.60,63,-112.63,36,-117.50,49,-119.12,43,-120.68
768,7220.50,5934.03,2.00,1,56,0.05,NLOS,119.48,3.04,-102.30,-74.52,-2.92,39.19,0,55,-100.55,62,-110.12,57,-110.75,49,-113.22,44,-114.68,63,-116.36
769,7220.50,5944.92,2.00,1,56,0.05,NLOS,118.98,3.04,-101.79,-74.01,-2.15,39.19,0,55,-100.91,62,-110.14,57,-110.60,49,-113.25,44,-114.62,63,-116.25
770,7220.50,5955.80,2.00,1,56,0.06,NLOS,118.45,3.04,-101.27,-73.49,-1.37,39.19,0,55,-101.26,62,-110.17,57,-110.44,49,-113.28,44,-114.56,63,-116.13
771,7220.50,5966.69,2.00,1,62,0.02,NLOS,132.42,-18.00,-94.20,-66.42,4.90,39.19,1,56,-101.53,55,-103.13,50,-106.32,49,-106.81,57,-117.33,61,-117.62
772,7220.50,5977.57,2.00,1,62,0.02,NLOS,132.45,-18.00,-94.23,-66.45,4.67,39.19,0,56,-100.97,55,-103.47,50,-106.19,49,-106.84,57,-117.17,61,-117.73
773,7220.50,5988.46,2.00,1,62,0.02,NLOS,132.49,-18.00,-94.27,-66.49,4.37,39.19,0,56,-100.39,55,-103.80,50,-106.07,49,-106.88,57,-117.02,61,-117.85
774,7220.50,5999.35,2.00,1,56,0.07,NLOS,116.18,6.03,-101.99,-74.21,1.60,39.19,1,55,-105.16,57,-112.52,49,-113.09,54,-116.47,48,-117.05,61,-117.96
775,7220.50,6010.23,2.00,1,56,0.07,NLOS,115.56,6.03,-101.37,-73.59,2.42,39.19,0,55,-105.49,57,-112.37,49,-113.13,54,-116.60,48,-117.17,61,-118.07
776,7220.50,6021.12,2.00,1,56,0.08,NLOS,114.92,6.03,-100.73,-72.95,3.25,39.19,0,55,-105.80,57,-112.21,49,-113.18,54,-116.73,48,-117.29,61,-118.19
777,7220.50,6032.00,2.00,1,56,0.08,NLOS,114.26,-4.67,-89.36,-61.58,14.80,39.19,0,49,-108.94,57,-110.07,62,-113.15,50,-113.92,63,-114.18,55,-115.99
778,7220.50,6042.89,2.00,1,56,0.09,NLOS,113.56,-4.67,-88.67,-60.89,15.46,39.19,0,49,-108.99,57,-109.91,62,-113.20,50,-113.79,63,-114.07,55,-116.29
779,7220.50,6053.77,2.00,1,56,0.09,NLOS,112.84,-4.67,-87.95,-60.17,16.16,39.19,0,49,-109.05,57,-109.74,62,-113.25,50,-113.66,63,-113.95,55,-116.59
780,7220.50,6064.66,2.00,1,56,0.10,NLOS,112.09,-2.30,-89.58,-61.79,5.54,39.19,0,55,-95.53,62,-109.66,50,-110.55,57,-115.05,63,-115.63,69,-115.72
781,7220.50,6075.54,2.00,1,56,0.11,NLOS,111.30,-2.30,-88.79,-61.01,6.59,39.19,0,55,-95.82,62,-109.72,50,-110.42,57,-114.89,63,-115.51,69,-115.70
782,7220.50,6086.43,2.00,1,56,0.11,NLOS,110.48,-2.30,-87.97,-60.18,7.66,39.19,0,55,-96.11,62,-109.78,50,-110.29,57,-114.71,63,-115.39,69,-115.68
783,7220.50,6097.32,2.00,1,56,0.12,NLOS,109.62,-2.39,-87.01,-59.23,16.58,39.19,0,50,-108.62,63,-109.85,49,-110.94,62,-111.76,55,-113.72,48,-114.68
784,7220.50,6108.20,2.00,1,56,0.14,NLOS,108.71,-2.39,-86.10,-58.32,17.47,39.19,0,50,-108.49,63,-109.73,49,-111.01,62,-111.83,55,-114.00,48,-114.80
785,7220.50,6119.09,2.00,1,56,0.15,NLOS,107.75,-2.39,-85.15,-57.37,18.41,39.19,0,50,-108.36,63,-109.62,49,-111.09,62,-111.89,55,-114.27,48,-114.92
786,7220.50,6112.03,2.00,3,56,0.14,NLOS,108.38,5.71,-93.86,-66.08,5.19,39.19,0,62,-102.40,55,-102.62,50,-111.68,48,-112.56,49,-114.57,51,-118.39
787,7220.50,6101.14,2.00,3,56,0.13,NLOS,109.30,5.71,-94.79,-67.01,4.12,39.19,0,62,-102.33,55,-102.35,50,-111.80,48,-112.44,49,-114.50,51,-118.49
788,7220.50,6090.26,2.00,3,56,0.12,NLOS,110.18,5.71,-95.67,-67.89,3.09,39.19,0,55,-102.07,62,-102.27,50,-111.93,48,-112.32,49,-114.42,51,-118.59
789,7220.50,6079.37,2.00,3,56,0.11,NLOS,111.02,2.07,-92.87,-65.09,5.13,39.19,0,55,-99.58,62,-106.71,48,-107.99,63,-108.88,49,-110.07,43,-115.80
790,7220.50,6068.48,2.00,3,56,0.10,NLOS,111.82,2.07,-93.67,-65.89,4.13,39.19,0,55,-99.29,62,-106.65,48,-107.87,63,-109.00,49,-110.00,43,-115.82
791,7220.50,6057.60,2.00,3,56,0.09,NLOS,112.58,2.07,-94.44,-66.66,3.16,39.19,0,55,-99.00,62,-106.59,48,-107.75,63,-109.12,49,-109.93,43,-115.84
792,7220.50,6046.71,2.00,3,56,0.09,NLOS,113.31,-6.66,-86.44,-58.65,17.49,39.19,0,63,-106.10,55,-111.25,61,-111.29,35,-113.52,62,-113.89,43,-114.63
793,7220.50,6035.83,2.00,3,56,0.08,NLOS,114.02,-6.66,-87.14,-59.36,16.80,39.19,0,63,-106.22,55,-110.95,61,-111.18,35,-113.49,62,-113.84,43,-114.65
794,7220.50,6024.94,2.00,3,56,0.08,NLOS,114.69,-6.66,-87.81,-60.03,16.13,39.19,0,63,-106.33,55,-110.64,61,-111.06,35,-113.46,62,-113.79,43,-114.68
795,7220.50,6014.06,2.00,3,56,0.07,NLOS,115.34,-1.96,-93.16,-65.38,14.09,39.19,0,57,-112.32,55,-112.47,51,-115.08,62,-115.51,49,-116.44,41,-116.71
796,7220.50,6003.17,2.00,3,56,0.07,NLOS,115.97,-1.96,-93.78,-66.00,13.41,39.19,0,55,-112.15,57,-112.48,51,-115.18,62,-115.47,49,-116.40,41,-116.65
797,7220.50,5992.29,2.00,3,56,0.07,NLOS,116.57,-1.96,-94.39,-66.61,12.75,39.19,0,55,-111.82,57,-112.64,51,-115.28,62,-115.43,49,-116.35,41,-116.58
798,7220.50,5981.40,2.00,3,56,0.06,NLOS,117.15,3.26,-100.20,-72.42,2.99,39.19,0,54,-105.41,62,-105.73,49,-109.40,48,-110.55,50,-113.28,55,-113.61
799,7220.50,5970.51,2.00,3,56,0.06,NLOS,117.72,3.26,-100.76,-72.98,2.38,39.19,0,54,-105.28,62,-105.70,49,-109.36,48,-110.43,55,-113.28,50,-113.41
800,7220.50,5959.63,2.00,3,56,0.06,NLOS,118.26,3.26,-101.31,-73.53,1.79,39.19,0,54,-105.15,62,-105.67,49,-109.32,48,-110.31,55,-112.93,50,-113.54
801,7220.50,5948.74,2.00,3,62,0.02,NLOS,132.38,-13.34,-98.82,-71.04,0.44,39.19,1,56,-102.14,55,-104.37,61,-107.05,50,-111.18,57,-112.72,42,-116.33
802,7220.50,5937.86,2.00,3,62,0.02,NLOS,132.35,-13.34,-98.80,-71.01,0.58,39.19,0,56,-102.66,55,-104.01,61,-106.93,50,-111.31,57,-112.87,42,-116.29
803,7220.50,5926.97,2.00,3,62,0.02,NLOS,132.33,-13.34,-98.78,-70.99,0.67,39.19,0,56,-103.16,55,-103.65,61,-106.81,50,-111.44,57,-113.02,42,-116.25
804,7220.50,5925.91,2.00,1,62,0.02,NLOS,132.33,-13.34,-98.77,-70.99,0.68,39.19,0,56,-103.20,55,-103.61,61,-106.80,50,-111.45,57,-113.04,42,-116.25
805,7220.50,5936.80,2.00,1,56,0.05,NLOS,119.36,-2.16,-96.98,-69.20,6.61,39.19,1,55,-105.26,49,-110.20,44,-113.27,48,-115.59,54,-117.15,62,-117.78
806,7220.50,5947.68,2.00,1,56,0.05,NLOS,118.84,-2.16,-96.46,-68.68,7.37,39.19,0,55,-105.62,49,-110.23,44,-113.21,48,-115.72,54,-117.28,62,-117.81
807,7220.50,5958.57,2.00,1,56,0.06,NLOS,118.32,-2.16,-95.94,-68.16,8.13,39.19,0,55,-105.98,49,-110.26,44,-113.15,48,-115.84,54,-117.42,62,-117.83
808,7220.50,5969.46,2.00,1,56,0.06,NLOS,117.77,5.01,-102.56,-74.78,-0.21,39.19,0,62,-104.59,49,-108.96,55,-112.95,50,-116.43,69,-118.00,70,-118.19
809,7220.50,5980.34,2.00,1,56,0.06,NLOS,117.21,5.01,-102.00,-74.21,0.40,39.19,0,62,-104.62,49,-109.00,55,-113.29,50,-116.30,69,-117.98,70,-118.13
810,7220.50,5991.23,2.00,1,56,0.07,NLOS,116.63,5.01,-101.41,-73.63,1.03,39.19,0,62,-104.66,49,-109.04,55,-113.62,50,-116.17,69,-117.96,70,-118.07
811,7220.50,6002.11,2.00,1,56,0.07,NLOS,116.03,5.98,-101.78,-74.00,4.28,39.19,0,55,-108.57,50,-111.69,43,-112.49,49,-115.48,69,-116.40,28,-120.14
812,7220.50,6013.00,2.00,1,56,0.07,NLOS,115.40,5.98,-101.16,-73.38,5.05,39.19,0,55,-108.89,50,-111.56,43,-112.47,49,-115.53,69,-116.38,28,-120.16
813,7220.50,6023.88,2.00,1,56,0.08,NLOS,114.75,5.98,-100.51,-72.73,5.83,39.19,0,55,-109.21,50,-111.43,43,-112.45,49,-115.58,69,-116.36,28,-120.19
814,7220.50,6034.77,2.00,1,63,0.02,NLOS,137.27,-18.00,-99.05,-71.27,6.32,39.19,1,55,-102.86,56,-106.40,54,-112.69,48,-112.99,64,-115.92,42,-116.33
815,7220.50,6045.66,2.00,1,63,0.02,NLOS,137.15,-18.00,-98.93,-71.15,5.87,39.19,0,55,-103.16,56,-105.70,54,-112.82,48,-113.11,64,-115.83,42,-116.38
816,7220.50,6056.54,2.00,1,63,0.02,NLOS,137.03,-18.00,-98.81,-71.03,5.37,39.19,0,55,-103.46,56,-104.97,54,-112.94,48,-113.23,64,-115.73,42,-116.42
817,7220.50,6067.43,2.00,1,56,0.10,NLOS,111.89,4.81,-96.48,-68.70,6.66,39.19,1,62,-106.14,55,-109.28,49,-112.51,50,-114.34,48,-115.56,42,-117.13
818,7220.50,6078.31,2.00,1,56,0.11,NLOS,111.10,4.81,-95.69,-67.91,7.55,39.19,0,62,-106.20,55,-109.57,49,-112.58,50,-114.21,48,-115.68,42,-117.18
819,7220.50,6089.20,2.00,1,56,0.12,NLOS,110.27,4.81,-94.86,-67.07,8.47,39.19,0,62,-106.26,55,-109.85,49,-112.65,50,-114.08,48,-115.80,42,-117.23
820,7220.50,6100.08,2.00,1,56,0.13,NLOS,109.39,-0.34,-88.83,-61.05,9.41,39.19,0,63,-100.50,62,-104.22,55,-109.69,50,-111.31,49,-114.08,54,-116.60
821,7220.50,6110.97,2.00,1,56,0.14,NLOS,108.47,-0.34,-87.91,-60.13,10.29,39.19,0,63,-100.39,62,-104.29,55,-109.97,50,-111.18,49,-114.16,54,-116.72
822,7220.50,6121.85,2.00,1,56,0.15,NLOS,107.50,-0.34,-86.94,-59.16,11.22,39.19,0,63,-100.27,62,-104.36,55,-110.24,50,-111.05,49,-114.24,54,-116.84
823,7220.50,6132.74,2.00,1,56,0.17,NLOS,106.47,-7.22,-79.04,-51.26,22.99,39.19,0,62,-104.26,55,-108.08,57,-111.46,42,-114.37,51,-114.73,70,-117.01
824,7220.50,6143.63,2.00,1,56,0.19,NLOS,105.38,-7.22,-77.95,-50.17,24.17,39.19,0,62,-104.33,55,-108.34,57,-111.28,42,-114.42,51,-114.63,70,-116.96
825,7220.50,6154.51,2.00,1,56,0.21,NLOS,104.22,-7.22,-76.79,-49.01,25.41,39.19,0,62,-104.41,55,-108.59,57,-111.10,42,-114.47,51,-114.53,70,-116.90
826,7220.50,6165.40,2.00,1,56,0.23,NLOS,102.98,-8.19,-74.57,-46.79,30.71,39.19,0,62,-109.49,63,-111.26,44,-111.47,57,-112.04,49,-117.06,55,-118.51
827,7220.50,6176.28,2.00,1,56,0.26,NLOS,101.65,-8.19,-73.24,-45.46,32.01,39.19,0,62,-109.57,63,-111.14,44,-111.41,57,-111.86,49,-117.16,43,-118.75
828,7220.50,6187.17,2.00,1,56,0.29,NLOS,100.22,-8.19,-71.81,-44.03,33.42,39.19,0,62,-109.65,63,-111.03,44,-111.35,57,-111.67,49,-117.25,43,-118.74
829,7220.50,6198.05,2.00,1,56,0.33,NLOS,98.68,1.87,-80.33,-52.55,27.22,39.19,0,49,-110.98,48,-115.25,54,-115.90,44,-116.11,63,-116.34,57,-116.61
830,7220.50,6208.94,2.00,1,56,0.37,NLOS,97.00,1.87,-78.65,-50.87,28.93,39.19,0,49,-111.08,48,-115.36,54,-116.01,44,-116.05,63,-116.23,57,-116.42
831,7220.50,6219.83,2.00,1,56,0.42,NLOS,95.17,1.87,-76.82,-49.04,30.78,39.19,0,49,-111.18,48,-115.48,44,-115.99,63,-116.12,54,-116.12,57,-116.22
832,7220.50,6230.71,2.00,1,56,0.47,NLOS,93.18,3.52,-76.49,-48.70,25.93,39.19,0,57,-103.38,42,-110.68,63,-113.46,50,-115.49,62,-116.82,49,-118.89
833,7220.50,6241.60,2.00,1,56,0.54,NLOS,91.01,3.52,-74.32,-46.53,27.93,39.19,0,57,-103.18,42,-110.73,63,-113.35,50,-115.37,62,-116.91,49,-118.99
834,7220.50,6252.48,2.00,1,56,0.61,NLOS,88.67,3.52,-71.98,-44.19,30.10,39.19,0,57,-102.98,42,-110.79,63,-113.25,50,-115.25,62,-117.00,49,-119.10
835,7220.50,6263.37,2.00,1,56,0.68,NLOS,86.22,-2.03,-63.97,-36.19,36.39,39.19,0,62,-102.54,50,-108.35,55,-109.29,57,-114.27,63,-114.60,69,-115.40
836,7220.50,6274.25,2.00,1,56,0.76,NLOS,83.82,-2.03,-61.57,-33.79,38.85,39.19,0,62,-102.63,50,-108.23,55,-109.51,57,-114.06,63,-114.49,69,-115.40
837,7220.50,6285.14,2.00,1,56,0.82,NLOS,81.83,-2.03,-59.58,-31.80,40.89,39.19,0,62,-102.73,50,-108.11,55,-109.73,57,-113.85,63,-114.39,69,-115.40
838,7220.50,6296.02,2.00,1,56,0.85,NLOS,80.79,3.58,-64.15,-36.37,38.25,39.19,0,62,-105.53,49,-110.22,50,-111.02,57,-112.04,63,-113.23,42,-117.62
839,7220.50,6306.91,2.00,1,56,0.84,NLOS,81.10,3.58,-64.46,-36.68,37.95,39.19,0,62,-105.63,49,-110.33,50,-110.91,57,-111.83,63,-113.13,42,-117.67
840,7220.50,6317.80,2.00,1,56,0.79,NLOS,82.63,3.58,-66.00,-38.22,36.44,39.19,0,62,-105.73,49,-110.45,50,-110.80,57,-111.61,63,-113.04,42,-117.73
841,7228.18,6321.00,2.00,0,56,0.84,NLOS,81.25,4.67,-65.70,-37.92,34.41,39.19,0,55,-102.69,57,-106.51,62,-109.54,63,-112.75,37,-114.05,49,-115.45
842,7239.07,6321.00,2.00,0,56,0.91,NLOS,78.92,4.67,-63.38,-35.60,36.71,39.19,0,55,-102.69,57,-106.50,62,-109.36,63,-112.57,37,-114.13,49,-115.63
843,7249.95,6321.00,2.00,0,56,0.95,NLOS,77.98,4.67,-62.43,-34.65,37.63,39.19,0,55,-102.69,57,-106.50,62,-109.18,63,-112.38,37,-114.21,49,-115.81
844,7260.84,6321.00,2.00,0,56,0.91,NLOS,78.91,-5.57,-53.12,-25.33,51.24,39.19,0,62,-107.20,50,-111.20,49,-114.39,69,-114.49,55,-115.07,54,-117.98
845,7271.72,6321.00,2.00,0,56,0.84,NLOS,81.23,-5.57,-55.43,-27.65,48.87,39.19,0,62,-107.02,50,-111.39,69,-114.36,49,-114.56,55,-115.08,63,-117.90
846,7282.61,6321.00,2.00,0,56,0.75,NLOS,84.07,-5.57,-58.28,-30.50,45.97,39.19,0,62,-106.83,50,-111.57,69,-114.24,49,-114.74,55,-115.08,63,-117.71
847,7293.49,6321.00,2.00,0,56,0.66,NLOS,86.93,-0.58,-66.13,-38.35,39.68,39.19,0,63,-108.34,62,-114.18,51,-114.96,57,-115.15,50,-115.32,42,-116.17
848,7304.38,6321.00,2.00,0,56,0.58,NLOS,89.58,-0.58,-68.78,-41.00,36.92,39.19,0,63,-108.14,62,-113.99,51,-115.02,57,-115.16,50,-115.50,42,-116.26
849,7315.27,6321.00,2.00,0,56,0.51,NLOS,91.99,-0.58,-71.19,-43.41,34.39,39.19,0,63,-107.95,62,-113.81,51,-115.09,57,-115.18,50,-115.68,42,-116.35
850,7326.15,6321.00,2.00,0,56,0.45,NLOS,94.16,9.11,-83.05,-55.27,20.23,39.19,0,50,-105.14,55,-112.10,62,-113.63,63,-116.23,51,-117.44,57,-118.20
851,7337.04,6321.00,2.00,0,56,0.39,NLOS,96.13,9.11,-85.02,-57.24,18.36,39.19,0,50,-105.32,55,-112.12,62,-113.45,63,-116.03,51,-117.51,57,-118.22
852,7347.92,6321.00,2.00,0,56,0.35,NLOS,97.92,9.11,-86.81,-59.03,16.66,39.19,0,50,-105.50,55,-112.14,62,-113.26,63,-115.83,51,-117.58,57,-118.24
853,7358.81,6321.00,2.00,0,56,0.31,NLOS,99.55,-1.57,-77.76,-49.98,25.89,39.19,0,63,-105.65,55,-111.09,61,-111.45,49,-115.11,42,-115.22,62,-116.64
854,7369.69,6321.00,2.00,0,56,0.27,NLOS,101.05,-1.57,-79.26,-51.48,24.27,39.19,0,63,-105.44,55,-111.12,61,-111.40,49,-115.28,42,-115.31,62,-116.44
855,7380.58,6321.00,2.00,0,56,0.24,NLOS,102.44,-1.57,-80.65,-52.86,22.75,39.19,0,63,-105.23,55,-111.14,61,-111.35,42,-115.39,49,-115.44,62,-116.25
856,7391.47,6321.00,2.00,0,56,0.22,NLOS,103.73,1.28,-84.78,-57.00,24.57,39.19,0,63,-112.16,62,-115.70,51,-119.25,55,-120.56,49,-122.04,61,-122.58
857,7402.35,6321.00,2.00,0,56,0.19,NLOS,104.93,1.28,-85.99,-58.20,23.24,39.19,0,63,-111.95,62,-115.51,51,-119.32,55,-120.59,49,-122.20,61,-122.53
858,7413.24,6321.00,2.00,0,56,0.17,NLOS,106.05,1.28,-87.11,-59.33,21.97,39.19,0,63,-111.74,62,-115.31,51,-119.38,55,-120.62,49,-122.37,61,-122.48
859,7420.50,6317.38,2.00,3,56,0.16,NLOS,106.73,2.05,-88.56,-60.78,12.22,39.19,0,63,-104.50,62,-104.56,55,-111.58,48,-113.07,67,-116.51,50,-117.04
860,7420.50,6306.49,2.00,3,56,0.17,NLOS,106.65,2.05,-88.48,-60.70,12.28,39.19,0,62,-104.41,63,-104.66,55,-111.38,48,-112.98,67,-116.44,50,-117.11
861,7420.50,6295.61,2.00,3,56,0.17,NLOS,106.63,2.05,-88.47,-60.69,12.27,39.19,0,62,-104.26,63,-104.81,55,-111.17,48,-112.88,67,-116.37,49,-117.08
862,7420.50,6284.72,2.00,3,56,0.16,NLOS,106.69,-11.34,-75.13,-47.35,21.55,39.19,0,63,-98.76,49,-102.36,62,-109.67,50,-111.81,57,-113.14,64,-116.65
863,7420.50,6273.84,2.00,3,56,0.16,NLOS,106.81,-11.34,-75.25,-47.47,21.50,39.19,0,63,-98.92,49,-102.29,62,-109.52,50,-111.89,57,-113.34,60,-116.62
864,7420.50,6262.95,2.00,3,56,0.16,NLOS,106.99,-11.34,-75.43,-47.65,21.38,39.19,0,63,-99.07,49,-102.22,62,-109.37,50,-111.97,57,-113.54,60,-116.54
865,7420.50,6252.06,2.00,3,56,0.16,NLOS,107.24,0.63,-87.65,-59.87,15.94,39.19,0,63,-107.55,57,-108.07,50,-114.03,42,-114.90,49,-116.09,61,-116.42
866,7420.50,6241.18,2.00,3,56,0.15,NLOS,107.54,0.63,-87.95,-60.17,15.76,39.19,0,63,-107.71,57,-108.26,50,-114.11,42,-114.86,49,-116.02,61,-116.30
867,7420.50,6230.29,2.00,3,56,0.15,NLOS,107.89,0.63,-88.30,-60.52,15.53,39.19,0,63,-107.87,57,-108.45,50,-114.19,42,-114.82,49,-115.95,61,-116.18
868,7420.50,6219.41,2.00,3,56,0.14,NLOS,108.28,2.22,-90.28,-62.50,13.14,39.19,0,49,-107.10,62,-108.18,55,-111.97,63,-116.58,57,-118.97,35,-120.05
869,7420.50,6208.52,2.00,3,56,0.14,NLOS,108.70,2.22,-90.71,-62.93,12.62,39.19,0,49,-107.03,62,-108.04,55,-111.74,63,-116.74,57,-119.16,35,-120.02
870,7420.50,6197.64,2.00,3,56,0.13,NLOS,109.16,2.22,-91.16,-63.38,12.07,39.19,0,49,-106.97,62,-107.90,55,-111.51,63,-116.89,57,-119.34,35,-119.99
871,7420.50,6186.75,2.00,3,56,0.12,NLOS,109.64,-3.69,-85.73,-57.95,21.34,39.19,0,62,-111.57,61,-112.27,63,-112.79,49,-113.24,69,-118.36,50,-119.41
872,7420.50,6175.86,2.00,3,56,0.12,NLOS,110.14,-3.69,-86.24,-58.45,20.83,39.19,0,62,-111.44,61,-112.14,63,-112.95,49,-113.17,69,-118.37,50,-119.50
873,7420.50,6164.98,2.00,3,56,0.11,NLOS,110.66,-3.69,-86.75,-58.97,20.29,39.19,0,62,-111.31,61,-112.02,63,-113.11,49,-113.11,69,-118.39,50,-119.59
874,7420.50,6154.09,2.00,3,56,0.11,NLOS,111.18,-4.33,-86.64,-58.85,11.63,39.19,0,55,-99.32,49,-106.79,63,-111.84,51,-116.15,50,-116.69,70,-116.93
875,7420.50,6143.21,2.00,3,56,0.10,NLOS,111.71,-4.33,-87.17,-59.39,10.91,39.19,0,55,-99.07,49,-106.74,63,-112.00,51,-116.24,50,-116.78,70,-116.99
876,7420.50,6132.32,2.00,3,56,0.10,NLOS,112.25,-4.33,-87.70,-59.92,10.17,39.19,0,55,-98.83,49,-106.68,63,-112.15,51,-116.33,50,-116.87,70,-117.06
877,7420.50,6121.44,2.00,3,56,0.09,NLOS,112.79,-8.30,-84.27,-56.48,16.14,39.19,0,55,-103.60,57,-105.81,62,-108.23,61,-112.26,49,-115.36,63,-115.91
878,7410.05,6121.00,2.00,2,56,0.10,NLOS,112.31,-8.30,-83.79,-56.01,16.61,39.19,0,55,-103.54,57,-105.80,62,-108.48,61,-112.32,49,-115.18,63,-116.06
879,7399.17,6121.00,2.00,2,56,0.10,NLOS,111.81,-8.30,-83.29,-55.50,17.12,39.19,0,55,-103.48,57,-105.77,62,-108.75,61,-112.39,49,-114.99,63,-116.21
880,7388.28,6121.00,2.00,2,56,0.11,NLOS,111.30,2.38,-93.47,-65.68,1.45,39.19,0,62,-97.10,55,-99.52,69,-109.38,49,-110.35,63,-113.42,48,-118.45
881,7377.39,6121.00,2.00,2,56,0.11,NLOS,110.81,2.38,-92.97,-65.19,2.07,39.19,0,62,-97.35,55,-99.47,69,-109.51,49,-110.16,63,-113.57,48,-118.37
882,7366.51,6121.00,2.00,2,56,0.12,NLOS,110.33,2.38,-92.50,-64.71,2.67,39.19,0,62,-97.60,55,-99.43,69,-109.64,49,-109.96,63,-113.72,48,-118.29
883,7355.62,6121.00,2.00,2,56,0.12,NLOS,109.87,-5.00,-84.65,-56.87,14.97,39.19,0,62,-101.04,55,-108.55,49,-109.70,42,-115.11,63,-116.42,57,-116.85
884,7344.74,6121.00,2.00,2,56,0.13,NLOS,109.44,-5.00,-84.21,-56.43,15.56,39.19,0,62,-101.29,55,-108.51,49,-109.50,42,-115.01,63,-116.57,57,-116.84
885,7333.85,6121.00,2.00,2,56,0.13,NLOS,109.03,-5.00,-83.80,-56.02,16.11,39.19,0,62,-101.53,55,-108.48,49,-109.30,42,-114.91,63,-116.72,57,-116.82
886,7322.97,6121.00,2.00,2,56,0.14,NLOS,108.65,-0.20,-88.23,-60.45,11.58,39.19,0,55,-102.39,57,-105.98,62,-108.39,63,-113.72,61,-113.83,50,-118.25
887,7312.08,6121.00,2.00,2,56,0.14,NLOS,108.31,-0.20,-87.89,-60.11,11.94,39.19,0,55,-102.36,57,-105.97,62,-108.63,63,-113.87,61,-113.90,50,-118.11
888,7301.20,6121.00,2.00,2,56,0.14,NLOS,108.01,-0.20,-87.60,-59.82,12.25,39.19,0,55,-102.34,57,-105.96,62,-108.86,61,-113.97,63,-114.02,50,-117.96
889,7290.31,6121.00,2.00,2,56,0.15,NLOS,107.77,-9.12,-78.43,-50.65,23.68,39.19,0,63,-105.95,57,-108.84,62,-110.63,49,-111.03,50,-114.02,55,-117.16
890,7279.42,6121.00,2.00,2,56,0.15,NLOS,107.58,-9.12,-78.24,-50.46,23.93,39.19,0,63,-106.10,57,-108.83,49,-110.81,62,-110.86,50,-113.88,55,-117.14
891,7268.54,6121.00,2.00,2,56,0.15,NLOS,107.44,-9.12,-78.11,-50.33,24.11,39.19,0,63,-106.25,57,-108.83,49,-110.60,62,-111.08,50,-113.73,55,-117.13
892,7257.65,6121.00,2.00,2,56,0.15,NLOS,107.37,-5.78,-81.37,-53.59,23.48,39.19,0,55,-107.00,49,-112.40,62,-115.32,54,-116.11,60,-116.75,50,-117.46
893,7246.77,6121.00,2.00,2,56,0.15,NLOS,107.35,-5.78,-81.35,-53.57,23.47,39.19,0,55,-107.00,49,-112.18,62,-115.54,54,-116.11,60,-116.78,50,-117.31
894,7235.88,6121.00,2.00,2,56,0.15,NLOS,107.40,-5.78,-81.40,-53.62,23.40,39.19,0,55,-107.00,49,-111.96,62,-115.76,54,-116.11,60,-116.81,50,-117.16
895,7225.00,6121.00,2.00,2,56,0.15,NLOS,107.51,7.40,-94.70,-66.92,9.90,39.19,0,50,-108.43,48,-111.26,49,-111.78,55,-113.45,62,-114.38,63,-114.62
896,7226.89,6121.00,2.00,0,56,0.15,NLOS,107.49,7.40,-94.67,-66.89,9.93,39.19,0,50,-108.45,48,-111.27,49,-111.82,55,-113.45,62,-114.34,63,-114.59
897,7237.78,6121.00,2.00,0,56,0.15,NLOS,107.39,7.40,-94.57,-66.79,10.10,39.19,0,50,-108.60,48,-111.35,49,-112.04,55,-113.44,62,-114.13,63,-114.44
898,7248.66,6121.00,2.00,0,56,0.15,NLOS,107.35,7.40,-94.54,-66.75,10.19,39.19,0,50,-108.75,48,-111.42,49,-112.27,55,-113.44,62,-113.91,63,-114.30
899,7259.55,6121.00,2.00,0,56,0.15,NLOS,107.38,6.34,-93.50,-65.72,6.82,39.19,0,55,-101.44,57,-111.67,50,-112.52,54,-112.62,62,-114.81,63,-114.95
900,7270.43,6121.00,2.00,0,56,0.15,NLOS,107.46,6.34,-93.59,-65.80,6.74,39.19,0,55,-101.45,57,-111.67,54,-112.62,50,-112.67,62,-114.58,63,-114.80
901,7281.32,6121.00,2.00,0,56,0.15,NLOS,107.61,6.34,-93.73,-65.95,6.60,39.19,0,55,-101.46,57,-111.68,54,-112.62,50,-112.82,62,-114.36,63,-114.65
902,7292.20,6121.00,2.00,0,56,0.15,NLOS,107.81,0.65,-88.24,-60.45,16.94,39.19,0,55,-110.61,49,-110.95,63,-113.28,62,-113.43,57,-116.17,69,-117.92
903,7303.09,6121.00,2.00,0,56,0.14,NLOS,108.06,0.65,-88.49,-60.71,16.69,39.19,0,55,-110.63,49,-111.16,63,-113.13,62,-113.20,57,-116.18,69,-117.79
904,7313.97,6121.00,2.00,0,56,0.14,NLOS,108.37,0.65,-88.79,-61.01,16.39,39.19,0,55,-110.65,49,-111.37,62,-112.96,63,-112.98,57,-116.19,69,-117.67
905,7324.86,6121.00,2.00,0,56,0.14,NLOS,108.71,-3.12,-85.37,-57.59,16.39,39.19,0,49,-105.85,55,-105.87,48,-110.55,63,-110.88,61,-113.07,50,-114.86
906,7335.75,6121.00,2.00,0,56,0.13,NLOS,109.10,-3.12,-85.75,-57.97,16.07,39.19,0,55,-105.90,49,-106.05,48,-110.63,63,-110.73,61,-112.99,50,-115.01
907,7346.63,6121.00,2.00,0,56,0.13,NLOS,109.51,-3.12,-86.17,-58.39,15.73,39.19,0,55,-105.94,49,-106.25,63,-110.58,48,-110.71,61,-112.92,50,-115.15
908,7357.52,6121.00,2.00,0,56,0.12,NLOS,109.95,-2.19,-87.54,-59.76,17.69,39.19,0,55,-109.94,62,-110.32,57,-114.19,49,-115.43,67,-116.64,50,-117.53
909,7368.40,6121.00,2.00,0,56,0.11,NLOS,110.42,-2.19,-88.01,-60.22,17.18,39.19,0,55,-109.98,62,-110.07,57,-114.21,49,-115.63,67,-116.58,30,-117.61
910,7379.29,6121.00,2.00,0,56,0.11,NLOS,110.90,-2.19,-88.49,-60.70,16.65,39.19,0,62,-109.82,55,-110.03,57,-114.23,49,-115.82,67,-116.52,30,-117.67
911,7390.17,6121.00,2.00,0,56,0.10,NLOS,111.39,6.05,-97.22,-69.44,0.79,39.19,0,62,-100.22,57,-107.02,55,-107.92,49,-109.12,50,-109.25,69,-113.26
912,7401.06,6121.00,2.00,0,56,0.10,NLOS,111.89,6.05,-97.73,-69.95,0.16,39.19,0,62,-99.96,57,-107.05,55,-107.98,49,-109.31,50,-109.39,69,-113.13
913,7411.94,6121.00,2.00,0,56,0.10,NLOS,112.40,6.05,-98.24,-70.46,-0.48,39.19,0,62,-99.70,57,-107.07,55,-108.04,49,-109.50,50,-109.53,69,-112.99
914,7418.17,6121.00,2.00,2,56,0.09,NLOS,112.70,-4.72,-87.75,-59.97,15.60,39.19,0,55,-105.88,62,-109.28,50,-112.74,48,-114.03,57,-118.85,36,-119.42
915,7407.28,6121.00,2.00,2,56,0.10,NLOS,112.19,-4.72,-87.24,-59.46,16.12,39.19,0,55,-105.82,62,-109.54,50,-112.60,48,-113.95,57,-118.82,36,-119.34
916,7396.40,6121.00,2.00,2,56,0.10,NLOS,111.68,-4.72,-86.74,-58.95,16.64,39.19,0,55,-105.77,62,-109.80,50,-112.46,48,-113.87,57,-118.79,36,-119.27
917,7385.51,6121.00,2.00,2,56,0.11,NLOS,111.18,-0.41,-90.55,-62.77,14.46,39.19,0,63,-106.70,48,-110.37,54,-111.05,62,-114.48,57,-114.98,68,-117.47
918,7374.63,6121.00,2.00,2,56,0.11,NLOS,110.69,-0.41,-90.07,-62.28,15.07,39.19,0,63,-106.85,48,-110.29,54,-111.04,62,-114.74,57,-114.96,49,-117.42
919,7363.74,6121.00,2.00,2,56,0.12,NLOS,110.22,-0.41,-89.59,-61.81,15.65,39.19,0,63,-107.00,48,-110.21,54,-111.03,57,-114.94,62,-114.99,49,-117.23
920,7352.86,6121.00,2.00,2,56,0.12,NLOS,109.76,-10.01,-79.53,-51.75,24.11,39.19,0,55,-107.54,62,-108.22,63,-113.34,43,-115.58,49,-116.41,36,-117.69
921,7341.97,6121.00,2.00,2,56,0.13,NLOS,109.33,-10.01,-79.10,-51.32,24.61,39.19,0,55,-107.50,62,-108.47,63,-113.49,43,-115.46,49,-116.21,36,-117.61
922,7331.08,6121.00,2.00,2,56,0.13,NLOS,108.93,-10.01,-78.70,-50.92,25.07,39.19,0,55,-107.47,62,-108.71,63,-113.64,43,-115.35,49,-116.01,36,-117.53
923,7320.20,6121.00,2.00,2,56,0.14,NLOS,108.56,7.47,-95.81,-68.03,2.53,39.19,0,62,-99.01,55,-109.51,49,-113.37,50,-115.65,69,-116.89,57,-118.45
924,7309.31,6121.00,2.00,2,56,0.14,NLOS,108.23,7.47,-95.48,-67.70,3.05,39.19,0,62,-99.25,55,-109.48,49,-113.16,50,-115.51,69,-117.02,57,-118.44
925,7298.43,6121.00,2.00,2,56,0.15,NLOS,107.95,7.47,-95.20,-67.42,3.52,39.19,0,62,-99.48,55,-109.46,49,-112.95,50,-115.36,69,-117.14,57,-118.43
926,7287.54,6121.00,2.00,2,56,0.15,NLOS,107.71,4.63,-92.13,-64.35,8.29,39.19,0,55,-102.09,57,-108.31,62,-109.37,54,-110.14,48,-113.92,61,-116.24
927,7276.66,6121.00,2.00,2,56,0.15,NLOS,107.54,4.63,-91.95,-64.17,8.48,39.19,0,55,-102.07,57,-108.31,62,-109.60,54,-110.14,48,-113.84,61,-116.31
928,7265.77,6121.00,2.00,2,56,0.15,NLOS,107.42,4.63,-91.83,-64.05,8.62,39.19,0,55,-102.06,57,-108.30,62,-109.82,54,-110.14,48,-113.76,61,-116.39
929,7254.89,6121.00,2.00,2,56,0.15,NLOS,107.36,2.42,-89.56,-61.78,12.04,39.19,0,55,-102.95,54,-109.29,49,-112.28,50,-114.66,63,-114.76,62,-115.14
930,7244.00,6121.00,2.00,2,56,0.15,NLOS,107.36,2.42,-89.57,-61.78,12.03,39.19,0,55,-102.95,54,-109.29,49,-112.06,50,-114.51,63,-114.91,62,-115.36
931,7233.11,6121.00,2.00,2,56,0.15,NLOS,107.43,2.42,-89.63,-61.85,11.95,39.19,0,55,-102.96,54,-109.29,49,-111.84,50,-114.37,63,-115.06,62,-115.58
932,7222.23,6121.00,2.00,2,56,0.15,NLOS,107.55,-10.29,-77.05,-49.26,27.04,39.19,0,62,-108.04,57,-111.49,61,-112.67,50,-113.52,49,-113.55,63,-113.64
933,7211.34,6121.00,2.00,2,56,0.15,NLOS,107.74,-10.29,-77.23,-49.45,26.91,39.19,0,62,-108.25,57,-111.49,61,-112.74,49,-113.32,50,-113.38,63,-113.78
934,7200.46,6121.00,2.00,2,56,0.15,NLOS,107.97,-10.29,-77.47,-49.69,26.73,39.19,0,62,-108.46,57,-111.50,61,-112.82,49,-113.09,50,-113.23,63,-113.93
935,7189.57,6121.00,2.00,2,56,0.14,NLOS,108.26,-7.11,-80.94,-53.16,21.64,39.19,0,55,-106.42,50,-108.65,63,-110.86,62,-113.13,57,-114.63,69,-115.28
936,7178.69,6121.00,2.00,2,56,0.14,NLOS,108.59,-7.11,-81.27,-53.49,21.32,39.19,0,55,-106.44,50,-108.50,63,-111.00,62,-113.34,57,-114.64,69,-115.40
937,7167.80,6121.00,2.00,2,56,0.13,NLOS,108.97,-7.11,-81.64,-53.86,20.95,39.19,0,55,-106.47,50,-108.35,63,-111.15,62,-113.54,57,-114.65,69,-115.51
938,7156.91,6121.00,2.00,2,56,0.13,NLOS,109.37,3.69,-92.85,-65.07,7.16,39.19,0,49,-103.48,63,-106.70,50,-106.73,55,-112.91,62,-114.40,57,-115.15
939,7146.03,6121.00,2.00,2,56,0.12,NLOS,109.81,3.69,-93.28,-65.50,6.62,39.19,0,49,-103.23,50,-106.58,63,-106.84,55,-112.95,62,-114.60,51,-115.14
940,7135.14,6121.00,2.00,2,56,0.12,NLOS,110.26,3.69,-93.74,-65.96,6.05,39.19,0,49,-102.99,50,-106.43,63,-106.98,55,-112.99,62,-114.80,51,-115.09
941,7124.26,6121.00,2.00,2,56,0.11,NLOS,110.74,4.58,-95.10,-67.32,7.64,39.19,0,62,-106.21,49,-106.35,42,-111.61,55,-114.53,51,-118.26,64,-118.77
942,7113.37,6121.00,2.00,2,56,0.11,NLOS,111.23,4.58,-95.59,-67.81,7.12,39.19,0,49,-106.09,62,-106.41,42,-111.51,55,-114.58,51,-118.21,64,-118.83
943,7102.49,6121.00,2.00,2,56,0.10,NLOS,111.73,4.58,-96.09,-68.31,6.58,39.19,0,49,-105.84,62,-106.60,42,-111.40,55,-114.63,51,-118.17,64,-118.88
944,7091.60,6121.00,2.00,2,56,0.10,NLOS,112.24,-3.53,-88.49,-60.71,10.40,39.19,0,63,-100.29,55,-107.14,50,-110.86,57,-114.01,62,-116.13,36,-117.01
945,7080.72,6121.00,2.00,2,56,0.09,NLOS,112.75,-3.53,-89.00,-61.22,9.98,39.19,0,63,-100.43,55,-107.20,50,-110.71,57,-114.04,62,-116.31,36,-116.92
946,7069.83,6121.00,2.00,2,56,0.09,NLOS,113.26,-3.53,-89.51,-61.73,9.57,39.19,0,63,-100.56,55,-107.26,50,-110.56,57,-114.07,62,-116.50,36,-116.83
947,7058.94,6121.00,2.00,2,56,0.08,NLOS,113.78,-2.27,-91.29,-63.51,11.49,39.19,0,42,-105.83,57,-106.95,62,-109.07,70,-109.94,55,-111.69,50,-112.13
948,7048.06,6121.00,2.00,2,56,0.08,NLOS,114.29,-2.27,-91.81,-64.02,11.03,39.19,0,42,-105.72,57,-106.98,62,-109.26,70,-110.02,55,-111.76,50,-111.98
949,7037.17,6121.00,2.00,2,56,0.08,NLOS,114.80,-2.27,-92.32,-64.53,10.57,39.19,0,42,-105.61,57,-107.01,62,-109.44,70,-110.10,50,-111.83,55,-111.83
950,7026.29,6121.00,2.00,2,56,0.07,NLOS,115.30,7.57,-102.66,-74.87,-1.00,39.19,0,55,-103.27,49,-107.47,54,-113.64,50,-118.04,70,-120.04,52,-121.49
951,7020.50,6126.10,2.00,1,56,0.07,NLOS,115.39,7.57,-102.74,-74.96,-1.01,39.19,0,55,-103.43,49,-107.38,54,-113.70,50,-117.88,70,-120.06,52,-121.51
952,7020.50,6136.98,2.00,1,56,0.07,NLOS,115.01,7.57,-102.36,-74.58,-0.43,39.19,0,55,-103.66,49,-107.52,54,-113.82,50,-117.70,70,-120.01,52,-121.57
953,7020.50,6147.87,2.00,1,56,0.08,NLOS,114.64,0.44,-94.86,-67.08,4.59,39.19,0,49,-101.40,55,-106.28,50,-109.70,62,-114.95,68,-116.54,57,-117.70
954,7020.50,6158.75,2.00,1,56,0.08,NLOS,114.28,0.44,-94.50,-66.72,5.07,39.19,0,49,-101.55,55,-106.51,50,-109.52,62,-115.01,68,-116.58,57,-117.53
955,7020.50,6169.64,2.00,1,56,0.08,NLOS,113.93,0.44,-94.15,-66.37,5.54,39.19,0,49,-101.70,55,-106.74,50,-109.35,62,-115.06,68,-116.62,57,-117.35
956,7020.50,6180.53,2.00,1,56,0.09,NLOS,113.59,3.77,-97.14,-69.36,3.69,39.19,0,62,-105.02,55,-107.14,49,-107.39,50,-109.81,64,-112.12,43,-116.64
957,7020.50,6191.41,2.00,1,56,0.09,NLOS,113.28,3.77,-96.82,-69.04,4.09,39.19,0,62,-105.07,55,-107.37,49,-107.55,50,-109.63,64,-112.03,43,-116.63
958,7020.50,6202.30,2.00,1,56,0.09,NLOS,112.98,3.77,-96.53,-68.75,4.46,39.19,0,62,-105.13,55,-107.59,49,-107.71,50,-109.45,64,-111.95,43,-116.61
959,7020.50,6213.18,2.00,1,56,0.09,NLOS,112.71,6.22,-98.71,-70.93,-0.53,39.19,0,50,-98.69,49,-111.63,55,-112.64,63,-114.61,64,-117.87,42,-119.48
960,7020.50,6224.07,2.00,1,56,0.09,NLOS,112.46,6.22,-98.46,-70.68,-0.43,39.19,0,50,-98.51,49,-111.80,55,-112.86,63,-114.53,64,-117.79,42,-119.55
961,7020.50,6234.95,2.00,1,56,0.10,NLOS,112.24,6.22,-98.24,-70.46,-0.35,39.19,0,50,-98.33,49,-111.96,55,-113.07,63,-114.45,64,-117.70,42,-119.61
962,7020.50,6245.84,2.00,1,56,0.10,NLOS,112.04,-10.07,-81.76,-53.97,22.83,39.19,0,50,-107.40,43,-110.87,49,-111.55,55,-112.99,42,-114.52,61,-114.67
963,7020.50,6256.73,2.00,1,56,0.10,NLOS,111.89,-10.07,-81.60,-53.82,22.94,39.19,0,50,-107.22,43,-110.86,49,-111.72,55,-113.20,42,-114.58,61,-114.76
964,7020.50,6267.61,2.00,1,56,0.10,NLOS,111.76,-10.07,-81.47,-53.69,23.02,39.19,0,50,-107.05,43,-110.86,49,-111.89,55,-113.41,42,-114.65,61,-114.85
965,7020.50,6278.50,2.00,1,56,0.10,NLOS,111.67,-4.98,-86.47,-58.69,14.04,39.19,0,55,-103.60,49,-105.57,50,-110.36,43,-112.95,57,-113.58,62,-116.35
966,7020.50,6289.38,2.00,1,56,0.10,NLOS,111.62,-4.98,-86.42,-58.64,14.21,39.19,0,55,-103.80,49,-105.74,50,-110.18,43,-112.95,57,-113.38,62,-116.42
967,7020.50,6300.27,2.00,1,56,0.10,NLOS,111.61,-4.98,-86.41,-58.63,14.35,39.19,0,55,-104.00,49,-105.92,50,-110.01,43,-112.95,57,-113.19,62,-116.49
968,7020.50,6311.15,2.00,1,56,0.10,NLOS,111.63,2.62,-94.03,-66.25,9.23,39.19,0,50,-106.70,55,-108.09,43,-111.57,63,-111.81,42,-117.25,62,-119.10
969,7020.50,6322.04,2.00,1,56,0.10,NLOS,111.69,2.62,-94.09,-66.31,9.14,39.19,0,50,-106.53,55,-108.29,43,-111.57,63,-111.75,42,-117.32,62,-119.17
970,7020.50,6332.92,2.00,1,56,0.10,NLOS,111.79,2.62,-94.19,-66.41,9.02,39.19,0,50,-106.36,55,-108.48,43,-111.57,63,-111.68,42,-117.39,62,-119.24
971,7020.50,6343.81,2.00,1,56,0.10,NLOS,111.92,0.03,-91.73,-63.95,14.51,39.19,0,49,-109.00,62,-112.86,64,-113.00,50,-114.53,57,-118.40,68,-122.18
972,7020.50,6354.70,2.00,1,56,0.10,NLOS,112.09,0.03,-91.90,-64.12,14.41,39.19,0,49,-109.18,64,-112.91,62,-112.93,50,-114.36,57,-118.19,68,-122.22
973,7020.50,6365.58,2.00,1,56,0.10,NLOS,112.28,0.03,-92.10,-64.32,14.28,39.19,0,49,-109.35,64,-112.81,62,-113.01,50,-114.19,57,-117.98,68,-122.26
974,7020.50,6376.47,2.00,1,56,0.09,NLOS,112.51,1.03,-93.32,-65.54,9.59,39.19,0,57,-104.85,50,-109.02,51,-111.96,69,-114.88,55,-114.91,43,-117.00
975,7020.50,6387.35,2.00,1,56,0.09,NLOS,112.77,1.03,-93.58,-65.80,9.17,39.19,0,57,-104.63,50,-108.86,51,-111.84,69,-114.88,55,-115.09,43,-117.01
976,7020.50,6398.24,2.00,1,56,0.09,NLOS,113.05,1.03,-93.86,-66.07,8.73,39.19,0,57,-104.41,50,-108.70,51,-111.71,69,-114.89,55,-115.27,43,-117.02
977,7020.50,6409.12,2.00,1,56,0.09,NLOS,113.35,-5.72,-87.41,-59.63,11.75,39.19,0,50,-100.14,57,-110.54,51,-111.40,55,-111.77,70,-112.80,63,-113.44
978,7020.50,6420.01,2.00,1,56,0.08,NLOS,113.67,-5.72,-87.73,-59.95,11.30,39.19,0,50,-99.99,57,-110.31,51,-111.27,55,-111.95,70,-112.76,63,-113.38
979,7020.50,6430.90,2.00,1,56,0.08,NLOS,114.00,-5.72,-88.07,-60.28,10.83,39.19,0,50,-99.83,57,-110.09,51,-111.14,55,-112.13,70,-112.72,63,-113.33
980,7020.50,6441.78,2.00,1,56,0.08,NLOS,114.36,-0.70,-93.44,-65.66,7.60,39.19,0,63,-102.41,49,-108.48,57,-113.83,43,-115.64,64,-118.14,50,-118.49
981,7020.50,6452.67,2.00,1,56,0.08,NLOS,114.72,-0.70,-93.80,-66.02,7.21,39.19,0,63,-102.36,49,-108.65,57,-113.60,43,-115.66,64,-118.05,50,-118.35
982,7020.50,6463.55,2.00,1,56,0.07,NLOS,115.09,-0.70,-94.18,-66.40,6.82,39.19,0,63,-102.31,49,-108.83,57,-113.36,43,-115.68,64,-117.96,50,-118.20
983,7020.50,6474.44,2.00,1,56,0.07,NLOS,115.48,-3.65,-91.61,-63.82,4.29,39.19,0,57,-96.39,49,-107.91,50,-112.81,55,-115.56,69,-115.89,62,-117.85
984,7020.50,6485.32,2.00,1,56,0.07,NLOS,115.87,-3.65,-92.00,-64.21,3.70,39.19,0,57,-96.15,49,-108.08,50,-112.67,55,-115.72,69,-115.90,62,-117.94
985,7020.50,6496.21,2.00,1,56,0.07,NLOS,116.26,-3.65,-92.39,-64.61,3.09,39.19,0,57,-95.90,49,-108.25,50,-112.54,55,-115.89,69,-115.92,62,-118.02
986,7020.50,6507.09,2.00,1,56,0.07,NLOS,116.66,-7.02,-89.42,-61.64,10.35,39.19,0,50,-101.03,55,-108.72,57,-110.86,63,-117.00,49,-117.99,38,-119.91
987,7020.50,6517.98,2.00,1,56,0.06,NLOS,117.06,-7.02,-89.82,-62.04,9.86,39.19,0,50,-100.90,55,-108.88,57,-110.61,63,-116.96,49,-118.17,38,-119.88
988,7020.50,6528.87,2.00,1,56,0.06,NLOS,117.46,-7.02,-90.22,-62.44,9.36,39.19,0,50,-100.78,55,-109.05,57,-110.35,63,-116.92,49,-118.34,38,-119.84
989,7020.50,6539.75,2.00,1,56,0.06,NLOS,117.86,-0.05,-97.59,-69.81,4.17,39.19,0,50,-102.86,64,-105.07,63,-111.39,55,-115.56,49,-116.47,62,-118.52
990,7020.50,6550.64,2.00,1,56,0.06,NLOS,118.26,-0.05,-97.99,-70.21,3.69,39.19,0,50,-102.75,64,-104.98,63,-111.35,55,-115.72,49,-116.64,62,-118.61
991,7020.50,6561.52,2.00,1,56,0.06,NLOS,118.65,-0.05,-98.39,-70.60,3.22,39.19,0,50,-102.64,64,-104.88,63,-111.32,55,-115.88,49,-116.81,70,-118.69
992,7020.50,6572.41,2.00,1,57,0.03,NLOS,128.82,-11.42,-97.18,-69.40,2.71,39.19,1,56,-100.71,63,-110.87,50,-112.84,43,-114.19,68,-117.33,64,-118.10
993,7020.50,6583.29,2.00,1,57,0.03,NLOS,128.55,-11.42,-96.91,-69.13,3.30,39.19,0,56,-101.11,63,-110.84,50,-112.74,43,-114.22,68,-117.37,64,-118.01
994,7020.50,6594.18,2.00,1,57,0.03,NLOS,128.27,-11.42,-96.63,-68.85,3.87,39.19,0,56,-101.50,63,-110.82,50,-112.65,43,-114.25,68,-117.42,64,-117.91
995,7020.50,6605.06,2.00,1,56,0.05,NLOS,120.22,-1.35,-98.66,-70.88,4.46,39.19,1,63,-107.57,50,-109.14,55,-109.54,57,-114.21,49,-115.49,64,-117.00
996,7020.50,6615.95,2.00,1,56,0.05,NLOS,120.60,-1.35,-99.04,-71.26,4.07,39.19,0,63,-107.54,50,-109.06,55,-109.69,57,-113.93,49,-115.65,64,-116.90
997,7020.50,6626.84,2.00,1,56,0.05,NLOS,120.98,-1.35,-99.42,-71.64,3.69,39.19,0,63,-107.52,50,-108.99,55,-109.84,57,-113.64,49,-115.82,64,-116.81
998,7020.50,6637.72,2.00,1,56,0.05,NLOS,121.36,7.01,-108.15,-80.37,-0.78,39.19,0,50,-110.46,57,-113.26,64,-115.15,63,-116.34,51,-116.78,44,-117.80
999,7020.50,6648.61,2.00,1,56,0.04,NLOS,121.73,7.01,-108.52,-80.74,-1.25,39.19,0,50,-110.40,57,-112.97,64,-115.05,63,-116.32,51,-116.63,44,-117.75
1000,7020.50,6659.49,2.00,1,56,0.04,NLOS,122.09,7.01,-108.89,-81.11,-1.71,39.19,0,50,-110.35,57,-112.67,64,-114.96,63,-116.31,51,-116.48,44,-117.70
1001,7020.50,6670.38,2.00,1,56,0.04,NLOS,122.46,-3.14,-99.09,-71.31,2.98,39.19,0,57,-103.38,49,-112.53,63,-113.63,51,-113.71,50,-113.91,53,-118.05
1002,7020.50,6681.26,2.00,1,56,0.04,NLOS,122.81,-3.14,-99.45,-71.67,2.41,39.19,0,57,-103.07,49,-112.69,51,-113.55,63,-113.62,50,-113.87,53,-118.11
1003,7020.50,6692.15,2.00,1,56,0.04,NLOS,123.16,-3.14,-99.80,-72.02,1.83,39.19,0,57,-102.76,49,-112.85,51,-113.40,63,-113.61,50,-113.84,53,-118.17
1004,7020.50,6703.04,2.00,1,56,0.04,NLOS,123.51,-1.07,-102.22,-74.44,2.89,39.19,0,50,-107.39,42,-108.93,57,-111.24,51,-114.14,43,-116.01,44,-116.84
1005,7020.50,6713.92,2.00,1,56,0.04,NLOS,123.85,-1.07,-102.57,-74.78,2.46,39.19,0,50,-107.38,42,-109.00,57,-110.92,51,-113.99,43,-116.05,44,-116.79
1006,7016.69,6721.00,2.00,2,56,0.04,NLOS,124.14,-1.07,-102.85,-75.07,2.07,39.19,0,50,-107.25,42,-109.02,57,-110.76,51,-113.86,43,-116.04,44,-116.71
1007,7005.81,6721.00,2.00,2,56,0.04,NLOS,124.33,-3.77,-100.34,-72.56,1.15,39.19,0,50,-103.07,57,-107.91,44,-113.79,43,-115.80,69,-115.85,55,-117.58
1008,6994.92,6721.00,2.00,2,56,0.04,NLOS,124.52,-3.77,-100.53,-72.75,0.74,39.19,0,50,-102.70,57,-108.09,44,-113.66,43,-115.67,69,-115.95,55,-117.61
1009,6984.04,6721.00,2.00,2,56,0.04,NLOS,124.71,-3.77,-100.73,-72.95,0.30,39.19,0,50,-102.32,57,-108.27,44,-113.53,43,-115.53,69,-116.05,55,-117.64
1010,6973.15,6721.00,2.00,2,57,0.03,NLOS,125.53,-7.58,-97.73,-69.95,6.52,39.19,1,50,-107.58,56,-109.76,51,-113.35,63,-113.79,62,-114.72,42,-114.75
1011,6962.27,6721.00,2.00,2,57,0.03,NLOS,125.71,-7.58,-97.92,-70.14,6.20,39.19,0,50,-107.19,56,-109.96,51,-113.26,63,-113.97,42,-114.68,62,-114.83
1012,6951.38,6721.00,2.00,2,57,0.03,NLOS,125.90,-7.58,-98.11,-70.33,5.86,39.19,0,50,-106.78,56,-110.16,51,-113.18,63,-114.14,42,-114.60,62,-114.93
1013,6940.49,6721.00,2.00,2,57,0.03,NLOS,126.10,-5.08,-100.80,-73.02,1.77,39.19,0,50,-105.00,49,-108.11,56,-109.24,62,-109.97,44,-111.98,55,-113.27
1014,6929.61,6721.00,2.00,2,57,0.03,NLOS,126.29,-5.08,-101.00,-73.22,1.36,39.19,0,50,-104.57,49,-108.02,56,-109.45,62,-110.07,44,-111.84,55,-113.30
1015,6918.72,6721.00,2.00,2,57,0.03,NLOS,126.49,-5.08,-101.20,-73.42,0.92,39.19,0,50,-104.14,49,-107.94,56,-109.66,62,-110.18,44,-111.70,55,-113.34
1016,6907.84,6721.00,2.00,2,57,0.03,NLOS,126.69,-9.88,-96.59,-68.81,2.20,39.19,0,50,-100.91,51,-103.46,55,-111.59,43,-115.59,49,-116.11,63,-116.23
1017,6896.95,6721.00,2.00,2,57,0.03,NLOS,126.89,-9.88,-96.80,-69.01,1.69,39.19,0,50,-100.46,51,-103.38,55,-111.62,43,-115.45,49,-116.02,63,-116.40
1018,6886.07,6721.00,2.00,2,57,0.03,NLOS,127.10,-9.88,-97.00,-69.22,1.16,39.19,0,50,-99.99,51,-103.30,55,-111.66,43,-115.31,49,-115.94,63,-116.56
1019,6875.18,6721.00,2.00,2,50,0.05,NLOS,119.90,-2.43,-97.25,-69.47,2.38,39.19,1,57,-100.29,56,-109.17,63,-115.17,62,-118.11,61,-118.96,44,-119.78
1020,6864.30,6721.00,2.00,2,50,0.05,NLOS,119.40,-2.43,-96.76,-68.98,3.08,39.19,0,57,-100.49,56,-109.39,63,-115.33,62,-118.21,61,-119.00,44,-119.64
1021,6853.41,6721.00,2.00,2,50,0.05,NLOS,118.89,-2.43,-96.24,-68.46,3.79,39.19,0,57,-100.70,56,-109.61,63,-115.49,62,-118.32,61,-119.05,44,-119.49
1022,6842.52,6721.00,2.00,2,50,0.06,NLOS,118.36,-4.09,-94.06,-66.28,4.88,39.19,0,56,-99.87,49,-109.88,51,-110.46,55,-114.73,57,-116.09,44,-116.56
1023,6831.64,6721.00,2.00,2,50,0.06,NLOS,117.82,-4.09,-93.51,-65.73,5.59,39.19,0,56,-100.08,49,-109.81,51,-110.39,55,-114.77,57,-116.30,44,-116.41
1024,6820.75,6721.00,2.00,2,50,0.06,NLOS,117.26,-4.09,-92.95,-65.17,6.31,39.19,0,56,-100.30,49,-109.74,51,-110.32,55,-114.81,44,-116.27,57,-116.51
1025,6820.50,6731.63,2.00,1,50,0.06,NLOS,117.23,1.44,-98.45,-70.67,3.42,39.19,0,57,-104.15,56,-106.99,49,-115.36,55,-116.01,51,-117.59,62,-119.35
1026,6820.50,6742.52,2.00,1,50,0.06,NLOS,117.24,1.44,-98.46,-70.68,3.35,39.19,0,57,-103.93,56,-107.21,49,-115.55,55,-116.13,51,-117.40,62,-119.42
1027,6820.50,6753.40,2.00,1,50,0.06,NLOS,117.27,1.44,-98.49,-70.71,3.25,39.19,0,57,-103.72,56,-107.42,49,-115.73,55,-116.26,51,-117.21,62,-119.50
1028,6820.50,6764.29,2.00,1,50,0.06,NLOS,117.32,0.06,-97.16,-69.38,6.20,39.19,0,49,-108.59,56,-109.00,57,-110.17,51,-111.52,43,-117.19,64,-118.99
1029,6820.50,6775.18,2.00,1,50,0.06,NLOS,117.38,0.06,-97.23,-69.44,6.17,39.19,0,49,-108.77,56,-109.21,57,-109.95,51,-111.33,43,-117.25,64,-118.91
1030,6820.50,6786.06,2.00,1,50,0.06,NLOS,117.47,0.06,-97.31,-69.53,6.11,39.19,0,49,-108.95,56,-109.43,57,-109.74,51,-111.13,43,-117.32,64,-118.84
1031,6820.50,6796.95,2.00,1,50,0.06,NLOS,117.57,-10.35,-87.00,-59.22,10.97,39.19,0,49,-101.03,56,-101.45,57,-114.10,51,-114.29,55,-117.11,69,-117.60
1032,6820.50,6807.83,2.00,1,50,0.06,NLOS,117.69,-10.35,-87.12,-59.34,11.02,39.19,0,49,-101.21,56,-101.66,57,-113.89,51,-114.09,55,-117.24,69,-117.62
1033,6820.50,6818.72,2.00,1,50,0.06,NLOS,117.83,-10.35,-87.26,-59.47,11.05,39.19,0,49,-101.38,56,-101.87,57,-113.68,51,-113.89,55,-117.36,69,-117.65
1034,6820.50,6829.60,2.00,1,50,0.06,NLOS,117.98,3.57,-101.34,-73.55,-2.52,39.19,0,49,-102.22,57,-103.61,44,-108.31,63,-108.85,51,-111.78,56,-112.37
1035,6820.50,6840.49,2.00,1,50,0.06,NLOS,118.15,3.57,-101.50,-73.72,-2.69,39.19,0,49,-102.39,57,-103.41,44,-108.26,63,-108.87,51,-111.57,56,-112.58
1036,6820.50,6851.37,2.00,1,50,0.06,NLOS,118.33,3.57,-101.68,-73.90,-2.88,39.19,0,49,-102.56,57,-103.20,44,-108.21,63,-108.88,51,-111.36,56,-112.79
1037,6820.50,6862.26,2.00,1,50,0.06,NLOS,118.52,-10.81,-87.49,-59.71,12.42,39.19,0,57,-101.70,56,-106.41,42,-108.95,49,-111.11,64,-117.57,51,-118.45
1038,6820.50,6873.15,2.00,1,50,0.06,NLOS,118.73,-10.81,-87.70,-59.92,12.13,39.19,0,57,-101.50,56,-106.61,42,-109.03,49,-111.28,64,-117.50,51,-118.24
1039,6820.50,6884.03,2.00,1,50,0.05,NLOS,118.95,-10.81,-87.91,-60.13,11.83,39.19,0,57,-101.31,56,-106.82,42,-109.11,49,-111.45,64,-117.43,51,-118.02
1040,6820.50,6894.92,2.00,1,50,0.05,NLOS,119.17,-4.39,-94.57,-66.79,10.31,39.19,0,49,-110.89,56,-110.96,51,-111.89,44,-112.31,57,-114.77,37,-114.90
1041,6820.50,6905.80,2.00,1,50,0.05,NLOS,119.41,-4.39,-94.80,-67.02,10.09,39.19,0,49,-111.05,56,-111.16,51,-111.67,44,-112.27,57,-114.58,37,-114.91
1042,6820.50,6916.69,2.00,1,50,0.05,NLOS,119.65,-4.39,-95.05,-67.27,9.85,39.19,0,49,-111.21,56,-111.36,51,-111.45,44,-112.23,57,-114.39,37,-114.92
1043,6813.93,6921.00,2.00,2,50,0.05,NLOS,119.49,-1.77,-97.50,-69.72,7.87,39.19,0,51,-109.44,57,-110.34,56,-112.62,55,-116.94,49,-118.13,63,-120.41
1044,6803.04,6921.00,2.00,2,50,0.05,NLOS,119.06,-1.77,-97.07,-69.29,8.38,39.19,0,51,-109.34,57,-110.66,56,-112.76,55,-116.98,49,-118.08,63,-120.56
1045,6792.15,6921.00,2.00,2,50,0.06,NLOS,118.62,-1.77,-96.63,-68.85,8.89,39.19,0,51,-109.24,57,-110.97,56,-112.90,55,-117.01,49,-118.04,38,-120.63
1046,6781.27,6921.00,2.00,2,50,0.06,NLOS,118.17,-4.29,-93.67,-65.89,11.22,39.19,0,57,-108.23,56,-110.13,44,-115.30,49,-116.99,51,-117.55,42,-118.11
1047,6770.38,6921.00,2.00,2,50,0.06,NLOS,117.72,-4.29,-93.21,-65.43,11.83,39.19,0,57,-108.54,56,-110.28,44,-115.13,49,-116.95,51,-117.45,42,-118.05
1048,6759.50,6921.00,2.00,2,50,0.06,NLOS,117.26,-4.29,-92.75,-64.97,12.44,39.19,0,57,-108.84,56,-110.42,44,-114.96,49,-116.91,51,-117.36,42,-118.00
1049,6748.61,6921.00,2.00,2,50,0.06,NLOS,116.79,6.54,-103.11,-75.33,2.52,39.19,0,51,-108.79,49,-114.30,56,-114.50,57,-114.63,64,-115.22,42,-115.92
1050,6737.73,6921.00,2.00,2,50,0.07,NLOS,116.32,6.54,-102.64,-74.86,2.98,39.19,0,51,-108.70,49,-114.26,56,-114.65,57,-114.92,64,-115.33,42,-115.87
1051,6726.84,6921.00,2.00,2,50,0.07,NLOS,115.85,6.54,-102.16,-74.38,3.44,39.19,0,51,-108.62,49,-114.23,56,-114.80,57,-115.22,64,-115.45,42,-115.81
1052,6715.96,6921.00,2.00,2,50,0.07,NLOS,115.37,-10.70,-84.44,-56.66,19.76,39.19,0,57,-107.74,51,-109.45,43,-112.04,64,-116.51,44,-116.75,42,-120.07
1053,6705.07,6921.00,2.00,2,50,0.08,NLOS,114.88,-10.70,-83.96,-56.18,20.31,39.19,0,57,-108.03,51,-109.38,43,-111.90,44,-116.57,64,-116.62,42,-120.01
1054,6694.18,6921.00,2.00,2,50,0.08,NLOS,114.40,-10.70,-83.48,-55.69,20.85,39.19,0,57,-108.31,51,-109.30,43,-111.77,44,-116.38,64,-116.73,42,-119.96
1055,6683.30,6921.00,2.00,2,50,0.08,NLOS,113.91,5.19,-98.89,-71.11,4.48,39.19,0,51,-109.47,56,-109.81,43,-110.10,44,-111.67,57,-111.99,62,-112.04
1056,6672.41,6921.00,2.00,2,50,0.09,NLOS,113.43,5.19,-98.40,-70.62,4.96,39.19,0,51,-109.40,56,-109.96,43,-109.96,44,-111.48,62,-112.13,57,-112.26
1057,6661.53,6921.00,2.00,2,50,0.09,NLOS,112.95,5.19,-97.92,-70.14,5.43,39.19,0,51,-109.34,43,-109.83,56,-110.10,44,-111.29,62,-112.21,57,-112.53
1058,6650.64,6921.00,2.00,2,50,0.09,NLOS,112.47,1.94,-94.19,-66.41,4.39,39.19,0,51,-99.70,56,-106.24,43,-113.83,64,-115.68,42,-116.57,55,-117.13
1059,6639.76,6921.00,2.00,2,50,0.10,NLOS,112.00,1.94,-93.72,-65.94,4.84,39.19,0,51,-99.65,56,-106.39,43,-113.69,64,-115.79,42,-116.51,55,-117.17
1060,6628.87,6921.00,2.00,2,50,0.10,NLOS,111.55,1.94,-93.27,-65.49,5.27,39.19,0,51,-99.59,56,-106.53,43,-113.55,64,-115.89,42,-116.46,44,-117.13
1061,6623.01,6921.00,2.00,0,50,0.11,NLOS,111.31,-2.03,-89.05,-61.27,9.78,39.19,0,49,-102.91,57,-103.63,51,-108.17,56,-108.45,44,-112.83,69,-118.76
1062,6633.90,6921.00,2.00,0,50,0.10,NLOS,111.76,-2.03,-89.50,-61.72,9.25,39.19,0,49,-102.93,57,-103.37,51,-108.22,56,-108.30,44,-113.03,69,-118.68
1063,6644.79,6921.00,2.00,0,50,0.10,NLOS,112.22,-2.03,-89.97,-62.18,8.70,39.19,0,49,-102.95,57,-103.11,56,-108.15,51,-108.27,44,-113.22,69,-118.60
1064,6655.67,6921.00,2.00,0,50,0.09,NLOS,112.69,0.86,-93.34,-65.55,9.54,39.19,0,44,-106.52,57,-108.40,43,-112.25,51,-112.70,56,-116.02,69,-117.94
1065,6666.56,6921.00,2.00,0,50,0.09,NLOS,113.17,0.86,-93.81,-66.03,9.08,39.19,0,44,-106.70,57,-108.14,43,-112.38,51,-112.76,56,-115.87,69,-117.86
1066,6677.44,6921.00,2.00,0,50,0.08,NLOS,113.65,0.86,-94.30,-66.52,8.61,39.19,0,44,-106.89,57,-107.87,43,-112.52,51,-112.83,56,-115.72,69,-117.78
1067,6688.33,6921.00,2.00,0,50,0.08,NLOS,114.14,1.01,-94.93,-67.15,9.63,39.19,0,49,-109.43,51,-110.76,63,-110.93,57,-111.93,44,-112.37,64,-115.88
1068,6699.21,6921.00,2.00,0,50,0.08,NLOS,114.62,1.01,-95.42,-67.63,9.16,39.19,0,49,-109.47,63,-110.79,51,-110.83,57,-111.65,44,-112.55,64,-115.77
1069,6710.10,6921.00,2.00,0,50,0.07,NLOS,115.11,1.01,-95.90,-68.12,8.68,39.19,0,49,-109.50,63,-110.65,51,-110.91,57,-111.37,44,-112.74,64,-115.66
1070,6720.99,6921.00,2.00,0,50,0.07,NLOS,115.59,6.50,-101.87,-74.09,-4.10,39.19,0,57,-100.91,51,-101.56,64,-109.55,63,-110.43,56,-111.39,49,-115.23
1071,6731.87,6921.00,2.00,0,50,0.07,NLOS,116.07,6.50,-102.35,-74.57,-4.68,39.19,0,57,-100.62,51,-101.64,64,-109.44,63,-110.29,56,-111.24,49,-115.27
1072,6742.76,6921.00,2.00,0,50,0.07,NLOS,116.54,6.50,-102.82,-75.04,-5.28,39.19,0,57,-100.32,51,-101.73,64,-109.32,63,-110.14,56,-111.09,49,-115.31
1073,6753.64,6921.00,2.00,0,50,0.06,NLOS,117.01,-7.23,-89.56,-61.77,10.30,39.19,0,51,-103.87,56,-104.30,44,-107.86,57,-114.83,49,-114.84,55,-115.40
1074,6764.53,6921.00,2.00,0,50,0.06,NLOS,117.47,-7.23,-90.02,-62.24,9.84,39.19,0,51,-103.96,56,-104.15,44,-108.03,57,-114.53,49,-114.88,55,-115.37
1075,6775.41,6921.00,2.00,0,50,0.06,NLOS,117.93,-7.23,-90.48,-62.69,9.38,39.19,0,56,-104.01,51,-104.05,44,-108.20,57,-114.22,49,-114.93,55,-115.33
1076,6786.30,6921.00,2.00,0,50,0.06,NLOS,118.38,-0.77,-97.40,-69.61,5.32,39.19,0,57,-105.42,51,-108.06,56,-113.21,38,-113.52,49,-115.80,70,-116.31
1077,6797.18,6921.00,2.00,0,50,0.05,NLOS,118.82,-0.77,-97.84,-70.06,4.72,39.19,0,57,-105.10,51,-108.16,56,-113.07,38,-113.62,49,-115.85,70,-116.22
1078,6808.07,6921.00,2.00,0,50,0.05,NLOS,119.26,-0.77,-98.28,-70.50,4.13,39.19,0,57,-104.79,51,-108.26,56,-112.93,38,-113.70,49,-115.90,70,-116.12
1079,6818.96,6921.00,2.00,0,44,0.02,NLOS,138.07,-13.20,-104.65,-76.87,9.48,39.19,1,56,-108.09,57,-111.72,49,-115.63,50,-117.09,51,-120.46,42,-120.74
1080,6820.50,6930.34,2.00,1,44,0.02,NLOS,138.06,-13.20,-104.64,-76.86,9.59,39.19,0,56,-108.24,57,-111.52,49,-115.77,50,-117.37,51,-120.28,42,-120.81
1081,6820.50,6941.23,2.00,1,44,0.02,NLOS,138.02,-13.20,-104.61,-76.82,9.69,39.19,0,56,-108.44,57,-111.34,49,-115.93,50,-117.63,51,-120.06,42,-120.90
1082,6820.50,6952.11,2.00,1,50,0.05,NLOS,120.50,-6.45,-93.83,-66.05,3.24,39.19,1,51,-98.14,56,-105.48,57,-110.01,63,-113.96,37,-115.86,64,-115.93
1083,6820.50,6963.00,2.00,1,50,0.05,NLOS,120.77,-6.45,-94.10,-66.32,2.81,39.19,0,51,-97.91,56,-105.67,57,-109.84,63,-113.99,64,-115.87,37,-115.87
1084,6820.50,6973.88,2.00,1,50,0.05,NLOS,121.04,-6.45,-94.37,-66.59,2.37,39.19,0,51,-97.68,56,-105.87,57,-109.68,63,-114.02,64,-115.80,37,-115.89
1085,6820.50,6984.77,2.00,1,50,0.05,NLOS,121.32,2.24,-103.34,-75.56,-2.43,39.19,0,57,-104.06,56,-107.41,51,-107.65,44,-115.01,49,-116.58,54,-120.53
1086,6820.50,6995.66,2.00,1,50,0.04,NLOS,121.60,2.24,-103.62,-75.84,-2.79,39.19,0,57,-103.91,51,-107.42,56,-107.60,44,-114.98,49,-116.73,54,-120.61
1087,6820.50,7006.54,2.00,1,50,0.04,NLOS,121.88,2.24,-103.90,-76.12,-3.16,39.19,0,57,-103.77,51,-107.18,56,-107.80,44,-114.95,49,-116.88,54,-120.68
1088,6820.50,7017.43,2.00,1,57,0.04,NLOS,123.13,-4.63,-98.28,-70.50,4.33,39.19,1,50,-104.33,55,-109.98,51,-110.51,44,-113.32,56,-116.86,64,-118.67
1089,6820.50,7028.31,2.00,1,57,0.04,NLOS,123.00,-4.63,-98.15,-70.37,4.61,39.19,0,50,-104.61,55,-110.09,51,-110.26,44,-113.29,56,-117.05,64,-118.61
1090,6820.50,7039.20,2.00,1,57,0.04,NLOS,122.88,-4.63,-98.03,-70.25,4.88,39.19,0,50,-104.90,51,-110.01,55,-110.19,44,-113.27,56,-117.24,64,-118.55
1091,6820.50,7050.08,2.00,1,57,0.04,NLOS,122.77,0.68,-103.23,-75.45,-0.64,39.19,0,50,-104.78,51,-107.23,56,-119.36,69,-120.97,38,-122.09,64,-122.44
1092,6820.50,7060.97,2.00,1,57,0.04,NLOS,122.66,0.68,-103.13,-75.34,-0.46,39.19,0,50,-105.07,51,-106.97,56,-119.55,69,-121.01,38,-122.07,64,-122.38
1093,6820.50,7071.85,2.00,1,57,0.04,NLOS,122.57,0.68,-103.03,-75.25,-0.30,39.19,0,50,-105.35,51,-106.72,56,-119.73,69,-121.04,38,-122.04,64,-122.32
1094,6820.50,7082.74,2.00,1,57,0.04,NLOS,122.49,-2.47,-99.79,-72.01,3.14,39.19,0,50,-104.55,51,-109.33,49,-116.32,64,-118.06,44,-119.71,56,-120.51
1095,6820.50,7093.63,2.00,1,57,0.04,NLOS,122.41,-2.47,-99.72,-71.94,3.35,39.19,0,50,-104.84,51,-109.07,49,-116.46,64,-118.00,44,-119.70,56,-120.69
1096,6820.50,7104.51,2.00,1,57,0.04,NLOS,122.35,-2.47,-99.65,-71.87,3.53,39.19,0,50,-105.13,51,-108.80,49,-116.60,64,-117.95,44,-119.69,56,-120.87
1097,6820.50,7115.40,2.00,1,50,0.04,NLOS,124.74,-9.90,-94.62,-66.84,6.01,39.19,1,57,-102.31,51,-108.16,43,-113.09,56,-113.12,37,-114.11,38,-116.21
1098,6825.78,7121.00,2.00,0,50,0.04,NLOS,125.00,-9.90,-94.88,-67.10,5.60,39.19,0,57,-102.08,51,-108.11,56,-113.16,43,-113.18,37,-114.17,38,-116.25
1099,6836.67,7121.00,2.00,0,50,0.04,NLOS,125.24,-9.90,-95.11,-67.33,5.09,39.19,0,57,-101.64,51,-108.29,56,-113.07,43,-113.29,37,-114.26,38,-116.34
1100,6847.55,7121.00,2.00,0,50,0.03,NLOS,125.47,-6.21,-99.05,-71.27,0.25,39.19,0,51,-102.66,57,-103.32,56,-111.11,49,-112.05,44,-116.68,64,-116.69
1101,6858.44,7121.00,2.00,0,50,0.03,NLOS,125.71,-6.21,-99.28,-71.50,-0.09,39.19,0,51,-102.84,57,-102.86,56,-111.02,49,-112.09,64,-116.55,44,-116.84
1102,6869.32,7121.00,2.00,0,50,0.03,NLOS,125.94,-6.21,-99.52,-71.74,-0.46,39.19,0,57,-102.39,51,-103.03,56,-110.93,49,-112.13,64,-116.42,44,-117.01
1103,6880.21,7121.00,2.00,0,57,0.05,NLOS,119.77,0.56,-100.10,-72.32,-0.28,39.19,1,51,-104.94,56,-105.60,44,-105.90,50,-108.38,63,-114.83,38,-117.43
1104,6891.10,7121.00,2.00,0,57,0.05,NLOS,119.27,0.56,-99.61,-71.83,0.32,39.19,0,51,-105.13,56,-105.52,44,-106.06,50,-108.62,63,-114.68,38,-117.52
1105,6901.98,7121.00,2.00,0,57,0.05,NLOS,118.76,0.56,-99.09,-71.31,0.93,39.19,0,51,-105.32,56,-105.43,44,-106.23,50,-108.86,63,-114.53,38,-117.61
1106,6912.87,7121.00,2.00,0,57,0.06,NLOS,118.23,-4.76,-93.25,-65.47,8.42,39.19,0,50,-104.77,51,-106.03,56,-113.68,64,-115.08,36,-118.17,44,-118.27
1107,6923.75,7121.00,2.00,0,57,0.06,NLOS,117.68,-4.76,-92.70,-64.92,9.14,39.19,0,50,-105.01,51,-106.22,56,-113.60,64,-114.93,36,-118.24,44,-118.43
1108,6934.64,7121.00,2.00,0,57,0.06,NLOS,117.12,-4.76,-92.14,-64.36,9.88,39.19,0,50,-105.24,51,-106.42,56,-113.52,64,-114.79,36,-118.30,44,-118.58
1109,6945.52,7121.00,2.00,0,57,0.07,NLOS,116.54,-5.07,-91.25,-63.47,16.36,39.19,0,56,-110.37,38,-112.31,69,-114.95,51,-115.18,43,-115.78,64,-116.80
1110,6956.41,7121.00,2.00,0,57,0.07,NLOS,115.94,-5.07,-90.65,-62.86,16.95,39.19,0,56,-110.30,38,-112.40,69,-114.87,51,-115.37,43,-115.88,64,-116.65
1111,6967.30,7121.00,2.00,0,57,0.07,NLOS,115.32,-5.07,-90.02,-62.24,17.56,39.19,0,56,-110.23,38,-112.49,69,-114.78,51,-115.57,43,-115.99,64,-116.50
1112,6978.18,7121.00,2.00,0,57,0.08,NLOS,114.67,-2.99,-91.47,-63.68,7.99,39.19,0,51,-101.15,50,-106.47,56,-110.18,44,-115.42,63,-120.66,49,-121.87
1113,6989.07,7121.00,2.00,0,57,0.08,NLOS,114.00,-2.99,-90.80,-63.01,8.83,39.19,0,51,-101.34,50,-106.70,56,-110.12,44,-115.57,63,-120.50,49,-121.92
1114,6999.95,7121.00,2.00,0,57,0.09,NLOS,113.30,-2.99,-90.10,-62.32,9.70,39.19,0,51,-101.54,50,-106.93,56,-110.05,44,-115.72,63,-120.34,69,-121.89
1115,7010.84,7121.00,2.00,0,57,0.09,NLOS,112.58,6.50,-98.86,-71.08,3.32,39.19,0,51,-105.97,50,-106.83,56,-110.80,49,-112.92,63,-113.54,64,-120.44
1116,7020.50,7122.22,2.00,1,57,0.10,NLOS,111.89,6.50,-98.18,-70.39,4.13,39.19,0,51,-106.12,50,-107.05,56,-110.77,49,-112.98,63,-113.40,64,-120.29
1117,7020.50,7133.11,2.00,1,57,0.10,NLOS,111.77,6.50,-98.05,-70.27,4.27,39.19,0,51,-105.94,50,-107.22,56,-110.98,49,-113.11,63,-113.46,64,-120.22
1118,7020.50,7143.99,2.00,1,57,0.10,NLOS,111.68,1.21,-92.66,-64.88,12.97,39.19,0,49,-110.18,50,-110.79,64,-112.38,56,-112.39,63,-114.20,51,-117.36
1119,7020.50,7154.88,2.00,1,57,0.10,NLOS,111.62,1.21,-92.61,-64.83,13.10,39.19,0,49,-110.30,50,-110.96,64,-112.31,56,-112.59,63,-114.27,51,-117.18
1120,7020.50,7165.77,2.00,1,57,0.10,NLOS,111.60,1.21,-92.59,-64.81,13.19,39.19,0,49,-110.42,50,-111.14,64,-112.24,56,-112.79,63,-114.34,51,-117.01
1121,7020.50,7176.65,2.00,1,57,0.10,NLOS,111.63,3.48,-94.89,-67.11,11.49,39.19,0,51,-108.89,63,-112.01,43,-115.22,50,-118.25,64,-118.91,35,-120.54
1122,7020.50,7187.54,2.00,1,57,0.10,NLOS,111.68,3.48,-94.95,-67.17,11.36,39.19,0,51,-108.71,63,-112.08,43,-115.29,50,-118.43,64,-118.84,35,-120.59
1123,7020.50,7198.42,2.00,1,57,0.10,NLOS,111.78,3.48,-95.04,-67.26,11.20,39.19,0,51,-108.54,63,-112.16,43,-115.36,50,-118.61,64,-118.78,35,-120.63
1124,7020.50,7209.31,2.00,1,57,0.10,NLOS,111.91,-2.95,-88.74,-60.96,11.81,39.19,0,51,-103.22,50,-107.92,64,-108.58,56,-111.93,63,-115.15,70,-116.78
1125,7020.50,7220.19,2.00,1,57,0.10,NLOS,112.08,-2.95,-88.91,-61.12,11.59,39.19,0,51,-103.05,50,-108.10,64,-108.52,56,-112.12,63,-115.23,70,-116.78
1126,7020.50,7231.08,2.00,1,57,0.10,NLOS,112.27,-2.95,-89.10,-61.32,11.33,39.19,0,51,-102.88,50,-108.28,64,-108.46,56,-112.30,63,-115.30,70,-116.78
1127,7020.50,7241.96,2.00,1,57,0.09,NLOS,112.50,-1.64,-90.64,-62.86,11.73,39.19,0,50,-103.83,56,-111.46,51,-112.27,62,-113.84,69,-116.23,64,-117.48
1128,7020.50,7252.85,2.00,1,57,0.09,NLOS,112.75,-1.64,-90.90,-63.12,11.61,39.19,0,50,-104.00,56,-111.65,51,-112.10,62,-113.93,69,-116.27,64,-117.42
1129,7020.50,7263.74,2.00,1,57,0.09,NLOS,113.03,-1.64,-91.18,-63.39,11.46,39.19,0,50,-104.18,56,-111.83,51,-111.94,62,-114.02,69,-116.32,64,-117.36
1130,7020.50,7274.62,2.00,1,57,0.09,NLOS,113.33,-1.96,-91.16,-63.37,8.87,39.19,0,51,-102.24,50,-105.26,56,-112.95,64,-115.77,62,-117.01,70,-117.64
1131,7020.50,7285.51,2.00,1,57,0.08,NLOS,113.65,-1.96,-91.48,-63.69,8.51,39.19,0,51,-102.08,50,-105.44,56,-113.13,64,-115.72,62,-117.10,70,-117.65
1132,7020.50,7296.39,2.00,1,57,0.08,NLOS,113.99,-1.96,-91.81,-64.03,8.13,39.19,0,51,-101.93,50,-105.61,56,-113.30,64,-115.66,62,-117.19,70,-117.66
1133,7020.50,7307.28,2.00,1,57,0.08,NLOS,114.34,-9.51,-84.61,-56.83,19.35,39.19,0,50,-106.44,51,-110.30,63,-113.51,43,-116.03,49,-117.32,64,-118.63
1134,7020.50,7318.16,2.00,1,57,0.08,NLOS,114.70,-9.51,-84.98,-57.19,19.06,39.19,0,50,-106.62,51,-110.15,63,-113.59,43,-116.10,49,-117.43,64,-118.58
1135,7028.55,7321.00,2.00,0,57,0.08,NLOS,114.39,-9.51,-84.66,-56.88,19.49,39.19,0,50,-106.78,51,-110.32,63,-113.51,43,-116.18,49,-117.49,64,-118.44
1136,7039.44,7321.00,2.00,0,51,0.03,NLOS,128.02,-12.05,-95.76,-67.98,3.01,39.19,1,57,-99.77,50,-106.09,56,-109.45,69,-111.62,44,-119.43,62,-119.96
1137,7050.32,7321.00,2.00,0,51,0.03,NLOS,128.29,-12.05,-96.03,-68.25,2.31,39.19,0,57,-99.20,50,-106.24,56,-109.41,69,-111.54,44,-119.57,62,-119.90
1138,7061.21,7321.00,2.00,0,51,0.03,NLOS,128.56,-12.05,-96.29,-68.51,1.59,39.19,0,57,-98.63,50,-106.40,56,-109.38,69,-111.46,44,-119.71,62,-119.84
1139,7072.09,7321.00,2.00,0,57,0.10,NLOS,112.12,4.41,-96.31,-68.52,3.60,39.19,1,51,-101.00,64,-107.52,50,-116.64,48,-116.67,56,-117.58,70,-117.87
1140,7082.98,7321.00,2.00,0,57,0.10,NLOS,111.53,4.41,-95.72,-67.94,4.35,39.19,0,51,-101.26,64,-107.34,48,-116.69,50,-116.79,56,-117.55,70,-117.76
1141,7093.86,7321.00,2.00,0,57,0.11,NLOS,110.95,4.41,-95.14,-67.35,5.10,39.19,0,51,-101.52,64,-107.15,48,-116.71,50,-116.95,56,-117.52,70,-117.65
1142,7104.75,7321.00,2.00,0,57,0.12,NLOS,110.36,-7.04,-83.11,-55.32,23.00,39.19,0,51,-108.85,64,-113.70,56,-114.52,50,-116.73,37,-120.79,63,-121.45
1143,7115.63,7321.00,2.00,0,57,0.12,NLOS,109.78,-7.04,-82.52,-54.74,23.68,39.19,0,51,-109.10,64,-113.51,56,-114.50,50,-116.89,37,-120.88,63,-121.31
1144,7126.52,7321.00,2.00,0,57,0.13,NLOS,109.20,-7.04,-81.95,-54.17,24.35,39.19,0,51,-109.35,64,-113.32,56,-114.47,50,-117.05,37,-120.96,63,-121.16
1145,7137.41,7321.00,2.00,0,57,0.14,NLOS,108.64,-5.17,-83.26,-55.48,17.83,39.19,0,51,-101.55,49,-111.62,50,-112.81,61,-119.89,64,-121.19,63,-121.35
1146,7148.29,7321.00,2.00,0,57,0.14,NLOS,108.10,-5.17,-82.71,-54.93,18.60,39.19,0,51,-101.80,49,-111.66,50,-112.96,61,-119.86,64,-121.00,63,-121.20
1147,7159.18,7321.00,2.00,0,57,0.15,NLOS,107.58,-5.17,-82.19,-54.41,19.34,39.19,0,51,-102.03,49,-111.71,50,-113.12,61,-119.84,64,-120.80,63,-121.06
1148,7170.06,7321.00,2.00,0,57,0.16,NLOS,107.09,7.66,-94.53,-66.74,11.88,39.19,0,64,-109.32,50,-113.51,51,-113.79,62,-115.95,63,-119.48,49,-119.56
1149,7180.95,7321.00,2.00,0,57,0.17,NLOS,106.63,7.66,-94.07,-66.29,12.30,39.19,0,64,-109.12,50,-113.67,51,-114.02,62,-115.90,63,-119.33,49,-119.61
1150,7191.83,7321.00,2.00,0,57,0.17,NLOS,106.23,7.66,-93.67,-65.89,12.65,39.19,0,64,-108.92,50,-113.82,51,-114.25,62,-115.84,63,-119.18,49,-119.66
1151,7202.72,7321.00,2.00,0,57,0.18,NLOS,105.87,-1.56,-84.10,-56.32,21.78,39.19,0,56,-110.05,63,-111.73,51,-114.15,64,-114.36,54,-120.83,50,-120.83
1152,7213.61,7321.00,2.00,0,57,0.18,NLOS,105.58,-1.56,-83.81,-56.03,22.04,39.19,0,56,-110.04,63,-111.58,64,-114.15,51,-114.37,54,-120.83,50,-120.99
1153,7224.49,7321.00,2.00,0,57,0.19,NLOS,105.36,-1.56,-83.59,-55.81,22.22,39.19,0,56,-110.04,63,-111.43,64,-113.94,51,-114.60,54,-120.83,50,-121.14
1154,7235.38,7321.00,2.00,0,57,0.19,NLOS,105.22,7.20,-92.20,-64.42,16.78,39.19,0,44,-112.85,64,-116.63,50,-116.93,51,-117.36,55,-120.33,63,-122.34
1155,7246.26,7321.00,2.00,0,57,0.19,NLOS,105.15,7.20,-92.13,-64.35,16.90,39.19,0,44,-112.98,64,-116.42,50,-117.08,51,-117.58,55,-120.32,63,-122.19
1156,7257.15,7321.00,2.00,0,57,0.19,NLOS,105.16,7.20,-92.14,-64.36,16.95,39.19,0,44,-113.10,64,-116.20,50,-117.23,51,-117.79,55,-120.32,63,-122.04
1157,7268.03,7321.00,2.00,0,57,0.19,NLOS,105.25,-1.35,-83.69,-55.90,18.47,39.19,0,64,-103.00,56,-113.90,63,-114.22,50,-116.56,70,-119.42,62,-123.46
1158,7278.92,7321.00,2.00,0,57,0.19,NLOS,105.42,-1.35,-83.86,-56.08,18.11,39.19,0,64,-102.78,56,-113.91,63,-114.07,50,-116.71,70,-119.30,62,-123.41
1159,7289.80,7321.00,2.00,0,57,0.18,NLOS,105.67,-1.35,-84.10,-56.32,17.68,39.19,0,64,-102.55,56,-113.91,63,-113.92,50,-116.86,70,-119.17,62,-123.36
1160,7300.69,7321.00,2.00,0,57,0.18,NLOS,105.98,-8.77,-76.99,-49.21,25.73,39.19,0,51,-104.78,64,-109.74,56,-113.24,63,-113.88,70,-121.69,67,-125.54
1161,7311.58,7321.00,2.00,0,57,0.17,NLOS,106.35,-8.77,-77.36,-49.58,25.43,39.19,0,51,-104.98,64,-109.51,56,-113.25,63,-113.73,70,-121.56,67,-125.52
1162,7322.46,7321.00,2.00,0,57,0.16,NLOS,106.77,-8.77,-77.78,-50.00,25.07,39.19,0,51,-105.19,64,-109.28,56,-113.27,63,-113.57,70,-121.43,67,-125.49
1163,7333.35,7321.00,2.00,0,57,0.16,NLOS,107.24,4.88,-91.90,-64.12,13.52,39.19,0,50,-109.22,63,-110.13,64,-113.61,55,-117.01,56,-120.09,51,-120.90
1164,7344.23,7321.00,2.00,0,57,0.15,NLOS,107.74,4.88,-92.40,-64.62,13.00,39.19,0,50,-109.37,63,-109.97,64,-113.37,55,-117.02,56,-120.11,51,-121.10
1165,7355.12,7321.00,2.00,0,57,0.14,NLOS,108.27,4.88,-92.93,-65.15,12.44,39.19,0,50,-109.52,63,-109.82,64,-113.13,55,-117.02,56,-120.13,51,-121.29
1166,7366.00,7321.00,2.00,0,57,0.13,NLOS,108.82,9.97,-98.57,-70.79,5.08,39.19,0,51,-106.24,64,-109.62,56,-115.43,69,-115.80,63,-115.92,50,-116.46
1167,7376.89,7321.00,2.00,0,57,0.13,NLOS,109.38,9.97,-99.14,-71.35,4.55,39.19,0,51,-106.43,64,-109.38,56,-115.45,69,-115.72,63,-115.76,50,-116.61
1168,7387.77,7321.00,2.00,0,57,0.12,NLOS,109.96,9.97,-99.71,-71.93,4.01,39.19,0,51,-106.62,64,-109.13,56,-115.47,63,-115.61,69,-115.63,55,-116.71
1169,7398.66,7321.00,2.00,0,57,0.11,NLOS,110.54,3.59,-93.91,-66.13,12.68,39.19,0,64,-110.35,50,-114.00,63,-114.55,36,-115.79,51,-117.13,56,-117.21
1170,7409.55,7321.00,2.00,0,57,0.11,NLOS,111.13,3.59,-94.50,-66.72,12.01,39.19,0,64,-110.09,50,-114.14,63,-114.39,36,-115.85,56,-117.24,51,-117.31
1171,7420.43,7321.00,2.00,0,57,0.10,NLOS,111.71,3.59,-95.08,-67.30,11.33,39.19,0,64,-109.83,63,-114.23,50,-114.28,36,-115.90,56,-117.26,51,-117.50
1172,7420.50,7310.18,2.00,3,57,0.11,NLOS,111.19,-0.27,-90.70,-62.92,15.79,39.19,0,64,-110.47,51,-110.97,63,-113.91,48,-118.58,50,-121.49,49,-124.34
1173,7420.50,7299.30,2.00,3,57,0.11,NLOS,110.66,-0.27,-90.17,-62.39,16.36,39.19,0,64,-110.60,51,-111.03,63,-113.75,48,-118.51,50,-121.40,49,-124.25
1174,7420.50,7288.41,2.00,3,57,0.12,NLOS,110.15,-0.27,-89.66,-61.88,16.91,39.19,0,64,-110.73,51,-111.09,63,-113.59,48,-118.44,50,-121.31,49,-124.15
1175,7420.50,7277.53,2.00,3,57,0.12,NLOS,109.65,3.47,-92.90,-65.12,13.80,39.19,0,62,-110.16,63,-111.42,51,-112.09,64,-113.33,43,-117.33,69,-117.47
1176,7420.50,7266.64,2.00,3,57,0.13,NLOS,109.17,3.47,-92.42,-64.64,14.26,39.19,0,62,-110.04,63,-111.26,51,-112.16,64,-113.46,43,-117.29,69,-117.40
1177,7420.50,7255.75,2.00,3,57,0.14,NLOS,108.71,3.47,-91.97,-64.18,14.69,39.19,0,62,-109.93,63,-111.10,51,-112.22,64,-113.60,43,-117.24,69,-117.34
1178,7420.50,7244.87,2.00,3,57,0.14,NLOS,108.28,5.60,-93.66,-65.88,7.33,39.19,0,56,-102.45,64,-108.43,51,-115.75,50,-116.01,63,-116.09,55,-117.11
1179,7420.50,7233.98,2.00,3,57,0.15,NLOS,107.89,5.60,-93.27,-65.49,7.60,39.19,0,56,-102.26,64,-108.57,51,-115.82,50,-115.92,63,-115.93,55,-117.01
1180,7420.50,7223.10,2.00,3,57,0.15,NLOS,107.54,5.60,-92.92,-65.14,7.82,39.19,0,56,-102.06,64,-108.71,63,-115.77,50,-115.84,51,-115.88,55,-116.91
1181,7420.50,7212.21,2.00,3,57,0.16,NLOS,107.24,-2.82,-84.20,-56.42,23.22,39.19,0,62,-107.45,64,-110.58,56,-112.22,63,-118.41,68,-120.49,50,-120.56
1182,7420.50,7201.33,2.00,3,57,0.16,NLOS,107.00,-2.82,-83.96,-56.18,23.46,39.19,0,62,-107.33,64,-110.73,56,-112.03,63,-118.25,68,-120.42,50,-120.48
1183,7420.50,7190.44,2.00,3,57,0.16,NLOS,106.81,-2.82,-83.77,-55.99,23.62,39.19,0,62,-107.21,64,-110.88,56,-111.83,63,-118.09,68,-120.36,50,-120.40
1184,7420.50,7179.56,2.00,3,57,0.16,NLOS,106.69,0.04,-86.51,-58.73,15.12,39.19,0,64,-102.80,50,-110.07,69,-113.44,56,-115.07,70,-116.05,51,-117.37
1185,7420.50,7168.67,2.00,3,57,0.17,NLOS,106.63,0.04,-86.45,-58.67,15.27,39.19,0,64,-102.96,50,-109.99,69,-113.38,56,-114.86,70,-116.05,51,-117.45
1186,7420.50,7157.78,2.00,3,57,0.17,NLOS,106.64,0.04,-86.46,-58.68,15.35,39.19,0,64,-103.11,50,-109.91,69,-113.32,56,-114.66,70,-116.05,51,-117.53
1187,7420.50,7146.90,2.00,3,57,0.16,NLOS,106.72,1.20,-87.70,-59.92,15.40,39.19,0,64,-104.73,56,-111.52,63,-113.88,50,-116.61,70,-117.33,51,-118.53
1188,7420.50,7136.01,2.00,3,57,0.16,NLOS,106.87,1.20,-87.85,-60.06,15.31,39.19,0,64,-104.89,56,-111.31,63,-113.73,50,-116.53,70,-117.33,51,-118.61
1189,7420.50,7125.13,2.00,3,57,0.16,NLOS,107.07,1.20,-88.05,-60.27,15.16,39.19,0,64,-105.04,56,-111.10,63,-113.58,50,-116.46,70,-117.34,51,-118.69
1190,7420.50,7127.76,2.00,1,57,0.16,NLOS,107.02,1.20,-88.00,-60.22,15.20,39.19,0,64,-105.01,56,-111.15,63,-113.62,50,-116.48,70,-117.34,51,-118.67
1191,7420.50,7138.64,2.00,1,57,0.16,NLOS,106.83,8.72,-95.32,-67.54,7.65,39.19,0,63,-107.64,64,-108.32,56,-110.49,50,-113.35,51,-115.65,70,-115.88
1192,7420.50,7149.53,2.00,1,57,0.16,NLOS,106.70,8.72,-95.20,-67.41,7.83,39.19,0,63,-107.79,64,-108.17,56,-110.70,50,-113.43,51,-115.57,70,-115.88
1193,7420.50,7160.41,2.00,1,57,0.17,NLOS,106.64,8.72,-95.13,-67.35,7.93,39.19,0,63,-107.94,64,-108.01,56,-110.91,50,-113.50,51,-115.49,70,-115.88
1194,7420.50,7171.30,2.00,1,57,0.17,NLOS,106.64,0.30,-86.72,-58.94,13.32,39.19,0,63,-102.23,64,-107.14,50,-108.79,51,-112.88,69,-115.70,68,-116.82
1195,7420.50,7182.19,2.00,1,57,0.16,NLOS,106.71,0.30,-86.80,-59.01,13.32,39.19,0,63,-102.38,64,-106.99,50,-108.86,51,-112.81,69,-115.76,68,-116.89
1196,7420.50,7193.07,2.00,1,57,0.16,NLOS,106.85,0.30,-86.93,-59.15,13.25,39.19,0,63,-102.54,64,-106.84,50,-108.94,51,-112.73,69,-115.83,68,-116.96
1197,7420.50,7203.96,2.00,1,57,0.16,NLOS,107.05,-6.10,-80.74,-52.96,17.95,39.19,0,64,-102.96,51,-103.31,63,-106.93,44,-109.57,50,-113.69,56,-117.25
1198,7420.50,7214.84,2.00,1,57,0.15,NLOS,107.31,-6.10,-81.00,-53.21,17.64,39.19,0,64,-102.81,51,-103.24,63,-107.09,44,-109.57,50,-113.77,56,-117.45
1199,7420.50,7225.73,2.00,1,57,0.15,NLOS,107.62,-6.10,-81.31,-53.53,17.27,39.19,0,64,-102.66,51,-103.17,63,-107.25,44,-109.58,50,-113.85,56,-117.64
1200,7420.50,7236.61,2.00,1,57,0.15,NLOS,107.98,17.00,-104.76,-76.98,-1.00,39.19,0,63,-105.15,50,-111.74,64,-116.08,70,-118.31,49,-120.32,56,-121.54
1201,7420.50,7247.50,2.00,1,57,0.14,NLOS,108.38,17.00,-105.16,-77.38,-1.28,39.19,0,63,-105.31,50,-111.82,64,-115.94,70,-118.32,49,-120.41,56,-121.72
1202,7420.50,7258.39,2.00,1,57,0.13,NLOS,108.82,17.00,-105.59,-77.81,-1.59,39.19,0,63,-105.47,50,-111.91,64,-115.80,70,-118.33,49,-120.51,56,-121.91
1203,7420.50,7269.27,2.00,1,57,0.13,NLOS,109.28,10.19,-99.26,-71.47,7.26,39.19,0,64,-109.67,56,-111.46,70,-113.08,62,-117.13,43,-117.13,50,-117.32
1204,7420.50,7280.16,2.00,1,57,0.12,NLOS,109.77,10.19,-99.74,-71.96,6.77,39.19,0,64,-109.53,56,-111.64,70,-113.09,43,-117.18,62,-117.24,50,-117.41
1205,7420.50,7291.04,2.00,1,57,0.12,NLOS,110.27,10.19,-100.25,-72.46,6.26,39.19,0,64,-109.40,56,-111.83,70,-113.10,43,-117.23,62,-117.35,50,-117.50
1206,7420.50,7301.93,2.00,1,57,0.11,NLOS,110.79,-9.52,-81.06,-53.28,18.22,39.19,0,63,-100.70,64,-105.77,62,-112.22,51,-114.16,49,-116.45,56,-117.29
1207,7420.50,7312.81,2.00,1,57,0.11,NLOS,111.32,-9.52,-81.58,-53.80,17.78,39.19,0,63,-100.86,64,-105.64,62,-112.33,51,-114.10,49,-116.54,56,-117.47
1208,7417.80,7321.00,2.00,2,57,0.10,NLOS,111.57,-9.52,-81.84,-54.06,17.62,39.19,0,63,-101.02,64,-105.61,62,-112.42,51,-114.01,49,-116.59,56,-117.59
1209,7406.92,7321.00,2.00,2,57,0.11,NLOS,110.99,-2.21,-88.56,-60.78,18.71,39.19,0,64,-110.39,63,-112.52,56,-118.58,51,-119.91,50,-120.18,69,-120.38
1210,7396.03,7321.00,2.00,2,57,0.12,NLOS,110.40,-2.21,-87.97,-60.19,19.44,39.19,0,64,-110.64,63,-112.68,56,-118.56,51,-119.72,50,-120.04,49,-120.35
1211,7385.14,7321.00,2.00,2,57,0.12,NLOS,109.82,-2.21,-87.39,-59.61,20.17,39.19,0,64,-110.89,63,-112.83,56,-118.53,51,-119.53,50,-119.89,49,-120.29
1212,7374.26,7321.00,2.00,2,57,0.13,NLOS,109.25,1.94,-90.97,-63.19,14.84,39.19,0,64,-109.10,62,-109.64,56,-114.23,63,-114.26,51,-115.16,49,-115.35
1213,7363.37,7321.00,2.00,2,57,0.14,NLOS,108.68,1.94,-90.41,-62.63,15.50,39.19,0,64,-109.34,62,-109.69,56,-114.21,63,-114.42,51,-114.96,49,-115.29
1214,7352.49,7321.00,2.00,2,57,0.14,NLOS,108.14,1.94,-89.86,-62.08,16.13,39.19,0,64,-109.58,62,-109.74,56,-114.19,63,-114.57,51,-114.77,49,-115.23
1215,7341.60,7321.00,2.00,2,57,0.15,NLOS,107.61,3.15,-90.55,-62.77,10.12,39.19,0,64,-101.85,51,-108.15,62,-114.11,56,-118.02,37,-118.58,63,-119.15
1216,7330.72,7321.00,2.00,2,57,0.16,NLOS,107.12,3.15,-90.06,-62.27,10.75,39.19,0,64,-102.08,51,-107.95,62,-114.15,56,-118.01,37,-118.51,63,-119.30
1217,7319.83,7321.00,2.00,2,57,0.16,NLOS,106.66,3.15,-89.60,-61.82,11.34,39.19,0,64,-102.32,51,-107.75,62,-114.20,56,-117.99,37,-118.43,63,-119.46
1218,7308.94,7321.00,2.00,2,57,0.17,NLOS,106.25,2.62,-88.65,-60.87,17.16,39.19,0,51,-111.31,63,-111.94,56,-113.47,64,-113.74,50,-115.04,55,-117.54
1219,7298.06,7321.00,2.00,2,57,0.18,NLOS,105.90,2.62,-88.30,-60.52,17.51,39.19,0,51,-111.11,63,-112.09,56,-113.46,64,-113.97,50,-114.89,55,-117.54
1220,7287.17,7321.00,2.00,2,57,0.18,NLOS,105.60,2.62,-88.00,-60.22,17.79,39.19,0,51,-110.90,63,-112.25,56,-113.46,64,-114.20,50,-114.74,55,-117.54
1221,7276.29,7321.00,2.00,2,57,0.19,NLOS,105.38,3.31,-88.47,-60.69,20.73,39.19,0,56,-114.88,70,-114.89,50,-114.90,44,-116.37,62,-118.00,51,-118.62
1222,7265.40,7321.00,2.00,2,57,0.19,NLOS,105.22,3.31,-88.32,-60.54,20.82,39.19,0,50,-114.75,56,-114.88,70,-115.01,44,-116.25,62,-118.05,51,-118.40
1223,7254.52,7321.00,2.00,2,57,0.19,NLOS,105.15,3.31,-88.24,-60.46,20.81,39.19,0,50,-114.60,56,-114.88,70,-115.13,44,-116.13,62,-118.10,51,-118.19
1224,7243.63,7321.00,2.00,2,57,0.19,NLOS,105.16,-5.55,-79.39,-51.61,28.03,39.19,0,63,-110.47,55,-110.49,51,-113.06,50,-115.05,62,-117.90,60,-120.55
1225,7232.75,7321.00,2.00,2,57,0.19,NLOS,105.24,-5.55,-79.48,-51.70,27.93,39.19,0,55,-110.49,63,-110.63,51,-112.84,50,-114.90,62,-117.96,60,-120.56
1226,7221.86,7321.00,2.00,2,57,0.19,NLOS,105.41,-5.55,-79.64,-51.86,27.74,39.19,0,55,-110.50,63,-110.78,51,-112.61,50,-114.75,62,-118.01,60,-120.58
1227,7210.97,7321.00,2.00,2,57,0.18,NLOS,105.65,-0.90,-84.53,-56.75,12.13,39.19,0,51,-97.04,44,-110.81,62,-112.28,63,-113.09,64,-115.69,68,-119.11
1228,7200.09,7321.00,2.00,2,57,0.18,NLOS,105.95,-0.90,-84.83,-57.05,11.61,39.19,0,51,-96.82,44,-110.68,62,-112.33,63,-113.24,64,-115.90,68,-119.16
1229,7189.20,7321.00,2.00,2,57,0.17,NLOS,106.32,-0.90,-85.20,-57.42,11.04,39.19,0,51,-96.59,44,-110.56,62,-112.39,63,-113.39,64,-116.11,68,-119.21
1230,7178.32,7321.00,2.00,2,57,0.16,NLOS,106.74,8.41,-94.93,-67.15,6.11,39.19,0,51,-102.07,64,-110.82,56,-112.61,43,-119.47,44,-119.88,63,-120.74
1231,7167.43,7321.00,2.00,2,57,0.16,NLOS,107.20,8.41,-95.39,-67.61,5.48,39.19,0,51,-101.84,64,-111.02,56,-112.62,43,-119.38,44,-119.75,63,-120.89
1232,7156.55,7321.00,2.00,2,57,0.15,NLOS,107.70,8.41,-95.89,-68.11,4.80,39.19,0,51,-101.60,64,-111.22,56,-112.63,43,-119.29,44,-119.63,63,-121.04
1233,7145.66,7321.00,2.00,2,57,0.14,NLOS,108.23,-6.84,-81.17,-53.38,24.67,39.19,0,51,-109.11,56,-112.33,50,-113.33,64,-116.18,62,-120.60,43,-121.11
1234,7134.78,7321.00,2.00,2,57,0.13,NLOS,108.78,-6.84,-81.72,-53.93,24.00,39.19,0,51,-108.87,56,-112.35,50,-113.18,64,-116.38,62,-120.65,43,-121.02
1235,7123.89,7321.00,2.00,2,57,0.13,NLOS,109.34,-6.84,-82.28,-54.50,23.31,39.19,0,51,-108.63,56,-112.37,50,-113.02,64,-116.57,62,-120.71,43,-120.94
1236,7113.00,7321.00,2.00,2,57,0.12,NLOS,109.92,7.06,-96.76,-68.98,6.67,39.19,0,51,-105.65,50,-111.81,64,-112.26,56,-115.34,63,-116.90,55,-119.94
1237,7102.12,7321.00,2.00,2,57,0.11,NLOS,110.50,7.06,-97.34,-69.56,5.94,39.19,0,51,-105.40,50,-111.65,64,-112.45,56,-115.36,63,-117.04,55,-119.94
1238,7091.23,7321.00,2.00,2,57,0.11,NLOS,111.09,7.06,-97.93,-70.15,5.20,39.19,0,51,-105.14,50,-111.49,64,-112.63,56,-115.39,63,-117.19,55,-119.95
1239,7080.35,7321.00,2.00,2,57,0.10,NLOS,111.67,6.69,-98.14,-70.36,5.55,39.19,0,50,-108.04,56,-108.84,63,-112.75,51,-113.23,44,-117.60,70,-117.85
1240,7069.46,7321.00,2.00,2,57,0.10,NLOS,112.26,6.69,-98.73,-70.94,4.91,39.19,0,50,-107.88,56,-108.87,63,-112.89,51,-112.96,44,-117.47,70,-117.96
1241,7058.58,7321.00,2.00,2,57,0.09,NLOS,112.83,6.69,-99.30,-71.52,4.26,39.19,0,50,-107.73,56,-108.90,51,-112.70,63,-113.03,44,-117.33,70,-118.07
1242,7047.69,7321.00,2.00,2,57,0.09,NLOS,113.41,9.71,-102.90,-75.12,4.42,39.19,0,50,-111.38,51,-112.83,49,-113.36,64,-113.69,43,-119.10,37,-119.77
1243,7036.80,7321.00,2.00,2,57,0.08,NLOS,113.97,9.71,-103.46,-75.68,3.76,39.19,0,50,-111.22,51,-112.56,49,-113.31,64,-113.86,43,-119.01,37,-119.69
1244,7025.92,7321.00,2.00,2,57,0.08,NLOS,114.53,9.71,-104.02,-76.24,3.10,39.19,0,50,-111.06,51,-112.28,49,-113.27,64,-114.04,43,-118.93,37,-119.60
1245,7020.50,7315.53,2.00,3,57,0.08,NLOS,114.61,-6.14,-88.26,-60.47,13.60,39.19,0,51,-102.67,64,-111.52,49,-115.23,63,-116.27,38,-117.67,43,-118.07
1246,7020.50,7304.65,2.00,3,57,0.08,NLOS,114.25,-6.14,-87.90,-60.11,14.09,39.19,0,51,-102.82,64,-111.57,49,-115.11,63,-116.18,38,-117.68,43,-118.00
1247,7020.50,7293.76,2.00,3,57,0.08,NLOS,113.90,-6.14,-87.55,-59.77,14.56,39.19,0,51,-102.97,64,-111.62,49,-115.00,63,-116.10,38,-117.69,43,-117.93
1248,7020.50,7282.88,2.00,3,57,0.09,NLOS,113.57,2.05,-95.40,-67.62,7.43,39.19,0,50,-104.85,56,-109.51,51,-113.95,43,-116.35,44,-118.19,63,-119.55
1249,7020.50,7271.99,2.00,3,57,0.09,NLOS,113.26,2.05,-95.09,-67.31,7.61,39.19,0,50,-104.67,56,-109.33,51,-114.11,43,-116.28,44,-118.17,63,-119.47
1250,7020.50,7261.11,2.00,3,57,0.09,NLOS,112.96,2.05,-94.79,-67.01,7.76,39.19,0,50,-104.49,56,-109.15,51,-114.27,43,-116.21,44,-118.16,63,-119.39
1251,7020.50,7250.22,2.00,3,57,0.09,NLOS,112.69,-9.60,-82.87,-55.09,19.54,39.19,0,50,-105.13,51,-107.16,49,-111.81,44,-114.63,55,-116.59,63,-116.77
1252,7020.50,7239.33,2.00,3,57,0.09,NLOS,112.44,-9.60,-82.63,-54.85,19.74,39.19,0,50,-104.95,51,-107.32,49,-111.69,44,-114.62,55,-116.49,63,-116.69
1253,7020.50,7228.45,2.00,3,57,0.10,NLOS,112.22,-9.60,-82.41,-54.63,19.91,39.19,0,50,-104.77,51,-107.49,49,-111.58,44,-114.61,55,-116.39,63,-116.62
1254,7020.50,7217.56,2.00,3,57,0.10,NLOS,112.03,3.89,-95.70,-67.92,7.90,39.19,0,64,-106.62,50,-108.92,44,-114.81,51,-115.14,49,-116.55,42,-118.38
1255,7020.50,7206.68,2.00,3,57,0.10,NLOS,111.88,3.89,-95.54,-67.76,8.04,39.19,0,64,-106.69,50,-108.75,44,-114.81,51,-115.31,49,-116.43,42,-118.31
1256,7020.50,7195.79,2.00,3,57,0.10,NLOS,111.75,3.89,-95.42,-67.64,8.15,39.19,0,64,-106.75,50,-108.57,44,-114.80,51,-115.48,49,-116.31,42,-118.24
1257,7020.50,7184.91,2.00,3,57,0.10,NLOS,111.67,0.93,-92.38,-64.60,6.65,39.19,0,50,-99.79,56,-111.03,63,-112.26,51,-115.65,43,-115.72,64,-116.68
1258,7020.50,7174.02,2.00,3,57,0.10,NLOS,111.62,0.93,-92.33,-64.55,6.54,39.19,0,50,-99.62,56,-110.83,63,-112.18,43,-115.65,51,-115.82,64,-116.75
1259,7020.50,7163.13,2.00,3,57,0.10,NLOS,111.61,0.93,-92.32,-64.54,6.39,39.19,0,50,-99.44,56,-110.63,63,-112.11,43,-115.58,51,-116.00,64,-116.82
1260,7020.50,7152.25,2.00,3,57,0.10,NLOS,111.63,-8.37,-83.05,-55.27,24.85,39.19,0,50,-112.54,64,-114.66,44,-116.13,56,-118.31,51,-118.35,63,-118.76
1261,7020.50,7141.36,2.00,3,57,0.10,NLOS,111.69,-8.37,-83.11,-55.33,24.73,39.19,0,50,-112.37,64,-114.73,44,-116.13,56,-118.10,51,-118.53,63,-118.69
1262,7020.50,7130.48,2.00,3,57,0.10,NLOS,111.79,-8.37,-83.21,-55.43,24.58,39.19,0,50,-112.20,64,-114.80,44,-116.13,56,-117.90,63,-118.62,51,-118.70
1263,7021.91,7121.00,2.00,0,57,0.10,NLOS,111.81,2.28,-93.87,-66.09,5.46,39.19,0,50,-102.94,56,-104.29,51,-107.10,70,-109.14,64,-110.84,49,-112.57
1264,7032.79,7121.00,2.00,0,57,0.11,NLOS,111.02,2.28,-93.08,-65.29,6.35,39.19,0,50,-103.17,56,-104.23,51,-107.30,70,-109.03,64,-110.68,49,-112.63
1265,7043.68,7121.00,2.00,0,57,0.12,NLOS,110.19,2.28,-92.25,-64.47,7.27,39.19,0,50,-103.39,56,-104.18,51,-107.49,70,-108.93,64,-110.53,49,-112.68
1266,7054.56,7121.00,2.00,0,57,0.13,NLOS,109.32,-1.89,-87.21,-59.43,14.54,39.19,0,56,-104.11,50,-107.98,51,-111.76,63,-116.93,44,-118.33,64,-118.91
1267,7065.45,7121.00,2.00,0,57,0.14,NLOS,108.41,-1.89,-86.30,-58.52,15.49,39.19,0,56,-104.06,50,-108.20,51,-111.95,63,-116.76,44,-118.47,64,-118.75
1268,7076.34,7121.00,2.00,0,57,0.15,NLOS,107.46,-1.89,-85.35,-57.57,16.48,39.19,0,56,-104.01,50,-108.42,51,-112.14,63,-116.59,64,-118.60,44,-118.61
1269,7087.22,7121.00,2.00,0,57,0.17,NLOS,106.45,-12.50,-73.73,-45.94,33.10,39.19,0,50,-110.22,56,-113.07,51,-113.36,62,-118.25,70,-119.53,68,-120.73
1270,7098.11,7121.00,2.00,0,57,0.19,NLOS,105.38,-12.50,-72.66,-44.88,34.29,39.19,0,50,-110.44,56,-113.03,51,-113.55,62,-118.18,70,-119.42,68,-120.67
1271,7108.99,7121.00,2.00,0,57,0.21,NLOS,104.25,-12.50,-71.53,-43.75,35.54,39.19,0,50,-110.65,56,-112.99,51,-113.74,62,-118.11,70,-119.31,68,-120.62
1272,7119.88,7121.00,2.00,0,57,0.23,NLOS,103.05,-0.76,-82.07,-54.28,22.58,39.19,0,64,-106.30,50,-113.82,51,-113.89,56,-117.70,70,-118.30,62,-118.43
1273,7130.76,7121.00,2.00,0,57,0.26,NLOS,101.77,-0.76,-80.79,-53.01,23.79,39.19,0,64,-106.13,50,-114.03,51,-114.07,56,-117.67,70,-118.18,62,-118.36
1274,7141.65,7121.00,2.00,0,57,0.29,NLOS,100.40,-0.76,-79.42,-51.64,25.08,39.19,0,64,-105.97,50,-114.24,51,-114.26,56,-117.64,70,-118.07,62,-118.29
1275,7152.53,7121.00,2.00,0,57,0.32,NLOS,98.95,-3.71,-75.02,-47.24,30.46,39.19,0,63,-108.67,64,-112.45,50,-114.45,62,-115.82,51,-115.92,70,-118.22
1276,7163.42,7121.00,2.00,0,57,0.36,NLOS,97.39,-3.71,-73.47,-45.68,31.94,39.19,0,63,-108.49,64,-112.29,50,-114.66,62,-115.75,51,-116.10,70,-118.11
1277,7174.31,7121.00,2.00,0,57,0.40,NLOS,95.74,-3.71,-71.81,-44.03,33.52,39.19,0,63,-108.31,64,-112.12,50,-114.86,62,-115.68,51,-116.28,70,-117.99
1278,7185.19,7121.00,2.00,0,57,0.45,NLOS,93.98,11.31,-85.08,-57.30,16.94,39.19,0,51,-102.66,43,-107.31,63,-114.77,56,-115.03,64,-119.07,49,-121.01
1279,7196.08,7121.00,2.00,0,57,0.50,NLOS,92.16,11.31,-83.25,-55.47,18.91,39.19,0,51,-102.84,43,-107.40,63,-114.59,56,-115.01,64,-118.91,49,-121.07
1280,7206.96,7121.00,2.00,0,57,0.56,NLOS,90.30,11.31,-81.40,-53.62,20.91,39.19,0,51,-103.02,43,-107.50,63,-114.40,56,-115.00,64,-118.73,49,-121.13
1281,7217.85,7121.00,2.00,0,57,0.61,NLOS,88.52,-7.21,-61.09,-33.31,43.21,39.19,0,56,-106.61,50,-109.75,51,-116.97,70,-118.30,44,-120.50,64,-120.58
1282,7220.50,7112.77,2.00,3,57,0.57,NLOS,89.93,-7.21,-62.50,-34.71,41.70,39.19,0,56,-106.43,50,-109.72,51,-117.10,70,-118.28,44,-120.53,64,-120.62
1283,7220.50,7101.88,2.00,3,57,0.50,NLOS,92.18,-7.21,-64.75,-36.97,39.29,39.19,0,56,-106.21,50,-109.61,51,-117.22,70,-118.28,44,-120.54,64,-120.73
1284,7220.50,7090.99,2.00,3,57,0.44,NLOS,94.25,9.64,-83.67,-55.89,19.79,39.19,0,51,-107.73,56,-108.65,50,-109.97,64,-116.08,63,-118.54,43,-120.75
1285,7220.50,7080.11,2.00,3,57,0.39,NLOS,96.16,9.64,-85.57,-57.79,17.84,39.19,0,51,-107.85,56,-108.42,50,-109.87,64,-116.19,63,-118.45,43,-120.70
1286,7220.50,7069.22,2.00,3,57,0.35,NLOS,97.90,9.64,-87.32,-59.54,16.04,39.19,0,51,-107.97,56,-108.18,50,-109.77,64,-116.30,63,-118.37,43,-120.65
1287,7220.50,7058.34,2.00,3,57,0.31,NLOS,99.51,0.89,-80.18,-52.40,25.69,39.19,0,50,-107.72,55,-113.48,64,-113.91,56,-116.20,68,-116.96,51,-117.48
1288,7220.50,7047.45,2.00,3,57,0.27,NLOS,100.99,0.89,-81.66,-53.88,24.14,39.19,0,50,-107.63,55,-113.36,64,-114.02,56,-115.96,68,-116.90,51,-117.60
1289,7220.50,7036.57,2.00,3,57,0.24,NLOS,102.37,0.89,-83.04,-55.26,22.71,39.19,0,50,-107.53,55,-113.25,64,-114.13,56,-115.71,68,-116.84,51,-117.73
1290,7220.50,7025.68,2.00,3,57,0.22,NLOS,103.65,4.11,-87.53,-59.75,14.52,39.19,0,50,-105.59,44,-106.95,56,-110.57,55,-112.84,64,-114.37,43,-115.54
1291,7220.50,7014.80,2.00,3,57,0.20,NLOS,104.84,4.11,-88.73,-60.95,13.26,39.19,0,50,-105.50,44,-106.96,56,-110.32,55,-112.72,64,-114.49,43,-115.49
1292,7220.50,7003.91,2.00,3,57,0.18,NLOS,105.96,4.11,-89.85,-62.07,12.07,39.19,0,50,-105.42,44,-106.97,56,-110.06,55,-112.61,64,-114.60,43,-115.44
1293,7220.50,6993.02,2.00,3,57,0.16,NLOS,107.02,-2.41,-84.39,-56.61,19.50,39.19,0,44,-108.14,50,-109.28,56,-111.98,63,-113.47,49,-116.21,55,-116.44
1294,7220.50,6982.14,2.00,3,57,0.14,NLOS,108.02,-2.41,-85.39,-57.60,18.45,39.19,0,44,-108.15,50,-109.20,56,-111.71,63,-113.40,49,-116.10,55,-116.32
1295,7220.50,6971.25,2.00,3,57,0.13,NLOS,108.96,-2.41,-86.33,-58.55,17.44,39.19,0,44,-108.17,50,-109.12,56,-111.44,63,-113.33,49,-115.98,55,-116.20
1296,7220.50,6960.37,2.00,3,57,0.12,NLOS,109.86,-12.22,-77.42,-49.64,31.17,39.19,0,56,-113.70,63,-113.91,51,-114.38,69,-116.38,62,-117.10,37,-117.11
1297,7220.50,6949.48,2.00,3,57,0.11,NLOS,110.71,-12.22,-78.27,-50.49,30.25,39.19,0,56,-113.42,63,-113.84,51,-114.51,69,-116.33,62,-116.99,37,-117.11
1298,7220.50,6938.60,2.00,3,57,0.10,NLOS,111.52,-12.22,-79.09,-51.30,29.36,39.19,0,56,-113.14,63,-113.78,51,-114.64,69,-116.29,62,-116.87,37,-117.10
1299,7220.50,6927.71,2.00,3,57,0.10,NLOS,112.30,-8.03,-84.05,-56.27,20.36,39.19,0,56,-107.83,63,-111.78,50,-112.40,51,-113.02,64,-118.43,62,-119.33
1300,7216.33,6921.00,2.00,2,57,0.09,NLOS,112.80,-8.03,-84.55,-56.77,19.78,39.19,0,56,-107.66,63,-111.83,50,-112.27,51,-113.04,64,-118.55,62,-119.30
1301,7205.44,6921.00,2.00,2,57,0.09,NLOS,112.92,-8.03,-84.67,-56.89,19.66,39.19,0,56,-107.68,50,-112.03,63,-112.06,51,-112.91,64,-118.68,62,-119.38
1302,7194.55,6921.00,2.00,2,57,0.09,NLOS,113.06,-2.56,-90.28,-62.50,9.83,39.19,0,56,-102.68,50,-104.68,51,-112.85,49,-113.36,62,-116.02,55,-116.05
1303,7183.67,6921.00,2.00,2,57,0.09,NLOS,113.24,-2.56,-90.46,-62.67,9.58,39.19,0,56,-102.71,50,-104.43,51,-112.71,49,-113.28,55,-116.05,62,-116.10
1304,7172.78,6921.00,2.00,2,57,0.09,NLOS,113.44,-2.56,-90.66,-62.88,9.30,39.19,0,56,-102.74,50,-104.18,51,-112.58,49,-113.20,55,-116.06,62,-116.19
1305,7161.90,6921.00,2.00,2,57,0.08,NLOS,113.67,-7.78,-85.67,-57.89,12.66,39.19,0,56,-99.55,50,-105.56,64,-113.08,69,-114.13,49,-116.21,51,-117.20
1306,7151.01,6921.00,2.00,2,57,0.08,NLOS,113.92,-7.78,-85.92,-58.14,12.39,39.19,0,56,-99.59,50,-105.30,64,-113.21,69,-114.23,49,-116.13,51,-117.07
1307,7140.13,6921.00,2.00,2,57,0.08,NLOS,114.19,-7.78,-86.20,-58.41,12.11,39.19,0,56,-99.64,50,-105.03,64,-113.35,69,-114.33,49,-116.05,51,-116.93
1308,7129.24,6921.00,2.00,2,57,0.08,NLOS,114.48,1.85,-96.11,-68.33,9.00,39.19,0,50,-108.79,56,-109.76,62,-112.67,64,-113.51,55,-117.56,49,-117.84
1309,7118.35,6921.00,2.00,2,57,0.08,NLOS,114.79,1.85,-96.42,-68.64,8.61,39.19,0,50,-108.52,56,-109.81,62,-112.75,64,-113.64,55,-117.57,49,-117.76
1310,7107.47,6921.00,2.00,2,57,0.07,NLOS,115.11,1.85,-96.74,-68.96,8.19,39.19,0,50,-108.24,56,-109.88,62,-112.84,64,-113.77,55,-117.58,49,-117.69
1311,7096.58,6921.00,2.00,2,57,0.07,NLOS,115.44,7.56,-102.79,-75.01,1.01,39.19,0,49,-107.88,51,-108.61,56,-110.03,50,-110.16,64,-113.16,44,-115.60
1312,7085.70,6921.00,2.00,2,57,0.07,NLOS,115.79,7.56,-103.13,-75.35,0.58,39.19,0,49,-107.81,51,-108.47,50,-109.88,56,-110.10,64,-113.29,44,-115.47
1313,7074.81,6921.00,2.00,2,57,0.07,NLOS,116.14,7.56,-103.49,-75.70,0.14,39.19,0,49,-107.73,51,-108.34,50,-109.59,56,-110.17,64,-113.42,44,-115.34
1314,7063.93,6921.00,2.00,2,57,0.07,NLOS,116.50,-5.53,-90.75,-62.97,6.54,39.19,0,56,-97.45,51,-117.58,43,-117.81,63,-118.01,36,-118.15,44,-118.40
1315,7053.04,6921.00,2.00,2,57,0.06,NLOS,116.87,-5.53,-91.12,-63.33,6.26,39.19,0,56,-97.54,51,-117.45,43,-117.69,36,-118.07,63,-118.20,44,-118.26
1316,7042.16,6921.00,2.00,2,57,0.06,NLOS,117.24,-5.53,-91.49,-63.70,5.97,39.19,0,56,-97.63,51,-117.31,43,-117.58,36,-118.00,44,-118.12,63,-118.39
1317,7031.27,6921.00,2.00,2,57,0.06,NLOS,117.61,-3.99,-93.40,-65.62,10.35,39.19,0,56,-107.71,64,-109.68,50,-111.12,49,-111.39,62,-111.66,51,-114.12
1318,7020.50,6920.88,2.00,3,57,0.06,NLOS,117.98,-3.99,-93.78,-65.99,9.97,39.19,0,56,-107.80,64,-109.81,50,-110.81,49,-111.32,62,-111.75,51,-113.99
1319,7020.50,6910.00,2.00,3,57,0.06,NLOS,118.38,-3.99,-94.18,-66.39,9.48,39.19,0,56,-107.54,64,-109.89,50,-110.70,49,-111.17,62,-111.65,51,-114.16
1320,7020.50,6899.11,2.00,3,57,0.05,NLOS,118.78,-5.69,-92.87,-65.09,7.01,39.19,0,56,-102.47,50,-105.89,51,-108.05,44,-115.63,49,-117.34,38,-119.01
1321,7020.50,6888.23,2.00,3,57,0.05,NLOS,119.18,-5.69,-93.27,-65.49,6.47,39.19,0,56,-102.20,50,-105.79,51,-108.22,44,-115.66,49,-117.20,38,-119.04
1322,7020.50,6877.34,2.00,3,57,0.05,NLOS,119.57,-5.69,-93.66,-65.88,5.92,39.19,0,56,-101.92,50,-105.70,51,-108.39,44,-115.69,49,-117.05,38,-119.07
1323,7020.50,6866.46,2.00,3,57,0.05,NLOS,119.96,0.88,-100.62,-72.84,1.09,39.19,0,50,-102.86,56,-111.74,51,-113.51,63,-115.49,62,-118.69,48,-119.01
1324,7020.50,6855.57,2.00,3,57,0.05,NLOS,120.34,0.88,-101.01,-73.23,0.62,39.19,0,50,-102.78,56,-111.46,51,-113.67,63,-115.47,62,-118.59,48,-118.92
1325,7020.50,6844.68,2.00,3,57,0.05,NLOS,120.73,0.88,-101.39,-73.61,0.16,39.19,0,50,-102.70,56,-111.18,51,-113.84,63,-115.45,62,-118.50,48,-118.83
1326,7020.50,6833.80,2.00,3,57,0.05,NLOS,121.10,2.70,-103.58,-75.80,-1.30,39.19,0,56,-104.87,63,-109.33,51,-109.38,43,-115.04,49,-115.82,50,-117.39
1327,7020.50,6822.91,2.00,3,57,0.05,NLOS,121.48,2.70,-103.96,-76.18,-1.81,39.19,0,56,-104.58,63,-109.31,51,-109.55,43,-114.99,49,-115.67,50,-117.33
1328,7020.50,6812.03,2.00,3,57,0.04,NLOS,121.85,2.70,-104.33,-76.55,-2.33,39.19,0,56,-104.28,63,-109.29,51,-109.71,43,-114.94,49,-115.52,50,-117.27
1329,7020.50,6801.14,2.00,3,50,0.03,NLOS,125.58,-6.55,-98.82,-71.04,6.71,39.19,1,63,-103.21,55,-107.69,57,-107.77,56,-110.87,62,-113.98,51,-119.11
1330,7020.50,6790.26,2.00,3,50,0.03,NLOS,125.54,-6.55,-98.77,-70.99,6.87,39.19,0,63,-103.20,55,-107.56,57,-108.13,56,-110.56,62,-113.88,51,-119.28
1331,7020.50,6779.37,2.00,3,50,0.03,NLOS,125.50,-6.55,-98.74,-70.96,7.00,39.19,0,63,-103.19,55,-107.43,57,-108.48,56,-110.25,62,-113.79,64,-119.42
1332,7020.50,6768.49,2.00,3,50,0.03,NLOS,125.48,-2.45,-102.81,-75.03,-4.19,39.19,0,57,-100.07,56,-105.65,63,-111.23,51,-111.83,68,-113.35,49,-116.06
1333,7020.50,6757.60,2.00,3,50,0.03,NLOS,125.46,-2.45,-102.79,-75.01,-3.99,39.19,0,57,-100.42,56,-105.33,63,-111.22,51,-111.98,68,-113.30,49,-115.91
1334,7020.50,6746.71,2.00,3,50,0.03,NLOS,125.44,-2.45,-102.78,-74.99,-3.82,39.19,0,57,-100.76,56,-105.01,63,-111.22,51,-112.14,68,-113.25,49,-115.75
1335,7020.50,6735.83,2.00,3,50,0.03,NLOS,125.44,-2.19,-103.03,-75.25,2.88,39.19,0,55,-105.82,57,-110.00,56,-111.67,70,-112.03,51,-112.36,62,-114.82
1336,7020.50,6724.94,2.00,3,50,0.03,NLOS,125.44,-2.19,-103.03,-75.25,2.94,39.19,0,55,-105.68,57,-110.33,56,-111.34,70,-112.05,51,-112.52,62,-114.73
1337,7020.50,6714.06,2.00,3,50,0.03,NLOS,125.44,-2.19,-103.04,-75.25,2.97,39.19,0,55,-105.54,57,-110.66,56,-111.00,70,-112.08,51,-112.67,62,-114.64
1338,7020.50,6703.17,2.00,3,57,0.04,NLOS,125.28,-4.36,-100.70,-72.92,2.22,39.19,1,56,-105.20,50,-108.11,62,-114.04,51,-114.78,43,-115.90,42,-116.36
1339,7020.50,6692.29,2.00,3,57,0.03,NLOS,125.60,-4.36,-101.02,-73.24,1.71,39.19,0,56,-104.85,50,-108.14,62,-113.95,51,-114.94,43,-115.86,42,-116.29
1340,7020.50,6681.40,2.00,3,57,0.03,NLOS,125.91,-4.36,-101.34,-73.55,1.20,39.19,0,56,-104.50,50,-108.17,62,-113.86,51,-115.09,43,-115.82,42,-116.22
1341,7020.50,6670.52,2.00,3,57,0.03,NLOS,126.22,-7.13,-98.87,-71.09,3.56,39.19,0,56,-104.27,50,-107.80,49,-110.78,62,-114.26,47,-116.67,69,-118.61
1342,7020.50,6659.63,2.00,3,57,0.03,NLOS,126.53,-7.13,-99.17,-71.39,3.03,39.19,0,56,-103.91,50,-107.85,49,-110.62,62,-114.16,47,-116.60,69,-118.59
1343,7020.50,6648.74,2.00,3,57,0.03,NLOS,126.83,-7.13,-99.47,-71.69,2.50,39.19,0,56,-103.55,50,-107.90,49,-110.45,62,-114.07,47,-116.53,69,-118.57
1344,7020.50,6637.86,2.00,3,56,0.05,NLOS,121.36,-6.33,-94.82,-67.03,7.46,39.19,1,43,-104.57,63,-106.02,57,-106.49,50,-110.56,49,-118.69,60,-119.97
1345,7020.50,6626.97,2.00,3,56,0.05,NLOS,120.99,-6.33,-94.44,-66.66,7.95,39.19,0,43,-104.54,63,-106.04,57,-106.78,50,-110.63,49,-118.52,60,-119.91
1346,7020.50,6616.09,2.00,3,56,0.05,NLOS,120.61,-6.33,-94.06,-66.28,8.45,39.19,0,43,-104.50,63,-106.06,57,-107.07,50,-110.70,49,-118.36,60,-119.85
1347,7020.50,6605.20,2.00,3,50,0.03,NLOS,125.92,-10.45,-95.26,-67.48,8.52,39.19,1,62,-105.21,57,-106.34,56,-108.45,53,-116.43,51,-116.87,63,-117.83
1348,7020.50,6594.32,2.00,3,50,0.03,NLOS,126.01,-10.45,-95.34,-67.56,8.45,39.19,0,62,-105.12,57,-106.62,56,-108.06,53,-116.37,51,-117.02,63,-117.85
1349,7020.50,6583.43,2.00,3,50,0.03,NLOS,126.10,-10.45,-95.44,-67.65,8.35,39.19,0,62,-105.03,57,-106.89,56,-107.67,53,-116.30,51,-117.16,63,-117.88
1350,7020.50,6572.54,2.00,3,50,0.03,NLOS,126.20,-5.17,-100.81,-73.03,-3.56,39.19,0,56,-97.87,57,-108.20,63,-109.43,62,-111.69,49,-112.57,43,-115.59
1351,7020.50,6561.66,2.00,3,56,0.06,NLOS,118.66,-0.97,-97.47,-69.69,1.73,39.19,1,50,-100.91,57,-108.47,63,-109.46,62,-111.60,49,-112.40,43,-115.56
1352,7020.50,6550.77,2.00,3,56,0.06,NLOS,118.26,-0.97,-97.07,-69.29,2.22,39.19,0,50,-101.02,57,-108.74,63,-109.50,62,-111.51,49,-112.23,43,-115.53
1353,7020.50,6539.89,2.00,3,56,0.06,NLOS,117.86,1.58,-99.22,-71.44,2.79,39.19,0,50,-104.01,55,-110.93,49,-112.86,62,-113.47,57,-115.39,70,-116.22
1354,7020.50,6529.00,2.00,3,56,0.06,NLOS,117.46,1.58,-98.82,-71.04,3.23,39.19,0,50,-104.12,55,-110.77,49,-112.69,62,-113.38,57,-115.64,70,-116.26
1355,7020.50,6518.12,2.00,3,56,0.06,NLOS,117.06,1.58,-98.42,-70.64,3.68,39.19,0,50,-104.25,55,-110.60,49,-112.52,62,-113.30,57,-115.90,70,-116.29
1356,7020.50,6507.23,2.00,3,50,0.03,NLOS,126.88,-15.97,-90.70,-62.92,3.34,39.19,1,56,-94.12,63,-105.71,62,-116.05,51,-116.19,57,-117.38,49,-117.59
1357,7020.50,6496.35,2.00,3,50,0.03,NLOS,127.02,-15.97,-90.83,-63.05,2.82,39.19,0,56,-93.72,63,-105.75,62,-115.96,51,-116.33,49,-117.41,57,-117.63
1358,7020.50,6485.46,2.00,3,50,0.03,NLOS,127.15,-15.97,-90.96,-63.18,2.30,39.19,0,56,-93.32,63,-105.79,62,-115.87,51,-116.47,49,-117.24,70,-117.83
1359,7020.50,6474.57,2.00,3,56,0.07,NLOS,115.48,-5.20,-90.06,-62.28,10.21,39.19,1,49,-103.46,50,-107.07,55,-108.53,57,-109.03,64,-115.35,70,-116.89
1360,7020.50,6463.69,2.00,3,56,0.07,NLOS,115.10,-5.20,-89.68,-61.90,10.54,39.19,0,49,-103.28,50,-107.21,55,-108.36,57,-109.27,64,-115.45,70,-116.93
1361,7020.50,6452.80,2.00,3,56,0.08,NLOS,114.73,-5.20,-89.31,-61.53,10.86,39.19,0,49,-103.11,50,-107.36,55,-108.19,57,-109.50,64,-115.54,70,-116.96
1362,7020.50,6441.92,2.00,3,56,0.08,NLOS,114.36,-1.29,-92.85,-65.07,11.47,39.19,0,50,-108.26,63,-111.17,49,-111.28,55,-114.71,57,-115.33,53,-115.46
1363,7020.50,6431.03,2.00,3,56,0.08,NLOS,114.01,-1.29,-92.50,-64.72,11.86,39.19,0,50,-108.41,49,-111.10,63,-111.22,55,-114.54,53,-115.39,57,-115.56
1364,7020.50,6420.15,2.00,3,56,0.08,NLOS,113.67,-1.29,-92.16,-64.38,12.23,39.19,0,50,-108.57,49,-110.93,63,-111.28,55,-114.36,53,-115.32,57,-115.79
1365,7020.50,6409.26,2.00,3,56,0.09,NLOS,113.35,-0.09,-93.04,-65.26,4.62,39.19,0,57,-100.68,49,-105.41,62,-105.80,63,-106.42,51,-110.54,50,-113.00
1366,7020.50,6398.37,2.00,3,56,0.09,NLOS,113.05,-0.09,-92.74,-64.96,5.00,39.19,0,57,-100.90,49,-105.23,62,-105.72,63,-106.47,51,-110.67,50,-113.16
1367,7020.50,6387.49,2.00,3,56,0.09,NLOS,112.77,-0.09,-92.46,-64.68,5.35,39.19,0,57,-101.12,49,-105.05,62,-105.64,63,-106.53,51,-110.80,50,-113.32
1368,7020.50,6376.60,2.00,3,56,0.09,NLOS,112.51,1.70,-93.99,-66.21,8.69,39.19,0,55,-105.59,50,-108.68,49,-111.08,62,-116.73,57,-117.42,63,-122.79
1369,7020.50,6365.72,2.00,3,56,0.10,NLOS,112.29,1.70,-93.77,-65.98,8.84,39.19,0,55,-105.41,50,-108.85,49,-110.90,62,-116.66,57,-117.64,63,-122.85
1370,7020.50,6354.83,2.00,3,56,0.10,NLOS,112.09,1.70,-93.57,-65.79,8.96,39.19,0,55,-105.22,50,-109.02,49,-110.72,62,-116.58,57,-117.85,63,-122.92
1371,7020.50,6343.95,2.00,3,56,0.10,NLOS,111.92,0.20,-91.90,-64.12,12.30,39.19,0,63,-108.36,49,-108.46,48,-112.81,50,-114.32,55,-114.97,44,-115.73
1372,7020.50,6333.06,2.00,3,56,0.10,NLOS,111.79,0.20,-91.77,-63.99,12.39,39.19,0,49,-108.28,63,-108.43,48,-112.69,50,-114.49,55,-114.78,44,-115.79
1373,7020.50,6322.18,2.00,3,56,0.10,NLOS,111.69,0.20,-91.67,-63.89,12.45,39.19,0,49,-108.11,63,-108.49,48,-112.57,55,-114.58,50,-114.66,44,-115.86
1374,7010.79,6321.00,2.00,2,56,0.10,NLOS,112.37,-9.45,-82.70,-54.92,18.77,39.19,0,50,-104.71,57,-108.66,55,-109.28,49,-109.73,48,-119.90,36,-120.65
1375,6999.90,6321.00,2.00,2,56,0.09,NLOS,113.11,-9.45,-83.45,-55.67,17.91,39.19,0,50,-104.49,57,-108.72,55,-109.33,49,-109.53,48,-119.85,36,-120.57
1376,6989.02,6321.00,2.00,2,56,0.08,NLOS,113.83,-9.45,-84.16,-56.38,17.08,39.19,0,50,-104.27,57,-108.78,49,-109.33,55,-109.39,48,-119.80,36,-120.48
1377,6978.13,6321.00,2.00,2,56,0.08,NLOS,114.51,-4.08,-90.21,-62.43,15.29,39.19,0,62,-110.35,50,-111.12,57,-114.29,63,-114.46,43,-115.43,49,-116.10
1378,6967.25,6321.00,2.00,2,56,0.07,NLOS,115.17,-4.08,-90.87,-63.08,14.63,39.19,0,62,-110.50,50,-110.90,57,-114.35,63,-114.62,43,-115.28,49,-115.90
1379,6956.36,6321.00,2.00,2,56,0.07,NLOS,115.80,-4.08,-91.50,-63.72,13.99,39.19,0,62,-110.65,50,-110.68,57,-114.42,63,-114.77,43,-115.13,49,-115.70
1380,6945.48,6321.00,2.00,2,56,0.07,NLOS,116.41,-0.09,-96.10,-68.32,9.23,39.19,0,49,-108.28,50,-111.12,42,-115.86,57,-116.47,63,-117.31,62,-118.16
1381,6934.59,6321.00,2.00,2,56,0.06,NLOS,117.00,-0.09,-96.69,-68.91,8.50,39.19,0,49,-108.08,50,-110.90,42,-115.76,57,-116.54,63,-117.46,62,-118.31
1382,6923.71,6321.00,2.00,2,56,0.06,NLOS,117.57,-0.09,-97.26,-69.48,7.79,39.19,0,49,-107.88,50,-110.68,42,-115.66,57,-116.62,63,-117.61,62,-118.45
1383,6912.82,6321.00,2.00,2,56,0.06,NLOS,118.12,1.75,-99.66,-71.87,1.12,39.19,0,49,-102.38,50,-108.15,55,-112.63,63,-115.61,61,-115.66,60,-117.78
1384,6901.93,6321.00,2.00,2,56,0.06,NLOS,118.66,1.75,-100.19,-72.41,0.41,39.19,0,49,-102.18,50,-107.92,55,-112.70,61,-115.73,63,-115.76,60,-117.81
1385,6891.05,6321.00,2.00,2,56,0.05,NLOS,119.18,1.75,-100.71,-72.93,-0.28,39.19,0,49,-101.98,50,-107.70,55,-112.78,61,-115.80,63,-115.91,60,-117.85
1386,6880.16,6321.00,2.00,2,50,0.03,NLOS,126.67,-1.04,-105.41,-77.63,1.84,39.19,1,56,-109.72,63,-110.82,43,-115.07,57,-115.14,55,-118.17,62,-118.19
1387,6869.28,6321.00,2.00,2,50,0.03,NLOS,126.45,-1.04,-105.19,-77.41,2.30,39.19,0,56,-110.21,63,-110.96,43,-114.91,57,-115.22,55,-118.24,62,-118.33
1388,6858.39,6321.00,2.00,2,50,0.03,NLOS,126.22,-1.04,-104.97,-77.18,2.74,39.19,0,56,-110.68,63,-111.11,43,-114.74,57,-115.30,55,-118.32,62,-118.47
1389,6847.51,6321.00,2.00,2,50,0.03,NLOS,126.00,-14.47,-91.32,-63.53,12.30,39.19,0,56,-106.37,49,-108.37,62,-111.58,57,-114.61,53,-117.76,37,-118.23
1390,6836.62,6321.00,2.00,2,50,0.03,NLOS,125.78,-14.47,-91.09,-63.31,12.69,39.19,0,56,-106.82,49,-108.18,62,-111.72,57,-114.70,53,-117.77,37,-118.14
1391,6825.73,6321.00,2.00,2,50,0.03,NLOS,125.56,-14.47,-90.88,-63.09,13.05,39.19,0,56,-107.26,49,-107.99,62,-111.85,57,-114.79,53,-117.78,37,-118.04
1392,6820.50,6315.35,2.00,3,56,0.04,NLOS,122.19,-1.71,-100.27,-72.48,1.58,39.19,1,50,-106.15,49,-106.42,48,-107.56,55,-110.88,57,-112.96,68,-114.55
1393,6820.50,6304.46,2.00,3,56,0.04,NLOS,122.18,-1.71,-100.25,-72.47,1.58,39.19,0,49,-106.15,50,-106.42,48,-107.43,55,-110.71,57,-113.13,68,-114.52
1394,6820.50,6293.58,2.00,3,56,0.04,NLOS,122.18,-1.71,-100.25,-72.47,1.56,39.19,0,49,-105.87,50,-106.70,48,-107.30,55,-110.54,57,-113.30,68,-114.48
1395,6820.50,6282.69,2.00,3,50,0.03,NLOS,126.43,-7.61,-98.60,-70.81,2.94,39.19,1,56,-102.70,49,-109.83,55,-115.12,62,-115.74,69,-116.35,44,-116.73
1396,6820.50,6271.81,2.00,3,50,0.03,NLOS,126.70,-7.61,-98.87,-71.09,2.65,39.19,0,56,-102.72,49,-109.55,55,-114.95,62,-115.70,69,-116.35,44,-116.81
1397,6820.50,6260.92,2.00,3,50,0.03,NLOS,126.97,-7.61,-99.14,-71.35,2.37,39.19,0,56,-102.76,49,-109.27,55,-114.77,62,-115.65,69,-116.35,44,-116.90
1398,6820.50,6250.04,2.00,3,56,0.04,NLOS,122.29,-2.83,-99.24,-71.46,2.84,39.19,1,55,-105.47,62,-107.67,50,-112.23,49,-112.31,57,-113.99,43,-115.90
1399,6820.50,6239.15,2.00,3,56,0.04,NLOS,122.34,-2.83,-99.29,-71.51,2.70,39.19,0,55,-105.29,62,-107.62,49,-112.03,50,-112.50,57,-114.16,43,-115.91
1400,6820.50,6228.26,2.00,3,56,0.04,NLOS,122.41,-2.83,-99.36,-71.58,2.54,39.19,0,55,-105.11,62,-107.58,49,-111.74,50,-112.76,57,-114.32,43,-115.92
1401,6820.50,6217.38,2.00,3,56,0.04,NLOS,122.48,-0.02,-102.25,-74.47,0.80,39.19,0,49,-106.71,50,-107.55,55,-111.68,51,-114.46,62,-117.17,43,-118.78
1402,6820.50,6206.49,2.00,3,56,0.04,NLOS,122.57,-0.02,-102.33,-74.55,0.66,39.19,0,49,-106.42,50,-107.81,55,-111.50,51,-114.59,62,-117.12,43,-118.80
1403,6820.50,6195.61,2.00,3,56,0.04,NLOS,122.66,-0.02,-102.42,-74.64,0.49,39.19,0,49,-106.13,50,-108.06,55,-111.31,51,-114.71,62,-117.08,43,-118.81
1404,6820.50,6184.72,2.00,3,56,0.04,NLOS,122.76,3.86,-106.40,-78.62,-5.50,39.19,0,49,-104.56,50,-104.57,43,-104.65,57,-111.80,55,-114.39,61,-116.43
1405,6820.50,6173.84,2.00,3,56,0.04,NLOS,122.87,3.86,-106.51,-78.73,-5.63,39.19,0,49,-104.27,43,-104.67,50,-104.82,57,-111.95,55,-114.20,61,-116.35
1406,6820.50,6162.95,2.00,3,56,0.04,NLOS,122.99,3.86,-106.63,-78.85,-5.78,39.19,0,49,-103.98,43,-104.69,50,-105.07,57,-112.11,55,-114.01,61,-116.27
1407,6820.50,6152.07,2.00,3,49,0.04,NLOS,122.18,-5.32,-96.65,-68.87,11.36,39.19,1,56,-111.81,55,-114.01,50,-116.78,43,-117.62,63,-118.04,57,-120.29
1408,6820.50,6141.18,2.00,3,49,0.04,NLOS,121.90,-5.32,-96.37,-68.58,11.68,39.19,0,56,-111.94,55,-113.82,50,-117.03,43,-117.65,63,-118.11,57,-120.44
1409,6820.50,6130.29,2.00,3,49,0.04,NLOS,121.62,-5.32,-96.08,-68.30,11.99,39.19,0,56,-112.08,55,-113.63,50,-117.27,43,-117.67,63,-118.17,57,-120.60
1410,6820.50,6119.41,2.00,3,49,0.05,NLOS,121.34,-1.69,-99.43,-71.64,2.24,39.19,0,55,-103.80,56,-107.97,50,-110.64,62,-111.13,36,-115.08,44,-117.37
1411,6820.50,6108.52,2.00,3,49,0.05,NLOS,121.06,-1.69,-99.15,-71.37,2.46,39.19,0,55,-103.61,56,-108.12,50,-110.87,62,-111.09,36,-115.07,44,-117.45
1412,6820.50,6097.64,2.00,3,49,0.05,NLOS,120.78,-1.69,-98.87,-71.09,2.67,39.19,0,55,-103.41,56,-108.29,62,-111.06,50,-111.10,36,-115.06,44,-117.54
1413,6820.50,6086.75,2.00,3,49,0.05,NLOS,120.51,0.64,-100.94,-73.16,2.61,39.19,0,56,-106.83,55,-108.22,50,-114.51,63,-116.18,48,-116.77,47,-117.63
1414,6820.50,6075.87,2.00,3,49,0.05,NLOS,120.25,0.64,-100.67,-72.89,2.90,39.19,0,56,-107.00,55,-108.02,50,-114.74,63,-116.25,48,-116.61,47,-117.54
1415,6820.50,6064.98,2.00,3,49,0.05,NLOS,119.99,0.64,-100.41,-72.63,3.17,39.19,0,56,-107.18,55,-107.82,50,-114.96,63,-116.31,48,-116.45,47,-117.44
1416,6820.50,6054.09,2.00,3,49,0.05,NLOS,119.73,4.79,-104.30,-76.52,0.67,39.19,0,56,-108.72,50,-109.41,55,-113.37,57,-113.86,61,-114.95,54,-116.11
1417,6820.50,6043.21,2.00,3,49,0.05,NLOS,119.48,4.79,-104.05,-76.27,1.04,39.19,0,56,-108.90,50,-109.63,55,-113.16,57,-114.00,61,-114.87,54,-115.99
1418,6820.50,6032.32,2.00,3,49,0.05,NLOS,119.25,4.79,-103.81,-76.03,1.39,39.19,0,56,-109.09,50,-109.85,55,-112.96,57,-114.14,61,-114.79,54,-115.88
1419,6820.50,6021.44,2.00,3,56,0.04,NLOS,125.14,-9.52,-95.40,-67.62,2.66,39.19,1,49,-99.00,55,-106.55,50,-114.25,57,-116.83,42,-117.37,48,-118.60
1420,6820.50,6010.55,2.00,3,56,0.04,NLOS,125.33,-9.52,-95.60,-67.81,2.26,39.19,0,49,-98.78,55,-106.35,50,-114.47,57,-116.97,42,-117.30,48,-118.44
1421,6820.50,5999.67,2.00,3,56,0.03,NLOS,125.53,-9.52,-95.80,-68.01,1.87,39.19,0,49,-98.57,55,-106.14,50,-114.68,57,-117.11,42,-117.23,48,-118.27
1422,6820.50,5988.78,2.00,3,49,0.06,NLOS,118.39,-0.58,-97.59,-69.81,2.67,39.19,1,56,-102.79,50,-107.01,55,-107.43,41,-110.48,48,-115.99,64,-119.66
1423,6820.50,5977.90,2.00,3,49,0.06,NLOS,118.20,-0.58,-97.41,-69.63,2.97,39.19,0,56,-103.00,50,-107.22,55,-107.22,41,-110.40,48,-115.82,64,-119.74
1424,6820.50,5967.01,2.00,3,49,0.06,NLOS,118.03,-0.58,-97.24,-69.46,3.24,39.19,0,56,-103.20,55,-107.02,50,-107.43,41,-110.32,48,-115.65,64,-119.81
1425,6820.50,5956.12,2.00,3,49,0.06,NLOS,117.87,-0.28,-97.38,-69.59,7.18,39.19,0,56,-106.91,55,-111.58,43,-115.82,62,-116.16,50,-116.31,61,-117.16
1426,6820.50,5945.24,2.00,3,49,0.06,NLOS,117.73,-0.28,-97.23,-69.45,7.41,39.19,0,56,-107.12,55,-111.37,43,-115.87,62,-116.15,50,-116.51,61,-117.08
1427,6820.50,5934.35,2.00,3,49,0.06,NLOS,117.61,-0.28,-97.11,-69.33,7.62,39.19,0,56,-107.33,55,-111.16,43,-115.92,62,-116.14,50,-116.71,61,-117.01
1428,6820.50,5923.47,2.00,3,49,0.06,NLOS,117.50,11.68,-108.96,-81.18,-6.10,39.19,0,56,-106.72,55,-108.14,62,-111.28,43,-111.28,48,-115.23,50,-116.54
1429,6820.50,5929.42,2.00,1,49,0.06,NLOS,117.56,11.68,-109.02,-81.24,-6.17,39.19,0,56,-106.61,55,-108.26,43,-111.25,62,-111.28,48,-115.32,50,-116.43
1430,6820.50,5940.30,2.00,1,49,0.06,NLOS,117.67,11.68,-109.14,-81.36,-6.33,39.19,0,56,-106.40,55,-108.47,43,-111.20,62,-111.29,48,-115.50,50,-116.23
1431,6820.50,5951.19,2.00,1,49,0.06,NLOS,117.81,-8.13,-89.46,-61.68,14.29,39.19,0,50,-107.78,56,-109.91,43,-111.65,55,-113.05,44,-114.45,48,-116.50
1432,6820.50,5962.08,2.00,1,49,0.06,NLOS,117.96,-8.13,-89.61,-61.83,14.03,39.19,0,50,-107.57,56,-109.71,43,-111.60,55,-113.27,44,-114.36,48,-116.67
1433,6820.50,5972.96,2.00,1,49,0.06,NLOS,118.12,-8.13,-89.78,-62.00,13.75,39.19,0,50,-107.37,56,-109.50,43,-111.55,55,-113.47,44,-114.28,51,-116.73
1434,6820.50,5983.85,2.00,1,49,0.06,NLOS,118.30,8.95,-107.04,-79.26,-1.59,39.19,0,56,-111.26,42,-112.04,62,-112.60,55,-112.76,50,-113.42,48,-113.67
1435,6820.50,5994.73,2.00,1,49,0.06,NLOS,118.49,8.95,-107.23,-79.45,-1.80,39.19,0,56,-111.05,42,-112.11,62,-112.62,55,-112.97,50,-113.21,48,-113.84
1436,6820.50,6005.62,2.00,1,49,0.06,NLOS,118.70,8.95,-107.43,-79.65,-2.02,39.19,0,56,-110.85,42,-112.18,62,-112.64,50,-113.00,55,-113.18,48,-114.01
1437,6820.50,6016.50,2.00,1,56,0.04,NLOS,125.23,-5.20,-99.81,-72.02,1.57,39.19,1,55,-103.50,49,-108.14,61,-112.12,63,-112.79,41,-112.98,50,-114.55
1438,6820.50,6027.39,2.00,1,56,0.04,NLOS,125.03,-5.20,-99.61,-71.83,1.92,39.19,0,55,-103.71,49,-108.37,61,-112.20,63,-112.72,41,-113.06,50,-114.34
1439,6820.50,6038.27,2.00,1,56,0.04,NLOS,124.84,-5.20,-99.42,-71.64,2.26,39.19,0,55,-103.91,49,-108.60,61,-112.28,63,-112.65,41,-113.15,50,-114.12
1440,6820.50,6049.16,2.00,1,49,0.05,NLOS,119.62,3.07,-102.47,-74.69,0.48,39.19,1,56,-106.00,55,-109.31,43,-113.31,42,-113.82,50,-114.72,57,-114.98
1441,6820.50,6060.05,2.00,1,49,0.05,NLOS,119.87,3.07,-102.73,-74.94,0.17,39.19,0,56,-105.82,55,-109.51,43,-113.28,42,-113.89,50,-114.50,57,-114.84
1442,6820.50,6070.93,2.00,1,49,0.05,NLOS,120.13,3.07,-102.98,-75.20,-0.15,39.19,0,56,-105.64,55,-109.71,43,-113.24,42,-113.97,50,-114.28,57,-114.69
1443,6820.50,6081.82,2.00,1,49,0.05,NLOS,120.39,0.15,-100.32,-72.54,-0.47,39.19,0,56,-100.75,63,-111.63,50,-112.39,55,-113.11,42,-114.03,48,-114.21
1444,6820.50,6092.70,2.00,1,49,0.05,NLOS,120.66,0.15,-100.59,-72.81,-0.87,39.19,0,56,-100.58,63,-111.57,50,-112.16,55,-113.31,42,-114.11,48,-114.37
1445,6820.50,6103.59,2.00,1,49,0.05,NLOS,120.93,0.15,-100.86,-73.08,-1.28,39.19,0,56,-100.42,63,-111.50,50,-111.92,55,-113.51,42,-114.18,48,-114.52
1446,6820.50,6114.47,2.00,1,56,0.04,NLOS,123.62,-6.24,-97.15,-69.37,2.32,39.19,1,49,-101.11,50,-107.18,57,-109.80,55,-113.92,43,-115.32,48,-118.38
1447,6820.50,6116.64,2.00,3,56,0.04,NLOS,123.58,-6.24,-97.12,-69.34,2.38,39.19,0,49,-101.16,50,-107.13,57,-109.77,55,-113.96,43,-115.31,48,-118.41
1448,6820.50,6105.76,2.00,3,56,0.04,NLOS,123.74,-6.24,-97.28,-69.50,2.08,39.19,0,49,-100.89,50,-107.36,57,-109.92,55,-113.77,43,-115.34,48,-118.26
1449,6820.50,6094.87,2.00,3,56,0.04,NLOS,123.91,-6.24,-97.44,-69.66,1.76,39.19,0,49,-100.61,50,-107.60,57,-110.07,55,-113.57,43,-115.37,48,-118.10
1450,6820.50,6083.98,2.00,3,49,0.05,NLOS,120.44,5.13,-105.36,-77.58,4.33,39.19,1,48,-113.70,56,-114.55,62,-114.71,68,-115.46,55,-118.60,57,-118.93
1451,6820.50,6073.10,2.00,3,49,0.05,NLOS,120.18,5.13,-105.09,-77.31,4.57,39.19,0,48,-113.54,62,-114.69,56,-114.73,68,-115.43,55,-118.40,57,-119.07
1452,6820.50,6062.21,2.00,3,49,0.05,NLOS,119.92,5.13,-104.83,-77.05,4.79,39.19,0,48,-113.38,62,-114.66,56,-114.91,68,-115.41,55,-118.20,57,-119.22
1453,6820.50,6051.33,2.00,3,49,0.05,NLOS,119.67,2.69,-102.14,-74.36,-0.19,39.19,0,50,-107.45,56,-107.73,55,-108.93,43,-109.12,48,-115.01,54,-115.15
1454,6820.50,6040.44,2.00,3,49,0.05,NLOS,119.42,2.69,-101.89,-74.11,0.13,39.19,0,50,-107.67,56,-107.91,55,-108.73,43,-109.16,48,-114.85,54,-115.04
1455,6820.50,6029.56,2.00,3,49,0.05,NLOS,119.19,2.69,-101.66,-73.87,0.42,39.19,0,50,-107.89,56,-108.10,55,-108.52,43,-109.20,48,-114.69,54,-114.92
1456,6820.50,6018.67,2.00,3,49,0.05,NLOS,118.96,-9.71,-89.03,-61.25,10.53,39.19,0,55,-101.03,50,-107.60,56,-110.61,57,-111.11,48,-116.40,42,-116.79
1457,6820.50,6007.78,2.00,3,49,0.06,NLOS,118.74,-9.71,-88.81,-61.03,10.64,39.19,0,55,-100.82,50,-107.81,56,-110.81,57,-111.25,48,-116.23,42,-116.72
1458,6820.50,5996.90,2.00,3,49,0.06,NLOS,118.53,-9.71,-88.61,-60.82,10.73,39.19,0,55,-100.61,50,-108.03,56,-111.01,57,-111.39,48,-116.07,42,-116.65
1459,6820.50,5986.01,2.00,3,49,0.06,NLOS,118.34,-8.94,-89.18,-61.40,5.63,39.19,0,56,-95.04,42,-110.21,50,-113.76,44,-114.85,62,-114.92,51,-116.60
1460,6820.50,5975.13,2.00,3,49,0.06,NLOS,118.16,-8.94,-89.00,-61.22,6.01,39.19,0,56,-95.25,42,-110.14,50,-113.96,62,-114.91,44,-114.94,51,-116.71
1461,6820.50,5964.24,2.00,3,49,0.06,NLOS,117.99,-8.94,-88.83,-61.05,6.37,39.19,0,56,-95.46,42,-110.07,50,-114.17,62,-114.90,44,-115.02,51,-116.82
1462,6820.50,5953.36,2.00,3,49,0.06,NLOS,117.84,0.40,-98.02,-70.24,2.96,39.19,0,56,-101.59,62,-102.52,43,-114.83,55,-115.15,57,-115.19,50,-115.22
1463,6820.50,5942.47,2.00,3,49,0.06,NLOS,117.70,0.40,-97.88,-70.10,3.28,39.19,0,56,-101.80,62,-102.51,43,-114.88,55,-114.94,57,-115.32,50,-115.42
1464,6820.50,5931.59,2.00,3,49,0.06,NLOS,117.58,0.40,-97.76,-69.98,3.58,39.19,0,56,-102.01,62,-102.50,55,-114.72,43,-114.94,57,-115.46,50,-115.62
1465,6820.50,5921.30,2.00,1,49,0.06,NLOS,117.48,0.13,-97.39,-69.61,4.77,39.19,0,55,-105.26,56,-107.01,50,-111.21,48,-115.79,35,-116.43,63,-117.04
1466,6820.50,5932.19,2.00,1,49,0.06,NLOS,117.58,0.13,-97.49,-69.71,4.68,39.19,0,55,-105.47,56,-106.80,50,-111.02,48,-115.97,35,-116.47,63,-116.97
1467,6820.50,5943.07,2.00,1,49,0.06,NLOS,117.71,0.13,-97.61,-69.83,4.56,39.19,0,55,-105.68,56,-106.59,50,-110.82,48,-116.15,35,-116.52,63,-116.90
1468,6820.50,5953.96,2.00,1,49,0.06,NLOS,117.84,-0.97,-96.66,-68.88,6.58,39.19,0,55,-106.47,43,-108.30,57,-110.79,50,-111.44,44,-115.34,63,-116.06
1469,6820.50,5964.84,2.00,1,49,0.06,NLOS,118.00,-0.97,-96.82,-69.03,6.48,39.19,0,55,-106.68,43,-108.25,57,-110.66,50,-111.23,44,-115.25,63,-115.98
1470,6820.50,5975.73,2.00,1,49,0.06,NLOS,118.17,-0.97,-96.98,-69.20,6.35,39.19,0,55,-106.89,43,-108.20,57,-110.52,50,-111.03,44,-115.16,63,-115.91
1471,6820.50,5986.61,2.00,1,49,0.06,NLOS,118.35,-10.64,-87.49,-59.71,10.55,39.19,0,55,-99.23,56,-105.76,54,-109.45,47,-112.20,50,-112.55,63,-115.51
1472,6820.50,5997.50,2.00,1,49,0.06,NLOS,118.55,-10.64,-87.68,-59.90,10.46,39.19,0,55,-99.44,56,-105.56,54,-109.56,47,-112.29,50,-112.34,63,-115.44
1473,6820.50,6008.38,2.00,1,49,0.05,NLOS,118.75,-10.64,-87.89,-60.11,10.36,39.19,0,55,-99.64,56,-105.36,54,-109.68,50,-112.12,47,-112.39,63,-115.37
1474,6820.50,6019.27,2.00,1,49,0.05,NLOS,118.97,-3.86,-94.89,-67.11,11.52,39.19,0,56,-107.98,61,-111.27,51,-112.34,50,-115.80,60,-116.17,55,-118.06
1475,6820.50,6030.16,2.00,1,49,0.05,NLOS,119.20,-3.86,-95.12,-67.33,11.14,39.19,0,56,-107.79,61,-111.34,51,-112.23,50,-115.58,60,-116.24,43,-118.23
1476,6820.50,6041.04,2.00,1,49,0.05,NLOS,119.44,-3.86,-95.35,-67.57,10.76,39.19,0,56,-107.60,61,-111.42,51,-112.11,50,-115.37,60,-116.31,43,-118.19
1477,6820.50,6051.93,2.00,1,49,0.05,NLOS,119.68,-6.72,-92.74,-64.96,5.89,39.19,0,56,-100.10,50,-108.07,48,-110.33,43,-110.77,55,-112.64,54,-116.99
1478,6820.50,6062.81,2.00,1,49,0.05,NLOS,119.93,-6.72,-92.99,-65.21,5.50,39.19,0,56,-99.92,50,-107.84,48,-110.49,43,-110.73,55,-112.84,54,-117.11
1479,6820.50,6073.70,2.00,1,49,0.05,NLOS,120.19,-6.72,-93.25,-65.47,5.10,39.19,0,56,-99.74,50,-107.62,48,-110.65,43,-110.70,55,-113.04,54,-117.22
1480,6820.50,6084.58,2.00,1,56,0.04,NLOS,124.07,-3.96,-99.88,-72.10,1.40,39.19,1,50,-103.83,55,-106.83,49,-109.85,42,-115.01,44,-116.42,43,-117.72
1481,6820.50,6095.47,2.00,1,56,0.04,NLOS,123.90,-3.96,-99.72,-71.93,1.52,39.19,0,50,-103.60,55,-107.02,49,-110.12,42,-115.09,44,-116.33,43,-117.68
1482,6820.50,6106.36,2.00,1,56,0.04,NLOS,123.73,-3.96,-99.55,-71.77,1.63,39.19,0,50,-103.37,55,-107.22,49,-110.39,42,-115.17,44,-116.25,43,-117.65
1483,6820.50,6117.24,2.00,1,56,0.04,NLOS,123.58,-6.37,-96.99,-69.21,7.52,39.19,0,49,-108.71,50,-108.83,62,-114.93,63,-115.22,48,-116.28,55,-117.83
1484,6813.37,6121.00,2.00,2,56,0.04,NLOS,123.76,-6.37,-97.18,-69.40,7.24,39.19,0,49,-108.57,50,-108.67,62,-115.04,63,-115.28,48,-116.30,55,-117.98
1485,6802.49,6121.00,2.00,2,56,0.04,NLOS,124.12,-6.37,-97.54,-69.75,6.73,39.19,0,49,-108.22,50,-108.55,62,-115.19,63,-115.40,48,-116.26,55,-118.10
1486,6791.60,6121.00,2.00,2,56,0.04,NLOS,124.47,1.36,-105.62,-77.84,0.83,39.19,0,49,-110.10,48,-110.48,50,-111.25,43,-113.08,55,-114.25,59,-117.57
1487,6780.72,6121.00,2.00,2,56,0.04,NLOS,124.82,1.36,-105.97,-78.18,0.31,39.19,0,49,-109.74,48,-110.44,50,-111.13,43,-112.90,55,-114.37,59,-117.59
1488,6769.83,6121.00,2.00,2,56,0.04,NLOS,125.16,1.36,-106.31,-78.52,-0.21,39.19,0,49,-109.38,48,-110.40,50,-111.02,43,-112.73,55,-114.50,59,-117.61
1489,6758.95,6121.00,2.00,2,49,0.05,NLOS,119.35,-12.36,-86.78,-59.00,18.96,39.19,1,56,-107.43,44,-112.83,50,-114.24,43,-117.29,64,-117.98,41,-118.00
1490,6748.06,6121.00,2.00,2,49,0.05,NLOS,118.99,-12.36,-86.42,-58.64,19.52,39.19,0,56,-107.76,44,-112.74,50,-114.13,43,-117.11,41,-117.94,64,-118.05
1491,6737.17,6121.00,2.00,2,49,0.06,NLOS,118.63,-12.36,-86.06,-58.28,20.06,39.19,0,56,-108.08,44,-112.65,50,-114.03,43,-116.93,41,-117.89,64,-118.11
1492,6726.29,6121.00,2.00,2,50,0.03,NLOS,129.24,-8.47,-100.55,-72.77,1.73,39.19,1,49,-105.45,42,-105.69,56,-105.73,62,-111.89,63,-112.63,44,-116.42
1493,6715.40,6121.00,2.00,2,50,0.03,NLOS,129.15,-8.47,-100.46,-72.67,1.78,39.19,0,49,-105.09,42,-105.57,56,-106.04,62,-112.03,63,-112.75,44,-116.33
1494,6704.52,6121.00,2.00,2,50,0.03,NLOS,129.05,-8.47,-100.36,-72.58,1.80,39.19,0,49,-104.74,42,-105.44,56,-106.35,62,-112.17,63,-112.87,44,-116.25
1495,6693.63,6121.00,2.00,2,49,0.06,NLOS,117.21,2.28,-99.28,-71.50,5.58,39.19,1,55,-109.08,50,-110.55,51,-111.37,56,-112.10,62,-113.66,43,-113.91
1496,6682.75,6121.00,2.00,2,49,0.06,NLOS,116.87,2.28,-98.93,-71.15,5.97,39.19,0,55,-109.21,50,-110.47,51,-111.35,56,-112.40,43,-113.72,62,-113.80
1497,6671.86,6121.00,2.00,2,49,0.07,NLOS,116.53,2.28,-98.60,-70.81,6.36,39.19,0,55,-109.35,50,-110.39,51,-111.34,56,-112.70,43,-113.53,62,-113.93
1498,6660.97,6121.00,2.00,2,49,0.07,NLOS,116.20,-2.55,-93.44,-65.65,11.31,39.19,0,50,-108.34,44,-110.21,56,-111.16,55,-113.64,48,-116.23,42,-116.29
1499,6650.09,6121.00,2.00,2,49,0.07,NLOS,115.88,-2.55,-93.12,-65.33,11.66,39.19,0,50,-108.27,44,-110.12,56,-111.45,55,-113.77,42,-116.16,48,-116.21
1500,6639.20,6121.00,2.00,2,49,0.07,NLOS,115.57,-2.55,-92.81,-65.02,11.99,39.19,0,50,-108.20,44,-110.03,56,-111.73,55,-113.91,42,-116.03,48,-116.19
1501,6628.32,6121.00,2.00,2,49,0.07,NLOS,115.28,6.01,-101.07,-73.29,1.52,39.19,0,55,-107.62,56,-107.92,50,-109.62,43,-110.91,44,-113.07,62,-118.01
1502,6623.57,6121.00,2.00,0,49,0.07,NLOS,115.15,6.01,-100.95,-73.17,1.68,39.19,0,55,-107.68,56,-108.04,50,-109.60,43,-110.82,44,-113.03,62,-118.06
1503,6634.45,6121.00,2.00,0,49,0.07,NLOS,115.44,6.01,-101.24,-73.45,1.31,39.19,0,55,-107.55,56,-107.77,50,-109.66,43,-111.02,44,-113.12,62,-117.93
1504,6645.34,6121.00,2.00,0,49,0.07,NLOS,115.75,3.99,-99.52,-71.74,-0.05,39.19,0,48,-101.50,55,-107.95,50,-108.19,43,-110.93,63,-111.92,36,-113.44
1505,6656.22,6121.00,2.00,0,49,0.07,NLOS,116.06,3.99,-99.83,-72.05,-0.35,39.19,0,48,-101.52,55,-107.81,50,-108.26,43,-111.13,63,-111.81,36,-113.55
1506,6667.11,6121.00,2.00,0,49,0.07,NLOS,116.39,3.99,-100.16,-72.38,-0.67,39.19,0,48,-101.54,55,-107.68,50,-108.34,43,-111.32,63,-111.69,51,-113.62
1507,6678.00,6121.00,2.00,0,49,0.06,NLOS,116.72,6.40,-102.90,-75.12,-1.49,39.19,0,50,-104.51,56,-106.07,55,-112.23,62,-112.35,63,-115.21,37,-115.22
1508,6688.88,6121.00,2.00,0,49,0.06,NLOS,117.06,6.40,-103.24,-75.46,-1.90,39.19,0,50,-104.59,56,-105.77,55,-112.10,62,-112.21,63,-115.09,37,-115.32
1509,6699.77,6121.00,2.00,0,49,0.06,NLOS,117.41,6.40,-103.59,-75.81,-2.32,39.19,0,50,-104.68,56,-105.47,55,-111.97,62,-112.08,63,-114.98,37,-115.41
1510,6710.65,6121.00,2.00,0,49,0.06,NLOS,117.76,-4.78,-92.77,-64.99,6.89,39.19,0,43,-103.11,42,-105.09,57,-106.06,56,-108.35,55,-111.82,50,-112.07
1511,6721.54,6121.00,2.00,0,49,0.06,NLOS,118.12,-4.78,-93.12,-65.34,6.61,39.19,0,43,-103.29,42,-105.22,57,-105.99,56,-108.04,55,-111.69,50,-112.16
1512,6732.42,6121.00,2.00,0,49,0.06,NLOS,118.48,-4.78,-93.48,-65.70,6.31,39.19,0,43,-103.47,42,-105.34,57,-105.92,56,-107.72,55,-111.56,50,-112.26
1513,6743.31,6121.00,2.00,0,49,0.05,NLOS,118.84,3.85,-102.47,-74.69,-0.95,39.19,0,56,-104.27,55,-109.30,43,-110.23,50,-112.93,48,-113.61,62,-115.52
1514,6754.19,6121.00,2.00,0,49,0.05,NLOS,119.20,3.85,-102.83,-75.05,-1.47,39.19,0,56,-103.94,55,-109.18,43,-110.41,50,-113.03,48,-113.64,62,-115.38
1515,6765.08,6121.00,2.00,0,49,0.05,NLOS,119.56,3.85,-103.19,-75.41,-2.01,39.19,0,56,-103.61,55,-109.05,43,-110.58,50,-113.14,48,-113.68,62,-115.23
1516,6775.97,6121.00,2.00,0,49,0.05,NLOS,119.92,2.25,-101.95,-74.17,0.12,39.19,0,55,-105.67,56,-106.63,50,-111.35,43,-114.81,48,-118.51,22,-119.36
1517,6786.85,6121.00,2.00,0,49,0.05,NLOS,120.28,2.25,-102.31,-74.53,-0.39,39.19,0,55,-105.54,56,-106.28,50,-111.46,43,-114.98,48,-118.55,22,-119.41
1518,6797.74,6121.00,2.00,0,49,0.05,NLOS,120.64,2.25,-102.67,-74.89,-0.91,39.19,0,55,-105.42,56,-105.93,50,-111.58,43,-115.15,48,-118.59,22,-119.46
1519,6808.62,6121.00,2.00,0,49,0.05,NLOS,120.99,-2.51,-98.27,-70.49,0.17,39.19,0,55,-99.30,56,-107.46,61,-109.75,62,-110.89,42,-114.50,57,-116.81
1520,6819.51,6121.00,2.00,0,49,0.05,NLOS,121.34,-2.51,-98.62,-70.84,-0.32,39.19,0,55,-99.18,56,-107.10,61,-109.66,62,-110.74,42,-114.62,57,-116.75
1521,6820.50,6111.11,2.00,3,49,0.05,NLOS,121.12,-2.51,-98.40,-70.62,-0.24,39.19,0,55,-98.99,56,-107.21,61,-109.59,62,-110.70,42,-114.56,57,-116.88
1522,6820.50,6100.22,2.00,3,49,0.05,NLOS,120.85,-1.75,-98.88,-71.10,7.58,39.19,0,56,-107.59,63,-112.79,69,-113.67,50,-116.91,55,-119.61,48,-120.28
1523,6820.50,6089.33,2.00,3,49,0.05,NLOS,120.58,-1.75,-98.61,-70.83,7.99,39.19,0,56,-107.75,63,-112.86,69,-113.68,50,-117.14,55,-119.41,48,-120.13
1524,6820.50,6078.45,2.00,3,49,0.05,NLOS,120.31,-1.75,-98.34,-70.56,8.39,39.19,0,56,-107.93,63,-112.92,69,-113.69,50,-117.37,55,-119.22,48,-119.97
1525,6820.50,6067.56,2.00,3,49,0.05,NLOS,120.05,-0.80,-99.03,-71.25,8.56,39.19,0,63,-111.91,57,-112.30,56,-113.44,51,-113.61,42,-113.74,43,-114.13
1526,6820.50,6056.68,2.00,3,49,0.05,NLOS,119.79,-0.80,-98.77,-70.99,8.84,39.19,0,63,-111.98,57,-112.44,56,-113.63,42,-113.66,51,-113.72,43,-114.17
1527,6820.50,6045.79,2.00,3,49,0.05,NLOS,119.54,-0.80,-98.52,-70.74,9.12,39.19,0,63,-112.04,57,-112.59,42,-113.59,56,-113.81,51,-113.84,62,-114.20
1528,6820.50,6034.91,2.00,3,49,0.05,NLOS,119.30,-7.78,-91.30,-63.52,10.96,39.19,0,50,-106.00,56,-108.34,55,-108.53,64,-112.54,48,-114.66,63,-118.25
1529,6820.50,6024.02,2.00,3,49,0.05,NLOS,119.07,-7.78,-91.07,-63.29,11.27,39.19,0,50,-106.22,55,-108.33,56,-108.54,64,-112.61,48,-114.50,63,-118.32
1530,6820.50,6013.14,2.00,3,49,0.05,NLOS,118.85,-7.78,-90.85,-63.07,11.56,39.19,0,50,-106.44,55,-108.12,56,-108.73,64,-112.69,48,-114.33,63,-118.39
1531,6820.50,6002.25,2.00,3,49,0.06,NLOS,118.63,3.85,-102.26,-74.48,4.45,39.19,0,50,-110.04,62,-111.85,42,-114.20,55,-114.92,63,-116.40,43,-117.48
1532,6820.50,5991.36,2.00,3,49,0.06,NLOS,118.43,3.85,-102.06,-74.28,4.70,39.19,0,50,-110.25,62,-111.83,42,-114.13,55,-114.71,63,-116.47,43,-117.52
1533,6820.50,5980.48,2.00,3,49,0.06,NLOS,118.25,3.85,-101.87,-74.09,4.92,39.19,0,50,-110.46,62,-111.81,42,-114.06,55,-114.51,63,-116.54,43,-117.57
1534,6820.50,5969.59,2.00,3,55,0.03,NLOS,130.15,-16.04,-93.89,-66.11,7.01,39.19,1,49,-102.16,50,-108.16,48,-109.40,63,-111.36,56,-112.54,61,-116.32
1535,6820.50,5958.71,2.00,3,55,0.03,NLOS,129.94,-16.04,-93.68,-65.90,7.08,39.19,0,49,-102.00,50,-108.36,48,-109.23,63,-111.43,56,-112.75,61,-116.24
1536,6820.50,5947.82,2.00,3,55,0.03,NLOS,129.72,-16.04,-93.47,-65.69,7.17,39.19,0,49,-101.85,50,-108.57,48,-109.06,63,-111.50,56,-112.96,61,-116.17
1537,6820.50,5936.94,2.00,3,49,0.06,NLOS,117.64,2.20,-99.62,-71.83,0.62,39.19,1,55,-102.64,56,-106.02,42,-110.77,50,-113.53,61,-113.82,57,-115.81
1538,6820.50,5926.05,2.00,3,49,0.06,NLOS,117.52,2.20,-99.50,-71.72,0.67,39.19,0,55,-102.43,56,-106.23,42,-110.71,50,-113.73,61,-113.74,57,-115.95
1539,6820.50,5926.84,2.00,1,49,0.06,NLOS,117.53,2.20,-99.51,-71.73,0.66,39.19,0,55,-102.45,56,-106.22,42,-110.71,50,-113.71,61,-113.75,57,-115.94
1540,6820.50,5937.72,2.00,1,49,0.06,NLOS,117.64,2.20,-99.62,-71.84,0.62,39.19,0,55,-102.66,56,-106.01,42,-110.78,50,-113.52,61,-113.82,57,-115.80
1541,6820.50,5948.61,2.00,1,49,0.06,NLOS,117.77,3.61,-101.17,-73.39,4.41,39.19,0,55,-110.49,56,-111.65,43,-112.75,63,-114.08,50,-114.17,64,-115.73
1542,6820.50,5959.49,2.00,1,49,0.06,NLOS,117.92,3.61,-101.32,-73.53,4.24,39.19,0,55,-110.70,56,-111.44,43,-112.70,50,-113.97,63,-114.01,64,-115.66
1543,6820.50,5970.38,2.00,1,49,0.06,NLOS,118.08,3.61,-101.48,-73.70,4.06,39.19,0,55,-110.91,56,-111.23,43,-112.65,50,-113.77,63,-113.94,64,-115.58
1544,6820.50,5981.26,2.00,1,49,0.06,NLOS,118.26,-9.77,-88.27,-60.48,15.86,39.19,0,56,-108.75,43,-108.78,63,-109.97,48,-112.40,55,-113.97,69,-114.86
1545,6820.50,5992.15,2.00,1,49,0.06,NLOS,118.45,-9.77,-88.46,-60.67,15.62,39.19,0,56,-108.54,43,-108.73,63,-109.90,48,-112.57,55,-114.18,69,-114.85
1546,6820.50,6003.03,2.00,1,49,0.06,NLOS,118.65,-9.77,-88.66,-60.88,15.36,39.19,0,56,-108.34,43,-108.68,63,-109.83,48,-112.74,55,-114.39,69,-114.83
1547,6820.50,6013.92,2.00,1,56,0.04,NLOS,125.27,-10.99,-94.06,-66.28,6.14,39.19,1,55,-102.99,49,-104.77,50,-111.35,43,-115.63,62,-117.52,63,-118.39
1548,6820.50,6024.81,2.00,1,56,0.04,NLOS,125.08,-10.99,-93.86,-66.08,6.50,39.19,0,55,-103.19,49,-104.99,50,-111.13,43,-115.59,62,-117.54,63,-118.32
1549,6820.50,6035.69,2.00,1,56,0.04,NLOS,124.88,-10.99,-93.67,-65.89,6.86,39.19,0,55,-103.40,49,-105.23,50,-110.92,43,-115.55,62,-117.56,63,-118.25
1550,6820.50,6046.58,2.00,1,49,0.05,NLOS,119.56,-2.90,-96.45,-68.66,4.33,39.19,1,56,-103.49,55,-106.35,50,-109.42,48,-115.96,61,-116.02,44,-117.38
1551,6820.50,6057.46,2.00,1,49,0.05,NLOS,119.81,-2.90,-96.69,-68.91,4.01,39.19,0,56,-103.30,55,-106.55,50,-109.20,61,-116.10,48,-116.12,44,-117.29
1552,6820.50,6068.35,2.00,1,49,0.05,NLOS,120.07,-2.90,-96.95,-69.17,3.67,39.19,0,56,-103.12,55,-106.75,50,-108.97,61,-116.17,48,-116.28,44,-117.21
1553,6820.50,6079.23,2.00,1,56,0.04,NLOS,124.15,-5.62,-98.31,-70.53,7.82,39.19,1,48,-100.30,55,-108.11,49,-112.18,37,-116.16,61,-118.58,62,-119.52
1554,6820.50,6090.12,2.00,1,56,0.04,NLOS,123.98,-5.62,-98.14,-70.36,8.17,39.19,0,48,-100.45,55,-108.31,49,-112.44,37,-116.12,61,-118.66,62,-119.55
1555,6820.50,6101.00,2.00,1,56,0.04,NLOS,123.81,-5.62,-97.97,-70.19,8.52,39.19,0,48,-100.61,55,-108.51,49,-112.72,37,-116.09,61,-118.74,62,-119.58
1556,6820.50,6111.89,2.00,1,56,0.04,NLOS,123.65,-2.89,-100.55,-72.77,3.96,39.19,0,49,-106.37,43,-106.94,55,-113.53,57,-113.96,50,-117.61,63,-119.07
1557,6820.50,6122.78,2.00,1,56,0.04,NLOS,123.50,-2.89,-100.39,-72.61,4.28,39.19,0,49,-106.65,43,-106.91,55,-113.72,57,-113.81,50,-117.37,63,-119.01
1558,6820.50,6133.66,2.00,1,56,0.04,NLOS,123.35,-2.89,-100.25,-72.46,4.60,39.19,0,43,-106.89,49,-106.93,57,-113.66,55,-113.91,50,-117.13,63,-118.94
1559,6820.50,6144.55,2.00,1,56,0.04,NLOS,123.21,3.44,-106.43,-78.65,-3.19,39.19,0,49,-106.11,50,-110.41,55,-111.20,43,-111.45,51,-113.15,48,-113.53
1560,6820.50,6155.43,2.00,1,56,0.04,NLOS,123.08,3.44,-106.30,-78.51,-2.94,39.19,0,49,-106.40,50,-110.16,55,-111.39,43,-111.43,51,-113.03,63,-113.48
1561,6820.50,6166.32,2.00,1,56,0.04,NLOS,122.95,3.44,-106.17,-78.39,-2.71,39.19,0,49,-106.69,50,-109.92,43,-111.41,55,-111.58,51,-112.91,63,-113.42
1562,6820.50,6177.20,2.00,1,49,0.04,NLOS,122.85,-5.57,-97.06,-69.28,3.37,39.19,1,48,-103.43,56,-105.48,50,-109.28,57,-113.76,61,-115.06,43,-116.42
1563,6820.50,6188.09,2.00,1,49,0.04,NLOS,123.13,-5.57,-97.34,-69.56,3.09,39.19,0,48,-103.58,56,-105.37,50,-109.03,57,-113.60,61,-115.14,43,-116.40
1564,6820.50,6198.98,2.00,1,49,0.04,NLOS,123.42,-5.57,-97.63,-69.85,2.81,39.19,0,48,-103.72,56,-105.27,50,-108.77,57,-113.44,61,-115.22,43,-116.38
1565,6820.50,6209.86,2.00,1,49,0.04,NLOS,123.71,-8.06,-95.43,-67.65,1.14,39.19,0,50,-98.15,56,-103.94,43,-106.46,57,-113.99,55,-117.15,42,-118.96
1566,6820.50,6220.75,2.00,1,49,0.04,NLOS,123.99,-8.06,-95.71,-67.93,0.66,39.19,0,50,-97.89,56,-103.86,43,-106.44,57,-113.83,55,-117.33,42,-119.04
1567,6820.50,6231.63,2.00,1,49,0.04,NLOS,124.28,-8.06,-96.00,-68.22,0.18,39.19,0,50,-97.63,56,-103.79,43,-106.43,57,-113.67,55,-117.51,42,-119.12
1568,6820.50,6242.52,2.00,1,49,0.04,NLOS,124.56,7.90,-112.25,-84.47,-5.36,39.19,0,55,-110.88,62,-112.11,48,-114.32,50,-114.71,56,-115.06,57,-117.04
1569,6820.50,6253.40,2.00,1,49,0.04,NLOS,124.85,7.90,-112.53,-84.75,-5.60,39.19,0,55,-111.06,62,-112.15,50,-114.44,48,-114.46,56,-115.01,57,-116.87
1570,6820.50,6264.29,2.00,1,49,0.04,NLOS,125.13,7.90,-112.81,-85.03,-5.85,39.19,0,55,-111.23,62,-112.20,50,-114.17,48,-114.60,56,-114.97,57,-116.70
1571,6820.50,6275.17,2.00,1,50,0.03,NLOS,126.62,-9.27,-97.13,-69.34,2.63,39.19,1,49,-101.99,56,-105.93,43,-109.05,36,-109.53,44,-115.37,48,-116.55
1572,6820.50,6286.06,2.00,1,50,0.03,NLOS,126.34,-9.27,-96.85,-69.07,3.06,39.19,0,49,-102.27,56,-105.91,43,-109.05,36,-109.56,44,-115.28,48,-116.69
1573,6820.50,6296.95,2.00,1,50,0.03,NLOS,126.07,-9.27,-96.58,-68.80,3.48,39.19,0,49,-102.54,56,-105.91,43,-109.05,36,-109.58,44,-115.20,48,-116.82
1574,6820.50,6307.83,2.00,1,50,0.03,NLOS,125.79,-0.48,-105.10,-77.32,-5.15,39.19,0,49,-102.36,51,-105.50,43,-111.49,48,-112.74,56,-112.81,44,-117.17
1575,6820.50,6318.72,2.00,1,50,0.03,NLOS,125.52,-0.48,-104.82,-77.04,-4.76,39.19,0,49,-102.63,51,-105.36,43,-111.49,56,-112.82,48,-112.88,44,-117.09
1576,6820.50,6329.60,2.00,1,50,0.04,NLOS,125.24,-0.48,-104.54,-76.76,-4.38,39.19,0,49,-102.90,51,-105.23,43,-111.49,56,-112.85,48,-113.01,44,-117.00
1577,6820.50,6340.49,2.00,1,49,0.03,NLOS,127.05,-5.85,-100.98,-73.20,2.29,39.19,1,56,-106.82,43,-107.49,50,-112.34,62,-114.19,57,-115.33,44,-117.47
1578,6820.50,6351.37,2.00,1,49,0.03,NLOS,127.32,-5.85,-101.24,-73.46,2.01,39.19,0,56,-106.87,43,-107.50,50,-112.05,62,-114.24,57,-115.15,44,-117.39
1579,6820.50,6362.26,2.00,1,49,0.03,NLOS,127.58,-5.85,-101.51,-73.73,1.75,39.19,0,56,-106.92,43,-107.51,50,-111.77,62,-114.30,57,-114.97,44,-117.31
1580,6820.50,6373.14,2.00,1,50,0.04,NLOS,124.10,-3.36,-100.53,-72.75,2.02,39.19,1,56,-107.08,49,-107.14,43,-108.94,55,-112.90,42,-116.00,57,-116.93
1581,6820.50,6384.03,2.00,1,50,0.04,NLOS,123.82,-3.36,-100.24,-72.46,2.41,39.19,0,56,-107.15,49,-107.40,43,-108.95,55,-113.06,42,-116.08,57,-116.75
1582,6820.50,6394.92,2.00,1,50,0.04,NLOS,123.53,-3.36,-99.95,-72.17,2.81,39.19,0,56,-107.24,49,-107.66,43,-108.97,55,-113.22,42,-116.17,57,-116.57
1583,6820.50,6405.80,2.00,1,56,0.04,NLOS,122.69,-10.04,-92.43,-64.64,9.92,39.19,1,49,-104.34,57,-109.49,55,-112.19,43,-113.76,50,-115.22,51,-117.91
1584,6820.50,6416.69,2.00,1,56,0.04,NLOS,122.79,-10.04,-92.53,-64.75,9.94,39.19,0,49,-104.59,57,-109.30,55,-112.35,43,-113.78,50,-114.94,51,-117.77
1585,6820.50,6427.57,2.00,1,56,0.04,NLOS,122.91,-10.04,-92.64,-64.86,9.94,39.19,0,49,-104.84,57,-109.12,55,-112.51,43,-113.80,50,-114.65,51,-117.62
1586,6820.50,6438.46,2.00,1,56,0.04,NLOS,123.03,-2.76,-100.05,-72.27,7.49,39.19,0,50,-112.29,49,-113.31,57,-115.34,62,-116.22,64,-116.33,31,-117.26
1587,6820.50,6449.34,2.00,1,56,0.04,NLOS,123.16,-2.76,-100.18,-72.40,7.31,39.19,0,50,-112.00,49,-113.55,57,-115.15,64,-116.25,62,-116.28,31,-117.24
1588,6820.50,6460.23,2.00,1,56,0.04,NLOS,123.30,-2.76,-100.32,-72.54,7.11,39.19,0,50,-111.72,49,-113.80,57,-114.96,64,-116.17,62,-116.34,31,-117.22
1589,6820.50,6471.12,2.00,1,51,0.02,NLOS,139.19,-18.00,-100.97,-73.19,-1.00,39.19,1,50,-101.96,56,-104.24,57,-105.72,43,-112.64,62,-114.40,44,-114.74
1590,6820.50,6482.00,2.00,1,51,0.02,NLOS,139.04,-18.00,-100.82,-73.04,-1.08,39.19,0,50,-101.68,56,-104.39,57,-105.52,43,-112.67,62,-114.46,44,-114.66
1591,6820.50,6492.89,2.00,1,51,0.02,NLOS,138.89,-18.00,-100.67,-72.89,-1.16,39.19,0,50,-101.41,56,-104.55,57,-105.33,43,-112.70,62,-114.53,44,-114.58
1592,6820.50,6503.77,2.00,1,50,0.05,NLOS,120.70,-0.46,-100.02,-72.24,2.77,39.19,1,49,-106.91,56,-108.18,43,-111.76,51,-111.86,63,-112.24,57,-116.47
1593,6820.50,6514.66,2.00,1,50,0.05,NLOS,120.43,-0.46,-99.75,-71.97,3.15,39.19,0,49,-107.14,56,-108.35,51,-111.71,43,-111.79,63,-112.21,57,-116.28
1594,6820.50,6525.54,2.00,1,50,0.05,NLOS,120.17,-0.46,-99.49,-71.71,3.52,39.19,0,49,-107.36,56,-108.52,51,-111.55,43,-111.82,63,-112.18,57,-116.08
1595,6820.50,6536.43,2.00,1,56,0.04,NLOS,124.44,-12.13,-92.09,-64.31,7.61,39.19,1,50,-102.25,49,-104.27,43,-111.19,57,-111.37,51,-112.97,44,-118.23
1596,6820.50,6547.31,2.00,1,56,0.04,NLOS,124.62,-12.13,-92.28,-64.49,7.35,39.19,0,50,-101.99,49,-104.49,57,-111.17,43,-111.23,51,-112.81,44,-118.16
1597,6820.50,6558.20,2.00,1,56,0.04,NLOS,124.81,-12.13,-92.46,-64.68,7.07,39.19,0,50,-101.75,49,-104.71,57,-110.97,43,-111.27,51,-112.64,44,-118.08
1598,6820.50,6569.09,2.00,1,56,0.04,NLOS,125.00,-10.01,-94.77,-66.99,0.62,39.19,0,50,-95.58,51,-105.87,49,-113.56,57,-114.47,62,-117.59,55,-119.34
1599,6820.50,6579.97,2.00,1,56,0.04,NLOS,125.20,-10.01,-94.97,-67.18,0.21,39.19,0,50,-95.35,51,-105.71,49,-113.78,57,-114.26,62,-117.66,55,-119.49
1600,6820.50,6590.86,2.00,1,56,0.03,NLOS,125.39,-10.01,-95.16,-67.38,-0.19,39.19,0,50,-95.13,51,-105.54,49,-113.99,57,-114.06,62,-117.73,55,-119.63
1601,6820.50,6601.74,2.00,1,50,0.06,NLOS,118.52,-6.30,-92.01,-64.23,9.76,39.19,1,56,-104.15,57,-108.80,49,-111.04,63,-111.77,51,-112.71,62,-113.22
1602,6820.50,6612.63,2.00,1,50,0.06,NLOS,118.33,-6.30,-91.82,-64.03,10.04,39.19,0,56,-104.35,57,-108.60,49,-111.25,63,-111.76,51,-112.54,62,-113.30
1603,6820.50,6623.51,2.00,1,50,0.06,NLOS,118.15,-6.30,-91.63,-63.85,10.30,39.19,0,56,-104.56,57,-108.39,49,-111.46,63,-111.74,51,-112.37,62,-113.37
1604,6820.50,6634.40,2.00,1,50,0.06,NLOS,117.98,-1.33,-96.43,-68.65,5.33,39.19,0,49,-104.48,56,-106.11,57,-113.89,70,-116.47,63,-117.79,62,-119.49
1605,6820.50,6645.29,2.00,1,50,0.06,NLOS,117.83,-1.33,-96.28,-68.50,5.66,39.19,0,49,-104.69,56,-106.32,57,-113.68,70,-116.45,63,-117.77,62,-119.56
1606,6820.50,6656.17,2.00,1,50,0.06,NLOS,117.69,-1.33,-96.14,-68.36,5.96,39.19,0,49,-104.89,56,-106.53,57,-113.47,70,-116.42,63,-117.76,62,-119.63
1607,6820.50,6667.06,2.00,1,50,0.06,NLOS,117.57,2.17,-99.53,-71.75,4.16,39.19,0,56,-105.81,57,-110.81,37,-114.23,49,-114.41,51,-114.88,62,-115.56
1608,6820.50,6677.94,2.00,1,50,0.06,NLOS,117.47,2.17,-99.42,-71.64,4.35,39.19,0,56,-106.02,57,-110.60,37,-114.23,49,-114.60,51,-114.70,62,-115.64
1609,6820.50,6688.83,2.00,1,50,0.06,NLOS,117.38,2.17,-99.34,-71.56,4.52,39.19,0,56,-106.24,57,-110.39,37,-114.23,51,-114.52,49,-114.80,62,-115.71
1610,6820.50,6699.71,2.00,1,50,0.06,NLOS,117.32,0.14,-97.24,-69.46,6.44,39.19,0,56,-107.19,57,-108.76,49,-111.02,51,-118.39,62,-118.70,63,-118.93
1611,6820.50,6710.60,2.00,1,50,0.06,NLOS,117.27,0.14,-97.19,-69.41,6.54,39.19,0,56,-107.40,57,-108.55,49,-111.21,51,-118.21,62,-118.78,63,-118.93
1612,6820.50,6720.52,2.00,3,50,0.06,NLOS,117.24,0.14,-97.16,-69.38,6.61,39.19,0,56,-107.60,57,-108.35,49,-111.38,51,-118.04,62,-118.85,63,-118.93
1613,6820.50,6709.63,2.00,3,50,0.06,NLOS,117.27,-0.98,-96.07,-68.29,2.46,39.19,0,57,-99.09,56,-111.97,49,-113.80,44,-114.60,51,-118.26,37,-118.90
1614,6820.50,6698.74,2.00,3,50,0.06,NLOS,117.32,-0.98,-96.12,-68.34,2.59,39.19,0,57,-99.31,56,-111.75,49,-113.61,44,-114.66,51,-118.45,37,-118.90
1615,6820.50,6687.86,2.00,3,50,0.06,NLOS,117.39,-0.98,-96.19,-68.41,2.69,39.19,0,57,-99.52,56,-111.54,49,-113.41,44,-114.72,51,-118.63,37,-118.90
1616,6820.50,6676.97,2.00,3,50,0.06,NLOS,117.48,-2.47,-94.79,-67.01,8.19,39.19,0,56,-106.03,51,-107.04,57,-115.08,44,-118.87,62,-120.33,55,-120.45
1617,6820.50,6666.09,2.00,3,50,0.06,NLOS,117.58,-2.47,-94.90,-67.11,8.06,39.19,0,56,-105.82,51,-107.22,57,-115.29,44,-118.93,62,-120.26,55,-120.31
1618,6820.50,6655.20,2.00,3,50,0.06,NLOS,117.70,-2.47,-95.02,-67.24,7.90,39.19,0,56,-105.61,51,-107.40,57,-115.50,44,-119.00,55,-120.18,62,-120.19
1619,6820.50,6644.32,2.00,3,50,0.06,NLOS,117.84,4.61,-102.23,-74.45,-4.08,39.19,0,56,-100.57,49,-105.03,57,-105.53,51,-112.98,48,-118.63,42,-119.61
1620,6820.50,6633.43,2.00,3,50,0.06,NLOS,118.00,4.61,-102.38,-74.60,-4.36,39.19,0,56,-100.37,49,-104.82,57,-105.74,51,-113.15,48,-118.52,42,-119.53
1621,6820.50,6622.55,2.00,3,50,0.06,NLOS,118.16,4.61,-102.55,-74.77,-4.65,39.19,0,56,-100.16,49,-104.62,57,-105.95,51,-113.33,48,-118.41,42,-119.44
1622,6820.50,6611.66,2.00,3,50,0.06,NLOS,118.35,1.62,-99.75,-71.97,0.10,39.19,0,43,-103.56,56,-104.25,51,-109.32,44,-112.79,37,-113.09,57,-113.72
1623,6820.50,6600.77,2.00,3,50,0.06,NLOS,118.54,1.62,-99.95,-72.17,-0.16,39.19,0,43,-103.52,56,-104.05,51,-109.49,44,-112.86,37,-113.10,57,-113.93
1624,6820.50,6589.89,2.00,3,50,0.05,NLOS,118.75,1.62,-100.15,-72.37,-0.44,39.19,0,43,-103.47,56,-103.85,51,-109.65,44,-112.93,37,-113.10,57,-114.13
1625,6820.50,6579.00,2.00,3,50,0.05,NLOS,118.97,-6.96,-91.79,-64.01,4.68,39.19,0,56,-97.44,51,-104.39,55,-114.01,57,-114.03,49,-114.42,63,-115.11
1626,6820.50,6568.12,2.00,3,50,0.05,NLOS,119.20,-6.96,-92.02,-64.24,4.32,39.19,0,56,-97.25,51,-104.55,55,-113.86,49,-114.21,57,-114.24,63,-115.13
1627,6820.50,6557.23,2.00,3,50,0.05,NLOS,119.43,-6.96,-92.26,-64.47,3.95,39.19,0,56,-97.05,51,-104.71,55,-113.72,49,-113.99,57,-114.44,63,-115.15
1628,6820.50,6546.35,2.00,3,50,0.05,NLOS,119.68,-4.29,-95.17,-67.39,1.80,39.19,0,56,-97.34,49,-108.98,54,-112.44,57,-117.51,64,-118.43,36,-118.90
1629,6820.50,6535.46,2.00,3,50,0.05,NLOS,119.93,-4.29,-95.42,-67.64,1.37,39.19,0,56,-97.15,49,-108.76,54,-112.35,57,-117.71,64,-118.51,36,-118.87
1630,6820.50,6524.57,2.00,3,50,0.05,NLOS,120.19,-4.29,-95.68,-67.90,0.93,39.19,0,56,-96.97,49,-108.54,54,-112.26,57,-117.91,64,-118.59,36,-118.84
1631,6813.19,6521.00,2.00,2,56,0.04,NLOS,124.41,-8.47,-95.73,-67.94,7.64,39.19,1,43,-101.70,51,-107.46,57,-108.16,49,-109.52,50,-110.14,55,-110.94
1632,6802.30,6521.00,2.00,2,56,0.04,NLOS,124.74,-8.47,-96.06,-68.28,7.25,39.19,0,43,-101.53,51,-107.42,57,-108.29,49,-109.41,50,-109.73,55,-111.00
1633,6791.42,6521.00,2.00,2,56,0.04,NLOS,125.07,-8.47,-96.39,-68.61,6.85,39.19,0,43,-101.36,51,-107.38,57,-108.42,49,-109.30,50,-109.32,55,-111.06
1634,6780.53,6521.00,2.00,2,50,0.05,NLOS,118.77,-3.47,-95.08,-67.30,4.15,39.19,1,56,-100.89,49,-106.10,57,-109.84,43,-117.99,55,-118.46,47,-119.10
1635,6769.65,6521.00,2.00,2,50,0.06,NLOS,118.35,-3.47,-94.66,-66.88,4.77,39.19,0,56,-101.21,49,-106.00,57,-109.98,43,-117.82,55,-118.52,47,-119.09
1636,6758.76,6521.00,2.00,2,50,0.06,NLOS,117.92,-3.47,-94.23,-66.45,5.39,39.19,0,56,-101.52,49,-105.90,57,-110.11,43,-117.65,55,-118.58,47,-119.08
1637,6747.88,6521.00,2.00,2,56,0.03,NLOS,126.34,-9.26,-96.85,-69.07,7.95,39.19,1,50,-108.56,57,-110.12,70,-111.55,55,-113.53,44,-115.62,63,-116.34
1638,6736.99,6521.00,2.00,2,56,0.03,NLOS,126.64,-9.26,-97.16,-69.38,7.52,39.19,0,50,-108.12,57,-110.26,70,-111.64,55,-113.60,44,-115.49,36,-116.42
1639,6726.10,6521.00,2.00,2,56,0.03,NLOS,126.94,-9.26,-97.46,-69.68,7.07,39.19,0,50,-107.69,57,-110.40,70,-111.72,55,-113.67,44,-115.36,36,-116.33
1640,6715.22,6521.00,2.00,2,50,0.07,NLOS,116.20,0.04,-96.02,-68.24,5.45,39.19,1,56,-102.16,51,-113.63,42,-115.51,64,-116.73,43,-116.83,63,-117.35
1641,6704.33,6521.00,2.00,2,50,0.07,NLOS,115.76,0.04,-95.58,-67.80,6.12,39.19,0,56,-102.45,51,-113.60,42,-115.42,43,-116.64,64,-116.81,63,-117.49
1642,6693.45,6521.00,2.00,2,50,0.07,NLOS,115.33,0.04,-95.15,-67.37,6.79,39.19,0,56,-102.74,51,-113.57,42,-115.34,43,-116.46,64,-116.89,49,-117.42
1643,6682.56,6521.00,2.00,2,50,0.08,NLOS,114.90,-1.75,-92.92,-65.14,6.74,39.19,0,56,-102.29,49,-106.73,57,-107.63,55,-109.03,43,-110.41,42,-115.41
1644,6671.68,6521.00,2.00,2,50,0.08,NLOS,114.47,-1.75,-92.50,-64.71,7.31,39.19,0,56,-102.57,49,-106.66,57,-107.77,55,-109.10,43,-110.22,42,-115.33
1645,6660.79,6521.00,2.00,2,50,0.08,NLOS,114.05,-1.75,-92.07,-64.29,7.87,39.19,0,56,-102.84,49,-106.59,57,-107.91,55,-109.17,43,-110.03,42,-115.25
1646,6649.90,6521.00,2.00,2,50,0.08,NLOS,113.63,-1.33,-92.08,-64.30,11.03,39.19,0,56,-103.92,55,-113.43,44,-114.26,63,-116.72,57,-117.24,48,-118.05
1647,6639.02,6521.00,2.00,2,50,0.09,NLOS,113.23,-1.33,-91.68,-63.90,11.65,39.19,0,56,-104.19,55,-113.50,44,-114.12,63,-116.86,57,-117.38,48,-118.03
1648,6628.13,6521.00,2.00,2,50,0.09,NLOS,112.83,-1.33,-91.29,-63.51,12.25,39.19,0,56,-104.45,55,-113.57,44,-113.99,63,-116.99,57,-117.53,48,-118.02
1649,6620.50,6524.25,2.00,1,50,0.10,NLOS,112.37,2.00,-94.15,-66.37,7.92,39.19,0,57,-106.13,43,-106.99,56,-110.00,51,-115.11,64,-115.69,49,-116.96
1650,6620.50,6535.14,2.00,1,50,0.10,NLOS,111.70,2.00,-93.49,-65.70,8.56,39.19,0,57,-105.98,43,-107.04,56,-110.10,51,-114.94,64,-115.62,44,-116.88
1651,6620.50,6546.02,2.00,1,50,0.11,NLOS,111.02,2.00,-92.80,-65.02,9.21,39.19,0,57,-105.84,43,-107.09,56,-110.19,51,-114.76,64,-115.56,44,-116.78
1652,6620.50,6556.91,2.00,1,50,0.12,NLOS,110.32,1.99,-92.09,-64.31,10.98,39.19,0,49,-104.83,56,-111.27,62,-111.43,63,-113.53,57,-114.00,51,-117.03
1653,6620.50,6567.79,2.00,1,50,0.12,NLOS,109.60,1.99,-91.37,-63.59,11.85,39.19,0,49,-105.08,56,-111.38,62,-111.49,63,-113.51,57,-113.86,51,-116.86
1654,6620.50,6578.68,2.00,1,50,0.13,NLOS,108.88,1.99,-90.64,-62.86,12.74,39.19,0,49,-105.34,56,-111.49,62,-111.54,63,-113.49,57,-113.71,51,-116.68
1655,6620.50,6589.57,2.00,1,50,0.14,NLOS,108.14,18.00,-105.92,-78.14,-2.54,39.19,0,43,-105.78,56,-108.42,48,-112.49,51,-116.21,63,-117.05,69,-117.07
1656,6620.50,6600.45,2.00,1,50,0.15,NLOS,107.39,18.00,-105.17,-77.39,-1.73,39.19,0,43,-105.84,56,-108.53,48,-112.60,51,-116.03,63,-117.03,69,-117.08
1657,6620.50,6611.34,2.00,1,50,0.17,NLOS,106.64,18.00,-104.42,-76.64,-0.92,39.19,0,43,-105.91,56,-108.65,48,-112.72,51,-115.85,63,-117.02,69,-117.09
1658,6620.50,6622.22,2.00,1,50,0.18,NLOS,105.88,-0.98,-84.69,-56.91,20.64,39.19,0,44,-108.89,49,-110.43,55,-113.14,62,-113.65,57,-116.07,56,-116.70
1659,6620.50,6633.11,2.00,1,50,0.19,NLOS,105.14,-0.98,-83.95,-56.17,21.41,39.19,0,44,-108.80,49,-110.67,55,-113.26,62,-113.71,57,-115.93,56,-116.82
1660,6620.50,6643.99,2.00,1,50,0.20,NLOS,104.42,-0.98,-83.22,-55.44,22.15,39.19,0,44,-108.70,49,-110.90,55,-113.38,62,-113.77,57,-115.78,56,-116.95
1661,6620.50,6654.88,2.00,1,50,0.22,NLOS,103.72,4.85,-88.35,-60.56,19.21,39.19,0,49,-111.06,44,-114.76,51,-115.28,63,-115.80,55,-117.28,64,-118.35
1662,6620.50,6665.76,2.00,1,50,0.23,NLOS,103.06,4.85,-87.69,-59.91,19.92,39.19,0,49,-111.28,44,-114.67,51,-115.09,63,-115.80,55,-117.40,64,-118.29
1663,6620.50,6676.65,2.00,1,50,0.24,NLOS,102.46,4.85,-87.09,-59.31,20.55,39.19,0,49,-111.51,44,-114.58,51,-114.89,63,-115.79,55,-117.52,64,-118.23
1664,6620.50,6687.54,2.00,1,50,0.25,NLOS,101.94,4.10,-85.83,-58.04,16.84,39.19,0,43,-107.10,49,-109.23,51,-111.05,56,-111.66,44,-114.08,57,-114.49
1665,6620.50,6698.42,2.00,1,50,0.26,NLOS,101.50,4.10,-85.39,-57.61,17.32,39.19,0,43,-107.18,49,-109.45,51,-110.85,56,-111.79,44,-113.99,57,-114.35
1666,6620.50,6709.31,2.00,1,50,0.27,NLOS,101.18,4.10,-85.06,-57.28,17.69,39.19,0,43,-107.26,49,-109.66,51,-110.64,56,-111.93,44,-113.90,57,-114.21
1667,6620.50,6720.19,2.00,1,50,0.27,NLOS,100.97,-5.94,-74.81,-47.03,27.16,39.19,0,43,-103.82,44,-111.31,57,-111.95,51,-113.58,37,-117.71,49,-117.74
1668,6610.42,6721.00,2.00,2,50,0.31,NLOS,99.54,-5.94,-73.39,-45.61,28.49,39.19,0,43,-103.66,44,-111.15,57,-112.12,51,-113.54,37,-117.61,49,-117.73
1669,6599.54,6721.00,2.00,2,50,0.35,NLOS,97.88,-5.94,-71.72,-43.94,30.03,39.19,0,43,-103.49,44,-110.98,57,-112.31,51,-113.52,37,-117.49,49,-117.70
1670,6588.65,6721.00,2.00,2,50,0.39,NLOS,96.05,3.04,-78.88,-51.10,24.70,39.19,0,57,-106.73,49,-109.03,56,-112.49,55,-114.03,36,-114.47,43,-115.26
1671,6577.76,6721.00,2.00,2,50,0.45,NLOS,94.02,3.04,-76.85,-49.06,26.83,39.19,0,57,-106.92,49,-109.01,56,-112.69,55,-114.09,36,-114.38,43,-115.08
1672,6566.88,6721.00,2.00,2,50,0.52,NLOS,91.75,3.04,-74.57,-46.79,29.19,39.19,0,57,-107.11,49,-108.99,56,-112.88,55,-114.15,36,-114.29,43,-114.90
1673,6555.99,6721.00,2.00,2,50,0.59,NLOS,89.18,1.66,-70.62,-42.83,32.01,39.19,0,57,-105.25,51,-109.29,49,-112.30,36,-113.26,64,-114.50,44,-115.28
1674,6545.11,6721.00,2.00,2,50,0.68,NLOS,86.26,1.66,-67.70,-39.92,35.01,39.19,0,57,-105.44,51,-109.28,49,-112.29,36,-113.17,64,-114.59,44,-115.11
1675,6534.22,6721.00,2.00,2,50,0.78,NLOS,82.97,1.66,-64.41,-36.63,38.39,39.19,0,57,-105.63,51,-109.27,49,-112.28,36,-113.08,64,-114.69,44,-114.93
1676,6523.34,6721.00,2.00,2,50,0.90,NLOS,79.40,0.92,-60.09,-32.31,46.96,39.19,0,56,-109.67,55,-111.48,43,-113.08,37,-116.74,51,-118.20,42,-119.34
1677,6512.45,6721.00,2.00,2,50,1.00,NLOS,76.05,0.92,-56.75,-28.97,50.36,39.19,0,56,-109.86,55,-111.54,43,-112.90,37,-116.62,51,-118.20,42,-119.28
1678,6501.57,6721.00,2.00,2,50,1.00,NLOS,74.27,0.92,-54.97,-27.19,52.19,39.19,0,56,-110.05,55,-111.61,43,-112.71,37,-116.49,51,-118.20,42,-119.21
1679,6490.68,6721.00,2.00,2,50,1.00,NLOS,75.30,-4.35,-50.73,-22.95,48.63,39.19,0,57,-103.48,51,-104.15,49,-109.11,44,-110.90,56,-112.15,43,-112.71
1680,6479.79,6721.00,2.00,2,50,0.93,NLOS,78.37,-4.35,-53.80,-26.02,45.62,39.19,0,57,-103.66,51,-104.15,49,-109.11,44,-110.72,56,-112.33,43,-112.52
1681,6468.91,6721.00,2.00,2,50,0.81,NLOS,81.96,-4.35,-57.39,-29.61,42.09,39.19,0,57,-103.84,51,-104.16,49,-109.12,44,-110.53,43,-112.33,56,-112.52
1682,6458.02,6721.00,2.00,2,50,0.71,NLOS,85.36,9.43,-74.57,-46.79,30.58,39.19,0,56,-109.85,51,-111.46,43,-112.96,57,-113.32,30,-116.79,49,-116.82
1683,6447.14,6721.00,2.00,2,50,0.62,NLOS,88.38,9.43,-77.59,-49.81,27.61,39.19,0,56,-110.03,51,-111.47,43,-112.76,57,-113.49,30,-116.71,49,-116.83
1684,6436.25,6721.00,2.00,2,50,0.54,NLOS,91.04,9.43,-80.25,-52.47,24.99,39.19,0,56,-110.21,51,-111.48,43,-112.57,57,-113.67,30,-116.63,49,-116.84
1685,6425.37,6721.00,2.00,2,50,0.47,NLOS,93.39,-1.64,-71.54,-43.76,29.03,39.19,0,44,-104.37,51,-104.58,57,-110.78,49,-112.71,68,-115.11,55,-117.07
1686,6420.50,6727.02,2.00,1,50,0.44,NLOS,94.24,-1.64,-72.39,-44.60,28.09,39.19,0,44,-104.22,51,-104.47,57,-110.80,49,-112.84,68,-115.16,55,-117.16
1687,6420.50,6737.90,2.00,1,50,0.44,NLOS,94.25,-1.64,-72.40,-44.62,27.94,39.19,0,44,-104.09,51,-104.26,57,-110.71,49,-113.05,68,-115.19,55,-117.26
1688,6420.50,6748.79,2.00,1,50,0.44,NLOS,94.55,6.73,-81.06,-53.28,21.89,39.19,0,44,-108.05,43,-108.81,49,-110.09,51,-111.24,63,-116.05,57,-116.73
1689,6420.50,6759.68,2.00,1,50,0.42,NLOS,95.11,6.73,-81.62,-53.84,21.33,39.19,0,44,-107.93,43,-108.94,49,-110.29,51,-111.02,63,-116.05,57,-116.64
1690,6420.50,6770.56,2.00,1,50,0.40,NLOS,95.87,6.73,-82.38,-54.60,20.56,39.19,0,44,-107.81,43,-109.07,49,-110.50,51,-110.80,63,-116.05,57,-116.55
1691,6420.50,6781.45,2.00,1,50,0.38,NLOS,96.79,4.91,-81.49,-53.71,19.12,39.19,0,44,-101.63,56,-112.30,51,-112.81,43,-115.00,57,-115.23,36,-117.16
1692,6420.50,6792.33,2.00,1,50,0.35,NLOS,97.82,4.91,-82.51,-54.73,18.00,39.19,0,44,-101.51,56,-112.39,51,-112.58,43,-115.13,57,-115.14,36,-117.22
1693,6420.50,6803.22,2.00,1,50,0.32,NLOS,98.91,4.91,-83.60,-55.82,16.81,39.19,0,44,-101.40,51,-112.36,56,-112.49,57,-115.06,43,-115.26,36,-117.28
1694,6420.50,6814.10,2.00,1,50,0.29,NLOS,100.02,-3.43,-76.37,-48.59,25.68,39.19,0,44,-103.52,51,-112.32,56,-113.85,43,-114.34,57,-116.35,63,-118.15
1695,6420.50,6824.99,2.00,1,50,0.27,NLOS,101.13,-3.43,-77.49,-49.70,24.47,39.19,0,44,-103.41,51,-112.08,56,-113.95,43,-114.47,57,-116.27,63,-118.15
1696,6420.50,6835.88,2.00,1,50,0.25,NLOS,102.23,-3.43,-78.59,-50.80,23.29,39.19,0,44,-103.30,51,-111.85,56,-114.05,43,-114.60,57,-116.20,63,-118.16
1697,6420.50,6846.76,2.00,1,50,0.22,NLOS,103.31,-4.72,-78.37,-50.58,21.53,39.19,0,57,-101.84,51,-107.70,44,-109.39,49,-114.50,56,-115.50,38,-116.74
1698,6420.50,6857.65,2.00,1,50,0.20,NLOS,104.35,-4.72,-79.41,-51.63,20.40,39.19,0,57,-101.76,51,-107.45,44,-109.28,49,-114.68,56,-115.60,38,-116.68
1699,6420.50,6868.53,2.00,1,50,0.19,NLOS,105.36,-4.72,-80.42,-52.64,19.30,39.19,0,57,-101.69,51,-107.20,44,-109.18,49,-114.87,56,-115.71,38,-116.63
1700,6420.50,6879.42,2.00,1,50,0.17,NLOS,106.33,2.13,-88.24,-60.46,14.50,39.19,0,56,-106.57,51,-108.01,44,-111.94,43,-112.95,57,-114.95,37,-119.33
1701,6420.50,6890.30,2.00,1,50,0.16,NLOS,107.26,2.13,-89.18,-61.40,13.53,39.19,0,56,-106.67,51,-107.76,44,-111.84,43,-113.08,57,-114.88,37,-119.34
1702,6420.50,6901.19,2.00,1,50,0.14,NLOS,108.16,2.13,-90.08,-62.30,12.59,39.19,0,56,-106.78,51,-107.50,44,-111.74,43,-113.22,57,-114.82,37,-119.35
1703,6420.50,6912.07,2.00,1,50,0.13,NLOS,109.03,-3.59,-85.22,-57.44,13.71,39.19,0,44,-102.03,57,-105.37,43,-105.58,51,-114.34,56,-115.69,49,-118.10
1704,6422.46,6921.00,2.00,0,50,0.12,NLOS,109.65,-3.59,-85.84,-58.06,13.08,39.19,0,44,-102.00,57,-105.28,43,-105.72,51,-114.12,56,-115.75,49,-118.24
1705,6433.35,6921.00,2.00,0,50,0.13,NLOS,109.33,-3.59,-85.52,-57.74,13.50,39.19,0,44,-102.24,57,-105.08,43,-105.87,51,-114.09,56,-115.61,49,-118.22
1706,6444.23,6921.00,2.00,0,50,0.13,NLOS,109.04,6.22,-95.05,-67.27,13.14,39.19,0,44,-112.47,51,-112.97,43,-116.33,62,-118.99,68,-120.55,64,-122.05
1707,6455.12,6921.00,2.00,0,50,0.13,NLOS,108.80,6.22,-94.81,-67.03,13.47,39.19,0,44,-112.70,51,-112.95,43,-116.48,62,-118.91,68,-120.49,64,-121.95
1708,6466.00,6921.00,2.00,0,50,0.14,NLOS,108.61,6.22,-94.62,-66.83,13.75,39.19,0,51,-112.94,44,-112.94,43,-116.63,62,-118.83,68,-120.44,57,-121.80
1709,6476.89,6921.00,2.00,0,50,0.14,NLOS,108.47,7.79,-96.04,-68.26,6.26,39.19,0,44,-106.04,57,-107.34,49,-110.79,51,-114.03,42,-117.08,36,-117.30
1710,6487.77,6921.00,2.00,0,50,0.14,NLOS,108.38,7.79,-95.95,-68.17,6.38,39.19,0,44,-106.27,57,-107.13,49,-110.79,51,-114.03,42,-117.13,36,-117.39
1711,6498.66,6921.00,2.00,0,50,0.14,NLOS,108.35,7.79,-95.92,-68.14,6.42,39.19,0,44,-106.50,57,-106.90,49,-110.79,51,-114.02,42,-117.18,36,-117.47
1712,6509.55,6921.00,2.00,0,50,0.14,NLOS,108.37,-0.11,-88.04,-60.25,14.26,39.19,0,57,-106.25,43,-107.81,44,-110.12,56,-112.69,55,-115.10,51,-116.73
1713,6520.43,6921.00,2.00,0,50,0.14,NLOS,108.44,-0.11,-88.11,-60.33,14.16,39.19,0,57,-106.02,43,-107.96,44,-110.34,56,-112.54,55,-115.05,51,-116.74
1714,6531.32,6921.00,2.00,0,50,0.14,NLOS,108.57,-0.11,-88.24,-60.46,13.99,39.19,0,57,-105.80,43,-108.10,44,-110.55,56,-112.40,55,-115.00,51,-116.75
1715,6542.20,6921.00,2.00,0,50,0.13,NLOS,108.75,10.90,-99.43,-71.65,2.55,39.19,0,44,-104.70,57,-109.43,56,-111.04,51,-111.43,43,-116.68,70,-118.73
1716,6553.09,6921.00,2.00,0,50,0.13,NLOS,108.98,10.90,-99.66,-71.88,2.38,39.19,0,44,-104.91,57,-109.19,56,-110.89,51,-111.45,43,-116.82,70,-118.65
1717,6563.97,6921.00,2.00,0,50,0.13,NLOS,109.25,10.90,-99.93,-72.15,2.16,39.19,0,44,-105.12,57,-108.96,56,-110.74,51,-111.48,43,-116.97,70,-118.56
1718,6574.86,6921.00,2.00,0,50,0.12,NLOS,109.57,-2.12,-87.22,-59.44,13.38,39.19,0,51,-103.46,56,-105.03,43,-113.80,57,-113.83,44,-118.74,36,-120.42
1719,6585.74,6921.00,2.00,0,50,0.12,NLOS,109.91,-2.12,-87.57,-59.79,12.99,39.19,0,51,-103.49,56,-104.88,57,-113.59,43,-113.95,44,-118.94,36,-120.51
1720,6596.63,6921.00,2.00,0,50,0.12,NLOS,110.29,-2.12,-87.95,-60.17,12.58,39.19,0,51,-103.53,56,-104.74,57,-113.34,43,-114.09,44,-119.15,36,-120.59
1721,6607.52,6921.00,2.00,0,50,0.11,NLOS,110.69,-10.32,-80.16,-52.37,25.80,39.19,0,56,-110.52,51,-110.96,49,-114.06,44,-114.91,63,-119.87,69,-121.06
1722,6618.40,6921.00,2.00,0,50,0.11,NLOS,111.12,-10.32,-80.58,-52.80,25.36,39.19,0,56,-110.37,51,-111.01,49,-114.08,44,-115.11,63,-119.74,69,-120.98
1723,6620.50,6929.79,2.00,1,50,0.10,NLOS,111.75,-10.32,-81.22,-53.43,24.71,39.19,0,56,-110.46,51,-110.80,49,-114.22,44,-115.10,63,-119.72,69,-120.99
1724,6620.50,6940.67,2.00,1,50,0.09,NLOS,112.42,-0.35,-91.85,-64.07,10.03,39.19,0,57,-104.81,44,-107.40,51,-111.83,56,-113.48,37,-114.73,43,-117.73
1725,6620.50,6951.56,2.00,1,50,0.09,NLOS,113.07,-0.35,-92.50,-64.72,9.31,39.19,0,57,-104.72,44,-107.35,51,-111.56,56,-113.62,37,-114.74,43,-117.83
1726,6620.50,6962.44,2.00,1,50,0.08,NLOS,113.70,-0.35,-93.14,-65.36,8.60,39.19,0,57,-104.63,44,-107.30,51,-111.28,56,-113.77,37,-114.76,43,-117.93
1727,6620.50,6973.33,2.00,1,50,0.08,NLOS,114.32,-6.99,-87.11,-59.33,13.11,39.19,0,51,-101.54,57,-109.46,43,-111.53,44,-113.97,49,-117.69,37,-121.00
1728,6620.50,6984.21,2.00,1,50,0.08,NLOS,114.92,-6.99,-87.71,-59.93,12.29,39.19,0,51,-101.25,57,-109.38,43,-111.63,44,-113.93,49,-117.85,37,-121.02
1729,6620.50,6995.10,2.00,1,50,0.07,NLOS,115.51,-6.99,-88.30,-60.52,11.49,39.19,0,51,-100.96,57,-109.30,43,-111.73,44,-113.88,49,-118.01,37,-121.04
1730,6620.50,7005.99,2.00,1,50,0.07,NLOS,116.07,-3.91,-91.95,-64.17,6.13,39.19,0,57,-101.28,44,-103.89,51,-105.38,56,-111.17,49,-116.38,36,-119.09
1731,6620.50,7016.87,2.00,1,50,0.07,NLOS,116.63,-3.91,-92.51,-64.72,5.49,39.19,0,57,-101.21,44,-103.86,51,-105.08,56,-111.32,49,-116.54,36,-119.14
1732,6620.50,7027.76,2.00,1,50,0.06,NLOS,117.17,-3.91,-93.05,-65.26,4.86,39.19,0,57,-101.15,44,-103.82,51,-104.77,56,-111.46,49,-116.70,36,-119.20
1733,6620.50,7038.64,2.00,1,50,0.06,NLOS,117.70,1.20,-98.67,-70.89,-0.13,39.19,0,57,-100.74,51,-103.20,56,-115.52,44,-116.52,43,-116.94,64,-117.71
1734,6620.50,7049.53,2.00,1,50,0.06,NLOS,118.21,1.20,-99.19,-71.41,-0.78,39.19,0,57,-100.69,51,-102.88,56,-115.67,44,-116.50,43,-117.04,64,-117.67
1735,6620.50,7060.41,2.00,1,50,0.06,NLOS,118.71,1.20,-99.69,-71.91,-1.43,39.19,0,57,-100.64,51,-102.56,56,-115.81,44,-116.47,43,-117.15,64,-117.62
1736,6620.50,7071.30,2.00,1,50,0.05,NLOS,119.20,-4.89,-94.09,-66.31,7.41,39.19,0,51,-104.37,44,-106.26,56,-113.71,57,-114.64,49,-119.06,43,-119.31
1737,6620.50,7082.19,2.00,1,50,0.05,NLOS,119.67,-4.89,-94.56,-66.78,6.76,39.19,0,51,-104.03,44,-106.24,56,-113.85,57,-114.60,49,-119.21,43,-119.42
1738,6620.50,7093.07,2.00,1,50,0.05,NLOS,120.14,-4.89,-95.03,-67.25,6.11,39.19,0,51,-103.69,44,-106.22,56,-114.00,57,-114.56,49,-119.36,43,-119.53
1739,6620.50,7103.96,2.00,1,50,0.05,NLOS,120.59,2.40,-102.77,-74.99,-2.67,39.19,0,57,-102.77,51,-106.48,44,-107.52,63,-110.16,56,-115.39,37,-116.50
1740,6620.50,7114.84,2.00,1,50,0.05,NLOS,121.03,2.40,-103.22,-75.43,-3.20,39.19,0,57,-102.74,51,-106.13,44,-107.50,63,-110.19,56,-115.53,37,-116.52
1741,6625.23,7121.00,2.00,0,50,0.05,NLOS,121.34,2.40,-103.52,-75.74,-3.61,39.19,0,57,-102.60,51,-105.96,44,-107.59,63,-110.16,56,-115.56,37,-116.58
1742,6636.11,7121.00,2.00,0,51,0.04,NLOS,124.62,-13.57,-90.84,-63.06,13.67,39.19,1,50,-108.15,44,-111.75,57,-112.38,64,-114.24,38,-116.78,43,-118.90
1743,6647.00,7121.00,2.00,0,51,0.04,NLOS,124.73,-13.57,-90.94,-63.16,13.61,39.19,0,50,-108.30,44,-111.95,57,-112.08,64,-114.12,38,-116.88,43,-119.01
1744,6657.88,7121.00,2.00,0,51,0.04,NLOS,124.84,-13.57,-91.06,-63.27,13.54,39.19,0,50,-108.46,57,-111.77,44,-112.16,64,-114.00,38,-116.99,43,-119.12
1745,6668.77,7121.00,2.00,0,50,0.04,NLOS,121.96,-6.09,-95.65,-67.87,0.10,39.19,1,57,-97.17,44,-103.70,51,-106.21,49,-112.83,64,-117.14,56,-117.38
1746,6679.66,7121.00,2.00,0,50,0.04,NLOS,122.14,-6.09,-95.83,-68.05,-0.27,39.19,0,57,-96.86,44,-103.90,51,-106.34,49,-112.85,64,-117.01,56,-117.27
1747,6690.54,7121.00,2.00,0,50,0.04,NLOS,122.32,-6.09,-96.01,-68.23,-0.66,39.19,0,57,-96.53,44,-104.10,51,-106.47,49,-112.88,64,-116.89,56,-117.17
1748,6701.43,7121.00,2.00,0,50,0.04,NLOS,122.51,-5.86,-96.44,-68.66,4.90,39.19,0,57,-104.42,49,-106.68,51,-110.25,44,-115.08,43,-117.71,56,-119.69
1749,6712.31,7121.00,2.00,0,50,0.04,NLOS,122.71,-5.86,-96.64,-68.85,4.57,39.19,0,57,-104.08,49,-106.71,51,-110.40,44,-115.27,43,-117.82,56,-119.59
1750,6723.20,7121.00,2.00,0,50,0.04,NLOS,122.91,-5.86,-96.84,-69.06,4.22,39.19,0,57,-103.74,49,-106.73,51,-110.54,44,-115.46,43,-117.93,56,-119.49
1751,6734.08,7121.00,2.00,0,44,0.02,NLOS,136.25,-16.53,-99.50,-71.72,0.13,39.19,1,51,-100.23,57,-104.07,43,-110.81,50,-113.66,49,-114.23,64,-114.62
1752,6744.97,7121.00,2.00,0,44,0.02,NLOS,136.44,-16.53,-99.69,-71.91,0.10,39.19,0,51,-100.38,57,-103.71,43,-110.92,50,-113.87,49,-114.26,64,-114.49
1753,6755.85,7121.00,2.00,0,44,0.02,NLOS,136.62,-16.53,-99.88,-72.09,0.07,39.19,0,51,-100.54,57,-103.34,43,-111.03,50,-114.09,49,-114.29,64,-114.36
1754,6766.74,7121.00,2.00,0,50,0.04,NLOS,123.76,-2.84,-100.71,-72.92,0.81,39.19,1,57,-104.15,56,-108.11,51,-108.62,44,-118.05,49,-121.69,37,-123.69
1755,6777.63,7121.00,2.00,0,50,0.04,NLOS,123.99,-2.84,-100.93,-73.15,0.38,39.19,0,57,-103.76,56,-108.02,51,-108.78,44,-118.23,49,-121.72,37,-123.79
1756,6788.51,7121.00,2.00,0,50,0.04,NLOS,124.21,-2.84,-101.15,-73.37,-0.06,39.19,0,57,-103.37,56,-107.92,51,-108.95,44,-118.41,49,-121.75,64,-123.84
1757,6799.40,7121.00,2.00,0,51,0.03,NLOS,126.77,-10.36,-96.20,-68.41,4.79,39.19,1,57,-103.60,50,-104.85,49,-113.17,64,-120.78,43,-121.03,44,-121.09
1758,6810.28,7121.00,2.00,0,51,0.03,NLOS,126.95,-10.36,-96.37,-68.59,4.48,39.19,0,57,-103.19,50,-105.08,49,-113.20,64,-120.65,43,-121.14,44,-121.27
1759,6819.83,7121.00,2.00,2,51,0.03,NLOS,127.10,-10.36,-96.53,-68.74,4.18,39.19,0,57,-102.82,50,-105.28,49,-113.23,64,-120.53,43,-121.24,36,-121.39
1760,6808.95,7121.00,2.00,2,51,0.03,NLOS,126.93,-4.33,-102.38,-74.60,2.52,39.19,0,57,-109.49,50,-109.56,44,-111.08,56,-112.26,55,-115.05,64,-118.32
1761,6798.06,7121.00,2.00,2,51,0.03,NLOS,126.75,-4.33,-102.21,-74.43,2.72,39.19,0,50,-109.33,57,-109.90,44,-110.91,56,-112.35,55,-115.08,64,-118.45
1762,6787.17,7121.00,2.00,2,51,0.03,NLOS,126.58,-4.33,-102.03,-74.25,2.88,39.19,0,50,-109.10,57,-110.30,44,-110.73,56,-112.45,55,-115.10,64,-118.58
1763,6776.29,7121.00,2.00,2,51,0.03,NLOS,126.41,0.35,-106.54,-78.75,-4.29,39.19,0,50,-104.41,57,-108.15,49,-112.19,56,-113.09,43,-114.29,44,-115.15
1764,6765.40,7121.00,2.00,2,51,0.03,NLOS,126.24,0.35,-106.37,-78.59,-4.19,39.19,0,50,-104.19,57,-108.53,49,-112.16,56,-113.19,43,-114.18,44,-114.97
1765,6754.52,7121.00,2.00,2,51,0.03,NLOS,126.08,0.35,-106.21,-78.43,-4.10,39.19,0,50,-103.97,57,-108.90,49,-112.13,56,-113.29,43,-114.07,44,-114.78
1766,6743.63,7121.00,2.00,2,51,0.03,NLOS,125.92,-14.42,-91.29,-63.50,10.41,39.19,0,57,-105.76,56,-106.06,44,-107.17,64,-109.52,50,-109.96,37,-111.06
1767,6732.75,7121.00,2.00,2,51,0.03,NLOS,125.77,-14.42,-91.13,-63.35,10.63,39.19,0,57,-106.12,56,-106.16,44,-106.99,64,-109.65,50,-109.75,37,-110.96
1768,6721.86,7121.00,2.00,2,51,0.03,NLOS,125.62,-14.42,-90.98,-63.20,10.84,39.19,0,56,-106.26,57,-106.47,44,-106.80,50,-109.54,64,-109.78,37,-110.86
1769,6710.98,7121.00,2.00,2,51,0.03,NLOS,125.47,-1.17,-104.08,-76.30,-1.85,39.19,0,50,-103.25,56,-109.64,57,-110.33,44,-118.86,43,-120.51,69,-121.22
1770,6700.09,7121.00,2.00,2,51,0.04,NLOS,125.33,-1.17,-103.94,-76.16,-1.83,39.19,0,50,-103.06,56,-109.74,57,-110.66,44,-118.66,43,-120.40,69,-121.30
1771,6689.20,7121.00,2.00,2,51,0.04,NLOS,125.20,-1.17,-103.81,-76.02,-1.81,39.19,0,50,-102.87,56,-109.85,57,-110.99,44,-118.47,43,-120.29,69,-121.38
1772,6678.32,7121.00,2.00,2,51,0.04,NLOS,125.07,-2.93,-101.92,-74.13,-4.38,39.19,0,57,-100.66,50,-102.67,44,-104.95,56,-113.06,43,-114.22,49,-117.56
1773,6667.43,7121.00,2.00,2,51,0.04,NLOS,124.94,-2.93,-101.79,-74.01,-4.21,39.19,0,57,-100.98,50,-102.49,44,-104.75,56,-113.16,43,-114.11,49,-117.54
1774,6656.55,7121.00,2.00,2,51,0.04,NLOS,124.83,-2.93,-101.67,-73.89,-4.05,39.19,0,57,-101.29,50,-102.33,44,-104.55,56,-113.27,43,-114.00,49,-117.52
1775,6645.66,7121.00,2.00,2,50,0.04,NLOS,121.61,-9.07,-92.33,-64.54,12.91,39.19,1,56,-107.29,51,-112.68,43,-116.57,44,-118.50,57,-118.71,68,-122.47
1776,6634.78,7121.00,2.00,2,50,0.05,NLOS,121.46,-9.07,-92.17,-64.39,13.10,39.19,0,56,-107.40,51,-112.57,43,-116.46,44,-118.30,57,-119.01,68,-122.52
1777,6623.89,7121.00,2.00,2,50,0.05,NLOS,121.32,-9.07,-92.03,-64.25,13.28,39.19,0,56,-107.51,51,-112.48,43,-116.35,44,-118.09,57,-119.31,68,-122.58
1778,6628.00,7121.00,2.00,0,50,0.05,NLOS,121.37,-1.14,-100.01,-72.23,-1.59,39.19,0,57,-102.02,51,-103.08,44,-106.19,43,-112.09,63,-116.00,42,-120.85
1779,6638.88,7121.00,2.00,0,50,0.04,NLOS,121.52,-1.14,-100.16,-72.38,-1.80,39.19,0,57,-101.72,51,-103.18,44,-106.39,43,-112.20,63,-115.87,42,-120.89
1780,6649.77,7121.00,2.00,0,50,0.04,NLOS,121.67,-1.14,-100.31,-72.53,-2.03,39.19,0,57,-101.42,51,-103.29,44,-106.60,43,-112.31,63,-115.74,42,-120.94
1781,6660.65,7121.00,2.00,0,51,0.04,NLOS,124.87,-7.57,-97.08,-69.30,3.33,39.19,1,50,-102.30,57,-107.58,43,-109.54,63,-110.87,56,-117.71,44,-119.92
1782,6671.54,7121.00,2.00,0,51,0.04,NLOS,124.99,-7.57,-97.20,-69.42,3.27,39.19,0,50,-102.47,57,-107.26,43,-109.65,63,-110.74,56,-117.60,64,-119.97
1783,6682.42,7121.00,2.00,0,51,0.04,NLOS,125.12,-7.57,-97.33,-69.55,3.20,39.19,0,50,-102.65,57,-106.94,43,-109.76,63,-110.61,56,-117.50,64,-119.84
1784,6693.31,7121.00,2.00,0,51,0.04,NLOS,125.25,1.23,-106.26,-78.48,-3.95,39.19,0,44,-105.36,50,-109.15,57,-109.62,64,-113.38,42,-116.89,63,-116.93
1785,6704.19,7121.00,2.00,0,51,0.03,NLOS,125.38,1.23,-106.40,-78.61,-4.02,39.19,0,44,-105.55,57,-109.29,50,-109.34,64,-113.25,63,-116.80,42,-116.94
1786,6715.08,7121.00,2.00,0,51,0.03,NLOS,125.53,1.23,-106.54,-78.76,-4.12,39.19,0,44,-105.74,57,-108.95,50,-109.54,64,-113.13,63,-116.67,42,-116.99
1787,6725.97,7121.00,2.00,0,57,0.03,NLOS,125.61,-8.67,-96.72,-68.94,8.63,39.19,1,51,-108.83,50,-108.98,56,-117.44,36,-120.38,63,-121.62,38,-122.21
1788,6736.85,7121.00,2.00,0,57,0.04,NLOS,125.26,-8.67,-96.37,-68.59,9.13,39.19,0,51,-108.98,50,-109.19,56,-117.34,36,-120.45,63,-121.49,38,-122.31
1789,6747.74,7121.00,2.00,0,57,0.04,NLOS,124.90,-8.67,-96.01,-68.23,9.64,39.19,0,51,-109.14,50,-109.40,56,-117.24,36,-120.52,63,-121.35,38,-122.41
1790,6758.62,7121.00,2.00,0,57,0.04,NLOS,124.53,-8.83,-95.48,-67.69,0.61,39.19,0,50,-97.38,51,-102.79,56,-111.67,43,-112.11,55,-115.79,63,-118.40
1791,6769.51,7121.00,2.00,0,57,0.04,NLOS,124.15,-8.83,-95.10,-67.32,1.18,39.19,0,50,-97.60,51,-102.96,56,-111.57,43,-112.22,55,-115.76,63,-118.26
1792,6780.39,7121.00,2.00,0,57,0.04,NLOS,123.77,-8.83,-94.71,-66.93,1.77,39.19,0,50,-97.82,51,-103.12,56,-111.47,43,-112.33,55,-115.73,63,-118.13
1793,6791.28,7121.00,2.00,0,51,0.03,NLOS,126.64,-3.57,-102.86,-75.08,0.39,39.19,1,57,-107.70,50,-108.70,44,-109.25,49,-111.54,38,-115.95,30,-117.54
1794,6802.16,7121.00,2.00,0,51,0.03,NLOS,126.82,-3.57,-103.03,-75.25,0.18,39.19,0,57,-107.30,50,-108.93,44,-109.42,49,-111.58,38,-116.05,30,-117.60
1795,6813.05,7121.00,2.00,0,51,0.03,NLOS,126.99,-3.57,-103.21,-75.43,-0.06,39.19,0,57,-106.88,50,-109.16,44,-109.60,49,-111.61,38,-116.15,30,-117.67
1796,6820.50,7117.56,2.00,3,51,0.03,NLOS,127.20,-8.91,-98.07,-70.29,-3.31,39.19,0,57,-95.34,50,-104.72,44,-113.08,56,-115.53,63,-118.82,38,-119.84
1797,6820.50,7106.68,2.00,3,51,0.03,NLOS,127.46,-8.91,-98.34,-70.55,-3.56,39.19,0,57,-95.39,50,-104.43,44,-113.08,56,-115.35,63,-118.78,43,-119.77
1798,6820.50,7095.79,2.00,3,57,0.04,NLOS,122.40,-6.73,-95.45,-67.67,1.84,39.19,1,51,-98.60,50,-104.15,44,-113.09,56,-115.17,63,-118.73,43,-119.69
1799,6820.50,7084.91,2.00,3,57,0.04,NLOS,122.47,-2.49,-99.76,-71.98,1.28,39.19,0,56,-105.30,51,-105.43,50,-107.42,69,-113.73,62,-114.60,44,-118.33
1800,6820.50,7074.02,2.00,3,57,0.04,NLOS,122.55,-2.49,-99.84,-72.06,1.15,39.19,0,56,-105.12,51,-105.69,50,-107.14,69,-113.70,62,-114.52,49,-118.25
1801,6820.50,7063.14,2.00,3,57,0.04,NLOS,122.64,-2.49,-99.93,-72.15,1.00,39.19,0,56,-104.93,51,-105.94,50,-106.85,69,-113.66,62,-114.44,49,-118.11
1802,6820.50,7052.25,2.00,3,50,0.04,NLOS,123.08,1.11,-103.98,-76.19,1.10,39.19,1,57,-107.46,51,-113.29,44,-113.93,42,-114.80,56,-115.21,47,-116.56
1803,6820.50,7041.36,2.00,3,50,0.04,NLOS,122.80,1.11,-103.69,-75.91,1.47,39.19,0,57,-107.57,51,-113.54,44,-113.94,42,-114.72,56,-115.03,47,-116.50
1804,6820.50,7030.48,2.00,3,50,0.04,NLOS,122.51,1.11,-103.40,-75.62,1.83,39.19,0,57,-107.69,51,-113.78,44,-113.96,42,-114.64,56,-114.84,47,-116.44
1805,6820.50,7019.59,2.00,3,50,0.04,NLOS,122.22,3.19,-105.19,-77.41,-0.78,39.19,0,56,-109.00,44,-109.70,51,-112.22,57,-112.27,70,-117.85,38,-119.24
1806,6820.50,7008.71,2.00,3,50,0.04,NLOS,121.94,3.19,-104.91,-77.13,-0.49,39.19,0,56,-108.81,44,-109.73,57,-112.40,51,-112.46,70,-117.85,38,-119.27
1807,6820.50,6997.82,2.00,3,50,0.04,NLOS,121.66,3.19,-104.62,-76.84,-0.21,39.19,0,56,-108.62,44,-109.75,57,-112.55,51,-112.70,70,-117.86,38,-119.30
1808,6820.50,6986.94,2.00,3,50,0.05,NLOS,121.37,-0.27,-100.89,-73.10,-3.10,39.19,0,51,-98.82,56,-109.17,44,-109.93,57,-111.33,49,-113.75,42,-117.02
1809,6820.50,6976.05,2.00,3,50,0.05,NLOS,121.10,-0.27,-100.61,-72.83,-2.64,39.19,0,51,-99.05,56,-108.97,44,-109.96,57,-111.48,49,-113.60,42,-116.94
1810,6820.50,6965.17,2.00,3,50,0.05,NLOS,120.82,-0.27,-100.33,-72.55,-2.20,39.19,0,51,-99.29,56,-108.78,44,-109.99,57,-111.64,49,-113.45,42,-116.86
1811,6820.50,6954.28,2.00,3,50,0.05,NLOS,120.55,-4.38,-95.95,-68.17,6.85,39.19,0,56,-106.31,57,-108.19,51,-110.00,44,-116.37,43,-120.67,63,-122.91
1812,6820.50,6943.39,2.00,3,50,0.05,NLOS,120.28,-4.38,-95.69,-67.91,7.11,39.19,0,56,-106.11,57,-108.36,51,-110.23,44,-116.40,43,-120.59,63,-122.88
1813,6820.50,6932.51,2.00,3,50,0.05,NLOS,120.02,-4.38,-95.43,-67.64,7.37,39.19,0,56,-105.92,57,-108.54,51,-110.45,44,-116.44,43,-120.52,61,-122.84
1814,6820.50,6921.62,2.00,3,50,0.05,NLOS,119.77,5.11,-104.66,-76.87,4.05,39.19,0,57,-110.82,64,-114.65,43,-118.00,49,-118.65,30,-119.82,51,-120.71
1815,6830.76,6921.00,2.00,0,50,0.05,NLOS,120.15,5.11,-105.04,-77.26,3.51,39.19,0,57,-110.52,64,-114.54,43,-118.11,49,-118.69,30,-119.88,63,-120.63
1816,6841.65,6921.00,2.00,0,50,0.05,NLOS,120.57,5.11,-105.46,-77.67,2.90,39.19,0,57,-110.19,64,-114.43,43,-118.24,49,-118.74,30,-119.95,63,-120.48
1817,6852.53,6921.00,2.00,0,50,0.05,NLOS,120.98,4.92,-105.68,-77.90,-0.54,39.19,0,51,-108.69,63,-108.86,57,-110.20,56,-112.68,64,-119.51,48,-119.57
1818,6863.42,6921.00,2.00,0,50,0.05,NLOS,121.38,4.92,-106.08,-78.30,-1.02,39.19,0,63,-108.71,51,-108.80,57,-109.86,56,-112.55,64,-119.39,48,-119.58
1819,6874.31,6921.00,2.00,0,50,0.04,NLOS,121.77,4.92,-106.48,-78.70,-1.50,39.19,0,63,-108.55,51,-108.91,57,-109.51,56,-112.42,64,-119.27,48,-119.60
1820,6885.19,6921.00,2.00,0,50,0.04,NLOS,122.16,-1.04,-100.91,-73.12,-0.11,39.19,0,57,-101.64,43,-112.12,37,-114.97,51,-115.12,63,-115.64,56,-115.74
1821,6896.08,6921.00,2.00,0,50,0.04,NLOS,122.55,-1.04,-101.29,-73.51,-0.77,39.19,0,57,-101.29,43,-112.25,37,-115.06,51,-115.23,63,-115.48,56,-115.61
1822,6906.96,6921.00,2.00,0,50,0.04,NLOS,122.92,-1.04,-101.66,-73.88,-1.44,39.19,0,57,-100.93,43,-112.37,37,-115.16,63,-115.31,51,-115.35,56,-115.49
1823,6917.85,6921.00,2.00,0,57,0.05,NLOS,121.48,-4.59,-96.68,-68.90,5.56,39.19,1,50,-104.10,51,-110.22,56,-111.89,49,-113.45,62,-114.61,38,-115.36
1824,6928.73,6921.00,2.00,0,57,0.05,NLOS,121.12,-4.59,-96.32,-68.53,6.15,39.19,0,50,-104.46,51,-110.34,56,-111.77,49,-113.52,62,-114.52,38,-115.44
1825,6939.62,6921.00,2.00,0,57,0.05,NLOS,120.76,-4.59,-95.95,-68.17,6.73,39.19,0,50,-104.82,51,-110.46,56,-111.65,49,-113.58,62,-114.43,38,-115.53
1826,6950.50,6921.00,2.00,0,50,0.04,NLOS,124.36,-8.83,-95.32,-67.54,9.53,39.19,1,57,-108.01,63,-110.90,51,-111.77,56,-112.22,64,-113.91,49,-114.69
1827,6961.39,6921.00,2.00,0,50,0.04,NLOS,124.71,-8.83,-95.66,-67.88,9.01,39.19,0,57,-107.64,63,-110.73,51,-111.89,56,-112.11,64,-113.79,49,-114.75
1828,6972.28,6921.00,2.00,0,50,0.04,NLOS,125.05,-8.83,-96.00,-68.22,8.49,39.19,0,57,-107.27,63,-110.56,56,-112.00,51,-112.02,64,-113.66,49,-114.82
1829,6983.16,6921.00,2.00,0,50,0.03,NLOS,125.38,4.17,-109.33,-81.55,-1.75,39.19,0,57,-110.84,64,-111.47,51,-114.72,56,-115.35,44,-116.62,63,-118.30
1830,6994.05,6921.00,2.00,0,50,0.03,NLOS,125.71,4.17,-109.66,-81.88,-2.24,39.19,0,57,-110.47,64,-111.34,51,-114.85,56,-115.24,44,-116.76,63,-118.12
1831,7004.93,6921.00,2.00,0,50,0.03,NLOS,126.03,4.17,-109.98,-82.20,-2.73,39.19,0,57,-110.09,64,-111.22,51,-114.98,56,-115.14,44,-116.91,63,-117.94
1832,7015.82,6921.00,2.00,0,50,0.03,NLOS,126.35,-7.56,-98.57,-70.79,2.61,39.19,0,57,-102.47,56,-109.17,63,-112.35,51,-114.07,62,-114.16,43,-117.66
1833,7026.70,6921.00,2.00,0,50,0.03,NLOS,126.66,-7.56,-98.89,-71.10,2.01,39.19,0,57,-102.10,56,-109.08,63,-112.17,62,-114.08,51,-114.20,43,-117.78
1834,7037.59,6921.00,2.00,0,50,0.03,NLOS,126.97,-7.56,-99.19,-71.41,1.42,39.19,0,57,-101.72,56,-108.98,63,-111.98,62,-113.99,51,-114.33,43,-117.89
1835,7048.47,6921.00,2.00,0,57,0.06,NLOS,117.02,-2.67,-94.13,-66.35,7.92,39.19,1,50,-104.47,56,-107.51,63,-113.53,64,-115.49,48,-118.48,49,-119.40
1836,7059.36,6921.00,2.00,0,57,0.07,NLOS,116.65,-2.67,-93.76,-65.98,8.42,39.19,0,50,-104.77,56,-107.43,63,-113.34,64,-115.36,48,-118.51,49,-119.47
1837,7070.25,6921.00,2.00,0,57,0.07,NLOS,116.29,-2.67,-93.40,-65.62,8.89,39.19,0,50,-105.07,56,-107.35,63,-113.15,64,-115.23,48,-118.54,49,-119.54
1838,7081.13,6921.00,2.00,0,57,0.07,NLOS,115.93,-3.03,-92.69,-64.90,5.09,39.19,0,64,-100.73,50,-101.61,56,-109.46,55,-116.49,68,-118.14,62,-118.42
1839,7092.02,6921.00,2.00,0,57,0.07,NLOS,115.59,-3.03,-92.34,-64.56,5.48,39.19,0,64,-100.60,50,-101.90,56,-109.39,55,-116.47,68,-118.08,62,-118.33
1840,7102.90,6921.00,2.00,0,57,0.07,NLOS,115.25,-3.03,-92.00,-64.22,5.85,39.19,0,64,-100.47,50,-102.18,56,-109.32,55,-116.46,68,-118.02,62,-118.25
1841,7113.79,6921.00,2.00,0,50,0.03,NLOS,129.00,-12.45,-96.32,-68.54,6.23,39.19,1,57,-103.87,56,-110.67,44,-115.25,62,-116.98,63,-117.22,49,-117.78
1842,7124.67,6921.00,2.00,0,50,0.03,NLOS,129.27,-12.45,-96.60,-68.81,5.72,39.19,0,57,-103.56,56,-110.61,44,-115.38,62,-116.89,63,-117.02,49,-117.86
1843,7135.56,6921.00,2.00,0,50,0.03,NLOS,129.54,-12.45,-96.86,-69.08,5.23,39.19,0,57,-103.26,56,-110.56,44,-115.51,62,-116.81,63,-116.82,49,-117.94
1844,7146.45,6921.00,2.00,0,57,0.08,NLOS,114.03,1.57,-95.39,-67.61,11.01,39.19,1,63,-110.44,56,-111.53,50,-114.98,44,-117.50,48,-117.66,64,-119.43
1845,7157.33,6921.00,2.00,0,57,0.08,NLOS,113.77,1.57,-95.13,-67.35,11.22,39.19,0,63,-110.24,56,-111.48,50,-115.25,44,-117.62,48,-117.69,64,-119.30
1846,7168.22,6921.00,2.00,0,57,0.09,NLOS,113.53,1.57,-94.89,-67.11,11.39,39.19,0,63,-110.03,56,-111.44,50,-115.50,48,-117.72,44,-117.75,64,-119.17
1847,7179.10,6921.00,2.00,0,57,0.09,NLOS,113.32,0.72,-93.83,-66.05,14.18,39.19,0,50,-112.14,44,-114.65,64,-115.64,62,-115.68,70,-116.36,51,-118.01
1848,7189.99,6921.00,2.00,0,57,0.09,NLOS,113.13,0.72,-93.64,-65.86,14.47,39.19,0,50,-112.39,44,-114.78,64,-115.51,62,-115.60,70,-116.25,51,-118.15
1849,7200.87,6921.00,2.00,0,57,0.09,NLOS,112.97,0.72,-93.48,-65.70,14.74,39.19,0,50,-112.64,44,-114.90,64,-115.38,62,-115.51,70,-116.13,51,-118.28
1850,7211.76,6921.00,2.00,0,57,0.09,NLOS,112.84,-4.93,-87.69,-59.91,19.02,39.19,0,50,-108.10,70,-113.70,62,-114.18,69,-117.08,56,-117.24,63,-117.47
1851,7222.64,6921.00,2.00,0,57,0.09,NLOS,112.74,-4.93,-87.59,-59.81,19.28,39.19,0,50,-108.34,70,-113.58,62,-114.10,69,-116.98,56,-117.22,63,-117.25
1852,7233.53,6921.00,2.00,0,57,0.09,NLOS,112.68,-4.93,-87.53,-59.74,19.50,39.19,0,50,-108.57,70,-113.46,62,-114.02,69,-116.87,63,-117.02,56,-117.21
1853,7244.42,6921.00,2.00,0,57,0.09,NLOS,112.64,1.94,-94.36,-66.58,10.16,39.19,0,62,-105.86,50,-106.64,55,-107.00,63,-113.60,51,-113.67,64,-115.63
1854,7255.30,6921.00,2.00,0,57,0.09,NLOS,112.64,1.94,-94.36,-66.58,10.28,39.19,0,62,-105.77,50,-106.87,55,-107.00,63,-113.37,51,-113.81,64,-115.50
1855,7266.19,6921.00,2.00,0,57,0.09,NLOS,112.68,1.94,-94.40,-66.61,10.36,39.19,0,62,-105.69,55,-107.00,50,-107.10,63,-113.14,51,-113.95,64,-115.36
1856,7277.07,6921.00,2.00,0,57,0.09,NLOS,112.74,-2.34,-90.18,-62.40,14.85,39.19,0,63,-108.78,56,-109.63,49,-114.89,64,-115.23,51,-117.30,50,-119.09
1857,7287.96,6921.00,2.00,0,57,0.09,NLOS,112.84,-2.34,-90.28,-62.50,14.66,39.19,0,63,-108.54,56,-109.65,49,-114.97,64,-115.10,51,-117.43,50,-119.32
1858,7298.84,6921.00,2.00,0,57,0.09,NLOS,112.97,-2.34,-90.41,-62.63,14.43,39.19,0,63,-108.29,56,-109.67,64,-114.96,49,-115.05,51,-117.57,50,-119.54
1859,7309.73,6921.00,2.00,0,57,0.09,NLOS,113.13,0.68,-93.59,-65.81,6.81,39.19,0,63,-103.60,56,-103.78,51,-114.90,70,-115.96,50,-117.92,55,-121.54
1860,7320.61,6921.00,2.00,0,57,0.09,NLOS,113.32,0.68,-93.77,-65.99,6.52,39.19,0,63,-103.35,56,-103.81,51,-115.03,70,-115.84,50,-118.13,55,-121.54
1861,7331.50,6921.00,2.00,0,57,0.09,NLOS,113.53,0.68,-93.99,-66.21,6.21,39.19,0,63,-103.10,56,-103.85,51,-115.16,70,-115.71,50,-118.34,55,-121.55
1862,7342.39,6921.00,2.00,0,57,0.08,NLOS,113.77,5.22,-98.77,-70.99,8.53,39.19,0,56,-109.87,63,-115.34,50,-116.43,43,-117.26,64,-117.90,62,-118.11
1863,7353.27,6921.00,2.00,0,57,0.08,NLOS,114.03,5.22,-99.03,-71.25,8.28,39.19,0,56,-109.92,63,-115.08,50,-116.64,43,-117.36,64,-117.77,62,-118.03
1864,7364.16,6921.00,2.00,0,57,0.08,NLOS,114.30,5.22,-99.31,-71.53,8.00,39.19,0,56,-109.97,63,-114.81,50,-116.85,43,-117.46,64,-117.63,62,-117.95
1865,7375.04,6921.00,2.00,0,57,0.08,NLOS,114.60,-1.34,-93.04,-65.26,10.98,39.19,0,64,-107.89,50,-110.12,63,-110.96,56,-114.19,62,-116.91,49,-118.30
1866,7385.93,6921.00,2.00,0,57,0.08,NLOS,114.91,-1.34,-93.35,-65.57,10.61,39.19,0,64,-107.75,50,-110.32,63,-110.69,56,-114.25,62,-116.83,49,-118.39
1867,7396.81,6921.00,2.00,0,57,0.07,NLOS,115.24,-1.34,-93.68,-65.90,10.22,39.19,0,64,-107.61,63,-110.41,50,-110.52,56,-114.31,62,-116.76,49,-118.47
1868,7407.70,6921.00,2.00,0,57,0.07,NLOS,115.58,9.80,-105.16,-77.38,0.45,39.19,0,56,-110.23,63,-111.38,51,-113.49,64,-116.91,44,-117.02,35,-117.38
1869,7418.59,6921.00,2.00,0,57,0.07,NLOS,115.93,9.80,-105.51,-77.73,0.08,39.19,0,56,-110.30,63,-111.09,51,-113.62,64,-116.77,44,-117.13,35,-117.42
1870,7411.53,6921.00,2.00,2,57,0.07,NLOS,115.70,9.80,-105.28,-77.50,0.32,39.19,0,56,-110.26,63,-111.28,51,-113.54,64,-116.86,44,-117.06,35,-117.39
1871,7400.64,6921.00,2.00,2,57,0.07,NLOS,115.36,6.79,-101.92,-74.14,-3.53,39.19,0,56,-99.13,63,-108.69,64,-111.98,62,-116.74,49,-117.67,55,-118.53
1872,7389.76,6921.00,2.00,2,57,0.07,NLOS,115.03,6.79,-101.59,-73.81,-3.22,39.19,0,56,-99.06,63,-108.97,64,-112.11,62,-116.82,49,-117.59,55,-118.52
1873,7378.87,6921.00,2.00,2,57,0.08,NLOS,114.71,6.79,-101.28,-73.50,-2.93,39.19,0,56,-99.00,63,-109.24,64,-112.25,62,-116.89,49,-117.50,55,-118.51
1874,7367.99,6921.00,2.00,2,57,0.08,NLOS,114.41,4.23,-98.42,-70.64,5.54,39.19,0,56,-106.16,64,-111.08,50,-114.63,63,-115.95,70,-116.35,51,-118.23
1875,7357.10,6921.00,2.00,2,57,0.08,NLOS,114.12,4.23,-98.13,-70.35,5.82,39.19,0,56,-106.11,64,-111.21,50,-114.43,63,-116.21,70,-116.48,51,-118.10
1876,7346.22,6921.00,2.00,2,57,0.08,NLOS,113.86,4.23,-97.87,-70.08,6.07,39.19,0,56,-106.06,64,-111.35,50,-114.22,63,-116.48,70,-116.61,51,-117.97
1877,7335.33,6921.00,2.00,2,57,0.08,NLOS,113.61,1.37,-94.76,-66.98,5.98,39.19,0,56,-101.95,64,-110.92,63,-111.73,50,-113.55,49,-116.93,68,-121.13
1878,7324.44,6921.00,2.00,2,57,0.09,NLOS,113.39,1.37,-94.54,-66.76,6.20,39.19,0,56,-101.91,64,-111.06,63,-111.98,50,-113.33,49,-116.84,68,-121.19
1879,7313.56,6921.00,2.00,2,57,0.09,NLOS,113.19,1.37,-94.34,-66.56,6.39,39.19,0,56,-101.88,64,-111.19,63,-112.23,50,-113.12,49,-116.76,55,-121.24
1880,7302.67,6921.00,2.00,2,57,0.09,NLOS,113.02,-0.16,-92.64,-64.86,9.46,39.19,0,56,-103.40,63,-110.02,51,-115.29,62,-116.12,50,-119.26,49,-119.71
1881,7291.79,6921.00,2.00,2,57,0.09,NLOS,112.88,-0.16,-92.50,-64.72,9.61,39.19,0,56,-103.38,63,-110.26,51,-115.15,62,-116.20,50,-119.04,49,-119.63
1882,7280.90,6921.00,2.00,2,57,0.09,NLOS,112.77,-0.16,-92.40,-64.61,9.74,39.19,0,56,-103.36,63,-110.51,51,-115.02,62,-116.28,50,-118.82,49,-119.54
1883,7270.02,6921.00,2.00,2,57,0.09,NLOS,112.70,3.34,-95.81,-68.03,2.69,39.19,0,56,-101.04,63,-102.97,49,-108.26,64,-110.84,55,-115.85,68,-116.08
1884,7259.13,6921.00,2.00,2,57,0.09,NLOS,112.65,3.34,-95.77,-67.99,2.82,39.19,0,56,-101.04,63,-103.21,49,-108.17,64,-110.97,55,-115.85,68,-116.14
1885,7248.24,6921.00,2.00,2,57,0.09,NLOS,112.64,3.34,-95.76,-67.98,2.91,39.19,0,56,-101.04,63,-103.44,49,-108.09,64,-111.11,55,-115.84,68,-116.20
1886,7237.36,6921.00,2.00,2,57,0.09,NLOS,112.66,-0.63,-91.81,-64.03,17.21,39.19,0,51,-112.91,70,-113.73,62,-113.75,56,-115.44,63,-116.51,69,-118.43
1887,7226.47,6921.00,2.00,2,57,0.09,NLOS,112.72,-0.63,-91.87,-64.09,17.14,39.19,0,51,-112.78,62,-113.83,70,-113.85,56,-115.44,63,-116.74,69,-118.54
1888,7215.59,6921.00,2.00,2,57,0.09,NLOS,112.80,-0.63,-91.96,-64.17,17.03,39.19,0,51,-112.64,62,-113.92,70,-113.97,56,-115.46,63,-116.96,69,-118.64
1889,7204.70,6921.00,2.00,2,50,0.02,NLOS,131.16,-10.47,-100.47,-72.69,2.33,39.19,1,57,-104.65,56,-109.78,63,-112.87,51,-112.93,55,-117.09,64,-119.84
1890,7193.82,6921.00,2.00,2,50,0.03,NLOS,130.91,-10.47,-100.23,-72.45,2.66,39.19,0,57,-104.80,56,-109.80,51,-112.80,63,-113.09,55,-117.09,64,-119.97
1891,7182.93,6921.00,2.00,2,50,0.03,NLOS,130.66,-10.47,-99.98,-72.20,3.01,39.19,0,57,-104.98,56,-109.83,51,-112.66,63,-113.30,55,-117.10,64,-120.11
1892,7172.05,6921.00,2.00,2,57,0.09,NLOS,113.46,0.50,-93.74,-65.95,10.23,39.19,1,63,-107.26,56,-110.62,64,-111.92,62,-114.55,44,-116.04,50,-116.41
1893,7161.16,6921.00,2.00,2,57,0.08,NLOS,113.69,0.50,-93.97,-66.18,10.10,39.19,0,63,-107.47,56,-110.66,64,-112.06,62,-114.63,44,-115.91,50,-116.16
1894,7150.27,6921.00,2.00,2,57,0.08,NLOS,113.94,0.50,-94.22,-66.44,9.95,39.19,0,63,-107.67,56,-110.70,64,-112.19,62,-114.72,44,-115.78,50,-115.90
1895,7139.39,6921.00,2.00,2,57,0.08,NLOS,114.21,9.37,-103.36,-75.58,-3.12,39.19,0,56,-101.27,51,-110.32,63,-113.27,50,-113.45,49,-113.55,68,-119.81
1896,7128.50,6921.00,2.00,2,57,0.08,NLOS,114.50,9.37,-103.65,-75.87,-3.39,39.19,0,56,-101.33,51,-110.19,50,-113.19,63,-113.47,49,-113.47,68,-119.87
1897,7117.62,6921.00,2.00,2,57,0.08,NLOS,114.81,9.37,-103.96,-76.18,-3.67,39.19,0,56,-101.38,51,-110.05,50,-112.92,49,-113.40,63,-113.67,68,-119.94
1898,7106.73,6921.00,2.00,2,57,0.07,NLOS,115.13,-8.50,-86.42,-58.63,4.09,39.19,0,56,-90.67,50,-106.67,62,-110.44,49,-113.69,64,-113.80,44,-114.93
1899,7095.85,6921.00,2.00,2,57,0.07,NLOS,115.47,-8.50,-86.75,-58.97,3.82,39.19,0,56,-90.74,50,-106.39,62,-110.53,49,-113.61,64,-113.94,44,-114.80
1900,7084.96,6921.00,2.00,2,57,0.07,NLOS,115.81,-8.50,-87.09,-59.31,3.53,39.19,0,56,-90.81,50,-106.11,62,-110.61,49,-113.54,64,-114.07,44,-114.67
1901,7074.08,6921.00,2.00,2,57,0.07,NLOS,116.16,7.32,-103.27,-75.49,-3.25,39.19,0,50,-104.71,56,-104.83,64,-106.32,51,-112.55,44,-115.13,43,-119.18
1902,7063.19,6921.00,2.00,2,57,0.07,NLOS,116.52,7.32,-103.63,-75.85,-3.67,39.19,0,50,-104.42,56,-104.91,64,-106.45,51,-112.41,44,-114.99,43,-119.07
1903,7052.30,6921.00,2.00,2,57,0.06,NLOS,116.89,7.32,-103.99,-76.21,-4.10,39.19,0,50,-104.12,56,-104.99,64,-106.58,51,-112.28,44,-114.86,43,-118.95
1904,7041.42,6921.00,2.00,2,57,0.06,NLOS,117.26,-2.00,-95.04,-67.26,9.37,39.19,0,56,-108.47,51,-109.94,50,-110.92,63,-117.05,49,-117.41,61,-119.63
1905,7030.53,6921.00,2.00,2,57,0.06,NLOS,117.63,-2.00,-95.42,-67.64,8.94,39.19,0,56,-108.56,51,-109.81,50,-110.62,63,-117.24,49,-117.34,61,-119.67
1906,7020.50,6921.85,2.00,1,57,0.06,NLOS,117.95,-2.00,-95.73,-67.95,8.57,39.19,0,56,-108.67,51,-109.67,50,-110.34,49,-117.29,63,-117.41,61,-119.72
1907,7020.50,6932.74,2.00,1,50,0.03,NLOS,126.61,-16.09,-90.30,-62.52,8.69,39.19,1,56,-100.47,57,-105.08,63,-114.20,48,-115.60,51,-116.00,44,-117.58
1908,7020.50,6943.62,2.00,1,50,0.03,NLOS,126.73,-16.09,-90.42,-62.64,8.64,39.19,0,56,-100.72,57,-104.68,63,-114.23,48,-115.68,51,-115.83,44,-117.56
1909,7020.50,6954.51,2.00,1,50,0.03,NLOS,126.86,-16.09,-90.54,-62.76,8.56,39.19,0,56,-100.98,57,-104.28,63,-114.27,51,-115.65,48,-115.77,44,-117.54
1910,7020.50,6965.40,2.00,1,57,0.07,NLOS,116.35,0.08,-96.21,-68.43,3.36,39.19,1,50,-102.01,51,-106.73,63,-107.12,55,-112.27,64,-114.30,56,-116.21
1911,7020.50,6976.28,2.00,1,57,0.07,NLOS,115.96,0.08,-95.82,-68.04,3.81,39.19,0,50,-102.15,51,-106.55,63,-107.17,55,-112.38,64,-114.21,56,-116.45
1912,7020.50,6987.17,2.00,1,57,0.07,NLOS,115.57,0.08,-95.43,-67.65,4.25,39.19,0,50,-102.29,51,-106.38,63,-107.21,55,-112.50,64,-114.13,56,-116.69
1913,7020.50,6998.05,2.00,1,57,0.07,NLOS,115.18,7.78,-102.74,-74.96,1.37,39.19,0,51,-107.18,50,-108.56,56,-115.45,49,-117.08,64,-118.37,63,-121.29
1914,7020.50,7008.94,2.00,1,57,0.08,NLOS,114.81,7.78,-102.37,-74.58,1.72,39.19,0,51,-107.01,50,-108.71,56,-115.69,49,-117.21,64,-118.28,63,-121.34
1915,7020.50,7019.82,2.00,1,57,0.08,NLOS,114.44,7.78,-102.00,-74.22,2.06,39.19,0,51,-106.83,50,-108.86,56,-115.93,49,-117.34,64,-118.20,63,-121.39
1916,7020.50,7030.71,2.00,1,57,0.08,NLOS,114.08,-2.20,-91.66,-63.88,12.49,39.19,0,56,-106.36,44,-112.03,50,-114.04,63,-115.17,55,-115.99,43,-116.49
1917,7020.50,7041.59,2.00,1,57,0.08,NLOS,113.74,-2.20,-91.32,-63.54,12.98,39.19,0,56,-106.59,44,-112.02,50,-114.19,63,-115.22,55,-116.10,43,-116.55
1918,7020.50,7052.48,2.00,1,57,0.09,NLOS,113.42,-2.20,-91.00,-63.21,13.44,39.19,0,56,-106.81,44,-112.00,50,-114.35,63,-115.28,55,-116.21,43,-116.62
1919,7020.50,7063.37,2.00,1,57,0.09,NLOS,113.11,-10.35,-82.55,-54.76,20.57,39.19,0,56,-103.92,50,-113.36,38,-114.99,61,-118.09,62,-118.72,51,-120.29
1920,7020.50,7074.25,2.00,1,57,0.09,NLOS,112.83,-10.35,-82.26,-54.48,21.05,39.19,0,56,-104.14,50,-113.52,38,-114.97,61,-118.17,62,-118.82,51,-120.11
1921,7020.50,7085.14,2.00,1,57,0.09,NLOS,112.57,-10.35,-82.00,-54.22,21.50,39.19,0,56,-104.36,50,-113.68,38,-114.95,61,-118.24,62,-118.91,51,-119.93
1922,7020.50,7096.02,2.00,1,57,0.10,NLOS,112.33,-3.01,-89.11,-61.32,7.30,39.19,0,51,-96.61,50,-112.40,56,-116.81,63,-117.55,48,-120.96,62,-121.66
1923,7020.50,7106.91,2.00,1,57,0.10,NLOS,112.13,-3.01,-88.90,-61.12,7.34,39.19,0,51,-96.44,50,-112.57,56,-117.03,63,-117.62,48,-121.04,62,-121.75
1924,7020.50,7117.79,2.00,1,57,0.10,NLOS,111.95,-3.01,-88.73,-60.95,7.35,39.19,0,51,-96.26,50,-112.74,56,-117.24,63,-117.68,48,-121.12,62,-121.84
1925,7012.82,7121.00,2.00,2,57,0.09,NLOS,112.44,0.44,-92.66,-64.88,13.19,39.19,0,51,-110.02,50,-110.64,56,-115.58,64,-116.61,63,-118.29,49,-120.30
1926,7001.93,7121.00,2.00,2,57,0.09,NLOS,113.17,0.44,-93.39,-65.61,12.33,39.19,0,51,-109.83,50,-110.41,56,-115.64,64,-116.76,63,-118.45,49,-120.25
1927,6991.05,7121.00,2.00,2,57,0.08,NLOS,113.88,0.44,-94.09,-66.31,11.50,39.19,0,51,-109.64,50,-110.18,56,-115.71,64,-116.91,63,-118.61,49,-120.20
1928,6980.16,7121.00,2.00,2,57,0.08,NLOS,114.55,4.63,-98.96,-71.18,-0.76,39.19,0,51,-99.15,63,-109.22,50,-110.89,56,-111.49,44,-118.13,43,-121.00
1929,6969.28,7121.00,2.00,2,57,0.07,NLOS,115.20,4.63,-99.61,-71.83,-1.57,39.19,0,51,-98.95,63,-109.37,50,-110.66,56,-111.56,44,-117.98,43,-120.89
1930,6958.39,7121.00,2.00,2,57,0.07,NLOS,115.83,4.63,-100.23,-72.45,-2.35,39.19,0,51,-98.76,63,-109.53,50,-110.43,56,-111.63,44,-117.83,43,-120.79
1931,6947.51,7121.00,2.00,2,57,0.07,NLOS,116.43,-5.03,-91.19,-63.40,11.36,39.19,0,50,-105.84,51,-106.25,63,-114.98,30,-119.77,56,-120.44,49,-120.94
1932,6936.62,7121.00,2.00,2,57,0.06,NLOS,117.02,-5.03,-91.77,-63.99,10.59,39.19,0,50,-105.60,51,-106.05,63,-115.13,30,-119.71,56,-120.52,44,-120.86
1933,6925.74,7121.00,2.00,2,57,0.06,NLOS,117.58,-5.03,-92.34,-64.55,9.84,39.19,0,50,-105.36,51,-105.86,63,-115.28,30,-119.65,56,-120.59,44,-120.70
1934,6914.85,7121.00,2.00,2,51,0.03,NLOS,128.73,-8.39,-100.12,-72.34,4.69,39.19,1,57,-107.29,50,-109.29,63,-111.28,56,-113.12,30,-118.42,44,-120.52
1935,6903.96,7121.00,2.00,2,51,0.03,NLOS,128.54,-8.39,-99.93,-72.15,5.08,39.19,0,57,-107.82,50,-109.06,63,-111.43,56,-113.20,30,-118.35,44,-120.37
1936,6893.08,7121.00,2.00,2,51,0.03,NLOS,128.35,-8.39,-99.74,-71.96,5.42,39.19,0,57,-108.34,50,-108.82,63,-111.58,56,-113.28,30,-118.29,44,-120.21
1937,6882.19,7121.00,2.00,2,57,0.05,NLOS,119.68,3.32,-102.78,-74.99,1.39,39.19,1,56,-106.79,49,-109.05,50,-110.20,51,-114.67,63,-116.11,62,-117.39
1938,6871.31,7121.00,2.00,2,57,0.05,NLOS,120.16,3.32,-103.26,-75.48,0.88,39.19,0,56,-106.87,49,-109.01,50,-109.97,51,-114.48,63,-116.26,43,-117.41
1939,6860.42,7121.00,2.00,2,57,0.05,NLOS,120.64,3.32,-103.73,-75.95,0.38,39.19,0,56,-106.96,49,-108.97,50,-109.73,51,-114.29,63,-116.41,43,-117.30
1940,6849.54,7121.00,2.00,2,50,0.03,NLOS,125.51,-12.23,-93.07,-65.28,4.62,39.19,1,57,-97.95,51,-111.91,64,-113.14,49,-117.73,63,-118.49,44,-120.48
1941,6838.65,7121.00,2.00,2,50,0.04,NLOS,125.28,-12.23,-92.83,-65.05,5.27,39.19,0,57,-98.39,51,-111.73,64,-113.28,49,-117.69,63,-118.63,44,-120.31
1942,6827.77,7121.00,2.00,2,50,0.04,NLOS,125.04,-12.23,-92.60,-64.81,5.90,39.19,0,57,-98.83,51,-111.55,64,-113.42,49,-117.65,63,-118.78,44,-120.14
1943,6824.12,7121.00,2.00,0,50,0.04,NLOS,124.97,-7.38,-97.36,-69.58,7.76,39.19,0,57,-107.11,56,-113.26,51,-113.41,64,-115.03,37,-116.82,55,-120.62
1944,6835.01,7121.00,2.00,0,50,0.04,NLOS,125.20,-7.38,-97.60,-69.82,7.26,39.19,0,57,-106.68,56,-113.17,51,-113.59,64,-114.89,37,-116.91,55,-120.59
1945,6845.89,7121.00,2.00,0,50,0.03,NLOS,125.43,-7.38,-97.83,-70.05,6.74,39.19,0,57,-106.23,56,-113.08,51,-113.77,64,-114.76,37,-117.01,55,-120.57
1946,6856.78,7121.00,2.00,0,57,0.05,NLOS,120.79,-3.21,-97.37,-69.58,6.14,39.19,1,51,-107.44,50,-108.08,44,-112.50,56,-116.86,63,-117.42,69,-119.18
1947,6867.66,7121.00,2.00,0,57,0.05,NLOS,120.32,-3.21,-96.90,-69.12,6.77,39.19,0,51,-107.63,50,-108.31,44,-112.67,56,-116.77,63,-117.28,69,-119.09
1948,6878.55,7121.00,2.00,0,57,0.05,NLOS,119.84,-3.21,-96.42,-68.63,7.41,39.19,0,51,-107.82,50,-108.55,44,-112.83,56,-116.68,63,-117.13,69,-119.01
1949,6889.43,7121.00,2.00,0,57,0.05,NLOS,119.35,-0.28,-98.84,-71.06,7.98,39.19,0,50,-110.70,49,-112.86,44,-112.99,56,-113.39,51,-119.64,63,-121.04
1950,6900.32,7121.00,2.00,0,57,0.05,NLOS,118.84,-0.28,-98.33,-70.55,8.61,39.19,0,50,-110.94,49,-112.90,44,-113.15,56,-113.31,51,-119.83,63,-120.89
1951,6911.21,7121.00,2.00,0,57,0.06,NLOS,118.31,-0.28,-97.81,-70.03,9.25,39.19,0,50,-111.17,49,-112.94,56,-113.23,44,-113.31,51,-120.02,63,-120.74
1952,6922.09,7121.00,2.00,0,57,0.06,NLOS,117.77,-4.60,-92.95,-65.17,12.87,39.19,0,44,-109.64,50,-111.76,51,-113.78,63,-117.10,56,-118.01,49,-118.85
1953,6932.98,7121.00,2.00,0,57,0.06,NLOS,117.21,-4.60,-92.39,-64.61,13.56,39.19,0,44,-109.80,50,-112.00,51,-113.97,63,-116.94,56,-117.93,49,-118.89
1954,6943.86,7121.00,2.00,0,57,0.07,NLOS,116.63,-4.60,-91.81,-64.03,14.27,39.19,0,44,-109.95,50,-112.23,51,-114.16,63,-116.79,56,-117.85,49,-118.94
1955,6954.75,7121.00,2.00,0,57,0.07,NLOS,116.03,-8.83,-86.99,-59.20,14.83,39.19,0,50,-104.82,56,-105.60,43,-113.85,44,-115.51,36,-117.76,37,-118.67
1956,6965.63,7121.00,2.00,0,57,0.07,NLOS,115.41,-8.83,-86.37,-58.58,15.54,39.19,0,50,-105.05,56,-105.53,43,-113.96,44,-115.66,36,-117.82,37,-118.76
1957,6976.52,7121.00,2.00,0,57,0.08,NLOS,114.77,-8.83,-85.72,-57.94,16.27,39.19,0,50,-105.28,56,-105.46,43,-114.06,44,-115.81,36,-117.89,37,-118.85
1958,6987.40,7121.00,2.00,0,57,0.08,NLOS,114.11,-6.67,-87.21,-59.43,11.19,39.19,0,50,-100.07,63,-106.55,51,-107.16,64,-114.67,49,-116.97,37,-120.30
1959,6998.29,7121.00,2.00,0,57,0.09,NLOS,113.41,-6.67,-86.52,-58.74,12.04,39.19,0,50,-100.30,63,-106.40,51,-107.35,64,-114.52,49,-117.02,37,-120.39
1960,7009.18,7121.00,2.00,0,57,0.09,NLOS,112.69,-6.67,-85.80,-58.02,12.90,39.19,0,50,-100.53,63,-106.23,51,-107.55,64,-114.37,49,-117.07,37,-120.48
1961,7020.06,7121.00,2.00,0,57,0.10,NLOS,111.94,3.44,-95.16,-67.38,4.70,39.19,0,50,-100.61,64,-111.33,63,-113.41,56,-114.65,49,-115.71,43,-120.63
1962,7020.50,7110.55,2.00,3,57,0.10,NLOS,112.07,3.44,-95.28,-67.50,4.44,39.19,0,50,-100.46,64,-111.39,63,-113.35,56,-114.44,49,-115.59,43,-120.57
1963,7020.50,7099.67,2.00,3,57,0.10,NLOS,112.26,3.44,-95.48,-67.70,4.10,39.19,0,50,-100.29,64,-111.47,63,-113.28,56,-114.23,49,-115.46,43,-120.51
1964,7020.50,7088.78,2.00,3,57,0.09,NLOS,112.49,10.13,-102.40,-74.62,-0.62,39.19,0,56,-103.14,50,-112.25,44,-112.86,51,-113.27,64,-120.27,69,-121.74
1965,7020.50,7077.90,2.00,3,57,0.09,NLOS,112.74,10.13,-102.65,-74.87,-1.03,39.19,0,56,-102.92,50,-112.09,44,-112.86,51,-113.45,64,-120.35,69,-121.70
1966,7020.50,7067.01,2.00,3,57,0.09,NLOS,113.01,10.13,-102.93,-75.15,-1.47,39.19,0,56,-102.70,50,-111.93,44,-112.87,51,-113.62,64,-120.43,69,-121.66
1967,7020.50,7056.13,2.00,3,57,0.09,NLOS,113.31,-6.78,-86.32,-58.54,17.64,39.19,0,50,-106.64,62,-110.75,51,-111.19,63,-112.75,42,-116.07,64,-116.33
1968,7020.50,7045.24,2.00,3,57,0.08,NLOS,113.63,-6.78,-86.64,-58.85,17.25,39.19,0,50,-106.49,62,-110.65,51,-111.36,63,-112.69,42,-116.00,64,-116.41
1969,7020.50,7034.35,2.00,3,57,0.08,NLOS,113.97,-6.78,-86.97,-59.19,16.84,39.19,0,50,-106.33,62,-110.56,51,-111.54,63,-112.64,42,-115.93,64,-116.49
1970,7020.50,7023.47,2.00,3,57,0.08,NLOS,114.32,-6.55,-87.55,-59.76,15.95,39.19,0,51,-106.64,50,-108.02,64,-115.58,56,-117.76,63,-118.56,48,-120.02
1971,7020.50,7012.58,2.00,3,57,0.08,NLOS,114.68,-6.55,-87.91,-60.13,15.61,39.19,0,51,-106.81,50,-107.87,64,-115.67,56,-117.53,63,-118.51,48,-119.94
1972,7020.50,7001.70,2.00,3,57,0.07,NLOS,115.06,-6.55,-88.28,-60.50,15.26,39.19,0,51,-106.99,50,-107.73,64,-115.75,56,-117.29,63,-118.46,48,-119.85
1973,7020.50,6990.81,2.00,3,57,0.07,NLOS,115.44,5.34,-100.55,-72.77,-1.49,39.19,0,64,-102.38,51,-102.46,50,-114.18,56,-114.51,43,-117.73,63,-119.42
1974,7020.50,6979.93,2.00,3,57,0.07,NLOS,115.83,5.34,-100.94,-73.16,-1.77,39.19,0,64,-102.46,51,-102.63,50,-114.04,56,-114.26,43,-117.67,63,-119.37
1975,7020.50,6969.04,2.00,3,57,0.07,NLOS,116.22,5.34,-101.34,-73.55,-2.06,39.19,0,64,-102.55,51,-102.81,50,-113.90,56,-114.02,43,-117.61,63,-119.33
1976,7020.50,6958.15,2.00,3,57,0.07,NLOS,116.62,4.79,-101.18,-73.40,-0.83,39.19,0,50,-101.85,63,-109.61,51,-109.64,62,-115.34,56,-115.53,55,-116.95
1977,7020.50,6947.27,2.00,3,57,0.06,NLOS,117.01,4.79,-101.58,-73.80,-1.31,39.19,0,50,-101.73,63,-109.57,51,-109.82,62,-115.25,56,-115.28,55,-116.83
1978,7020.50,6936.38,2.00,3,57,0.06,NLOS,117.41,4.79,-101.98,-74.20,-1.79,39.19,0,50,-101.60,63,-109.53,51,-109.99,56,-115.02,62,-115.15,55,-116.71
1979,7020.50,6925.50,2.00,3,57,0.06,NLOS,117.81,-12.71,-84.89,-57.11,18.59,39.19,0,51,-105.49,50,-110.18,68,-115.00,56,-115.17,49,-115.37,64,-117.51
1980,7014.11,6921.00,2.00,2,57,0.06,NLOS,118.20,-12.71,-85.27,-57.49,18.15,39.19,0,51,-105.49,50,-109.94,68,-115.01,56,-115.12,49,-115.27,64,-117.62
1981,7003.23,6921.00,2.00,2,57,0.06,NLOS,118.58,-12.71,-85.65,-57.87,17.63,39.19,0,51,-105.35,50,-109.63,68,-115.07,49,-115.20,56,-115.22,64,-117.74
1982,6992.34,6921.00,2.00,2,57,0.05,NLOS,118.95,2.10,-100.84,-73.06,-1.72,39.19,0,50,-101.15,51,-106.09,56,-107.41,62,-113.31,49,-114.68,41,-114.90
1983,6981.46,6921.00,2.00,2,57,0.05,NLOS,119.33,2.10,-101.22,-73.44,-2.31,39.19,0,50,-100.82,51,-105.96,56,-107.52,62,-113.40,49,-114.61,41,-114.87
1984,6970.57,6921.00,2.00,2,57,0.05,NLOS,119.70,2.10,-101.59,-73.81,-2.91,39.19,0,50,-100.49,51,-105.83,56,-107.63,62,-113.49,49,-114.55,41,-114.83
1985,6959.68,6921.00,2.00,2,57,0.05,NLOS,120.08,3.98,-103.84,-76.05,2.39,39.19,0,50,-110.90,51,-111.70,56,-113.95,63,-116.16,64,-119.68,44,-120.45
1986,6948.80,6921.00,2.00,2,57,0.05,NLOS,120.45,3.98,-104.21,-76.42,1.90,39.19,0,50,-110.55,51,-111.57,56,-114.07,63,-116.33,64,-119.80,44,-120.30
1987,6937.91,6921.00,2.00,2,57,0.05,NLOS,120.82,3.98,-104.57,-76.79,1.40,39.19,0,50,-110.20,51,-111.45,56,-114.19,63,-116.50,64,-119.93,44,-120.15
1988,6927.03,6921.00,2.00,2,50,0.04,NLOS,123.60,-3.77,-99.61,-71.83,-0.02,39.19,1,57,-105.15,51,-105.44,56,-106.23,49,-106.38,36,-111.64,69,-113.04
1989,6916.14,6921.00,2.00,2,50,0.04,NLOS,123.23,-3.77,-99.24,-71.46,0.42,39.19,0,51,-105.31,57,-105.51,49,-106.32,56,-106.35,36,-111.57,69,-113.13
1990,6905.26,6921.00,2.00,2,50,0.04,NLOS,122.86,-3.77,-98.87,-71.09,0.86,39.19,0,51,-105.19,57,-105.87,49,-106.26,56,-106.48,36,-111.49,69,-113.22
1991,6894.37,6921.00,2.00,2,57,0.04,NLOS,122.25,-7.70,-94.34,-66.56,10.72,39.19,1,56,-109.76,49,-110.12,51,-110.88,50,-111.11,64,-116.05,70,-116.96
1992,6883.48,6921.00,2.00,2,57,0.04,NLOS,122.60,-7.70,-94.69,-66.91,10.29,39.19,0,56,-109.89,49,-110.07,50,-110.72,51,-110.77,64,-116.17,70,-117.05
1993,6872.60,6921.00,2.00,2,57,0.04,NLOS,122.95,-7.70,-95.03,-67.25,9.86,39.19,0,49,-110.01,56,-110.02,50,-110.33,51,-110.65,64,-116.29,70,-117.15
1994,6861.71,6921.00,2.00,2,57,0.04,NLOS,123.29,-5.76,-97.32,-69.54,5.38,39.19,0,50,-105.82,51,-108.18,49,-109.42,56,-113.49,63,-114.14,43,-114.28
1995,6850.83,6921.00,2.00,2,57,0.04,NLOS,123.63,-5.76,-97.65,-69.87,4.83,39.19,0,50,-105.41,51,-108.07,49,-109.36,56,-113.62,43,-114.15,63,-114.30
1996,6839.94,6921.00,2.00,2,57,0.04,NLOS,123.96,-5.76,-97.99,-70.21,4.27,39.19,0,50,-105.00,51,-107.96,49,-109.31,56,-113.76,43,-114.03,63,-114.46
1997,6829.06,6921.00,2.00,2,57,0.04,NLOS,124.29,-12.05,-92.03,-64.25,6.65,39.19,0,50,-101.10,56,-104.57,49,-104.82,51,-109.36,63,-110.47,62,-115.85
1998,6822.83,6921.00,2.00,0,57,0.04,NLOS,124.48,-12.05,-92.22,-64.43,6.35,39.19,0,50,-100.86,56,-104.65,49,-104.79,51,-109.30,63,-110.56,62,-115.90
1999,6833.71,6921.00,2.00,0,57,0.04,NLOS,124.15,-12.05,-91.89,-64.11,6.88,39.19,0,50,-101.28,56,-104.51,49,-104.84,51,-109.41,63,-110.41,62,-115.81
2000,6844.60,6921.00,2.00,0,57,0.04,NLOS,123.82,0.65,-104.25,-76.47,-3.87,39.19,0,50,-102.85,51,-104.83,49,-113.23,56,-114.16,64,-118.92,55,-119.93
2001,6855.49,6921.00,2.00,0,57,0.04,NLOS,123.49,0.65,-103.92,-76.13,-3.28,39.19,0,50,-103.26,51,-104.95,49,-113.28,56,-114.02,64,-118.80,55,-119.90
2002,6866.37,6921.00,2.00,0,57,0.04,NLOS,123.15,0.65,-103.58,-75.79,-2.69,39.19,0,50,-103.66,51,-105.06,49,-113.34,56,-113.89,64,-118.68,55,-119.87
2003,6877.26,6921.00,2.00,0,50,0.04,NLOS,121.88,-3.52,-98.14,-70.36,4.60,39.19,1,57,-104.06,63,-109.35,56,-110.05,51,-117.97,49,-118.90,37,-124.51
2004,6888.14,6921.00,2.00,0,50,0.04,NLOS,122.27,-3.52,-98.53,-70.75,3.94,39.19,0,57,-103.71,63,-109.19,56,-109.92,51,-118.08,49,-118.95,37,-124.61
2005,6899.03,6921.00,2.00,0,50,0.04,NLOS,122.65,-3.52,-98.91,-71.13,3.28,39.19,0,57,-103.36,63,-109.03,56,-109.79,51,-118.20,49,-119.01,37,-124.71
2006,6909.91,6921.00,2.00,0,57,0.04,NLOS,121.75,-9.60,-91.93,-64.15,11.16,39.19,1,56,-105.43,50,-108.47,49,-112.79,62,-114.60,55,-115.69,64,-116.94
2007,6920.80,6921.00,2.00,0,57,0.05,NLOS,121.39,-9.60,-91.57,-63.79,11.54,39.19,0,56,-105.30,50,-108.83,49,-112.85,62,-114.52,55,-115.66,64,-116.81
2008,6931.68,6921.00,2.00,0,57,0.05,NLOS,121.02,-9.60,-91.21,-63.42,11.92,39.19,0,56,-105.18,50,-109.20,49,-112.91,62,-114.43,55,-115.64,64,-116.69
2009,6942.57,6921.00,2.00,0,50,0.04,NLOS,124.11,-2.89,-101.00,-73.22,1.05,39.19,1,57,-106.02,56,-106.98,51,-108.25,62,-112.52,55,-116.11,49,-119.31
2010,6953.46,6921.00,2.00,0,50,0.04,NLOS,124.46,-2.89,-101.35,-73.57,0.55,39.19,0,57,-105.65,56,-106.87,51,-108.38,62,-112.43,55,-116.09,49,-119.38
2011,6964.34,6921.00,2.00,0,50,0.04,NLOS,124.80,-2.89,-101.69,-73.91,0.04,39.19,0,57,-105.28,56,-106.75,51,-108.50,62,-112.34,55,-116.06,49,-119.44
2012,6975.23,6921.00,2.00,0,50,0.04,NLOS,125.14,-5.21,-99.70,-71.92,-0.65,39.19,0,51,-101.39,57,-103.34,49,-114.84,62,-115.63,55,-118.85,44,-121.06
2013,6986.11,6921.00,2.00,0,50,0.03,NLOS,125.47,-5.21,-100.04,-72.25,-1.05,39.19,0,51,-101.51,57,-102.97,49,-114.90,62,-115.54,55,-118.83,44,-121.20
2014,6997.00,6921.00,2.00,0,50,0.03,NLOS,125.80,-5.21,-100.36,-72.58,-1.46,39.19,0,51,-101.64,57,-102.59,49,-114.97,62,-115.46,55,-118.80,44,-121.34
2015,7007.88,6921.00,2.00,0,57,0.06,NLOS,118.42,-8.75,-89.45,-61.67,19.99,39.19,1,63,-113.21,51,-116.11,56,-117.94,50,-119.12,55,-119.86,48,-120.31
2016,7018.77,6921.00,2.00,0,57,0.06,NLOS,118.04,-8.75,-89.07,-61.29,20.33,39.19,0,63,-113.03,51,-116.24,56,-117.85,50,-119.44,55,-119.84,48,-120.33
2017,7020.50,6911.84,2.00,3,57,0.06,NLOS,118.32,-8.75,-89.35,-61.57,20.03,39.19,0,63,-112.97,51,-116.40,56,-117.61,50,-119.39,55,-119.73,48,-120.26
2018,7020.50,6900.96,2.00,3,57,0.06,NLOS,118.71,2.32,-100.82,-73.04,4.09,39.19,0,63,-106.68,50,-111.27,62,-115.52,44,-118.50,55,-119.27,37,-119.87
2019,7020.50,6890.07,2.00,3,57,0.05,NLOS,119.11,2.32,-101.22,-73.43,3.66,39.19,0,63,-106.65,50,-111.17,62,-115.43,44,-118.53,55,-119.14,37,-119.86
2020,7020.50,6879.19,2.00,3,57,0.05,NLOS,119.50,2.32,-101.61,-73.83,3.23,39.19,0,63,-106.62,50,-111.07,62,-115.33,44,-118.56,55,-119.02,37,-119.85
2021,7020.50,6868.30,2.00,3,57,0.05,NLOS,119.89,-7.36,-92.32,-64.53,11.44,39.19,0,50,-105.80,56,-113.40,63,-113.53,49,-114.44,64,-115.15,51,-116.55
2022,7020.50,6857.42,2.00,3,57,0.05,NLOS,120.28,-7.36,-92.70,-64.92,10.98,39.19,0,50,-105.72,56,-113.12,63,-113.51,49,-114.30,64,-115.24,51,-116.72
2023,7020.50,6846.53,2.00,3,57,0.05,NLOS,120.66,-7.36,-93.08,-65.30,10.53,39.19,0,50,-105.64,56,-112.84,63,-113.49,49,-114.15,64,-115.33,51,-116.89
2024,7020.50,6835.65,2.00,3,57,0.05,NLOS,121.04,3.42,-104.24,-76.46,1.54,39.19,0,51,-110.00,50,-110.43,49,-110.88,56,-112.31,62,-115.72,69,-120.51
2025,7020.50,6824.76,2.00,3,57,0.05,NLOS,121.41,3.42,-104.61,-76.83,1.13,39.19,0,51,-110.16,50,-110.36,49,-110.73,56,-112.01,62,-115.63,69,-120.48
2026,7020.50,6813.87,2.00,3,57,0.04,NLOS,121.78,3.42,-104.98,-77.20,0.73,39.19,0,50,-110.31,51,-110.33,49,-110.58,56,-111.72,62,-115.53,69,-120.45
2027,7020.50,6802.99,2.00,3,56,0.03,NLOS,126.48,-15.88,-90.39,-62.61,10.00,39.19,1,57,-102.29,50,-106.08,43,-106.63,64,-109.28,63,-113.31,44,-117.60
2028,7020.50,6792.10,2.00,3,56,0.03,NLOS,126.18,-15.88,-90.08,-62.30,10.52,39.19,0,57,-102.65,50,-106.03,43,-106.58,64,-109.37,63,-113.30,44,-117.64
2029,7020.50,6781.22,2.00,3,56,0.03,NLOS,125.87,-15.88,-89.77,-61.99,11.03,39.19,0,57,-103.00,50,-106.00,43,-106.53,64,-109.46,63,-113.29,44,-117.68
2030,7020.50,6770.33,2.00,3,63,0.02,NLOS,136.17,-14.42,-101.53,-73.75,1.53,39.19,1,56,-105.45,57,-107.21,50,-111.91,51,-116.17,49,-116.56,48,-118.05
2031,7020.50,6759.45,2.00,3,63,0.02,NLOS,136.16,-14.42,-101.53,-73.74,1.48,39.19,0,56,-105.13,57,-107.55,50,-111.89,51,-116.33,49,-116.40,48,-117.95
2032,7020.50,6748.56,2.00,3,63,0.02,NLOS,136.16,-14.42,-101.52,-73.74,1.39,39.19,0,56,-104.80,57,-107.90,50,-111.87,49,-116.25,51,-116.48,48,-117.85
2033,7020.50,6737.67,2.00,3,50,0.03,NLOS,125.44,-5.94,-99.27,-71.49,4.25,39.19,1,56,-106.82,64,-108.01,57,-108.01,49,-113.42,70,-117.36,51,-117.92
2034,7020.50,6726.79,2.00,3,50,0.03,NLOS,125.44,-5.94,-99.27,-71.49,4.19,39.19,0,56,-106.49,64,-108.10,57,-108.35,49,-113.26,70,-117.39,51,-118.08
2035,7020.50,6726.10,2.00,1,50,0.03,NLOS,125.44,-5.94,-99.27,-71.49,4.19,39.19,0,56,-106.47,64,-108.11,57,-108.37,49,-113.25,70,-117.39,51,-118.09
2036,7020.50,6736.98,2.00,1,50,0.03,NLOS,125.44,-5.94,-99.27,-71.49,4.25,39.19,0,56,-106.80,64,-108.02,57,-108.03,49,-113.41,70,-117.37,51,-117.93
2037,7020.50,6747.87,2.00,1,50,0.03,NLOS,125.44,-7.35,-97.87,-70.09,5.29,39.19,0,56,-107.13,43,-107.14,57,-113.25,49,-117.74,51,-117.91,62,-119.13
2038,7020.50,6758.75,2.00,1,50,0.03,NLOS,125.46,-7.35,-97.89,-70.11,5.39,39.19,0,43,-107.19,56,-107.45,57,-112.90,51,-117.75,49,-117.89,62,-119.23
2039,7020.50,6769.64,2.00,1,50,0.03,NLOS,125.48,-7.35,-97.91,-70.13,5.46,39.19,0,43,-107.23,56,-107.77,57,-112.56,51,-117.59,49,-118.05,62,-119.32
2040,7020.50,6780.52,2.00,1,50,0.03,NLOS,125.51,-3.62,-101.67,-73.89,-4.33,39.19,0,56,-98.99,57,-103.09,49,-115.03,51,-115.68,62,-116.54,43,-117.10
2041,7020.50,6791.41,2.00,1,50,0.03,NLOS,125.54,-3.62,-101.71,-73.92,-4.26,39.19,0,56,-99.30,57,-102.73,49,-115.18,51,-115.52,62,-116.63,43,-117.15
2042,7020.50,6802.30,2.00,1,50,0.03,NLOS,125.59,-3.62,-101.75,-73.97,-4.22,39.19,0,56,-99.61,57,-102.37,49,-115.33,51,-115.36,62,-116.72,43,-117.20
2043,7020.50,6813.18,2.00,1,50,0.03,NLOS,125.64,-11.01,-94.41,-66.63,2.62,39.19,0,57,-97.87,56,-105.63,63,-106.85,51,-114.08,62,-115.52,54,-115.90
2044,7020.50,6824.07,2.00,1,50,0.03,NLOS,125.70,-11.01,-94.47,-66.69,2.29,39.19,0,57,-97.50,56,-105.92,63,-106.87,51,-113.92,62,-115.61,54,-115.98
2045,7020.50,6834.95,2.00,1,50,0.03,NLOS,125.76,-11.01,-94.53,-66.75,1.94,39.19,0,57,-97.13,56,-106.22,63,-106.88,51,-113.75,62,-115.71,54,-116.06
2046,7020.50,6845.84,2.00,1,50,0.03,NLOS,125.83,2.88,-108.49,-80.71,-3.81,39.19,0,57,-108.59,56,-110.51,43,-114.34,49,-114.56,44,-116.59,63,-117.32
2047,7020.50,6856.72,2.00,1,50,0.03,NLOS,125.91,2.88,-108.57,-80.79,-3.96,39.19,0,57,-108.21,56,-110.79,43,-114.39,49,-114.71,44,-116.55,63,-117.35
2048,7020.50,6867.61,2.00,1,50,0.03,NLOS,125.99,2.88,-108.65,-80.87,-4.14,39.19,0,57,-107.82,56,-111.07,43,-114.44,49,-114.85,44,-116.52,63,-117.37
2049,7020.50,6878.49,2.00,1,57,0.05,NLOS,119.53,-9.07,-90.23,-62.45,11.38,39.19,1,50,-103.40,49,-106.95,63,-108.09,51,-114.59,56,-115.13,69,-115.37
2050,7020.50,6889.38,2.00,1,57,0.05,NLOS,119.13,-9.07,-89.84,-62.06,11.85,39.19,0,50,-103.50,49,-107.09,63,-108.11,51,-114.42,69,-115.40,56,-115.41
2051,7020.50,6900.27,2.00,1,57,0.06,NLOS,118.74,-9.07,-89.45,-61.66,12.32,39.19,0,50,-103.60,49,-107.23,63,-108.15,51,-114.25,69,-115.44,35,-115.60
2052,7020.50,6911.15,2.00,1,57,0.06,NLOS,118.34,1.08,-99.20,-71.42,5.49,39.19,0,50,-106.81,63,-112.49,62,-114.95,51,-115.20,56,-117.59,49,-117.98
2053,7020.50,6922.04,2.00,1,57,0.06,NLOS,117.94,1.08,-98.80,-71.02,5.96,39.19,0,50,-106.92,63,-112.52,51,-115.03,62,-115.04,56,-117.86,49,-118.13
2054,7020.50,6932.92,2.00,1,57,0.06,NLOS,117.54,1.08,-98.40,-70.62,6.43,39.19,0,50,-107.04,63,-112.56,51,-114.86,62,-115.14,56,-118.12,49,-118.27
2055,7020.50,6943.81,2.00,1,57,0.06,NLOS,117.14,8.28,-105.20,-77.42,0.38,39.19,0,64,-110.83,50,-111.20,51,-112.37,37,-112.65,56,-114.85,69,-116.38
2056,7020.50,6954.69,2.00,1,57,0.06,NLOS,116.74,8.28,-104.80,-77.02,0.78,39.19,0,64,-110.74,50,-111.32,51,-112.20,37,-112.66,56,-115.10,69,-116.42
2057,7020.50,6965.58,2.00,1,57,0.07,NLOS,116.34,8.28,-104.40,-76.62,1.18,39.19,0,64,-110.65,50,-111.45,51,-112.02,37,-112.67,56,-115.35,69,-116.45
2058,7020.50,6976.47,2.00,1,57,0.07,NLOS,115.95,-1.33,-94.40,-66.62,3.48,39.19,0,50,-98.46,51,-108.65,43,-114.56,55,-115.04,56,-115.67,64,-117.25
2059,7020.50,6987.35,2.00,1,57,0.07,NLOS,115.56,-1.33,-94.01,-66.23,3.98,39.19,0,50,-98.60,51,-108.48,43,-114.62,55,-115.15,56,-115.91,64,-117.17
2060,7020.50,6998.24,2.00,1,57,0.07,NLOS,115.18,-1.33,-93.62,-65.84,4.47,39.19,0,50,-98.74,51,-108.30,43,-114.68,55,-115.27,56,-116.15,64,-117.08
2061,7020.50,7009.12,2.00,1,57,0.08,NLOS,114.80,-6.36,-88.22,-60.44,15.75,39.19,0,51,-107.70,63,-109.38,49,-111.35,56,-113.09,43,-114.82,64,-114.93
2062,7020.50,7020.01,2.00,1,57,0.08,NLOS,114.43,-6.36,-87.86,-60.08,16.08,39.19,0,51,-107.52,63,-109.43,49,-111.48,56,-113.32,64,-114.85,43,-114.89
2063,7020.50,7030.89,2.00,1,57,0.08,NLOS,114.08,-6.36,-87.50,-59.72,16.40,39.19,0,51,-107.35,63,-109.49,49,-111.61,56,-113.55,64,-114.77,43,-114.95
2064,7020.50,7041.78,2.00,1,57,0.08,NLOS,113.74,2.64,-96.16,-68.38,8.85,39.19,0,50,-107.04,49,-109.10,51,-113.68,56,-114.14,63,-116.47,69,-119.48
2065,7020.50,7052.66,2.00,1,57,0.09,NLOS,113.41,2.64,-95.83,-68.05,9.28,39.19,0,50,-107.19,49,-109.23,51,-113.50,56,-114.36,63,-116.53,69,-119.52
2066,7020.50,7063.55,2.00,1,57,0.09,NLOS,113.11,2.64,-95.53,-67.75,9.68,39.19,0,50,-107.35,49,-109.36,51,-113.32,56,-114.59,63,-116.58,69,-119.56
2067,7020.50,7074.44,2.00,1,57,0.09,NLOS,112.82,0.08,-92.69,-64.91,6.34,39.19,0,50,-102.16,51,-102.81,63,-114.37,56,-115.05,64,-116.13,44,-116.52
2068,7020.50,7085.32,2.00,1,57,0.09,NLOS,112.56,0.08,-92.43,-64.65,6.61,39.19,0,50,-102.32,51,-102.64,63,-114.43,56,-115.27,64,-116.05,44,-116.51
2069,7020.50,7096.21,2.00,1,57,0.10,NLOS,112.33,0.08,-92.19,-64.41,6.84,39.19,0,51,-102.46,50,-102.48,63,-114.49,56,-115.48,64,-115.97,44,-116.50
2070,7020.50,7107.09,2.00,1,57,0.10,NLOS,112.12,-1.16,-90.74,-62.96,16.10,39.19,0,50,-111.40,51,-112.79,64,-114.48,56,-114.68,37,-118.95,43,-119.05
2071,7020.50,7117.98,2.00,1,57,0.10,NLOS,111.95,-1.16,-90.57,-62.79,16.31,39.19,0,50,-111.57,51,-112.62,64,-114.40,56,-114.89,37,-118.96,43,-119.11
2072,7020.50,7113.14,2.00,3,57,0.10,NLOS,112.02,-1.16,-90.64,-62.86,16.22,39.19,0,50,-111.49,51,-112.70,64,-114.43,56,-114.80,37,-118.96,43,-119.08
2073,7020.50,7102.25,2.00,3,57,0.10,NLOS,112.21,2.21,-94.20,-66.42,5.51,39.19,0,50,-100.28,56,-110.68,43,-112.55,48,-114.91,63,-117.49,70,-117.77
2074,7020.50,7091.37,2.00,3,57,0.09,NLOS,112.43,2.21,-94.42,-66.64,5.13,39.19,0,50,-100.12,56,-110.46,43,-112.48,48,-114.82,63,-117.43,70,-117.77
2075,7020.50,7080.48,2.00,3,57,0.09,NLOS,112.68,2.21,-94.67,-66.89,4.72,39.19,0,50,-99.95,56,-110.25,43,-112.42,48,-114.74,63,-117.37,70,-117.78
2076,7020.50,7069.59,2.00,3,57,0.09,NLOS,112.95,-3.93,-88.80,-61.02,11.69,39.19,0,50,-102.21,51,-108.38,56,-109.65,44,-115.60,69,-119.69,62,-120.16
2077,7020.50,7058.71,2.00,3,57,0.09,NLOS,113.24,-3.93,-89.09,-61.31,11.29,39.19,0,50,-102.05,51,-108.56,56,-109.42,44,-115.61,69,-119.65,62,-120.07
2078,7020.50,7047.82,2.00,3,57,0.09,NLOS,113.56,-3.93,-89.41,-61.63,10.87,39.19,0,50,-101.89,51,-108.73,56,-109.20,44,-115.62,69,-119.61,62,-119.97
2079,7020.50,7036.94,2.00,3,57,0.08,NLOS,113.89,-0.57,-93.10,-65.32,1.00,39.19,0,51,-94.82,50,-104.82,56,-108.08,64,-112.99,44,-113.62,70,-118.49
2080,7020.50,7026.05,2.00,3,57,0.08,NLOS,114.23,-0.57,-93.45,-65.67,0.78,39.19,0,51,-94.99,50,-104.67,56,-107.85,64,-113.07,44,-113.64,70,-118.50
2081,7020.50,7015.17,2.00,3,57,0.08,NLOS,114.59,-0.57,-93.81,-66.03,0.54,39.19,0,51,-95.17,50,-104.52,56,-107.62,64,-113.15,44,-113.66,43,-118.44
2082,7020.50,7004.28,2.00,3,57,0.08,NLOS,114.97,-3.98,-90.76,-62.98,15.81,39.19,0,56,-109.70,51,-111.83,43,-113.68,49,-115.04,62,-116.30,50,-116.33
2083,7020.50,6993.39,2.00,3,57,0.07,NLOS,115.35,-3.98,-91.14,-63.36,15.34,39.19,0,56,-109.46,51,-112.00,43,-113.62,49,-114.91,50,-116.19,62,-116.21
2084,7020.50,6982.51,2.00,3,57,0.07,NLOS,115.73,-3.98,-91.53,-63.75,14.87,39.19,0,56,-109.22,51,-112.18,43,-113.56,49,-114.77,50,-116.05,62,-116.12
2085,7020.50,6971.62,2.00,3,57,0.07,NLOS,116.12,9.14,-105.05,-77.27,-3.67,39.19,0,51,-102.29,50,-113.35,64,-113.83,56,-114.63,49,-115.91,62,-118.95
2086,7020.50,6960.74,2.00,3,57,0.07,NLOS,116.52,9.14,-105.45,-77.67,-3.94,39.19,0,51,-102.46,50,-113.21,64,-113.91,56,-114.38,49,-115.77,62,-118.85
2087,7020.50,6949.85,2.00,3,51,0.02,NLOS,133.37,-10.52,-102.64,-74.85,1.77,39.19,1,57,-105.85,50,-113.08,64,-114.00,56,-114.13,49,-115.63,62,-118.76
2088,7020.50,6938.97,2.00,3,57,0.06,NLOS,117.32,-4.83,-92.27,-64.49,11.94,39.19,1,50,-107.84,63,-110.33,51,-112.32,64,-114.10,55,-117.03,56,-117.57
2089,7020.50,6928.08,2.00,3,57,0.06,NLOS,117.72,-4.83,-92.68,-64.89,11.50,39.19,0,50,-107.72,63,-110.29,51,-112.49,64,-114.19,55,-116.91,56,-117.31
2090,7020.50,6924.80,2.00,1,57,0.06,NLOS,117.84,-4.83,-92.80,-65.01,11.37,39.19,0,50,-107.69,63,-110.28,51,-112.54,64,-114.21,55,-116.88,56,-117.24
2091,7020.50,6935.69,2.00,1,57,0.06,NLOS,117.44,-7.38,-89.85,-62.06,6.44,39.19,0,50,-96.54,64,-111.29,56,-113.80,69,-116.50,51,-120.03,38,-120.87
2092,7020.50,6946.58,2.00,1,57,0.06,NLOS,117.04,-7.38,-89.45,-61.66,6.95,39.19,0,50,-96.67,64,-111.20,56,-114.06,69,-116.53,51,-119.85,38,-120.84
2093,7020.50,6957.46,2.00,1,57,0.07,NLOS,116.64,-7.38,-89.05,-61.27,7.47,39.19,0,50,-96.79,64,-111.11,56,-114.31,69,-116.57,51,-119.68,38,-120.81
2094,7020.50,6968.35,2.00,1,57,0.07,NLOS,116.24,-4.16,-91.87,-64.09,0.48,39.19,0,50,-92.42,56,-112.86,63,-115.30,49,-116.35,69,-120.93,34,-122.00
2095,7020.50,6979.23,2.00,1,57,0.07,NLOS,115.85,-4.16,-91.47,-63.69,1.01,39.19,0,50,-92.56,56,-113.11,63,-115.34,49,-116.49,69,-120.96,34,-122.05
2096,7020.50,6990.12,2.00,1,57,0.07,NLOS,115.46,-4.16,-91.08,-63.30,1.54,39.19,0,50,-92.70,56,-113.35,63,-115.39,49,-116.62,69,-121.00,34,-122.09
2097,7020.50,7001.00,2.00,1,57,0.07,NLOS,115.08,-1.67,-93.19,-65.41,7.41,39.19,0,50,-101.33,49,-106.21,64,-110.58,62,-114.46,37,-116.31,56,-117.08
2098,7020.50,7011.89,2.00,1,57,0.08,NLOS,114.71,-1.67,-92.82,-65.04,7.91,39.19,0,50,-101.47,49,-106.35,64,-110.50,62,-114.55,37,-116.32,56,-117.31
2099,7020.50,7022.78,2.00,1,57,0.08,NLOS,114.34,-1.67,-92.46,-64.67,8.39,39.19,0,50,-101.62,49,-106.48,64,-110.42,62,-114.65,37,-116.34,56,-117.55
2100,7020.50,7033.66,2.00,1,57,0.08,NLOS,113.99,12.48,-106.26,-78.47,0.41,39.19,0,64,-109.90,51,-114.74,50,-115.58,31,-116.94,56,-117.82,69,-117.87
2101,7020.50,7044.55,2.00,1,57,0.08,NLOS,113.65,12.48,-105.92,-78.14,0.72,39.19,0,64,-109.82,51,-114.56,50,-115.74,31,-116.94,69,-117.91,56,-118.05
2102,7020.50,7055.43,2.00,1,57,0.09,NLOS,113.33,12.48,-105.60,-77.82,1.01,39.19,0,64,-109.74,51,-114.38,50,-115.89,31,-116.93,69,-117.95,63,-118.20
2103,7020.50,7066.32,2.00,1,57,0.09,NLOS,113.03,0.47,-93.28,-65.50,12.19,39.19,0,63,-110.86,56,-111.58,70,-111.59,50,-111.77,51,-112.82,49,-120.22
2104,7020.50,7077.20,2.00,1,57,0.09,NLOS,112.75,0.47,-93.00,-65.22,12.54,39.19,0,63,-110.91,70,-111.58,56,-111.80,50,-111.93,51,-112.64,49,-120.35
2105,7020.50,7088.09,2.00,1,57,0.09,NLOS,112.50,0.47,-92.75,-64.97,12.86,39.19,0,63,-110.97,70,-111.57,56,-112.01,50,-112.10,51,-112.46,49,-120.48
2106,7020.50,7098.97,2.00,1,57,0.10,NLOS,112.27,5.60,-97.65,-69.87,7.86,39.19,0,51,-109.47,50,-110.57,42,-110.84,49,-112.77,56,-114.65,64,-117.03
2107,7020.50,7109.86,2.00,1,57,0.10,NLOS,112.08,5.60,-97.46,-69.68,8.06,39.19,0,51,-109.29,50,-110.73,42,-110.91,49,-112.90,56,-114.87,64,-116.96
2108,7020.50,7120.75,2.00,1,57,0.10,NLOS,111.91,5.60,-97.29,-69.51,8.22,39.19,0,51,-109.11,50,-110.90,42,-110.98,49,-113.03,56,-115.07,64,-116.88
2109,7031.13,7121.00,2.00,0,57,0.11,NLOS,111.14,-6.65,-84.28,-56.50,20.16,39.19,0,50,-105.97,51,-113.21,55,-114.38,56,-115.01,64,-117.20,49,-119.53
2110,7042.02,7121.00,2.00,0,57,0.12,NLOS,110.32,-6.65,-83.46,-55.67,21.15,39.19,0,50,-106.20,51,-113.40,55,-114.37,56,-114.95,64,-117.04,49,-119.58
2111,7052.90,7121.00,2.00,0,57,0.13,NLOS,109.46,-6.65,-82.60,-54.81,22.17,39.19,0,50,-106.42,51,-113.59,55,-114.35,56,-114.90,64,-116.89,49,-119.63
2112,7063.79,7121.00,2.00,0,57,0.14,NLOS,108.56,2.41,-90.75,-62.96,7.89,39.19,0,56,-99.02,51,-113.38,44,-115.39,64,-118.69,68,-118.79,50,-119.39
2113,7074.67,7121.00,2.00,0,57,0.15,NLOS,107.61,2.41,-89.80,-62.01,8.81,39.19,0,56,-98.97,51,-113.57,44,-115.53,64,-118.54,68,-118.73,50,-119.61
2114,7085.56,7121.00,2.00,0,57,0.17,NLOS,106.60,2.41,-88.79,-61.01,9.78,39.19,0,56,-98.93,51,-113.76,44,-115.67,64,-118.38,68,-118.68,50,-119.83
2115,7096.44,7121.00,2.00,0,57,0.18,NLOS,105.55,-1.89,-83.43,-55.65,22.78,39.19,0,51,-107.76,56,-116.80,63,-117.03,62,-117.06,64,-117.86,55,-119.11
2116,7107.33,7121.00,2.00,0,57,0.20,NLOS,104.42,-1.89,-82.31,-54.53,24.01,39.19,0,51,-107.94,56,-116.76,63,-116.86,62,-116.99,64,-117.70,55,-119.10
2117,7118.22,7121.00,2.00,0,57,0.23,NLOS,103.23,-1.89,-81.12,-53.34,25.30,39.19,0,51,-108.13,63,-116.68,56,-116.72,62,-116.92,64,-117.54,55,-119.10
2118,7129.10,7121.00,2.00,0,57,0.25,NLOS,101.97,1.20,-82.94,-55.16,22.14,39.19,0,51,-107.85,50,-108.93,62,-118.90,43,-120.76,31,-121.36,70,-122.60
2119,7139.99,7121.00,2.00,0,57,0.28,NLOS,100.62,1.20,-81.59,-53.81,23.67,39.19,0,51,-108.03,50,-109.15,62,-118.84,43,-120.85,31,-121.42,70,-122.49
2120,7150.87,7121.00,2.00,0,57,0.32,NLOS,99.18,1.20,-80.15,-52.37,25.29,39.19,0,51,-108.22,50,-109.36,62,-118.77,43,-120.95,31,-121.49,70,-122.37
2121,7161.76,7121.00,2.00,0,57,0.35,NLOS,97.64,1.27,-78.69,-50.90,24.13,39.19,0,50,-106.85,63,-107.46,51,-110.96,44,-116.82,35,-117.09,56,-117.41
2122,7172.64,7121.00,2.00,0,57,0.40,NLOS,96.00,1.27,-77.05,-49.26,25.82,39.19,0,50,-107.06,63,-107.28,51,-111.14,44,-116.95,35,-117.13,56,-117.38
2123,7183.53,7121.00,2.00,0,57,0.44,NLOS,94.26,1.27,-75.31,-47.53,27.59,39.19,0,63,-107.09,50,-107.26,51,-111.32,44,-117.08,35,-117.18,56,-117.37
2124,7194.42,7121.00,2.00,0,57,0.50,NLOS,92.44,-0.32,-71.90,-44.12,34.88,39.19,0,50,-110.69,51,-112.96,64,-115.17,56,-116.22,63,-118.72,34,-122.70
2125,7205.30,7121.00,2.00,0,57,0.55,NLOS,90.58,-0.32,-70.05,-42.27,36.82,39.19,0,50,-110.89,51,-113.14,64,-115.00,56,-116.20,63,-118.53,34,-122.73
2126,7216.19,7121.00,2.00,0,57,0.60,NLOS,88.78,-0.32,-68.25,-40.46,38.70,39.19,0,50,-111.09,51,-113.32,64,-114.83,56,-116.19,63,-118.34,34,-122.76
2127,7213.93,7121.00,2.00,2,57,0.59,NLOS,89.15,-0.32,-68.61,-40.83,38.32,39.19,0,50,-111.05,51,-113.28,64,-114.86,56,-116.20,63,-118.38,34,-122.75
2128,7203.04,7121.00,2.00,2,57,0.54,NLOS,90.97,-2.61,-68.14,-40.36,37.98,39.19,0,51,-109.30,63,-112.74,56,-115.20,50,-116.09,64,-119.79,42,-120.34
2129,7192.16,7121.00,2.00,2,57,0.48,NLOS,92.82,-2.61,-70.00,-42.22,36.07,39.19,0,51,-109.12,63,-112.92,56,-115.21,50,-115.89,64,-119.96,42,-120.29
2130,7181.27,7121.00,2.00,2,57,0.43,NLOS,94.63,-2.61,-71.80,-44.02,34.20,39.19,0,51,-108.94,63,-113.11,56,-115.23,50,-115.69,64,-120.13,42,-120.24
2131,7170.39,7121.00,2.00,2,57,0.39,NLOS,96.34,-1.55,-74.58,-46.80,32.24,39.19,0,51,-109.81,64,-113.59,38,-116.35,56,-116.99,63,-117.78,70,-119.61
2132,7159.50,7121.00,2.00,2,57,0.34,NLOS,97.96,-1.55,-76.20,-48.41,30.56,39.19,0,51,-109.63,64,-113.75,38,-116.27,56,-117.01,63,-117.96,70,-119.72
2133,7148.61,7121.00,2.00,2,57,0.31,NLOS,99.48,-1.55,-77.71,-49.93,28.98,39.19,0,51,-109.44,64,-113.92,38,-116.19,56,-117.03,63,-118.14,44,-119.71
2134,7137.73,7121.00,2.00,2,57,0.27,NLOS,100.90,-1.75,-78.93,-51.15,28.02,39.19,0,50,-108.12,38,-111.59,49,-113.41,63,-117.97,62,-119.65,56,-119.78
2135,7126.84,7121.00,2.00,2,57,0.25,NLOS,102.24,-1.75,-80.27,-52.48,26.54,39.19,0,50,-107.91,38,-111.51,49,-113.35,63,-118.15,62,-119.72,56,-119.81
2136,7115.96,7121.00,2.00,2,57,0.22,NLOS,103.49,-1.75,-81.52,-53.74,25.13,39.19,0,50,-107.70,38,-111.42,49,-113.30,63,-118.32,62,-119.79,56,-119.85
2137,7105.07,7121.00,2.00,2,57,0.20,NLOS,104.66,4.40,-88.84,-61.06,8.57,39.19,0,50,-98.32,64,-108.07,56,-110.90,51,-111.49,43,-114.02,61,-116.02
2138,7094.19,7121.00,2.00,2,57,0.18,NLOS,105.77,4.40,-89.95,-62.17,7.30,39.19,0,50,-98.11,64,-108.23,56,-110.94,51,-111.31,43,-113.92,61,-116.05
2139,7083.30,7121.00,2.00,2,57,0.16,NLOS,106.82,4.40,-91.00,-63.22,6.08,39.19,0,50,-97.89,64,-108.39,56,-110.98,51,-111.12,43,-113.82,49,-116.05
2140,7072.42,7121.00,2.00,2,57,0.15,NLOS,107.81,0.97,-88.56,-60.78,12.09,39.19,0,56,-101.27,50,-111.15,62,-111.86,51,-119.18,43,-120.16,64,-120.18
2141,7061.53,7121.00,2.00,2,57,0.14,NLOS,108.75,0.97,-89.50,-61.72,11.17,39.19,0,56,-101.31,50,-110.93,62,-111.93,51,-118.99,43,-120.06,64,-120.34
2142,7050.64,7121.00,2.00,2,57,0.12,NLOS,109.64,0.97,-90.39,-62.61,10.30,39.19,0,56,-101.36,50,-110.71,62,-112.00,51,-118.80,43,-119.96,64,-120.49
2143,7039.76,7121.00,2.00,2,57,0.11,NLOS,110.49,3.16,-93.44,-65.65,0.35,39.19,0,51,-94.15,56,-106.51,50,-113.39,44,-114.59,64,-117.52,42,-119.47
2144,7028.87,7121.00,2.00,2,57,0.11,NLOS,111.31,3.16,-94.25,-66.47,-0.64,39.19,0,51,-93.95,56,-106.56,50,-113.16,44,-114.44,64,-117.67,42,-119.41
2145,7020.50,7123.51,2.00,1,57,0.10,NLOS,111.88,3.16,-94.82,-67.04,-1.38,39.19,0,51,-93.76,56,-106.65,50,-113.03,44,-114.33,64,-117.77,42,-119.39
2146,7020.50,7134.40,2.00,1,57,0.10,NLOS,111.75,-3.83,-87.70,-59.92,17.88,39.19,0,50,-108.78,51,-110.27,37,-115.68,56,-116.05,44,-119.93,49,-121.20
2147,7020.50,7145.28,2.00,1,57,0.10,NLOS,111.67,-3.83,-87.62,-59.84,18.01,39.19,0,50,-108.95,51,-110.09,37,-115.70,56,-116.26,44,-119.93,49,-121.33
2148,7020.50,7156.17,2.00,1,57,0.10,NLOS,111.62,-3.83,-87.57,-59.79,18.09,39.19,0,50,-109.12,51,-109.92,37,-115.71,56,-116.46,44,-119.93,49,-121.45
2149,7020.50,7167.06,2.00,1,57,0.10,NLOS,111.61,-9.11,-82.27,-54.49,18.47,39.19,0,51,-104.78,50,-104.81,56,-109.26,64,-114.24,44,-117.84,70,-120.41
2150,7020.50,7177.94,2.00,1,57,0.10,NLOS,111.63,-9.11,-82.30,-54.52,18.46,39.19,0,51,-104.60,50,-104.99,56,-109.46,64,-114.17,44,-117.84,70,-120.41
2151,7020.50,7188.83,2.00,1,57,0.10,NLOS,111.69,-9.11,-82.36,-54.58,18.42,39.19,0,51,-104.43,50,-105.16,56,-109.65,64,-114.10,44,-117.84,70,-120.41
2152,7020.50,7199.71,2.00,1,57,0.10,NLOS,111.79,6.42,-97.99,-70.21,4.92,39.19,0,51,-105.05,56,-109.85,50,-112.49,63,-116.24,43,-116.92,38,-119.16
2153,7020.50,7210.60,2.00,1,57,0.10,NLOS,111.93,6.42,-98.13,-70.35,4.74,39.19,0,51,-104.88,56,-110.04,50,-112.66,63,-116.31,43,-116.99,38,-119.15
2154,7020.50,7221.48,2.00,1,57,0.10,NLOS,112.10,6.42,-98.30,-70.52,4.52,39.19,0,51,-104.71,56,-110.23,50,-112.84,63,-116.39,43,-117.05,38,-119.13
2155,7020.50,7232.37,2.00,1,57,0.10,NLOS,112.30,-7.76,-84.32,-56.54,22.24,39.19,0,51,-111.01,64,-114.01,56,-114.16,70,-114.40,49,-114.92,63,-115.67
2156,7020.50,7243.25,2.00,1,57,0.09,NLOS,112.53,-7.76,-84.55,-56.77,22.00,39.19,0,51,-110.84,64,-113.95,56,-114.34,70,-114.40,49,-115.03,63,-115.75
2157,7020.50,7254.14,2.00,1,57,0.09,NLOS,112.78,-7.76,-84.81,-57.03,21.72,39.19,0,51,-110.68,64,-113.89,70,-114.41,56,-114.53,49,-115.15,63,-115.82
2158,7020.50,7265.03,2.00,1,57,0.09,NLOS,113.07,-3.65,-89.19,-61.41,12.01,39.19,0,50,-103.52,44,-110.55,51,-110.70,56,-112.23,63,-113.23,64,-115.62
2159,7020.50,7275.91,2.00,1,57,0.09,NLOS,113.37,-3.65,-89.50,-61.71,11.81,39.19,0,50,-103.70,51,-110.54,44,-110.56,56,-112.41,63,-113.30,64,-115.57
2160,7020.50,7286.80,2.00,1,57,0.08,NLOS,113.69,-3.65,-89.82,-62.04,11.59,39.19,0,50,-103.87,51,-110.38,44,-110.58,56,-112.59,63,-113.39,64,-115.51
2161,7020.50,7297.68,2.00,1,57,0.08,NLOS,114.03,-5.66,-88.15,-60.37,18.68,39.19,0,51,-110.61,64,-111.63,50,-114.95,38,-116.67,43,-116.93,55,-118.20
2162,7020.50,7308.57,2.00,1,57,0.08,NLOS,114.38,-5.66,-88.50,-60.72,18.27,39.19,0,51,-110.46,64,-111.58,50,-115.13,38,-116.65,43,-117.00,55,-118.30
2163,7020.50,7319.45,2.00,1,57,0.08,NLOS,114.75,-5.66,-88.86,-61.08,17.86,39.19,0,51,-110.31,64,-111.53,50,-115.30,38,-116.64,43,-117.07,55,-118.40
2164,7020.50,7330.34,2.00,1,57,0.07,NLOS,115.12,7.75,-102.66,-74.87,-0.28,39.19,0,51,-105.11,50,-107.32,64,-112.10,43,-118.33,44,-119.28,62,-121.74
2165,7020.50,7341.23,2.00,1,57,0.07,NLOS,115.50,7.75,-103.04,-75.26,-0.69,39.19,0,51,-104.96,50,-107.49,64,-112.05,43,-118.40,44,-119.30,62,-121.83
2166,7020.50,7352.11,2.00,1,57,0.07,NLOS,115.89,7.75,-103.43,-75.65,-1.10,39.19,0,51,-104.83,50,-107.67,64,-112.00,43,-118.47,44,-119.32,62,-121.92
2167,7020.50,7363.00,2.00,1,57,0.07,NLOS,116.29,5.55,-101.62,-73.84,6.10,39.19,0,51,-111.70,63,-113.79,64,-114.44,50,-121.53,49,-121.79,44,-122.02
2168,7020.50,7373.88,2.00,1,57,0.06,NLOS,116.68,5.55,-102.02,-74.24,5.67,39.19,0,51,-111.57,63,-113.88,64,-114.40,50,-121.70,49,-121.90,44,-122.04
2169,7020.50,7384.77,2.00,1,57,0.06,NLOS,117.08,5.55,-102.42,-74.64,5.24,39.19,0,51,-111.44,63,-113.97,64,-114.36,50,-121.88,49,-122.01,44,-122.07
2170,7020.50,7395.65,2.00,1,57,0.06,NLOS,117.48,-10.88,-86.38,-58.60,18.23,39.19,0,51,-108.51,44,-108.94,50,-113.67,56,-116.22,62,-120.82,48,-121.47
2171,7020.50,7406.54,2.00,1,57,0.06,NLOS,117.89,-10.88,-86.78,-59.00,17.82,39.19,0,51,-108.39,44,-108.96,50,-113.84,56,-116.38,62,-120.90,48,-121.54
2172,7020.50,7417.42,2.00,1,57,0.06,NLOS,118.28,-10.88,-87.18,-59.40,17.42,39.19,0,51,-108.28,44,-108.99,50,-114.02,56,-116.54,62,-120.99,48,-121.62
2173,7020.50,7428.31,2.00,1,57,0.06,NLOS,118.68,-0.50,-97.96,-70.18,9.46,39.19,0,51,-109.14,63,-115.57,49,-116.79,50,-117.86,70,-118.69,42,-120.43
2174,7020.50,7439.20,2.00,1,57,0.05,NLOS,119.08,-0.50,-98.36,-70.57,9.03,39.19,0,51,-109.04,63,-115.66,49,-116.89,50,-118.03,70,-118.71,42,-120.49
2175,7020.50,7450.08,2.00,1,57,0.05,NLOS,119.47,-0.50,-98.75,-70.97,8.60,39.19,0,51,-108.94,63,-115.75,49,-117.00,50,-118.20,70,-118.72,42,-120.56
2176,7020.50,7460.97,2.00,1,57,0.05,NLOS,119.86,-3.57,-96.07,-68.29,6.01,39.19,0,51,-102.60,64,-113.61,50,-119.28,37,-119.69,56,-122.44,70,-122.69
2177,7020.50,7471.85,2.00,1,57,0.05,NLOS,120.25,-3.57,-96.46,-68.68,5.55,39.19,0,51,-102.51,64,-113.59,50,-119.45,37,-119.72,56,-122.59,70,-122.71
2178,7016.76,7479.00,2.00,2,57,0.05,NLOS,120.60,-3.57,-96.80,-69.02,5.06,39.19,0,51,-102.35,64,-113.64,50,-119.52,37,-119.71,56,-122.70,70,-122.75
2179,7005.88,7479.00,2.00,2,57,0.05,NLOS,120.88,3.83,-104.49,-76.71,-0.99,39.19,0,51,-105.24,44,-112.08,56,-114.25,64,-117.13,63,-119.06,50,-119.71
2180,6994.99,7479.00,2.00,2,57,0.05,NLOS,121.16,3.83,-104.78,-76.99,-1.52,39.19,0,51,-104.89,44,-111.94,56,-114.29,64,-117.31,63,-119.17,50,-119.60
2181,6984.11,7479.00,2.00,2,57,0.05,NLOS,121.45,3.83,-105.06,-77.28,-2.06,39.19,0,51,-104.53,44,-111.80,56,-114.32,64,-117.49,63,-119.29,50,-119.48
2182,6973.22,7479.00,2.00,2,57,0.04,NLOS,121.74,-1.51,-100.01,-72.23,6.89,39.19,0,51,-110.25,63,-112.25,64,-115.34,43,-119.87,44,-120.03,48,-123.37
2183,6962.33,7479.00,2.00,2,57,0.04,NLOS,122.03,-1.51,-100.30,-72.52,6.47,39.19,0,51,-109.87,63,-112.37,64,-115.51,43,-119.79,44,-119.89,48,-123.35
2184,6951.45,7479.00,2.00,2,57,0.04,NLOS,122.33,-1.51,-100.60,-72.82,6.03,39.19,0,51,-109.50,63,-112.48,64,-115.69,43,-119.71,44,-119.74,37,-123.30
2185,6940.56,7479.00,2.00,2,57,0.04,NLOS,122.62,-1.79,-100.61,-72.83,-2.76,39.19,0,51,-98.50,44,-108.84,64,-113.56,50,-114.99,37,-117.46,56,-119.12
2186,6929.68,7479.00,2.00,2,57,0.04,NLOS,122.91,-1.79,-100.90,-73.12,-3.40,39.19,0,51,-98.11,44,-108.69,64,-113.73,50,-114.88,37,-117.38,56,-119.16
2187,6918.79,7479.00,2.00,2,51,0.04,NLOS,122.41,-4.49,-97.70,-69.92,2.38,39.19,1,57,-101.20,44,-108.54,64,-113.90,50,-114.78,37,-117.29,56,-119.20
2188,6907.91,7479.00,2.00,2,51,0.04,NLOS,122.00,1.18,-102.96,-75.18,-2.84,39.19,0,57,-100.99,63,-109.17,64,-111.17,50,-111.38,56,-115.90,43,-119.88
2189,6897.02,7479.00,2.00,2,51,0.04,NLOS,121.58,1.18,-102.54,-74.76,-2.18,39.19,0,57,-101.28,63,-109.28,50,-111.27,64,-111.33,56,-115.94,44,-119.77
2190,6886.13,7479.00,2.00,2,51,0.05,NLOS,121.15,1.18,-102.11,-74.33,-1.51,39.19,0,57,-101.57,63,-109.40,50,-111.17,64,-111.50,56,-115.98,44,-119.62
2191,6875.25,7479.00,2.00,2,51,0.05,NLOS,120.71,-2.67,-97.82,-70.04,4.55,39.19,0,50,-105.63,57,-106.32,64,-115.74,44,-116.63,38,-118.94,56,-119.22
2192,6864.36,7479.00,2.00,2,51,0.05,NLOS,120.26,-2.67,-97.37,-69.59,5.06,39.19,0,50,-105.53,57,-106.60,64,-115.90,44,-116.48,38,-118.84,56,-119.27
2193,6853.48,7479.00,2.00,2,51,0.05,NLOS,119.79,-2.67,-96.91,-69.12,5.58,39.19,0,50,-105.43,57,-106.89,64,-116.06,44,-116.33,38,-118.74,56,-119.31
2194,6842.59,7479.00,2.00,2,51,0.05,NLOS,119.32,-7.05,-92.05,-64.27,7.98,39.19,0,50,-101.02,57,-109.22,64,-112.40,56,-115.93,43,-118.86,44,-121.21
2195,6831.71,7479.00,2.00,2,51,0.05,NLOS,118.84,-7.05,-91.56,-63.78,8.43,39.19,0,50,-100.93,57,-109.50,64,-112.55,56,-115.98,43,-118.79,44,-121.05
2196,6820.82,7479.00,2.00,2,51,0.06,NLOS,118.34,-7.05,-91.07,-63.29,8.89,39.19,0,50,-100.84,57,-109.78,64,-112.71,56,-116.03,43,-118.71,44,-120.89
2197,6809.94,7479.00,2.00,2,57,0.03,NLOS,126.08,0.47,-106.33,-78.55,1.98,39.19,1,51,-110.78,50,-115.21,64,-119.05,63,-120.58,44,-121.91,43,-124.01
2198,6799.05,7479.00,2.00,2,57,0.03,NLOS,126.35,0.47,-106.61,-78.82,1.39,39.19,0,51,-110.25,50,-115.12,64,-119.20,63,-120.69,44,-121.75,43,-123.94
2199,6788.16,7479.00,2.00,2,57,0.03,NLOS,126.63,0.47,-106.88,-79.10,0.79,39.19,0,51,-109.72,50,-115.03,64,-119.36,63,-120.80,44,-121.59,43,-123.86
2200,6777.28,7479.00,2.00,2,51,0.07,NLOS,116.22,-2.00,-94.00,-66.22,14.07,39.19,1,44,-113.15,57,-115.03,50,-115.18,70,-116.21,38,-117.00,64,-118.17
2201,6766.39,7479.00,2.00,2,51,0.07,NLOS,115.65,-2.00,-93.43,-65.65,14.62,39.19,0,44,-112.98,50,-115.10,57,-115.30,70,-116.30,38,-116.89,64,-118.32
2202,6755.51,7479.00,2.00,2,51,0.07,NLOS,115.07,-2.00,-92.85,-65.07,15.17,39.19,0,44,-112.82,50,-115.03,57,-115.57,70,-116.39,38,-116.79,64,-118.47
2203,6744.62,7479.00,2.00,2,51,0.08,NLOS,114.47,4.53,-98.78,-71.00,8.66,39.19,0,57,-112.02,64,-113.29,44,-113.50,56,-118.14,38,-120.15,70,-120.34
2204,6733.74,7479.00,2.00,2,51,0.08,NLOS,113.85,4.53,-98.16,-70.38,9.35,39.19,0,57,-112.28,44,-113.33,64,-113.44,56,-118.19,38,-120.04,70,-120.43
2205,6722.85,7479.00,2.00,2,51,0.09,NLOS,113.22,4.53,-97.53,-69.75,10.04,39.19,0,57,-112.54,44,-113.16,64,-113.58,56,-118.25,38,-119.94,70,-120.52
2206,6711.96,7479.00,2.00,2,51,0.09,NLOS,112.57,-0.66,-91.70,-63.91,6.59,39.19,0,50,-98.41,37,-114.01,57,-117.07,56,-117.33,63,-118.69,70,-120.25
2207,6701.08,7479.00,2.00,2,51,0.10,NLOS,111.91,-0.66,-91.03,-63.25,7.20,39.19,0,50,-98.34,37,-113.92,57,-117.32,56,-117.39,63,-118.80,70,-120.34
2208,6690.19,7479.00,2.00,2,51,0.11,NLOS,111.23,-0.66,-90.35,-62.57,7.82,39.19,0,50,-98.28,37,-113.83,56,-117.45,57,-117.57,63,-118.91,70,-120.43
2209,6679.31,7479.00,2.00,2,51,0.11,NLOS,110.53,3.72,-94.03,-66.24,11.63,39.19,0,57,-107.80,50,-113.18,44,-115.19,63,-116.56,70,-116.73,64,-117.11
2210,6668.42,7479.00,2.00,2,51,0.12,NLOS,109.81,3.72,-93.31,-65.53,12.47,39.19,0,57,-108.05,50,-113.13,44,-115.01,63,-116.67,70,-116.82,64,-117.25
2211,6657.54,7479.00,2.00,2,51,0.13,NLOS,109.08,3.72,-92.58,-64.80,13.32,39.19,0,57,-108.29,50,-113.08,44,-114.83,63,-116.77,70,-116.90,64,-117.39
2212,6646.65,7479.00,2.00,2,51,0.14,NLOS,108.34,-3.51,-84.61,-56.83,25.60,39.19,0,63,-112.18,50,-115.11,36,-115.45,57,-116.27,43,-116.50,44,-119.37
2213,6635.77,7479.00,2.00,2,51,0.15,NLOS,107.59,-3.51,-83.86,-56.08,26.36,39.19,0,63,-112.28,50,-115.06,36,-115.39,43,-116.42,57,-116.51,44,-119.19
2214,6624.88,7479.00,2.00,2,51,0.16,NLOS,106.83,-3.51,-83.10,-55.32,27.12,39.19,0,63,-112.39,50,-115.02,36,-115.34,43,-116.35,57,-116.74,44,-119.00
2215,6627.01,7479.00,2.00,0,51,0.16,NLOS,106.98,-3.51,-83.25,-55.47,26.97,39.19,0,63,-112.37,50,-115.03,36,-115.35,43,-116.36,57,-116.70,44,-119.04
2216,6637.89,7479.00,2.00,0,51,0.15,NLOS,107.74,9.74,-97.25,-69.47,8.56,39.19,0,57,-107.84,50,-113.84,56,-116.05,43,-116.49,44,-117.10,37,-117.48
2217,6648.78,7479.00,2.00,0,51,0.14,NLOS,108.49,9.74,-98.01,-70.22,7.68,39.19,0,57,-107.60,50,-113.89,56,-115.98,43,-116.56,44,-117.28,37,-117.57
2218,6659.66,7479.00,2.00,0,51,0.13,NLOS,109.23,9.74,-98.75,-70.96,6.81,39.19,0,57,-107.35,50,-113.94,56,-115.92,43,-116.64,44,-117.46,37,-117.66
2219,6670.55,7479.00,2.00,0,51,0.12,NLOS,109.95,-5.59,-84.15,-56.37,14.75,39.19,0,57,-100.84,50,-105.57,44,-107.59,37,-119.25,42,-121.40,62,-124.04
2220,6681.43,7479.00,2.00,0,51,0.11,NLOS,110.67,-5.59,-84.86,-57.08,13.92,39.19,0,57,-100.59,50,-105.62,44,-107.77,37,-119.34,42,-121.43,62,-123.98
2221,6692.32,7479.00,2.00,0,51,0.10,NLOS,111.36,-5.59,-85.56,-57.78,13.09,39.19,0,57,-100.34,50,-105.68,44,-107.94,37,-119.44,42,-121.47,62,-123.93
2222,6703.20,7479.00,2.00,0,51,0.10,NLOS,112.04,-1.27,-90.55,-62.77,12.00,39.19,0,64,-104.78,50,-108.93,57,-111.43,44,-117.96,42,-119.16,56,-119.84
2223,6714.09,7479.00,2.00,0,51,0.09,NLOS,112.70,-1.27,-91.21,-63.43,11.24,39.19,0,64,-104.64,50,-108.99,57,-111.17,44,-118.14,42,-119.19,56,-119.79
2224,6724.98,7479.00,2.00,0,51,0.09,NLOS,113.35,-1.27,-91.86,-64.07,10.49,39.19,0,64,-104.50,50,-109.06,57,-110.92,44,-118.31,42,-119.23,56,-119.73
2225,6735.86,7479.00,2.00,0,51,0.08,NLOS,113.97,10.58,-104.33,-76.55,-0.14,39.19,0,50,-107.31,57,-108.31,49,-115.03,44,-116.28,55,-116.39,64,-118.45
2226,6746.75,7479.00,2.00,0,51,0.08,NLOS,114.59,10.58,-104.94,-77.16,-0.82,39.19,0,50,-107.39,57,-108.05,49,-115.04,55,-116.36,44,-116.45,64,-118.31
2227,6757.63,7479.00,2.00,0,51,0.07,NLOS,115.18,10.58,-105.54,-77.76,-1.48,39.19,0,50,-107.46,57,-107.78,49,-115.06,55,-116.34,44,-116.61,64,-118.16
2228,6768.52,7479.00,2.00,0,51,0.07,NLOS,115.76,-5.27,-90.27,-62.49,11.87,39.19,0,50,-104.62,57,-108.22,44,-109.90,63,-119.30,62,-122.87,64,-124.60
2229,6779.40,7479.00,2.00,0,51,0.07,NLOS,116.32,-5.27,-90.84,-63.06,11.31,39.19,0,50,-104.70,57,-107.95,44,-110.06,63,-119.19,62,-122.81,64,-124.45
2230,6790.29,7479.00,2.00,0,51,0.06,NLOS,116.87,-5.27,-91.39,-63.61,10.76,39.19,0,50,-104.78,57,-107.68,44,-110.23,63,-119.08,62,-122.76,64,-124.30
2231,6801.18,7479.00,2.00,0,51,0.06,NLOS,117.41,-7.05,-90.14,-62.36,10.36,39.19,0,57,-101.53,50,-108.95,43,-115.43,63,-116.15,44,-117.24,55,-117.70
2232,6812.06,7479.00,2.00,0,51,0.06,NLOS,117.93,-7.05,-90.67,-62.88,9.64,39.19,0,57,-101.25,50,-109.04,43,-115.50,63,-116.04,44,-117.40,55,-117.68
2233,6820.50,7476.55,2.00,3,51,0.06,NLOS,118.37,-7.05,-91.10,-63.32,8.99,39.19,0,57,-100.99,50,-109.06,43,-115.54,63,-115.94,44,-117.51,55,-117.65
2234,6820.50,7465.67,2.00,3,51,0.06,NLOS,118.56,-6.78,-91.56,-63.78,6.06,39.19,0,57,-98.07,64,-111.89,44,-114.32,43,-115.58,49,-116.49,50,-116.57
2235,6820.50,7454.78,2.00,3,51,0.05,NLOS,118.77,-6.78,-91.77,-63.99,5.67,39.19,0,57,-97.87,64,-111.91,44,-114.28,43,-115.49,50,-116.36,49,-116.38
2236,6820.50,7443.90,2.00,3,51,0.05,NLOS,118.99,-6.78,-91.99,-64.21,5.27,39.19,0,57,-97.67,64,-111.93,44,-114.24,43,-115.40,50,-116.14,49,-116.26
2237,6820.50,7433.01,2.00,3,51,0.05,NLOS,119.22,2.46,-101.47,-73.68,6.47,39.19,0,44,-112.38,50,-114.89,57,-115.04,64,-116.12,56,-117.39,35,-121.26
2238,6820.50,7422.13,2.00,3,51,0.05,NLOS,119.46,2.46,-101.70,-73.92,6.14,39.19,0,44,-112.34,50,-114.67,57,-114.85,64,-116.14,56,-117.25,35,-121.21
2239,6820.50,7411.24,2.00,3,51,0.05,NLOS,119.70,2.46,-101.95,-74.17,5.80,39.19,0,44,-112.30,50,-114.45,57,-114.66,64,-116.17,56,-117.10,35,-121.16
2240,6820.50,7400.35,2.00,3,51,0.05,NLOS,119.96,-1.68,-98.06,-70.28,-0.16,39.19,0,57,-98.98,50,-104.67,63,-109.29,56,-114.19,64,-123.54,43,-124.92
2241,6820.50,7389.47,2.00,3,51,0.05,NLOS,120.22,-1.68,-98.32,-70.54,-0.61,39.19,0,57,-98.80,50,-104.44,63,-109.22,56,-114.04,64,-123.56,43,-124.83
2242,6820.50,7378.58,2.00,3,51,0.05,NLOS,120.48,-1.68,-98.59,-70.81,-1.06,39.19,0,57,-98.62,50,-104.21,63,-109.15,56,-113.89,64,-123.59,43,-124.75
2243,6820.50,7367.70,2.00,3,51,0.05,NLOS,120.75,-12.42,-88.11,-60.33,17.35,39.19,0,57,-107.89,50,-113.07,43,-114.73,44,-115.73,63,-116.74,49,-117.80
2244,6820.50,7356.81,2.00,3,51,0.05,NLOS,121.03,-12.42,-88.39,-60.60,16.93,39.19,0,57,-107.72,50,-112.84,43,-114.64,44,-115.70,63,-116.68,49,-117.68
2245,6820.50,7345.93,2.00,3,51,0.05,NLOS,121.30,-12.42,-88.66,-60.88,16.51,39.19,0,57,-107.57,50,-112.61,43,-114.55,44,-115.67,63,-116.61,49,-117.56
2246,6820.50,7335.04,2.00,3,51,0.04,NLOS,121.58,2.96,-104.33,-76.55,-4.31,39.19,0,57,-101.98,50,-106.01,44,-110.54,37,-117.69,43,-118.14,42,-121.03
2247,6820.50,7324.16,2.00,3,51,0.04,NLOS,121.87,2.96,-104.61,-76.83,-4.75,39.19,0,57,-101.83,50,-105.77,44,-110.51,37,-117.66,43,-118.06,42,-120.96
2248,6820.50,7313.27,2.00,3,57,0.04,NLOS,123.13,-1.22,-101.70,-73.91,-0.21,39.19,1,51,-104.89,50,-105.53,44,-110.49,37,-117.63,43,-117.97,42,-120.89
2249,6820.50,7302.38,2.00,3,57,0.04,NLOS,123.00,-9.30,-93.48,-65.70,3.26,39.19,0,51,-99.48,50,-100.85,56,-109.32,44,-115.94,64,-116.80,49,-120.01
2250,6820.50,7291.50,2.00,3,57,0.04,NLOS,122.88,-9.30,-93.36,-65.58,3.42,39.19,0,51,-99.77,50,-100.60,56,-109.16,44,-115.92,64,-116.84,49,-119.88
2251,6820.50,7280.61,2.00,3,57,0.04,NLOS,122.77,-9.30,-93.25,-65.47,3.55,39.19,0,51,-100.06,50,-100.35,56,-109.01,44,-115.90,64,-116.88,49,-119.76
2252,6820.50,7269.73,2.00,3,51,0.04,NLOS,123.30,-5.53,-97.56,-69.77,4.07,39.19,1,57,-104.34,50,-106.02,64,-113.75,36,-116.99,56,-117.42,44,-119.62
2253,6820.50,7258.84,2.00,3,51,0.04,NLOS,123.59,-5.53,-97.84,-70.06,3.64,39.19,0,57,-104.24,50,-105.77,64,-113.79,36,-116.94,56,-117.26,44,-119.60
2254,6820.50,7247.96,2.00,3,51,0.04,NLOS,123.87,-5.53,-98.13,-70.35,3.21,39.19,0,57,-104.16,50,-105.51,64,-113.83,36,-116.89,56,-117.10,44,-119.59
2255,6820.50,7237.07,2.00,3,51,0.04,NLOS,124.16,-0.70,-103.24,-75.46,-1.95,39.19,0,57,-102.48,50,-109.16,56,-109.70,37,-112.00,63,-113.04,68,-115.06
2256,6820.50,7226.18,2.00,3,51,0.04,NLOS,124.44,-0.70,-103.53,-75.74,-2.32,39.19,0,57,-102.42,50,-108.89,56,-109.53,37,-111.97,63,-112.98,68,-115.01
2257,6820.50,7215.30,2.00,3,51,0.04,NLOS,124.73,-0.70,-103.81,-76.03,-2.69,39.19,0,57,-102.36,50,-108.63,56,-109.37,37,-111.95,63,-112.93,68,-114.97
2258,6820.50,7204.41,2.00,3,57,0.04,NLOS,122.25,2.14,-104.17,-76.39,0.57,39.19,1,50,-107.95,56,-110.90,51,-112.26,64,-116.27,43,-116.65,62,-121.94
2259,6820.50,7193.53,2.00,3,57,0.04,NLOS,122.22,2.14,-104.14,-76.35,0.48,39.19,0,50,-107.68,56,-110.73,51,-112.54,64,-116.31,43,-116.56,62,-121.86
2260,6820.50,7182.64,2.00,3,57,0.04,NLOS,122.20,2.14,-104.11,-76.33,0.37,39.19,0,50,-107.41,56,-110.56,51,-112.82,64,-116.36,43,-116.48,62,-121.78
2261,6820.50,7171.76,2.00,3,57,0.04,NLOS,122.18,-4.55,-97.41,-69.63,-2.54,39.19,0,51,-95.41,50,-104.73,43,-116.39,55,-118.28,44,-118.42,62,-120.12
2262,6820.50,7160.87,2.00,3,57,0.04,NLOS,122.18,-4.55,-97.41,-69.63,-2.33,39.19,0,51,-95.69,50,-104.45,43,-116.30,55,-118.18,44,-118.42,62,-120.04
2263,6820.50,7149.99,2.00,3,57,0.04,NLOS,122.19,-4.55,-97.42,-69.64,-2.14,39.19,0,51,-95.96,50,-104.18,43,-116.22,55,-118.08,44,-118.42,62,-119.96
2264,6820.50,7139.10,2.00,3,57,0.04,NLOS,122.21,-2.28,-99.71,-71.93,2.95,39.19,0,51,-104.56,56,-110.69,50,-113.10,44,-113.35,37,-121.30,70,-122.91
2265,6820.50,7128.21,2.00,3,57,0.04,NLOS,122.24,-2.28,-99.74,-71.96,3.04,39.19,0,51,-104.83,56,-110.51,50,-112.82,44,-113.36,37,-121.28,70,-122.91
2266,6820.50,7117.33,2.00,3,57,0.04,NLOS,122.28,-2.28,-99.79,-72.01,3.10,39.19,0,51,-105.10,56,-110.33,50,-112.54,44,-113.36,37,-121.26,70,-122.91
2267,6820.50,7106.44,2.00,3,57,0.04,NLOS,122.34,0.23,-102.35,-74.57,-1.41,39.19,0,50,-104.73,51,-105.21,56,-108.11,48,-118.39,43,-121.97,62,-123.62
2268,6820.50,7095.56,2.00,3,57,0.04,NLOS,122.40,0.23,-102.41,-74.63,-1.54,39.19,0,50,-104.44,51,-105.47,56,-107.93,48,-118.31,43,-121.88,62,-123.54
2269,6820.50,7084.67,2.00,3,57,0.04,NLOS,122.47,0.23,-102.49,-74.70,-1.69,39.19,0,50,-104.16,51,-105.73,56,-107.75,48,-118.22,43,-121.80,62,-123.46
2270,6820.50,7073.79,2.00,3,50,0.04,NLOS,123.65,-10.69,-92.75,-64.96,3.49,39.19,1,51,-97.02,57,-106.29,43,-108.99,56,-117.66,63,-118.96,55,-119.23
2271,6820.50,7062.90,2.00,3,50,0.04,NLOS,123.37,-10.69,-92.46,-64.68,3.99,39.19,0,51,-97.28,57,-106.39,43,-108.90,56,-117.48,63,-118.92,55,-119.13
2272,6820.50,7052.01,2.00,3,50,0.04,NLOS,123.08,-10.69,-92.17,-64.39,4.49,39.19,0,51,-97.53,57,-106.49,43,-108.82,56,-117.29,63,-118.88,55,-119.02
2273,6820.50,7041.13,2.00,3,57,0.04,NLOS,122.86,-7.01,-95.63,-67.85,6.55,39.19,1,50,-103.71,51,-109.85,56,-114.53,44,-115.24,55,-115.97,54,-116.01
2274,6820.50,7030.24,2.00,3,57,0.04,NLOS,122.98,-7.01,-95.75,-67.97,6.25,39.19,0,50,-103.43,51,-110.10,56,-114.35,44,-115.26,55,-115.86,54,-115.94
2275,6820.50,7019.36,2.00,3,57,0.04,NLOS,123.10,-7.01,-95.88,-68.09,5.95,39.19,0,50,-103.14,51,-110.35,56,-114.16,44,-115.28,55,-115.75,54,-115.87
2276,6820.50,7008.47,2.00,3,51,0.03,NLOS,129.74,-11.10,-98.42,-70.64,0.61,39.19,1,57,-101.92,50,-102.76,56,-111.58,44,-112.20,43,-119.43,49,-120.26
2277,6820.50,6997.59,2.00,3,51,0.03,NLOS,129.98,-11.10,-98.66,-70.88,0.32,39.19,0,57,-102.07,50,-102.47,56,-111.39,44,-112.23,43,-119.35,49,-120.11
2278,6820.50,6986.70,2.00,3,51,0.03,NLOS,130.22,-11.10,-98.90,-71.12,0.02,39.19,0,50,-102.19,57,-102.21,56,-111.20,44,-112.25,43,-119.27,49,-119.96
2279,6820.50,6975.82,2.00,3,50,0.05,NLOS,121.09,-9.89,-90.98,-63.20,17.57,39.19,1,64,-107.76,57,-112.56,63,-114.85,44,-115.00,56,-116.08,42,-119.95
2280,6820.50,6964.93,2.00,3,50,0.05,NLOS,120.81,-9.89,-90.71,-62.92,17.88,39.19,0,64,-107.83,57,-112.72,63,-114.82,44,-115.03,56,-115.89,42,-119.87
2281,6820.50,6954.04,2.00,3,50,0.05,NLOS,120.54,-9.89,-90.44,-62.65,18.18,39.19,0,64,-107.89,57,-112.89,63,-114.79,44,-115.06,56,-115.69,42,-119.79
2282,6820.50,6943.16,2.00,3,50,0.05,NLOS,120.28,5.04,-105.10,-77.32,-4.03,39.19,0,57,-104.86,51,-106.45,56,-107.29,54,-116.57,64,-116.91,44,-117.02
2283,6820.50,6932.27,2.00,3,50,0.05,NLOS,120.02,5.04,-104.84,-77.06,-3.69,39.19,0,57,-105.04,51,-106.68,56,-107.10,54,-116.49,64,-116.98,44,-117.05
2284,6820.50,6921.39,2.00,3,50,0.05,NLOS,119.76,5.04,-104.58,-76.80,-3.35,39.19,0,57,-105.22,56,-106.89,51,-106.90,54,-116.42,64,-117.05,44,-117.09
2285,6831.00,6921.00,2.00,0,50,0.05,NLOS,120.16,-5.88,-94.06,-66.28,3.21,39.19,0,57,-99.60,56,-101.54,51,-113.55,70,-114.43,63,-117.41,64,-118.94
2286,6841.88,6921.00,2.00,0,50,0.05,NLOS,120.58,-5.88,-94.48,-66.69,2.56,39.19,0,57,-99.27,56,-101.40,51,-113.66,70,-114.34,63,-117.25,64,-118.82
2287,6852.77,6921.00,2.00,0,50,0.05,NLOS,120.98,-5.88,-94.89,-67.10,1.90,39.19,0,57,-98.93,56,-101.26,51,-113.77,70,-114.24,63,-117.10,64,-118.70
2288,6863.65,6921.00,2.00,0,50,0.05,NLOS,121.39,6.74,-107.91,-80.13,-6.47,39.19,0,56,-105.67,51,-108.26,43,-108.31,49,-109.39,61,-113.96,37,-116.29
2289,6874.54,6921.00,2.00,0,50,0.04,NLOS,121.78,6.74,-108.31,-80.52,-6.85,39.19,0,56,-105.54,51,-108.37,43,-108.44,49,-109.45,61,-113.91,37,-116.38
2290,6885.43,6921.00,2.00,0,56,0.02,NLOS,130.96,-5.33,-105.41,-77.63,0.01,39.19,1,51,-108.49,43,-108.56,50,-108.69,49,-109.50,61,-113.87,37,-116.48
2291,6896.31,6921.00,2.00,0,57,0.04,NLOS,122.19,0.98,-102.95,-75.17,2.69,39.19,1,50,-106.78,70,-108.90,62,-113.01,49,-114.02,51,-114.72,56,-118.14
2292,6907.20,6921.00,2.00,0,57,0.04,NLOS,121.84,0.98,-102.60,-74.82,3.34,39.19,0,50,-107.16,70,-108.81,62,-112.92,49,-114.08,51,-114.84,56,-118.01
2293,6918.08,6921.00,2.00,0,57,0.05,NLOS,121.48,0.98,-102.24,-74.46,3.98,39.19,0,50,-107.53,70,-108.71,62,-112.83,49,-114.14,51,-114.96,56,-117.89
2294,6928.97,6921.00,2.00,0,57,0.05,NLOS,121.11,0.64,-101.54,-73.75,2.84,39.19,0,56,-106.88,50,-109.34,51,-116.07,62,-117.73,49,-119.97,55,-120.65
2295,6939.85,6921.00,2.00,0,57,0.05,NLOS,120.75,0.64,-101.17,-73.39,3.26,39.19,0,56,-106.76,50,-109.70,51,-116.19,62,-117.64,49,-120.03,55,-120.62
2296,6950.74,6921.00,2.00,0,57,0.05,NLOS,120.38,0.64,-100.80,-73.02,3.66,39.19,0,56,-106.64,50,-110.05,51,-116.32,62,-117.55,49,-120.10,55,-120.60
2297,6961.63,6921.00,2.00,0,57,0.05,NLOS,120.01,-8.24,-91.55,-63.77,5.09,39.19,0,56,-99.85,50,-100.80,49,-102.70,51,-107.42,63,-110.21,64,-117.67
2298,6972.51,6921.00,2.00,0,57,0.05,NLOS,119.64,-8.24,-91.18,-63.40,5.54,39.19,0,56,-99.74,50,-101.14,49,-102.76,51,-107.55,63,-110.04,64,-117.54
2299,6983.40,6921.00,2.00,0,57,0.05,NLOS,119.26,-8.24,-90.81,-63.02,5.97,39.19,0,56,-99.63,50,-101.48,49,-102.83,51,-107.68,63,-109.86,64,-117.41
2300,6994.28,6921.00,2.00,0,57,0.05,NLOS,118.89,2.20,-100.87,-73.09,-0.97,39.19,0,50,-100.96,56,-109.29,64,-113.64,55,-116.57,51,-116.71,63,-116.72
2301,7005.17,6921.00,2.00,0,57,0.06,NLOS,118.51,2.20,-100.50,-72.71,-0.36,39.19,0,50,-101.29,56,-109.18,64,-113.51,63,-116.54,55,-116.55,51,-116.84
2302,7016.05,6921.00,2.00,0,57,0.06,NLOS,118.13,2.20,-100.12,-72.34,0.24,39.19,0,50,-101.60,56,-109.09,64,-113.38,63,-116.36,55,-116.53,51,-116.97
2303,7026.94,6921.00,2.00,0,57,0.06,NLOS,117.76,-12.90,-84.64,-56.86,22.29,39.19,0,50,-110.87,63,-110.90,51,-118.83,56,-118.97,36,-119.12,64,-120.93
2304,7037.82,6921.00,2.00,0,57,0.06,NLOS,117.38,-12.90,-84.27,-56.49,22.70,39.19,0,63,-110.71,50,-111.18,56,-118.88,51,-118.97,36,-119.19,64,-120.80
2305,7048.71,6921.00,2.00,0,57,0.06,NLOS,117.01,-12.90,-83.90,-56.12,23.10,39.19,0,63,-110.53,50,-111.48,56,-118.79,51,-119.10,36,-119.27,64,-120.67
2306,7059.60,6921.00,2.00,0,57,0.07,NLOS,116.65,4.72,-101.15,-73.37,4.00,39.19,0,51,-107.24,50,-112.81,56,-116.56,63,-116.71,43,-117.28,64,-118.67
2307,7070.48,6921.00,2.00,0,57,0.07,NLOS,116.28,4.72,-100.79,-73.01,4.47,39.19,0,51,-107.38,50,-113.11,56,-116.48,63,-116.52,43,-117.40,64,-118.54
2308,7081.37,6921.00,2.00,0,57,0.07,NLOS,115.93,4.72,-100.43,-72.65,4.93,39.19,0,51,-107.51,50,-113.40,63,-116.33,56,-116.40,43,-117.51,64,-118.41
2309,7092.25,6921.00,2.00,0,57,0.07,NLOS,115.58,4.81,-100.17,-72.39,-2.10,39.19,0,50,-98.62,56,-110.22,64,-114.30,48,-114.98,51,-116.27,63,-116.56
2310,7103.14,6921.00,2.00,0,57,0.07,NLOS,115.24,4.81,-99.83,-72.05,-1.52,39.19,0,50,-98.90,56,-110.15,64,-114.17,48,-115.01,63,-116.37,51,-116.41
2311,7114.02,6921.00,2.00,0,57,0.08,NLOS,114.92,4.81,-99.51,-71.73,-0.96,39.19,0,50,-99.18,56,-110.08,64,-114.04,48,-115.04,63,-116.17,51,-116.55
2312,7124.91,6921.00,2.00,0,57,0.08,NLOS,114.60,0.11,-94.49,-66.71,9.54,39.19,0,63,-106.51,55,-111.40,56,-112.23,51,-113.07,50,-115.43,64,-116.38
2313,7135.80,6921.00,2.00,0,57,0.08,NLOS,114.31,0.11,-94.20,-66.41,9.74,39.19,0,63,-106.30,55,-111.39,56,-112.17,51,-113.20,50,-115.70,64,-116.24
2314,7146.68,6921.00,2.00,0,57,0.08,NLOS,114.03,0.11,-93.92,-66.13,9.92,39.19,0,63,-106.10,55,-111.38,56,-112.12,51,-113.34,50,-115.96,64,-116.11
2315,7157.57,6921.00,2.00,0,57,0.08,NLOS,113.77,-1.75,-91.80,-64.02,10.51,39.19,0,50,-104.14,56,-109.76,44,-113.42,64,-114.89,62,-117.65,55,-118.09
2316,7168.45,6921.00,2.00,0,57,0.09,NLOS,113.53,-1.75,-91.56,-63.78,10.91,39.19,0,50,-104.40,56,-109.72,44,-113.55,64,-114.76,62,-117.56,55,-118.08
2317,7179.34,6921.00,2.00,0,57,0.09,NLOS,113.32,-1.75,-91.35,-63.57,11.28,39.19,0,50,-104.65,56,-109.68,44,-113.68,64,-114.63,62,-117.48,55,-118.07
2318,7190.22,6921.00,2.00,0,57,0.09,NLOS,113.13,7.22,-100.13,-72.35,1.40,39.19,0,50,-104.13,51,-107.29,56,-111.42,49,-114.19,63,-114.51,64,-117.94
2319,7201.11,6921.00,2.00,0,57,0.09,NLOS,112.97,7.22,-99.97,-72.19,1.71,39.19,0,50,-104.37,51,-107.42,56,-111.39,49,-114.27,63,-114.29,64,-117.81
2320,7211.99,6921.00,2.00,0,57,0.09,NLOS,112.84,7.22,-99.84,-72.06,1.99,39.19,0,50,-104.62,51,-107.56,56,-111.37,63,-114.07,49,-114.35,64,-117.68
2321,7220.50,6918.62,2.00,3,57,0.09,NLOS,112.92,7.78,-100.48,-72.70,3.82,39.19,0,56,-107.38,50,-110.38,51,-112.16,63,-115.53,55,-116.09,49,-120.64
2322,7220.50,6907.73,2.00,3,57,0.08,NLOS,113.64,7.78,-101.20,-73.42,2.95,39.19,0,56,-107.08,50,-110.32,51,-112.29,63,-115.48,55,-115.96,49,-120.52
2323,7220.50,6896.85,2.00,3,57,0.08,NLOS,114.33,7.78,-101.89,-74.11,2.11,39.19,0,56,-106.78,50,-110.26,51,-112.42,63,-115.43,55,-115.84,49,-120.40
2324,7220.50,6885.96,2.00,3,57,0.08,NLOS,114.99,7.39,-102.17,-74.39,4.66,39.19,0,56,-108.22,50,-116.04,62,-117.25,44,-117.70,63,-121.08,38,-124.20
2325,7220.50,6875.08,2.00,3,57,0.07,NLOS,115.63,7.39,-102.81,-75.02,3.78,39.19,0,56,-107.90,50,-115.99,62,-117.14,44,-117.73,63,-121.03,38,-124.23
2326,7220.50,6864.19,2.00,3,57,0.07,NLOS,116.25,7.39,-103.42,-75.64,2.92,39.19,0,56,-107.58,50,-115.95,62,-117.02,44,-117.75,63,-120.99,38,-124.25
2327,7220.50,6853.31,2.00,3,57,0.06,NLOS,116.84,-4.27,-92.35,-64.57,13.70,39.19,0,50,-109.27,56,-110.67,62,-111.57,63,-117.49,69,-118.77,64,-119.52
2328,7220.50,6842.42,2.00,3,57,0.06,NLOS,117.41,-4.27,-92.92,-65.14,12.99,39.19,0,50,-109.23,56,-110.33,62,-111.46,63,-117.45,69,-118.73,64,-119.64
2329,7220.50,6831.54,2.00,3,57,0.06,NLOS,117.97,-4.27,-93.48,-65.70,12.30,39.19,0,50,-109.19,56,-109.99,62,-111.34,63,-117.42,69,-118.69,64,-119.76
2330,7220.50,6820.65,2.00,3,57,0.06,NLOS,118.51,4.60,-102.89,-75.11,-1.84,39.19,0,56,-103.64,49,-104.41,55,-106.52,50,-107.35,63,-112.52,64,-113.82
2331,7220.50,6809.76,2.00,3,57,0.05,NLOS,119.03,4.60,-103.41,-75.63,-2.56,39.19,0,56,-103.28,49,-104.29,55,-106.39,50,-107.32,63,-112.50,64,-113.94
2332,7220.50,6798.88,2.00,3,57,0.05,NLOS,119.54,4.60,-103.92,-76.13,-3.27,39.19,0,56,-102.92,49,-104.16,55,-106.25,50,-107.29,63,-112.48,64,-114.06
2333,7220.50,6787.99,2.00,3,57,0.05,NLOS,120.03,-0.54,-99.27,-71.49,0.95,39.19,0,56,-102.04,63,-109.27,50,-111.27,51,-112.22,64,-112.41,49,-114.35
2334,7220.50,6777.11,2.00,3,57,0.05,NLOS,120.51,-0.54,-99.75,-71.97,0.23,39.19,0,56,-101.66,63,-109.26,50,-111.25,51,-112.34,64,-112.53,49,-114.23
2335,7220.50,6766.22,2.00,3,57,0.05,NLOS,120.97,-0.54,-100.21,-72.43,-0.49,39.19,0,56,-101.27,63,-109.25,50,-111.24,51,-112.47,64,-112.64,49,-114.10
2336,7220.50,6755.34,2.00,3,57,0.05,NLOS,121.43,-6.58,-94.63,-66.85,3.71,39.19,0,56,-99.66,63,-106.46,62,-107.96,50,-109.83,64,-113.47,43,-120.53
2337,7220.50,6744.45,2.00,3,57,0.04,NLOS,121.87,-6.58,-95.07,-67.29,2.96,39.19,0,56,-99.26,63,-106.45,62,-107.84,50,-109.83,64,-113.59,43,-120.50
2338,7220.50,6733.56,2.00,3,57,0.04,NLOS,122.30,-6.58,-95.50,-67.72,2.22,39.19,0,56,-98.84,63,-106.45,62,-107.72,50,-109.83,64,-113.71,43,-120.46
2339,7220.50,6722.68,2.00,3,57,0.04,NLOS,122.72,-8.64,-93.86,-66.08,9.50,39.19,0,63,-105.89,56,-108.55,62,-111.30,50,-113.82,37,-114.50,68,-117.45
2340,7220.50,6711.79,2.00,3,57,0.04,NLOS,123.13,-8.64,-94.27,-66.49,8.96,39.19,0,63,-105.90,56,-108.11,62,-111.18,50,-113.83,37,-114.50,68,-117.39
2341,7220.50,6700.91,2.00,3,57,0.04,NLOS,123.53,-8.64,-94.67,-66.89,8.41,39.19,0,63,-105.91,56,-107.66,62,-111.06,50,-113.84,37,-114.51,68,-117.33
2342,7220.50,6690.02,2.00,3,56,0.05,NLOS,120.64,-13.15,-87.27,-59.48,12.91,39.19,1,57,-102.47,63,-105.36,50,-111.12,69,-113.26,51,-115.81,49,-118.06
2343,7220.50,6679.14,2.00,3,56,0.05,NLOS,120.16,-13.15,-86.79,-59.01,13.60,39.19,0,57,-102.86,63,-105.38,50,-111.14,69,-113.23,51,-115.93,49,-117.93
2344,7220.50,6668.25,2.00,3,56,0.05,NLOS,119.68,-13.15,-86.30,-58.52,14.30,39.19,0,57,-103.23,63,-105.39,50,-111.16,69,-113.20,51,-116.06,49,-117.80
2345,7220.50,6657.37,2.00,3,56,0.05,NLOS,119.17,-9.73,-89.22,-61.44,8.88,39.19,0,57,-99.36,50,-105.62,69,-111.29,55,-112.15,51,-115.50,63,-117.45
2346,7220.50,6646.48,2.00,3,56,0.06,NLOS,118.66,-9.73,-88.70,-60.92,9.66,39.19,0,57,-99.72,50,-105.65,69,-111.26,55,-112.00,51,-115.63,63,-117.48
2347,7220.50,6635.59,2.00,3,56,0.06,NLOS,118.12,-9.73,-88.17,-60.39,10.44,39.19,0,57,-100.07,50,-105.68,69,-111.24,55,-111.85,51,-115.75,63,-117.50
2348,7220.50,6624.71,2.00,3,56,0.06,NLOS,117.57,-3.24,-94.11,-66.33,7.85,39.19,0,57,-104.79,50,-107.97,49,-109.92,62,-117.52,55,-118.57,37,-121.25
2349,7220.50,6613.82,2.00,3,56,0.06,NLOS,117.00,-3.24,-93.54,-65.76,8.57,39.19,0,57,-105.12,50,-108.01,49,-109.79,62,-117.40,55,-118.41,37,-121.26
2350,7220.50,6602.94,2.00,3,56,0.07,NLOS,116.41,-3.24,-92.96,-65.17,9.30,39.19,0,57,-105.45,50,-108.05,49,-109.66,62,-117.28,55,-118.25,37,-121.26
2351,7220.50,6592.05,2.00,3,56,0.07,NLOS,115.80,6.81,-102.39,-74.61,1.83,39.19,0,69,-105.80,57,-106.17,50,-110.60,70,-116.65,55,-116.72,30,-118.80
2352,7220.50,6581.17,2.00,3,56,0.07,NLOS,115.17,6.81,-101.76,-73.98,2.66,39.19,0,69,-105.78,57,-106.49,50,-110.65,55,-116.56,70,-116.69,30,-118.79
2353,7220.50,6570.28,2.00,3,56,0.08,NLOS,114.52,6.81,-101.11,-73.32,3.51,39.19,0,69,-105.76,57,-106.80,50,-110.71,55,-116.40,70,-116.73,30,-118.79
2354,7220.50,6559.40,2.00,3,56,0.08,NLOS,113.83,-10.41,-83.20,-55.42,17.07,39.19,0,50,-100.89,57,-110.26,51,-112.69,64,-114.90,43,-116.35,42,-116.45
2355,7220.50,6548.51,2.00,3,56,0.09,NLOS,113.12,-10.41,-82.50,-54.71,17.86,39.19,0,50,-100.95,57,-110.57,51,-112.81,64,-115.02,43,-116.33,42,-116.39
2356,7220.50,6537.62,2.00,3,56,0.10,NLOS,112.39,-10.41,-81.76,-53.97,18.68,39.19,0,50,-101.01,57,-110.86,51,-112.93,64,-115.13,43,-116.31,42,-116.33
2357,7220.50,6526.74,2.00,3,56,0.10,NLOS,111.61,-2.89,-88.51,-60.73,15.29,39.19,0,62,-108.63,63,-108.76,51,-111.06,50,-111.33,55,-113.90,64,-115.27
2358,7215.35,6521.00,2.00,2,56,0.11,NLOS,111.25,-2.89,-88.14,-60.36,15.68,39.19,0,62,-108.63,63,-108.90,51,-111.09,50,-111.26,55,-113.81,64,-115.36
2359,7204.47,6521.00,2.00,2,56,0.10,NLOS,111.39,-2.89,-88.29,-60.50,15.60,39.19,0,62,-108.77,63,-109.12,51,-111.01,50,-111.02,55,-113.81,64,-115.45
2360,7193.58,6521.00,2.00,2,57,0.03,NLOS,129.11,-9.69,-99.20,-71.42,2.82,39.19,1,56,-103.08,44,-112.51,63,-113.34,49,-114.43,68,-115.79,50,-117.16
2361,7182.70,6521.00,2.00,2,57,0.03,NLOS,129.14,-9.69,-99.23,-71.44,2.96,39.19,0,56,-103.29,44,-112.41,63,-113.55,49,-114.29,68,-115.86,50,-116.91
2362,7171.81,6521.00,2.00,2,57,0.03,NLOS,129.17,-9.69,-99.26,-71.48,3.11,39.19,0,56,-103.54,44,-112.30,63,-113.76,49,-114.15,68,-115.94,50,-116.67
2363,7160.92,6521.00,2.00,2,56,0.10,NLOS,112.30,-5.51,-86.57,-58.79,20.16,39.19,1,49,-109.74,57,-113.66,63,-116.23,62,-116.30,41,-118.50,55,-121.00
2364,7150.04,6521.00,2.00,2,56,0.09,NLOS,112.60,-5.51,-86.87,-59.09,19.84,39.19,0,49,-109.60,57,-113.70,63,-116.43,62,-116.44,41,-118.46,55,-121.01
2365,7139.15,6521.00,2.00,2,56,0.09,NLOS,112.92,-5.51,-87.19,-59.41,19.48,39.19,0,49,-109.46,57,-113.75,62,-116.58,63,-116.64,41,-118.41,55,-121.03
2366,7128.27,6521.00,2.00,2,56,0.09,NLOS,113.25,-2.18,-90.86,-63.08,5.06,39.19,0,50,-96.31,57,-109.28,63,-113.57,49,-114.81,51,-115.79,48,-118.17
2367,7117.38,6521.00,2.00,2,56,0.08,NLOS,113.61,-2.18,-91.22,-63.43,4.46,39.19,0,50,-96.04,57,-109.34,63,-113.77,49,-114.67,51,-115.72,48,-118.12
2368,7106.50,6521.00,2.00,2,56,0.08,NLOS,113.98,-2.18,-91.59,-63.81,3.85,39.19,0,50,-95.77,57,-109.39,63,-113.96,49,-114.53,51,-115.64,48,-118.08
2369,7095.61,6521.00,2.00,2,56,0.08,NLOS,114.36,-1.18,-92.96,-65.18,10.87,39.19,0,57,-107.32,49,-109.41,55,-111.90,51,-113.20,50,-117.82,62,-118.23
2370,7084.73,6521.00,2.00,2,56,0.08,NLOS,114.75,-1.18,-93.35,-65.57,10.47,39.19,0,57,-107.38,49,-109.27,55,-111.93,51,-113.13,50,-117.54,62,-118.37
2371,7073.84,6521.00,2.00,2,56,0.07,NLOS,115.15,-1.18,-93.75,-65.97,10.06,39.19,0,57,-107.46,49,-109.13,55,-111.95,51,-113.06,50,-117.26,62,-118.50
2372,7062.95,6521.00,2.00,2,56,0.07,NLOS,115.56,-2.52,-92.82,-65.04,9.67,39.19,0,55,-105.21,57,-109.89,50,-111.53,63,-111.74,49,-118.58,42,-119.79
2373,7052.07,6521.00,2.00,2,56,0.07,NLOS,115.97,-2.52,-93.23,-65.45,9.27,39.19,0,55,-105.24,57,-109.97,50,-111.24,63,-111.92,49,-118.44,42,-119.71
2374,7041.18,6521.00,2.00,2,56,0.07,NLOS,116.38,-2.52,-93.64,-65.86,8.87,39.19,0,55,-105.27,57,-110.05,50,-110.95,63,-112.11,49,-118.30,42,-119.62
2375,7030.30,6521.00,2.00,2,56,0.06,NLOS,116.79,-18.00,-78.58,-50.79,21.22,39.19,0,50,-101.94,55,-107.86,49,-109.07,57,-110.39,43,-113.09,48,-114.42
2376,7021.59,6521.00,2.00,0,56,0.06,NLOS,117.13,-18.00,-78.91,-51.13,20.74,39.19,0,50,-101.70,55,-107.89,49,-108.96,57,-110.46,43,-112.98,48,-114.39
2377,7032.47,6521.00,2.00,0,56,0.06,NLOS,116.71,-18.00,-78.49,-50.71,21.34,39.19,0,50,-102.00,55,-107.85,49,-109.10,57,-110.37,43,-113.12,48,-114.43
2378,7043.36,6521.00,2.00,0,56,0.07,NLOS,116.30,7.93,-104.01,-76.23,2.14,39.19,0,50,-112.07,63,-112.44,62,-113.25,49,-113.88,68,-115.60,48,-116.70
2379,7054.25,6521.00,2.00,0,56,0.07,NLOS,115.89,7.93,-103.60,-75.82,2.57,39.19,0,63,-112.26,50,-112.36,62,-113.12,49,-114.02,68,-115.52,48,-116.74
2380,7065.13,6521.00,2.00,0,56,0.07,NLOS,115.48,7.93,-103.19,-75.41,2.99,39.19,0,63,-112.07,50,-112.65,62,-112.99,49,-114.16,68,-115.45,48,-116.78
2381,7076.02,6521.00,2.00,0,56,0.07,NLOS,115.07,-2.09,-92.76,-64.98,5.88,39.19,0,49,-100.07,63,-109.72,50,-109.75,55,-109.94,62,-114.73,57,-115.23
2382,7086.90,6521.00,2.00,0,56,0.08,NLOS,114.68,-2.09,-92.37,-64.58,6.37,39.19,0,49,-100.21,63,-109.53,55,-109.92,50,-110.03,62,-114.60,57,-115.16
2383,7097.79,6521.00,2.00,0,56,0.08,NLOS,114.29,-2.09,-91.98,-64.19,6.86,39.19,0,49,-100.35,63,-109.34,55,-109.89,50,-110.31,62,-114.47,57,-115.10
2384,7108.67,6521.00,2.00,0,56,0.08,NLOS,113.91,0.29,-93.98,-66.19,11.86,39.19,0,57,-107.95,55,-112.73,68,-115.38,50,-115.47,61,-118.79,43,-120.95
2385,7119.56,6521.00,2.00,0,56,0.09,NLOS,113.54,0.29,-93.61,-65.83,12.21,39.19,0,57,-107.90,55,-112.71,68,-115.31,50,-115.74,61,-118.74,43,-121.08
2386,7130.44,6521.00,2.00,0,56,0.09,NLOS,113.19,0.29,-93.25,-65.47,12.55,39.19,0,57,-107.84,55,-112.69,68,-115.23,50,-116.00,61,-118.69,43,-121.21
2387,7141.33,6521.00,2.00,0,56,0.09,NLOS,112.85,-4.42,-88.21,-60.43,15.45,39.19,0,57,-107.13,48,-108.48,50,-109.53,55,-112.86,63,-114.74,62,-115.39
2388,7152.22,6521.00,2.00,0,56,0.09,NLOS,112.53,-4.42,-87.90,-60.12,15.79,39.19,0,57,-107.09,48,-108.52,50,-109.79,55,-112.84,63,-114.54,62,-115.26
2389,7163.10,6521.00,2.00,0,56,0.10,NLOS,112.24,-4.42,-87.60,-59.82,16.09,39.19,0,57,-107.05,48,-108.56,50,-110.04,55,-112.83,63,-114.33,62,-115.12
2390,7173.99,6521.00,2.00,0,56,0.10,NLOS,111.98,-0.13,-91.63,-63.85,6.29,39.19,0,50,-100.50,57,-103.32,55,-108.80,63,-110.32,64,-112.11,62,-118.06
2391,7184.87,6521.00,2.00,0,56,0.10,NLOS,111.74,-0.13,-91.39,-63.61,6.64,39.19,0,50,-100.75,57,-103.29,55,-108.78,63,-110.11,64,-112.03,62,-117.92
2392,7195.76,6521.00,2.00,0,56,0.10,NLOS,111.53,-0.13,-91.18,-63.40,6.95,39.19,0,50,-100.99,57,-103.26,55,-108.78,63,-109.90,64,-111.94,62,-117.78
2393,7206.64,6521.00,2.00,0,56,0.10,NLOS,111.36,1.37,-92.51,-64.73,7.15,39.19,0,57,-100.91,50,-108.37,61,-110.91,55,-113.32,49,-113.62,42,-114.11
2394,7217.53,6521.00,2.00,0,56,0.11,NLOS,111.22,1.37,-92.38,-64.59,7.30,39.19,0,57,-100.90,50,-108.60,61,-110.86,55,-113.31,49,-113.76,42,-114.19
2395,7220.50,6528.91,2.00,1,56,0.10,NLOS,111.77,1.37,-92.92,-65.14,6.61,39.19,0,57,-100.68,50,-108.62,61,-110.92,55,-113.43,49,-113.89,42,-114.26
2396,7220.50,6539.80,2.00,1,56,0.09,NLOS,112.54,-5.65,-86.67,-58.89,15.43,39.19,0,62,-106.55,63,-107.85,57,-109.13,49,-112.05,55,-116.40,50,-117.40
2397,7220.50,6550.69,2.00,1,56,0.09,NLOS,113.27,-5.65,-87.41,-59.62,14.68,39.19,0,62,-106.67,63,-107.79,57,-108.83,49,-112.18,55,-116.57,50,-117.34
2398,7220.50,6561.57,2.00,1,56,0.08,NLOS,113.97,-5.65,-88.11,-60.33,13.95,39.19,0,62,-106.78,63,-107.74,57,-108.53,49,-112.31,55,-116.73,50,-117.28
2399,7220.50,6572.46,2.00,1,56,0.08,NLOS,114.65,0.73,-95.16,-67.38,7.71,39.19,0,63,-104.65,57,-108.55,51,-119.02,37,-119.08,49,-119.22,62,-120.89
2400,7220.50,6583.34,2.00,1,56,0.07,NLOS,115.30,0.73,-95.81,-68.03,6.95,39.19,0,63,-104.60,57,-108.23,51,-118.90,37,-119.07,49,-119.35,62,-121.01
2401,7220.50,6594.23,2.00,1,56,0.07,NLOS,115.93,0.73,-96.44,-68.66,6.21,39.19,0,63,-104.56,57,-107.92,51,-118.78,37,-119.07,49,-119.48,62,-121.13
2402,7220.50,6605.11,2.00,1,56,0.07,NLOS,116.53,4.83,-101.14,-73.36,1.68,39.19,0,50,-104.04,57,-109.86,61,-114.31,70,-115.66,51,-120.34,63,-120.55
2403,7220.50,6616.00,2.00,1,56,0.06,NLOS,117.12,4.83,-101.73,-73.95,0.99,39.19,0,50,-104.00,57,-109.53,61,-114.40,70,-115.62,51,-120.22,63,-120.52
2404,7220.50,6626.89,2.00,1,56,0.06,NLOS,117.68,4.83,-102.29,-74.51,0.33,39.19,0,50,-103.96,57,-109.19,61,-114.50,70,-115.58,51,-120.09,63,-120.48
2405,7220.50,6637.77,2.00,1,56,0.06,NLOS,118.23,0.17,-98.19,-70.40,1.54,39.19,0,63,-104.33,57,-104.48,50,-105.62,64,-107.12,49,-114.32,55,-117.92
2406,7220.50,6648.66,2.00,1,56,0.05,NLOS,118.76,0.17,-98.72,-70.93,0.88,39.19,0,57,-104.13,63,-104.30,50,-105.59,64,-107.00,49,-114.45,55,-118.07
2407,7220.50,6659.54,2.00,1,56,0.05,NLOS,119.28,0.17,-99.23,-71.45,0.23,39.19,0,57,-103.77,63,-104.28,50,-105.56,64,-106.88,49,-114.58,55,-118.23
2408,7220.50,6670.43,2.00,1,56,0.05,NLOS,119.78,1.23,-100.78,-73.00,-0.93,39.19,0,50,-101.36,57,-105.86,51,-106.16,49,-116.30,44,-117.74,38,-118.03
2409,7220.50,6681.31,2.00,1,56,0.05,NLOS,120.26,1.23,-101.27,-73.49,-1.53,39.19,0,50,-101.34,57,-105.49,51,-106.04,49,-116.43,44,-117.71,38,-118.00
2410,7220.50,6692.20,2.00,1,56,0.05,NLOS,120.73,1.23,-101.74,-73.96,-2.11,39.19,0,50,-101.32,57,-105.10,51,-105.91,49,-116.56,44,-117.67,38,-117.97
2411,7220.50,6703.08,2.00,1,56,0.05,NLOS,121.19,-4.88,-96.09,-68.31,7.06,39.19,0,64,-104.88,63,-105.76,50,-109.02,57,-114.53,62,-115.16,69,-115.74
2412,7220.50,6713.97,2.00,1,56,0.04,NLOS,121.64,-4.88,-96.54,-68.76,6.59,39.19,0,64,-104.76,63,-105.76,50,-109.01,57,-114.12,62,-115.28,69,-115.77
2413,7220.50,6717.14,2.00,3,56,0.04,NLOS,121.77,-4.88,-96.67,-68.88,6.45,39.19,0,64,-104.73,63,-105.76,50,-109.01,57,-114.00,62,-115.31,69,-115.78
2414,7220.50,6706.26,2.00,3,56,0.05,NLOS,121.32,-4.88,-96.22,-68.44,6.92,39.19,0,64,-104.84,63,-105.76,50,-109.02,57,-114.41,62,-115.19,69,-115.75
2415,7220.50,6695.37,2.00,3,57,0.04,NLOS,123.73,-11.69,-91.82,-64.04,8.38,39.19,1,56,-102.50,50,-104.38,62,-106.71,49,-113.99,43,-116.43,51,-119.19
2416,7220.50,6684.49,2.00,3,57,0.04,NLOS,124.12,-11.69,-92.20,-64.42,7.71,39.19,0,56,-102.03,50,-104.40,62,-106.59,49,-113.87,43,-116.40,51,-119.32
2417,7220.50,6673.60,2.00,3,57,0.04,NLOS,124.49,-11.69,-92.58,-64.80,7.04,39.19,0,56,-101.55,50,-104.42,62,-106.47,49,-113.74,43,-116.37,51,-119.44
2418,7220.50,6662.72,2.00,3,56,0.05,NLOS,119.42,-0.01,-99.20,-71.42,7.79,39.19,1,50,-111.60,63,-111.83,47,-114.69,49,-114.81,64,-116.49,48,-116.70
2419,7220.50,6651.83,2.00,3,56,0.05,NLOS,118.91,-0.01,-98.69,-70.90,8.29,39.19,0,50,-111.62,63,-111.85,47,-114.62,49,-114.68,64,-116.61,48,-116.61
2420,7220.50,6640.95,2.00,3,56,0.06,NLOS,118.39,-0.01,-98.16,-70.38,8.80,39.19,0,50,-111.65,63,-111.88,49,-114.55,47,-114.56,48,-116.52,64,-116.73
2421,7220.50,6630.06,2.00,3,56,0.06,NLOS,117.84,-0.51,-97.12,-69.34,2.68,39.19,0,63,-101.37,50,-108.62,57,-109.66,55,-113.41,44,-114.27,49,-116.98
2422,7220.50,6619.17,2.00,3,56,0.06,NLOS,117.28,-0.51,-96.56,-68.78,3.29,39.19,0,63,-101.40,50,-108.66,57,-110.00,55,-113.25,44,-114.31,49,-116.85
2423,7220.50,6608.29,2.00,3,56,0.06,NLOS,116.71,-0.51,-95.98,-68.20,3.92,39.19,0,63,-101.43,50,-108.70,57,-110.34,55,-113.10,44,-114.35,49,-116.72
2424,7220.50,6597.40,2.00,3,57,0.03,NLOS,126.93,-5.59,-101.12,-73.34,5.98,39.19,1,55,-109.02,70,-110.90,50,-113.22,64,-113.34,51,-113.48,56,-113.89
2425,7220.50,6586.52,2.00,3,57,0.03,NLOS,127.25,-5.59,-101.44,-73.66,5.58,39.19,0,55,-108.86,70,-110.94,50,-113.26,56,-113.27,64,-113.46,51,-113.60
2426,7220.50,6575.63,2.00,3,57,0.03,NLOS,127.56,-5.59,-101.76,-73.98,5.17,39.19,0,55,-108.70,70,-110.98,56,-112.62,50,-113.32,64,-113.57,51,-113.72
2427,7220.50,6564.75,2.00,3,56,0.08,NLOS,114.17,7.04,-101.00,-73.22,2.69,39.19,1,50,-106.26,57,-111.31,63,-113.30,55,-115.59,62,-115.89,64,-118.05
2428,7220.50,6553.86,2.00,3,56,0.09,NLOS,113.48,7.04,-100.30,-72.52,3.45,39.19,0,50,-106.32,57,-111.61,63,-113.35,55,-115.43,62,-115.77,64,-118.16
2429,7220.50,6542.97,2.00,3,56,0.09,NLOS,112.75,7.04,-99.58,-71.80,4.24,39.19,0,50,-106.38,57,-111.91,63,-113.41,55,-115.26,62,-115.66,64,-118.27
2430,7220.50,6532.09,2.00,3,56,0.10,NLOS,112.00,-1.23,-90.55,-62.77,10.70,39.19,0,57,-105.68,62,-106.95,50,-108.09,49,-110.98,51,-111.32,63,-114.54
2431,7220.50,6521.20,2.00,3,56,0.11,NLOS,111.21,-1.23,-89.76,-61.98,11.57,39.19,0,57,-105.97,62,-106.84,50,-108.16,49,-110.85,51,-111.44,63,-114.60
2432,7231.18,6521.00,2.00,0,56,0.11,NLOS,111.10,-1.23,-89.66,-61.88,11.68,39.19,0,57,-105.96,62,-106.70,50,-108.39,49,-110.99,51,-111.52,63,-114.38
2433,7242.07,6521.00,2.00,0,56,0.11,NLOS,111.05,-1.10,-89.74,-61.95,15.54,39.19,0,55,-107.92,51,-109.71,57,-113.38,50,-113.74,63,-114.85,69,-115.00
2434,7252.95,6521.00,2.00,0,56,0.11,NLOS,111.05,-1.10,-89.73,-61.95,15.56,39.19,0,55,-107.92,51,-109.79,57,-113.38,50,-113.97,63,-114.62,69,-114.88
2435,7263.84,6521.00,2.00,0,56,0.11,NLOS,111.08,-1.10,-89.76,-61.98,15.53,39.19,0,55,-107.92,51,-109.87,57,-113.38,50,-114.19,63,-114.39,69,-114.76
2436,7274.72,6521.00,2.00,0,56,0.11,NLOS,111.15,0.28,-91.21,-63.43,6.92,39.19,0,63,-101.32,57,-102.57,50,-107.62,48,-113.30,62,-113.37,69,-116.42
2437,7285.61,6521.00,2.00,0,56,0.11,NLOS,111.26,0.28,-91.32,-63.54,6.72,39.19,0,63,-101.09,57,-102.59,50,-107.84,62,-113.23,48,-113.35,69,-116.29
2438,7296.50,6521.00,2.00,0,56,0.10,NLOS,111.40,0.28,-91.47,-63.68,6.48,39.19,0,63,-100.85,57,-102.61,50,-108.06,62,-113.09,48,-113.40,69,-116.17
2439,7307.38,6521.00,2.00,0,56,0.10,NLOS,111.59,-2.98,-88.38,-60.60,12.74,39.19,0,63,-102.03,51,-106.26,64,-110.60,44,-112.09,49,-113.66,62,-114.94
2440,7318.27,6521.00,2.00,0,56,0.10,NLOS,111.80,-2.98,-88.60,-60.82,12.32,39.19,0,63,-101.79,51,-106.34,64,-110.52,44,-112.19,49,-113.80,62,-114.79
2441,7329.15,6521.00,2.00,0,56,0.10,NLOS,112.05,-2.98,-88.85,-61.07,11.88,39.19,0,63,-101.54,51,-106.43,64,-110.45,44,-112.29,49,-113.94,62,-114.65
2442,7340.04,6521.00,2.00,0,56,0.10,NLOS,112.32,9.91,-102.01,-74.23,-6.55,39.19,0,63,-99.12,62,-99.69,57,-104.98,64,-108.69,49,-110.41,55,-110.55
2443,7350.92,6521.00,2.00,0,63,0.03,NLOS,130.03,-10.95,-98.86,-71.08,-2.21,39.19,1,62,-99.55,56,-102.31,57,-105.02,64,-108.61,49,-110.55,55,-110.56
2444,7361.81,6521.00,2.00,0,63,0.03,NLOS,129.77,-10.95,-98.60,-70.82,-1.93,39.19,0,62,-99.41,56,-102.63,57,-105.06,64,-108.53,55,-110.58,49,-110.68
2445,7372.70,6521.00,2.00,0,56,0.09,NLOS,113.29,-2.63,-90.43,-62.65,12.06,39.19,1,57,-104.44,63,-111.59,62,-112.59,50,-113.28,49,-116.71,42,-117.82
2446,7383.58,6521.00,2.00,0,56,0.08,NLOS,113.64,-2.63,-90.79,-63.01,11.71,39.19,0,57,-104.49,63,-111.33,62,-112.45,50,-113.48,49,-116.85,42,-117.90
2447,7394.47,6521.00,2.00,0,56,0.08,NLOS,114.01,-2.63,-91.16,-63.38,11.35,39.19,0,57,-104.55,63,-111.06,62,-112.31,50,-113.67,49,-116.98,42,-117.97
2448,7405.35,6521.00,2.00,0,56,0.08,NLOS,114.40,-0.31,-93.87,-66.09,9.67,39.19,0,57,-105.39,63,-111.71,51,-112.74,62,-113.19,69,-113.88,49,-115.45
2449,7416.24,6521.00,2.00,0,56,0.08,NLOS,114.79,-0.31,-94.26,-66.48,9.27,39.19,0,57,-105.46,63,-111.43,51,-112.82,62,-113.05,69,-113.74,70,-115.56
2450,7427.12,6521.00,2.00,0,56,0.07,NLOS,115.19,-0.31,-94.66,-66.88,8.86,39.19,0,57,-105.53,63,-111.15,51,-112.91,62,-112.91,69,-113.61,70,-115.45
2451,7438.01,6521.00,2.00,0,56,0.07,NLOS,115.60,-9.41,-85.96,-58.18,14.48,39.19,0,62,-101.70,63,-109.00,57,-111.75,64,-114.47,55,-118.58,49,-120.44
2452,7448.89,6521.00,2.00,0,56,0.07,NLOS,116.01,-9.41,-86.37,-58.59,13.93,39.19,0,62,-101.57,63,-108.71,57,-111.83,64,-114.40,55,-118.61,49,-120.57
2453,7459.78,6521.00,2.00,0,56,0.07,NLOS,116.42,-9.41,-86.79,-59.00,13.38,39.19,0,62,-101.43,63,-108.42,57,-111.91,64,-114.33,55,-118.64,49,-120.70
2454,7470.67,6521.00,2.00,0,57,0.03,NLOS,129.99,-10.53,-99.23,-71.45,2.36,39.19,1,56,-102.51,63,-110.27,54,-114.61,55,-115.18,69,-115.81,42,-116.26
2455,7481.55,6521.00,2.00,0,57,0.03,NLOS,130.07,-10.53,-99.32,-71.54,2.57,39.19,0,56,-102.93,63,-109.97,54,-114.62,55,-115.21,69,-115.67,42,-116.33
2456,7492.44,6521.00,2.00,0,57,0.03,NLOS,130.17,-10.53,-99.42,-71.63,2.75,39.19,0,56,-103.34,63,-109.66,54,-114.63,55,-115.25,69,-115.53,42,-116.41
2457,7503.32,6521.00,2.00,0,63,0.03,NLOS,126.05,-11.23,-94.60,-66.82,3.61,39.19,1,57,-99.45,56,-104.85,50,-110.00,69,-116.00,61,-116.65,51,-119.39
2458,7514.21,6521.00,2.00,0,63,0.03,NLOS,125.73,-11.23,-94.28,-66.50,4.09,39.19,0,57,-99.55,56,-105.26,50,-110.17,69,-115.85,61,-116.61,62,-119.36
2459,7525.09,6521.00,2.00,0,63,0.03,NLOS,125.41,-11.23,-93.96,-66.18,4.56,39.19,0,57,-99.65,56,-105.66,50,-110.35,69,-115.71,61,-116.58,62,-119.22
2460,7535.98,6521.00,2.00,0,56,0.05,NLOS,119.29,-6.99,-92.08,-64.30,10.81,39.19,1,51,-105.10,63,-105.66,55,-109.90,62,-110.49,49,-115.62,68,-117.34
2461,7546.86,6521.00,2.00,0,56,0.05,NLOS,119.69,-6.99,-92.48,-64.70,10.23,39.19,0,51,-105.19,63,-105.33,55,-109.95,62,-110.36,49,-115.74,68,-117.26
2462,7557.75,6521.00,2.00,0,56,0.05,NLOS,120.08,-6.99,-92.87,-65.09,9.65,39.19,0,63,-104.99,51,-105.27,55,-109.99,62,-110.23,49,-115.87,68,-117.17
2463,7568.64,6521.00,2.00,0,56,0.05,NLOS,120.48,-3.14,-97.12,-69.34,4.78,39.19,0,63,-103.40,62,-110.51,43,-111.61,42,-112.73,57,-114.44,50,-115.02
2464,7579.52,6521.00,2.00,0,56,0.05,NLOS,120.86,-3.14,-97.51,-69.73,4.15,39.19,0,63,-103.05,62,-110.39,43,-111.71,42,-112.80,57,-114.55,50,-115.19
2465,7590.41,6521.00,2.00,0,56,0.05,NLOS,121.24,-3.14,-97.89,-70.11,3.50,39.19,0,63,-102.70,62,-110.26,43,-111.81,42,-112.88,57,-114.67,50,-115.35
2466,7601.29,6521.00,2.00,0,56,0.04,NLOS,121.62,-6.78,-94.62,-66.84,3.38,39.19,0,63,-98.76,57,-107.00,70,-111.25,51,-115.00,69,-116.72,62,-117.04
2467,7612.18,6521.00,2.00,0,56,0.04,NLOS,121.99,-6.78,-94.99,-67.21,2.71,39.19,0,63,-98.39,57,-107.12,70,-111.13,51,-115.09,69,-116.56,62,-116.92
2468,7620.50,6518.44,2.00,3,56,0.04,NLOS,122.22,-6.78,-95.22,-67.44,2.30,39.19,0,63,-98.16,57,-107.26,70,-111.05,51,-115.17,69,-116.44,62,-116.78
2469,7620.50,6507.55,2.00,3,56,0.04,NLOS,122.01,-7.78,-94.01,-66.22,-2.06,39.19,0,63,-92.31,57,-104.73,64,-109.07,62,-109.34,55,-113.37,43,-116.62
2470,7620.50,6496.66,2.00,3,56,0.04,NLOS,121.80,-7.78,-93.80,-66.02,-1.65,39.19,0,63,-92.53,57,-104.94,62,-109.13,64,-109.22,55,-113.21,43,-116.61
2471,7620.50,6485.78,2.00,3,56,0.04,NLOS,121.60,-7.78,-93.59,-65.81,-1.24,39.19,0,63,-92.75,57,-105.16,62,-108.91,64,-109.37,55,-113.06,43,-116.60
2472,7620.50,6474.89,2.00,3,63,0.04,NLOS,123.28,-7.48,-95.59,-67.81,8.84,39.19,1,55,-106.30,57,-108.71,64,-110.35,56,-110.67,62,-114.65,43,-114.87
2473,7620.50,6464.01,2.00,3,63,0.04,NLOS,123.51,-7.48,-95.82,-68.03,8.66,39.19,0,55,-106.14,57,-108.91,56,-110.48,64,-110.50,62,-114.44,43,-114.86
2474,7620.50,6453.12,2.00,3,63,0.04,NLOS,123.74,-7.48,-96.05,-68.26,8.47,39.19,0,55,-105.98,57,-109.12,56,-110.30,64,-110.65,62,-114.21,43,-114.85
2475,7620.50,6442.24,2.00,3,63,0.04,NLOS,123.97,-2.10,-101.65,-73.87,3.80,39.19,0,57,-109.17,68,-109.28,70,-111.48,69,-113.58,50,-114.77,56,-115.36
2476,7620.50,6431.35,2.00,3,63,0.04,NLOS,124.21,-2.10,-101.89,-74.11,3.64,39.19,0,68,-109.20,57,-109.37,70,-111.56,69,-113.56,50,-114.81,56,-115.20
2477,7620.50,6420.47,2.00,3,63,0.04,NLOS,124.45,-2.10,-102.13,-74.35,3.48,39.19,0,68,-109.12,57,-109.57,70,-111.63,69,-113.54,50,-114.85,56,-115.05
2478,7620.50,6409.58,2.00,3,56,0.05,NLOS,120.40,-6.36,-93.83,-66.05,9.90,39.19,1,57,-105.47,69,-109.82,62,-110.10,36,-116.77,43,-117.75,44,-117.83
2479,7620.50,6398.69,2.00,3,56,0.05,NLOS,120.27,-6.36,-93.70,-65.92,10.12,39.19,0,57,-105.67,69,-109.80,62,-109.87,36,-116.76,43,-117.75,44,-117.87
2480,7620.50,6387.81,2.00,3,56,0.05,NLOS,120.15,-6.36,-93.58,-65.80,10.31,39.19,0,57,-105.86,62,-109.64,69,-109.79,36,-116.74,43,-117.74,44,-117.90
2481,7620.50,6376.92,2.00,3,56,0.05,NLOS,120.05,-5.59,-94.24,-66.46,-2.93,39.19,0,63,-91.54,62,-104.93,64,-105.88,70,-108.37,57,-113.41,51,-115.32
2482,7620.50,6366.04,2.00,3,56,0.05,NLOS,119.95,-5.59,-94.14,-66.36,-2.62,39.19,0,63,-91.78,62,-104.70,64,-106.02,70,-108.44,57,-113.60,51,-115.40
2483,7620.50,6355.15,2.00,3,56,0.05,NLOS,119.87,-5.59,-94.06,-66.28,-2.32,39.19,0,63,-92.03,62,-104.46,64,-106.15,70,-108.52,57,-113.79,51,-115.48
2484,7620.50,6344.27,2.00,3,56,0.05,NLOS,119.81,3.62,-103.21,-75.43,7.65,39.19,0,62,-115.52,63,-116.34,55,-117.83,43,-118.45,69,-121.21,51,-121.71
2485,7620.50,6333.38,2.00,3,56,0.05,NLOS,119.75,3.62,-103.16,-75.38,7.66,39.19,0,62,-115.28,63,-116.59,55,-117.65,43,-118.45,69,-121.21,51,-121.79
2486,7620.50,6322.49,2.00,3,56,0.05,NLOS,119.72,3.62,-103.12,-75.34,7.65,39.19,0,62,-115.05,63,-116.83,55,-117.48,43,-118.45,69,-121.20,51,-121.88
2487,7620.50,6311.61,2.00,3,56,0.05,NLOS,119.69,3.01,-102.48,-74.70,-0.79,39.19,0,63,-102.97,62,-109.74,64,-111.08,69,-112.54,70,-114.28,57,-115.43
2488,7620.50,6300.72,2.00,3,56,0.05,NLOS,119.68,3.01,-102.48,-74.69,-0.63,39.19,0,63,-103.21,62,-109.50,64,-111.21,69,-112.54,70,-114.36,57,-115.61
2489,7620.50,6289.84,2.00,3,56,0.05,NLOS,119.69,3.01,-102.48,-74.70,-0.50,39.19,0,63,-103.45,62,-109.26,64,-111.34,69,-112.54,70,-114.44,57,-115.79
2490,7620.50,6278.95,2.00,3,62,0.03,NLOS,126.70,-11.90,-94.58,-66.80,4.02,39.19,1,56,-100.50,63,-103.45,42,-113.29,50,-114.31,49,-116.73,57,-117.60
2491,7620.50,6268.07,2.00,3,62,0.03,NLOS,126.46,-11.90,-94.34,-66.56,4.36,39.19,0,56,-100.53,63,-103.69,42,-113.26,50,-114.37,49,-116.68,57,-117.78
2492,7620.50,6257.18,2.00,3,62,0.03,NLOS,126.21,-11.90,-94.09,-66.31,4.70,39.19,0,56,-100.58,63,-103.93,42,-113.22,50,-114.42,49,-116.63,51,-117.93
2493,7620.50,6246.30,2.00,3,62,0.03,NLOS,125.97,-12.87,-92.88,-65.10,8.23,39.19,0,56,-101.67,63,-114.90,68,-115.24,70,-116.37,55,-117.24,48,-119.51
2494,7620.50,6235.41,2.00,3,62,0.03,NLOS,125.73,-12.87,-92.64,-64.86,8.54,39.19,0,56,-101.74,63,-115.14,68,-115.17,70,-116.45,55,-117.05,48,-119.43
2495,7620.50,6224.52,2.00,3,62,0.03,NLOS,125.49,-12.87,-92.40,-64.61,8.86,39.19,0,56,-101.83,68,-115.09,63,-115.37,70,-116.53,55,-116.86,48,-119.35
2496,7620.50,6213.64,2.00,3,56,0.05,NLOS,120.12,-2.11,-97.79,-70.01,2.28,39.19,1,62,-103.14,63,-107.92,57,-108.93,55,-110.29,50,-111.02,49,-115.16
2497,7620.50,6202.75,2.00,3,56,0.05,NLOS,120.23,-2.11,-97.90,-70.12,2.09,39.19,0,62,-102.90,63,-108.15,57,-109.10,55,-110.10,50,-111.08,49,-115.12
2498,7620.50,6191.87,2.00,3,56,0.05,NLOS,120.36,-2.11,-98.03,-70.25,1.88,39.19,0,62,-102.66,63,-108.38,57,-109.27,55,-109.90,50,-111.14,49,-115.07
2499,7620.50,6180.98,2.00,3,56,0.05,NLOS,120.50,2.61,-102.89,-75.10,2.69,39.19,0,69,-105.25,62,-107.94,63,-111.30,55,-116.17,48,-117.34,61,-118.81
2500,7620.50,6170.10,2.00,3,56,0.05,NLOS,120.65,2.61,-103.04,-75.25,2.44,39.19,0,69,-105.27,62,-107.71,63,-111.53,55,-115.97,48,-117.25,61,-118.66
2501,7620.50,6159.21,2.00,3,56,0.05,NLOS,120.81,2.61,-103.19,-75.41,2.18,39.19,0,69,-105.29,62,-107.47,63,-111.75,55,-115.77,48,-117.17,61,-118.52
2502,7620.50,6148.33,2.00,3,56,0.05,NLOS,120.98,-4.47,-96.29,-68.51,6.47,39.19,0,62,-106.07,55,-106.22,63,-116.60,61,-120.10,49,-121.34,50,-121.46
2503,7620.50,6137.44,2.00,3,56,0.05,NLOS,121.15,-4.47,-96.47,-68.68,6.10,39.19,0,62,-105.84,55,-106.02,63,-116.83,61,-119.95,49,-121.30,50,-121.53
2504,7620.50,6126.55,2.00,3,56,0.05,NLOS,121.34,-4.47,-96.65,-68.87,5.72,39.19,0,62,-105.61,55,-105.81,63,-117.04,61,-119.80,49,-121.26,50,-121.60
2505,7625.83,6121.00,2.00,0,62,0.04,NLOS,123.07,-8.05,-94.81,-67.03,3.55,39.19,1,56,-101.48,63,-102.40,55,-109.07,61,-116.16,68,-117.51,48,-120.17
2506,7636.72,6121.00,2.00,0,62,0.04,NLOS,122.74,-8.05,-94.47,-66.69,4.03,39.19,0,56,-101.87,63,-102.27,55,-109.18,61,-116.11,68,-117.39,48,-120.25
2507,7647.60,6121.00,2.00,0,62,0.04,NLOS,122.40,-8.05,-94.13,-66.35,4.49,39.19,0,63,-102.14,56,-102.26,55,-109.30,61,-116.06,68,-117.27,48,-120.33
2508,7658.49,6121.00,2.00,0,56,0.04,NLOS,122.80,0.98,-103.56,-75.78,-0.05,39.19,1,62,-106.70,57,-110.25,50,-111.91,68,-114.07,63,-114.96,70,-115.09
2509,7669.37,6121.00,2.00,0,56,0.04,NLOS,123.18,0.98,-103.94,-76.16,-0.56,39.19,0,62,-106.35,57,-110.31,50,-112.04,68,-113.95,63,-114.83,70,-115.00
2510,7680.26,6121.00,2.00,0,56,0.04,NLOS,123.55,0.98,-104.31,-76.53,-1.08,39.19,0,62,-106.00,57,-110.38,50,-112.16,68,-113.82,63,-114.70,70,-114.91
2511,7691.15,6121.00,2.00,0,56,0.04,NLOS,123.91,-5.20,-98.49,-70.71,-3.03,39.19,0,62,-95.85,69,-100.66,63,-107.36,50,-115.99,55,-117.19,61,-120.75
2512,7702.03,6121.00,2.00,0,62,0.05,NLOS,120.64,-4.93,-95.49,-67.71,0.66,39.19,1,56,-98.84,69,-100.49,63,-107.24,50,-116.11,55,-117.31,61,-120.71
2513,7712.92,6121.00,2.00,0,62,0.05,NLOS,120.29,-4.93,-95.13,-67.35,1.12,39.19,0,56,-99.19,69,-100.32,63,-107.12,50,-116.23,55,-117.44,61,-120.67
2514,7723.80,6121.00,2.00,0,62,0.05,NLOS,119.93,-3.53,-96.18,-68.40,7.34,39.19,0,63,-106.66,56,-108.64,69,-114.38,61,-114.39,57,-116.81,68,-119.29
2515,7734.69,6121.00,2.00,0,62,0.05,NLOS,119.57,-3.53,-95.82,-68.04,7.73,39.19,0,63,-106.55,56,-108.98,69,-114.20,61,-114.35,57,-116.88,68,-119.17
2516,7745.57,6121.00,2.00,0,62,0.05,NLOS,119.20,-3.53,-95.46,-67.68,8.10,39.19,0,63,-106.44,56,-109.31,69,-114.03,61,-114.31,57,-116.95,68,-119.04
2517,7756.46,6121.00,2.00,0,62,0.05,NLOS,118.84,-3.81,-94.81,-67.03,5.11,39.19,0,63,-100.24,42,-111.28,56,-113.50,60,-113.81,64,-115.18,68,-120.40
2518,7767.34,6121.00,2.00,0,62,0.06,NLOS,118.48,-3.81,-94.45,-66.67,5.38,39.19,0,63,-100.14,42,-111.36,60,-113.80,56,-113.82,64,-115.16,68,-120.28
2519,7778.23,6121.00,2.00,0,62,0.06,NLOS,118.13,-3.81,-94.10,-66.31,5.66,39.19,0,63,-100.04,42,-111.44,60,-113.79,56,-114.14,64,-115.14,68,-120.15
2520,7789.12,6121.00,2.00,0,62,0.06,NLOS,117.77,0.04,-97.59,-69.81,5.53,39.19,0,63,-104.62,57,-107.21,61,-113.11,56,-113.38,50,-113.63,48,-114.40
2521,7800.00,6121.00,2.00,0,62,0.06,NLOS,117.42,0.04,-97.24,-69.46,5.82,39.19,0,63,-104.53,57,-107.28,61,-113.08,56,-113.69,50,-113.74,48,-114.48
2522,7810.89,6121.00,2.00,0,62,0.06,NLOS,117.07,0.04,-96.89,-69.11,6.12,39.19,0,63,-104.45,57,-107.36,61,-113.05,50,-113.86,56,-113.99,48,-114.56
2523,7820.50,6122.27,2.00,1,62,0.06,NLOS,116.82,9.65,-106.26,-78.48,-5.27,39.19,0,63,-104.27,56,-105.91,55,-109.53,68,-115.05,69,-118.33,70,-118.86
2524,7820.50,6133.16,2.00,1,62,0.06,NLOS,117.30,9.65,-106.74,-78.95,-5.89,39.19,0,63,-103.99,56,-105.82,55,-109.69,68,-115.15,69,-118.30,70,-118.76
2525,7820.50,6144.04,2.00,1,63,0.03,NLOS,128.26,-4.33,-103.70,-75.92,-0.75,39.19,1,56,-105.74,62,-107.21,55,-109.85,68,-115.24,69,-118.26,70,-118.66
2526,7820.50,6154.93,2.00,1,62,0.06,NLOS,118.24,5.39,-103.40,-75.62,0.49,39.19,1,50,-107.50,61,-110.20,63,-110.24,56,-110.71,68,-112.46,69,-114.48
2527,7820.50,6165.81,2.00,1,62,0.06,NLOS,118.69,5.39,-103.86,-76.08,0.01,39.19,0,50,-107.45,63,-109.95,61,-110.36,56,-110.64,68,-112.56,69,-114.45
2528,7820.50,6176.70,2.00,1,62,0.05,NLOS,119.14,5.39,-104.31,-76.53,-0.47,39.19,0,50,-107.40,63,-109.65,61,-110.51,56,-110.57,68,-112.65,69,-114.43
2529,7820.50,6187.59,2.00,1,62,0.05,NLOS,119.58,1.55,-100.91,-73.13,2.97,39.19,0,63,-108.62,55,-109.79,56,-110.80,61,-112.00,50,-115.25,64,-115.46
2530,7820.50,6198.47,2.00,1,62,0.05,NLOS,120.01,1.55,-101.34,-73.56,2.48,39.19,0,63,-108.31,55,-109.94,56,-110.74,61,-112.15,50,-115.20,64,-115.33
2531,7820.50,6209.36,2.00,1,62,0.05,NLOS,120.44,1.55,-101.76,-73.98,1.98,39.19,0,63,-107.99,55,-110.10,56,-110.69,61,-112.30,50,-115.15,64,-115.20
2532,7820.50,6220.24,2.00,1,62,0.05,NLOS,120.85,-11.16,-89.48,-61.70,12.45,39.19,0,56,-104.32,63,-109.82,69,-110.21,61,-112.99,57,-114.33,68,-117.87
2533,7820.50,6231.13,2.00,1,62,0.05,NLOS,121.26,-11.16,-89.89,-62.11,11.97,39.19,0,56,-104.28,63,-109.49,69,-110.19,61,-113.14,57,-114.18,68,-117.97
2534,7820.50,6242.01,2.00,1,62,0.04,NLOS,121.67,-11.16,-90.29,-62.51,11.50,39.19,0,56,-104.25,63,-109.17,69,-110.18,61,-113.29,57,-114.04,68,-118.07
2535,7820.50,6252.90,2.00,1,69,0.02,NLOS,135.29,-14.73,-100.34,-72.56,-2.49,39.19,1,63,-101.39,56,-101.42,62,-108.02,57,-109.82,55,-111.45,68,-115.84
2536,7820.50,6263.79,2.00,1,69,0.02,NLOS,135.28,-14.73,-100.33,-72.55,-2.61,39.19,0,63,-101.05,56,-101.40,62,-108.40,57,-109.68,55,-111.60,64,-115.82
2537,7820.50,6274.67,2.00,1,69,0.02,NLOS,135.27,-14.73,-100.33,-72.54,-2.74,39.19,0,63,-100.70,56,-101.38,62,-108.78,57,-109.53,55,-111.75,64,-115.68
2538,7820.50,6285.56,2.00,1,63,0.04,NLOS,124.11,-1.03,-102.86,-75.08,-2.49,39.19,1,57,-104.74,56,-104.97,62,-107.16,55,-108.06,68,-113.00,64,-114.86
2539,7820.50,6296.44,2.00,1,63,0.04,NLOS,123.75,-1.03,-102.50,-74.72,-2.12,39.19,0,57,-104.59,56,-104.97,62,-107.53,55,-108.21,68,-113.10,64,-114.72
2540,7820.50,6307.33,2.00,1,63,0.04,NLOS,123.38,-1.03,-102.14,-74.36,-1.75,39.19,0,57,-104.45,56,-104.97,62,-107.89,55,-108.36,68,-113.20,64,-114.58
2541,7820.50,6318.21,2.00,1,62,0.04,NLOS,124.29,-2.04,-102.03,-74.25,-0.78,39.19,1,56,-104.40,63,-107.00,55,-108.45,57,-110.91,69,-114.80,64,-115.74
2542,7812.40,6321.00,2.00,2,62,0.04,NLOS,124.49,-2.04,-102.23,-74.45,-1.09,39.19,0,56,-104.16,63,-107.02,55,-108.42,57,-110.79,69,-114.95,64,-115.72
2543,7801.52,6321.00,2.00,2,62,0.04,NLOS,124.63,-2.04,-102.37,-74.59,-1.37,39.19,0,56,-103.83,63,-107.20,55,-108.32,57,-110.69,69,-115.14,64,-115.74
2544,7790.63,6321.00,2.00,2,62,0.04,NLOS,124.78,-7.48,-97.09,-69.31,0.34,39.19,0,63,-99.67,56,-102.16,68,-110.67,55,-117.77,57,-117.96,49,-119.56
2545,7779.74,6321.00,2.00,2,62,0.04,NLOS,124.94,-7.48,-97.24,-69.46,0.17,39.19,0,63,-99.86,56,-101.82,68,-110.78,55,-117.68,57,-117.87,49,-119.43
2546,7768.86,6321.00,2.00,2,62,0.04,NLOS,125.10,-7.48,-97.41,-69.62,-0.01,39.19,0,63,-100.05,56,-101.47,68,-110.88,55,-117.58,57,-117.77,49,-119.30
2547,7757.97,6321.00,2.00,2,63,0.04,NLOS,123.96,-1.03,-102.71,-74.93,-0.04,39.19,1,56,-105.97,69,-108.95,49,-109.54,62,-111.14,57,-112.54,55,-113.38
2548,7747.09,6321.00,2.00,2,63,0.04,NLOS,124.16,-1.03,-102.91,-75.13,-0.35,39.19,0,56,-105.60,69,-109.14,49,-109.41,62,-111.31,57,-112.45,55,-113.29
2549,7736.20,6321.00,2.00,2,63,0.04,NLOS,124.36,-1.03,-103.11,-75.33,-0.69,39.19,0,56,-105.23,49,-109.27,69,-109.32,62,-111.48,57,-112.35,55,-113.20
2550,7725.32,6321.00,2.00,2,62,0.03,NLOS,125.79,-6.30,-99.27,-71.48,2.00,39.19,1,63,-104.67,56,-105.35,70,-109.42,55,-110.40,69,-118.16,46,-118.49
2551,7714.43,6321.00,2.00,2,62,0.03,NLOS,125.97,-6.30,-99.45,-71.67,1.75,39.19,0,63,-104.88,56,-104.96,70,-109.53,55,-110.32,69,-118.34,46,-118.47
2552,7703.54,6321.00,2.00,2,62,0.03,NLOS,126.15,-6.30,-99.63,-71.85,1.47,39.19,0,56,-104.56,63,-105.09,70,-109.63,55,-110.23,46,-118.45,69,-118.52
2553,7692.66,6321.00,2.00,2,63,0.04,NLOS,125.20,-2.93,-102.05,-74.27,1.50,39.19,1,62,-105.42,56,-110.66,69,-114.80,42,-115.70,50,-118.28,67,-118.44
2554,7681.77,6321.00,2.00,2,63,0.03,NLOS,125.41,-2.93,-102.27,-74.49,1.33,39.19,0,62,-105.61,56,-110.24,69,-114.97,42,-115.62,50,-118.15,67,-118.49
2555,7670.89,6321.00,2.00,2,63,0.03,NLOS,125.63,-2.93,-102.49,-74.71,1.14,39.19,0,62,-105.80,56,-109.81,69,-115.14,42,-115.55,50,-118.01,64,-118.53
2556,7660.00,6321.00,2.00,2,56,0.05,NLOS,121.42,-2.42,-98.78,-71.00,1.17,39.19,1,62,-102.14,63,-105.75,69,-107.20,50,-111.57,55,-115.95,49,-117.82
2557,7649.12,6321.00,2.00,2,56,0.05,NLOS,120.97,-2.42,-98.33,-70.55,1.79,39.19,0,62,-102.34,63,-105.97,69,-107.37,50,-111.43,55,-115.87,49,-117.69
2558,7638.23,6321.00,2.00,2,56,0.05,NLOS,120.50,-2.42,-97.86,-70.08,2.41,39.19,0,62,-102.53,63,-106.19,69,-107.54,50,-111.29,55,-115.79,49,-117.55
2559,7627.35,6321.00,2.00,2,56,0.05,NLOS,120.02,-0.60,-99.20,-71.42,0.86,39.19,0,63,-101.25,69,-104.33,55,-109.69,50,-112.34,62,-113.49,57,-118.55
2560,7616.46,6321.00,2.00,2,56,0.05,NLOS,119.53,-0.60,-98.71,-70.92,1.52,39.19,0,63,-101.47,69,-104.49,55,-109.62,50,-112.20,62,-113.69,57,-118.47
2561,7605.57,6321.00,2.00,2,56,0.05,NLOS,119.02,-0.60,-98.20,-70.42,2.18,39.19,0,63,-101.70,69,-104.65,55,-109.54,50,-112.05,62,-113.89,57,-118.40
2562,7594.69,6321.00,2.00,2,56,0.06,NLOS,118.50,-1.28,-96.99,-69.21,3.06,39.19,0,57,-103.42,62,-104.75,50,-109.85,49,-111.91,61,-117.29,55,-117.36
2563,7583.80,6321.00,2.00,2,56,0.06,NLOS,117.96,-1.28,-96.45,-68.67,3.60,39.19,0,57,-103.34,62,-104.95,50,-109.71,49,-111.76,55,-117.30,61,-117.33
2564,7572.92,6321.00,2.00,2,56,0.06,NLOS,117.40,-1.28,-95.89,-68.11,4.16,39.19,0,57,-103.27,62,-105.16,50,-109.56,49,-111.62,55,-117.23,61,-117.37
2565,7562.03,6321.00,2.00,2,56,0.06,NLOS,116.82,-16.14,-80.46,-52.68,17.47,39.19,0,57,-100.33,62,-105.13,55,-106.95,63,-108.53,50,-116.58,70,-121.19
2566,7551.15,6321.00,2.00,2,56,0.07,NLOS,116.23,-16.14,-79.87,-52.08,18.07,39.19,0,57,-100.26,62,-105.33,55,-106.88,63,-108.75,50,-116.43,70,-121.30
2567,7540.26,6321.00,2.00,2,56,0.07,NLOS,115.61,-16.14,-79.25,-51.47,18.69,39.19,0,57,-100.19,62,-105.53,55,-106.82,63,-108.98,50,-116.28,49,-121.31
2568,7529.38,6321.00,2.00,2,56,0.08,NLOS,114.97,-2.20,-92.55,-64.77,7.42,39.19,0,63,-100.35,57,-113.43,42,-114.72,70,-118.44,50,-118.48,69,-119.21
2569,7518.49,6321.00,2.00,2,56,0.08,NLOS,114.30,-2.20,-91.89,-64.10,8.29,39.19,0,63,-100.57,57,-113.37,42,-114.64,50,-118.32,70,-118.54,51,-119.15
2570,7507.60,6321.00,2.00,2,56,0.08,NLOS,113.61,-2.20,-91.19,-63.41,9.17,39.19,0,63,-100.79,57,-113.31,42,-114.56,50,-118.16,70,-118.65,51,-119.08
2571,7496.72,6321.00,2.00,2,56,0.09,NLOS,112.89,4.23,-96.90,-69.12,7.34,39.19,0,63,-105.22,69,-110.57,62,-113.28,64,-113.28,51,-116.02,57,-119.21
2572,7485.83,6321.00,2.00,2,56,0.10,NLOS,112.13,4.23,-96.15,-68.36,8.29,39.19,0,63,-105.44,69,-110.72,64,-113.33,62,-113.48,51,-115.95,57,-119.16
2573,7474.95,6321.00,2.00,2,56,0.11,NLOS,111.35,4.23,-95.36,-67.58,9.26,39.19,0,63,-105.65,69,-110.87,64,-113.38,62,-113.68,51,-115.88,57,-119.10
2574,7464.06,6321.00,2.00,2,56,0.11,NLOS,110.52,5.29,-95.59,-67.81,8.37,39.19,0,62,-107.75,55,-108.40,63,-113.44,51,-116.27,50,-116.43,57,-119.34
2575,7453.18,6321.00,2.00,2,56,0.12,NLOS,109.66,5.29,-94.73,-66.95,9.31,39.19,0,62,-107.95,55,-108.35,63,-113.65,51,-116.20,50,-116.27,57,-119.28
2576,7442.29,6321.00,2.00,2,56,0.14,NLOS,108.75,5.29,-93.82,-66.04,10.30,39.19,0,62,-108.15,55,-108.31,63,-113.87,50,-116.10,51,-116.13,57,-119.24
2577,7431.40,6321.00,2.00,2,56,0.15,NLOS,107.79,4.19,-91.76,-63.97,3.28,39.19,0,63,-95.97,62,-103.45,55,-109.53,50,-115.85,61,-117.26,51,-118.88
2578,7420.52,6321.00,2.00,2,56,0.16,NLOS,106.77,4.19,-90.74,-62.96,4.50,39.19,0,63,-96.18,62,-103.65,55,-109.49,50,-115.68,61,-117.32,51,-118.81
2579,7409.63,6321.00,2.00,2,56,0.18,NLOS,105.69,4.19,-89.66,-61.88,5.77,39.19,0,63,-96.39,62,-103.85,55,-109.46,50,-115.51,61,-117.37,51,-118.74
2580,7398.75,6321.00,2.00,2,56,0.20,NLOS,104.54,2.63,-86.96,-59.17,14.83,39.19,0,55,-106.28,63,-107.28,62,-108.26,57,-113.34,49,-115.42,69,-115.99
2581,7387.86,6321.00,2.00,2,56,0.22,NLOS,103.31,2.63,-85.73,-57.94,16.13,39.19,0,55,-106.24,63,-107.49,62,-108.45,57,-113.30,49,-115.26,69,-116.12
2582,7376.98,6321.00,2.00,2,56,0.25,NLOS,101.99,2.63,-84.41,-56.62,17.52,39.19,0,55,-106.21,63,-107.69,62,-108.65,57,-113.27,49,-115.09,69,-116.26
2583,7366.09,6321.00,2.00,2,56,0.28,NLOS,100.57,0.44,-80.79,-53.01,27.97,39.19,0,55,-113.53,49,-114.10,61,-114.69,68,-115.31,59,-117.58,62,-117.73
2584,7355.21,6321.00,2.00,2,56,0.32,NLOS,99.02,0.44,-79.25,-51.47,29.49,39.19,0,55,-113.50,49,-113.93,61,-114.75,68,-115.40,59,-117.60,62,-117.92
2585,7344.32,6321.00,2.00,2,56,0.36,NLOS,97.34,0.44,-77.57,-49.79,31.15,39.19,0,55,-113.48,49,-113.76,61,-114.80,68,-115.50,59,-117.61,62,-118.11
2586,7333.43,6321.00,2.00,2,56,0.41,NLOS,95.50,3.79,-79.07,-51.29,20.08,39.19,0,63,-103.49,50,-105.05,62,-107.83,49,-108.68,55,-108.82,64,-114.36
2587,7322.55,6321.00,2.00,2,56,0.47,NLOS,93.47,3.79,-77.04,-49.26,22.14,39.19,0,63,-103.69,50,-104.87,62,-108.02,49,-108.51,55,-108.80,64,-114.42
2588,7311.66,6321.00,2.00,2,56,0.53,NLOS,91.22,3.79,-74.79,-47.01,24.41,39.19,0,63,-103.89,50,-104.69,62,-108.21,49,-108.33,55,-108.78,64,-114.48
2589,7300.78,6321.00,2.00,2,56,0.61,NLOS,88.73,0.50,-69.01,-41.23,38.90,39.19,0,64,-107.34,49,-110.94,57,-115.21,43,-115.37,55,-115.67,48,-117.73
2590,7289.89,6321.00,2.00,2,56,0.69,NLOS,86.00,0.50,-66.28,-38.50,41.55,39.19,0,64,-107.40,49,-110.77,57,-115.20,43,-115.25,55,-115.66,48,-117.66
2591,7279.01,6321.00,2.00,2,56,0.78,NLOS,83.11,0.50,-63.40,-35.61,44.35,39.19,0,64,-107.46,49,-110.59,43,-115.13,57,-115.19,55,-115.65,48,-117.60
2592,7268.12,6321.00,2.00,2,56,0.87,NLOS,80.36,-4.78,-55.36,-27.58,43.42,39.19,0,63,-99.04,70,-113.52,69,-113.99,50,-116.03,57,-116.47,48,-117.52
2593,7257.23,6321.00,2.00,2,56,0.93,NLOS,78.40,-4.78,-53.40,-25.62,45.55,39.19,0,63,-99.23,70,-113.62,69,-114.11,50,-115.84,57,-116.47,48,-117.46
2594,7246.35,6321.00,2.00,2,56,0.94,NLOS,78.09,-4.78,-53.08,-25.30,46.04,39.19,0,63,-99.42,70,-113.71,69,-114.24,50,-115.65,57,-116.47,48,-117.40
2595,7235.46,6321.00,2.00,2,56,0.89,NLOS,79.59,3.60,-62.96,-35.18,35.93,39.19,0,50,-100.59,49,-105.60,57,-112.45,55,-114.44,62,-116.18,63,-117.08
2596,7224.58,6321.00,2.00,2,56,0.81,NLOS,82.17,3.60,-65.55,-37.77,33.18,39.19,0,50,-100.39,49,-105.41,57,-112.45,55,-114.45,62,-116.36,63,-117.27
2597,7227.31,6321.00,2.00,0,56,0.83,NLOS,81.47,3.60,-64.85,-37.06,33.92,39.19,0,50,-100.44,49,-105.46,57,-112.45,55,-114.45,62,-116.32,63,-117.22
2598,7238.19,6321.00,2.00,0,56,0.91,NLOS,79.07,3.60,-62.45,-34.67,36.48,39.19,0,50,-100.63,49,-105.64,57,-112.45,55,-114.44,62,-116.14,63,-117.03
2599,7249.08,6321.00,2.00,0,56,0.95,NLOS,77.98,1.45,-59.22,-31.44,50.50,39.19,0,49,-113.20,50,-116.57,64,-116.67,68,-117.13,69,-117.61,70,-118.32
2600,7259.96,6321.00,2.00,0,56,0.92,NLOS,78.77,1.45,-60.01,-32.22,49.80,39.19,0,49,-113.38,64,-116.61,50,-116.76,68,-117.04,69,-117.48,70,-118.23
2601,7270.85,6321.00,2.00,0,56,0.85,NLOS,81.01,1.45,-62.25,-34.46,47.64,39.19,0,49,-113.56,64,-116.54,50,-116.95,68,-116.95,69,-117.36,70,-118.13
2602,7281.74,6321.00,2.00,0,56,0.76,NLOS,83.84,-10.21,-53.41,-25.63,50.73,39.19,0,51,-106.77,57,-108.96,62,-110.21,49,-112.14,55,-113.30,63,-114.63
2603,7292.62,6321.00,2.00,0,56,0.67,NLOS,86.70,-10.21,-56.27,-28.49,47.84,39.19,0,51,-106.84,57,-108.97,62,-110.03,49,-112.31,55,-113.31,63,-114.44
2604,7303.51,6321.00,2.00,0,56,0.59,NLOS,89.37,-10.21,-58.94,-31.16,45.14,39.19,0,51,-106.90,57,-108.98,62,-109.84,49,-112.49,55,-113.32,63,-114.24
2605,7314.39,6321.00,2.00,0,56,0.51,NLOS,91.80,1.19,-72.77,-44.99,30.16,39.19,0,62,-106.01,50,-110.63,57,-111.00,63,-111.64,69,-113.69,38,-114.78
2606,7325.28,6321.00,2.00,0,56,0.45,NLOS,93.99,1.19,-74.96,-47.18,27.89,39.19,0,62,-105.82,50,-110.81,57,-111.02,63,-111.44,69,-113.56,38,-114.84
2607,7336.16,6321.00,2.00,0,56,0.40,NLOS,95.98,1.19,-76.95,-49.16,25.82,39.19,0,62,-105.64,50,-110.99,57,-111.04,63,-111.24,69,-113.43,38,-114.90
2608,7347.05,6321.00,2.00,0,56,0.35,NLOS,97.78,-4.99,-72.57,-44.79,31.59,39.19,0,57,-107.43,63,-109.11,70,-110.84,69,-111.84,49,-114.00,55,-116.82
2609,7357.93,6321.00,2.00,0,56,0.31,NLOS,99.42,-4.99,-74.21,-46.43,29.90,39.19,0,57,-107.45,63,-108.90,70,-110.74,69,-111.71,49,-114.17,55,-116.84
2610,7368.82,6321.00,2.00,0,56,0.27,NLOS,100.93,-4.99,-75.73,-47.94,28.35,39.19,0,57,-107.48,63,-108.70,70,-110.64,69,-111.57,49,-114.34,55,-116.86
2611,7379.71,6321.00,2.00,0,56,0.24,NLOS,102.33,-0.08,-82.03,-54.25,18.68,39.19,0,63,-104.81,57,-105.55,55,-107.96,62,-113.09,48,-115.29,70,-116.55
2612,7390.59,6321.00,2.00,0,56,0.22,NLOS,103.63,-0.08,-83.33,-55.55,17.31,39.19,0,63,-104.60,57,-105.59,55,-107.99,62,-112.90,48,-115.36,70,-116.45
2613,7401.48,6321.00,2.00,0,56,0.20,NLOS,104.83,-0.08,-84.54,-56.76,16.03,39.19,0,63,-104.39,57,-105.63,55,-108.03,62,-112.70,48,-115.42,70,-116.35
2614,7412.36,6321.00,2.00,0,56,0.18,NLOS,105.97,11.16,-96.91,-69.13,8.82,39.19,0,49,-109.42,57,-112.52,55,-113.89,63,-115.32,69,-116.84,62,-118.09
2615,7420.50,6318.25,2.00,3,56,0.16,NLOS,106.73,11.16,-97.68,-69.90,8.09,39.19,0,49,-109.52,57,-112.60,55,-113.86,63,-115.20,69,-116.73,62,-117.90
2616,7420.50,6307.37,2.00,3,56,0.16,NLOS,106.65,11.16,-97.59,-69.81,8.16,39.19,0,49,-109.44,57,-112.81,55,-113.66,63,-115.35,69,-116.73,62,-117.75
2617,7420.50,6296.48,2.00,3,56,0.17,NLOS,106.63,-0.88,-85.53,-57.75,16.96,39.19,0,63,-104.34,57,-111.08,49,-112.57,62,-113.34,43,-115.22,61,-116.67
2618,7420.50,6285.59,2.00,3,56,0.16,NLOS,106.68,-0.88,-85.58,-57.80,17.01,39.19,0,63,-104.49,57,-111.28,49,-112.49,62,-113.19,43,-115.22,61,-116.55
2619,7420.50,6274.71,2.00,3,56,0.16,NLOS,106.80,-0.88,-85.70,-57.92,17.00,39.19,0,63,-104.65,57,-111.48,49,-112.42,62,-113.04,43,-115.22,61,-116.43
2620,7420.50,6263.82,2.00,3,56,0.16,NLOS,106.98,0.08,-86.83,-59.05,11.01,39.19,0,62,-98.34,69,-105.55,55,-111.13,49,-112.48,54,-113.58,64,-116.63
2621,7420.50,6252.94,2.00,3,56,0.16,NLOS,107.22,0.08,-87.07,-59.29,10.63,39.19,0,62,-98.19,69,-105.55,55,-110.92,49,-112.41,54,-113.47,64,-116.75
2622,7420.50,6242.05,2.00,3,56,0.15,NLOS,107.51,0.08,-87.37,-59.59,10.19,39.19,0,62,-98.04,69,-105.56,55,-110.70,49,-112.33,54,-113.36,64,-116.86
2623,7420.50,6231.17,2.00,3,56,0.15,NLOS,107.86,4.49,-92.13,-64.35,14.53,39.19,0,62,-109.56,50,-115.35,57,-115.41,63,-116.44,55,-118.83,64,-119.80
2624,7420.50,6220.28,2.00,3,56,0.14,NLOS,108.24,4.49,-92.52,-64.74,14.11,39.19,0,62,-109.41,50,-115.43,57,-115.60,63,-116.60,55,-118.60,64,-119.92
2625,7420.50,6209.40,2.00,3,56,0.14,NLOS,108.67,4.49,-92.94,-65.16,13.64,39.19,0,62,-109.27,50,-115.52,57,-115.79,63,-116.75,55,-118.38,64,-120.03
2626,7420.50,6198.51,2.00,3,56,0.13,NLOS,109.12,6.71,-95.61,-67.83,0.85,39.19,0,49,-97.92,55,-103.35,62,-108.50,69,-112.74,50,-116.26,64,-117.04
2627,7420.50,6187.62,2.00,3,56,0.12,NLOS,109.60,6.71,-96.09,-68.31,0.27,39.19,0,49,-97.86,55,-103.12,62,-108.37,69,-112.75,50,-116.34,64,-117.15
2628,7420.50,6176.74,2.00,3,56,0.12,NLOS,110.10,6.71,-96.59,-68.81,-0.33,39.19,0,49,-97.80,55,-102.89,62,-108.23,69,-112.76,50,-116.43,64,-117.26
2629,7420.50,6165.85,2.00,3,56,0.11,NLOS,110.61,-5.61,-84.78,-57.00,14.52,39.19,0,62,-100.87,55,-105.87,61,-110.84,57,-112.79,63,-116.92,49,-119.45
2630,7420.50,6154.97,2.00,3,56,0.11,NLOS,111.14,-5.61,-85.31,-57.53,13.87,39.19,0,62,-100.74,55,-105.63,61,-110.71,57,-112.97,63,-117.08,49,-119.39
2631,7420.50,6144.08,2.00,3,56,0.10,NLOS,111.67,-5.61,-85.84,-58.06,13.20,39.19,0,62,-100.62,55,-105.39,61,-110.59,57,-113.15,63,-117.24,49,-119.34
2632,7420.50,6133.20,2.00,3,56,0.10,NLOS,112.21,-5.42,-86.57,-58.79,11.21,39.19,0,55,-99.29,62,-105.16,49,-111.64,63,-112.15,57,-113.90,48,-115.03
2633,7420.50,6122.31,2.00,3,56,0.09,NLOS,112.74,-5.42,-87.11,-59.33,10.49,39.19,0,55,-99.04,62,-105.04,49,-111.59,63,-112.31,57,-114.07,48,-114.93
2634,7420.50,6130.57,2.00,1,56,0.10,NLOS,112.33,-5.42,-86.70,-58.92,11.04,39.19,0,55,-99.23,62,-105.13,49,-111.63,63,-112.19,57,-113.94,48,-115.00
2635,7420.50,6141.46,2.00,1,56,0.10,NLOS,111.80,-6.57,-85.01,-57.23,17.09,39.19,0,55,-105.36,63,-108.18,54,-108.91,57,-111.12,62,-111.69,49,-116.73
2636,7420.50,6152.35,2.00,1,56,0.11,NLOS,111.27,-6.57,-84.48,-56.70,17.69,39.19,0,55,-105.60,63,-108.02,54,-109.03,57,-110.95,62,-111.82,49,-116.79
2637,7420.50,6163.23,2.00,1,56,0.11,NLOS,110.74,-6.57,-83.95,-56.17,18.27,39.19,0,55,-105.84,63,-107.86,54,-109.14,57,-110.77,62,-111.95,49,-116.85
2638,7420.50,6174.12,2.00,1,56,0.12,NLOS,110.22,-2.27,-87.73,-59.95,14.79,39.19,0,62,-106.88,55,-109.11,50,-111.15,57,-111.64,49,-112.94,63,-115.09
2639,7420.50,6185.00,2.00,1,56,0.12,NLOS,109.72,-2.27,-87.23,-59.45,15.35,39.19,0,62,-107.02,55,-109.35,50,-111.07,57,-111.46,49,-113.00,63,-114.93
2640,7420.50,6195.89,2.00,1,56,0.13,NLOS,109.24,-2.27,-86.75,-58.96,15.89,39.19,0,62,-107.15,55,-109.58,50,-110.98,57,-111.28,49,-113.06,63,-114.77
2641,7420.50,6206.77,2.00,1,56,0.13,NLOS,108.77,0.86,-89.42,-61.64,12.10,39.19,0,55,-102.45,62,-111.23,69,-111.40,63,-115.08,48,-115.19,50,-118.80
2642,7420.50,6217.66,2.00,1,56,0.14,NLOS,108.34,0.86,-88.99,-61.20,12.72,39.19,0,55,-102.67,62,-111.37,69,-111.39,63,-114.92,48,-115.29,50,-118.71
2643,7420.50,6228.55,2.00,1,56,0.15,NLOS,107.95,0.86,-88.59,-60.81,13.30,39.19,0,55,-102.89,69,-111.38,62,-111.52,63,-114.76,48,-115.38,50,-118.63
2644,7420.50,6239.43,2.00,1,56,0.15,NLOS,107.59,2.99,-90.36,-62.58,8.66,39.19,0,55,-102.78,63,-103.06,62,-111.03,50,-111.25,49,-113.87,57,-115.05
2645,7420.50,6250.32,2.00,1,56,0.16,NLOS,107.28,2.99,-90.05,-62.27,8.99,39.19,0,63,-102.90,55,-103.00,50,-111.17,62,-111.18,49,-113.94,57,-114.85
2646,7420.50,6261.20,2.00,1,56,0.16,NLOS,107.03,2.99,-89.80,-62.02,9.27,39.19,0,63,-102.75,55,-103.21,50,-111.09,62,-111.33,49,-114.01,57,-114.66
2647,7420.50,6272.09,2.00,1,56,0.16,NLOS,106.84,5.68,-92.30,-64.52,7.36,39.19,0,63,-102.16,57,-106.15,62,-107.49,51,-115.30,43,-116.36,49,-116.52
2648,7420.50,6282.97,2.00,1,56,0.16,NLOS,106.70,5.68,-92.16,-64.38,7.39,39.19,0,63,-102.01,57,-105.95,62,-107.64,51,-115.20,43,-116.36,49,-116.60
2649,7420.50,6293.86,2.00,1,56,0.17,NLOS,106.64,5.68,-92.10,-64.32,7.35,39.19,0,63,-101.86,57,-105.75,62,-107.79,51,-115.11,43,-116.36,49,-116.67
2650,7420.50,6304.74,2.00,1,56,0.17,NLOS,106.64,2.51,-88.93,-61.15,10.08,39.19,0,63,-99.72,50,-110.86,62,-112.29,48,-114.42,70,-116.26,49,-116.73
2651,7420.50,6315.63,2.00,1,56,0.16,NLOS,106.71,2.51,-89.00,-61.22,9.88,39.19,0,63,-99.57,50,-110.79,62,-112.44,48,-114.51,70,-116.20,49,-116.80
2652,7414.98,6321.00,2.00,2,56,0.17,NLOS,106.23,2.51,-88.52,-60.74,10.39,39.19,0,63,-99.61,50,-110.66,62,-112.62,48,-114.52,70,-116.22,49,-116.76
2653,7404.10,6321.00,2.00,2,56,0.19,NLOS,105.11,-4.32,-80.57,-52.79,23.47,39.19,0,62,-108.48,63,-108.64,57,-112.36,61,-114.76,49,-115.75,43,-117.55
2654,7393.21,6321.00,2.00,2,56,0.21,NLOS,103.92,-4.32,-79.38,-51.60,24.78,39.19,0,62,-108.67,63,-108.84,57,-112.33,61,-114.82,49,-115.59,43,-117.43
2655,7382.33,6321.00,2.00,2,56,0.24,NLOS,102.65,-4.32,-78.11,-50.33,26.17,39.19,0,62,-108.87,63,-109.05,57,-112.29,61,-114.87,49,-115.42,43,-117.32
2656,7371.44,6321.00,2.00,2,56,0.27,NLOS,101.28,0.07,-81.13,-53.35,24.55,39.19,0,63,-110.53,68,-112.08,50,-113.49,69,-113.74,55,-114.18,57,-114.38
2657,7360.56,6321.00,2.00,2,56,0.30,NLOS,99.80,0.07,-79.65,-51.86,26.06,39.19,0,63,-110.74,68,-112.17,50,-113.31,69,-113.87,55,-114.15,57,-114.35
2658,7349.67,6321.00,2.00,2,56,0.34,NLOS,98.19,0.07,-78.04,-50.25,27.70,39.19,0,63,-110.94,68,-112.27,50,-113.14,69,-114.00,55,-114.13,57,-114.33
2659,7338.78,6321.00,2.00,2,56,0.38,NLOS,96.43,5.04,-81.24,-53.46,21.77,39.19,0,63,-105.94,49,-110.80,57,-111.70,55,-113.65,62,-113.98,54,-114.55
2660,7327.90,6321.00,2.00,2,56,0.44,NLOS,94.49,5.04,-79.31,-51.53,23.79,39.19,0,63,-106.14,49,-110.63,57,-111.68,55,-113.63,62,-114.16,54,-114.55
2661,7317.01,6321.00,2.00,2,56,0.50,NLOS,92.35,5.04,-77.17,-49.39,26.00,39.19,0,63,-106.34,49,-110.46,57,-111.66,55,-113.61,62,-114.35,54,-114.55
2662,7306.13,6321.00,2.00,2,56,0.57,NLOS,89.98,0.79,-70.55,-42.77,38.69,39.19,0,43,-111.49,49,-113.53,57,-116.15,63,-116.76,69,-117.48,42,-117.70
2663,7295.24,6321.00,2.00,2,56,0.65,NLOS,87.37,0.79,-67.94,-40.16,41.28,39.19,0,43,-111.37,49,-113.36,57,-116.13,63,-116.96,69,-117.60,42,-117.61
2664,7284.36,6321.00,2.00,2,56,0.73,NLOS,84.54,0.79,-65.11,-37.33,44.08,39.19,0,43,-111.25,49,-113.18,57,-116.12,63,-117.15,42,-117.52,69,-117.73
2665,7273.47,6321.00,2.00,2,56,0.82,NLOS,81.67,7.13,-68.57,-40.79,34.94,39.19,0,57,-104.35,63,-115.16,62,-116.99,50,-120.03,70,-120.14,49,-120.60
2666,7262.59,6321.00,2.00,2,56,0.90,NLOS,79.21,7.13,-66.12,-38.34,37.40,39.19,0,57,-104.35,63,-115.35,62,-117.17,50,-119.84,70,-120.24,49,-120.42
2667,7251.70,6321.00,2.00,2,56,0.95,NLOS,78.00,7.13,-64.91,-37.13,38.62,39.19,0,57,-104.35,63,-115.54,62,-117.35,50,-119.65,49,-120.24,70,-120.33
2668,7240.81,6321.00,2.00,2,56,0.92,NLOS,78.66,1.49,-59.93,-32.15,43.27,39.19,0,62,-106.55,50,-110.85,55,-112.53,49,-112.94,57,-113.87,43,-114.84
2669,7229.93,6321.00,2.00,2,56,0.85,NLOS,80.82,1.49,-62.09,-34.31,41.14,39.19,0,62,-106.73,50,-110.66,55,-112.53,49,-112.76,57,-113.88,43,-114.72
2670,7219.04,6321.00,2.00,2,56,0.76,NLOS,83.63,1.49,-64.91,-37.12,38.36,39.19,0,62,-106.91,50,-110.47,55,-112.54,49,-112.58,57,-113.88,43,-114.60
2671,7208.16,6321.00,2.00,2,56,0.67,NLOS,86.50,-7.85,-58.43,-30.65,42.55,39.19,0,57,-102.46,50,-109.31,49,-112.36,62,-115.79,55,-116.49,64,-116.98
2672,7197.27,6321.00,2.00,2,56,0.59,NLOS,89.19,-7.85,-61.12,-33.34,39.83,39.19,0,57,-102.47,50,-109.12,49,-112.18,62,-115.97,55,-116.50,64,-117.05
2673,7186.39,6321.00,2.00,2,56,0.52,NLOS,91.64,-7.85,-63.56,-35.78,37.36,39.19,0,57,-102.49,50,-108.92,49,-111.99,62,-116.14,55,-116.51,48,-117.10
2674,7175.50,6321.00,2.00,2,56,0.46,NLOS,93.84,14.58,-88.21,-60.42,18.36,39.19,0,50,-109.24,51,-114.56,63,-114.69,55,-115.42,57,-118.52,43,-118.90
2675,7164.62,6321.00,2.00,2,56,0.40,NLOS,95.84,14.58,-90.20,-62.42,16.28,39.19,0,50,-109.04,51,-114.50,63,-114.87,55,-115.44,57,-118.54,43,-118.77
2676,7153.73,6321.00,2.00,2,56,0.35,NLOS,97.65,14.58,-92.02,-64.23,14.38,39.19,0,50,-108.84,51,-114.44,63,-115.05,55,-115.46,57,-118.57,43,-118.64
2677,7142.84,6321.00,2.00,2,56,0.31,NLOS,99.31,-3.99,-75.10,-47.32,29.43,39.19,0,63,-106.28,43,-113.53,62,-113.83,57,-115.24,51,-116.79,55,-117.47
2678,7131.96,6321.00,2.00,2,56,0.28,NLOS,100.83,-3.99,-76.62,-48.84,28.04,39.19,0,63,-106.46,43,-113.40,62,-114.00,57,-115.27,51,-116.73,55,-117.50
2679,7121.07,6321.00,2.00,2,56,0.25,NLOS,102.23,-3.99,-78.02,-50.24,26.75,39.19,0,63,-106.63,43,-113.26,62,-114.16,57,-115.30,51,-116.67,50,-117.33
2680,7110.19,6321.00,2.00,2,56,0.22,NLOS,103.54,-2.58,-80.74,-52.96,19.41,39.19,0,49,-102.11,50,-109.05,63,-110.19,57,-112.41,62,-113.43,69,-114.17
2681,7099.30,6321.00,2.00,2,56,0.20,NLOS,104.75,-2.58,-81.95,-54.17,18.07,39.19,0,49,-101.92,50,-108.85,63,-110.36,57,-112.45,62,-113.59,69,-114.28
2682,7088.42,6321.00,2.00,2,56,0.18,NLOS,105.89,-2.58,-83.09,-55.31,16.80,39.19,0,49,-101.72,50,-108.63,63,-110.53,57,-112.49,62,-113.75,51,-114.38
2683,7077.53,6321.00,2.00,2,56,0.16,NLOS,106.96,-6.83,-79.91,-52.13,16.80,39.19,0,50,-98.50,57,-102.16,49,-110.47,69,-116.24,48,-118.36,63,-119.61
2684,7066.64,6321.00,2.00,2,56,0.15,NLOS,107.96,-6.83,-80.91,-53.13,15.66,39.19,0,50,-98.29,57,-102.21,49,-110.27,69,-116.35,48,-118.31,63,-119.78
2685,7055.76,6321.00,2.00,2,56,0.13,NLOS,108.91,-6.83,-81.87,-54.09,14.57,39.19,0,50,-98.08,57,-102.26,49,-110.07,69,-116.46,48,-118.26,44,-119.74
2686,7044.87,6321.00,2.00,2,56,0.12,NLOS,109.82,2.93,-92.53,-64.75,15.30,39.19,0,49,-111.96,48,-112.70,50,-112.90,42,-113.94,62,-116.78,43,-118.72
2687,7033.99,6321.00,2.00,2,56,0.11,NLOS,110.67,2.93,-93.39,-65.61,14.32,39.19,0,49,-111.76,48,-112.65,50,-112.68,42,-113.84,62,-116.93,43,-118.57
2688,7023.10,6321.00,2.00,2,56,0.10,NLOS,111.49,2.93,-94.21,-66.42,13.39,39.19,0,49,-111.56,50,-112.46,48,-112.60,42,-113.74,62,-117.09,43,-118.43
2689,7028.78,6321.00,2.00,0,56,0.11,NLOS,111.07,-1.88,-88.97,-61.19,18.24,39.19,0,50,-109.22,49,-115.10,57,-117.62,69,-117.79,51,-118.03,43,-119.96
2690,7039.67,6321.00,2.00,0,56,0.12,NLOS,110.23,-1.88,-88.14,-60.36,19.23,39.19,0,50,-109.44,49,-115.30,57,-117.57,69,-117.69,51,-118.08,48,-120.02
2691,7050.55,6321.00,2.00,0,56,0.13,NLOS,109.35,-1.88,-87.26,-59.47,20.26,39.19,0,50,-109.65,49,-115.50,57,-117.52,69,-117.58,51,-118.14,62,-120.04
2692,7061.44,6321.00,2.00,0,56,0.14,NLOS,108.42,0.99,-89.20,-61.41,13.75,39.19,0,55,-106.46,50,-108.26,49,-113.69,57,-114.31,62,-115.33,47,-117.07
2693,7072.33,6321.00,2.00,0,56,0.15,NLOS,107.44,0.99,-88.22,-60.43,14.77,39.19,0,55,-106.42,50,-108.47,49,-113.88,57,-114.26,62,-115.17,47,-117.09
2694,7083.21,6321.00,2.00,0,56,0.17,NLOS,106.41,0.99,-87.18,-59.40,15.85,39.19,0,55,-106.38,50,-108.68,49,-114.08,57,-114.22,62,-115.01,47,-117.11
2695,7094.10,6321.00,2.00,0,56,0.19,NLOS,105.30,0.41,-85.50,-57.72,22.60,39.19,0,49,-111.05,63,-116.07,57,-117.18,50,-118.07,42,-120.89,55,-121.59
2696,7104.98,6321.00,2.00,0,56,0.21,NLOS,104.13,0.41,-84.32,-56.54,23.86,39.19,0,49,-111.25,63,-115.90,57,-117.14,50,-118.28,42,-120.98,55,-121.55
2697,7115.87,6321.00,2.00,0,56,0.23,NLOS,102.87,0.41,-83.06,-55.28,25.19,39.19,0,49,-111.44,63,-115.73,57,-117.10,50,-118.48,42,-121.08,55,-121.52
2698,7126.75,6321.00,2.00,0,56,0.26,NLOS,101.52,1.51,-82.81,-55.03,23.23,39.19,0,49,-110.64,51,-110.84,50,-112.81,42,-112.93,55,-114.20,63,-114.22
2699,7137.64,6321.00,2.00,0,56,0.29,NLOS,100.05,1.51,-81.35,-53.56,24.75,39.19,0,49,-110.83,51,-110.90,50,-113.01,42,-113.03,63,-114.05,55,-114.17
2700,7148.52,6321.00,2.00,0,56,0.33,NLOS,98.46,1.51,-79.76,-51.98,26.39,39.19,0,51,-110.96,49,-111.02,42,-113.12,50,-113.22,63,-113.88,55,-114.14
2701,7159.41,6321.00,2.00,0,56,0.38,NLOS,96.73,-4.09,-72.42,-44.64,31.81,39.19,0,63,-106.87,57,-110.12,54,-111.32,62,-113.24,37,-118.29,43,-118.66
2702,7170.30,6321.00,2.00,0,56,0.43,NLOS,94.82,-4.09,-70.52,-42.73,33.60,39.19,0,63,-106.69,57,-110.10,54,-111.31,62,-113.07,37,-118.38,43,-118.79
2703,7181.18,6321.00,2.00,0,56,0.49,NLOS,92.72,-4.09,-68.41,-40.63,35.58,39.19,0,63,-106.51,57,-110.08,54,-111.31,62,-112.90,37,-118.46,43,-118.92
2704,7192.07,6321.00,2.00,0,56,0.56,NLOS,90.39,5.69,-75.86,-48.08,26.47,39.19,0,50,-105.83,57,-105.87,63,-114.53,51,-117.47,62,-118.64,48,-119.52
2705,7202.95,6321.00,2.00,0,56,0.63,NLOS,87.82,5.69,-73.29,-45.51,29.11,39.19,0,57,-105.85,50,-106.02,63,-114.35,51,-117.54,62,-118.47,48,-119.58
2706,7213.84,6321.00,2.00,0,56,0.72,NLOS,85.02,5.69,-70.49,-42.71,31.97,39.19,0,57,-105.84,50,-106.22,63,-114.16,51,-117.60,62,-118.29,48,-119.63
2707,7220.50,6325.22,2.00,1,56,0.75,NLOS,84.12,-3.69,-60.21,-32.42,39.26,39.19,0,57,-102.90,63,-104.37,50,-107.11,49,-115.13,64,-115.25,62,-117.09
2708,7220.50,6336.11,2.00,1,56,0.67,NLOS,86.54,-3.69,-62.63,-34.85,36.69,39.19,0,57,-102.68,63,-104.27,50,-107.01,64,-115.14,49,-115.25,62,-117.19
2709,7220.50,6347.00,2.00,1,56,0.60,NLOS,88.98,-3.69,-65.07,-37.29,34.10,39.19,0,57,-102.45,63,-104.17,50,-106.90,64,-115.04,49,-115.37,62,-117.30
2710,7220.50,6357.88,2.00,1,56,0.53,NLOS,91.30,-4.39,-66.69,-38.91,33.70,39.19,0,57,-102.34,55,-108.28,49,-108.30,61,-114.28,43,-115.88,44,-118.03
2711,7220.50,6368.77,2.00,1,56,0.47,NLOS,93.45,-4.39,-68.83,-41.05,31.46,39.19,0,57,-102.11,49,-108.42,55,-108.48,61,-114.38,43,-115.89,44,-117.98
2712,7220.50,6379.65,2.00,1,56,0.41,NLOS,95.42,-4.39,-70.80,-43.02,29.38,39.19,0,57,-101.88,49,-108.54,55,-108.68,61,-114.48,43,-115.90,44,-117.92
2713,7220.50,6390.54,2.00,1,56,0.36,NLOS,97.22,-2.88,-74.13,-46.35,25.20,39.19,0,63,-100.73,49,-109.22,50,-109.98,62,-111.49,57,-116.67,61,-116.80
2714,7220.50,6401.42,2.00,1,56,0.32,NLOS,98.88,-2.88,-75.79,-48.01,23.49,39.19,0,63,-100.65,49,-109.34,50,-109.88,62,-111.60,57,-116.43,61,-116.90
2715,7220.50,6412.31,2.00,1,56,0.29,NLOS,100.41,-2.88,-77.32,-49.54,21.90,39.19,0,63,-100.56,49,-109.46,50,-109.79,62,-111.71,57,-116.19,61,-117.00
2716,7220.50,6423.19,2.00,1,56,0.25,NLOS,101.83,0.03,-81.65,-53.86,19.11,39.19,0,49,-103.52,57,-108.03,63,-108.90,61,-111.90,55,-112.16,64,-115.09
2717,7220.50,6434.08,2.00,1,56,0.23,NLOS,103.15,0.03,-82.96,-55.18,17.81,39.19,0,49,-103.64,57,-107.78,63,-108.82,61,-112.00,55,-112.35,64,-114.98
2718,7220.50,6444.97,2.00,1,56,0.20,NLOS,104.38,0.03,-84.19,-56.41,16.59,39.19,0,49,-103.77,57,-107.53,63,-108.74,61,-112.10,55,-112.53,64,-114.87
2719,7220.50,6455.85,2.00,1,56,0.18,NLOS,105.53,-0.30,-85.01,-57.23,14.33,39.19,0,57,-102.45,62,-106.39,55,-108.52,63,-108.63,50,-111.11,69,-114.31
2720,7220.50,6466.74,2.00,1,56,0.17,NLOS,106.61,-0.30,-86.09,-58.31,13.15,39.19,0,57,-102.19,62,-106.50,63,-108.56,55,-108.69,50,-111.02,69,-114.33
2721,7220.50,6477.62,2.00,1,56,0.15,NLOS,107.63,-0.30,-87.11,-59.33,12.02,39.19,0,57,-101.92,62,-106.62,63,-108.49,55,-108.87,50,-110.94,69,-114.34
2722,7220.50,6488.51,2.00,1,56,0.14,NLOS,108.59,2.83,-91.21,-63.42,12.67,39.19,0,50,-106.23,62,-111.71,49,-114.09,55,-115.01,57,-115.79,43,-117.25
2723,7220.50,6499.39,2.00,1,56,0.13,NLOS,109.51,2.83,-92.12,-64.34,11.73,39.19,0,50,-106.16,62,-111.83,49,-114.21,55,-115.19,57,-115.52,43,-117.27
2724,7220.50,6510.28,2.00,1,56,0.12,NLOS,110.37,2.83,-92.99,-65.21,10.84,39.19,0,50,-106.08,62,-111.95,49,-114.34,57,-115.24,55,-115.36,43,-117.29
2725,7220.50,6521.17,2.00,1,56,0.11,NLOS,111.20,1.11,-92.09,-64.31,10.12,39.19,0,62,-103.94,63,-111.88,50,-112.90,55,-113.46,57,-116.79,64,-118.91
2726,7220.50,6532.05,2.00,1,56,0.10,NLOS,111.99,1.11,-92.88,-65.10,9.40,39.19,0,62,-104.06,63,-111.82,50,-112.83,55,-113.63,57,-116.50,64,-118.80
2727,7220.50,6542.94,2.00,1,56,0.09,NLOS,112.75,1.11,-93.64,-65.86,8.71,39.19,0,62,-104.18,63,-111.76,50,-112.77,55,-113.80,57,-116.21,64,-118.68
2728,7220.50,6553.82,2.00,1,56,0.09,NLOS,113.47,-14.94,-78.31,-50.53,22.37,39.19,0,50,-101.73,63,-111.86,51,-113.54,49,-113.91,62,-114.72,57,-114.72
2729,7220.50,6564.71,2.00,1,56,0.08,NLOS,114.17,-14.94,-79.01,-51.23,21.63,39.19,0,50,-101.67,63,-111.81,51,-113.42,49,-114.04,57,-114.42,62,-114.84
2730,7220.50,6575.59,2.00,1,56,0.08,NLOS,114.84,-14.94,-79.68,-51.90,20.91,39.19,0,50,-101.62,63,-111.76,51,-113.29,57,-114.11,49,-114.17,62,-114.96
2731,7220.50,6586.48,2.00,1,56,0.07,NLOS,115.48,4.21,-99.47,-71.69,1.60,39.19,0,57,-102.26,50,-108.20,63,-116.20,70,-116.93,64,-117.95,37,-121.20
2732,7220.50,6597.36,2.00,1,56,0.07,NLOS,116.10,4.21,-100.09,-72.31,0.72,39.19,0,57,-101.94,50,-108.15,63,-116.16,70,-116.89,64,-117.84,37,-121.19
2733,7220.50,6608.25,2.00,1,56,0.06,NLOS,116.70,4.21,-100.69,-72.91,-0.14,39.19,0,57,-101.61,50,-108.11,63,-116.12,70,-116.85,64,-117.72,37,-121.19
2734,7220.50,6619.14,2.00,1,56,0.06,NLOS,117.28,5.03,-102.09,-74.31,2.49,39.19,0,57,-107.68,50,-112.56,49,-113.57,55,-114.62,63,-115.17,37,-118.69
2735,7220.50,6630.02,2.00,1,56,0.06,NLOS,117.84,5.03,-102.65,-74.87,1.78,39.19,0,57,-107.34,50,-112.52,49,-113.70,55,-114.78,63,-115.14,37,-118.69
2736,7220.50,6640.91,2.00,1,56,0.06,NLOS,118.38,5.03,-103.20,-75.41,1.08,39.19,0,57,-106.99,50,-112.49,49,-113.82,55,-114.93,63,-115.11,37,-118.68
2737,7220.50,6651.79,2.00,1,56,0.05,NLOS,118.91,2.10,-100.79,-73.01,1.58,39.19,0,57,-103.66,62,-111.68,63,-113.18,44,-116.03,42,-116.29,54,-116.81
2738,7220.50,6662.68,2.00,1,56,0.05,NLOS,119.42,2.10,-101.30,-73.52,0.81,39.19,0,57,-103.30,62,-111.80,63,-113.15,44,-115.99,42,-116.35,54,-116.89
2739,7220.50,6673.56,2.00,1,56,0.05,NLOS,119.92,2.10,-101.80,-74.02,0.04,39.19,0,57,-102.93,62,-111.92,63,-113.13,44,-115.95,42,-116.42,54,-116.98
2740,7220.50,6684.45,2.00,1,57,0.04,NLOS,124.12,-4.65,-99.25,-71.47,3.59,39.19,1,56,-103.67,62,-109.92,50,-113.52,63,-117.10,43,-118.09,64,-119.10
2741,7220.50,6695.33,2.00,1,57,0.04,NLOS,123.73,-4.65,-98.86,-71.08,4.35,39.19,0,56,-104.14,62,-110.04,50,-113.50,63,-117.08,43,-118.12,64,-118.98
2742,7220.50,6706.22,2.00,1,57,0.04,NLOS,123.33,-4.65,-98.47,-70.69,5.11,39.19,0,56,-104.59,62,-110.16,50,-113.49,63,-117.07,43,-118.15,64,-118.86
2743,7220.50,6717.11,2.00,1,56,0.04,NLOS,121.77,-3.29,-98.26,-70.48,5.00,39.19,1,63,-105.12,50,-110.32,57,-116.66,55,-116.83,62,-117.65,64,-117.83
2744,7227.49,6721.00,2.00,0,56,0.04,NLOS,121.91,-3.29,-98.40,-70.62,4.79,39.19,0,63,-104.96,50,-110.49,57,-116.50,55,-116.88,62,-117.62,64,-117.72
2745,7238.38,6721.00,2.00,0,56,0.04,NLOS,121.89,-3.29,-98.38,-70.60,4.68,39.19,0,63,-104.72,50,-110.74,57,-116.48,55,-116.88,62,-117.52,64,-117.61
2746,7249.26,6721.00,2.00,0,56,0.04,NLOS,121.88,7.26,-108.92,-81.14,-3.13,39.19,0,57,-110.02,55,-110.07,64,-110.17,50,-115.00,63,-118.89,49,-120.19
2747,7260.15,6721.00,2.00,0,56,0.04,NLOS,121.89,7.26,-108.93,-81.15,-3.12,39.19,0,57,-110.02,64,-110.07,55,-110.07,50,-115.25,63,-118.64,49,-120.30
2748,7271.03,6721.00,2.00,0,56,0.04,NLOS,121.90,7.26,-108.95,-81.16,-3.12,39.19,0,64,-109.97,57,-110.04,55,-110.07,50,-115.49,63,-118.39,49,-120.41
2749,7281.92,6721.00,2.00,0,56,0.04,NLOS,121.93,-5.43,-96.28,-68.50,2.70,39.19,0,57,-99.84,50,-108.19,63,-114.73,62,-117.27,60,-117.44,49,-117.79
2750,7292.81,6721.00,2.00,0,56,0.04,NLOS,121.97,-5.43,-96.32,-68.54,2.71,39.19,0,57,-99.87,50,-108.43,63,-114.47,62,-117.17,60,-117.42,49,-117.90
2751,7303.69,6721.00,2.00,0,56,0.04,NLOS,122.02,-5.43,-96.37,-68.58,2.71,39.19,0,57,-99.92,50,-108.66,63,-114.21,62,-117.06,60,-117.40,49,-118.01
2752,7314.58,6721.00,2.00,0,56,0.04,NLOS,122.08,3.31,-105.17,-77.39,-0.99,39.19,0,57,-107.97,50,-109.79,63,-110.03,64,-115.17,35,-120.35,62,-121.32
2753,7325.46,6721.00,2.00,0,56,0.04,NLOS,122.15,3.31,-105.24,-77.46,-1.05,39.19,0,57,-108.03,63,-109.75,50,-110.02,64,-115.07,35,-120.40,62,-121.22
2754,7336.35,6721.00,2.00,0,56,0.04,NLOS,122.23,3.31,-105.32,-77.54,-1.12,39.19,0,57,-108.11,63,-109.48,50,-110.24,64,-114.97,35,-120.45,62,-121.11
2755,7347.23,6721.00,2.00,0,56,0.04,NLOS,122.32,1.37,-103.47,-75.68,-1.54,39.19,0,50,-104.96,63,-108.00,57,-110.25,55,-112.23,44,-115.59,51,-119.08
2756,7358.12,6721.00,2.00,0,56,0.04,NLOS,122.42,1.37,-103.57,-75.78,-1.60,39.19,0,50,-105.18,63,-107.71,57,-110.34,55,-112.24,44,-115.70,51,-119.19
2757,7369.00,6721.00,2.00,0,56,0.04,NLOS,122.53,1.37,-103.68,-75.89,-1.67,39.19,0,50,-105.39,63,-107.42,57,-110.44,55,-112.26,44,-115.81,69,-119.12
2758,7379.89,6721.00,2.00,0,56,0.04,NLOS,122.65,-16.66,-85.77,-57.99,13.63,39.19,0,57,-101.10,63,-106.29,55,-109.96,49,-116.17,42,-120.95,69,-121.37
2759,7390.78,6721.00,2.00,0,56,0.04,NLOS,122.77,-16.66,-85.90,-58.11,13.53,39.19,0,57,-101.22,63,-105.99,55,-109.97,49,-116.28,42,-121.02,69,-121.25
2760,7401.66,6721.00,2.00,0,56,0.04,NLOS,122.91,-16.66,-86.03,-58.25,13.41,39.19,0,57,-101.34,63,-105.69,55,-109.99,49,-116.38,42,-121.09,69,-121.13
2761,7412.55,6721.00,2.00,0,56,0.04,NLOS,123.05,5.03,-107.86,-80.08,-0.61,39.19,0,50,-111.44,64,-111.51,69,-111.68,57,-114.65,49,-115.05,42,-115.48
2762,7420.50,6723.93,2.00,1,56,0.04,NLOS,123.26,5.03,-108.07,-80.29,-0.77,39.19,0,64,-111.40,50,-111.59,69,-111.60,57,-114.65,49,-115.15,42,-115.54
2763,7420.50,6734.82,2.00,1,56,0.04,NLOS,123.63,5.03,-108.44,-80.66,-1.18,39.19,0,64,-111.25,50,-111.59,69,-111.64,57,-114.29,49,-115.25,42,-115.59
2764,7420.50,6745.70,2.00,1,56,0.04,NLOS,124.00,-7.22,-96.56,-68.78,0.76,39.19,0,57,-99.09,63,-102.47,55,-116.29,70,-117.87,62,-118.50,48,-118.78
2765,7420.50,6756.59,2.00,1,56,0.04,NLOS,124.35,-7.22,-96.92,-69.14,0.15,39.19,0,57,-98.71,63,-102.48,55,-116.43,70,-117.83,62,-118.64,48,-118.86
2766,7420.50,6767.48,2.00,1,56,0.04,NLOS,124.70,-7.22,-97.27,-69.49,-0.46,39.19,0,57,-98.32,63,-102.50,55,-116.56,70,-117.79,62,-118.79,48,-118.94
2767,7420.50,6778.36,2.00,1,57,0.04,NLOS,121.91,-13.22,-88.47,-60.69,10.30,39.19,1,64,-101.60,56,-105.17,63,-107.93,50,-108.00,62,-109.77,70,-111.04
2768,7420.50,6789.25,2.00,1,57,0.04,NLOS,121.51,-13.22,-88.07,-60.29,10.70,39.19,0,64,-101.45,56,-105.51,63,-107.96,50,-108.01,62,-109.92,70,-111.01
2769,7420.50,6800.13,2.00,1,57,0.05,NLOS,121.09,-13.22,-87.66,-59.88,11.10,39.19,0,64,-101.30,56,-105.84,63,-107.99,50,-108.03,62,-110.06,70,-110.97
2770,7420.50,6811.02,2.00,1,57,0.05,NLOS,120.68,1.97,-102.43,-74.65,1.84,39.19,0,63,-105.81,62,-111.37,56,-112.17,70,-113.14,50,-116.33,37,-116.54
2771,7420.50,6821.90,2.00,1,57,0.05,NLOS,120.25,1.97,-102.01,-74.22,2.34,39.19,0,63,-105.86,62,-111.51,56,-112.49,70,-113.10,50,-116.34,37,-116.54
2772,7420.50,6832.79,2.00,1,57,0.05,NLOS,119.82,1.97,-101.57,-73.79,2.85,39.19,0,63,-105.91,62,-111.65,56,-112.81,70,-113.07,50,-116.36,37,-116.55
2773,7420.50,6843.67,2.00,1,57,0.05,NLOS,119.37,-0.36,-98.80,-71.02,-0.48,39.19,0,56,-99.32,63,-108.68,50,-109.63,62,-112.10,64,-113.92,51,-118.89
2774,7420.50,6854.56,2.00,1,57,0.05,NLOS,118.92,-0.36,-98.35,-70.56,0.22,39.19,0,56,-99.63,63,-108.74,50,-109.65,62,-112.24,64,-113.76,51,-118.79
2775,7420.50,6865.45,2.00,1,57,0.06,NLOS,118.46,-0.36,-97.89,-70.10,0.91,39.19,0,56,-99.93,63,-108.81,50,-109.68,62,-112.38,64,-113.61,51,-118.69
2776,7420.50,6876.33,2.00,1,56,0.03,NLOS,127.90,-6.51,-101.17,-73.38,4.30,39.19,1,50,-108.65,57,-109.73,70,-112.11,69,-114.88,51,-116.50,63,-117.40
2777,7420.50,6887.22,2.00,1,56,0.03,NLOS,128.19,-6.51,-101.46,-73.68,3.85,39.19,0,50,-108.68,57,-109.25,70,-112.08,69,-114.93,51,-116.40,63,-117.47
2778,7420.50,6898.10,2.00,1,56,0.03,NLOS,128.48,-6.51,-101.74,-73.96,3.39,39.19,0,50,-108.71,57,-108.77,70,-112.06,69,-114.98,51,-116.30,63,-117.55
2779,7420.50,6908.99,2.00,1,57,0.07,NLOS,116.54,-1.57,-94.75,-66.97,6.67,39.19,1,51,-105.89,63,-106.36,56,-107.02,69,-110.30,49,-117.37,43,-118.84
2780,7420.50,6919.87,2.00,1,57,0.07,NLOS,116.04,-1.57,-94.25,-66.47,7.23,39.19,0,51,-105.79,63,-106.46,56,-107.30,69,-110.35,49,-117.47,43,-118.88
2781,7410.74,6921.00,2.00,2,57,0.07,NLOS,115.67,-1.57,-93.88,-66.10,7.62,39.19,0,51,-105.66,63,-106.72,56,-107.27,69,-110.46,49,-117.40,43,-118.80
2782,7399.86,6921.00,2.00,2,57,0.07,NLOS,115.33,5.90,-101.02,-73.23,0.16,39.19,0,56,-102.35,63,-110.60,64,-113.08,50,-114.37,62,-116.99,55,-119.32
2783,7388.97,6921.00,2.00,2,57,0.07,NLOS,115.00,5.90,-100.69,-72.90,0.47,39.19,0,56,-102.29,63,-110.88,64,-113.21,50,-114.17,62,-117.07,55,-119.31
2784,7378.08,6921.00,2.00,2,57,0.08,NLOS,114.69,5.90,-100.37,-72.59,0.76,39.19,0,56,-102.22,63,-111.16,64,-113.35,50,-113.97,62,-117.14,55,-119.30
2785,7367.20,6921.00,2.00,2,57,0.08,NLOS,114.39,-2.75,-91.41,-63.63,11.37,39.19,0,63,-104.82,50,-109.20,43,-112.03,64,-115.29,70,-115.32,51,-115.68
2786,7356.31,6921.00,2.00,2,57,0.08,NLOS,114.10,-2.75,-91.13,-63.35,11.76,39.19,0,63,-105.09,50,-109.00,43,-111.93,64,-115.42,70,-115.45,51,-115.55
2787,7345.43,6921.00,2.00,2,57,0.08,NLOS,113.84,-2.75,-90.86,-63.08,12.13,39.19,0,63,-105.35,50,-108.79,43,-111.83,51,-115.41,64,-115.56,70,-115.58
2788,7334.54,6921.00,2.00,2,57,0.09,NLOS,113.59,-2.37,-91.01,-63.22,14.43,39.19,0,63,-108.75,64,-110.87,49,-113.29,55,-113.43,51,-115.26,56,-115.70
2789,7323.66,6921.00,2.00,2,57,0.09,NLOS,113.37,-2.37,-90.78,-63.00,14.78,39.19,0,63,-109.00,64,-111.01,49,-113.21,55,-113.42,51,-115.13,56,-115.66
2790,7312.77,6921.00,2.00,2,57,0.09,NLOS,113.18,-2.37,-90.59,-62.81,15.10,39.19,0,63,-109.26,64,-111.15,49,-113.12,55,-113.41,51,-114.99,56,-115.63
2791,7301.88,6921.00,2.00,2,57,0.09,NLOS,113.01,-2.48,-90.31,-62.53,16.80,39.19,0,63,-109.37,64,-115.02,51,-115.60,70,-117.59,49,-117.83,55,-118.24
2792,7291.00,6921.00,2.00,2,57,0.09,NLOS,112.87,-2.48,-90.18,-62.40,17.08,39.19,0,63,-109.61,64,-115.16,51,-115.46,70,-117.71,49,-117.75,55,-118.23
2793,7280.11,6921.00,2.00,2,57,0.09,NLOS,112.77,-2.48,-90.07,-62.29,17.32,39.19,0,63,-109.86,64,-115.29,51,-115.33,49,-117.67,70,-117.84,55,-118.23
2794,7269.23,6921.00,2.00,2,57,0.09,NLOS,112.69,-5.21,-87.26,-59.48,6.49,39.19,0,56,-94.29,51,-105.34,63,-108.72,62,-113.86,49,-115.36,50,-115.56
2795,7258.34,6921.00,2.00,2,57,0.09,NLOS,112.65,-5.21,-87.22,-59.44,6.52,39.19,0,56,-94.28,51,-105.20,63,-108.95,62,-113.94,49,-115.28,50,-115.33
2796,7247.46,6921.00,2.00,2,57,0.09,NLOS,112.64,-5.21,-87.21,-59.43,6.53,39.19,0,56,-94.28,51,-105.07,63,-109.18,62,-114.02,50,-115.10,49,-115.19
2797,7236.57,6921.00,2.00,2,57,0.09,NLOS,112.66,7.71,-100.16,-72.37,1.13,39.19,0,56,-103.39,63,-109.26,64,-109.79,43,-113.56,51,-115.17,49,-115.23
2798,7225.69,6921.00,2.00,2,57,0.09,NLOS,112.72,7.71,-100.21,-72.43,1.12,39.19,0,56,-103.40,63,-109.48,64,-109.93,43,-113.46,51,-115.03,49,-115.15
2799,7226.20,6921.00,2.00,0,57,0.09,NLOS,112.72,7.71,-100.21,-72.43,1.12,39.19,0,56,-103.40,63,-109.47,64,-109.92,43,-113.46,51,-115.04,49,-115.15
2800,7237.09,6921.00,2.00,0,57,0.09,NLOS,112.66,7.71,-100.15,-72.37,1.13,39.19,0,56,-103.39,63,-109.25,64,-109.79,43,-113.57,51,-115.18,49,-115.23
2801,7247.97,6921.00,2.00,0,57,0.09,NLOS,112.64,-5.27,-87.15,-59.37,16.85,39.19,0,63,-108.46,56,-110.28,62,-110.67,50,-110.92,64,-114.38,70,-116.21
2802,7258.86,6921.00,2.00,0,57,0.09,NLOS,112.65,-5.27,-87.16,-59.38,16.80,39.19,0,63,-108.23,56,-110.28,62,-110.58,50,-111.15,64,-114.25,70,-116.09
2803,7269.74,6921.00,2.00,0,57,0.09,NLOS,112.69,-5.27,-87.21,-59.43,16.71,39.19,0,63,-108.00,56,-110.29,62,-110.50,50,-111.38,64,-114.11,70,-115.97
2804,7280.63,6921.00,2.00,0,57,0.09,NLOS,112.77,13.69,-106.24,-78.46,-3.81,39.19,0,62,-105.80,56,-106.03,64,-107.95,50,-109.97,63,-113.98,51,-120.02
2805,7291.51,6921.00,2.00,0,57,0.09,NLOS,112.88,13.69,-106.35,-78.57,-3.93,39.19,0,62,-105.71,56,-106.05,64,-107.82,50,-110.19,63,-113.74,51,-120.16
2806,7302.40,6921.00,2.00,0,57,0.09,NLOS,113.02,13.69,-106.49,-78.71,-4.08,39.19,0,62,-105.63,56,-106.07,64,-107.68,50,-110.41,63,-113.49,51,-120.29
2807,7313.28,6921.00,2.00,0,57,0.09,NLOS,113.19,6.02,-98.99,-71.21,5.20,39.19,0,63,-107.58,64,-109.85,51,-112.86,56,-114.87,69,-119.76,70,-119.89
2808,7324.17,6921.00,2.00,0,57,0.09,NLOS,113.38,6.02,-99.19,-71.41,4.88,39.19,0,63,-107.33,64,-109.71,51,-113.00,56,-114.90,69,-119.66,70,-119.77
2809,7335.06,6921.00,2.00,0,57,0.09,NLOS,113.60,6.02,-99.41,-71.63,4.52,39.19,0,63,-107.08,64,-109.58,51,-113.13,56,-114.94,69,-119.55,70,-119.64
2810,7345.94,6921.00,2.00,0,57,0.08,NLOS,113.85,2.61,-96.24,-68.46,2.24,39.19,0,63,-99.91,50,-107.47,56,-107.86,51,-115.99,44,-116.77,49,-121.36
2811,7356.83,6921.00,2.00,0,57,0.08,NLOS,114.11,2.61,-96.51,-68.73,1.82,39.19,0,63,-99.65,50,-107.68,56,-107.91,51,-116.13,44,-116.88,68,-121.31
2812,7367.71,6921.00,2.00,0,57,0.08,NLOS,114.40,2.61,-96.79,-69.01,1.37,39.19,0,63,-99.38,50,-107.89,56,-107.96,51,-116.26,44,-116.99,68,-121.25
2813,7378.60,6921.00,2.00,0,57,0.08,NLOS,114.70,4.08,-98.56,-70.78,4.90,39.19,0,62,-106.15,64,-108.29,63,-109.43,51,-110.62,56,-112.05,50,-115.89
2814,7389.48,6921.00,2.00,0,57,0.07,NLOS,115.02,4.08,-98.88,-71.10,4.51,39.19,0,62,-106.07,64,-108.15,63,-109.16,51,-110.75,56,-112.11,50,-116.09
2815,7400.37,6921.00,2.00,0,57,0.07,NLOS,115.35,4.08,-99.21,-71.43,4.10,39.19,0,62,-106.00,64,-108.02,63,-108.88,51,-110.88,56,-112.17,50,-116.28
2816,7411.26,6921.00,2.00,0,57,0.07,NLOS,115.69,9.57,-105.04,-77.26,-3.20,39.19,0,56,-104.87,64,-105.75,43,-113.42,62,-114.63,63,-115.63,51,-117.80
2817,7422.14,6921.00,2.00,0,57,0.07,NLOS,116.04,9.57,-105.39,-77.61,-3.57,39.19,0,56,-104.94,64,-105.61,43,-113.52,62,-114.56,63,-115.34,51,-117.93
2818,7433.03,6921.00,2.00,0,57,0.07,NLOS,116.40,9.57,-105.75,-77.96,-3.96,39.19,0,56,-105.02,64,-105.48,43,-113.62,62,-114.48,63,-115.05,51,-118.06
2819,7443.91,6921.00,2.00,0,57,0.06,NLOS,116.76,4.71,-101.26,-73.47,-0.10,39.19,0,63,-101.77,50,-113.83,64,-115.59,56,-116.31,62,-116.95,70,-119.98
2820,7454.80,6921.00,2.00,0,57,0.06,NLOS,117.13,4.71,-101.63,-73.84,-0.73,39.19,0,63,-101.47,50,-114.02,64,-115.46,56,-116.40,62,-116.88,70,-119.84
2821,7465.68,6921.00,2.00,0,57,0.06,NLOS,117.50,4.71,-102.00,-74.22,-1.36,39.19,0,63,-101.17,50,-114.21,64,-115.33,56,-116.49,62,-116.81,70,-119.70
2822,7476.57,6921.00,2.00,0,57,0.06,NLOS,117.88,-1.54,-96.12,-68.34,9.87,39.19,0,64,-108.49,50,-111.82,62,-114.68,56,-116.00,49,-119.67,55,-121.30
2823,7487.45,6921.00,2.00,0,57,0.06,NLOS,118.26,-1.54,-96.49,-68.71,9.47,39.19,0,64,-108.36,50,-112.00,62,-114.61,56,-116.10,49,-119.76,55,-121.31
2824,7498.34,6921.00,2.00,0,57,0.06,NLOS,118.63,-1.54,-96.87,-69.09,9.06,39.19,0,64,-108.23,50,-112.18,62,-114.54,56,-116.20,49,-119.85,55,-121.33
2825,7509.23,6921.00,2.00,0,57,0.05,NLOS,119.01,1.04,-99.83,-72.04,4.47,39.19,0,69,-103.85,56,-107.88,64,-109.40,63,-111.44,62,-111.60,51,-119.41
2826,7520.11,6921.00,2.00,0,57,0.05,NLOS,119.38,1.04,-100.20,-72.42,4.04,39.19,0,69,-103.73,56,-107.99,64,-109.27,63,-111.11,62,-111.54,51,-119.53
2827,7531.00,6921.00,2.00,0,57,0.05,NLOS,119.76,1.04,-100.58,-72.79,3.60,39.19,0,69,-103.61,56,-108.10,64,-109.15,63,-110.77,62,-111.47,51,-119.66
2828,7541.88,6921.00,2.00,0,57,0.05,NLOS,120.13,-4.50,-95.42,-67.63,8.37,39.19,0,63,-107.41,50,-110.11,51,-111.50,64,-112.59,70,-115.50,43,-123.03
2829,7552.77,6921.00,2.00,0,57,0.05,NLOS,120.50,-4.50,-95.79,-68.00,7.89,39.19,0,63,-107.07,50,-110.28,51,-111.63,64,-112.47,70,-115.35,43,-123.12
2830,7563.65,6921.00,2.00,0,57,0.05,NLOS,120.87,-4.50,-96.15,-68.37,7.40,39.19,0,63,-106.71,50,-110.45,51,-111.75,64,-112.34,70,-115.21,43,-123.21
2831,7574.54,6921.00,2.00,0,57,0.05,NLOS,121.23,0.17,-101.18,-73.40,2.20,39.19,0,64,-107.68,63,-108.50,56,-109.92,55,-110.43,70,-117.37,62,-118.36
2832,7585.43,6921.00,2.00,0,57,0.04,NLOS,121.59,0.17,-101.54,-73.76,1.72,39.19,0,64,-107.56,63,-108.14,56,-110.05,55,-110.45,70,-117.22,62,-118.30
2833,7596.31,6921.00,2.00,0,57,0.04,NLOS,121.95,0.17,-101.90,-74.12,1.23,39.19,0,64,-107.44,63,-107.77,56,-110.17,55,-110.48,70,-117.06,62,-118.24
2834,7607.20,6921.00,2.00,0,57,0.04,NLOS,122.30,1.51,-103.59,-75.81,-4.17,39.19,0,63,-101.86,64,-104.00,70,-107.32,56,-111.42,49,-115.50,43,-118.57
2835,7618.08,6921.00,2.00,0,57,0.04,NLOS,122.65,1.51,-103.94,-76.16,-4.77,39.19,0,63,-101.47,64,-103.88,70,-107.17,56,-111.55,49,-115.59,43,-118.66
2836,7620.50,6912.53,2.00,3,57,0.04,NLOS,122.91,1.51,-104.20,-76.42,-5.13,39.19,0,63,-101.24,64,-104.01,70,-107.16,56,-111.41,49,-115.54,43,-118.65
2837,7620.50,6901.65,2.00,3,57,0.04,NLOS,123.14,0.37,-103.30,-75.52,-1.93,39.19,0,63,-102.38,64,-111.25,69,-113.94,50,-114.34,55,-115.43,56,-117.46
2838,7620.50,6890.76,2.00,3,57,0.04,NLOS,123.38,0.37,-103.53,-75.75,-2.29,39.19,0,63,-102.20,64,-111.45,69,-113.87,50,-114.31,55,-115.32,56,-117.24
2839,7620.50,6879.88,2.00,3,57,0.04,NLOS,123.62,0.37,-103.77,-75.99,-2.65,39.19,0,63,-102.03,64,-111.65,69,-113.81,50,-114.29,55,-115.20,56,-117.01
2840,7620.50,6868.99,2.00,3,57,0.04,NLOS,123.86,1.18,-104.82,-77.04,-4.10,39.19,0,63,-103.12,56,-106.45,64,-109.38,69,-109.93,62,-119.34,50,-120.43
2841,7620.50,6858.10,2.00,3,57,0.04,NLOS,124.10,1.18,-105.06,-77.28,-4.46,39.19,0,63,-102.97,56,-106.22,64,-109.58,69,-109.87,62,-119.18,50,-120.41
2842,7620.50,6847.22,2.00,3,57,0.04,NLOS,124.35,1.18,-105.31,-77.53,-4.83,39.19,0,63,-102.83,56,-105.99,64,-109.78,69,-109.80,62,-119.02,50,-120.39
2843,7620.50,6836.33,2.00,3,57,0.04,NLOS,124.59,1.96,-106.33,-78.55,-4.61,39.19,0,63,-103.79,56,-108.67,50,-110.23,70,-112.04,49,-117.45,68,-118.83
2844,7620.50,6825.45,2.00,3,57,0.04,NLOS,124.84,1.96,-106.58,-78.80,-4.98,39.19,0,63,-103.67,56,-108.44,50,-110.21,70,-112.08,49,-117.37,68,-118.75
2845,7620.50,6814.56,2.00,3,63,0.05,NLOS,120.48,3.30,-103.56,-75.78,0.07,39.19,1,57,-106.83,56,-108.20,50,-110.20,70,-112.13,49,-117.29,68,-118.67
2846,7620.50,6803.68,2.00,3,63,0.05,NLOS,120.38,3.61,-103.78,-76.00,-1.69,39.19,0,57,-106.41,56,-107.56,64,-107.96,51,-114.78,62,-116.24,69,-116.27
2847,7620.50,6792.79,2.00,3,63,0.05,NLOS,120.30,3.61,-103.70,-75.91,-1.55,39.19,0,57,-106.66,56,-107.33,64,-108.15,51,-114.86,62,-116.07,69,-116.21
2848,7620.50,6781.91,2.00,3,63,0.05,NLOS,120.23,3.61,-103.63,-75.85,-1.43,39.19,0,57,-106.91,56,-107.09,64,-108.34,51,-114.94,62,-115.90,69,-116.15
2849,7620.50,6771.02,2.00,3,63,0.05,NLOS,120.18,3.38,-103.34,-75.56,-2.01,39.19,0,62,-103.25,64,-108.41,50,-109.98,57,-111.51,56,-114.81,42,-114.94
2850,7620.50,6760.13,2.00,3,63,0.05,NLOS,120.13,3.38,-103.30,-75.51,-2.04,39.19,0,62,-103.08,64,-108.60,50,-109.97,57,-111.75,56,-114.56,42,-114.89
2851,7620.50,6749.25,2.00,3,63,0.05,NLOS,120.10,3.38,-103.27,-75.49,-2.08,39.19,0,62,-102.90,64,-108.78,50,-109.97,57,-112.00,56,-114.32,42,-114.84
2852,7620.50,6738.36,2.00,3,63,0.05,NLOS,120.09,0.12,-99.99,-72.21,2.88,39.19,0,57,-105.88,56,-108.01,64,-114.74,69,-116.15,70,-116.28,55,-117.03
2853,7620.50,6727.48,2.00,3,63,0.05,NLOS,120.09,0.12,-99.99,-72.21,2.93,39.19,0,57,-106.13,56,-107.76,64,-114.92,69,-116.09,70,-116.34,55,-116.89
2854,7620.50,6725.41,2.00,1,63,0.05,NLOS,120.09,0.12,-99.99,-72.21,2.94,39.19,0,57,-106.17,56,-107.72,64,-114.95,69,-116.08,70,-116.35,55,-116.87
2855,7620.50,6736.29,2.00,1,63,0.05,NLOS,120.09,0.12,-99.99,-72.21,2.89,39.19,0,57,-105.93,56,-107.96,64,-114.77,69,-116.14,70,-116.30,55,-117.00
2856,7620.50,6747.18,2.00,1,63,0.05,NLOS,120.10,-0.27,-99.61,-71.83,0.79,39.19,0,57,-102.27,56,-105.77,50,-108.88,51,-110.01,55,-116.05,69,-116.98
2857,7620.50,6758.07,2.00,1,63,0.05,NLOS,120.13,-0.27,-99.64,-71.86,0.66,39.19,0,57,-102.02,56,-106.01,50,-108.88,51,-109.94,55,-116.18,69,-117.04
2858,7620.50,6768.95,2.00,1,63,0.05,NLOS,120.17,-0.27,-99.68,-71.90,0.51,39.19,0,57,-101.77,56,-106.25,50,-108.89,51,-109.86,55,-116.31,69,-117.10
2859,7620.50,6779.84,2.00,1,63,0.05,NLOS,120.22,-5.51,-94.49,-66.71,5.84,39.19,0,64,-103.63,57,-105.49,62,-109.79,56,-111.69,50,-113.25,55,-115.32
2860,7620.50,6790.72,2.00,1,63,0.05,NLOS,120.29,-5.51,-94.56,-66.78,5.64,39.19,0,64,-103.44,57,-105.24,62,-109.96,56,-111.93,50,-113.26,55,-115.45
2861,7620.50,6801.61,2.00,1,63,0.05,NLOS,120.37,-5.51,-94.64,-66.86,5.43,39.19,0,64,-103.25,57,-104.99,62,-110.13,56,-112.17,50,-113.27,55,-115.58
2862,7620.50,6812.49,2.00,1,63,0.05,NLOS,120.46,-4.33,-95.91,-68.13,3.62,39.19,0,57,-99.86,49,-113.56,64,-115.14,51,-116.40,56,-116.50,50,-117.30
2863,7620.50,6823.38,2.00,1,63,0.05,NLOS,120.56,-4.33,-96.02,-68.23,3.29,39.19,0,57,-99.61,49,-113.64,64,-114.95,51,-116.33,56,-116.74,50,-117.31
2864,7620.50,6834.26,2.00,1,63,0.05,NLOS,120.68,-4.33,-96.13,-68.35,2.94,39.19,0,57,-99.36,49,-113.72,64,-114.76,51,-116.25,56,-116.97,50,-117.33
2865,7620.50,6845.15,2.00,1,63,0.05,NLOS,120.81,-2.09,-98.50,-70.72,7.11,39.19,0,56,-109.48,62,-112.35,64,-112.86,57,-115.75,68,-116.90,70,-117.62
2866,7620.50,6856.04,2.00,1,63,0.05,NLOS,120.94,-2.09,-98.63,-70.85,7.04,39.19,0,56,-109.71,62,-112.51,64,-112.66,57,-115.50,68,-116.98,70,-117.58
2867,7620.50,6866.92,2.00,1,63,0.05,NLOS,121.09,-2.09,-98.78,-71.00,6.94,39.19,0,56,-109.94,64,-112.46,62,-112.67,57,-115.26,68,-117.06,70,-117.54
2868,7620.50,6877.81,2.00,1,56,0.03,NLOS,130.14,-4.29,-105.64,-77.85,-0.12,39.19,1,57,-107.26,70,-111.09,64,-113.72,63,-115.34,50,-117.24,49,-117.88
2869,7620.50,6888.69,2.00,1,56,0.03,NLOS,130.37,-4.29,-105.86,-78.08,-0.48,39.19,0,57,-107.02,70,-111.05,64,-113.51,63,-115.50,50,-117.26,49,-117.96
2870,7620.50,6899.58,2.00,1,56,0.03,NLOS,130.59,-4.29,-106.08,-78.30,-0.83,39.19,0,57,-106.78,70,-111.02,64,-113.31,63,-115.68,50,-117.28,49,-118.05
2871,7620.50,6910.46,2.00,1,63,0.04,NLOS,121.78,0.11,-101.67,-73.89,-1.29,39.19,1,57,-101.76,70,-108.65,56,-111.01,50,-111.81,51,-113.43,69,-116.79
2872,7620.15,6921.00,2.00,2,63,0.04,NLOS,121.97,0.11,-101.87,-74.08,-1.65,39.19,0,57,-101.52,70,-108.62,56,-111.22,50,-111.83,51,-113.35,69,-116.86
2873,7609.26,6921.00,2.00,2,63,0.04,NLOS,122.36,0.11,-102.25,-74.47,-2.28,39.19,0,57,-101.18,70,-108.77,56,-111.09,50,-111.67,51,-113.23,69,-116.99
2874,7598.38,6921.00,2.00,2,57,0.04,NLOS,122.02,-5.53,-96.26,-68.48,5.16,39.19,1,56,-104.15,63,-106.14,64,-111.34,62,-111.96,68,-115.85,50,-119.45
2875,7587.49,6921.00,2.00,2,57,0.04,NLOS,121.66,-5.53,-95.91,-68.13,5.57,39.19,0,56,-104.03,63,-106.51,64,-111.46,62,-112.02,68,-115.91,50,-119.28
2876,7576.61,6921.00,2.00,2,57,0.05,NLOS,121.30,-5.53,-95.55,-67.77,5.98,39.19,0,56,-103.90,63,-106.88,64,-111.58,62,-112.08,68,-115.97,50,-119.12
2877,7565.72,6921.00,2.00,2,57,0.05,NLOS,120.94,3.26,-103.98,-76.19,-3.89,39.19,0,63,-103.14,56,-104.95,64,-109.77,50,-112.61,49,-114.41,69,-116.65
2878,7554.84,6921.00,2.00,2,57,0.05,NLOS,120.57,3.26,-103.61,-75.83,-3.39,39.19,0,63,-103.49,56,-104.84,64,-109.89,50,-112.44,49,-114.32,69,-116.77
2879,7543.95,6921.00,2.00,2,57,0.05,NLOS,120.20,3.26,-103.24,-75.46,-2.90,39.19,0,63,-103.84,56,-104.72,64,-110.02,50,-112.27,49,-114.23,69,-116.89
2880,7533.07,6921.00,2.00,2,57,0.05,NLOS,119.83,-5.32,-94.29,-66.51,0.88,39.19,0,63,-95.57,56,-106.45,61,-114.07,51,-116.17,62,-116.47,70,-119.54
2881,7522.18,6921.00,2.00,2,57,0.05,NLOS,119.46,-5.32,-93.91,-66.13,1.55,39.19,0,63,-95.90,56,-106.34,61,-114.09,51,-116.05,62,-116.54,70,-119.69
2882,7511.29,6921.00,2.00,2,57,0.05,NLOS,119.08,-5.32,-93.54,-65.76,2.21,39.19,0,63,-96.23,56,-106.23,61,-114.11,51,-115.92,62,-116.61,70,-119.83
2883,7500.41,6921.00,2.00,2,57,0.06,NLOS,118.70,-2.07,-96.42,-68.63,7.79,39.19,0,63,-105.85,62,-110.99,64,-111.43,70,-111.93,69,-115.66,56,-116.39
2884,7489.52,6921.00,2.00,2,57,0.06,NLOS,118.33,-2.07,-96.04,-68.26,8.39,39.19,0,63,-106.17,62,-111.06,64,-111.56,70,-112.07,69,-115.77,56,-116.29
2885,7478.64,6921.00,2.00,2,57,0.06,NLOS,117.95,-2.07,-95.66,-67.88,8.99,39.19,0,63,-106.48,62,-111.13,64,-111.70,70,-112.21,69,-115.89,56,-116.19
2886,7467.75,6921.00,2.00,2,63,0.03,NLOS,126.82,-18.00,-88.60,-60.82,6.01,39.19,1,57,-94.94,56,-106.88,64,-116.41,49,-118.63,70,-119.30,51,-119.80
2887,7456.87,6921.00,2.00,2,63,0.03,NLOS,127.12,-18.00,-88.91,-61.12,5.36,39.19,0,57,-94.57,56,-106.79,64,-116.54,49,-118.54,70,-119.44,51,-119.67
2888,7445.98,6921.00,2.00,2,63,0.03,NLOS,127.42,-18.00,-89.21,-61.42,4.71,39.19,0,57,-94.20,56,-106.70,64,-116.67,49,-118.45,51,-119.54,70,-119.58
2889,7435.10,6921.00,2.00,2,57,0.07,NLOS,116.47,1.93,-98.18,-70.40,4.45,39.19,1,56,-104.78,63,-109.45,62,-109.46,51,-111.68,50,-117.52,64,-120.70
2890,7424.21,6921.00,2.00,2,57,0.07,NLOS,116.11,1.93,-97.82,-70.04,4.80,39.19,0,56,-104.70,62,-109.54,63,-109.74,51,-111.55,50,-117.33,64,-120.84
2891,7413.32,6921.00,2.00,2,57,0.07,NLOS,115.76,1.93,-97.47,-69.69,5.13,39.19,0,56,-104.62,62,-109.61,63,-110.03,51,-111.42,50,-117.14,64,-120.97
2892,7402.44,6921.00,2.00,2,57,0.07,NLOS,115.41,1.73,-96.92,-69.14,5.85,39.19,0,63,-107.52,56,-107.94,64,-108.70,50,-116.12,44,-116.13,62,-117.51
2893,7391.55,6921.00,2.00,2,57,0.07,NLOS,115.08,1.73,-96.59,-68.81,6.28,39.19,0,63,-107.80,56,-107.87,64,-108.84,50,-115.92,44,-116.02,62,-117.58
2894,7380.67,6921.00,2.00,2,57,0.08,NLOS,114.76,1.73,-96.27,-68.49,6.68,39.19,0,56,-107.81,63,-108.07,64,-108.97,50,-115.72,44,-115.91,62,-117.66
2895,7369.78,6921.00,2.00,2,57,0.08,NLOS,114.46,-0.45,-93.79,-66.01,13.58,39.19,0,50,-111.19,63,-113.45,51,-114.66,61,-115.84,55,-116.63,49,-116.87
2896,7358.90,6921.00,2.00,2,57,0.08,NLOS,114.17,-0.45,-93.50,-65.72,13.82,39.19,0,50,-110.98,63,-113.72,51,-114.53,61,-115.86,55,-116.62,49,-116.78
2897,7348.01,6921.00,2.00,2,57,0.08,NLOS,113.90,-0.45,-93.23,-65.45,14.03,39.19,0,50,-110.78,63,-113.98,51,-114.40,61,-115.89,55,-116.61,49,-116.69
2898,7337.12,6921.00,2.00,2,57,0.08,NLOS,113.65,4.32,-97.75,-69.96,-3.38,39.19,0,56,-94.78,63,-106.00,50,-112.60,55,-116.12,62,-117.70,49,-119.13
2899,7326.24,6921.00,2.00,2,57,0.09,NLOS,113.42,4.32,-97.52,-69.74,-3.17,39.19,0,56,-94.74,63,-106.25,50,-112.38,55,-116.11,62,-117.78,49,-119.05
2900,7315.35,6921.00,2.00,2,57,0.09,NLOS,113.22,4.32,-97.32,-69.54,-2.99,39.19,0,56,-94.71,63,-106.51,50,-112.17,55,-116.11,62,-117.86,49,-118.96
2901,7304.47,6921.00,2.00,2,57,0.09,NLOS,113.05,-8.63,-84.20,-56.42,20.69,39.19,0,63,-108.25,56,-110.87,44,-113.63,70,-116.23,50,-116.31,62,-118.08
2902,7293.58,6921.00,2.00,2,57,0.09,NLOS,112.90,-8.63,-84.06,-56.27,20.90,39.19,0,63,-108.50,56,-110.85,44,-113.52,50,-116.10,70,-116.36,62,-118.16
2903,7282.70,6921.00,2.00,2,57,0.09,NLOS,112.79,-8.63,-83.94,-56.16,21.08,39.19,0,63,-108.74,56,-110.83,44,-113.40,50,-115.87,70,-116.48,62,-118.24
2904,7271.81,6921.00,2.00,2,57,0.09,NLOS,112.71,-0.02,-92.47,-64.69,8.14,39.19,0,63,-102.49,56,-108.74,50,-109.63,51,-113.60,49,-113.69,62,-115.56
2905,7260.93,6921.00,2.00,2,57,0.09,NLOS,112.66,-0.02,-92.42,-64.64,8.30,39.19,0,63,-102.73,56,-108.73,50,-109.40,51,-113.47,49,-113.60,62,-115.64
2906,7250.04,6921.00,2.00,2,57,0.09,NLOS,112.64,-0.02,-92.40,-64.62,8.43,39.19,0,63,-102.96,56,-108.73,50,-109.17,51,-113.33,49,-113.52,62,-115.72
2907,7239.15,6921.00,2.00,2,57,0.09,NLOS,112.66,0.98,-93.42,-65.64,4.98,39.19,0,56,-99.18,63,-111.67,64,-112.86,51,-113.11,50,-113.79,55,-114.96
2908,7228.27,6921.00,2.00,2,57,0.09,NLOS,112.71,0.98,-93.47,-65.69,4.93,39.19,0,56,-99.19,63,-111.90,51,-112.97,64,-113.00,50,-113.55,55,-114.97
2909,7220.50,6917.88,2.00,3,57,0.09,NLOS,112.97,0.98,-93.74,-65.95,4.61,39.19,0,56,-99.11,63,-112.04,51,-112.91,64,-113.13,50,-113.36,55,-114.93
2910,7220.50,6907.00,2.00,3,57,0.08,NLOS,113.69,-4.34,-89.13,-61.35,12.08,39.19,0,56,-102.64,63,-110.04,50,-111.68,70,-114.41,64,-117.00,44,-119.42
2911,7220.50,6896.11,2.00,3,57,0.08,NLOS,114.37,-4.34,-89.81,-62.03,11.17,39.19,0,56,-102.33,63,-109.99,50,-111.63,70,-114.43,64,-117.12,49,-119.31
2912,7220.50,6885.23,2.00,3,57,0.07,NLOS,115.04,-4.34,-90.48,-62.69,10.27,39.19,0,56,-102.02,63,-109.95,50,-111.57,70,-114.45,64,-117.23,49,-119.19
2913,7220.50,6874.34,2.00,3,57,0.07,NLOS,115.67,4.28,-99.73,-71.95,2.29,39.19,0,50,-104.47,51,-108.58,56,-110.59,70,-116.29,63,-116.84,44,-118.09
2914,7220.50,6863.46,2.00,3,57,0.07,NLOS,116.29,4.28,-100.35,-72.57,1.63,39.19,0,50,-104.43,51,-108.71,56,-110.27,70,-116.31,63,-116.80,44,-118.12
2915,7220.50,6852.57,2.00,3,57,0.06,NLOS,116.88,4.28,-100.94,-73.16,0.99,39.19,0,50,-104.38,51,-108.84,56,-109.94,70,-116.33,63,-116.76,44,-118.14
2916,7220.50,6841.68,2.00,3,57,0.06,NLOS,117.45,5.26,-102.49,-74.71,0.66,39.19,0,63,-105.86,49,-106.70,56,-109.51,50,-111.20,51,-117.56,62,-118.29
2917,7220.50,6830.80,2.00,3,57,0.06,NLOS,118.01,5.26,-103.04,-75.26,0.01,39.19,0,63,-105.83,49,-106.58,56,-109.16,50,-111.16,51,-117.69,62,-118.18
2918,7220.50,6819.91,2.00,3,57,0.06,NLOS,118.55,5.26,-103.58,-75.80,-0.63,39.19,0,63,-105.80,49,-106.45,56,-108.81,50,-111.13,51,-117.82,62,-118.06
2919,7220.50,6809.03,2.00,3,57,0.05,NLOS,119.07,-9.95,-88.90,-61.12,11.31,39.19,0,63,-102.18,50,-107.10,56,-110.57,64,-113.91,51,-118.28,37,-118.48
2920,7220.50,6798.14,2.00,3,57,0.05,NLOS,119.57,-9.95,-89.41,-61.62,10.76,39.19,0,63,-102.15,50,-107.08,56,-110.21,64,-114.03,51,-118.41,37,-118.48
2921,7220.50,6787.26,2.00,3,57,0.05,NLOS,120.06,-9.95,-89.90,-62.12,10.22,39.19,0,63,-102.14,50,-107.06,56,-109.84,64,-114.15,37,-118.47,51,-118.53
2922,7220.50,6776.37,2.00,3,57,0.05,NLOS,120.54,2.58,-102.90,-75.12,-1.82,39.19,0,56,-101.41,69,-107.11,50,-115.14,62,-115.69,48,-116.91,68,-119.68
2923,7220.50,6765.48,2.00,3,57,0.05,NLOS,121.01,2.58,-103.37,-75.59,-2.64,39.19,0,56,-101.02,69,-107.08,50,-115.13,62,-115.57,48,-116.82,68,-119.62
2924,7220.50,6754.60,2.00,3,56,0.04,NLOS,123.21,-2.37,-100.63,-72.84,2.36,39.19,1,57,-103.82,69,-107.04,50,-115.12,62,-115.46,48,-116.73,68,-119.56
2925,7220.50,6743.71,2.00,3,57,0.04,NLOS,121.90,-3.75,-97.93,-70.15,-0.09,39.19,1,56,-101.22,50,-101.87,63,-107.93,51,-111.74,42,-113.92,62,-119.43
2926,7220.50,6732.83,2.00,3,57,0.04,NLOS,122.33,-3.75,-98.36,-70.58,-0.71,39.19,0,56,-100.80,50,-101.87,63,-107.93,51,-111.87,42,-113.86,62,-119.32
2927,7220.50,6721.94,2.00,3,57,0.04,NLOS,122.75,-3.75,-98.78,-71.00,-1.34,39.19,0,56,-100.37,50,-101.87,63,-107.93,51,-111.99,42,-113.80,62,-119.20
2928,7220.50,6711.06,2.00,3,56,0.04,NLOS,121.52,1.12,-102.42,-74.64,-1.76,39.19,1,49,-105.58,50,-106.88,57,-107.23,63,-108.43,51,-113.18,62,-115.82
2929,7220.50,6700.17,2.00,3,56,0.05,NLOS,121.07,1.12,-101.97,-74.19,-1.27,39.19,0,49,-105.45,50,-106.89,57,-107.63,63,-108.44,51,-113.31,62,-115.70
2930,7220.50,6689.29,2.00,3,56,0.05,NLOS,120.61,1.12,-101.51,-73.73,-0.77,39.19,0,49,-105.32,50,-106.90,57,-108.02,63,-108.45,51,-113.43,62,-115.59
2931,7220.50,6678.40,2.00,3,56,0.05,NLOS,120.13,-11.50,-88.41,-60.63,10.96,39.19,0,57,-102.17,50,-105.25,63,-108.74,62,-109.93,41,-114.32,42,-118.55
2932,7220.50,6667.51,2.00,3,56,0.05,NLOS,119.64,-11.50,-87.92,-60.14,11.63,39.19,0,57,-102.54,50,-105.27,63,-108.75,62,-109.81,41,-114.26,42,-118.49
2933,7220.50,6656.63,2.00,3,56,0.05,NLOS,119.14,-11.50,-87.42,-59.64,12.31,39.19,0,57,-102.91,50,-105.30,63,-108.78,62,-109.69,41,-114.20,42,-118.43
2934,7220.50,6645.74,2.00,3,57,0.03,NLOS,125.42,-4.31,-100.90,-73.12,-1.29,39.19,1,50,-101.43,56,-106.19,63,-110.47,44,-115.54,62,-118.61,68,-120.36
2935,7220.50,6634.86,2.00,3,57,0.03,NLOS,125.77,-4.31,-101.25,-73.47,-1.74,39.19,0,50,-101.46,56,-105.65,63,-110.49,44,-115.58,62,-118.49,68,-120.30
2936,7220.50,6623.97,2.00,3,57,0.03,NLOS,126.12,-4.31,-101.59,-73.81,-2.19,39.19,0,50,-101.50,56,-105.10,63,-110.53,44,-115.62,62,-118.37,68,-120.24
2937,7220.50,6613.09,2.00,3,56,0.06,NLOS,116.96,7.68,-104.43,-76.65,-1.53,39.19,1,50,-106.17,55,-108.92,57,-110.01,62,-116.81,67,-118.23,51,-118.55
2938,7220.50,6602.20,2.00,3,56,0.07,NLOS,116.37,7.68,-103.84,-76.06,-0.91,39.19,0,50,-106.21,55,-108.77,57,-110.34,62,-116.69,67,-118.17,51,-118.67
2939,7220.50,6591.31,2.00,3,56,0.07,NLOS,115.76,7.68,-103.23,-75.45,-0.26,39.19,0,50,-106.26,55,-108.61,57,-110.66,62,-116.57,67,-118.12,51,-118.79
2940,7220.50,6580.43,2.00,3,56,0.07,NLOS,115.13,8.52,-103.43,-75.64,4.96,39.19,0,57,-109.99,64,-113.52,37,-119.49,55,-119.54,43,-120.06,50,-120.19
2941,7220.50,6569.54,2.00,3,56,0.08,NLOS,114.47,8.52,-102.77,-74.99,5.82,39.19,0,57,-110.30,64,-113.63,55,-119.38,37,-119.49,43,-120.03,50,-120.25
2942,7220.50,6558.66,2.00,3,56,0.08,NLOS,113.79,8.52,-102.08,-74.30,6.69,39.19,0,57,-110.61,64,-113.75,55,-119.21,37,-119.50,43,-120.01,50,-120.30
2943,7220.50,6547.77,2.00,3,56,0.09,NLOS,113.08,2.25,-95.11,-67.33,5.65,39.19,0,50,-102.93,44,-106.21,63,-106.29,51,-112.07,57,-113.75,64,-114.14
2944,7220.50,6536.89,2.00,3,56,0.10,NLOS,112.33,2.25,-94.36,-66.58,6.46,39.19,0,50,-103.00,44,-106.25,63,-106.35,51,-112.19,57,-114.05,64,-114.26
2945,7220.50,6526.00,2.00,3,56,0.10,NLOS,111.56,2.25,-93.59,-65.81,7.29,39.19,0,50,-103.06,44,-106.30,63,-106.41,51,-112.30,57,-114.34,64,-114.37
2946,7226.38,6521.00,2.00,0,56,0.11,NLOS,111.14,-7.40,-83.52,-55.74,24.09,39.19,0,51,-102.90,57,-112.06,49,-113.09,61,-113.34,62,-114.80,43,-117.38
2947,7237.27,6521.00,2.00,0,56,0.11,NLOS,111.07,-7.40,-83.46,-55.68,24.17,39.19,0,51,-102.97,57,-112.05,49,-113.23,61,-113.29,62,-114.66,43,-117.50
2948,7248.16,6521.00,2.00,0,56,0.11,NLOS,111.04,-7.40,-83.43,-55.65,24.20,39.19,0,51,-103.05,57,-112.05,61,-113.24,49,-113.37,62,-114.52,43,-117.62
2949,7259.04,6521.00,2.00,0,56,0.11,NLOS,111.06,-8.88,-81.96,-54.17,22.18,39.19,0,63,-108.63,57,-110.98,49,-111.27,55,-113.79,50,-115.23,69,-116.46
2950,7269.93,6521.00,2.00,0,56,0.11,NLOS,111.11,-8.88,-82.01,-54.23,22.08,39.19,0,63,-108.40,57,-110.98,49,-111.41,55,-113.80,50,-115.46,69,-116.34
2951,7280.81,6521.00,2.00,0,56,0.11,NLOS,111.20,-8.88,-82.10,-54.32,21.94,39.19,0,63,-108.16,57,-111.00,49,-111.55,55,-113.80,50,-115.68,69,-116.22
2952,7291.70,6521.00,2.00,0,56,0.11,NLOS,111.34,-4.34,-86.77,-58.99,17.11,39.19,0,62,-106.12,63,-111.15,57,-114.94,64,-115.71,49,-115.86,69,-116.61
2953,7302.58,6521.00,2.00,0,56,0.10,NLOS,111.50,-4.34,-86.94,-59.16,16.83,39.19,0,62,-105.98,63,-110.91,57,-114.96,64,-115.63,49,-116.00,69,-116.49
2954,7313.47,6521.00,2.00,0,56,0.10,NLOS,111.70,-4.34,-87.14,-59.36,16.52,39.19,0,62,-105.84,63,-110.66,57,-114.98,64,-115.55,49,-116.14,69,-116.36
2955,7324.35,6521.00,2.00,0,56,0.10,NLOS,111.94,-0.04,-91.68,-63.90,12.22,39.19,0,63,-106.72,51,-109.56,50,-111.12,57,-111.33,49,-117.81,62,-118.53
2956,7335.24,6521.00,2.00,0,56,0.10,NLOS,112.20,-0.04,-91.94,-64.16,11.87,39.19,0,63,-106.47,51,-109.65,50,-111.32,57,-111.37,49,-117.95,62,-118.39
2957,7346.13,6521.00,2.00,0,56,0.09,NLOS,112.49,-0.04,-92.23,-64.45,11.48,39.19,0,63,-106.22,51,-109.73,57,-111.41,50,-111.53,49,-118.09,62,-118.25
2958,7357.01,6521.00,2.00,0,56,0.09,NLOS,112.80,0.36,-92.94,-65.16,11.32,39.19,0,63,-107.57,57,-111.49,62,-112.06,51,-113.32,50,-114.62,55,-117.06
2959,7367.90,6521.00,2.00,0,56,0.09,NLOS,113.13,0.36,-93.28,-65.50,10.87,39.19,0,63,-107.31,57,-111.54,62,-111.92,51,-113.41,50,-114.83,55,-117.07
2960,7378.78,6521.00,2.00,0,56,0.09,NLOS,113.48,0.36,-93.63,-65.85,10.39,39.19,0,63,-107.05,57,-111.59,62,-111.77,51,-113.49,50,-115.03,55,-117.09
2961,7389.67,6521.00,2.00,0,56,0.08,NLOS,113.85,-1.39,-92.24,-64.46,5.01,39.19,0,63,-100.08,62,-101.99,57,-106.69,70,-110.56,43,-113.54,55,-116.62
2962,7400.55,6521.00,2.00,0,56,0.08,NLOS,114.23,-1.39,-92.62,-64.84,4.45,39.19,0,63,-99.80,62,-101.85,57,-106.75,70,-110.45,43,-113.65,55,-116.64
2963,7411.44,6521.00,2.00,0,56,0.08,NLOS,114.62,-1.39,-93.01,-65.23,3.87,39.19,0,63,-99.53,62,-101.71,57,-106.82,70,-110.33,43,-113.76,55,-116.67
2964,7422.33,6521.00,2.00,0,56,0.07,NLOS,115.01,-13.74,-81.06,-53.27,18.66,39.19,0,63,-100.85,57,-106.95,43,-114.82,51,-115.88,55,-117.92,49,-120.17
2965,7433.21,6521.00,2.00,0,56,0.07,NLOS,115.42,-13.74,-81.46,-53.68,18.05,39.19,0,63,-100.56,57,-107.02,43,-114.93,51,-115.97,55,-117.95,49,-120.30
2966,7444.10,6521.00,2.00,0,56,0.07,NLOS,115.82,-13.74,-81.87,-54.09,17.43,39.19,0,63,-100.27,57,-107.10,43,-115.03,51,-116.05,55,-117.98,70,-120.19
2967,7454.98,6521.00,2.00,0,56,0.07,NLOS,116.24,-0.72,-95.30,-67.52,1.79,39.19,0,63,-101.10,57,-102.03,49,-104.01,55,-110.43,43,-112.31,50,-114.66
2968,7465.87,6521.00,2.00,0,56,0.07,NLOS,116.65,-0.72,-95.71,-67.93,1.32,39.19,0,63,-100.80,57,-102.12,49,-104.14,55,-110.46,43,-112.42,50,-114.85
2969,7476.75,6521.00,2.00,0,56,0.06,NLOS,117.06,-0.72,-96.13,-68.35,0.83,39.19,0,63,-100.50,57,-102.20,49,-104.27,55,-110.50,43,-112.53,50,-115.03
2970,7487.64,6521.00,2.00,0,56,0.06,NLOS,117.48,5.27,-102.52,-74.74,6.17,39.19,0,64,-106.29,57,-110.47,63,-118.39,70,-119.27,62,-119.98,69,-122.08
2971,7498.52,6521.00,2.00,0,56,0.06,NLOS,117.89,5.27,-102.94,-75.16,5.78,39.19,0,64,-106.22,57,-110.56,63,-118.08,70,-119.15,62,-119.84,69,-121.94
2972,7509.41,6521.00,2.00,0,56,0.06,NLOS,118.30,5.27,-103.35,-75.57,5.40,39.19,0,64,-106.15,57,-110.66,63,-117.76,70,-119.03,62,-119.70,69,-121.79
2973,7520.30,6521.00,2.00,0,56,0.06,NLOS,118.71,-9.17,-89.31,-61.53,14.22,39.19,0,57,-106.10,62,-112.01,49,-113.95,69,-114.12,50,-114.80,55,-114.87
2974,7531.18,6521.00,2.00,0,56,0.05,NLOS,119.11,-9.17,-89.72,-61.94,13.86,39.19,0,57,-106.20,62,-111.87,69,-113.97,49,-114.07,55,-114.91,50,-114.97
2975,7542.07,6521.00,2.00,0,56,0.05,NLOS,119.51,-9.17,-90.12,-62.34,13.50,39.19,0,57,-106.31,62,-111.74,69,-113.83,49,-114.20,55,-114.96,50,-115.14
2976,7552.95,6521.00,2.00,0,56,0.05,NLOS,119.91,-5.82,-93.87,-66.09,10.47,39.19,0,57,-107.39,55,-112.13,62,-113.17,63,-114.23,48,-114.59,64,-115.03
2977,7563.84,6521.00,2.00,0,56,0.05,NLOS,120.30,-5.82,-94.27,-66.49,10.10,39.19,0,57,-107.51,55,-112.17,62,-113.04,63,-113.89,48,-114.65,64,-114.97
2978,7574.72,6521.00,2.00,0,56,0.05,NLOS,120.69,-5.82,-94.66,-66.87,9.73,39.19,0,57,-107.62,55,-112.22,62,-112.91,63,-113.54,48,-114.71,64,-114.91
2979,7585.61,6521.00,2.00,0,56,0.05,NLOS,121.08,-12.04,-88.81,-61.03,9.41,39.19,0,63,-98.92,57,-109.09,68,-112.14,64,-112.82,55,-113.63,62,-115.92
2980,7596.50,6521.00,2.00,0,56,0.05,NLOS,121.46,-12.04,-89.19,-61.41,8.74,39.19,0,63,-98.56,57,-109.21,68,-112.05,64,-112.76,55,-113.67,62,-115.79
2981,7607.38,6521.00,2.00,0,56,0.04,NLOS,121.83,-12.04,-89.57,-61.79,8.06,39.19,0,63,-98.20,57,-109.33,68,-111.97,64,-112.71,55,-113.72,62,-115.67
2982,7618.27,6521.00,2.00,0,56,0.04,NLOS,122.20,-5.84,-96.14,-68.36,-1.32,39.19,0,63,-96.44,57,-103.61,62,-105.52,50,-105.56,49,-117.21,64,-117.23
2983,7620.50,6529.65,2.00,1,56,0.04,NLOS,122.45,-5.84,-96.39,-68.61,-1.74,39.19,0,63,-96.20,57,-103.46,50,-105.57,62,-105.66,64,-117.10,49,-117.29
2984,7620.50,6540.54,2.00,1,56,0.04,NLOS,122.68,-5.84,-96.62,-68.83,-2.12,39.19,0,63,-96.00,57,-103.25,50,-105.54,62,-105.87,64,-116.95,49,-117.36
2985,7620.50,6551.42,2.00,1,63,0.04,NLOS,121.81,4.08,-105.68,-77.89,-1.81,39.19,1,56,-109.09,70,-109.65,62,-111.11,69,-111.84,55,-114.91,61,-115.16
2986,7620.50,6562.31,2.00,1,63,0.04,NLOS,121.63,4.08,-105.49,-77.71,-1.54,39.19,0,56,-109.32,70,-109.58,62,-111.31,69,-111.88,55,-115.06,61,-115.27
2987,7620.50,6573.19,2.00,1,63,0.05,NLOS,121.45,4.08,-105.31,-77.53,-1.28,39.19,0,70,-109.51,56,-109.56,62,-111.52,69,-111.91,55,-115.21,61,-115.38
2988,7620.50,6584.08,2.00,1,63,0.05,NLOS,121.28,-2.08,-98.98,-71.20,5.64,39.19,0,56,-108.56,62,-108.64,57,-113.71,50,-116.37,69,-117.77,37,-118.05
2989,7620.50,6594.97,2.00,1,63,0.05,NLOS,121.12,-2.08,-98.82,-71.04,5.95,39.19,0,56,-108.80,62,-108.84,57,-113.48,50,-116.35,69,-117.81,37,-118.05
2990,7620.50,6605.85,2.00,1,63,0.05,NLOS,120.97,-2.08,-98.67,-70.89,6.24,39.19,0,62,-109.04,56,-109.04,57,-113.25,50,-116.33,69,-117.85,37,-118.04
2991,7620.50,6616.74,2.00,1,57,0.03,NLOS,129.50,-5.25,-104.04,-76.26,1.46,39.19,1,50,-107.93,62,-109.11,56,-110.27,49,-115.44,55,-116.69,63,-118.62
2992,7620.50,6627.62,2.00,1,57,0.03,NLOS,129.27,-5.25,-103.81,-76.03,1.76,39.19,0,50,-107.92,62,-109.31,56,-110.52,49,-115.51,55,-116.83,63,-118.49
2993,7620.50,6638.51,2.00,1,57,0.03,NLOS,129.04,-5.25,-103.57,-75.79,2.05,39.19,0,50,-107.90,62,-109.50,56,-110.77,49,-115.59,55,-116.97,63,-118.37
2994,7620.50,6649.39,2.00,1,56,0.04,NLOS,125.09,-3.87,-101.00,-73.22,-1.51,39.19,1,63,-103.06,62,-104.04,57,-108.28,55,-112.47,64,-116.11,49,-116.57
2995,7620.50,6660.28,2.00,1,56,0.04,NLOS,125.34,-3.87,-101.25,-73.46,-1.76,39.19,0,63,-102.97,62,-104.23,57,-108.04,55,-112.60,64,-115.94,49,-116.65
2996,7620.50,6671.16,2.00,1,56,0.03,NLOS,125.58,-3.87,-101.49,-73.71,-2.01,39.19,0,63,-102.89,62,-104.42,57,-107.80,55,-112.74,64,-115.77,49,-116.72
2997,7620.50,6682.05,2.00,1,63,0.05,NLOS,120.23,-4.75,-95.27,-67.48,1.37,39.19,1,56,-99.11,57,-101.49,70,-107.71,51,-110.80,50,-111.34,64,-114.12
2998,7620.50,6692.94,2.00,1,63,0.05,NLOS,120.18,-4.75,-95.21,-67.43,1.47,39.19,0,56,-99.36,57,-101.25,70,-107.65,51,-110.72,50,-111.34,64,-113.94
2999,7620.50,6703.82,2.00,1,63,0.05,NLOS,120.13,-4.75,-95.17,-67.39,1.55,39.19,0,56,-99.61,57,-101.00,70,-107.59,51,-110.64,50,-111.33,64,-113.77
