Step,ue0_x,ue0_y,ue0_height,ue0_direction,ue0_connected_bs,ue0_los_probability,ue0_los_state,ue0_pathloss,ue0_shadow_fading,ue0_rsrp,ue0_prx,ue0_sinr,ue0_speed,ue0_handover,ue0_bs1_idx,ue0_bs1_rsrp,ue0_bs2_idx,ue0_bs2_rsrp,ue0_bs3_idx,ue0_bs3_rsrp,ue0_bs4_idx,ue0_bs4_rsrp,ue0_bs5_idx,ue0_bs5_rsrp,ue0_bs6_idx,ue0_bs6_rsrp
0,6600.00,5309.72,1.50,1,49,0.03,NLOS,127.13,-10.25,-96.66,-68.88,9.06,34.98,0,55,-106.42,47,-109.74,54,-110.26,62,-112.58,24,-115.62,35,-115.81
1,6600.00,5319.43,1.50,1,49,0.03,NLOS,126.84,-10.25,-96.37,-68.59,9.32,34.98,0,55,-106.38,47,-109.88,54,-110.39,62,-112.54,24,-115.60,35,-115.83
2,6600.00,5329.15,1.50,1,49,0.03,NLOS,126.55,-10.25,-96.08,-68.30,9.58,34.98,0,55,-106.33,47,-110.02,54,-110.51,62,-112.50,24,-115.58,35,-115.85
3,6600.00,5338.87,1.50,1,48,0.05,NLOS,119.18,-19.35,-79.62,-51.83,19.01,34.98,1,55,-99.86,49,-107.54,54,-109.40,5,-112.70,33,-115.81,41,-116.08
4,6600.00,5348.59,1.50,1,48,0.05,NLOS,119.62,-19.35,-80.06,-52.28,18.52,34.98,0,55,-99.82,49,-107.23,54,-109.52,5,-112.69,33,-115.86,41,-116.17
5,6600.00,5358.30,1.50,1,48,0.05,NLOS,120.05,-19.35,-80.49,-52.71,18.03,34.98,0,55,-99.79,49,-106.93,54,-109.64,5,-112.68,33,-115.90,41,-116.27
6,6600.00,5368.02,1.50,1,48,0.05,NLOS,120.47,-3.91,-96.34,-68.56,-2.83,34.98,0,42,-93.96,55,-105.03,49,-109.48,56,-111.42,29,-116.73,5,-117.15
7,6600.00,5377.74,1.50,1,48,0.05,NLOS,120.88,-3.91,-96.75,-68.97,-3.26,34.98,0,42,-93.95,55,-105.00,49,-109.16,56,-111.30,29,-116.73,5,-117.14
8,6600.00,5387.45,1.50,1,42,0.02,NLOS,134.07,-19.92,-93.94,-66.16,2.89,34.98,1,48,-97.15,55,-104.98,49,-108.84,56,-111.18,29,-116.73,5,-117.13
9,6600.00,5397.17,1.50,1,49,0.04,NLOS,124.34,-3.68,-100.45,-72.67,3.61,34.98,1,48,-106.74,61,-107.50,42,-108.79,46,-110.68,53,-111.37,35,-112.69
10,6600.00,5406.89,1.50,1,49,0.04,NLOS,124.00,-3.68,-100.11,-72.33,4.14,34.98,0,48,-107.12,61,-107.53,42,-108.78,46,-110.76,53,-111.46,35,-112.71
11,6600.00,5416.61,1.50,1,49,0.04,NLOS,123.66,-3.68,-99.76,-71.98,4.66,34.98,0,48,-107.50,61,-107.57,42,-108.77,46,-110.84,53,-111.54,35,-112.74
12,6600.00,5426.32,1.50,1,48,0.04,NLOS,122.81,-8.97,-93.62,-65.84,8.34,34.98,1,55,-104.37,56,-105.93,38,-107.78,54,-107.98,40,-108.72,35,-110.94
13,6600.00,5436.04,1.50,1,48,0.04,NLOS,123.17,-8.97,-93.98,-66.20,8.01,34.98,0,55,-104.37,56,-105.81,38,-107.73,54,-108.10,40,-108.79,35,-110.97
14,6600.00,5445.76,1.50,1,48,0.04,NLOS,123.53,-8.97,-94.34,-66.55,7.68,34.98,0,55,-104.37,56,-105.69,38,-107.68,54,-108.22,40,-108.87,35,-111.00
15,6600.00,5455.47,1.50,1,55,0.03,NLOS,129.51,-15.23,-94.06,-66.28,12.77,34.98,1,27,-104.84,60,-107.08,48,-109.00,62,-111.98,45,-115.25,47,-118.73
16,6600.00,5465.19,1.50,1,55,0.03,NLOS,129.52,-15.23,-94.07,-66.29,12.94,34.98,0,27,-104.88,60,-107.13,48,-109.35,62,-111.95,45,-115.30,47,-118.86
17,6600.00,5474.91,1.50,1,55,0.03,NLOS,129.54,-15.23,-94.09,-66.30,13.09,34.98,0,27,-104.91,60,-107.19,48,-109.68,62,-111.91,45,-115.35,47,-118.98
18,6600.00,5484.63,1.50,1,48,0.04,NLOS,124.88,-15.23,-89.43,-61.65,-0.11,34.98,1,49,-89.46,57,-103.80,41,-107.31,55,-107.39,36,-109.42,53,-111.08
19,6600.00,5494.34,1.50,1,48,0.04,NLOS,125.20,-15.23,-89.75,-61.97,-0.83,34.98,0,49,-89.05,57,-103.71,41,-107.40,55,-107.41,36,-109.40,53,-111.16
20,6595.94,5500.00,1.50,2,48,0.04,NLOS,125.36,-15.23,-89.91,-62.13,-1.27,34.98,0,49,-88.76,57,-103.68,41,-107.42,55,-107.53,36,-109.35,53,-111.22
21,6586.22,5500.00,1.50,2,49,0.05,NLOS,120.23,-14.79,-85.23,-57.45,23.12,34.98,1,37,-108.04,46,-108.11,55,-111.54,48,-112.79,15,-115.17,39,-115.31
22,6576.51,5500.00,1.50,2,49,0.05,NLOS,120.14,-14.79,-85.13,-57.35,23.32,34.98,0,37,-107.97,46,-108.11,55,-111.79,48,-112.74,15,-115.13,39,-115.29
23,6566.79,5500.00,1.50,2,49,0.05,NLOS,120.05,-14.79,-85.05,-57.27,23.50,34.98,0,37,-107.91,46,-108.11,55,-112.03,48,-112.69,15,-115.09,39,-115.27
24,6557.07,5500.00,1.50,2,48,0.04,NLOS,125.16,-2.31,-102.64,-74.86,1.40,34.98,1,46,-103.25,68,-103.41,43,-103.71,49,-106.72,35,-108.38,42,-110.41
25,6547.36,5500.00,1.50,2,48,0.04,NLOS,125.13,-2.31,-102.60,-74.82,1.39,34.98,0,46,-103.25,68,-103.48,43,-103.61,49,-106.66,35,-108.29,42,-110.21
26,6537.64,5500.00,1.50,2,48,0.04,NLOS,125.10,-2.31,-102.58,-74.79,1.38,34.98,0,46,-103.24,43,-103.51,68,-103.56,49,-106.61,35,-108.19,42,-110.00
27,6527.92,5500.00,1.50,2,48,0.04,NLOS,125.08,-0.57,-104.29,-76.51,-2.80,34.98,0,49,-102.69,50,-103.03,62,-106.63,37,-107.21,55,-111.32,35,-111.84
28,6518.20,5500.00,1.50,2,48,0.04,NLOS,125.07,-0.57,-104.28,-76.50,-2.79,34.98,0,49,-102.66,50,-103.03,62,-106.74,37,-107.14,55,-111.55,35,-111.74
29,6508.49,5500.00,1.50,2,48,0.04,NLOS,125.06,-0.57,-104.27,-76.49,-2.79,34.98,0,49,-102.64,50,-103.03,62,-106.84,37,-107.08,35,-111.64,55,-111.77
30,6498.77,5500.00,1.50,2,49,0.05,NLOS,119.78,2.08,-101.64,-73.85,5.80,34.98,1,47,-105.27,48,-109.13,5,-114.85,51,-116.39,42,-117.35,33,-117.67
31,6489.05,5500.00,1.50,2,49,0.05,NLOS,119.79,2.08,-101.64,-73.86,5.80,34.98,0,47,-105.27,48,-109.14,5,-114.82,51,-116.39,42,-117.13,33,-117.63
32,6479.34,5500.00,1.50,2,49,0.05,NLOS,119.80,2.08,-101.66,-73.88,5.78,34.98,0,47,-105.27,48,-109.15,5,-114.79,51,-116.39,42,-116.90,33,-117.60
33,6469.62,5500.00,1.50,2,48,0.04,NLOS,125.09,-15.16,-89.71,-61.93,14.87,34.98,1,42,-105.37,43,-109.50,49,-115.09,35,-117.67,36,-118.32,5,-118.61
34,6459.90,5500.00,1.50,2,48,0.04,NLOS,125.11,-15.16,-89.73,-61.95,14.67,34.98,0,42,-105.14,43,-109.39,49,-115.13,35,-117.57,36,-118.21,5,-118.58
35,6450.18,5500.00,1.50,2,48,0.04,NLOS,125.14,-15.16,-89.76,-61.98,14.45,34.98,0,42,-104.91,43,-109.29,49,-115.19,35,-117.47,36,-118.11,5,-118.56
36,6440.47,5500.00,1.50,2,49,0.05,NLOS,120.00,-21.99,-77.79,-50.01,12.32,34.98,1,48,-90.48,41,-103.88,42,-104.80,56,-105.97,55,-107.42,62,-109.33
37,6430.75,5500.00,1.50,2,49,0.05,NLOS,120.07,-21.99,-77.87,-50.09,12.28,34.98,0,48,-90.52,41,-103.80,42,-104.56,56,-106.07,55,-107.62,62,-109.43
38,6421.03,5500.00,1.50,2,49,0.05,NLOS,120.16,-21.99,-77.96,-50.17,12.23,34.98,0,48,-90.57,41,-103.71,42,-104.32,56,-106.17,55,-107.82,62,-109.53
39,6411.32,5500.00,1.50,2,48,0.04,NLOS,125.32,-6.47,-98.63,-70.85,7.10,34.98,1,36,-102.57,49,-107.02,22,-110.73,43,-111.49,54,-115.08,42,-116.07
40,6401.60,5500.00,1.50,2,48,0.04,NLOS,125.38,-6.47,-98.69,-70.91,7.11,34.98,0,36,-102.46,49,-107.13,22,-110.67,43,-111.39,54,-115.17,42,-115.82
41,6391.88,5500.00,1.50,2,48,0.04,NLOS,125.44,-6.47,-98.75,-70.97,7.11,34.98,0,36,-102.35,49,-107.25,22,-110.62,43,-111.29,54,-115.26,42,-115.57
42,6382.16,5500.00,1.50,2,36,0.01,NLOS,142.87,-26.10,-96.55,-68.77,22.67,34.98,1,49,-97.44,55,-106.63,41,-110.14,54,-113.03,34,-114.00,59,-114.27
43,6372.45,5500.00,1.50,2,36,0.01,NLOS,142.76,-26.10,-96.44,-68.66,22.68,34.98,0,49,-97.58,55,-106.82,41,-110.06,54,-113.12,34,-113.94,59,-114.31
44,6362.73,5500.00,1.50,2,36,0.01,NLOS,142.65,-26.10,-96.33,-68.55,22.68,34.98,0,49,-97.72,55,-107.00,41,-109.98,54,-113.20,34,-113.88,59,-114.34
45,6353.01,5500.00,1.50,2,61,0.01,NLOS,146.02,-21.51,-104.29,-76.51,16.66,34.98,1,57,-107.20,49,-108.72,42,-110.18,43,-110.56,5,-112.19,48,-113.22
46,6343.30,5500.00,1.50,2,61,0.01,NLOS,146.11,-21.51,-104.38,-76.60,16.61,34.98,0,57,-107.25,49,-108.88,42,-109.90,43,-110.46,5,-112.16,48,-113.31
47,6333.58,5500.00,1.50,2,61,0.01,NLOS,146.20,-21.51,-104.47,-76.69,16.57,34.98,0,57,-107.29,49,-109.05,42,-109.63,43,-110.36,5,-112.13,48,-113.40
48,6323.86,5500.00,1.50,2,48,0.03,NLOS,126.05,-16.18,-89.65,-61.86,14.52,34.98,1,49,-105.07,5,-107.74,62,-112.63,42,-113.08,57,-116.25,36,-117.36
49,6314.14,5500.00,1.50,2,48,0.03,NLOS,126.15,-16.18,-89.75,-61.97,14.52,34.98,0,49,-105.25,5,-107.71,62,-112.72,42,-112.79,57,-116.29,36,-117.24
50,6304.43,5500.00,1.50,2,48,0.03,NLOS,126.26,-16.18,-89.86,-62.08,14.52,34.98,0,49,-105.43,5,-107.68,42,-112.50,62,-112.81,57,-116.33,36,-117.12
51,6294.71,5500.00,1.50,2,48,0.03,NLOS,126.37,-3.96,-102.19,-74.41,-3.06,34.98,0,42,-103.59,55,-104.29,56,-104.93,49,-106.12,67,-107.82,41,-108.77
52,6284.99,5500.00,1.50,2,48,0.03,NLOS,126.49,-3.96,-102.31,-74.53,-3.21,34.98,0,42,-103.29,55,-104.46,56,-105.03,49,-106.32,67,-107.88,41,-108.69
53,6275.28,5500.00,1.50,2,48,0.03,NLOS,126.61,-3.96,-102.43,-74.65,-3.37,34.98,0,42,-102.99,55,-104.63,56,-105.13,49,-106.52,67,-107.94,41,-108.61
54,6265.56,5500.00,1.50,2,49,0.04,NLOS,122.68,-10.28,-92.19,-64.41,8.38,34.98,1,56,-101.17,36,-106.30,54,-109.03,48,-111.43,41,-112.07,31,-112.74
55,6255.84,5500.00,1.50,2,49,0.04,NLOS,122.89,-10.28,-92.39,-64.61,8.26,34.98,0,56,-101.27,36,-106.18,54,-109.12,48,-111.55,41,-111.99,31,-112.69
56,6246.12,5500.00,1.50,2,49,0.04,NLOS,123.10,-10.28,-92.60,-64.82,8.13,34.98,0,56,-101.38,36,-106.06,54,-109.21,48,-111.69,41,-111.92,31,-112.64
57,6236.41,5500.00,1.50,2,49,0.04,NLOS,123.31,-3.09,-100.01,-72.23,2.64,34.98,0,42,-104.88,62,-105.28,31,-108.41,43,-108.62,38,-109.66,54,-111.87
58,6226.69,5500.00,1.50,2,49,0.04,NLOS,123.53,-3.09,-100.22,-72.44,2.21,34.98,0,42,-104.54,62,-105.36,31,-108.36,43,-108.53,38,-109.62,54,-111.96
59,6216.97,5500.00,1.50,2,49,0.04,NLOS,123.74,-3.09,-100.44,-72.66,1.78,34.98,0,42,-104.20,62,-105.45,31,-108.31,43,-108.44,38,-109.59,54,-112.05
60,6207.26,5500.00,1.50,2,41,0.02,NLOS,137.45,-22.13,-95.10,-67.32,14.13,34.98,1,51,-99.32,49,-108.49,61,-110.51,48,-113.68,34,-113.84,42,-115.47
61,6200.00,5497.54,1.50,3,41,0.02,NLOS,137.37,-22.13,-95.02,-67.23,14.14,34.98,0,51,-99.35,49,-108.73,61,-110.57,48,-113.72,34,-113.78,42,-115.19
62,6200.00,5487.82,1.50,3,41,0.02,NLOS,137.22,-22.13,-94.87,-67.09,14.16,34.98,0,51,-99.43,49,-108.99,61,-110.55,48,-113.48,34,-113.71,42,-115.15
63,6200.00,5478.10,1.50,3,43,0.02,NLOS,135.69,-28.71,-86.76,-58.97,11.94,34.98,1,48,-95.91,42,-99.35,49,-108.46,54,-113.25,31,-113.70,50,-115.16
64,6200.00,5468.39,1.50,3,43,0.02,NLOS,135.84,-28.71,-86.91,-59.13,11.79,34.98,0,48,-95.66,42,-99.32,49,-108.73,54,-113.17,31,-113.74,7,-115.26
65,6200.00,5458.67,1.50,3,43,0.02,NLOS,135.99,-28.71,-87.06,-59.28,11.64,34.98,0,48,-95.41,42,-99.30,49,-108.99,54,-113.10,31,-113.78,7,-115.25
66,6200.00,5448.95,1.50,3,42,0.04,NLOS,123.28,-14.46,-88.60,-60.82,8.19,34.98,1,49,-97.94,48,-105.53,41,-108.73,36,-114.36,43,-116.88,29,-117.57
67,6200.00,5439.24,1.50,3,42,0.04,NLOS,123.27,-14.46,-88.59,-60.81,8.35,34.98,0,49,-98.20,48,-105.27,41,-108.59,36,-114.41,43,-117.03,29,-117.57
68,6200.00,5429.52,1.50,3,42,0.04,NLOS,123.27,-14.46,-88.59,-60.81,8.49,34.98,0,49,-98.45,48,-105.02,41,-108.44,36,-114.45,43,-117.18,29,-117.57
69,6200.00,5419.80,1.50,3,42,0.04,NLOS,123.28,-4.11,-98.95,-71.17,-1.96,34.98,0,36,-98.38,49,-105.04,47,-106.12,44,-106.28,43,-109.75,41,-110.32
70,6200.00,5410.09,1.50,3,42,0.04,NLOS,123.29,-4.11,-98.97,-71.19,-1.90,34.98,0,36,-98.42,49,-105.29,47,-105.99,44,-106.37,43,-109.90,41,-110.16
71,6200.00,5400.37,1.50,3,42,0.04,NLOS,123.32,-4.11,-98.99,-71.21,-1.86,34.98,0,36,-98.47,49,-105.54,47,-105.87,44,-106.46,41,-110.01,43,-110.04
72,6200.00,5390.65,1.50,3,48,0.04,NLOS,124.80,-18.10,-86.48,-58.70,11.76,34.98,1,49,-99.94,63,-106.28,55,-106.30,42,-106.60,5,-107.05,28,-113.25
73,6200.00,5380.93,1.50,3,48,0.04,NLOS,124.54,-18.10,-86.22,-58.43,12.20,34.98,0,49,-100.19,55,-106.30,63,-106.32,42,-106.64,5,-107.06,28,-113.22
74,6200.00,5371.22,1.50,3,48,0.04,NLOS,124.27,-18.10,-85.95,-58.17,12.63,34.98,0,49,-100.43,55,-106.31,63,-106.37,42,-106.69,5,-107.07,28,-113.19
75,6200.00,5361.50,1.50,3,42,0.04,NLOS,123.48,-3.07,-100.20,-72.41,4.65,34.98,1,40,-103.70,50,-104.99,41,-106.16,61,-107.30,28,-110.64,22,-111.97
76,6200.00,5351.78,1.50,3,42,0.04,NLOS,123.54,-3.07,-100.26,-72.47,4.47,34.98,0,40,-103.61,50,-105.11,41,-106.01,61,-107.28,28,-110.61,22,-111.96
77,6200.00,5342.07,1.50,3,42,0.04,NLOS,123.61,-3.07,-100.32,-72.54,4.27,34.98,0,40,-103.51,50,-105.22,41,-105.85,61,-107.27,28,-110.58,22,-111.95
78,6200.00,5332.35,1.50,3,42,0.04,NLOS,123.68,-15.40,-88.07,-60.29,11.39,34.98,0,43,-102.81,36,-103.17,47,-108.37,54,-108.41,55,-108.84,49,-110.77
79,6200.00,5322.63,1.50,3,42,0.04,NLOS,123.77,-15.40,-88.15,-60.37,11.40,34.98,0,43,-102.95,36,-103.22,47,-108.24,54,-108.34,55,-108.86,49,-111.00
80,6200.00,5312.91,1.50,3,42,0.04,NLOS,123.85,-15.40,-88.24,-60.46,11.41,34.98,0,43,-103.09,36,-103.28,47,-108.11,54,-108.27,55,-108.87,49,-111.24
81,6200.00,5303.20,1.50,3,42,0.04,NLOS,123.95,-6.84,-96.89,-69.11,-1.34,34.98,0,48,-96.21,41,-105.14,55,-109.34,43,-112.74,20,-113.06,57,-113.07
82,6193.48,5300.00,1.50,2,42,0.04,NLOS,123.75,-6.84,-96.70,-68.91,-1.08,34.98,0,48,-96.30,41,-105.02,55,-109.45,43,-112.74,20,-113.03,57,-113.12
83,6183.76,5300.00,1.50,2,42,0.04,NLOS,123.41,-6.84,-96.35,-68.57,-0.51,34.98,0,48,-96.58,41,-104.92,55,-109.60,43,-112.68,20,-112.99,57,-113.16
84,6174.05,5300.00,1.50,2,42,0.04,NLOS,123.06,-1.69,-101.15,-73.37,-0.12,34.98,0,48,-101.66,22,-108.15,66,-111.16,41,-112.03,55,-112.41,5,-114.06
85,6164.33,5300.00,1.50,2,42,0.04,NLOS,122.70,-1.69,-100.79,-73.01,0.46,34.98,0,48,-101.94,22,-108.09,66,-111.20,41,-111.93,55,-112.56,5,-114.03
86,6154.61,5300.00,1.50,2,42,0.04,NLOS,122.34,-1.69,-100.43,-72.65,1.05,34.98,0,48,-102.21,22,-108.03,66,-111.25,41,-111.84,55,-112.71,5,-114.00
87,6144.89,5300.00,1.50,2,42,0.04,NLOS,121.97,-6.92,-94.84,-67.05,-0.64,34.98,0,48,-95.37,35,-102.48,43,-106.54,50,-110.92,41,-111.56,5,-113.63
88,6135.18,5300.00,1.50,2,42,0.05,NLOS,121.59,-6.92,-94.46,-66.68,-0.09,34.98,0,48,-95.64,35,-102.35,43,-106.48,50,-110.95,41,-111.47,5,-113.60
89,6125.46,5300.00,1.50,2,42,0.05,NLOS,121.21,-6.92,-94.07,-66.29,0.47,34.98,0,48,-95.91,35,-102.21,43,-106.43,50,-110.98,41,-111.38,5,-113.57
90,6115.74,5300.00,1.50,2,48,0.04,NLOS,124.63,-15.10,-89.31,-61.53,3.58,34.98,1,42,-92.98,40,-101.23,35,-103.47,49,-111.36,22,-117.30,47,-118.94
91,6106.03,5300.00,1.50,2,48,0.04,NLOS,124.89,-15.10,-89.58,-61.79,2.92,34.98,0,42,-92.58,40,-101.20,35,-103.33,49,-111.50,22,-117.24,47,-118.98
92,6096.31,5300.00,1.50,2,48,0.04,NLOS,125.15,-15.10,-89.84,-62.06,2.26,34.98,0,42,-92.17,40,-101.18,35,-103.19,49,-111.63,22,-117.18,41,-119.01
93,6086.59,5300.00,1.50,2,49,0.03,NLOS,130.78,-14.06,-96.50,-68.72,4.04,34.98,1,48,-102.03,62,-106.23,42,-109.20,43,-110.92,13,-111.71,46,-112.71
94,6076.87,5300.00,1.50,2,49,0.03,NLOS,130.92,-14.06,-96.64,-68.86,4.02,34.98,0,48,-102.29,62,-106.31,42,-108.77,43,-110.87,13,-111.68,46,-112.73
95,6067.16,5300.00,1.50,2,49,0.03,NLOS,131.06,-14.06,-96.78,-69.00,3.98,34.98,0,48,-102.55,62,-106.39,42,-108.34,43,-110.82,13,-111.65,46,-112.74
96,6057.44,5300.00,1.50,2,42,0.06,NLOS,118.28,-24.35,-73.71,-45.93,18.96,34.98,1,41,-93.04,55,-100.20,48,-106.51,35,-107.05,52,-110.35,39,-110.59
97,6047.72,5300.00,1.50,2,42,0.06,NLOS,117.83,-24.35,-73.26,-45.47,19.35,34.98,0,41,-92.96,55,-100.33,48,-106.76,35,-106.91,52,-110.38,39,-110.58
98,6038.01,5300.00,1.50,2,42,0.06,NLOS,117.36,-24.35,-72.79,-45.01,19.74,34.98,0,41,-92.89,55,-100.47,35,-106.76,48,-107.02,52,-110.40,39,-110.58
99,6028.29,5300.00,1.50,2,42,0.07,NLOS,116.89,-8.76,-87.91,-60.13,12.20,34.98,0,48,-101.14,36,-108.64,46,-109.00,5,-110.51,41,-113.61,53,-114.01
100,6018.57,5300.00,1.50,2,42,0.07,NLOS,116.40,-8.76,-87.42,-59.64,12.85,34.98,0,48,-101.39,36,-108.51,46,-109.02,5,-110.48,41,-113.53,53,-114.06
101,6008.85,5300.00,1.50,2,42,0.07,NLOS,115.91,-8.76,-86.93,-59.15,13.51,34.98,0,48,-101.63,36,-108.39,46,-109.04,5,-110.44,41,-113.46,53,-114.11
102,6000.86,5300.00,1.50,0,42,0.07,NLOS,115.49,-13.39,-81.89,-54.10,19.42,34.98,0,48,-101.92,53,-109.40,36,-111.10,37,-112.24,47,-112.95,55,-113.56
103,6010.58,5300.00,1.50,0,42,0.07,NLOS,116.00,-13.39,-82.39,-54.61,18.71,34.98,0,48,-101.68,53,-109.35,36,-111.22,37,-112.30,47,-112.90,55,-113.43
104,6020.30,5300.00,1.50,0,42,0.07,NLOS,116.49,-13.39,-82.88,-55.10,18.01,34.98,0,48,-101.43,53,-109.30,36,-111.34,37,-112.35,47,-112.85,55,-113.30
105,6030.01,5300.00,1.50,0,49,0.02,NLOS,131.60,-26.36,-85.02,-57.24,15.40,34.98,1,43,-101.35,44,-108.55,55,-110.81,34,-111.50,47,-111.79,48,-112.03
106,6039.73,5300.00,1.50,0,49,0.02,NLOS,131.46,-26.36,-84.88,-57.10,15.55,34.98,0,43,-101.40,44,-108.57,55,-110.67,34,-111.57,47,-111.74,48,-111.78
107,6049.45,5300.00,1.50,0,49,0.02,NLOS,131.32,-26.36,-84.74,-56.96,15.71,34.98,0,43,-101.44,44,-108.58,55,-110.54,48,-111.53,34,-111.64,47,-111.69
108,6059.17,5300.00,1.50,0,29,0.01,NLOS,146.91,-22.06,-104.64,-76.85,6.85,34.98,1,42,-105.19,47,-111.71,22,-113.88,17,-115.16,49,-117.93,35,-118.15
109,6068.88,5300.00,1.50,0,29,0.01,NLOS,147.00,-22.06,-104.73,-76.94,6.84,34.98,0,42,-105.63,47,-111.67,22,-113.95,17,-115.21,49,-117.79,35,-118.29
110,6078.60,5300.00,1.50,0,29,0.01,NLOS,147.09,-22.06,-104.82,-77.03,6.83,34.98,0,42,-106.06,47,-111.62,22,-114.01,17,-115.26,49,-117.65,35,-118.44
111,6088.32,5300.00,1.50,0,48,0.04,NLOS,125.37,-13.12,-92.03,-64.25,3.90,34.98,1,42,-97.00,41,-102.79,28,-112.52,5,-114.25,66,-114.81,26,-116.02
112,6098.03,5300.00,1.50,0,48,0.04,NLOS,125.11,-13.12,-91.77,-63.99,4.50,34.98,0,42,-97.42,41,-102.88,28,-112.60,5,-114.28,66,-114.77,26,-116.05
113,6107.75,5300.00,1.50,0,48,0.04,NLOS,124.84,-13.12,-91.50,-63.72,5.09,34.98,0,42,-97.83,41,-102.96,28,-112.68,5,-114.31,66,-114.72,26,-116.09
114,6117.47,5300.00,1.50,0,48,0.04,NLOS,124.58,-5.16,-99.20,-71.41,2.88,34.98,0,41,-105.18,49,-108.16,42,-109.62,24,-109.84,43,-111.33,53,-112.51
115,6127.19,5300.00,1.50,0,48,0.04,NLOS,124.31,-5.16,-98.93,-71.15,3.21,34.98,0,41,-105.27,49,-108.03,24,-109.89,42,-110.01,43,-111.38,53,-112.47
116,6136.90,5300.00,1.50,0,48,0.04,NLOS,124.04,-5.16,-98.66,-70.88,3.54,34.98,0,41,-105.36,49,-107.89,24,-109.94,42,-110.40,43,-111.44,53,-112.42
117,6146.62,5300.00,1.50,0,48,0.04,NLOS,123.77,-1.59,-101.96,-74.18,-3.56,34.98,0,42,-99.08,50,-108.01,28,-109.35,54,-110.38,55,-112.49,49,-112.68
118,6156.34,5300.00,1.50,0,48,0.04,NLOS,123.50,-1.59,-101.69,-73.91,-3.00,34.98,0,42,-99.45,50,-107.99,28,-109.43,54,-110.28,55,-112.34,49,-112.55
119,6166.05,5300.00,1.50,0,48,0.04,NLOS,123.23,-1.59,-101.42,-73.64,-2.44,34.98,0,42,-99.81,50,-107.96,28,-109.50,54,-110.18,55,-112.19,49,-112.42
120,6175.77,5300.00,1.50,0,42,0.04,NLOS,123.12,-15.17,-87.73,-59.95,9.44,34.98,1,48,-97.39,34,-104.30,22,-105.92,29,-106.44,49,-112.93,5,-113.47
121,6185.49,5300.00,1.50,0,42,0.04,NLOS,123.47,-15.17,-88.08,-60.30,8.82,34.98,0,48,-97.11,34,-104.37,22,-105.98,29,-106.53,49,-112.80,5,-113.50
122,6195.20,5300.00,1.50,0,42,0.04,NLOS,123.81,-15.17,-88.42,-60.64,8.22,34.98,0,48,-96.84,34,-104.44,22,-106.04,29,-106.61,49,-112.68,5,-113.53
123,6200.00,5304.92,1.50,1,49,0.03,NLOS,129.14,-18.06,-90.86,-63.08,14.35,34.98,1,42,-106.26,5,-113.88,35,-113.93,44,-114.58,48,-115.92,41,-116.38
124,6200.00,5314.64,1.50,1,49,0.03,NLOS,128.91,-18.06,-90.64,-62.85,14.52,34.98,0,42,-106.17,5,-113.87,35,-113.96,44,-114.49,48,-116.19,41,-116.54
125,6200.00,5324.36,1.50,1,49,0.03,NLOS,128.68,-18.06,-90.40,-62.62,14.70,34.98,0,42,-106.08,5,-113.86,35,-113.99,44,-114.41,48,-116.46,41,-116.70
126,6200.00,5334.07,1.50,1,42,0.04,NLOS,123.67,-10.94,-92.52,-64.74,5.39,34.98,1,48,-98.62,55,-106.57,43,-109.43,57,-110.68,36,-112.50,49,-113.72
127,6200.00,5343.79,1.50,1,42,0.04,NLOS,123.60,-10.94,-92.44,-64.66,5.67,34.98,0,48,-98.89,55,-106.56,43,-109.29,57,-110.62,36,-112.45,49,-113.49
128,6200.00,5353.51,1.50,1,42,0.04,NLOS,123.53,-10.94,-92.38,-64.60,5.95,34.98,0,48,-99.16,55,-106.55,43,-109.14,57,-110.55,36,-112.40,49,-113.25
129,6200.00,5363.22,1.50,1,49,0.03,NLOS,127.73,-17.49,-90.02,-62.24,6.32,34.98,1,42,-97.01,41,-97.38,48,-107.22,17,-109.77,5,-110.57,36,-111.36
130,6200.00,5372.94,1.50,1,49,0.03,NLOS,127.49,-17.49,-89.78,-62.00,6.54,34.98,0,42,-96.96,41,-97.53,48,-107.49,17,-109.76,5,-110.56,36,-111.31
131,6200.00,5382.66,1.50,1,49,0.03,NLOS,127.24,-17.49,-89.54,-61.75,6.76,34.98,0,42,-96.91,41,-97.69,48,-107.76,17,-109.74,5,-110.55,36,-111.27
132,6200.00,5392.38,1.50,1,48,0.04,NLOS,124.85,-8.35,-96.28,-68.50,1.24,34.98,1,42,-98.74,55,-107.08,49,-107.48,34,-108.21,36,-114.67,54,-116.86
133,6200.00,5402.09,1.50,1,48,0.04,NLOS,125.11,-8.35,-96.54,-68.76,0.93,34.98,0,42,-98.71,55,-107.08,49,-107.23,34,-108.28,36,-114.63,54,-116.94
134,6200.00,5411.81,1.50,1,48,0.04,NLOS,125.37,-8.35,-96.80,-69.02,0.63,34.98,0,42,-98.69,49,-106.98,55,-107.07,34,-108.35,36,-114.58,54,-117.02
135,6200.00,5421.53,1.50,1,42,0.04,NLOS,123.28,-1.98,-101.08,-73.30,7.81,34.98,1,55,-109.39,48,-112.43,54,-113.63,49,-114.76,41,-115.43,50,-116.64
136,6200.00,5431.24,1.50,1,42,0.04,NLOS,123.27,-1.98,-101.08,-73.29,7.89,34.98,0,55,-109.39,48,-112.69,54,-113.71,49,-114.50,41,-115.58,50,-116.52
137,6200.00,5440.96,1.50,1,42,0.04,NLOS,123.27,-1.98,-101.08,-73.30,7.95,34.98,0,55,-109.39,48,-112.95,54,-113.79,49,-114.25,41,-115.73,50,-116.39
138,6200.00,5450.68,1.50,1,49,0.04,NLOS,125.47,-16.09,-89.16,-61.38,12.92,34.98,1,42,-102.83,36,-110.82,50,-111.59,46,-112.43,5,-112.46,68,-114.20
139,6200.00,5460.40,1.50,1,49,0.04,NLOS,125.21,-16.09,-88.90,-61.12,13.18,34.98,0,42,-102.84,36,-110.78,50,-111.47,5,-112.45,46,-112.50,68,-114.20
140,6200.00,5470.11,1.50,1,49,0.04,NLOS,124.94,-16.09,-88.64,-60.86,13.45,34.98,0,42,-102.87,36,-110.74,50,-111.34,5,-112.44,46,-112.57,68,-114.20
141,6200.00,5479.83,1.50,1,48,0.03,NLOS,127.15,-16.19,-90.75,-62.96,2.16,34.98,1,42,-93.06,40,-96.89,43,-101.52,51,-104.57,36,-105.09,37,-106.02
142,6200.00,5489.55,1.50,1,48,0.03,NLOS,127.40,-16.19,-90.99,-63.21,1.96,34.98,0,42,-93.10,40,-96.97,43,-101.37,51,-104.49,36,-105.05,37,-105.95
143,6200.00,5499.26,1.50,1,48,0.03,NLOS,127.64,-16.19,-91.23,-63.45,1.77,34.98,0,42,-93.15,40,-97.06,43,-101.21,51,-104.41,36,-105.01,37,-105.88
144,6200.00,5491.02,1.50,3,42,0.04,NLOS,123.41,-16.38,-86.82,-59.03,11.39,34.98,1,48,-99.32,49,-105.17,52,-107.99,50,-109.60,47,-112.05,56,-112.20
145,6200.00,5481.30,1.50,3,42,0.04,NLOS,123.37,-16.38,-86.77,-58.99,11.29,34.98,0,48,-99.08,49,-105.44,52,-107.93,50,-109.72,47,-111.93,56,-112.28
146,6200.00,5471.58,1.50,3,42,0.04,NLOS,123.33,-16.38,-86.74,-58.96,11.18,34.98,0,48,-98.83,49,-105.71,52,-107.88,50,-109.85,47,-111.82,56,-112.35
147,6200.00,5461.87,1.50,3,47,0.01,NLOS,142.04,-18.47,-103.35,-75.56,2.48,34.98,1,35,-104.64,49,-104.93,60,-105.14,23,-107.36,48,-107.67,55,-108.51
148,6200.00,5452.15,1.50,3,47,0.01,NLOS,141.92,-18.47,-103.23,-75.45,2.40,34.98,0,35,-104.59,60,-105.09,49,-105.19,23,-107.37,48,-107.42,55,-108.51
149,6200.00,5442.43,1.50,3,47,0.01,NLOS,141.80,-18.47,-103.11,-75.33,2.32,34.98,0,35,-104.55,60,-105.05,49,-105.45,48,-107.16,23,-107.38,55,-108.50
150,6200.00,5432.72,1.50,3,49,0.03,NLOS,125.95,-14.61,-91.12,-63.34,7.30,34.98,1,42,-102.10,55,-103.23,35,-103.79,48,-105.93,5,-109.04,62,-111.96
151,6200.00,5423.00,1.50,3,49,0.03,NLOS,126.20,-14.61,-91.37,-63.59,7.00,34.98,0,42,-102.10,55,-103.23,35,-103.75,48,-105.68,5,-109.05,62,-111.98
152,6200.00,5413.28,1.50,3,49,0.03,NLOS,126.46,-14.61,-91.63,-63.85,6.71,34.98,0,42,-102.12,55,-103.24,35,-103.70,48,-105.42,5,-109.06,62,-112.00
153,6200.00,5403.56,1.50,3,48,0.04,NLOS,125.15,-9.28,-95.65,-67.87,7.34,34.98,1,63,-103.03,43,-106.84,55,-107.20,49,-107.22,35,-111.99,5,-112.29
154,6200.00,5393.85,1.50,3,48,0.04,NLOS,124.89,-9.28,-95.39,-67.61,7.69,34.98,0,63,-103.07,43,-106.99,55,-107.20,49,-107.47,35,-111.95,5,-112.30
155,6200.00,5384.13,1.50,3,48,0.04,NLOS,124.62,-9.28,-95.12,-67.34,8.04,34.98,0,63,-103.11,43,-107.13,55,-107.21,49,-107.71,35,-111.91,5,-112.31
156,6200.00,5374.41,1.50,3,48,0.04,NLOS,124.36,-14.21,-89.93,-62.14,8.21,34.98,0,49,-102.06,42,-103.09,55,-104.18,57,-112.33,29,-113.03,47,-115.10
157,6200.00,5364.70,1.50,3,48,0.04,NLOS,124.09,-14.21,-89.66,-61.88,8.59,34.98,0,49,-102.30,42,-103.14,55,-104.19,57,-112.40,29,-113.03,47,-114.97
158,6200.00,5354.98,1.50,3,48,0.04,NLOS,123.82,-14.21,-89.39,-61.61,8.97,34.98,0,49,-102.54,42,-103.20,55,-104.20,57,-112.47,29,-113.04,47,-114.84
159,6200.00,5345.26,1.50,3,48,0.04,NLOS,123.55,-10.84,-92.48,-64.70,9.61,34.98,0,49,-103.52,43,-104.99,54,-110.88,42,-111.99,36,-115.49,44,-116.17
160,6200.00,5335.54,1.50,3,48,0.04,NLOS,123.28,-10.84,-92.21,-64.43,10.04,34.98,0,49,-103.76,43,-105.14,54,-110.80,42,-112.06,36,-115.54,44,-116.25
161,6200.00,5325.83,1.50,3,48,0.04,NLOS,123.00,-10.84,-91.94,-64.16,10.47,34.98,0,49,-103.99,43,-105.28,54,-110.73,42,-112.14,36,-115.59,44,-116.34
162,6200.00,5316.11,1.50,3,48,0.04,NLOS,122.73,-1.24,-101.27,-73.48,-1.53,34.98,0,49,-102.97,31,-104.36,63,-104.76,42,-105.20,41,-108.75,54,-109.55
163,6200.00,5306.39,1.50,3,48,0.04,NLOS,122.45,-1.24,-100.99,-73.21,-1.15,34.98,0,49,-103.20,31,-104.40,63,-104.81,42,-105.29,41,-108.59,54,-109.48
164,6196.68,5300.00,1.50,2,48,0.04,NLOS,122.37,-1.24,-100.91,-73.12,-1.02,34.98,0,49,-103.39,31,-104.42,63,-104.86,42,-105.24,41,-108.44,54,-109.46
165,6186.96,5300.00,1.50,2,49,0.03,NLOS,129.42,-9.99,-99.21,-71.43,3.33,34.98,1,48,-105.43,42,-108.74,35,-109.15,54,-110.84,43,-111.11,66,-111.12
166,6177.24,5300.00,1.50,2,49,0.03,NLOS,129.54,-9.99,-99.33,-71.55,3.26,34.98,0,48,-105.71,42,-108.39,35,-109.02,54,-110.94,43,-111.05,66,-111.16
167,6167.53,5300.00,1.50,2,49,0.03,NLOS,129.67,-9.99,-99.46,-71.68,3.17,34.98,0,48,-105.98,42,-108.04,35,-108.89,43,-110.99,54,-111.05,66,-111.21
168,6157.81,5300.00,1.50,2,48,0.04,NLOS,123.46,-11.42,-91.82,-64.04,9.63,34.98,1,42,-104.10,55,-105.52,44,-109.29,28,-109.67,15,-111.42,56,-112.60
169,6148.09,5300.00,1.50,2,48,0.04,NLOS,123.73,-11.42,-92.09,-64.31,9.21,34.98,0,42,-103.73,55,-105.66,44,-109.27,28,-109.59,15,-111.37,56,-112.69
170,6138.37,5300.00,1.50,2,48,0.04,NLOS,124.00,-11.42,-92.36,-64.58,8.77,34.98,0,42,-103.36,55,-105.81,44,-109.26,28,-109.52,15,-111.32,56,-112.77
171,6128.66,5300.00,1.50,2,42,0.05,NLOS,121.33,-5.61,-95.51,-67.73,1.79,34.98,1,41,-99.00,35,-106.72,43,-107.65,48,-107.99,44,-110.41,25,-112.24
172,6118.94,5300.00,1.50,2,42,0.05,NLOS,120.94,-5.61,-95.12,-67.34,2.13,34.98,0,41,-98.91,35,-106.58,43,-107.60,48,-108.26,44,-110.39,25,-112.20
173,6109.22,5300.00,1.50,2,42,0.05,NLOS,120.55,-5.61,-94.72,-66.94,2.47,34.98,0,41,-98.82,35,-106.45,43,-107.54,48,-108.53,44,-110.38,25,-112.17
174,6099.51,5300.00,1.50,2,42,0.05,NLOS,120.14,1.11,-101.03,-73.25,-0.51,34.98,0,36,-103.88,48,-104.14,47,-107.38,23,-107.70,51,-113.52,41,-113.67
175,6089.79,5300.00,1.50,2,42,0.05,NLOS,119.73,1.11,-100.62,-72.84,-0.04,34.98,0,36,-103.76,48,-104.40,47,-107.42,23,-107.63,51,-113.53,41,-113.58
176,6080.07,5300.00,1.50,2,42,0.05,NLOS,119.30,1.11,-100.20,-72.41,0.42,34.98,0,36,-103.65,48,-104.66,47,-107.47,23,-107.57,41,-113.50,51,-113.54
177,6070.35,5300.00,1.50,2,48,0.03,NLOS,125.85,-15.84,-89.79,-62.01,8.22,34.98,1,42,-99.10,54,-106.45,5,-110.50,36,-112.48,49,-112.96,55,-113.01
178,6060.64,5300.00,1.50,2,48,0.03,NLOS,126.11,-15.84,-90.04,-62.26,7.63,34.98,0,42,-98.66,54,-106.55,5,-110.47,36,-112.36,49,-113.10,55,-113.15
179,6050.92,5300.00,1.50,2,48,0.03,NLOS,126.36,-15.84,-90.30,-62.52,7.03,34.98,0,42,-98.21,54,-106.65,5,-110.44,36,-112.24,49,-113.24,55,-113.28
180,6041.20,5300.00,1.50,2,49,0.02,NLOS,131.44,-18.01,-93.21,-65.43,2.41,34.98,1,42,-95.65,29,-105.47,46,-106.35,41,-107.33,36,-108.53,47,-111.17
181,6031.49,5300.00,1.50,2,49,0.02,NLOS,131.58,-18.01,-93.35,-65.57,1.80,34.98,0,42,-95.18,29,-105.38,46,-106.36,41,-107.26,36,-108.41,47,-111.22
182,6021.77,5300.00,1.50,2,49,0.02,NLOS,131.72,-18.01,-93.50,-65.71,1.18,34.98,0,42,-94.69,29,-105.29,46,-106.38,41,-107.18,36,-108.29,47,-111.27
183,6012.05,5300.00,1.50,2,42,0.07,NLOS,116.07,-13.92,-81.93,-54.15,20.69,34.98,1,47,-104.03,36,-106.69,41,-107.71,48,-109.79,28,-112.86,5,-113.45
184,6002.33,5300.00,1.50,2,42,0.07,NLOS,115.57,-13.92,-81.43,-53.65,21.16,34.98,0,47,-104.08,36,-106.56,41,-107.64,48,-110.03,28,-112.78,5,-113.42
185,6007.38,5300.00,1.50,0,42,0.07,NLOS,115.83,-13.92,-81.69,-53.91,20.91,34.98,0,47,-104.05,36,-106.63,41,-107.68,48,-109.90,28,-112.83,5,-113.44
186,6017.10,5300.00,1.50,0,42,0.07,NLOS,116.33,-13.92,-82.19,-54.40,20.45,34.98,0,47,-104.00,36,-106.75,41,-107.75,48,-109.66,28,-112.91,5,-113.47
187,6026.82,5300.00,1.50,0,48,0.03,NLOS,126.98,-13.94,-92.82,-65.04,10.04,34.98,1,55,-104.16,35,-106.17,42,-109.55,50,-111.61,68,-111.91,28,-112.16
188,6036.53,5300.00,1.50,0,48,0.03,NLOS,126.73,-13.94,-92.57,-64.79,10.29,34.98,0,55,-104.02,35,-106.31,42,-110.02,50,-111.58,68,-111.85,28,-112.24
189,6046.25,5300.00,1.50,0,48,0.03,NLOS,126.48,-13.94,-92.32,-64.54,10.52,34.98,0,55,-103.89,35,-106.46,42,-110.49,50,-111.55,68,-111.79,28,-112.32
190,6055.97,5300.00,1.50,0,42,0.06,NLOS,118.21,-5.98,-92.02,-64.24,1.91,34.98,1,41,-94.47,48,-103.70,55,-109.64,36,-116.62,34,-117.90,61,-119.10
191,6065.69,5300.00,1.50,0,42,0.06,NLOS,118.66,-5.98,-92.46,-64.68,1.51,34.98,0,41,-94.55,48,-103.44,55,-109.51,36,-116.74,34,-117.97,61,-119.02
192,6075.40,5300.00,1.50,0,42,0.05,NLOS,119.10,-5.98,-92.90,-65.12,1.12,34.98,0,41,-94.63,48,-103.19,55,-109.37,36,-116.86,34,-118.04,61,-118.94
193,6085.12,5300.00,1.50,0,42,0.05,NLOS,119.52,0.56,-99.86,-72.08,-0.14,34.98,0,48,-100.70,63,-102.24,67,-105.51,45,-106.44,41,-107.80,39,-111.85
194,6094.84,5300.00,1.50,0,42,0.05,NLOS,119.94,0.56,-100.28,-72.50,-0.76,34.98,0,48,-100.44,63,-102.18,67,-105.46,45,-106.43,41,-107.89,55,-111.82
195,6104.55,5300.00,1.50,0,42,0.05,NLOS,120.35,0.56,-100.69,-72.91,-1.37,34.98,0,48,-100.18,63,-102.13,67,-105.40,45,-106.42,41,-107.98,55,-111.67
196,6114.27,5300.00,1.50,0,41,0.02,NLOS,133.41,-10.37,-102.82,-75.04,0.83,34.98,1,48,-106.88,42,-107.19,43,-109.67,5,-109.92,28,-112.06,44,-117.98
197,6123.99,5300.00,1.50,0,41,0.02,NLOS,133.50,-10.37,-102.91,-75.13,0.78,34.98,0,48,-106.61,42,-107.58,43,-109.72,5,-109.95,28,-112.14,44,-118.00
198,6133.71,5300.00,1.50,0,41,0.02,NLOS,133.59,-10.37,-103.00,-75.22,0.70,34.98,0,48,-106.34,42,-107.97,43,-109.78,5,-109.98,28,-112.21,44,-118.01
199,6143.42,5300.00,1.50,0,42,0.04,NLOS,121.91,-14.97,-86.72,-58.94,20.87,34.98,1,60,-106.70,65,-108.26,48,-110.36,11,-111.67,50,-113.25,49,-113.61
200,6153.14,5300.00,1.50,0,42,0.04,NLOS,122.28,-14.97,-87.09,-59.31,20.34,34.98,0,60,-106.64,65,-108.23,48,-110.09,11,-111.70,50,-113.22,49,-113.48
201,6162.86,5300.00,1.50,0,42,0.04,NLOS,122.65,-14.97,-87.46,-59.68,19.81,34.98,0,60,-106.58,65,-108.20,48,-109.82,11,-111.74,50,-113.19,49,-113.35
202,6172.57,5300.00,1.50,0,49,0.03,NLOS,129.60,-19.11,-90.27,-62.49,14.60,34.98,1,61,-105.26,48,-109.03,55,-109.92,42,-110.77,65,-111.92,54,-114.54
203,6182.29,5300.00,1.50,0,49,0.03,NLOS,129.48,-19.11,-90.15,-62.36,14.65,34.98,0,61,-105.17,48,-108.75,55,-109.77,42,-111.12,65,-111.88,54,-114.44
204,6192.01,5300.00,1.50,0,49,0.03,NLOS,129.35,-19.11,-90.02,-62.24,14.69,34.98,0,61,-105.08,48,-108.48,55,-109.61,42,-111.46,65,-111.85,54,-114.33
205,6201.73,5300.00,1.50,0,49,0.03,NLOS,129.23,-17.35,-91.67,-63.89,-2.06,34.98,0,48,-90.28,56,-98.71,36,-104.26,53,-105.34,42,-107.17,38,-112.90
206,6211.44,5300.00,1.50,0,49,0.03,NLOS,129.11,-17.35,-91.55,-63.77,-2.19,34.98,0,48,-90.00,56,-98.63,36,-104.37,53,-105.30,42,-107.50,38,-112.93
207,6221.16,5300.00,1.50,0,49,0.03,NLOS,129.00,-17.35,-91.43,-63.65,-2.31,34.98,0,48,-89.73,56,-98.55,36,-104.48,53,-105.25,42,-107.82,38,-112.96
208,6230.88,5300.00,1.50,0,49,0.03,NLOS,128.88,-18.38,-90.28,-62.50,4.93,34.98,0,48,-95.57,42,-107.95,47,-108.76,56,-114.95,8,-115.10,55,-115.72
209,6240.59,5300.00,1.50,0,49,0.03,NLOS,128.77,-18.38,-90.17,-62.39,4.80,34.98,0,48,-95.30,42,-108.27,47,-108.73,56,-114.87,8,-115.14,55,-115.56
210,6250.31,5300.00,1.50,0,49,0.03,NLOS,128.66,-18.38,-90.06,-62.28,4.67,34.98,0,48,-95.03,42,-108.58,47,-108.70,56,-114.78,8,-115.17,55,-115.39
211,6260.03,5300.00,1.50,0,41,0.02,NLOS,134.89,-18.19,-96.48,-68.70,4.99,34.98,1,42,-103.85,48,-105.47,55,-108.14,49,-109.26,67,-115.16,56,-116.23
212,6269.74,5300.00,1.50,0,41,0.02,NLOS,134.99,-18.19,-96.59,-68.81,4.94,34.98,0,42,-104.15,48,-105.20,55,-107.97,49,-109.15,67,-115.10,56,-116.14
213,6279.46,5300.00,1.50,0,41,0.02,NLOS,135.10,-18.19,-96.69,-68.91,4.87,34.98,0,42,-104.45,48,-104.94,55,-107.81,49,-109.05,67,-115.04,56,-116.06
214,6289.18,5300.00,1.50,0,48,0.05,NLOS,119.81,-0.80,-98.79,-71.01,4.88,34.98,1,49,-104.76,36,-107.63,54,-112.08,5,-114.18,61,-115.10,69,-116.08
215,6298.90,5300.00,1.50,0,48,0.05,NLOS,119.55,-0.80,-98.54,-70.75,5.04,34.98,0,49,-104.67,36,-107.74,54,-111.98,5,-114.21,61,-115.01,69,-116.02
216,6308.61,5300.00,1.50,0,48,0.05,NLOS,119.30,-0.80,-98.28,-70.50,5.20,34.98,0,49,-104.58,36,-107.85,54,-111.87,5,-114.24,61,-114.91,69,-115.96
217,6318.33,5300.00,1.50,0,48,0.05,NLOS,119.06,3.28,-102.12,-74.33,-3.90,34.98,0,49,-99.71,55,-104.87,37,-107.94,41,-111.74,31,-113.03,52,-113.56
218,6328.05,5300.00,1.50,0,48,0.06,NLOS,118.82,3.28,-101.88,-74.09,-3.76,34.98,0,49,-99.63,55,-104.69,37,-108.00,41,-111.85,31,-113.08,52,-113.53
219,6337.76,5300.00,1.50,0,48,0.06,NLOS,118.58,3.28,-101.64,-73.86,-3.61,34.98,0,49,-99.55,55,-104.52,37,-108.05,41,-111.96,31,-113.12,52,-113.51
220,6347.48,5300.00,1.50,0,42,0.03,NLOS,128.48,-13.76,-94.51,-66.73,6.84,34.98,1,54,-100.05,48,-104.19,49,-105.88,47,-110.97,53,-112.03,43,-113.61
221,6357.20,5300.00,1.50,0,42,0.03,NLOS,128.74,-13.76,-94.77,-66.99,6.45,34.98,0,54,-99.94,48,-103.97,49,-105.81,47,-110.95,53,-111.98,43,-113.68
222,6366.92,5300.00,1.50,0,42,0.03,NLOS,129.00,-13.76,-95.03,-67.24,6.07,34.98,0,54,-99.83,48,-103.76,49,-105.74,47,-110.94,53,-111.94,37,-113.75
223,6376.63,5300.00,1.50,0,42,0.03,NLOS,129.25,0.35,-109.39,-81.61,-2.82,34.98,0,32,-107.41,48,-110.01,50,-111.52,36,-113.22,62,-113.66,61,-114.94
224,6386.35,5300.00,1.50,0,42,0.03,NLOS,129.50,0.35,-109.64,-81.86,-3.12,34.98,0,32,-107.43,48,-109.82,50,-111.51,36,-113.32,62,-113.57,61,-114.84
225,6396.07,5300.00,1.50,0,42,0.03,NLOS,129.75,0.35,-109.89,-82.10,-3.42,34.98,0,32,-107.46,48,-109.65,50,-111.50,36,-113.42,62,-113.48,61,-114.74
226,6400.00,5294.22,1.50,3,42,0.03,NLOS,129.88,-5.05,-104.61,-76.83,-5.12,34.98,0,48,-102.18,35,-104.27,54,-109.65,14,-110.04,55,-110.05,31,-110.12
227,6400.00,5284.50,1.50,3,42,0.03,NLOS,129.93,-5.05,-104.67,-76.88,-5.46,34.98,0,48,-101.68,35,-104.25,54,-109.55,14,-110.02,55,-110.09,31,-110.15
228,6400.00,5274.78,1.50,3,48,0.07,NLOS,115.99,5.39,-101.16,-73.37,0.45,34.98,1,35,-104.23,42,-104.72,54,-109.45,14,-110.00,55,-110.12,31,-110.19
229,6400.00,5265.06,1.50,3,48,0.07,NLOS,115.45,-14.10,-81.13,-53.35,30.24,34.98,0,22,-104.72,66,-108.00,32,-110.21,69,-111.28,52,-112.84,35,-113.05
230,6400.00,5255.35,1.50,3,48,0.08,NLOS,114.90,-14.10,-80.58,-52.80,30.75,34.98,0,22,-104.72,66,-107.97,32,-110.17,69,-111.30,52,-112.78,35,-113.03
231,6400.00,5245.63,1.50,3,48,0.08,NLOS,114.34,-14.10,-80.02,-52.24,31.27,34.98,0,22,-104.71,66,-107.94,32,-110.12,69,-111.33,52,-112.72,35,-113.01
232,6400.00,5235.91,1.50,3,48,0.09,NLOS,113.76,5.42,-98.96,-71.18,0.52,34.98,0,42,-102.21,40,-102.71,49,-106.77,68,-108.00,55,-108.50,41,-108.72
233,6400.00,5226.20,1.50,3,48,0.09,NLOS,113.17,5.42,-98.36,-70.58,1.18,34.98,0,42,-102.29,40,-102.62,49,-107.02,68,-108.01,55,-108.54,41,-108.60
234,6400.00,5216.48,1.50,3,48,0.10,NLOS,112.55,5.42,-97.75,-69.97,1.86,34.98,0,42,-102.36,40,-102.53,49,-107.27,68,-108.01,41,-108.47,55,-108.59
235,6400.00,5206.76,1.50,3,48,0.10,NLOS,111.92,4.86,-96.56,-68.78,2.15,34.98,0,55,-100.57,49,-106.46,42,-106.85,9,-111.75,43,-111.81,46,-113.41
236,6400.00,5197.04,1.50,3,48,0.11,NLOS,111.27,4.86,-95.92,-68.13,2.89,34.98,0,55,-100.62,49,-106.70,42,-106.93,9,-111.75,43,-111.92,46,-113.32
237,6400.00,5187.33,1.50,3,48,0.12,NLOS,110.60,4.86,-95.25,-67.47,3.64,34.98,0,55,-100.67,49,-106.94,42,-107.02,9,-111.74,43,-112.03,46,-113.24
238,6400.00,5177.61,1.50,3,54,0.02,NLOS,137.58,-30.00,-87.36,-59.58,9.72,34.98,1,48,-97.15,41,-98.77,50,-100.22,42,-110.58,49,-110.82,29,-112.88
239,6400.00,5167.89,1.50,3,54,0.02,NLOS,137.49,-30.00,-87.27,-59.49,9.12,34.98,0,48,-96.45,41,-98.65,50,-100.33,42,-110.67,49,-111.05,29,-112.89
240,6400.00,5158.18,1.50,3,54,0.02,NLOS,137.40,-30.00,-87.18,-59.40,8.49,34.98,0,48,-95.73,41,-98.52,50,-100.43,42,-110.76,49,-111.28,29,-112.90
241,6400.00,5148.46,1.50,3,48,0.15,NLOS,107.75,-3.79,-83.74,-55.96,5.51,34.98,1,41,-90.22,42,-97.09,54,-104.63,36,-108.04,43,-110.25,64,-112.11
242,6400.00,5138.74,1.50,3,48,0.16,NLOS,106.99,-3.79,-82.98,-55.20,6.18,34.98,0,41,-90.09,42,-97.18,54,-104.54,36,-108.08,43,-110.36,64,-112.16
243,6400.00,5129.02,1.50,3,48,0.18,NLOS,106.21,-3.79,-82.20,-54.42,6.86,34.98,0,41,-89.96,42,-97.28,54,-104.45,36,-108.13,43,-110.47,64,-112.20
244,6400.00,5119.31,1.50,3,48,0.19,NLOS,105.42,6.73,-91.93,-64.15,10.22,34.98,0,40,-102.40,49,-103.97,56,-105.88,44,-106.17,54,-108.61,35,-109.79
245,6400.00,5109.59,1.50,3,48,0.20,NLOS,104.63,6.73,-91.13,-63.35,11.13,34.98,0,40,-102.30,49,-104.19,56,-105.97,44,-106.24,54,-108.52,35,-109.78
246,6399.87,5100.00,1.50,2,48,0.22,NLOS,103.84,6.73,-90.35,-62.57,12.01,34.98,0,40,-102.20,49,-104.40,56,-106.06,44,-106.31,54,-108.44,35,-109.77
247,6390.16,5100.00,1.50,2,48,0.20,NLOS,104.65,-4.57,-79.85,-52.07,28.87,34.98,0,41,-112.55,49,-113.34,56,-113.35,43,-117.22,5,-117.47,57,-117.72
248,6380.44,5100.00,1.50,2,48,0.19,NLOS,105.44,-4.57,-80.65,-52.87,28.03,34.98,0,41,-112.40,49,-113.37,56,-113.41,43,-117.16,5,-117.44,57,-117.75
249,6370.72,5100.00,1.50,2,48,0.18,NLOS,106.23,-4.57,-81.44,-53.66,27.20,34.98,0,41,-112.25,49,-113.41,56,-113.48,43,-117.10,5,-117.41,57,-117.78
250,6361.00,5100.00,1.50,2,48,0.16,NLOS,107.01,0.02,-86.81,-59.03,5.35,34.98,0,34,-95.28,49,-95.66,41,-97.28,55,-101.24,54,-102.38,42,-107.97
251,6351.29,5100.00,1.50,2,48,0.15,NLOS,107.77,0.02,-87.57,-59.79,4.59,34.98,0,34,-95.20,49,-95.70,41,-97.12,55,-101.40,54,-102.51,42,-107.76
252,6341.57,5100.00,1.50,2,48,0.14,NLOS,108.51,0.02,-88.31,-60.53,3.84,34.98,0,34,-95.12,49,-95.74,41,-96.97,55,-101.56,54,-102.65,42,-107.55
253,6331.85,5100.00,1.50,2,48,0.13,NLOS,109.23,-8.61,-80.41,-52.63,24.79,34.98,0,47,-108.61,43,-110.89,42,-111.43,41,-113.28,36,-114.62,34,-115.01
254,6322.14,5100.00,1.50,2,48,0.12,NLOS,109.94,-8.61,-81.11,-53.33,24.04,34.98,0,47,-108.64,43,-110.83,42,-111.22,41,-113.13,36,-114.52,34,-114.93
255,6312.42,5100.00,1.50,2,48,0.12,NLOS,110.62,-8.61,-81.80,-54.02,23.29,34.98,0,47,-108.67,43,-110.78,42,-111.00,41,-112.97,36,-114.43,34,-114.85
256,6302.70,5100.00,1.50,2,48,0.11,NLOS,111.29,4.79,-95.87,-68.08,9.99,34.98,0,42,-110.33,47,-111.34,49,-111.48,36,-115.57,40,-117.49,31,-117.74
257,6292.98,5100.00,1.50,2,48,0.10,NLOS,111.94,4.79,-96.51,-68.73,9.29,34.98,0,42,-110.11,47,-111.37,49,-111.54,36,-115.48,40,-117.45,31,-117.70
258,6283.27,5100.00,1.50,2,48,0.10,NLOS,112.57,4.79,-97.14,-69.36,8.59,34.98,0,42,-109.89,47,-111.41,49,-111.59,36,-115.38,40,-117.41,31,-117.66
259,6273.55,5100.00,1.50,2,42,0.03,NLOS,128.71,-21.44,-87.05,-59.27,9.72,34.98,1,48,-97.59,54,-98.07,55,-105.19,35,-105.45,62,-112.86,49,-114.12
260,6263.83,5100.00,1.50,2,42,0.03,NLOS,128.49,-21.44,-86.82,-59.04,10.41,34.98,0,48,-98.19,54,-98.20,35,-105.32,55,-105.34,62,-112.94,49,-114.17
261,6254.12,5100.00,1.50,2,42,0.03,NLOS,128.26,-21.44,-86.60,-58.82,11.08,34.98,0,54,-98.33,48,-98.77,35,-105.19,55,-105.49,62,-113.02,49,-114.24
262,6244.40,5100.00,1.50,2,48,0.08,NLOS,114.92,7.61,-102.31,-74.53,1.90,34.98,1,43,-106.16,49,-106.89,5,-109.20,41,-109.66,44,-111.66,55,-112.80
263,6234.68,5100.00,1.50,2,48,0.07,NLOS,115.47,7.61,-102.86,-75.08,1.36,34.98,0,43,-106.11,49,-106.95,5,-109.17,41,-109.50,44,-111.64,55,-112.94
264,6224.97,5100.00,1.50,2,48,0.07,NLOS,116.00,7.61,-103.40,-75.61,0.84,34.98,0,43,-106.06,49,-107.02,5,-109.14,41,-109.35,44,-111.62,55,-113.09
265,6215.25,5100.00,1.50,2,48,0.07,NLOS,116.52,-2.08,-94.22,-66.43,-1.30,34.98,0,42,-93.34,56,-99.70,49,-104.46,35,-107.18,41,-111.41,5,-114.19
266,6205.53,5100.00,1.50,2,48,0.06,NLOS,117.03,-2.08,-94.72,-66.94,-2.01,34.98,0,42,-93.10,56,-99.77,49,-104.53,35,-107.04,41,-111.26,5,-114.16
267,6200.00,5104.19,1.50,1,48,0.06,NLOS,117.38,-2.08,-95.08,-67.29,-2.56,34.98,0,42,-92.89,56,-99.78,49,-104.49,35,-106.97,41,-111.25,5,-114.14
268,6200.00,5113.90,1.50,1,48,0.06,NLOS,117.55,0.72,-98.06,-70.28,15.58,34.98,0,36,-99.48,56,-110.16,50,-110.65,61,-110.69,27,-111.68,59,-113.24
269,6200.00,5123.62,1.50,1,48,0.06,NLOS,117.74,0.72,-98.25,-70.46,15.36,34.98,0,36,-99.41,56,-110.08,50,-110.56,61,-110.70,27,-111.72,59,-113.28
270,6200.00,5133.34,1.50,1,48,0.06,NLOS,117.94,0.72,-98.44,-70.66,15.13,34.98,0,36,-99.35,56,-110.01,50,-110.46,61,-110.70,27,-111.76,23,-113.27
271,6200.00,5143.05,1.50,1,48,0.06,NLOS,118.15,-2.73,-95.20,-67.42,11.05,34.98,0,29,-101.92,46,-104.94,54,-107.83,40,-109.75,34,-110.76,43,-111.26
272,6200.00,5152.77,1.50,1,48,0.06,NLOS,118.36,-2.73,-95.42,-67.64,10.86,34.98,0,29,-101.91,46,-105.03,54,-107.89,40,-109.86,34,-110.83,43,-111.14
273,6200.00,5162.49,1.50,1,48,0.06,NLOS,118.59,-2.73,-95.64,-67.86,10.66,34.98,0,29,-101.90,46,-105.11,54,-107.96,40,-109.96,34,-110.90,43,-111.01
274,6200.00,5172.21,1.50,1,48,0.06,NLOS,118.82,-0.75,-97.85,-70.07,-0.14,34.98,0,42,-98.47,68,-105.81,45,-106.94,35,-107.62,49,-108.15,41,-113.26
275,6200.00,5181.92,1.50,1,48,0.05,NLOS,119.06,-0.75,-98.09,-70.31,-0.52,34.98,0,42,-98.31,68,-105.81,45,-107.00,35,-107.64,49,-107.95,41,-113.43
276,6200.00,5191.64,1.50,1,48,0.05,NLOS,119.31,-0.75,-98.34,-70.56,-0.91,34.98,0,42,-98.16,68,-105.80,45,-107.06,35,-107.66,49,-107.75,41,-113.61
277,6200.00,5201.36,1.50,1,35,0.01,NLOS,140.13,-17.93,-101.98,-74.20,8.88,34.98,1,54,-102.40,49,-105.01,50,-105.73,47,-106.56,61,-109.65,56,-110.78
278,6200.00,5211.07,1.50,1,35,0.01,NLOS,140.16,-17.93,-102.01,-74.23,8.92,34.98,0,54,-102.47,49,-104.80,50,-105.62,47,-106.70,61,-109.66,56,-110.71
279,6200.00,5220.79,1.50,1,35,0.01,NLOS,140.18,-17.93,-102.03,-74.25,8.96,34.98,0,54,-102.54,49,-104.59,50,-105.52,47,-106.84,61,-109.67,56,-110.63
280,6200.00,5230.51,1.50,1,48,0.05,NLOS,120.34,-27.08,-73.04,-45.26,25.34,34.98,1,41,-100.15,49,-103.41,5,-106.77,50,-114.57,56,-116.79,43,-117.98
281,6200.00,5240.23,1.50,1,48,0.05,NLOS,120.60,-27.08,-73.31,-45.53,25.11,34.98,0,41,-100.32,49,-103.19,5,-106.76,50,-114.47,56,-116.71,43,-117.85
282,6200.00,5249.94,1.50,1,48,0.05,NLOS,120.87,-27.08,-73.58,-45.80,24.88,34.98,0,41,-100.48,49,-102.98,5,-106.74,50,-114.36,56,-116.63,43,-117.72
283,6200.00,5259.66,1.50,1,42,0.04,NLOS,124.44,-10.45,-93.78,-65.99,11.25,34.98,1,37,-102.54,54,-103.37,48,-107.07,56,-107.53,28,-109.29,69,-109.93
284,6200.00,5269.38,1.50,1,42,0.04,NLOS,124.32,-10.45,-93.66,-65.87,11.56,34.98,0,37,-102.48,54,-103.45,48,-107.34,56,-107.45,28,-109.32,69,-109.90
285,6200.00,5279.09,1.50,1,42,0.04,NLOS,124.21,-10.45,-93.54,-65.76,11.85,34.98,0,37,-102.41,54,-103.52,56,-107.37,48,-107.62,28,-109.35,69,-109.88
286,6200.00,5288.81,1.50,1,49,0.03,NLOS,129.51,-9.10,-100.19,-72.41,-2.80,34.98,1,48,-100.48,56,-101.90,54,-106.36,43,-108.81,55,-109.20,47,-110.94
287,6200.00,5298.53,1.50,1,49,0.03,NLOS,129.29,-9.10,-99.97,-72.18,-2.49,34.98,0,48,-100.75,56,-101.83,54,-106.43,43,-108.67,55,-109.18,47,-111.08
288,6200.00,5308.25,1.50,1,49,0.03,NLOS,129.06,-9.10,-99.74,-71.96,-2.17,34.98,0,48,-101.02,56,-101.75,54,-106.51,43,-108.53,55,-109.16,47,-111.21
289,6200.00,5317.96,1.50,1,48,0.04,NLOS,122.78,-16.88,-85.68,-57.90,14.99,34.98,1,49,-102.74,42,-107.88,36,-110.16,41,-110.17,55,-113.98,15,-114.65
290,6200.00,5327.68,1.50,1,48,0.04,NLOS,123.05,-16.88,-85.95,-58.17,14.58,34.98,0,49,-102.51,42,-107.79,36,-110.11,41,-110.33,55,-113.97,15,-114.66
291,6200.00,5337.40,1.50,1,48,0.04,NLOS,123.33,-16.88,-86.22,-58.44,14.16,34.98,0,49,-102.27,42,-107.71,36,-110.06,41,-110.49,55,-113.95,15,-114.67
292,6200.00,5347.11,1.50,1,42,0.04,NLOS,123.57,-15.09,-88.27,-60.49,7.03,34.98,1,35,-99.10,48,-99.35,49,-102.87,55,-102.88,31,-103.23,60,-106.82
293,6200.00,5356.83,1.50,1,42,0.04,NLOS,123.51,-15.09,-88.21,-60.42,7.17,34.98,0,35,-99.14,48,-99.62,49,-102.63,55,-102.86,31,-103.18,60,-106.86
294,6200.00,5366.55,1.50,1,42,0.04,NLOS,123.45,-15.09,-88.15,-60.37,7.29,34.98,0,35,-99.18,48,-99.89,49,-102.39,55,-102.85,31,-103.14,60,-106.90
295,6200.00,5376.27,1.50,1,42,0.04,NLOS,123.40,0.73,-103.92,-76.14,-3.15,34.98,0,48,-103.89,49,-106.14,55,-106.18,44,-106.84,36,-108.75,47,-111.19
296,6200.00,5385.98,1.50,1,42,0.04,NLOS,123.36,0.73,-103.88,-76.10,-3.06,34.98,0,48,-104.16,49,-105.89,55,-106.18,44,-106.75,36,-108.70,47,-111.31
297,6200.00,5395.70,1.50,1,42,0.04,NLOS,123.33,0.73,-103.85,-76.06,-2.99,34.98,0,48,-104.42,49,-105.65,55,-106.17,44,-106.66,36,-108.65,47,-111.44
298,6200.00,5405.42,1.50,1,42,0.04,NLOS,123.30,-7.43,-95.65,-67.87,-1.26,34.98,0,48,-95.84,51,-100.13,41,-101.89,35,-105.75,49,-111.44,36,-114.14
299,6200.00,5415.13,1.50,1,42,0.04,NLOS,123.28,-7.43,-95.64,-67.85,-1.03,34.98,0,48,-96.11,51,-100.05,41,-102.05,35,-105.79,49,-111.19,36,-114.09
300,6200.00,5424.85,1.50,1,42,0.04,NLOS,123.27,-7.43,-95.62,-67.84,-0.81,34.98,0,48,-96.36,51,-99.98,41,-102.20,35,-105.84,49,-110.94,36,-114.05
301,6200.00,5434.57,1.50,1,49,0.03,NLOS,125.90,-17.38,-88.30,-60.51,14.83,34.98,1,30,-102.27,48,-106.84,35,-107.05,42,-107.30,43,-111.94,20,-113.49
302,6200.00,5444.29,1.50,1,49,0.04,NLOS,125.64,-17.38,-88.04,-60.26,15.17,34.98,0,30,-102.24,35,-107.10,48,-107.10,42,-107.30,43,-111.79,20,-113.52
303,6200.00,5454.00,1.50,1,49,0.04,NLOS,125.38,-17.38,-87.78,-60.00,15.51,34.98,0,30,-102.21,35,-107.14,42,-107.32,48,-107.35,43,-111.64,20,-113.55
304,6200.00,5463.72,1.50,1,42,0.04,NLOS,123.31,0.14,-103.23,-75.45,3.94,34.98,1,55,-106.19,54,-106.54,50,-108.06,41,-109.31,57,-110.37,59,-113.23
305,6200.00,5473.44,1.50,1,42,0.04,NLOS,123.34,0.14,-103.26,-75.48,3.97,34.98,0,55,-106.20,54,-106.62,50,-107.94,41,-109.46,57,-110.30,59,-113.27
306,6200.00,5483.15,1.50,1,42,0.04,NLOS,123.38,0.14,-103.29,-75.51,3.99,34.98,0,55,-106.21,54,-106.70,50,-107.82,41,-109.60,57,-110.23,59,-113.32
307,6200.00,5492.87,1.50,1,48,0.03,NLOS,127.48,-14.96,-92.31,-64.53,4.00,34.98,1,42,-97.81,40,-99.52,55,-101.95,34,-103.30,39,-103.41,16,-111.21
308,6202.59,5500.00,1.50,0,48,0.03,NLOS,127.62,-14.96,-92.45,-64.67,3.94,34.98,0,42,-97.94,40,-99.59,55,-101.92,34,-103.37,39,-103.46,16,-111.22
309,6212.30,5500.00,1.50,0,48,0.03,NLOS,127.48,-14.96,-92.30,-64.52,4.28,34.98,0,42,-98.30,40,-99.61,55,-101.76,34,-103.43,39,-103.47,16,-111.27
310,6222.02,5500.00,1.50,0,42,0.04,NLOS,124.25,-9.55,-94.48,-66.70,10.09,34.98,1,44,-105.26,49,-106.11,54,-111.05,5,-112.84,47,-113.46,48,-113.92
311,6231.74,5500.00,1.50,0,42,0.04,NLOS,124.59,-9.55,-94.82,-67.04,9.61,34.98,0,44,-105.29,49,-105.90,54,-110.96,5,-112.87,47,-113.44,48,-113.78
312,6241.46,5500.00,1.50,0,42,0.04,NLOS,124.92,-9.55,-95.16,-67.37,9.12,34.98,0,44,-105.32,49,-105.69,54,-110.87,5,-112.90,47,-113.41,48,-113.65
313,6251.17,5500.00,1.50,0,49,0.04,NLOS,122.99,-17.15,-85.62,-57.84,20.56,34.98,1,31,-102.82,36,-106.84,48,-108.72,23,-111.49,56,-113.47,33,-114.86
314,6260.89,5500.00,1.50,0,49,0.04,NLOS,122.78,-17.15,-85.41,-57.63,20.68,34.98,0,31,-102.87,36,-106.97,48,-108.59,23,-111.55,56,-113.37,33,-114.89
315,6270.61,5500.00,1.50,0,49,0.04,NLOS,122.58,-17.15,-85.21,-57.43,20.80,34.98,0,31,-102.92,36,-107.09,48,-108.47,23,-111.61,56,-113.27,33,-114.93
316,6280.32,5500.00,1.50,0,36,0.01,NLOS,141.66,-30.00,-91.45,-63.66,14.30,34.98,1,49,-103.76,47,-106.78,56,-106.81,30,-107.05,50,-108.20,40,-112.32
317,6290.04,5500.00,1.50,0,36,0.01,NLOS,141.78,-30.00,-91.56,-63.78,14.26,34.98,0,49,-103.56,56,-106.71,47,-106.76,30,-107.12,50,-108.18,40,-112.35
318,6299.76,5500.00,1.50,0,36,0.01,NLOS,141.90,-30.00,-91.68,-63.90,14.22,34.98,0,49,-103.37,56,-106.61,47,-106.75,30,-107.19,50,-108.16,40,-112.37
319,6309.48,5500.00,1.50,0,42,0.03,NLOS,127.08,-14.90,-91.97,-64.18,5.54,34.98,1,49,-101.04,48,-103.41,36,-104.45,56,-105.62,43,-109.69,5,-111.75
320,6319.19,5500.00,1.50,0,42,0.03,NLOS,127.37,-14.90,-92.25,-64.47,5.17,34.98,0,49,-100.86,48,-103.30,36,-104.57,56,-105.52,43,-109.78,5,-111.78
321,6328.91,5500.00,1.50,0,42,0.03,NLOS,127.65,-14.90,-92.54,-64.75,4.81,34.98,0,49,-100.69,48,-103.20,36,-104.68,56,-105.41,43,-109.88,5,-111.81
322,6338.63,5500.00,1.50,0,48,0.03,NLOS,125.89,-20.68,-85.00,-57.22,6.85,34.98,1,55,-94.53,42,-96.50,49,-103.25,54,-105.98,56,-108.04,51,-111.56
323,6348.34,5500.00,1.50,0,48,0.03,NLOS,125.80,-20.68,-84.91,-57.12,6.92,34.98,0,55,-94.35,42,-96.77,49,-103.09,54,-105.89,56,-107.94,51,-111.55
324,6358.06,5500.00,1.50,0,48,0.03,NLOS,125.71,-20.68,-84.82,-57.04,6.97,34.98,0,55,-94.17,42,-97.04,49,-102.93,54,-105.81,56,-107.84,51,-111.54
325,6367.78,5500.00,1.50,0,48,0.04,NLOS,125.63,-15.46,-89.95,-62.16,6.35,34.98,0,42,-98.35,47,-101.34,61,-108.36,5,-110.81,43,-111.70,41,-111.89
326,6377.50,5500.00,1.50,0,48,0.04,NLOS,125.55,-15.46,-89.87,-62.09,6.58,34.98,0,42,-98.61,47,-101.32,61,-108.26,5,-110.84,43,-111.80,41,-111.98
327,6387.21,5500.00,1.50,0,48,0.04,NLOS,125.48,-15.46,-89.79,-62.01,6.80,34.98,0,42,-98.87,47,-101.31,61,-108.17,5,-110.87,43,-111.90,41,-112.06
328,6396.93,5500.00,1.50,0,55,0.02,NLOS,134.16,-19.73,-94.21,-66.43,7.99,34.98,1,47,-104.70,49,-104.73,48,-106.41,50,-106.95,53,-107.24,37,-108.05
329,6406.65,5500.00,1.50,0,55,0.02,NLOS,133.97,-19.73,-94.02,-66.24,8.09,34.98,0,49,-104.61,47,-104.69,48,-106.35,50,-106.94,53,-107.20,37,-108.11
330,6416.36,5500.00,1.50,0,55,0.02,NLOS,133.77,-19.73,-93.83,-66.04,8.20,34.98,0,49,-104.51,47,-104.68,48,-106.30,50,-106.93,53,-107.17,37,-108.18
331,6426.08,5500.00,1.50,0,49,0.05,NLOS,120.12,-9.06,-90.84,-63.06,7.83,34.98,1,54,-96.85,48,-99.51,36,-101.63,55,-106.99,41,-109.61,51,-110.34
332,6435.80,5500.00,1.50,0,49,0.05,NLOS,120.03,-9.06,-90.76,-62.98,7.85,34.98,0,54,-96.76,48,-99.46,36,-101.74,55,-106.79,41,-109.69,51,-110.33
333,6445.52,5500.00,1.50,0,49,0.05,NLOS,119.96,-9.06,-90.69,-62.90,7.86,34.98,0,54,-96.67,48,-99.42,36,-101.84,55,-106.59,41,-109.78,51,-110.33
334,6455.23,5500.00,1.50,0,49,0.05,NLOS,119.90,-10.63,-89.06,-61.28,10.49,34.98,0,42,-102.09,48,-105.28,55,-108.50,47,-110.59,54,-110.64,30,-113.42
335,6464.95,5500.00,1.50,0,49,0.05,NLOS,119.85,-10.63,-89.01,-61.23,10.63,34.98,0,42,-102.32,48,-105.25,55,-108.30,54,-110.56,47,-110.59,30,-113.49
336,6474.67,5500.00,1.50,0,49,0.05,NLOS,119.82,-10.63,-88.97,-61.19,10.75,34.98,0,42,-102.55,48,-105.23,55,-108.09,54,-110.47,47,-110.58,30,-113.55
337,6484.38,5500.00,1.50,0,49,0.05,NLOS,119.79,-30.00,-69.57,-41.79,26.29,34.98,0,48,-96.66,42,-105.08,5,-108.29,54,-109.20,41,-109.46,55,-110.24
338,6494.10,5500.00,1.50,0,49,0.05,NLOS,119.78,-30.00,-69.56,-41.78,26.32,34.98,0,48,-96.66,42,-105.30,5,-108.32,54,-109.12,41,-109.55,55,-110.02
339,6503.82,5500.00,1.50,0,49,0.05,NLOS,119.78,-30.00,-69.56,-41.78,26.33,34.98,0,48,-96.66,42,-105.52,5,-108.35,54,-109.03,41,-109.64,55,-109.80
340,6513.54,5500.00,1.50,0,48,0.04,NLOS,125.06,-14.96,-89.88,-62.10,14.00,34.98,1,47,-107.31,5,-108.50,55,-108.64,59,-112.21,57,-113.01,54,-113.01
341,6523.25,5500.00,1.50,0,48,0.04,NLOS,125.07,-14.96,-89.89,-62.11,13.91,34.98,0,47,-107.31,55,-108.42,5,-108.53,59,-112.17,54,-112.92,57,-112.97
342,6532.97,5500.00,1.50,0,48,0.04,NLOS,125.09,-14.96,-89.91,-62.13,13.81,34.98,0,47,-107.31,55,-108.19,5,-108.55,59,-112.14,54,-112.84,57,-112.94
343,6542.69,5500.00,1.50,0,49,0.05,NLOS,119.89,-15.51,-84.16,-56.38,12.00,34.98,1,55,-98.88,48,-100.01,54,-105.70,56,-110.53,51,-110.90,40,-111.22
344,6552.40,5500.00,1.50,0,49,0.05,NLOS,119.95,-15.51,-84.22,-56.44,11.82,34.98,0,55,-98.65,48,-100.04,54,-105.62,56,-110.43,51,-110.90,40,-111.25
345,6562.12,5500.00,1.50,0,49,0.05,NLOS,120.02,-15.51,-84.29,-56.51,11.64,34.98,0,55,-98.41,48,-100.08,54,-105.54,56,-110.32,51,-110.90,40,-111.28
346,6571.84,5500.00,1.50,0,49,0.05,NLOS,120.10,-17.49,-82.39,-54.61,12.24,34.98,0,48,-94.94,56,-109.59,54,-109.64,43,-109.72,35,-110.09,45,-114.62
347,6581.56,5500.00,1.50,0,49,0.05,NLOS,120.19,-17.49,-82.48,-54.70,12.19,34.98,0,48,-94.99,56,-109.49,54,-109.55,43,-109.82,35,-110.19,45,-114.63
348,6591.27,5500.00,1.50,0,49,0.05,NLOS,120.29,-17.49,-82.58,-54.80,12.14,34.98,0,48,-95.04,56,-109.39,54,-109.47,43,-109.92,35,-110.28,45,-114.63
349,6599.01,5500.00,1.50,2,49,0.05,NLOS,120.37,-19.06,-81.09,-53.31,8.15,34.98,0,43,-89.76,48,-98.83,47,-111.69,5,-112.41,24,-114.87,62,-115.65
350,6589.29,5500.00,1.50,2,49,0.05,NLOS,120.27,-19.06,-80.99,-53.20,8.16,34.98,0,43,-89.66,48,-98.77,47,-111.68,5,-112.39,24,-114.82,62,-115.76
351,6579.58,5500.00,1.50,2,49,0.05,NLOS,120.17,-19.06,-80.89,-53.11,8.16,34.98,0,43,-89.55,48,-98.71,47,-111.67,5,-112.36,24,-114.77,62,-115.87
352,6569.86,5500.00,1.50,2,62,0.01,NLOS,143.41,-24.41,-98.79,-71.01,14.63,34.98,1,48,-99.07,49,-106.41,33,-113.72,55,-115.82,51,-115.93,47,-116.26
353,6560.14,5500.00,1.50,2,62,0.01,NLOS,143.52,-24.41,-98.90,-71.11,14.69,34.98,0,48,-99.03,49,-106.34,33,-113.69,51,-115.93,55,-116.06,47,-116.25
354,6550.43,5500.00,1.50,2,62,0.01,NLOS,143.63,-24.41,-99.00,-71.22,14.74,34.98,0,48,-99.00,49,-106.27,33,-113.65,51,-115.93,47,-116.25,55,-116.29
355,6540.71,5500.00,1.50,2,48,0.04,NLOS,125.11,-7.66,-97.23,-69.45,1.09,34.98,1,49,-98.88,61,-110.83,41,-111.31,23,-111.93,46,-112.42,68,-112.49
356,6530.99,5500.00,1.50,2,48,0.04,NLOS,125.09,-7.66,-97.21,-69.42,1.08,34.98,0,49,-98.83,61,-110.93,41,-111.23,23,-111.88,46,-112.42,68,-112.56
357,6521.27,5500.00,1.50,2,48,0.04,NLOS,125.07,-7.66,-97.19,-69.41,1.07,34.98,0,49,-98.80,61,-111.03,41,-111.14,23,-111.82,46,-112.42,68,-112.64
358,6511.56,5500.00,1.50,2,48,0.04,NLOS,125.06,-4.52,-100.32,-72.54,2.76,34.98,0,55,-105.51,41,-109.87,54,-111.15,5,-114.39,51,-115.44,36,-116.84
359,6501.84,5500.00,1.50,2,48,0.04,NLOS,125.06,-4.52,-100.32,-72.54,2.88,34.98,0,55,-105.73,41,-109.78,54,-111.24,5,-114.36,51,-115.44,36,-116.74
360,6492.12,5500.00,1.50,2,48,0.04,NLOS,125.06,-4.52,-100.32,-72.54,2.98,34.98,0,55,-105.95,41,-109.69,54,-111.33,5,-114.33,51,-115.44,36,-116.64
361,6482.41,5500.00,1.50,2,54,0.01,NLOS,140.01,-22.56,-97.24,-69.46,10.29,34.98,1,40,-104.31,63,-106.54,48,-108.95,49,-111.73,67,-115.44,5,-116.22
362,6472.69,5500.00,1.50,2,54,0.01,NLOS,140.10,-22.56,-97.32,-69.54,10.25,34.98,0,40,-104.28,63,-106.61,48,-108.97,49,-111.75,67,-115.50,5,-116.19
363,6462.97,5500.00,1.50,2,54,0.01,NLOS,140.19,-22.56,-97.41,-69.63,10.21,34.98,0,40,-104.24,63,-106.68,48,-108.99,49,-111.79,67,-115.57,5,-116.17
364,6453.25,5500.00,1.50,2,42,0.03,NLOS,130.91,-11.36,-99.34,-71.56,1.03,34.98,1,50,-100.44,55,-101.91,49,-102.22,48,-106.76,51,-107.14,54,-108.80
365,6443.54,5500.00,1.50,2,42,0.03,NLOS,130.68,-11.36,-99.10,-71.32,1.30,34.98,0,50,-100.44,55,-102.11,49,-102.28,48,-106.79,51,-107.14,54,-108.89
366,6433.82,5500.00,1.50,2,42,0.03,NLOS,130.44,-11.36,-98.87,-71.08,1.59,34.98,0,50,-100.45,55,-102.31,49,-102.35,48,-106.83,51,-107.14,54,-108.98
367,6424.10,5500.00,1.50,2,49,0.05,NLOS,120.13,5.67,-105.58,-77.80,1.20,34.98,1,43,-108.60,36,-108.70,67,-113.37,68,-115.22,55,-115.32,48,-116.11
368,6414.39,5500.00,1.50,2,49,0.05,NLOS,120.23,5.67,-105.68,-77.89,1.07,34.98,0,43,-108.50,36,-108.59,67,-113.43,68,-115.29,55,-115.52,48,-116.16
369,6404.67,5500.00,1.50,2,49,0.05,NLOS,120.33,5.67,-105.78,-78.00,0.92,34.98,0,43,-108.40,36,-108.48,67,-113.49,68,-115.36,55,-115.71,48,-116.22
370,6400.00,5494.95,1.50,3,48,0.04,NLOS,125.22,-21.22,-83.78,-56.00,21.65,34.98,1,43,-91.07,50,-108.01,49,-108.44,42,-112.03,5,-112.24,47,-112.30
371,6400.00,5485.23,1.50,3,48,0.04,NLOS,124.90,-21.22,-83.46,-55.68,22.14,34.98,0,43,-91.19,50,-108.14,49,-108.85,42,-112.01,47,-112.18,5,-112.24
372,6400.00,5475.52,1.50,3,48,0.04,NLOS,124.57,-21.22,-83.13,-55.35,22.61,34.98,0,43,-91.31,50,-108.27,49,-109.25,42,-111.99,47,-112.06,5,-112.25
373,6400.00,5465.80,1.50,3,49,0.05,NLOS,121.80,-10.47,-91.11,-63.33,3.17,34.98,1,48,-94.71,42,-107.60,50,-107.99,29,-110.39,41,-112.17,59,-114.50
374,6400.00,5456.08,1.50,3,49,0.04,NLOS,122.18,-10.47,-91.49,-63.71,2.48,34.98,0,48,-94.37,42,-107.59,50,-108.12,29,-110.39,41,-112.05,59,-114.45
375,6400.00,5446.37,1.50,3,49,0.04,NLOS,122.56,-10.47,-91.86,-64.08,1.79,34.98,0,48,-94.03,42,-107.58,50,-108.25,29,-110.39,41,-111.93,59,-114.41
376,6400.00,5436.65,1.50,3,49,0.04,NLOS,122.92,-8.42,-94.28,-66.50,4.05,34.98,0,61,-95.17,42,-98.81,41,-108.15,37,-109.98,48,-110.34,56,-114.18
377,6400.00,5426.93,1.50,3,49,0.04,NLOS,123.28,-8.42,-94.64,-66.86,3.67,34.98,0,61,-95.14,42,-98.81,41,-108.03,48,-109.98,37,-110.04,56,-114.28
378,6400.00,5417.21,1.50,3,49,0.04,NLOS,123.64,-8.42,-94.99,-67.21,3.30,34.98,0,61,-95.12,42,-98.82,41,-107.91,48,-109.61,37,-110.10,56,-114.38
379,6400.00,5407.50,1.50,3,48,0.04,NLOS,122.09,-4.77,-97.10,-69.31,6.81,34.98,1,55,-107.97,42,-108.60,69,-111.20,49,-111.88,36,-114.10,41,-116.27
380,6400.00,5397.78,1.50,3,48,0.05,NLOS,121.70,-4.77,-96.71,-68.93,7.25,34.98,0,55,-107.97,42,-108.61,69,-111.23,49,-112.22,36,-114.14,41,-116.14
381,6400.00,5388.06,1.50,3,48,0.05,NLOS,121.31,-4.77,-96.32,-68.54,7.68,34.98,0,55,-107.98,42,-108.63,69,-111.25,49,-112.55,36,-114.17,41,-116.02
382,6400.00,5378.35,1.50,3,43,0.02,NLOS,138.83,-15.70,-102.92,-75.14,0.62,34.98,1,50,-106.30,41,-107.57,48,-107.93,49,-109.31,42,-111.23,40,-112.65
383,6400.00,5368.63,1.50,3,43,0.02,NLOS,138.95,-15.70,-103.04,-75.26,0.66,34.98,0,50,-106.42,41,-107.44,48,-107.52,49,-109.63,42,-111.25,40,-112.56
384,6400.00,5358.91,1.50,3,43,0.02,NLOS,139.07,-15.70,-103.16,-75.38,0.69,34.98,0,50,-106.54,48,-107.10,41,-107.32,49,-109.95,42,-111.28,40,-112.48
385,6400.00,5349.19,1.50,3,55,0.02,NLOS,134.13,-19.43,-94.48,-66.70,11.55,34.98,1,42,-106.29,37,-106.91,49,-107.34,43,-111.18,34,-111.81,60,-112.07
386,6400.00,5339.48,1.50,3,55,0.02,NLOS,134.15,-19.43,-94.50,-66.72,11.72,34.98,0,42,-106.33,37,-106.97,49,-107.64,43,-111.30,34,-111.75,60,-112.02
387,6400.00,5329.76,1.50,3,55,0.02,NLOS,134.17,-19.43,-94.53,-66.74,11.87,34.98,0,42,-106.36,37,-107.03,49,-107.94,43,-111.42,34,-111.70,60,-111.97
388,6400.00,5320.04,1.50,3,42,0.03,NLOS,129.75,-23.98,-85.55,-57.77,21.07,34.98,1,48,-109.88,43,-112.99,47,-115.06,46,-116.23,49,-116.34,5,-116.44
389,6400.00,5310.33,1.50,3,42,0.03,NLOS,129.80,-23.98,-85.60,-57.82,20.84,34.98,0,48,-109.40,43,-113.11,47,-114.92,46,-116.15,5,-116.45,41,-116.56
390,6400.00,5300.61,1.50,3,42,0.03,NLOS,129.84,-23.98,-85.65,-57.86,20.57,34.98,0,48,-108.92,43,-113.23,47,-114.78,46,-116.07,41,-116.44,5,-116.46
391,6390.89,5300.00,1.50,2,49,0.03,NLOS,127.47,-10.08,-97.17,-69.39,0.81,34.98,1,48,-98.12,38,-106.81,61,-109.36,46,-110.53,62,-112.21,53,-113.30
392,6381.17,5300.00,1.50,2,49,0.03,NLOS,127.52,-10.08,-97.23,-69.44,0.94,34.98,0,48,-98.30,38,-106.78,61,-109.46,46,-110.54,62,-112.30,53,-113.35
393,6371.46,5300.00,1.50,2,49,0.03,NLOS,127.58,-10.08,-97.29,-69.50,1.07,34.98,0,48,-98.49,38,-106.75,61,-109.56,46,-110.54,62,-112.39,53,-113.39
394,6361.74,5300.00,1.50,2,42,0.03,NLOS,128.86,-8.72,-99.93,-72.15,5.03,34.98,1,48,-107.49,5,-110.50,49,-111.24,54,-113.21,47,-113.60,34,-113.79
395,6352.02,5300.00,1.50,2,42,0.03,NLOS,128.60,-8.72,-99.67,-71.89,5.40,34.98,0,48,-107.70,5,-110.47,49,-111.31,54,-113.32,47,-113.61,34,-113.72
396,6342.31,5300.00,1.50,2,42,0.03,NLOS,128.34,-8.72,-99.41,-71.63,5.78,34.98,0,48,-107.92,5,-110.44,49,-111.38,54,-113.43,47,-113.63,34,-113.65
397,6332.59,5300.00,1.50,2,48,0.06,NLOS,118.71,-4.64,-93.84,-66.06,4.09,34.98,1,41,-98.38,55,-110.87,14,-113.37,49,-116.12,54,-116.63,42,-116.69
398,6322.87,5300.00,1.50,2,48,0.06,NLOS,118.94,-4.64,-94.08,-66.30,3.76,34.98,0,41,-98.27,55,-111.05,14,-113.34,49,-116.20,42,-116.42,54,-116.74
399,6313.16,5300.00,1.50,2,48,0.05,NLOS,119.19,-4.64,-94.32,-66.54,3.43,34.98,0,41,-98.16,55,-111.22,14,-113.30,42,-116.14,49,-116.29,54,-116.85
400,6303.44,5300.00,1.50,2,48,0.05,NLOS,119.43,-3.55,-95.67,-67.89,7.01,34.98,0,49,-105.79,54,-106.33,34,-106.44,67,-114.05,50,-114.62,36,-115.03
401,6293.72,5300.00,1.50,2,48,0.05,NLOS,119.69,-3.55,-95.92,-68.14,6.83,34.98,0,49,-105.88,34,-106.37,54,-106.43,67,-114.12,50,-114.63,36,-114.93
402,6284.00,5300.00,1.50,2,48,0.05,NLOS,119.94,-3.55,-96.18,-68.40,6.66,34.98,0,49,-105.98,34,-106.30,54,-106.54,67,-114.18,50,-114.65,36,-114.82
403,6274.29,5300.00,1.50,2,42,0.03,NLOS,126.39,-7.16,-99.00,-71.22,1.43,34.98,1,49,-100.85,54,-111.46,36,-112.65,61,-113.05,50,-113.49,33,-114.19
404,6264.57,5300.00,1.50,2,42,0.03,NLOS,126.09,-7.16,-98.71,-70.93,1.82,34.98,0,49,-100.95,54,-111.57,36,-112.54,61,-113.15,50,-113.51,33,-114.16
405,6254.85,5300.00,1.50,2,42,0.03,NLOS,125.79,-7.16,-98.40,-70.62,2.21,34.98,0,49,-101.06,54,-111.68,36,-112.43,61,-113.24,50,-113.53,33,-114.12
406,6245.14,5300.00,1.50,2,42,0.04,NLOS,125.48,-13.45,-91.81,-64.03,7.93,34.98,0,46,-99.72,49,-103.02,48,-103.81,53,-106.41,35,-109.10,29,-111.42
407,6235.42,5300.00,1.50,2,42,0.04,NLOS,125.17,-13.45,-91.50,-63.72,8.38,34.98,0,46,-99.73,49,-103.13,48,-104.08,53,-106.45,35,-108.98,29,-111.34
408,6225.70,5300.00,1.50,2,42,0.04,NLOS,124.85,-13.45,-91.18,-63.40,8.84,34.98,0,46,-99.74,49,-103.24,48,-104.36,53,-106.50,35,-108.85,29,-111.26
409,6215.98,5300.00,1.50,2,49,0.03,NLOS,129.06,-11.43,-97.41,-69.63,1.38,34.98,1,43,-100.43,42,-104.71,54,-107.40,48,-112.92,30,-113.26,38,-115.25
410,6206.27,5300.00,1.50,2,49,0.03,NLOS,129.18,-11.43,-97.53,-69.74,1.14,34.98,0,43,-100.36,42,-104.38,54,-107.51,48,-113.19,30,-113.20,38,-115.22
411,6200.00,5296.55,1.50,3,49,0.03,NLOS,129.33,-11.43,-97.68,-69.90,0.95,34.98,0,43,-100.37,42,-104.20,54,-107.55,30,-113.17,48,-113.27,38,-115.22
412,6200.00,5286.83,1.50,3,48,0.04,NLOS,121.90,-10.18,-91.50,-63.72,5.91,34.98,1,41,-100.23,49,-102.36,42,-105.68,62,-108.09,50,-108.28,60,-113.31
413,6200.00,5277.12,1.50,3,48,0.05,NLOS,121.63,-10.18,-91.23,-63.45,6.18,34.98,0,41,-100.06,49,-102.58,42,-105.79,62,-108.11,50,-108.39,60,-113.27
414,6200.00,5267.40,1.50,3,48,0.05,NLOS,121.36,-10.18,-90.96,-63.17,6.45,34.98,0,41,-99.90,49,-102.80,42,-105.90,62,-108.14,50,-108.50,60,-113.23
415,6200.00,5257.68,1.50,3,49,0.03,NLOS,130.22,-20.28,-89.73,-61.94,7.06,34.98,1,42,-99.88,35,-100.52,48,-102.73,55,-103.05,34,-111.37,41,-113.02
416,6200.00,5247.96,1.50,3,49,0.03,NLOS,130.44,-20.28,-89.94,-62.16,6.84,34.98,0,42,-100.01,35,-100.49,48,-102.46,55,-103.07,34,-111.31,41,-112.85
417,6200.00,5238.25,1.50,3,49,0.03,NLOS,130.65,-20.28,-90.16,-62.38,6.62,34.98,0,42,-100.14,35,-100.47,48,-102.19,55,-103.10,34,-111.24,41,-112.68
418,6200.00,5228.53,1.50,3,49,0.03,NLOS,130.87,-12.50,-98.15,-70.36,1.09,34.98,0,47,-99.02,48,-99.51,62,-111.71,35,-113.03,68,-114.84,40,-115.58
419,6200.00,5218.81,1.50,3,49,0.03,NLOS,131.08,-12.50,-98.36,-70.57,0.64,34.98,0,47,-98.88,48,-99.24,62,-111.74,35,-113.01,68,-114.85,40,-115.49
420,6200.00,5209.10,1.50,3,49,0.02,NLOS,131.29,-12.50,-98.56,-70.78,0.19,34.98,0,47,-98.74,48,-98.98,62,-111.77,35,-112.99,68,-114.85,40,-115.39
421,6200.00,5199.38,1.50,3,48,0.05,NLOS,119.51,-1.77,-97.52,-69.74,-0.97,34.98,1,42,-97.95,56,-103.04,55,-104.39,41,-108.03,47,-111.27,28,-111.82
422,6200.00,5189.66,1.50,3,48,0.05,NLOS,119.26,-1.77,-97.27,-69.49,-0.62,34.98,0,42,-98.10,56,-103.12,55,-104.42,41,-107.85,47,-111.13,28,-111.80
423,6200.00,5179.94,1.50,3,48,0.06,NLOS,119.01,-1.77,-97.03,-69.24,-0.28,34.98,0,42,-98.26,56,-103.20,55,-104.46,41,-107.68,47,-110.98,28,-111.77
424,6200.00,5170.23,1.50,3,42,0.03,NLOS,125.76,-21.34,-84.20,-56.42,18.32,34.98,1,48,-103.50,43,-110.75,34,-111.16,5,-114.57,56,-115.86,59,-116.18
425,6200.00,5160.51,1.50,3,42,0.03,NLOS,125.92,-21.34,-84.36,-56.58,17.99,34.98,0,48,-103.27,43,-110.88,34,-111.09,5,-114.58,56,-115.94,59,-116.14
426,6200.00,5150.79,1.50,3,42,0.03,NLOS,126.08,-21.34,-84.52,-56.74,17.66,34.98,0,48,-103.04,43,-111.00,34,-111.03,5,-114.60,56,-116.02,59,-116.09
427,6200.00,5141.08,1.50,3,47,0.02,NLOS,137.65,-20.69,-96.74,-68.96,5.47,34.98,1,49,-102.20,48,-104.62,41,-106.78,42,-110.51,34,-112.04,35,-114.77
428,6200.00,5131.36,1.50,3,47,0.02,NLOS,137.50,-20.69,-96.59,-68.81,5.44,34.98,0,49,-102.40,48,-104.41,41,-106.60,42,-110.68,34,-111.97,35,-114.75
429,6200.00,5121.64,1.50,3,47,0.02,NLOS,137.34,-20.69,-96.44,-68.66,5.41,34.98,0,49,-102.59,48,-104.22,41,-106.42,42,-110.85,34,-111.90,35,-114.74
430,6200.00,5111.92,1.50,3,41,0.03,NLOS,130.92,-7.69,-103.01,-75.23,2.04,34.98,1,23,-107.01,40,-107.28,48,-110.94,55,-114.49,42,-114.49,27,-115.14
431,6200.00,5102.21,1.50,3,41,0.03,NLOS,130.74,-7.69,-102.83,-75.05,2.13,34.98,0,23,-107.03,40,-107.17,48,-110.77,55,-114.53,42,-114.66,27,-115.10
432,6200.00,5092.49,1.50,3,41,0.03,NLOS,130.56,-7.69,-102.65,-74.87,2.22,34.98,0,23,-107.04,40,-107.07,48,-110.61,55,-114.58,42,-114.84,27,-115.06
433,6200.00,5082.77,1.50,3,42,0.03,NLOS,127.28,-7.61,-99.46,-71.68,0.42,34.98,1,48,-100.28,64,-112.19,49,-112.98,5,-117.04,54,-118.31,55,-118.40
434,6200.00,5073.06,1.50,3,42,0.03,NLOS,127.46,-7.61,-99.64,-71.85,0.13,34.98,0,48,-100.14,64,-112.23,49,-113.17,5,-117.05,54,-118.25,55,-118.45
435,6200.00,5063.34,1.50,3,42,0.03,NLOS,127.64,-7.61,-99.81,-72.03,-0.16,34.98,0,48,-100.02,64,-112.28,49,-113.35,5,-117.06,54,-118.19,35,-118.46
436,6200.00,5053.62,1.50,3,48,0.07,NLOS,116.68,-15.25,-81.22,-53.43,15.42,34.98,1,54,-99.15,42,-100.87,36,-111.61,49,-112.81,40,-112.92,38,-114.12
437,6200.00,5043.90,1.50,3,48,0.07,NLOS,116.60,-15.25,-81.13,-53.35,15.54,34.98,0,54,-99.09,42,-101.05,36,-111.67,40,-112.81,49,-112.99,38,-114.17
438,6200.00,5034.19,1.50,3,48,0.07,NLOS,116.53,-15.25,-81.06,-53.28,15.64,34.98,0,54,-99.04,42,-101.23,36,-111.74,40,-112.70,49,-113.16,38,-114.23
439,6200.00,5024.47,1.50,3,48,0.07,NLOS,116.47,0.13,-96.39,-68.61,6.62,34.98,0,55,-106.11,41,-107.12,16,-112.81,62,-113.07,49,-114.54,50,-116.38
440,6200.00,5014.75,1.50,3,48,0.07,NLOS,116.44,0.13,-96.35,-68.57,6.62,34.98,0,55,-106.16,41,-106.93,16,-112.81,62,-113.11,49,-114.72,50,-116.47
441,6200.00,5005.04,1.50,3,48,0.07,NLOS,116.42,0.13,-96.34,-68.55,6.60,34.98,0,55,-106.22,41,-106.75,16,-112.82,62,-113.14,49,-114.89,50,-116.57
442,6200.00,4995.32,1.50,3,48,0.07,NLOS,116.42,-6.84,-89.36,-61.58,11.53,34.98,0,47,-104.15,41,-106.09,49,-108.13,62,-109.52,43,-112.18,37,-115.89
443,6200.00,4985.60,1.50,3,48,0.07,NLOS,116.44,-6.84,-89.38,-61.60,11.41,34.98,0,47,-103.98,41,-105.91,49,-108.30,62,-109.55,43,-112.30,37,-115.95
444,6200.00,4975.88,1.50,3,48,0.07,NLOS,116.47,-6.84,-89.41,-61.63,11.27,34.98,0,47,-103.80,41,-105.73,49,-108.47,62,-109.59,43,-112.41,37,-116.02
445,6200.00,4966.17,1.50,3,54,0.02,NLOS,138.78,-18.48,-100.08,-72.30,9.18,34.98,1,49,-101.28,27,-102.79,41,-105.31,35,-105.58,42,-108.21,36,-110.49
446,6200.00,4956.45,1.50,3,54,0.02,NLOS,138.73,-18.48,-100.03,-72.25,9.18,34.98,0,49,-101.44,27,-102.75,41,-105.13,35,-105.59,42,-108.40,67,-110.49
447,6200.00,4946.73,1.50,3,54,0.02,NLOS,138.68,-18.48,-99.98,-72.19,9.18,34.98,0,49,-101.60,27,-102.72,41,-104.95,35,-105.59,42,-108.58,67,-110.48
448,6200.00,4937.02,1.50,3,48,0.07,NLOS,116.78,-11.15,-85.41,-57.63,20.51,34.98,1,49,-108.25,46,-110.26,54,-112.40,62,-113.29,40,-114.10,50,-114.84
449,6200.00,4927.30,1.50,3,48,0.07,NLOS,116.90,-11.15,-85.53,-57.75,20.44,34.98,0,49,-108.41,46,-110.17,54,-112.35,62,-113.33,40,-113.98,50,-114.93
450,6200.00,4917.58,1.50,3,48,0.06,NLOS,117.03,-11.15,-85.66,-57.88,20.36,34.98,0,49,-108.57,46,-110.07,54,-112.31,62,-113.36,40,-113.86,50,-115.02
451,6200.00,4907.87,1.50,3,41,0.03,NLOS,127.11,-20.84,-86.05,-58.27,10.05,34.98,1,48,-97.28,55,-100.08,54,-103.95,42,-104.75,47,-106.36,49,-107.72
452,6200.00,4901.85,1.50,1,41,0.03,NLOS,127.00,-20.84,-85.94,-58.16,10.23,34.98,0,48,-97.38,55,-100.12,54,-103.92,42,-104.86,47,-106.25,49,-107.81
453,6200.00,4911.57,1.50,1,41,0.03,NLOS,127.18,-20.84,-86.12,-58.34,9.93,34.98,0,48,-97.23,55,-100.05,54,-103.97,42,-104.68,47,-106.43,49,-107.66
454,6200.00,4921.29,1.50,1,42,0.03,NLOS,130.30,-21.21,-88.88,-61.09,14.79,34.98,1,37,-105.82,41,-107.04,49,-108.71,46,-109.36,40,-110.04,34,-111.71
455,6200.00,4931.00,1.50,1,42,0.03,NLOS,130.12,-21.21,-88.69,-60.91,14.98,34.98,0,37,-105.76,41,-107.22,49,-108.55,46,-109.46,40,-110.16,34,-111.77
456,6200.00,4940.72,1.50,1,42,0.03,NLOS,129.94,-21.21,-88.51,-60.73,15.17,34.98,0,37,-105.70,41,-107.40,49,-108.39,46,-109.55,40,-110.27,34,-111.84
457,6200.00,4950.44,1.50,1,48,0.07,NLOS,116.65,-13.64,-82.79,-55.01,14.22,34.98,1,41,-97.18,28,-101.75,9,-110.94,43,-113.20,42,-113.71,5,-114.45
458,6200.00,4960.15,1.50,1,48,0.07,NLOS,116.57,-13.64,-82.71,-54.93,14.47,34.98,0,41,-97.36,28,-101.76,9,-110.94,43,-113.09,42,-113.53,5,-114.44
459,6200.00,4969.87,1.50,1,48,0.07,NLOS,116.50,-13.64,-82.65,-54.87,14.70,34.98,0,41,-97.54,28,-101.78,9,-110.94,43,-112.98,42,-113.35,5,-114.43
460,6200.00,4979.59,1.50,1,48,0.07,NLOS,116.46,-0.71,-95.53,-67.75,6.80,34.98,0,54,-103.50,34,-110.32,47,-111.98,43,-112.43,66,-113.53,55,-114.49
461,6200.00,4989.31,1.50,1,48,0.07,NLOS,116.43,-0.71,-95.50,-67.72,6.87,34.98,0,54,-103.56,34,-110.38,47,-112.15,43,-112.32,66,-113.55,55,-114.43
462,6200.00,4999.02,1.50,1,48,0.07,NLOS,116.42,-0.71,-95.49,-67.71,6.93,34.98,0,54,-103.61,34,-110.45,43,-112.21,47,-112.32,66,-113.58,55,-114.38
463,6200.00,5008.74,1.50,1,48,0.07,NLOS,116.43,-1.33,-94.88,-67.10,-1.73,34.98,0,41,-93.51,42,-105.50,31,-107.52,36,-109.97,56,-110.49,40,-110.94
464,6200.00,5018.46,1.50,1,48,0.07,NLOS,116.45,-1.33,-94.91,-67.12,-1.59,34.98,0,41,-93.70,42,-105.32,31,-107.47,36,-109.90,56,-110.41,40,-111.05
465,6200.00,5028.17,1.50,1,48,0.07,NLOS,116.49,-1.33,-94.95,-67.17,-1.48,34.98,0,41,-93.88,42,-105.13,31,-107.43,36,-109.84,56,-110.34,40,-111.16
466,6200.00,5037.89,1.50,1,48,0.07,NLOS,116.55,-5.53,-90.80,-63.02,5.27,34.98,0,41,-98.71,49,-101.96,35,-102.11,54,-103.45,5,-111.12,56,-112.55
467,6200.00,5047.61,1.50,1,48,0.07,NLOS,116.63,-5.53,-90.88,-63.10,5.25,34.98,0,41,-98.89,49,-101.78,35,-102.12,54,-103.51,5,-111.11,56,-112.47
468,6200.00,5057.33,1.50,1,48,0.07,NLOS,116.72,-5.53,-90.97,-63.19,5.22,34.98,0,41,-99.07,49,-101.60,35,-102.13,54,-103.57,5,-111.10,56,-112.39
469,6200.00,5067.04,1.50,1,48,0.07,NLOS,116.83,-4.39,-92.22,-64.44,-0.32,34.98,0,54,-92.43,43,-103.26,49,-104.25,41,-106.09,44,-109.56,35,-110.31
470,6200.00,5076.76,1.50,1,48,0.07,NLOS,116.95,-4.39,-92.35,-64.57,-0.40,34.98,0,54,-92.49,43,-103.14,49,-104.07,41,-106.27,44,-109.49,35,-110.32
471,6200.00,5086.48,1.50,1,48,0.06,NLOS,117.09,-4.39,-92.49,-64.71,-0.48,34.98,0,54,-92.55,43,-103.02,49,-103.88,41,-106.45,44,-109.41,35,-110.33
472,6200.00,5096.19,1.50,1,48,0.06,NLOS,117.24,-11.20,-85.83,-58.05,11.07,34.98,0,42,-99.79,49,-100.38,34,-102.42,43,-107.33,41,-112.89,53,-114.79
473,6205.91,5100.00,1.50,0,48,0.06,NLOS,117.01,-11.20,-85.59,-57.81,11.29,34.98,0,42,-99.86,49,-100.27,34,-102.50,43,-107.31,41,-113.05,53,-114.79
474,6215.63,5100.00,1.50,0,48,0.07,NLOS,116.50,-11.20,-85.08,-57.30,11.89,34.98,0,42,-100.10,49,-100.20,34,-102.58,43,-107.36,41,-113.21,53,-114.73
475,6225.35,5100.00,1.50,0,48,0.07,NLOS,115.98,-6.60,-89.16,-61.37,12.75,34.98,0,41,-103.31,55,-112.27,54,-113.79,42,-114.49,21,-115.23,49,-115.47
476,6235.06,5100.00,1.50,0,48,0.07,NLOS,115.45,-6.60,-88.62,-60.84,13.39,34.98,0,41,-103.46,55,-112.12,54,-113.66,42,-114.72,21,-115.28,49,-115.40
477,6244.78,5100.00,1.50,0,48,0.08,NLOS,114.90,-6.60,-88.07,-60.29,14.03,34.98,0,41,-103.62,55,-111.97,54,-113.53,42,-114.95,21,-115.33,49,-115.34
478,6254.50,5100.00,1.50,0,48,0.08,NLOS,114.33,-1.11,-93.01,-65.22,2.12,34.98,0,41,-98.26,54,-98.49,35,-103.79,5,-109.00,47,-109.63,49,-114.39
479,6264.21,5100.00,1.50,0,48,0.09,NLOS,113.75,-1.11,-92.43,-64.65,2.71,34.98,0,54,-98.36,41,-98.42,35,-103.92,5,-109.03,47,-109.59,49,-114.33
480,6273.93,5100.00,1.50,0,48,0.09,NLOS,113.16,-1.11,-91.83,-64.05,3.31,34.98,0,54,-98.23,41,-98.57,35,-104.05,5,-109.06,47,-109.55,49,-114.27
481,6283.65,5100.00,1.50,0,48,0.10,NLOS,112.54,13.76,-106.08,-78.30,-1.68,34.98,0,50,-105.12,49,-107.07,47,-112.75,5,-112.82,54,-113.10,36,-116.14
482,6293.37,5100.00,1.50,0,48,0.10,NLOS,111.91,13.76,-105.45,-77.67,-1.09,34.98,0,50,-105.10,49,-107.01,47,-112.71,5,-112.85,54,-112.97,36,-116.23
483,6303.08,5100.00,1.50,0,48,0.11,NLOS,111.26,13.76,-104.80,-77.02,-0.48,34.98,0,50,-105.09,49,-106.96,47,-112.68,54,-112.84,5,-112.88,36,-116.32
484,6312.80,5100.00,1.50,0,48,0.12,NLOS,110.60,0.70,-91.07,-63.29,6.46,34.98,0,41,-99.78,47,-104.87,42,-105.89,32,-109.29,50,-109.85,56,-111.40
485,6322.52,5100.00,1.50,0,48,0.12,NLOS,109.91,0.70,-90.39,-62.60,7.26,34.98,0,41,-99.93,47,-104.84,42,-106.10,32,-109.31,50,-109.84,56,-111.33
486,6332.23,5100.00,1.50,0,48,0.13,NLOS,109.20,0.70,-89.68,-61.90,8.07,34.98,0,41,-100.08,47,-104.81,42,-106.32,32,-109.34,50,-109.83,56,-111.27
487,6341.95,5100.00,1.50,0,48,0.14,NLOS,108.48,-11.18,-77.08,-49.30,14.26,34.98,0,55,-91.40,36,-109.19,38,-112.58,50,-113.40,49,-113.52,42,-114.92
488,6351.67,5100.00,1.50,0,48,0.15,NLOS,107.74,-11.18,-76.34,-48.55,14.84,34.98,0,55,-91.24,36,-109.28,38,-112.60,50,-113.39,49,-113.48,42,-115.13
489,6361.39,5100.00,1.50,0,48,0.16,NLOS,106.98,-11.18,-75.58,-47.79,15.44,34.98,0,55,-91.08,36,-109.37,38,-112.63,50,-113.38,49,-113.44,42,-115.34
490,6371.10,5100.00,1.50,0,48,0.18,NLOS,106.20,7.35,-93.33,-65.55,-0.16,34.98,0,54,-96.07,42,-96.54,43,-97.89,38,-111.51,35,-112.36,49,-112.89
491,6380.82,5100.00,1.50,0,48,0.19,NLOS,105.41,7.35,-92.54,-64.76,0.65,34.98,0,54,-95.94,42,-96.74,43,-97.95,38,-111.53,35,-112.48,49,-112.86
492,6390.54,5100.00,1.50,0,48,0.20,NLOS,104.62,7.35,-91.74,-63.96,1.46,34.98,0,54,-95.80,42,-96.95,43,-98.01,38,-111.56,35,-112.60,49,-112.83
493,6400.25,5100.00,1.50,0,48,0.22,NLOS,103.81,-3.23,-80.36,-52.58,22.98,34.98,0,29,-103.11,47,-106.86,54,-106.95,28,-107.40,34,-113.58,42,-114.54
494,6409.97,5100.00,1.50,0,48,0.24,NLOS,103.01,-3.23,-79.56,-51.78,23.72,34.98,0,29,-103.19,54,-106.81,47,-106.84,28,-107.47,34,-113.66,42,-114.74
495,6419.69,5100.00,1.50,0,48,0.25,NLOS,102.22,-3.23,-78.78,-50.99,24.45,34.98,0,29,-103.26,54,-106.67,47,-106.82,28,-107.54,34,-113.74,42,-114.93
496,6429.40,5100.00,1.50,0,48,0.27,NLOS,101.46,-15.50,-65.74,-37.96,25.49,34.98,0,42,-91.48,49,-104.65,34,-108.58,40,-112.41,41,-115.16,55,-116.64
497,6439.12,5100.00,1.50,0,48,0.29,NLOS,100.73,-15.50,-65.01,-37.23,26.40,34.98,0,42,-91.67,49,-104.63,34,-108.66,40,-112.45,41,-115.31,55,-116.47
498,6448.84,5100.00,1.50,0,48,0.30,NLOS,100.06,-15.50,-64.34,-36.55,27.26,34.98,0,42,-91.86,49,-104.61,34,-108.74,40,-112.50,41,-115.46,55,-116.29
499,6458.56,5100.00,1.50,0,48,0.32,NLOS,99.46,-16.45,-62.79,-35.01,41.67,34.98,0,42,-106.75,47,-112.13,27,-113.01,61,-114.50,62,-114.52,41,-114.61
500,6468.27,5100.00,1.50,0,48,0.33,NLOS,98.95,-16.45,-62.28,-34.50,42.30,34.98,0,42,-106.94,47,-112.12,27,-113.07,61,-114.40,62,-114.44,41,-114.76
501,6477.99,5100.00,1.50,0,48,0.34,NLOS,98.56,-16.45,-61.89,-34.11,42.80,34.98,0,42,-107.13,47,-112.12,27,-113.12,61,-114.29,62,-114.35,41,-114.91
502,6487.71,5100.00,1.50,0,48,0.34,NLOS,98.30,1.39,-79.46,-51.68,17.00,34.98,0,41,-98.70,49,-100.67,59,-101.85,40,-108.46,56,-111.06,60,-112.24
503,6497.42,5100.00,1.50,0,48,0.35,NLOS,98.18,1.39,-79.35,-51.57,17.20,34.98,0,41,-98.85,49,-100.67,59,-101.80,40,-108.51,56,-111.00,60,-112.16
504,6507.14,5100.00,1.50,0,48,0.35,NLOS,98.22,1.39,-79.38,-51.60,17.25,34.98,0,41,-98.99,49,-100.67,59,-101.76,40,-108.56,56,-110.93,60,-112.08
505,6516.86,5100.00,1.50,0,48,0.34,NLOS,98.40,1.76,-79.94,-52.16,11.92,34.98,0,49,-94.03,54,-96.17,61,-106.97,42,-111.32,35,-112.99,5,-114.55
506,6526.58,5100.00,1.50,0,48,0.33,NLOS,98.73,1.76,-80.27,-52.49,11.55,34.98,0,49,-94.03,54,-96.02,61,-106.86,42,-111.50,35,-113.10,5,-114.57
507,6536.29,5100.00,1.50,0,48,0.32,NLOS,99.17,1.76,-80.72,-52.93,11.05,34.98,0,49,-94.04,54,-95.87,61,-106.75,42,-111.68,35,-113.21,46,-114.59
508,6546.01,5100.00,1.50,0,48,0.31,NLOS,99.73,-4.79,-74.72,-46.94,20.33,34.98,0,41,-98.75,42,-99.18,47,-105.23,55,-106.16,50,-109.76,60,-112.73
509,6555.73,5100.00,1.50,0,48,0.29,NLOS,100.37,-4.79,-75.36,-47.57,19.80,34.98,0,41,-98.89,42,-99.36,47,-105.24,55,-105.97,50,-109.77,60,-112.65
510,6565.44,5100.00,1.50,0,48,0.28,NLOS,101.07,-4.79,-76.06,-48.28,19.21,34.98,0,41,-99.03,42,-99.53,47,-105.25,55,-105.77,50,-109.77,60,-112.57
511,6575.16,5100.00,1.50,0,48,0.26,NLOS,101.82,-6.79,-74.81,-47.03,29.19,34.98,0,47,-104.30,53,-105.35,5,-109.70,34,-112.23,68,-112.40,43,-113.52
512,6584.88,5100.00,1.50,0,48,0.24,NLOS,102.59,-6.79,-75.59,-47.81,28.42,34.98,0,47,-104.32,53,-105.31,5,-109.72,34,-112.30,68,-112.33,43,-113.58
513,6594.60,5100.00,1.50,0,48,0.23,NLOS,103.39,-6.79,-76.38,-48.60,27.64,34.98,0,47,-104.33,53,-105.26,5,-109.75,68,-112.25,34,-112.38,43,-113.65
514,6604.31,5100.00,1.50,0,48,0.21,NLOS,104.19,-8.72,-75.26,-47.47,17.34,34.98,0,47,-96.23,49,-97.01,54,-99.63,43,-102.79,45,-114.12,21,-114.52
515,6614.03,5100.00,1.50,0,48,0.20,NLOS,104.99,-8.72,-76.06,-48.28,16.52,34.98,0,47,-96.24,49,-97.04,54,-99.48,43,-102.86,45,-114.12,21,-114.57
516,6623.75,5100.00,1.50,0,48,0.18,NLOS,105.79,-8.72,-76.85,-49.07,15.72,34.98,0,47,-96.27,49,-97.08,54,-99.33,43,-102.92,45,-114.12,21,-114.61
517,6633.46,5100.00,1.50,0,48,0.17,NLOS,106.57,4.53,-90.88,-63.10,4.27,34.98,0,54,-96.28,55,-103.47,60,-105.85,47,-109.53,49,-109.66,40,-114.26
518,6643.18,5100.00,1.50,0,48,0.16,NLOS,107.34,4.53,-91.65,-63.87,3.36,34.98,0,54,-96.12,55,-103.26,60,-105.77,47,-109.55,49,-109.70,40,-114.32
519,6652.90,5100.00,1.50,0,48,0.15,NLOS,108.09,4.53,-92.40,-64.62,2.46,34.98,0,54,-95.97,55,-103.05,60,-105.69,47,-109.58,49,-109.74,40,-114.37
520,6662.62,5100.00,1.50,0,48,0.14,NLOS,108.82,-2.45,-86.15,-58.37,10.29,34.98,0,56,-97.19,55,-97.96,42,-103.00,63,-105.70,41,-109.14,51,-112.36
521,6672.33,5100.00,1.50,0,48,0.13,NLOS,109.54,-2.45,-86.87,-59.08,9.46,34.98,0,56,-97.14,55,-97.75,42,-103.15,63,-105.65,41,-109.27,51,-112.37
522,6682.05,5100.00,1.50,0,48,0.12,NLOS,110.23,-2.45,-87.56,-59.78,8.64,34.98,0,56,-97.08,55,-97.53,42,-103.31,63,-105.60,41,-109.41,51,-112.37
523,6691.77,5100.00,1.50,0,48,0.11,NLOS,110.91,12.29,-102.98,-75.20,2.25,34.98,0,62,-100.91,35,-107.28,55,-107.63,56,-108.06,67,-110.72,42,-112.62
524,6701.48,5100.00,1.50,0,48,0.11,NLOS,111.57,12.29,-103.64,-75.86,1.51,34.98,0,62,-100.82,35,-107.38,55,-107.41,56,-108.00,67,-110.65,42,-112.77
525,6711.20,5100.00,1.50,0,62,0.01,NLOS,143.68,-22.73,-100.73,-72.94,3.67,34.98,1,48,-104.28,55,-107.19,35,-107.47,56,-107.95,67,-110.57,42,-112.93
526,6720.92,5100.00,1.50,0,47,0.02,NLOS,136.65,-15.37,-101.06,-73.28,7.93,34.98,1,49,-103.09,42,-112.00,41,-114.08,66,-114.11,48,-114.46,45,-115.55
527,6730.64,5100.00,1.50,0,47,0.02,NLOS,136.69,-15.37,-101.10,-73.32,8.07,34.98,0,49,-103.15,42,-112.15,66,-114.06,41,-114.21,48,-115.06,45,-115.56
528,6740.35,5100.00,1.50,0,47,0.02,NLOS,136.73,-15.37,-101.14,-73.36,8.18,34.98,0,49,-103.21,42,-112.31,66,-114.00,41,-114.34,45,-115.56,54,-115.64
529,6750.07,5100.00,1.50,0,48,0.08,NLOS,114.60,2.70,-97.08,-69.30,-0.42,34.98,1,54,-100.07,55,-100.61,42,-106.77,47,-110.98,56,-112.43,61,-112.84
530,6759.79,5100.00,1.50,0,48,0.08,NLOS,115.16,2.70,-97.64,-69.86,-1.12,34.98,0,54,-99.91,55,-100.38,42,-106.92,47,-111.02,56,-112.39,61,-112.71
531,6769.50,5100.00,1.50,0,48,0.07,NLOS,115.70,2.70,-98.18,-70.40,-1.82,34.98,0,54,-99.76,55,-100.15,42,-107.06,47,-111.06,56,-112.34,61,-112.58
532,6779.22,5100.00,1.50,0,48,0.07,NLOS,116.23,-3.47,-92.54,-64.76,13.82,34.98,0,53,-102.68,69,-107.41,55,-109.44,47,-113.01,54,-113.91,57,-114.03
533,6788.94,5100.00,1.50,0,48,0.07,NLOS,116.74,-3.47,-93.05,-65.27,13.19,34.98,0,53,-102.65,69,-107.35,55,-109.20,47,-113.06,54,-113.75,57,-114.02
534,6798.66,5100.00,1.50,0,48,0.06,NLOS,117.24,-3.47,-93.55,-65.77,12.56,34.98,0,53,-102.61,69,-107.29,55,-108.97,47,-113.11,54,-113.60,57,-114.00
535,6808.37,5100.00,1.50,0,48,0.06,NLOS,117.73,-10.82,-86.69,-58.91,8.40,34.98,0,47,-96.57,42,-102.52,60,-104.07,55,-104.97,62,-117.12,5,-117.39
536,6818.09,5100.00,1.50,0,48,0.06,NLOS,118.20,-10.82,-87.17,-59.38,7.96,34.98,0,47,-96.62,42,-102.66,60,-103.99,55,-104.73,62,-117.02,5,-117.42
537,6827.81,5100.00,1.50,0,48,0.06,NLOS,118.67,-10.82,-87.63,-59.85,7.53,34.98,0,47,-96.67,42,-102.80,60,-103.90,55,-104.49,62,-116.92,5,-117.45
538,6837.52,5100.00,1.50,0,48,0.05,NLOS,119.12,-6.50,-92.40,-64.62,8.40,34.98,0,55,-101.47,56,-106.15,35,-109.28,60,-114.49,42,-114.80,47,-115.99
539,6847.24,5100.00,1.50,0,48,0.05,NLOS,119.56,-6.50,-92.84,-65.06,7.76,34.98,0,55,-101.23,56,-106.11,35,-109.37,60,-114.41,42,-114.94,47,-116.05
540,6856.96,5100.00,1.50,0,48,0.05,NLOS,119.99,-6.50,-93.27,-65.49,7.13,34.98,0,55,-100.98,56,-106.07,35,-109.46,60,-114.32,42,-115.07,47,-116.10
541,6866.67,5100.00,1.50,0,55,0.04,NLOS,125.32,-16.55,-88.55,-60.77,4.96,34.98,1,54,-94.77,48,-99.87,53,-106.37,42,-110.93,56,-112.47,66,-113.09
542,6876.39,5100.00,1.50,0,55,0.04,NLOS,125.07,-16.55,-88.31,-60.53,5.18,34.98,0,54,-94.63,48,-100.29,53,-106.34,42,-111.06,56,-112.43,66,-113.03
543,6886.11,5100.00,1.50,0,55,0.04,NLOS,124.83,-16.55,-88.06,-60.28,5.40,34.98,0,54,-94.48,48,-100.69,53,-106.31,42,-111.20,56,-112.39,66,-112.98
544,6895.83,5100.00,1.50,0,48,0.05,NLOS,121.62,-17.75,-83.66,-55.87,3.52,34.98,1,55,-87.64,49,-98.04,54,-104.80,36,-108.90,56,-111.90,53,-112.02
545,6905.54,5100.00,1.50,0,48,0.04,NLOS,122.01,-17.75,-84.04,-56.26,2.91,34.98,0,55,-87.39,49,-98.12,54,-104.65,36,-108.98,56,-111.86,53,-112.00
546,6915.26,5100.00,1.50,0,48,0.04,NLOS,122.39,-17.75,-84.42,-56.64,2.32,34.98,0,55,-87.14,49,-98.21,54,-104.51,36,-109.05,56,-111.83,53,-111.97
547,6924.98,5100.00,1.50,0,55,0.04,NLOS,123.84,-7.27,-96.35,-68.56,3.96,34.98,1,48,-102.53,42,-104.01,61,-106.58,54,-109.22,41,-110.80,47,-111.83
548,6934.69,5100.00,1.50,0,55,0.04,NLOS,123.59,-7.27,-96.10,-68.32,4.37,34.98,0,48,-102.89,42,-104.14,61,-106.42,54,-109.08,41,-110.92,47,-111.90
549,6944.41,5100.00,1.50,0,55,0.04,NLOS,123.35,-7.27,-95.85,-68.07,4.75,34.98,0,48,-103.25,42,-104.27,61,-106.27,54,-108.95,41,-111.03,47,-111.96
550,6954.13,5100.00,1.50,0,55,0.04,NLOS,123.10,-24.71,-78.17,-50.39,22.21,34.98,0,41,-98.28,56,-102.52,61,-107.11,53,-108.64,36,-111.83,54,-111.91
551,6963.85,5100.00,1.50,0,55,0.04,NLOS,122.86,-24.71,-77.92,-50.14,22.41,34.98,0,41,-98.40,56,-102.48,61,-106.95,53,-108.61,54,-111.78,36,-111.90
552,6973.56,5100.00,1.50,0,55,0.04,NLOS,122.61,-24.71,-77.68,-49.90,22.61,34.98,0,41,-98.51,56,-102.45,61,-106.79,53,-108.59,54,-111.65,36,-111.97
553,6983.28,5100.00,1.50,0,56,0.01,NLOS,140.29,-24.44,-95.64,-67.86,2.19,34.98,1,48,-100.00,49,-100.41,55,-101.41,60,-110.50,61,-110.89,35,-114.70
554,6993.00,5100.00,1.50,0,56,0.01,NLOS,140.27,-24.44,-95.61,-67.83,2.16,34.98,0,48,-100.33,49,-100.50,55,-101.17,60,-110.41,61,-110.73,35,-114.78
555,7000.00,5097.29,1.50,3,56,0.01,NLOS,140.28,-24.44,-95.63,-67.84,2.17,34.98,0,48,-100.54,49,-100.62,55,-101.09,60,-110.33,61,-110.61,35,-114.84
556,7000.00,5087.57,1.50,3,54,0.03,NLOS,127.50,-5.84,-101.44,-73.66,10.54,34.98,1,66,-109.56,18,-112.96,41,-114.58,55,-114.71,46,-117.14,36,-117.28
557,7000.00,5077.85,1.50,3,54,0.03,NLOS,127.24,-5.84,-101.18,-73.40,10.95,34.98,0,66,-109.51,18,-112.97,41,-114.53,55,-115.02,46,-117.05,36,-117.31
558,7000.00,5068.13,1.50,3,54,0.03,NLOS,126.98,-5.84,-100.92,-73.14,11.35,34.98,0,66,-109.47,18,-112.99,41,-114.48,55,-115.33,46,-116.97,36,-117.34
559,7000.00,5058.42,1.50,3,56,0.01,NLOS,140.80,-30.00,-90.58,-62.80,8.94,34.98,1,54,-98.89,55,-101.91,49,-103.54,53,-106.37,41,-113.73,58,-116.50
560,7000.00,5048.70,1.50,3,56,0.01,NLOS,140.93,-30.00,-90.71,-62.93,9.04,34.98,0,54,-98.62,55,-102.22,49,-103.69,53,-106.26,41,-113.69,58,-116.45
561,7000.00,5038.98,1.50,3,56,0.01,NLOS,141.05,-30.00,-90.84,-63.05,9.15,34.98,0,54,-98.35,55,-102.52,49,-103.84,53,-106.14,41,-113.64,58,-116.39
562,7000.00,5029.27,1.50,3,55,0.04,NLOS,124.18,-7.66,-96.30,-68.52,8.03,34.98,1,42,-103.73,60,-104.73,49,-106.44,48,-109.72,67,-110.63,45,-113.60
563,7000.00,5019.55,1.50,3,55,0.04,NLOS,124.48,-7.66,-96.60,-68.82,7.81,34.98,0,42,-103.77,60,-104.65,49,-106.59,48,-109.71,67,-110.61,45,-113.54
564,7000.00,5009.83,1.50,3,55,0.04,NLOS,124.77,-7.66,-96.89,-69.11,7.59,34.98,0,42,-103.81,60,-104.57,49,-106.73,48,-109.70,67,-110.59,45,-113.48
565,7000.00,5000.11,1.50,3,48,0.04,NLOS,125.06,-12.45,-92.39,-64.61,11.36,34.98,1,62,-102.70,42,-107.73,61,-108.14,47,-109.88,54,-112.57,55,-113.41
566,7000.00,4990.40,1.50,3,48,0.04,NLOS,125.06,-12.45,-92.39,-64.61,11.33,34.98,0,62,-102.78,42,-107.78,61,-108.14,47,-109.74,54,-112.28,55,-113.69
567,7000.00,4980.68,1.50,3,48,0.04,NLOS,125.07,-12.45,-92.40,-64.62,11.30,34.98,0,62,-102.87,42,-107.82,61,-108.14,47,-109.59,54,-111.99,34,-113.71
568,7000.00,4970.96,1.50,3,47,0.02,NLOS,136.38,-14.91,-101.24,-73.46,-2.24,34.98,1,41,-101.58,40,-106.03,48,-106.08,55,-107.83,56,-110.94,34,-111.04
569,7000.00,4961.25,1.50,3,47,0.02,NLOS,136.23,-14.91,-101.10,-73.32,-2.14,34.98,0,41,-101.54,40,-105.97,48,-106.10,55,-108.10,34,-111.01,56,-111.06
570,7000.00,4951.53,1.50,3,47,0.02,NLOS,136.08,-14.91,-100.95,-73.17,-2.04,34.98,0,41,-101.50,40,-105.90,48,-106.13,55,-108.37,34,-110.98,56,-111.18
571,7000.00,4941.81,1.50,3,55,0.03,NLOS,126.71,-13.16,-93.32,-65.54,0.25,34.98,1,48,-93.74,41,-103.06,54,-108.59,42,-112.58,51,-116.29,5,-116.92
572,7000.00,4932.09,1.50,3,55,0.03,NLOS,126.97,-13.16,-93.59,-65.80,0.02,34.98,0,48,-93.78,41,-103.02,54,-108.29,42,-112.62,51,-116.35,5,-116.93
573,7000.00,4922.38,1.50,3,55,0.03,NLOS,127.23,-13.16,-93.85,-66.07,-0.21,34.98,0,48,-93.83,41,-102.99,54,-107.98,42,-112.67,51,-116.41,5,-116.94
574,7000.00,4912.66,1.50,3,54,0.04,NLOS,122.37,-3.11,-99.04,-71.25,6.58,34.98,1,55,-110.42,53,-110.51,48,-111.92,41,-112.93,50,-117.28,68,-118.46
575,7000.00,4902.94,1.50,3,54,0.04,NLOS,122.05,-3.11,-98.72,-70.94,6.94,34.98,0,53,-110.38,55,-110.68,48,-111.98,41,-112.89,50,-117.36,68,-118.49
576,7000.00,4906.77,1.50,1,54,0.04,NLOS,122.18,-3.11,-98.85,-71.06,6.80,34.98,0,53,-110.43,55,-110.58,48,-111.95,41,-112.91,50,-117.33,68,-118.48
577,7000.00,4916.49,1.50,1,54,0.04,NLOS,122.49,-3.11,-99.16,-71.38,6.44,34.98,0,55,-110.32,53,-110.57,48,-111.90,41,-112.94,50,-117.25,68,-118.45
578,7000.00,4926.21,1.50,1,54,0.04,NLOS,122.80,-2.43,-100.15,-72.37,0.98,34.98,0,49,-102.44,60,-104.62,53,-106.60,57,-107.75,55,-108.97,44,-108.98
579,7000.00,4935.93,1.50,1,54,0.04,NLOS,123.11,-2.43,-100.46,-72.67,0.71,34.98,0,49,-102.31,60,-104.70,53,-106.73,57,-107.67,55,-108.71,44,-108.92
580,7000.00,4945.64,1.50,1,54,0.04,NLOS,123.41,-2.43,-100.76,-72.98,0.43,34.98,0,49,-102.17,60,-104.78,53,-106.86,57,-107.60,55,-108.45,44,-108.86
581,7000.00,4955.36,1.50,1,54,0.04,NLOS,123.71,-5.90,-97.59,-69.81,-0.81,34.98,0,48,-98.29,60,-103.18,34,-105.76,42,-108.18,39,-111.86,55,-112.58
582,7000.00,4965.08,1.50,1,54,0.04,NLOS,124.01,-5.90,-97.89,-70.11,-1.11,34.98,0,48,-98.27,60,-103.26,34,-105.79,42,-108.13,39,-111.92,55,-112.31
583,7000.00,4974.79,1.50,1,54,0.04,NLOS,124.31,-5.90,-98.19,-70.40,-1.40,34.98,0,48,-98.25,60,-103.34,34,-105.82,42,-108.09,39,-111.98,55,-112.03
584,7000.00,4984.51,1.50,1,54,0.04,NLOS,124.60,-11.20,-93.18,-65.40,9.64,34.98,0,55,-105.96,36,-107.76,48,-109.02,47,-109.23,38,-111.87,65,-114.81
585,7000.00,4994.23,1.50,1,54,0.04,NLOS,124.89,-11.20,-93.47,-65.69,9.24,34.98,0,55,-105.68,36,-107.73,48,-109.01,47,-109.37,38,-111.83,65,-114.85
586,7000.00,5003.94,1.50,1,54,0.04,NLOS,125.17,-11.20,-93.75,-65.97,8.84,34.98,0,55,-105.39,36,-107.70,48,-109.01,47,-109.52,38,-111.79,65,-114.90
587,7000.00,5013.66,1.50,1,55,0.04,NLOS,124.65,-11.76,-92.68,-64.89,10.35,34.98,1,47,-93.68,61,-107.52,54,-107.77,48,-110.53,63,-113.24,49,-113.49
588,7000.00,5023.38,1.50,1,55,0.04,NLOS,124.36,-11.76,-92.38,-64.60,10.72,34.98,0,47,-93.82,61,-107.52,54,-108.05,48,-110.54,63,-113.17,49,-113.34
589,7000.00,5033.10,1.50,1,55,0.04,NLOS,124.07,-11.76,-92.09,-64.31,11.09,34.98,0,47,-93.96,61,-107.53,54,-108.32,48,-110.56,63,-113.09,49,-113.20
590,7000.00,5042.81,1.50,1,54,0.03,NLOS,126.28,-7.16,-98.90,-71.12,-0.86,34.98,1,48,-100.34,47,-103.55,55,-108.06,49,-109.21,42,-110.19,40,-110.69
591,7000.00,5052.53,1.50,1,54,0.03,NLOS,126.55,-7.16,-99.17,-71.39,-1.11,34.98,0,48,-100.37,47,-103.69,55,-107.76,49,-109.07,42,-110.15,40,-110.75
592,7000.00,5062.25,1.50,1,54,0.03,NLOS,126.82,-7.16,-99.44,-71.66,-1.35,34.98,0,48,-100.41,47,-103.83,55,-107.45,49,-108.92,42,-110.11,40,-110.82
593,7000.00,5071.96,1.50,1,55,0.04,NLOS,122.86,-9.46,-93.18,-65.40,1.09,34.98,1,48,-94.42,47,-100.75,29,-108.52,41,-110.87,61,-112.25,54,-112.42
594,7000.00,5081.68,1.50,1,55,0.04,NLOS,122.55,-9.46,-92.87,-65.09,1.45,34.98,0,48,-94.47,47,-100.88,29,-108.51,41,-110.92,61,-112.26,54,-112.68
595,7000.00,5091.40,1.50,1,55,0.04,NLOS,122.24,-9.46,-92.56,-64.77,1.82,34.98,0,48,-94.52,47,-101.02,29,-108.51,41,-110.96,61,-112.27,54,-112.94
596,7000.00,5098.88,1.50,3,55,0.04,NLOS,121.99,-5.62,-96.16,-68.38,3.09,34.98,0,54,-100.90,48,-108.61,66,-108.66,49,-108.89,53,-109.85,61,-110.39
597,7000.00,5089.17,1.50,3,55,0.04,NLOS,122.31,-5.62,-96.47,-68.69,2.61,34.98,0,54,-100.64,48,-108.55,66,-108.61,49,-109.04,53,-109.73,61,-110.37
598,7000.00,5079.45,1.50,3,55,0.04,NLOS,122.62,-5.62,-96.79,-69.00,2.12,34.98,0,54,-100.38,48,-108.50,66,-108.57,49,-109.19,53,-109.62,61,-110.36
599,7000.00,5069.73,1.50,3,48,0.04,NLOS,125.22,-4.91,-100.09,-72.31,0.11,34.98,1,54,-100.96,40,-107.74,33,-109.47,41,-110.35,55,-113.29,69,-113.60
600,7000.00,5060.02,1.50,3,48,0.04,NLOS,125.18,-4.91,-100.05,-72.27,-0.07,34.98,0,54,-100.69,40,-107.68,33,-109.43,41,-110.31,55,-113.60,69,-113.65
601,7000.00,5050.30,1.50,3,48,0.04,NLOS,125.14,-4.91,-100.02,-72.23,-0.25,34.98,0,54,-100.43,40,-107.61,33,-109.39,41,-110.26,69,-113.69,55,-113.90
602,7000.00,5040.58,1.50,3,48,0.04,NLOS,125.11,-11.39,-93.50,-65.72,7.52,34.98,0,55,-101.60,56,-108.31,54,-111.51,66,-112.54,61,-113.89,41,-117.90
603,7000.00,5030.86,1.50,3,48,0.04,NLOS,125.09,-11.39,-93.48,-65.69,7.77,34.98,0,55,-101.90,56,-108.44,54,-111.23,66,-112.49,61,-113.88,41,-117.85
604,7000.00,5021.15,1.50,3,48,0.04,NLOS,125.07,-11.39,-93.46,-65.68,8.01,34.98,0,55,-102.19,56,-108.57,54,-110.96,66,-112.44,61,-113.88,41,-117.81
605,7000.00,5011.43,1.50,3,54,0.04,NLOS,125.39,-7.57,-97.60,-69.82,7.13,34.98,1,56,-106.72,61,-107.95,48,-109.14,43,-112.67,49,-112.95,5,-115.41
606,7000.00,5001.71,1.50,3,54,0.04,NLOS,125.11,-7.57,-97.32,-69.54,7.41,34.98,0,56,-106.84,61,-107.95,48,-109.14,43,-112.74,49,-113.09,5,-115.42
607,7000.00,4992.00,1.50,3,54,0.04,NLOS,124.82,-7.57,-97.03,-69.25,7.69,34.98,0,56,-106.97,61,-107.95,48,-109.14,43,-112.80,49,-113.23,5,-115.43
608,7000.00,4982.28,1.50,3,48,0.04,NLOS,125.07,-6.13,-98.71,-70.93,10.15,34.98,1,41,-111.95,53,-113.42,49,-113.46,46,-113.73,29,-115.72,9,-117.73
609,7000.00,4972.56,1.50,3,48,0.04,NLOS,125.08,-6.13,-98.73,-70.95,10.14,34.98,0,41,-111.91,53,-113.30,49,-113.60,46,-113.64,29,-115.73,9,-117.73
610,7000.00,4962.84,1.50,3,48,0.04,NLOS,125.10,-6.13,-98.75,-70.97,10.13,34.98,0,41,-111.87,53,-113.17,46,-113.55,49,-113.74,29,-115.74,6,-117.72
611,7000.00,4953.13,1.50,3,48,0.04,NLOS,125.13,-7.08,-97.83,-70.05,1.78,34.98,0,55,-102.03,41,-104.62,66,-107.62,56,-112.47,42,-113.91,49,-114.45
612,7000.00,4943.41,1.50,3,48,0.04,NLOS,125.16,-7.08,-97.86,-70.08,1.88,34.98,0,55,-102.30,41,-104.59,66,-107.58,56,-112.58,42,-113.96,49,-114.58
613,7000.00,4933.69,1.50,3,48,0.04,NLOS,125.20,-7.08,-97.90,-70.12,1.97,34.98,0,55,-102.57,41,-104.55,66,-107.54,56,-112.70,42,-114.00,49,-114.72
614,7000.00,4923.98,1.50,3,54,0.04,NLOS,122.73,-1.64,-100.87,-73.09,1.74,34.98,1,48,-105.16,49,-105.99,35,-106.28,47,-109.56,55,-110.99,29,-114.52
615,7000.00,4914.26,1.50,3,54,0.04,NLOS,122.42,-1.64,-100.56,-72.78,2.08,34.98,0,48,-105.21,49,-106.13,35,-106.28,47,-109.41,55,-111.25,29,-114.53
616,7000.00,4904.54,1.50,3,54,0.04,NLOS,122.11,-1.64,-100.25,-72.47,2.42,34.98,0,48,-105.27,49,-106.27,35,-106.28,47,-109.26,55,-111.51,29,-114.54
617,7005.18,4900.00,1.50,0,47,0.02,NLOS,135.35,-20.03,-95.10,-67.32,5.56,34.98,1,54,-102.60,48,-105.93,69,-108.12,56,-111.80,68,-112.36,70,-112.59
618,7014.89,4900.00,1.50,0,47,0.02,NLOS,135.45,-20.03,-95.20,-67.42,5.40,34.98,0,54,-102.37,48,-106.24,69,-108.06,56,-111.78,68,-112.28,70,-112.55
619,7024.61,4900.00,1.50,0,47,0.02,NLOS,135.55,-20.03,-95.30,-67.52,5.23,34.98,0,54,-102.14,48,-106.55,69,-108.00,56,-111.76,68,-112.19,70,-112.52
620,7034.33,4900.00,1.50,0,55,0.03,NLOS,127.42,-9.07,-98.13,-70.35,6.42,34.98,1,48,-108.17,54,-109.13,42,-112.52,69,-113.23,61,-113.88,68,-114.50
621,7044.04,4900.00,1.50,0,55,0.03,NLOS,127.32,-9.07,-98.02,-70.24,6.56,34.98,0,48,-108.46,54,-108.91,42,-112.63,69,-113.18,61,-113.71,68,-114.41
622,7053.76,4900.00,1.50,0,55,0.03,NLOS,127.21,-9.07,-97.92,-70.14,6.67,34.98,0,54,-108.69,48,-108.75,42,-112.74,69,-113.12,61,-113.53,68,-114.32
623,7063.48,4900.00,1.50,0,48,0.03,NLOS,127.34,-26.48,-80.64,-52.86,9.94,34.98,1,47,-91.92,54,-97.61,55,-102.41,33,-103.00,43,-108.88,60,-111.45
624,7073.20,4900.00,1.50,0,48,0.03,NLOS,127.62,-26.48,-80.92,-53.14,9.68,34.98,0,47,-92.02,54,-97.41,55,-102.32,33,-103.05,43,-108.93,60,-111.34
625,7082.91,4900.00,1.50,0,48,0.03,NLOS,127.90,-26.48,-81.20,-53.42,9.43,34.98,0,47,-92.13,54,-97.20,55,-102.23,33,-103.10,43,-108.99,60,-111.24
626,7092.63,4900.00,1.50,0,48,0.03,NLOS,128.17,-4.03,-103.93,-76.14,-1.11,34.98,0,54,-104.51,49,-109.09,47,-114.79,5,-115.52,53,-116.87,56,-118.08
627,7102.35,4900.00,1.50,0,48,0.03,NLOS,128.44,-4.03,-104.19,-76.41,-1.48,34.98,0,54,-104.32,49,-109.16,47,-114.89,5,-115.55,53,-116.86,56,-118.07
628,7112.06,4900.00,1.50,0,48,0.03,NLOS,128.70,-4.03,-104.46,-76.68,-1.85,34.98,0,54,-104.15,49,-109.24,47,-115.00,5,-115.57,53,-116.84,56,-118.06
629,7121.78,4900.00,1.50,0,48,0.03,NLOS,128.96,-17.42,-91.33,-63.55,2.70,34.98,0,54,-97.41,47,-98.69,55,-101.34,53,-106.90,62,-110.91,60,-111.66
630,7131.50,4900.00,1.50,0,48,0.03,NLOS,129.22,-17.42,-91.59,-63.80,2.40,34.98,0,54,-97.25,47,-98.79,55,-101.27,53,-106.89,62,-110.83,60,-111.56
631,7141.22,4900.00,1.50,0,48,0.03,NLOS,129.47,-17.42,-91.84,-64.06,2.09,34.98,0,54,-97.10,47,-98.90,55,-101.21,53,-106.87,62,-110.74,60,-111.45
632,7150.93,4900.00,1.50,0,54,0.06,NLOS,118.90,-9.78,-88.90,-61.12,8.11,34.98,1,48,-99.46,53,-104.24,61,-104.57,55,-110.65,41,-111.62,5,-114.04
633,7160.65,4900.00,1.50,0,54,0.06,NLOS,118.77,-9.78,-88.77,-60.99,8.34,34.98,0,48,-99.71,53,-104.23,61,-104.38,55,-110.60,41,-111.73,5,-114.06
634,7170.37,4900.00,1.50,0,54,0.06,NLOS,118.65,-9.78,-88.65,-60.87,8.55,34.98,0,48,-99.95,61,-104.18,53,-104.22,55,-110.55,41,-111.84,5,-114.09
635,7180.08,4900.00,1.50,0,54,0.06,NLOS,118.54,4.09,-102.42,-74.63,-4.29,34.98,0,48,-102.24,61,-102.28,47,-105.70,62,-108.55,45,-111.13,55,-111.56
636,7189.80,4900.00,1.50,0,54,0.06,NLOS,118.45,4.09,-102.32,-74.54,-4.17,34.98,0,61,-102.08,48,-102.48,47,-105.81,62,-108.47,45,-111.15,55,-111.52
637,7199.52,4900.00,1.50,0,54,0.06,NLOS,118.37,4.09,-102.24,-74.46,-4.08,34.98,0,61,-101.88,48,-102.71,47,-105.91,62,-108.38,45,-111.17,55,-111.49
638,7200.00,4890.77,1.50,3,54,0.06,NLOS,117.90,-8.77,-88.91,-61.13,3.11,34.98,0,61,-92.46,67,-101.94,36,-106.68,48,-106.88,53,-107.19,55,-108.70
639,7200.00,4881.05,1.50,3,54,0.06,NLOS,117.40,-8.77,-88.41,-60.63,3.64,34.98,0,61,-92.48,67,-101.91,36,-106.71,48,-106.91,53,-107.05,55,-109.00
640,7200.00,4871.33,1.50,3,54,0.07,NLOS,116.89,-8.77,-87.89,-60.11,4.18,34.98,0,61,-92.52,67,-101.89,36,-106.73,53,-106.91,48,-106.95,55,-109.29
641,7200.00,4861.61,1.50,3,55,0.03,NLOS,127.38,-13.07,-94.10,-66.31,6.28,34.98,1,54,-101.76,46,-103.16,48,-109.18,62,-109.44,34,-112.92,64,-114.65
642,7200.00,4851.90,1.50,3,55,0.03,NLOS,127.66,-13.07,-94.38,-66.60,5.61,34.98,0,54,-101.21,46,-103.07,48,-109.23,62,-109.54,34,-112.90,64,-114.71
643,7200.00,4842.18,1.50,3,55,0.03,NLOS,127.94,-13.07,-94.66,-66.88,4.91,34.98,0,54,-100.64,46,-102.99,48,-109.28,62,-109.64,34,-112.88,64,-114.77
644,7200.00,4832.46,1.50,3,54,0.08,NLOS,114.65,9.12,-103.56,-75.78,7.14,34.98,1,68,-110.35,5,-114.14,58,-114.68,45,-114.85,53,-115.26,64,-115.76
645,7200.00,4822.75,1.50,3,54,0.08,NLOS,114.05,9.12,-102.95,-75.17,7.75,34.98,0,68,-110.38,5,-114.15,58,-114.62,45,-114.79,53,-115.11,64,-115.82
646,7200.00,4813.03,1.50,3,54,0.09,NLOS,113.42,9.12,-102.32,-74.54,8.37,34.98,0,68,-110.42,5,-114.16,58,-114.56,45,-114.73,53,-114.96,64,-115.87
647,7200.00,4803.31,1.50,3,55,0.03,NLOS,129.02,-26.55,-82.25,-54.47,20.09,34.98,1,47,-99.49,54,-102.59,41,-114.82,53,-116.81,5,-117.30,48,-117.47
648,7200.00,4793.59,1.50,3,55,0.03,NLOS,129.27,-26.55,-82.51,-54.72,19.20,34.98,0,47,-99.37,54,-101.91,41,-114.81,53,-116.66,5,-117.31,48,-117.53
649,7200.00,4783.88,1.50,3,55,0.03,NLOS,129.53,-26.55,-82.76,-54.98,18.27,34.98,0,47,-99.25,54,-101.21,41,-114.79,53,-116.51,5,-117.32,48,-117.60
650,7200.00,4774.16,1.50,3,54,0.12,NLOS,110.67,6.09,-96.53,-68.75,1.95,34.98,1,61,-102.15,60,-104.17,55,-106.11,56,-107.99,41,-108.62,48,-108.72
651,7200.00,4764.44,1.50,3,54,0.12,NLOS,109.91,6.09,-95.78,-67.99,2.74,34.98,0,61,-102.21,60,-104.07,55,-106.36,56,-108.10,41,-108.60,48,-108.79
652,7200.00,4754.73,1.50,3,54,0.13,NLOS,109.12,6.09,-94.98,-67.20,3.57,34.98,0,61,-102.27,60,-103.97,55,-106.61,56,-108.20,41,-108.59,48,-108.86
653,7200.00,4745.01,1.50,3,54,0.15,NLOS,108.29,2.20,-90.27,-62.49,5.13,34.98,0,48,-98.24,47,-103.08,60,-103.30,55,-105.23,29,-106.08,61,-111.48
654,7200.00,4735.29,1.50,3,54,0.16,NLOS,107.42,2.20,-89.41,-61.62,6.02,34.98,0,48,-98.31,47,-102.97,60,-103.20,55,-105.47,29,-106.09,61,-111.54
655,7200.00,4725.57,1.50,3,54,0.17,NLOS,106.52,2.20,-88.50,-60.72,6.95,34.98,0,48,-98.39,47,-102.85,60,-103.10,55,-105.70,29,-106.11,61,-111.60
656,7200.00,4715.86,1.50,3,54,0.19,NLOS,105.57,-4.49,-80.86,-53.08,20.02,34.98,0,40,-100.45,55,-103.16,47,-107.13,59,-109.09,60,-111.17,42,-111.90
657,7200.00,4706.14,1.50,3,54,0.21,NLOS,104.57,-4.49,-79.86,-52.08,21.12,34.98,0,40,-100.40,55,-103.39,47,-107.01,59,-109.00,60,-111.07,42,-111.95
658,7196.42,4700.00,1.50,2,54,0.22,NLOS,104.06,-4.49,-79.36,-51.57,21.68,34.98,0,40,-100.34,55,-103.53,47,-106.88,59,-108.96,60,-111.06,42,-111.94
659,7186.71,4700.00,1.50,2,54,0.21,NLOS,104.51,-11.35,-72.93,-45.15,19.67,34.98,0,61,-94.45,47,-97.52,50,-102.75,42,-108.72,55,-111.92,67,-112.30
660,7176.99,4700.00,1.50,2,54,0.20,NLOS,105.00,-11.35,-73.43,-45.64,19.24,34.98,0,61,-94.63,47,-97.37,50,-102.72,42,-108.63,55,-111.94,67,-112.40
661,7167.27,4700.00,1.50,2,54,0.19,NLOS,105.53,-11.35,-73.95,-46.17,18.78,34.98,0,61,-94.81,47,-97.23,50,-102.70,42,-108.54,55,-111.96,67,-112.50
662,7157.55,4700.00,1.50,2,54,0.18,NLOS,106.08,5.59,-91.46,-63.68,5.10,34.98,0,48,-101.31,61,-101.32,53,-103.06,55,-107.26,68,-111.77,47,-113.51
663,7147.84,4700.00,1.50,2,54,0.17,NLOS,106.66,5.59,-92.04,-64.26,4.51,34.98,0,48,-101.11,61,-101.50,53,-103.08,55,-107.29,68,-111.85,47,-113.37
664,7138.12,4700.00,1.50,2,54,0.16,NLOS,107.26,5.59,-92.63,-64.85,3.90,34.98,0,48,-100.90,61,-101.67,53,-103.10,55,-107.33,68,-111.94,47,-113.22
665,7128.40,4700.00,1.50,2,54,0.15,NLOS,107.86,-9.03,-78.61,-50.83,18.90,34.98,0,55,-98.96,48,-105.63,47,-108.75,39,-113.16,61,-113.50,46,-113.61
666,7118.69,4700.00,1.50,2,54,0.14,NLOS,108.47,-9.03,-79.22,-51.44,18.28,34.98,0,55,-99.00,48,-105.42,47,-108.61,39,-113.12,46,-113.57,61,-113.67
667,7108.97,4700.00,1.50,2,54,0.13,NLOS,109.08,-9.03,-79.83,-52.05,17.66,34.98,0,55,-99.04,48,-105.20,47,-108.46,39,-113.07,46,-113.53,61,-113.84
668,7099.25,4700.00,1.50,2,54,0.13,NLOS,109.69,-6.71,-82.76,-54.97,17.72,34.98,0,47,-103.60,53,-105.15,55,-109.99,36,-112.95,62,-115.38,48,-116.15
669,7089.53,4700.00,1.50,2,54,0.12,NLOS,110.29,-6.71,-83.36,-55.58,17.05,34.98,0,47,-103.45,53,-105.17,55,-110.03,36,-112.89,62,-115.45,48,-115.93
670,7079.82,4700.00,1.50,2,54,0.11,NLOS,110.89,-6.71,-83.96,-56.18,16.39,34.98,0,47,-103.31,53,-105.20,55,-110.08,36,-112.83,62,-115.52,48,-115.70
671,7070.10,4700.00,1.50,2,54,0.11,NLOS,111.48,-5.76,-85.50,-57.72,19.02,34.98,0,55,-104.94,57,-105.79,36,-110.74,34,-113.84,41,-116.71,66,-117.47
672,7060.38,4700.00,1.50,2,54,0.10,NLOS,112.06,-5.76,-86.08,-58.30,18.47,34.98,0,55,-105.00,57,-105.80,36,-110.68,34,-113.76,41,-116.58,66,-117.54
673,7050.67,4700.00,1.50,2,54,0.10,NLOS,112.63,-5.76,-86.65,-58.87,17.94,34.98,0,55,-105.05,57,-105.80,36,-110.62,34,-113.69,41,-116.46,66,-117.61
674,7040.95,4700.00,1.50,2,54,0.09,NLOS,113.20,5.85,-98.83,-71.05,-1.06,34.98,0,47,-98.28,60,-110.48,39,-111.25,48,-112.48,63,-112.65,32,-113.28
675,7031.23,4700.00,1.50,2,54,0.09,NLOS,113.75,5.85,-99.38,-71.60,-1.74,34.98,0,47,-98.13,60,-110.60,39,-111.21,48,-112.25,63,-112.69,32,-113.24
676,7021.51,4700.00,1.50,2,54,0.08,NLOS,114.29,5.85,-99.92,-72.14,-2.41,34.98,0,47,-97.98,60,-110.73,39,-111.17,48,-112.01,63,-112.72,32,-113.20
677,7011.80,4700.00,1.50,2,54,0.08,NLOS,114.82,-3.98,-90.62,-62.84,6.56,34.98,0,47,-100.87,61,-100.88,48,-105.81,41,-112.01,39,-112.90,5,-114.25
678,7002.08,4700.00,1.50,2,54,0.07,NLOS,115.34,-3.98,-91.14,-63.35,6.01,34.98,0,47,-100.72,61,-101.03,48,-105.56,41,-111.88,39,-112.86,5,-114.23
679,6992.36,4700.00,1.50,2,54,0.07,NLOS,115.84,-3.98,-91.64,-63.86,5.46,34.98,0,47,-100.58,61,-101.18,48,-105.32,41,-111.75,39,-112.82,5,-114.20
680,6982.65,4700.00,1.50,2,55,0.02,NLOS,132.60,-20.20,-92.18,-64.40,13.24,34.98,1,60,-101.48,41,-105.05,47,-106.24,48,-107.21,54,-112.97,62,-114.58
681,6972.93,4700.00,1.50,2,55,0.02,NLOS,132.67,-20.20,-92.25,-64.47,13.09,34.98,0,60,-101.61,41,-104.92,47,-106.10,48,-106.96,54,-113.46,62,-114.65
682,6963.21,4700.00,1.50,2,55,0.02,NLOS,132.75,-20.20,-92.33,-64.55,12.92,34.98,0,60,-101.73,41,-104.79,47,-105.96,48,-106.71,54,-113.93,62,-114.72
683,6953.50,4700.00,1.50,2,54,0.06,NLOS,117.77,-20.87,-76.68,-48.90,22.78,34.98,1,55,-101.77,53,-106.76,61,-106.81,42,-110.29,52,-115.79,40,-116.05
684,6943.78,4700.00,1.50,2,54,0.06,NLOS,118.22,-20.87,-77.14,-49.36,22.40,34.98,0,55,-101.85,53,-106.81,61,-106.95,42,-110.19,52,-115.80,40,-115.97
685,6934.06,4700.00,1.50,2,54,0.06,NLOS,118.67,-20.87,-77.58,-49.80,22.03,34.98,0,55,-101.93,53,-106.85,61,-107.10,42,-110.09,52,-115.81,40,-115.89
686,6924.34,4700.00,1.50,2,54,0.05,NLOS,119.11,0.79,-99.67,-71.89,-1.47,34.98,0,48,-99.95,41,-104.34,47,-105.35,55,-107.07,42,-108.53,15,-113.01
687,6914.63,4700.00,1.50,2,54,0.05,NLOS,119.53,0.79,-100.10,-72.32,-2.09,34.98,0,48,-99.69,41,-104.20,47,-105.21,55,-107.16,42,-108.42,15,-112.97
688,6904.91,4700.00,1.50,2,54,0.05,NLOS,119.95,0.79,-100.52,-72.74,-2.71,34.98,0,48,-99.43,41,-104.06,47,-105.08,55,-107.24,42,-108.32,15,-112.93
689,6895.19,4700.00,1.50,2,54,0.05,NLOS,120.36,-4.06,-96.08,-68.30,-1.72,34.98,0,48,-94.73,36,-104.46,47,-107.34,55,-111.45,22,-111.72,30,-112.90
690,6885.48,4700.00,1.50,2,54,0.05,NLOS,120.76,-4.06,-96.48,-68.70,-2.37,34.98,0,48,-94.47,36,-104.39,47,-107.20,55,-111.53,22,-111.67,30,-112.86
691,6875.76,4700.00,1.50,2,54,0.05,NLOS,121.16,-4.06,-96.88,-69.09,-3.01,34.98,0,48,-94.20,36,-104.33,47,-107.06,22,-111.62,55,-111.62,30,-112.81
692,6866.04,4700.00,1.50,2,54,0.05,NLOS,121.54,0.02,-101.34,-73.56,-5.71,34.98,0,61,-98.86,43,-100.37,47,-100.82,48,-102.42,58,-106.88,40,-107.15
693,6856.32,4700.00,1.50,2,54,0.04,NLOS,121.92,0.02,-101.72,-73.94,-6.12,34.98,0,61,-98.99,43,-100.32,47,-100.69,48,-102.15,58,-106.91,40,-107.07
694,6846.61,4700.00,1.50,2,54,0.04,NLOS,122.29,0.02,-102.09,-74.31,-6.53,34.98,0,61,-99.13,43,-100.28,47,-100.56,48,-101.88,58,-106.94,40,-106.99
695,6836.89,4700.00,1.50,2,54,0.04,NLOS,122.66,-2.02,-100.42,-72.64,-5.43,34.98,0,53,-98.84,55,-99.09,48,-102.14,50,-111.25,59,-111.90,5,-114.36
696,6827.17,4700.00,1.50,2,54,0.04,NLOS,123.02,-2.02,-100.78,-73.00,-5.78,34.98,0,53,-98.90,55,-99.18,48,-101.87,50,-111.24,59,-111.96,5,-114.34
697,6817.46,4700.00,1.50,2,54,0.04,NLOS,123.37,-2.02,-101.13,-73.35,-6.13,34.98,0,53,-98.96,55,-99.28,48,-101.60,50,-111.23,59,-112.01,5,-114.31
698,6807.74,4700.00,1.50,2,48,0.04,NLOS,122.49,1.47,-103.74,-75.96,5.30,34.98,1,46,-108.28,47,-112.24,40,-113.30,61,-113.77,54,-115.34,33,-115.44
699,6800.00,4698.02,1.50,3,48,0.04,NLOS,122.33,1.47,-103.58,-75.80,5.42,34.98,0,46,-108.24,47,-112.09,40,-113.22,61,-113.88,33,-115.39,54,-115.59
700,6800.00,4688.30,1.50,3,48,0.04,NLOS,122.60,1.47,-103.85,-76.07,5.01,34.98,0,46,-108.13,47,-111.87,40,-113.14,61,-113.91,33,-115.34,54,-115.50
701,6800.00,4678.59,1.50,3,48,0.04,NLOS,122.88,-7.07,-95.59,-67.81,1.62,34.98,0,54,-97.40,46,-97.51,45,-107.92,42,-113.13,53,-113.98,30,-117.97
702,6800.00,4668.87,1.50,3,48,0.04,NLOS,123.15,-7.07,-95.86,-68.08,1.27,34.98,0,54,-97.32,46,-97.40,45,-107.85,42,-113.21,53,-113.84,30,-118.00
703,6800.00,4659.15,1.50,3,48,0.04,NLOS,123.42,-7.07,-96.13,-68.35,0.92,34.98,0,54,-97.25,46,-97.29,45,-107.77,42,-113.28,53,-113.70,30,-118.03
704,6800.00,4649.44,1.50,3,48,0.04,NLOS,123.69,-15.26,-88.22,-60.44,12.39,34.98,0,60,-91.30,41,-102.69,46,-104.58,53,-105.43,47,-106.73,49,-113.51
705,6800.00,4639.72,1.50,3,48,0.04,NLOS,123.97,-15.26,-88.49,-60.71,12.07,34.98,0,60,-91.25,41,-102.68,46,-104.47,53,-105.29,47,-106.49,49,-113.64
706,6800.00,4630.00,1.50,3,48,0.04,NLOS,124.23,-15.26,-88.76,-60.98,11.74,34.98,0,60,-91.20,41,-102.67,46,-104.35,53,-105.15,47,-106.25,49,-113.77
707,6800.00,4620.28,1.50,3,42,0.01,NLOS,141.62,-23.99,-97.40,-69.62,3.11,34.98,1,54,-100.08,53,-100.69,48,-102.50,49,-107.91,41,-108.41,67,-111.89
708,6800.00,4610.57,1.50,3,42,0.01,NLOS,141.69,-23.99,-97.48,-69.70,3.23,34.98,0,54,-100.04,53,-100.55,48,-102.77,49,-108.03,41,-108.40,67,-111.89
709,6800.00,4600.85,1.50,3,42,0.01,NLOS,141.77,-23.99,-97.56,-69.77,3.34,34.98,0,54,-100.01,53,-100.40,48,-103.03,49,-108.16,41,-108.40,67,-111.88
710,6800.00,4591.13,1.50,3,48,0.04,NLOS,125.29,-9.51,-95.57,-67.79,10.46,34.98,1,49,-109.37,43,-110.72,40,-112.23,41,-112.66,44,-113.94,55,-115.19
711,6800.00,4581.42,1.50,3,48,0.04,NLOS,125.56,-9.51,-95.83,-68.05,10.24,34.98,0,49,-109.49,43,-110.79,40,-112.15,41,-112.65,44,-113.99,55,-115.34
712,6800.00,4571.70,1.50,3,48,0.03,NLOS,125.81,-9.51,-96.09,-68.31,10.03,34.98,0,49,-109.61,43,-110.86,40,-112.07,41,-112.65,44,-114.05,55,-115.49
713,6800.00,4561.98,1.50,3,47,0.03,NLOS,125.81,-8.63,-96.95,-69.17,3.06,34.98,1,53,-102.03,48,-105.34,49,-112.07,54,-113.08,27,-113.14,61,-116.87
714,6800.00,4552.26,1.50,3,47,0.04,NLOS,125.55,-8.63,-96.70,-68.91,3.29,34.98,0,53,-101.88,48,-105.59,49,-112.19,54,-113.09,27,-113.12,61,-116.91
715,6800.00,4542.55,1.50,3,47,0.04,NLOS,125.29,-8.63,-96.44,-68.65,3.52,34.98,0,53,-101.73,48,-105.84,49,-112.31,27,-113.10,54,-113.11,61,-116.96
716,6800.00,4532.83,1.50,3,62,0.01,NLOS,146.72,-30.00,-96.50,-68.72,4.73,34.98,1,54,-99.10,55,-101.84,49,-106.53,53,-106.60,48,-110.99,56,-111.07
717,6800.00,4523.11,1.50,3,62,0.01,NLOS,146.79,-30.00,-96.57,-68.79,4.80,34.98,0,54,-99.13,55,-101.98,53,-106.45,49,-106.65,56,-111.16,48,-111.24
718,6800.00,4513.40,1.50,3,62,0.01,NLOS,146.86,-30.00,-96.64,-68.86,4.86,34.98,0,54,-99.17,55,-102.13,53,-106.29,49,-106.77,47,-111.19,56,-111.25
719,6800.00,4503.68,1.50,3,62,0.01,NLOS,146.92,-24.34,-102.37,-74.59,14.20,34.98,0,54,-105.54,48,-106.02,53,-107.03,66,-113.63,44,-114.42,47,-114.72
720,6806.04,4500.00,1.50,0,62,0.01,NLOS,146.91,-24.34,-102.36,-74.58,14.21,34.98,0,54,-105.33,48,-106.21,53,-106.92,66,-113.57,44,-114.45,47,-114.75
721,6815.76,4500.00,1.50,0,62,0.01,NLOS,146.85,-24.34,-102.30,-74.52,14.22,34.98,0,54,-104.97,48,-106.35,53,-106.83,66,-113.50,44,-114.47,47,-114.97
722,6825.47,4500.00,1.50,0,47,0.04,NLOS,124.71,-3.19,-101.30,-73.52,3.78,34.98,1,42,-102.43,39,-106.03,54,-106.35,48,-113.03,69,-113.96,5,-114.03
723,6835.19,4500.00,1.50,0,47,0.04,NLOS,124.93,-3.19,-101.52,-73.74,3.29,34.98,0,42,-102.52,54,-105.97,39,-106.08,48,-113.18,69,-113.92,5,-114.05
724,6844.91,4500.00,1.50,0,47,0.04,NLOS,125.15,-3.19,-101.75,-73.97,2.78,34.98,0,42,-102.60,54,-105.58,39,-106.12,48,-113.33,69,-113.87,5,-114.08
725,6854.62,4500.00,1.50,0,40,0.01,NLOS,142.06,-17.13,-104.72,-76.94,1.78,34.98,1,68,-104.86,5,-106.61,43,-106.93,48,-108.44,47,-108.72,49,-109.03
726,6864.34,4500.00,1.50,0,40,0.01,NLOS,142.16,-17.13,-104.81,-77.03,1.86,34.98,0,68,-104.79,5,-106.63,43,-106.97,48,-108.60,47,-108.95,49,-109.06
727,6874.06,4500.00,1.50,0,40,0.01,NLOS,142.26,-17.13,-104.91,-77.13,1.94,34.98,0,68,-104.72,5,-106.66,43,-107.01,48,-108.75,49,-109.09,47,-109.17
728,6883.77,4500.00,1.50,0,47,0.03,NLOS,126.05,-10.18,-95.65,-67.87,4.46,34.98,1,54,-102.26,53,-105.17,60,-109.30,49,-110.29,55,-111.09,20,-111.86
729,6893.49,4500.00,1.50,0,47,0.03,NLOS,126.28,-10.18,-95.88,-68.10,3.95,34.98,0,54,-101.82,53,-105.09,60,-109.17,49,-110.32,55,-111.03,20,-111.90
730,6903.21,4500.00,1.50,0,47,0.03,NLOS,126.50,-10.18,-96.10,-68.32,3.42,34.98,0,54,-101.37,53,-105.01,60,-109.03,49,-110.36,55,-110.97,20,-111.94
731,6912.93,4500.00,1.50,0,54,0.06,NLOS,118.71,4.98,-103.48,-75.69,2.93,34.98,1,47,-108.20,67,-111.26,40,-111.82,66,-112.51,34,-113.16,5,-114.47
732,6922.64,4500.00,1.50,0,54,0.06,NLOS,118.24,4.98,-103.00,-75.22,3.54,34.98,0,47,-108.43,67,-111.17,40,-111.91,66,-112.43,34,-113.24,5,-114.50
733,6932.36,4500.00,1.50,0,54,0.06,NLOS,117.75,4.98,-102.51,-74.73,4.16,34.98,0,47,-108.65,67,-111.08,40,-112.01,66,-112.36,34,-113.32,5,-114.52
734,6942.08,4500.00,1.50,0,54,0.06,NLOS,117.25,1.63,-98.66,-70.88,-0.94,34.98,0,53,-98.29,60,-107.74,31,-112.70,62,-112.87,47,-115.99,5,-117.40
735,6951.79,4500.00,1.50,0,54,0.07,NLOS,116.73,1.63,-98.15,-70.37,-0.50,34.98,0,53,-98.22,60,-107.60,31,-112.74,62,-112.81,47,-116.21,5,-117.43
736,6961.51,4500.00,1.50,0,54,0.07,NLOS,116.20,1.63,-97.62,-69.84,-0.03,34.98,0,53,-98.15,60,-107.46,62,-112.76,31,-112.77,47,-116.43,5,-117.45
737,6971.23,4500.00,1.50,0,54,0.07,NLOS,115.65,-6.66,-88.78,-61.00,11.32,34.98,0,53,-103.72,61,-105.67,48,-106.85,52,-113.09,60,-113.16,15,-114.59
738,6980.95,4500.00,1.50,0,54,0.08,NLOS,115.09,-6.66,-88.21,-60.43,11.85,34.98,0,53,-103.66,61,-105.54,48,-107.02,60,-113.02,52,-113.08,15,-114.63
739,6990.66,4500.00,1.50,0,54,0.08,NLOS,114.51,-6.66,-87.63,-59.85,12.40,34.98,0,53,-103.59,61,-105.41,48,-107.18,60,-112.87,52,-113.06,15,-114.67
740,7000.00,4500.38,1.50,1,47,0.03,NLOS,128.70,-26.63,-81.85,-54.07,16.63,34.98,1,53,-99.45,54,-106.82,39,-106.98,33,-110.16,60,-111.24,56,-112.36
741,7000.00,4510.10,1.50,1,47,0.03,NLOS,128.85,-26.63,-82.01,-54.22,16.60,34.98,0,53,-99.64,54,-106.67,39,-107.05,33,-110.20,60,-111.29,56,-112.27
742,7000.00,4519.81,1.50,1,47,0.03,NLOS,129.01,-26.63,-82.16,-54.38,16.57,34.98,0,53,-99.82,54,-106.54,39,-107.11,33,-110.23,60,-111.35,56,-112.18
743,7000.00,4529.53,1.50,1,54,0.09,NLOS,113.53,-14.58,-78.74,-50.95,14.61,34.98,1,60,-95.15,48,-99.81,53,-102.96,49,-111.89,33,-112.34,59,-115.79
744,7000.00,4539.25,1.50,1,54,0.09,NLOS,113.45,-14.58,-78.65,-50.87,14.71,34.98,0,60,-95.21,48,-99.65,53,-103.14,49,-111.78,33,-112.38,59,-115.87
745,7000.00,4548.97,1.50,1,54,0.09,NLOS,113.39,-14.58,-78.59,-50.81,14.78,34.98,0,60,-95.27,48,-99.48,53,-103.32,49,-111.67,33,-112.41,59,-115.95
746,7000.00,4558.68,1.50,1,54,0.09,NLOS,113.36,-3.23,-89.90,-62.12,8.22,34.98,0,53,-99.99,47,-104.82,28,-107.93,60,-108.00,34,-109.15,46,-109.72
747,7000.00,4568.40,1.50,1,54,0.09,NLOS,113.35,-3.23,-89.89,-62.11,8.38,34.98,0,53,-100.17,47,-104.99,28,-107.93,60,-108.06,34,-109.17,46,-109.83
748,7000.00,4578.12,1.50,1,54,0.09,NLOS,113.36,-3.23,-89.91,-62.13,8.52,34.98,0,53,-100.34,47,-105.15,28,-107.93,60,-108.12,34,-109.19,46,-109.94
749,7000.00,4587.83,1.50,1,47,0.03,NLOS,130.15,-14.09,-95.84,-68.06,9.09,34.98,1,54,-106.07,61,-109.31,42,-110.33,62,-112.33,48,-113.60,55,-113.96
750,7000.00,4597.55,1.50,1,47,0.03,NLOS,130.31,-14.09,-96.00,-68.22,8.97,34.98,0,54,-106.13,61,-109.25,42,-110.27,62,-112.25,48,-113.44,55,-113.78
751,7000.00,4607.27,1.50,1,47,0.03,NLOS,130.48,-14.09,-96.17,-68.39,8.86,34.98,0,54,-106.23,61,-109.19,42,-110.21,62,-112.17,48,-113.28,55,-113.60
752,7000.00,4616.99,1.50,1,54,0.09,NLOS,113.68,-14.95,-78.51,-50.73,12.45,34.98,1,48,-91.20,60,-104.48,45,-107.28,29,-109.97,40,-111.14,66,-111.26
753,7000.00,4626.70,1.50,1,54,0.09,NLOS,113.81,-14.95,-78.65,-50.87,12.17,34.98,0,48,-91.04,60,-104.55,45,-107.35,29,-109.96,40,-111.20,66,-111.29
754,7000.00,4636.42,1.50,1,54,0.08,NLOS,113.97,-14.95,-78.81,-51.03,11.86,34.98,0,48,-90.88,60,-104.61,45,-107.42,29,-109.94,40,-111.27,66,-111.33
755,7000.00,4646.14,1.50,1,54,0.08,NLOS,114.15,4.38,-98.31,-70.53,-0.46,34.98,0,48,-100.35,47,-103.67,35,-106.06,61,-109.82,34,-110.29,53,-110.47
756,7000.00,4655.85,1.50,1,54,0.08,NLOS,114.35,4.38,-98.51,-70.73,-0.70,34.98,0,48,-100.20,47,-103.83,35,-106.05,61,-109.76,34,-110.31,53,-110.63
757,7000.00,4665.57,1.50,1,54,0.08,NLOS,114.56,4.38,-98.72,-70.94,-0.96,34.98,0,48,-100.04,47,-104.00,35,-106.03,61,-109.71,34,-110.33,53,-110.79
758,7000.00,4675.29,1.50,1,54,0.08,NLOS,114.79,-1.34,-93.24,-65.45,13.27,34.98,0,47,-108.63,46,-111.97,48,-112.55,41,-114.92,55,-116.39,56,-116.99
759,7000.00,4685.01,1.50,1,54,0.08,NLOS,115.04,-1.34,-93.48,-65.70,13.06,34.98,0,47,-108.79,46,-112.08,48,-112.40,41,-114.93,55,-116.19,56,-116.89
760,7000.00,4694.72,1.50,1,54,0.07,NLOS,115.30,-1.34,-93.74,-65.96,12.84,34.98,0,47,-108.96,46,-112.18,48,-112.25,41,-114.95,55,-115.99,56,-116.79
761,7004.44,4700.00,1.50,0,48,0.03,NLOS,127.77,-11.47,-96.08,-68.30,2.92,34.98,1,60,-98.12,54,-99.51,62,-108.45,55,-109.03,5,-115.81,68,-117.42
762,7014.16,4700.00,1.50,0,48,0.03,NLOS,128.01,-11.47,-96.32,-68.54,2.21,34.98,0,60,-97.99,54,-98.99,62,-108.38,55,-108.96,5,-115.83,68,-117.34
763,7023.87,4700.00,1.50,0,48,0.03,NLOS,128.25,-11.47,-96.56,-68.78,1.48,34.98,0,60,-97.86,54,-98.46,62,-108.31,55,-108.89,5,-115.86,68,-117.26
764,7033.59,4700.00,1.50,0,54,0.09,NLOS,113.62,-5.09,-88.30,-60.52,11.24,34.98,1,48,-101.55,49,-102.39,61,-107.19,47,-108.21,63,-112.93,55,-113.98
765,7043.31,4700.00,1.50,0,54,0.09,NLOS,113.06,-5.09,-87.75,-59.97,11.92,34.98,0,48,-101.78,49,-102.44,61,-107.03,47,-108.36,63,-112.90,55,-113.92
766,7053.03,4700.00,1.50,0,54,0.10,NLOS,112.50,-5.09,-87.18,-59.40,12.61,34.98,0,48,-102.01,49,-102.50,61,-106.87,47,-108.50,63,-112.87,55,-113.86
767,7062.74,4700.00,1.50,0,54,0.10,NLOS,111.92,-6.69,-85.01,-57.23,17.36,34.98,0,42,-105.40,61,-107.25,48,-107.87,55,-108.53,53,-112.00,62,-116.17
768,7072.46,4700.00,1.50,0,54,0.11,NLOS,111.34,-6.69,-84.43,-56.65,17.94,34.98,0,42,-105.49,61,-107.09,48,-108.09,55,-108.48,53,-111.97,62,-116.10
769,7082.18,4700.00,1.50,0,54,0.11,NLOS,110.75,-6.69,-83.84,-56.06,18.52,34.98,0,42,-105.59,61,-106.93,48,-108.32,55,-108.43,53,-111.94,62,-116.03
770,7091.89,4700.00,1.50,0,54,0.12,NLOS,110.15,-11.81,-78.12,-50.33,16.78,34.98,0,53,-94.96,52,-108.04,45,-113.44,9,-114.24,59,-114.55,62,-114.61
771,7101.61,4700.00,1.50,0,54,0.13,NLOS,109.54,-11.81,-77.51,-49.73,17.37,34.98,0,53,-94.93,52,-108.04,45,-113.46,9,-114.27,59,-114.49,62,-114.54
772,7111.33,4700.00,1.50,0,54,0.14,NLOS,108.93,-11.81,-76.90,-49.12,17.95,34.98,0,53,-94.91,52,-108.03,45,-113.48,9,-114.30,59,-114.44,62,-114.47
773,7121.05,4700.00,1.50,0,55,0.02,NLOS,131.80,-15.21,-96.36,-68.58,7.31,34.98,1,33,-102.53,54,-104.94,29,-110.16,60,-110.37,67,-111.19,53,-114.10
774,7130.76,4700.00,1.50,0,55,0.02,NLOS,131.76,-15.21,-96.33,-68.54,6.88,34.98,0,33,-102.59,54,-104.34,29,-110.21,60,-110.24,67,-111.09,53,-114.08
775,7140.48,4700.00,1.50,0,55,0.02,NLOS,131.73,-15.21,-96.29,-68.51,6.43,34.98,0,33,-102.64,54,-103.73,60,-110.10,29,-110.26,67,-110.99,53,-114.06
776,7150.20,4700.00,1.50,0,54,0.17,NLOS,106.52,-7.18,-79.12,-51.34,25.26,34.98,1,55,-105.32,28,-111.46,49,-112.71,67,-112.80,48,-114.76,43,-116.12
777,7159.91,4700.00,1.50,0,54,0.18,NLOS,105.95,-7.18,-78.55,-50.76,25.82,34.98,0,55,-105.29,28,-111.51,67,-112.70,49,-112.77,48,-114.97,43,-116.17
778,7169.63,4700.00,1.50,0,54,0.19,NLOS,105.40,-7.18,-78.00,-50.21,26.36,34.98,0,55,-105.27,28,-111.57,67,-112.59,49,-112.83,48,-115.17,43,-116.22
779,7179.35,4700.00,1.50,0,54,0.20,NLOS,104.88,-4.99,-79.67,-51.89,16.58,34.98,0,53,-99.30,47,-101.96,48,-104.89,52,-107.05,60,-107.83,62,-110.61
780,7189.06,4700.00,1.50,0,54,0.21,NLOS,104.40,-4.99,-79.19,-51.41,17.11,34.98,0,53,-99.29,47,-102.10,48,-105.09,52,-107.05,60,-107.69,62,-110.54
781,7198.78,4700.00,1.50,0,54,0.22,NLOS,103.96,-4.99,-78.75,-50.97,17.59,34.98,0,53,-99.28,47,-102.24,48,-105.29,52,-107.05,60,-107.55,62,-110.48
782,7200.00,4708.50,1.50,1,54,0.20,NLOS,104.82,-3.99,-80.61,-52.82,15.50,34.98,0,61,-97.65,48,-104.13,56,-105.45,53,-105.76,40,-109.24,57,-109.38
783,7200.00,4718.22,1.50,1,54,0.18,NLOS,105.80,-3.99,-81.59,-53.81,14.47,34.98,0,61,-97.58,48,-104.05,56,-105.35,53,-105.92,40,-109.30,57,-109.31
784,7200.00,4727.93,1.50,1,54,0.17,NLOS,106.74,-3.99,-82.53,-54.75,13.48,34.98,0,61,-97.52,48,-103.97,56,-105.24,53,-106.08,57,-109.24,40,-109.35
785,7200.00,4737.65,1.50,1,54,0.15,NLOS,107.64,-6.50,-80.92,-53.14,21.13,34.98,0,55,-104.09,53,-108.67,66,-109.69,41,-112.32,48,-112.63,61,-116.78
786,7200.00,4747.37,1.50,1,54,0.14,NLOS,108.49,-6.50,-81.78,-54.00,20.15,34.98,0,55,-103.85,53,-108.83,66,-109.74,41,-112.33,48,-112.55,61,-116.72
787,7200.00,4757.08,1.50,1,54,0.13,NLOS,109.31,-6.50,-82.60,-54.81,19.21,34.98,0,55,-103.61,53,-108.99,66,-109.79,41,-112.34,48,-112.48,61,-116.66
788,7200.00,4766.80,1.50,1,54,0.12,NLOS,110.09,13.75,-103.62,-75.84,6.14,34.98,0,55,-114.08,48,-114.96,27,-116.00,22,-116.83,5,-117.59,68,-118.34
789,7200.00,4776.52,1.50,1,54,0.11,NLOS,110.85,13.75,-104.38,-76.59,5.30,34.98,0,55,-113.83,48,-114.90,27,-116.02,22,-116.82,5,-117.58,68,-118.30
790,7200.00,4786.24,1.50,1,54,0.11,NLOS,111.57,13.75,-105.10,-77.32,4.48,34.98,0,55,-113.58,48,-114.83,27,-116.03,22,-116.82,5,-117.57,68,-118.27
791,7200.00,4795.95,1.50,1,54,0.10,NLOS,112.26,-20.09,-71.95,-44.17,31.59,34.98,0,55,-105.28,41,-106.46,70,-108.97,59,-112.43,48,-112.90,60,-114.12
792,7200.00,4805.67,1.50,1,54,0.09,NLOS,112.93,-20.09,-72.62,-44.84,30.75,34.98,0,55,-105.03,41,-106.48,70,-108.92,59,-112.52,48,-112.84,60,-114.22
793,7200.00,4815.39,1.50,1,54,0.09,NLOS,113.57,-20.09,-73.26,-45.48,29.93,34.98,0,55,-104.76,41,-106.49,70,-108.87,59,-112.60,48,-112.78,60,-114.32
794,7200.00,4825.10,1.50,1,55,0.03,NLOS,128.42,-17.40,-90.80,-63.02,10.19,34.98,1,54,-103.79,48,-107.60,60,-107.70,45,-107.82,49,-110.03,61,-110.12
795,7200.00,4834.82,1.50,1,55,0.03,NLOS,128.15,-17.40,-90.53,-62.75,10.73,34.98,0,54,-104.39,48,-107.54,60,-107.80,45,-107.88,49,-109.92,61,-110.08
796,7200.00,4844.54,1.50,1,55,0.03,NLOS,127.88,-17.40,-90.25,-62.47,11.24,34.98,0,54,-104.97,48,-107.49,60,-107.91,45,-107.95,49,-109.81,61,-110.04
797,7200.00,4854.26,1.50,1,55,0.03,NLOS,127.60,-14.21,-93.17,-65.39,6.42,34.98,0,54,-100.17,62,-112.67,48,-112.88,42,-113.09,59,-113.86,35,-114.80
798,7200.00,4863.97,1.50,1,55,0.03,NLOS,127.31,-14.21,-92.89,-65.11,7.17,34.98,0,54,-100.71,62,-112.57,48,-112.83,42,-113.05,59,-113.94,35,-114.80
799,7200.00,4873.69,1.50,1,55,0.03,NLOS,127.02,-14.21,-92.60,-64.82,7.89,34.98,0,54,-101.24,62,-112.47,48,-112.79,42,-113.01,59,-114.03,35,-114.79
800,7200.00,4883.41,1.50,1,54,0.06,NLOS,117.53,-11.99,-85.32,-57.54,19.01,34.98,1,59,-106.32,29,-107.32,61,-107.33,68,-107.33,48,-111.05,34,-111.17
801,7200.00,4893.12,1.50,1,54,0.06,NLOS,118.02,-11.99,-85.82,-58.03,18.47,34.98,0,59,-106.40,68,-107.30,61,-107.30,29,-107.31,48,-111.02,34,-111.19
802,7200.00,4902.84,1.50,1,54,0.06,NLOS,118.51,-11.99,-86.30,-58.52,17.94,34.98,0,59,-106.48,68,-107.27,61,-107.28,29,-107.30,48,-110.98,34,-111.22
803,7200.00,4912.56,1.50,1,55,0.03,NLOS,125.81,-16.98,-88.61,-60.83,13.92,34.98,1,54,-105.19,48,-108.06,67,-108.48,53,-110.99,61,-111.47,19,-113.70
804,7200.00,4922.28,1.50,1,55,0.04,NLOS,125.50,-16.98,-88.29,-60.51,14.46,34.98,0,54,-105.65,48,-108.04,67,-108.50,53,-111.12,61,-111.45,19,-113.73
805,7200.00,4931.99,1.50,1,55,0.04,NLOS,125.17,-16.98,-87.97,-60.19,14.99,34.98,0,54,-106.09,48,-108.01,67,-108.52,53,-111.26,61,-111.44,19,-113.75
806,7200.00,4941.71,1.50,1,55,0.04,NLOS,124.85,-7.10,-97.52,-69.74,0.31,34.98,0,54,-98.03,50,-106.12,44,-109.25,48,-112.10,47,-112.62,60,-112.91
807,7200.00,4951.43,1.50,1,55,0.04,NLOS,124.51,-7.10,-97.19,-69.41,1.05,34.98,0,54,-98.46,50,-106.04,44,-109.19,48,-112.08,47,-112.73,60,-113.01
808,7200.00,4961.14,1.50,1,55,0.04,NLOS,124.17,-7.10,-96.85,-69.07,1.79,34.98,0,54,-98.87,50,-105.96,44,-109.14,48,-112.06,47,-112.85,60,-113.12
809,7200.00,4970.86,1.50,1,54,0.05,NLOS,121.57,-6.48,-94.87,-67.09,4.68,34.98,1,55,-101.45,61,-106.63,67,-106.97,49,-107.32,69,-108.95,56,-110.06
810,7200.00,4980.58,1.50,1,54,0.04,NLOS,121.97,-6.48,-95.26,-67.48,4.06,34.98,0,55,-101.09,61,-106.63,67,-107.00,49,-107.21,69,-108.90,56,-109.94
811,7200.00,4990.30,1.50,1,54,0.04,NLOS,122.35,-6.48,-95.65,-67.87,3.43,34.98,0,55,-100.73,61,-106.62,67,-107.02,49,-107.09,69,-108.84,56,-109.81
812,7200.00,5000.01,1.50,1,55,0.04,NLOS,122.73,-9.83,-92.68,-64.90,4.24,34.98,1,61,-97.86,54,-107.88,56,-108.76,49,-110.85,42,-112.05,20,-112.14
813,7200.00,5009.73,1.50,1,55,0.04,NLOS,122.35,-9.83,-92.30,-64.52,4.64,34.98,0,61,-97.86,54,-108.25,56,-108.64,49,-110.73,42,-112.02,20,-112.16
814,7200.00,5019.45,1.50,1,55,0.04,NLOS,121.97,-9.83,-91.91,-64.13,5.04,34.98,0,61,-97.86,56,-108.51,54,-108.61,49,-110.62,42,-111.99,20,-112.18
815,7200.00,5029.16,1.50,1,55,0.05,NLOS,121.57,-14.94,-86.42,-58.63,11.72,34.98,0,49,-100.17,54,-104.70,47,-106.73,66,-107.42,48,-108.70,62,-112.64
816,7200.00,5038.88,1.50,1,55,0.05,NLOS,121.16,-14.94,-86.01,-58.23,12.12,34.98,0,49,-100.06,54,-105.05,47,-106.84,66,-107.47,48,-108.72,62,-112.54
817,7200.00,5048.60,1.50,1,55,0.05,NLOS,120.75,-14.94,-85.59,-57.81,12.53,34.98,0,49,-99.94,54,-105.39,47,-106.96,66,-107.53,48,-108.73,62,-112.43
818,7200.00,5058.32,1.50,1,54,0.04,NLOS,124.85,-10.94,-93.68,-65.90,7.61,34.98,1,55,-104.46,53,-106.02,67,-106.06,41,-107.75,48,-110.17,43,-112.55
819,7200.00,5068.03,1.50,1,54,0.04,NLOS,125.17,-10.94,-94.01,-66.23,7.11,34.98,0,55,-104.02,67,-106.10,53,-106.14,41,-107.78,48,-110.19,43,-112.49
820,7200.00,5077.75,1.50,1,54,0.04,NLOS,125.50,-10.94,-94.33,-66.55,6.60,34.98,0,55,-103.57,67,-106.13,53,-106.26,41,-107.82,48,-110.22,43,-112.44
821,7200.00,5087.47,1.50,1,55,0.06,NLOS,118.98,-0.28,-98.48,-70.70,6.86,34.98,1,47,-107.12,61,-110.14,69,-110.83,62,-112.74,56,-112.93,63,-113.23
822,7200.00,5097.18,1.50,1,55,0.06,NLOS,118.51,-0.28,-98.01,-70.23,7.31,34.98,0,47,-107.24,61,-110.16,69,-110.78,62,-112.64,56,-112.80,63,-113.15
823,7206.90,5100.00,1.50,0,55,0.06,NLOS,118.32,-0.28,-97.83,-70.04,7.46,34.98,0,47,-107.33,61,-110.02,69,-110.72,62,-112.53,56,-112.75,63,-113.10
824,7216.62,5100.00,1.50,0,55,0.06,NLOS,118.26,3.10,-101.14,-73.36,4.26,34.98,0,61,-110.36,48,-110.66,62,-110.68,69,-113.12,5,-113.87,45,-115.57
825,7226.33,5100.00,1.50,0,55,0.06,NLOS,118.22,3.10,-101.10,-73.32,4.27,34.98,0,61,-110.15,62,-110.57,48,-110.88,69,-113.05,5,-113.90,45,-115.59
826,7236.05,5100.00,1.50,0,55,0.06,NLOS,118.20,3.10,-101.07,-73.29,4.25,34.98,0,61,-109.94,62,-110.47,48,-111.10,69,-112.98,5,-113.92,45,-115.60
827,7245.77,5100.00,1.50,0,55,0.06,NLOS,118.18,-17.39,-80.57,-52.79,19.47,34.98,0,49,-102.55,48,-106.49,61,-107.64,67,-108.38,30,-112.58,5,-113.52
828,7255.49,5100.00,1.50,0,55,0.06,NLOS,118.18,-17.39,-80.57,-52.79,19.54,34.98,0,49,-102.65,48,-106.71,61,-107.42,67,-108.29,30,-112.62,5,-113.55
829,7265.20,5100.00,1.50,0,55,0.06,NLOS,118.20,-17.39,-80.59,-52.81,19.59,34.98,0,49,-102.76,48,-106.92,61,-107.20,67,-108.19,30,-112.67,5,-113.57
830,7274.92,5100.00,1.50,0,55,0.06,NLOS,118.23,-7.48,-90.53,-62.75,5.21,34.98,0,61,-96.33,69,-99.30,40,-107.07,54,-107.41,47,-108.72,21,-109.89
831,7284.64,5100.00,1.50,0,55,0.06,NLOS,118.27,-7.48,-90.58,-62.80,4.97,34.98,0,61,-96.10,69,-99.24,40,-107.12,54,-107.43,47,-108.81,21,-109.93
832,7294.35,5100.00,1.50,0,55,0.06,NLOS,118.33,-7.48,-90.63,-62.85,4.72,34.98,0,61,-95.87,69,-99.17,40,-107.18,54,-107.45,47,-108.89,67,-109.90
833,7304.07,5100.00,1.50,0,55,0.06,NLOS,118.40,4.17,-102.35,-74.57,-4.48,34.98,0,54,-101.43,61,-102.44,49,-104.87,50,-109.26,57,-111.90,60,-112.44
834,7313.79,5100.00,1.50,0,55,0.06,NLOS,118.48,4.17,-102.44,-74.66,-4.61,34.98,0,54,-101.46,61,-102.21,49,-104.97,50,-109.30,57,-111.91,60,-112.36
835,7323.51,5100.00,1.50,0,55,0.06,NLOS,118.58,4.17,-102.54,-74.75,-4.76,34.98,0,54,-101.50,61,-101.97,49,-105.08,50,-109.34,57,-111.91,60,-112.28
836,7333.22,5100.00,1.50,0,55,0.06,NLOS,118.69,-4.94,-93.53,-65.75,10.29,34.98,0,52,-103.43,62,-107.46,41,-108.44,61,-108.61,47,-110.87,60,-112.34
837,7342.94,5100.00,1.50,0,55,0.06,NLOS,118.81,-4.94,-93.65,-65.87,10.05,34.98,0,52,-103.43,62,-107.35,61,-108.37,41,-108.53,47,-110.96,60,-112.26
838,7352.66,5100.00,1.50,0,55,0.06,NLOS,118.95,-4.94,-93.79,-66.01,9.81,34.98,0,52,-103.44,62,-107.25,61,-108.12,41,-108.63,47,-111.04,60,-112.19
839,7362.37,5100.00,1.50,0,55,0.05,NLOS,119.09,2.86,-101.74,-73.96,1.56,34.98,0,61,-106.98,48,-107.19,53,-110.65,44,-113.17,62,-114.62,54,-115.12
840,7372.09,5100.00,1.50,0,55,0.05,NLOS,119.25,2.86,-101.89,-74.11,1.37,34.98,0,61,-106.73,48,-107.38,53,-110.66,44,-113.20,62,-114.51,54,-115.19
841,7381.81,5100.00,1.50,0,55,0.05,NLOS,119.41,2.86,-102.06,-74.27,1.15,34.98,0,61,-106.47,48,-107.56,53,-110.67,44,-113.24,62,-114.41,54,-115.26
842,7391.53,5100.00,1.50,0,55,0.05,NLOS,119.58,6.39,-105.75,-77.97,-4.94,34.98,0,54,-102.84,53,-103.11,56,-108.90,62,-109.49,42,-110.79,63,-112.12
843,7398.76,5100.00,1.50,2,55,0.05,NLOS,119.72,6.39,-105.89,-78.11,-5.04,34.98,0,54,-102.90,53,-103.12,56,-108.92,62,-109.41,42,-110.87,63,-112.10
844,7389.04,5100.00,1.50,2,55,0.05,NLOS,119.54,6.39,-105.71,-77.93,-4.91,34.98,0,54,-102.82,53,-103.11,56,-108.90,62,-109.52,42,-110.77,63,-112.13
845,7379.32,5100.00,1.50,2,49,0.02,NLOS,139.41,-28.76,-90.43,-62.65,14.66,34.98,1,61,-98.07,44,-106.84,48,-107.84,54,-107.99,60,-108.87,55,-112.19
846,7369.61,5100.00,1.50,2,49,0.02,NLOS,139.31,-28.76,-90.33,-62.55,14.62,34.98,0,61,-98.33,44,-106.80,48,-107.66,54,-107.92,60,-108.95,55,-112.03
847,7359.89,5100.00,1.50,2,49,0.02,NLOS,139.20,-28.76,-90.22,-62.44,14.58,34.98,0,61,-98.58,44,-106.77,48,-107.47,54,-107.86,60,-109.03,55,-111.87
848,7350.17,5100.00,1.50,2,55,0.06,NLOS,118.91,-15.22,-83.47,-55.69,16.54,34.98,1,48,-100.83,58,-107.18,66,-107.46,68,-108.28,62,-109.59,60,-111.03
849,7340.45,5100.00,1.50,2,55,0.06,NLOS,118.78,-15.22,-83.34,-55.56,16.53,34.98,0,48,-100.64,58,-107.20,66,-107.52,68,-108.39,62,-109.70,60,-111.11
850,7330.74,5100.00,1.50,2,55,0.06,NLOS,118.66,-15.22,-83.22,-55.44,16.49,34.98,0,48,-100.44,58,-107.21,66,-107.57,68,-108.50,62,-109.81,60,-111.19
851,7321.02,5100.00,1.50,2,55,0.06,NLOS,118.56,-16.12,-82.22,-54.44,17.87,34.98,0,54,-101.51,62,-108.04,27,-108.28,43,-110.71,49,-113.09,61,-113.27
852,7311.30,5100.00,1.50,2,55,0.06,NLOS,118.46,-16.12,-82.13,-54.34,17.96,34.98,0,54,-101.47,62,-108.15,27,-108.24,43,-110.64,49,-112.98,61,-113.50
853,7301.59,5100.00,1.50,2,55,0.06,NLOS,118.38,-16.12,-82.04,-54.26,18.03,34.98,0,54,-101.44,27,-108.19,62,-108.25,43,-110.58,49,-112.88,61,-113.74
854,7291.87,5100.00,1.50,2,54,0.03,NLOS,126.19,-14.65,-91.32,-63.54,12.15,34.98,1,55,-104.64,67,-105.28,62,-108.71,53,-112.70,48,-115.06,63,-115.39
855,7282.15,5100.00,1.50,2,54,0.03,NLOS,126.17,-14.65,-91.30,-63.52,12.12,34.98,0,55,-104.58,67,-105.38,62,-108.82,53,-112.69,48,-114.85,63,-115.43
856,7272.43,5100.00,1.50,2,54,0.03,NLOS,126.15,-14.65,-91.28,-63.50,12.10,34.98,0,55,-104.54,67,-105.48,62,-108.92,53,-112.69,48,-114.64,63,-115.47
857,7262.72,5100.00,1.50,2,48,0.02,NLOS,132.36,-18.08,-94.06,-66.27,3.00,34.98,1,55,-98.02,36,-101.36,49,-105.15,66,-105.76,69,-109.70,43,-111.31
858,7253.00,5100.00,1.50,2,48,0.02,NLOS,132.14,-18.08,-93.84,-66.06,3.18,34.98,0,55,-98.00,36,-101.30,49,-105.04,66,-105.82,69,-109.77,43,-111.25
859,7243.28,5100.00,1.50,2,48,0.02,NLOS,131.93,-18.08,-93.63,-65.84,3.38,34.98,0,55,-98.01,36,-101.23,49,-104.93,66,-105.88,69,-109.83,43,-111.18
860,7233.57,5100.00,1.50,2,55,0.06,NLOS,118.20,-11.45,-86.53,-58.75,10.46,34.98,1,61,-100.39,54,-102.20,62,-105.39,47,-107.58,42,-107.86,48,-108.24
861,7223.85,5100.00,1.50,2,55,0.06,NLOS,118.23,-11.45,-86.56,-58.78,10.53,34.98,0,61,-100.60,54,-102.21,62,-105.49,47,-107.49,42,-107.75,48,-108.02
862,7214.13,5100.00,1.50,2,55,0.06,NLOS,118.28,-11.45,-86.61,-58.83,10.58,34.98,0,61,-100.81,54,-102.23,62,-105.60,47,-107.41,42,-107.64,48,-107.79
863,7204.41,5100.00,1.50,2,55,0.06,NLOS,118.34,-6.82,-91.30,-63.52,11.43,34.98,0,42,-102.70,43,-104.07,48,-105.65,61,-107.50,54,-112.01,41,-112.38
864,7200.00,5094.70,1.50,3,55,0.06,NLOS,118.63,-6.82,-91.59,-63.81,11.08,34.98,0,42,-102.67,43,-104.07,48,-105.53,61,-107.58,54,-111.85,41,-112.31
865,7200.00,5084.98,1.50,3,55,0.05,NLOS,119.10,-6.82,-92.06,-64.28,10.56,34.98,0,42,-102.69,43,-104.12,48,-105.50,61,-107.55,54,-111.54,41,-112.28
866,7200.00,5075.26,1.50,3,55,0.05,NLOS,119.55,-17.76,-81.57,-53.79,11.15,34.98,0,54,-93.14,49,-104.09,67,-110.43,61,-110.48,60,-112.07,41,-113.27
867,7200.00,5065.55,1.50,3,55,0.05,NLOS,120.00,-17.76,-82.02,-54.24,10.41,34.98,0,54,-92.81,49,-104.21,67,-110.39,61,-110.46,60,-111.97,41,-113.24
868,7200.00,5055.83,1.50,3,55,0.05,NLOS,120.43,-17.76,-82.45,-54.67,9.68,34.98,0,54,-92.48,49,-104.33,67,-110.36,61,-110.45,60,-111.87,41,-113.20
869,7200.00,5046.11,1.50,3,55,0.05,NLOS,120.86,-1.50,-99.13,-71.35,-3.96,34.98,0,54,-97.65,49,-99.18,67,-100.70,57,-108.93,63,-111.30,51,-111.33
870,7200.00,5036.40,1.50,3,55,0.05,NLOS,121.27,-1.50,-99.55,-71.77,-4.52,34.98,0,54,-97.31,49,-99.29,67,-100.67,57,-109.01,63,-111.38,51,-111.39
871,7200.00,5026.68,1.50,3,55,0.05,NLOS,121.67,-1.50,-99.95,-72.17,-5.10,34.98,0,54,-96.96,49,-99.41,67,-100.64,57,-109.08,61,-111.43,51,-111.44
872,7200.00,5016.96,1.50,3,55,0.04,NLOS,122.07,-17.06,-84.79,-57.00,7.83,34.98,0,48,-93.62,54,-100.65,61,-105.87,39,-107.14,50,-114.17,41,-115.05
873,7200.00,5007.24,1.50,3,55,0.04,NLOS,122.45,-17.06,-85.17,-57.39,7.38,34.98,0,48,-93.62,54,-100.28,61,-105.86,39,-107.09,50,-114.25,41,-115.02
874,7200.00,4997.53,1.50,3,55,0.04,NLOS,122.83,-17.06,-85.55,-57.77,6.94,34.98,0,48,-93.62,54,-99.91,61,-105.86,39,-107.04,50,-114.33,41,-114.99
875,7200.00,4987.81,1.50,3,55,0.04,NLOS,123.20,-10.88,-92.10,-64.32,12.20,34.98,0,60,-105.27,54,-106.76,41,-110.56,48,-110.97,42,-112.08,61,-112.35
876,7200.00,4978.09,1.50,3,55,0.04,NLOS,123.56,-10.88,-92.46,-64.68,11.63,34.98,0,60,-105.17,54,-106.38,41,-110.53,48,-110.98,42,-112.11,61,-112.35
877,7200.00,4968.38,1.50,3,55,0.04,NLOS,123.91,-10.88,-92.81,-65.03,11.04,34.98,0,60,-105.06,54,-105.98,41,-110.50,48,-110.99,42,-112.14,61,-112.36
878,7200.00,4958.66,1.50,3,55,0.04,NLOS,124.26,0.25,-104.29,-76.51,-2.37,34.98,0,54,-104.00,47,-107.60,61,-108.56,53,-110.41,59,-110.76,49,-111.75
879,7200.00,4948.94,1.50,3,55,0.04,NLOS,124.60,0.25,-104.63,-76.85,-2.96,34.98,0,54,-103.59,47,-107.49,61,-108.57,53,-110.28,59,-110.68,49,-111.86
880,7200.00,4939.22,1.50,3,55,0.04,NLOS,124.93,0.25,-104.96,-77.18,-3.56,34.98,0,54,-103.16,47,-107.37,61,-108.58,53,-110.15,59,-110.60,49,-111.98
881,7200.00,4929.51,1.50,3,55,0.04,NLOS,125.26,-6.85,-98.19,-70.41,0.46,34.98,0,54,-100.79,49,-103.76,48,-112.34,67,-113.32,64,-113.34,61,-113.34
882,7200.00,4919.79,1.50,3,55,0.04,NLOS,125.58,-6.85,-98.51,-70.73,-0.11,34.98,0,54,-100.34,49,-103.88,48,-112.36,67,-113.29,61,-113.36,64,-113.40
883,7200.00,4910.07,1.50,3,55,0.03,NLOS,125.89,-6.85,-98.83,-71.05,-0.70,34.98,0,54,-99.88,49,-103.99,48,-112.39,67,-113.27,61,-113.38,64,-113.45
884,7200.00,4900.36,1.50,3,55,0.03,NLOS,126.20,-0.43,-105.56,-77.77,-4.11,34.98,0,48,-104.31,47,-106.29,54,-107.62,49,-110.56,62,-111.11,41,-111.18
885,7200.00,4890.64,1.50,3,55,0.03,NLOS,126.50,-0.43,-105.86,-78.08,-4.49,34.98,0,48,-104.34,47,-106.18,54,-107.13,49,-110.67,41,-111.15,62,-111.21
886,7200.00,4880.92,1.50,3,55,0.03,NLOS,126.80,-0.43,-106.16,-78.38,-4.89,34.98,0,48,-104.38,47,-106.06,54,-106.63,49,-110.79,41,-111.13,62,-111.31
887,7200.00,4871.20,1.50,3,54,0.07,NLOS,116.88,-10.96,-85.70,-57.92,16.83,34.98,1,48,-103.31,44,-106.95,55,-113.20,56,-114.56,22,-114.60,68,-116.07
888,7200.00,4861.49,1.50,3,54,0.07,NLOS,116.35,-10.96,-85.17,-57.39,17.42,34.98,0,48,-103.35,44,-107.00,55,-113.49,22,-114.60,56,-114.68,68,-116.10
889,7200.00,4851.77,1.50,3,54,0.07,NLOS,115.80,-10.96,-84.62,-56.84,18.03,34.98,0,48,-103.40,44,-107.05,55,-113.77,22,-114.60,56,-114.79,68,-116.14
890,7200.00,4842.05,1.50,3,60,0.02,NLOS,137.93,-16.04,-101.67,-73.89,0.62,34.98,1,67,-105.42,54,-107.60,57,-107.95,61,-109.39,48,-111.41,52,-111.58
891,7200.00,4832.34,1.50,3,60,0.02,NLOS,137.82,-16.04,-101.56,-73.78,0.54,34.98,0,67,-105.41,54,-107.02,57,-108.02,61,-109.43,48,-111.46,52,-111.50
892,7200.00,4822.62,1.50,3,60,0.02,NLOS,137.72,-16.04,-101.46,-73.68,0.43,34.98,0,67,-105.39,54,-106.41,57,-108.09,61,-109.47,52,-111.42,48,-111.52
893,7200.00,4812.90,1.50,3,54,0.09,NLOS,113.41,1.82,-95.01,-67.23,3.43,34.98,1,55,-98.68,62,-106.84,5,-108.52,50,-108.82,35,-109.25,47,-112.76
894,7200.00,4803.18,1.50,3,54,0.09,NLOS,112.76,1.82,-94.36,-66.58,4.32,34.98,0,55,-98.94,62,-106.94,5,-108.53,50,-108.90,35,-109.26,47,-112.64
895,7200.00,4793.47,1.50,3,54,0.10,NLOS,112.09,1.82,-93.68,-65.90,5.23,34.98,0,55,-99.20,62,-107.04,5,-108.54,50,-108.97,35,-109.27,47,-112.52
896,7200.00,4783.75,1.50,3,54,0.11,NLOS,111.38,-4.05,-87.12,-59.34,9.45,34.98,0,48,-96.80,53,-110.45,62,-112.34,39,-114.79,40,-115.60,66,-115.67
897,7200.00,4774.03,1.50,3,54,0.12,NLOS,110.66,-4.05,-86.39,-58.61,10.24,34.98,0,48,-96.87,53,-110.30,62,-112.44,39,-114.73,40,-115.54,66,-115.62
898,7200.00,4764.32,1.50,3,54,0.12,NLOS,109.90,-4.05,-85.63,-57.85,11.06,34.98,0,48,-96.94,53,-110.15,62,-112.54,39,-114.68,40,-115.49,66,-115.57
899,7200.00,4754.60,1.50,3,54,0.13,NLOS,109.11,-7.17,-81.71,-53.93,14.23,34.98,0,61,-96.55,47,-109.19,55,-110.13,53,-110.89,68,-112.12,62,-112.56
900,7200.00,4744.88,1.50,3,54,0.15,NLOS,108.28,-7.17,-80.89,-53.11,15.11,34.98,0,61,-96.61,47,-109.07,55,-110.37,53,-110.73,68,-112.16,62,-112.66
901,7200.00,4735.16,1.50,3,54,0.16,NLOS,107.41,-7.17,-80.02,-52.24,16.02,34.98,0,61,-96.67,47,-108.95,53,-110.58,55,-110.61,68,-112.20,62,-112.75
902,7200.00,4725.45,1.50,3,54,0.17,NLOS,106.51,1.20,-87.49,-59.70,16.63,34.98,0,40,-97.55,59,-101.62,62,-103.73,60,-107.80,57,-107.92,55,-108.71
903,7200.00,4715.73,1.50,3,54,0.19,NLOS,105.56,1.20,-86.53,-58.75,17.59,34.98,0,40,-97.50,59,-101.53,62,-103.82,60,-107.70,57,-107.99,55,-108.94
904,7200.00,4706.01,1.50,3,54,0.21,NLOS,104.56,1.20,-85.54,-57.75,18.58,34.98,0,40,-97.44,59,-101.44,62,-103.92,60,-107.60,57,-108.05,55,-109.17
905,7200.00,4696.30,1.50,3,54,0.23,NLOS,103.51,0.18,-83.47,-55.69,11.97,34.98,0,48,-95.96,53,-108.67,55,-109.16,60,-112.87,66,-116.38,46,-116.81
906,7200.00,4686.58,1.50,3,54,0.25,NLOS,102.40,0.18,-82.36,-54.58,13.15,34.98,0,48,-96.05,53,-108.51,55,-109.38,60,-112.77,66,-116.33,46,-116.71
907,7200.00,4676.86,1.50,3,54,0.27,NLOS,101.23,0.18,-81.20,-53.42,14.39,34.98,0,48,-96.14,53,-108.34,55,-109.60,60,-112.67,66,-116.29,46,-116.62
908,7200.00,4667.14,1.50,3,54,0.30,NLOS,100.00,-7.61,-72.17,-44.39,24.46,34.98,0,53,-96.85,67,-103.22,41,-103.56,55,-113.96,66,-114.26,49,-115.34
909,7200.00,4657.43,1.50,3,54,0.33,NLOS,98.71,-7.61,-70.88,-43.10,25.59,34.98,0,53,-96.68,67,-103.21,41,-103.55,55,-114.17,66,-114.22,49,-115.45
910,7200.00,4647.71,1.50,3,54,0.37,NLOS,97.35,-7.61,-69.52,-41.74,26.79,34.98,0,53,-96.50,67,-103.20,41,-103.54,66,-114.17,55,-114.38,49,-115.55
911,7200.00,4637.99,1.50,3,54,0.41,NLOS,95.93,-15.46,-60.24,-32.46,39.33,34.98,0,48,-99.94,50,-106.73,68,-110.11,35,-110.48,42,-113.91,53,-114.70
912,7200.00,4628.28,1.50,3,54,0.45,NLOS,94.46,-15.46,-58.78,-30.99,40.88,34.98,0,48,-100.03,50,-106.80,68,-110.16,35,-110.49,42,-113.96,53,-114.53
913,7200.00,4618.56,1.50,3,54,0.49,NLOS,92.97,-15.46,-57.29,-29.50,42.46,34.98,0,48,-100.13,50,-106.87,68,-110.20,35,-110.50,42,-114.01,53,-114.35
914,7200.00,4608.84,1.50,3,54,0.53,NLOS,91.50,0.75,-72.03,-44.25,39.26,34.98,0,69,-111.10,62,-111.93,48,-116.47,60,-116.60,56,-116.98,66,-117.12
915,7200.00,4599.13,1.50,3,54,0.57,NLOS,90.12,0.75,-70.66,-42.88,40.65,34.98,0,69,-111.15,62,-112.02,60,-116.51,48,-116.57,66,-117.07,56,-117.08
916,7200.00,4589.41,1.50,3,54,0.61,NLOS,88.94,0.75,-69.48,-41.70,41.84,34.98,0,69,-111.20,62,-112.11,60,-116.42,48,-116.68,66,-117.03,56,-117.17
917,7200.00,4579.69,1.50,3,54,0.64,NLOS,88.09,-5.43,-62.44,-34.66,39.43,34.98,0,53,-104.30,47,-108.43,41,-109.28,55,-109.76,46,-112.16,33,-114.11
918,7200.00,4569.97,1.50,3,54,0.65,NLOS,87.67,-5.43,-62.03,-34.25,39.74,34.98,0,53,-104.11,47,-108.33,41,-109.28,55,-109.95,46,-112.06,33,-114.08
919,7200.00,4560.26,1.50,3,54,0.65,NLOS,87.78,-5.43,-62.13,-34.35,39.53,34.98,0,53,-103.92,47,-108.22,41,-109.28,55,-110.14,46,-111.96,33,-114.05
920,7200.00,4550.54,1.50,3,54,0.63,NLOS,88.37,4.27,-72.42,-44.64,17.26,34.98,0,53,-89.74,65,-103.25,67,-104.49,41,-109.37,40,-109.76,61,-111.79
921,7200.00,4540.82,1.50,3,54,0.60,NLOS,89.37,4.27,-73.42,-45.64,16.07,34.98,0,53,-89.55,65,-103.20,67,-104.49,41,-109.37,40,-109.71,61,-111.87
922,7200.00,4531.11,1.50,3,54,0.56,NLOS,90.64,4.27,-74.69,-46.91,14.61,34.98,0,53,-89.35,65,-103.15,67,-104.49,41,-109.38,40,-109.66,61,-111.96
923,7200.00,4521.39,1.50,3,54,0.52,NLOS,92.06,-14.24,-57.60,-29.82,37.95,34.98,0,47,-98.14,55,-101.12,60,-104.87,34,-105.45,48,-108.36,59,-110.79
924,7200.00,4511.67,1.50,3,54,0.47,NLOS,93.54,-14.24,-59.08,-31.30,36.45,34.98,0,47,-98.04,55,-101.30,60,-104.79,34,-105.44,48,-108.47,59,-110.70
925,7200.00,4501.95,1.50,3,54,0.43,NLOS,95.03,-14.24,-60.57,-32.79,34.95,34.98,0,47,-97.95,55,-101.48,60,-104.71,34,-105.43,48,-108.58,59,-110.61
926,7200.00,4507.76,1.50,1,54,0.46,NLOS,94.14,12.46,-86.39,-58.61,15.97,34.98,0,56,-102.29,60,-105.97,47,-106.12,46,-110.82,55,-112.81,62,-114.89
927,7200.00,4517.48,1.50,1,54,0.50,NLOS,92.65,12.46,-84.90,-57.11,17.51,34.98,0,56,-102.20,60,-106.05,47,-106.22,46,-110.92,55,-112.63,62,-114.80
928,7200.00,4527.20,1.50,1,54,0.54,NLOS,91.20,12.46,-83.44,-55.66,19.02,34.98,0,56,-102.11,60,-106.13,47,-106.32,46,-111.02,55,-112.45,62,-114.70
929,7200.00,4536.91,1.50,1,54,0.58,NLOS,89.85,1.95,-71.58,-43.80,29.37,34.98,0,53,-103.62,62,-106.17,61,-107.05,47,-109.42,60,-114.18,42,-116.07
930,7200.00,4546.63,1.50,1,54,0.62,NLOS,88.73,1.95,-70.46,-42.68,30.59,34.98,0,53,-103.82,62,-106.08,61,-106.96,47,-109.52,60,-114.26,42,-116.02
931,7200.00,4556.35,1.50,1,54,0.64,NLOS,87.96,1.95,-69.69,-41.91,31.45,34.98,0,53,-104.01,62,-105.98,61,-106.87,47,-109.63,60,-114.34,42,-115.97
932,7200.00,4566.07,1.50,1,54,0.65,NLOS,87.65,3.69,-71.13,-43.35,29.91,34.98,0,55,-102.34,42,-107.25,46,-109.60,63,-109.78,60,-110.19,68,-110.27
933,7200.00,4575.78,1.50,1,54,0.64,NLOS,87.86,3.69,-71.34,-43.56,29.57,34.98,0,55,-102.15,42,-107.20,46,-109.70,63,-109.71,68,-110.23,60,-110.28
934,7200.00,4585.50,1.50,1,54,0.62,NLOS,88.55,3.69,-72.03,-44.25,28.75,34.98,0,55,-101.95,42,-107.15,63,-109.64,46,-109.80,68,-110.18,60,-110.37
935,7200.00,4595.22,1.50,1,54,0.59,NLOS,89.62,-2.96,-66.44,-38.66,25.84,34.98,0,60,-93.06,48,-101.61,42,-104.08,61,-106.95,55,-111.18,62,-112.09
936,7200.00,4604.93,1.50,1,54,0.55,NLOS,90.93,-2.96,-67.75,-39.97,24.58,34.98,0,60,-93.15,48,-101.51,42,-104.03,61,-106.87,55,-110.99,62,-112.00
937,7200.00,4614.65,1.50,1,54,0.51,NLOS,92.37,-2.96,-69.19,-41.41,23.20,34.98,0,60,-93.24,48,-101.41,42,-103.98,61,-106.79,55,-110.79,62,-111.90
938,7200.00,4624.37,1.50,1,54,0.46,NLOS,93.86,-20.18,-53.46,-25.68,40.22,34.98,0,60,-95.41,55,-99.37,46,-104.81,53,-107.01,49,-111.24,48,-113.78
939,7200.00,4634.09,1.50,1,54,0.42,NLOS,95.34,-20.18,-54.94,-27.16,38.75,34.98,0,60,-95.50,55,-99.17,46,-104.91,53,-107.18,49,-111.14,48,-113.69
940,7200.00,4643.80,1.50,1,54,0.38,NLOS,96.78,-20.18,-56.38,-28.60,37.32,34.98,0,60,-95.59,55,-98.96,46,-105.00,53,-107.36,49,-111.04,48,-113.59
941,7200.00,4653.52,1.50,1,54,0.35,NLOS,98.17,1.77,-79.72,-51.94,10.73,34.98,0,60,-91.55,53,-97.00,46,-110.83,40,-114.47,62,-117.13,52,-117.54
942,7200.00,4663.24,1.50,1,54,0.32,NLOS,99.49,1.77,-81.04,-53.26,9.52,34.98,0,60,-91.64,53,-97.17,46,-110.92,40,-114.53,62,-117.03,52,-117.63
943,7200.00,4672.95,1.50,1,54,0.29,NLOS,100.74,1.77,-82.30,-54.51,8.37,34.98,0,60,-91.74,53,-97.34,46,-111.02,40,-114.58,62,-116.94,52,-117.72
944,7200.00,4682.67,1.50,1,54,0.26,NLOS,101.94,-14.60,-67.12,-39.34,34.33,34.98,0,48,-104.72,62,-107.05,40,-107.62,53,-108.18,55,-108.99,57,-109.91
945,7200.00,4692.39,1.50,1,54,0.24,NLOS,103.07,-14.60,-68.25,-40.47,33.16,34.98,0,48,-104.64,62,-106.96,40,-107.67,53,-108.35,55,-108.77,57,-109.84
946,7202.11,4700.00,1.50,0,54,0.22,NLOS,103.83,-14.60,-69.01,-41.23,32.39,34.98,0,48,-104.61,62,-106.87,40,-107.73,53,-108.48,55,-108.60,57,-109.79
947,7211.82,4700.00,1.50,0,54,0.23,NLOS,103.48,-19.78,-63.48,-35.70,32.82,34.98,0,55,-97.27,53,-105.83,61,-109.15,40,-110.87,49,-112.04,43,-113.08
948,7221.54,4700.00,1.50,0,54,0.23,NLOS,103.19,-19.78,-63.19,-35.41,33.09,34.98,0,55,-97.26,53,-105.83,61,-108.96,40,-110.94,49,-112.10,43,-113.13
949,7231.26,4700.00,1.50,0,54,0.24,NLOS,102.99,-19.78,-62.99,-35.21,33.28,34.98,0,55,-97.25,53,-105.82,61,-108.78,40,-111.02,49,-112.17,43,-113.19
950,7240.97,4700.00,1.50,0,54,0.24,NLOS,102.86,-2.50,-80.14,-52.36,27.70,34.98,0,56,-99.40,59,-103.68,46,-106.93,49,-108.10,43,-112.61,35,-112.73
951,7250.69,4700.00,1.50,0,54,0.24,NLOS,102.82,-2.50,-80.10,-52.32,27.65,34.98,0,56,-99.40,59,-103.63,46,-106.98,49,-108.17,43,-112.66,61,-112.78
952,7260.41,4700.00,1.50,0,54,0.24,NLOS,102.87,-2.50,-80.15,-52.37,27.51,34.98,0,56,-99.40,59,-103.58,46,-107.03,49,-108.23,61,-112.59,43,-112.71
953,7270.13,4700.00,1.50,0,54,0.24,NLOS,103.01,-1.51,-81.28,-53.49,19.48,34.98,0,41,-100.87,47,-102.15,53,-111.83,55,-112.31,48,-113.48,61,-113.56
954,7279.84,4700.00,1.50,0,54,0.23,NLOS,103.23,-1.51,-81.49,-53.71,19.36,34.98,0,41,-100.98,47,-102.29,53,-111.84,55,-112.31,61,-113.36,48,-113.66
955,7289.56,4700.00,1.50,0,54,0.23,NLOS,103.52,-1.51,-81.79,-54.01,19.16,34.98,0,41,-101.08,47,-102.42,53,-111.84,55,-112.32,61,-113.17,48,-113.85
956,7299.28,4700.00,1.50,0,54,0.22,NLOS,103.88,10.97,-94.63,-66.85,11.07,34.98,0,62,-107.87,60,-109.29,53,-111.32,35,-111.43,56,-111.67,5,-112.86
957,7308.99,4700.00,1.50,0,54,0.21,NLOS,104.30,10.97,-95.06,-67.27,10.56,34.98,0,62,-107.80,60,-109.15,53,-111.32,35,-111.50,56,-111.68,5,-112.88
958,7318.71,4700.00,1.50,0,54,0.20,NLOS,104.78,10.97,-95.53,-67.75,9.99,34.98,0,62,-107.74,60,-109.01,53,-111.34,35,-111.57,56,-111.68,5,-112.91
959,7328.43,4700.00,1.50,0,54,0.19,NLOS,105.29,11.59,-96.66,-68.88,10.76,34.98,0,62,-108.06,60,-111.08,55,-112.44,63,-112.72,66,-114.50,53,-114.71
960,7338.15,4700.00,1.50,0,54,0.18,NLOS,105.83,11.59,-97.21,-69.43,10.16,34.98,0,62,-108.00,60,-110.93,55,-112.47,63,-112.70,66,-114.43,53,-114.73
961,7347.86,4700.00,1.50,0,54,0.17,NLOS,106.40,11.59,-97.78,-70.00,9.53,34.98,0,62,-107.94,60,-110.79,55,-112.49,63,-112.68,66,-114.35,53,-114.74
962,7357.58,4700.00,1.50,0,54,0.16,NLOS,106.99,-2.35,-84.42,-56.64,11.93,34.98,0,61,-99.37,48,-100.59,52,-104.27,53,-107.92,47,-110.00,57,-113.48
963,7367.30,4700.00,1.50,0,54,0.16,NLOS,107.59,-2.35,-85.02,-57.24,11.29,34.98,0,61,-99.16,48,-100.76,52,-104.27,53,-107.94,47,-110.14,57,-113.48
964,7377.01,4700.00,1.50,0,54,0.15,NLOS,108.20,-2.35,-85.63,-57.85,10.64,34.98,0,61,-98.95,48,-100.93,52,-104.28,53,-107.96,47,-110.27,57,-113.48
965,7386.73,4700.00,1.50,0,54,0.14,NLOS,108.81,5.08,-93.67,-65.88,8.44,34.98,0,67,-103.75,61,-105.04,46,-106.16,53,-107.11,62,-111.29,66,-111.59
966,7396.45,4700.00,1.50,0,54,0.13,NLOS,109.42,5.08,-94.28,-66.49,7.72,34.98,0,67,-103.63,61,-104.82,46,-106.21,53,-107.14,62,-111.23,66,-111.51
967,7400.00,4706.16,1.50,1,54,0.12,NLOS,109.98,5.08,-94.84,-67.06,7.10,34.98,0,67,-103.59,61,-104.67,46,-106.28,53,-107.25,62,-111.14,66,-111.52
968,7400.00,4715.88,1.50,1,55,0.02,NLOS,131.53,-7.86,-103.46,-75.67,-2.07,34.98,1,61,-103.97,49,-109.39,5,-109.41,62,-109.69,54,-111.18,47,-111.60
969,7400.00,4725.60,1.50,1,55,0.02,NLOS,131.31,-7.86,-103.23,-75.45,-1.89,34.98,0,61,-103.87,49,-109.30,5,-109.40,62,-109.58,47,-111.68,54,-111.72
970,7400.00,4735.32,1.50,1,55,0.03,NLOS,131.08,-7.86,-103.01,-75.23,-1.71,34.98,0,61,-103.76,49,-109.21,5,-109.39,62,-109.47,47,-111.76,54,-112.26
971,7400.00,4745.03,1.50,1,55,0.03,NLOS,130.86,-13.62,-97.01,-69.23,1.41,34.98,0,54,-98.73,48,-112.50,29,-114.63,60,-115.93,53,-116.34,69,-116.95
972,7400.00,4754.75,1.50,1,55,0.03,NLOS,130.63,-13.62,-96.78,-69.00,2.14,34.98,0,54,-99.26,48,-112.46,29,-114.62,60,-116.07,53,-116.49,69,-116.89
973,7400.00,4764.47,1.50,1,55,0.03,NLOS,130.39,-13.62,-96.55,-68.77,2.85,34.98,0,54,-99.79,48,-112.41,29,-114.61,60,-116.20,53,-116.65,69,-116.83
974,7400.00,4774.18,1.50,1,54,0.09,NLOS,113.73,0.82,-94.33,-66.55,2.76,34.98,1,61,-99.23,47,-102.76,63,-105.06,48,-109.46,53,-110.82,62,-111.54
975,7400.00,4783.90,1.50,1,54,0.08,NLOS,114.25,0.82,-94.85,-67.07,2.22,34.98,0,61,-99.14,47,-102.85,63,-104.99,48,-109.41,53,-110.97,62,-111.42
976,7400.00,4793.62,1.50,1,54,0.08,NLOS,114.75,0.82,-95.35,-67.57,1.69,34.98,0,61,-99.05,47,-102.94,63,-104.91,48,-109.37,53,-111.12,62,-111.31
977,7400.00,4803.34,1.50,1,54,0.08,NLOS,115.25,1.86,-96.89,-69.11,-2.14,34.98,0,48,-96.16,55,-101.43,53,-108.15,59,-110.63,28,-111.69,66,-113.34
978,7400.00,4813.05,1.50,1,54,0.07,NLOS,115.74,1.86,-97.38,-69.60,-2.71,34.98,0,48,-96.12,55,-101.18,53,-108.30,59,-110.72,28,-111.69,66,-113.40
979,7400.00,4822.77,1.50,1,54,0.07,NLOS,116.22,1.86,-97.86,-70.08,-3.27,34.98,0,48,-96.08,55,-100.93,53,-108.45,59,-110.82,28,-111.70,66,-113.46
980,7400.00,4832.49,1.50,1,54,0.07,NLOS,116.69,-6.67,-89.81,-62.03,4.85,34.98,0,61,-94.82,55,-109.53,56,-114.37,5,-115.28,66,-117.25,62,-118.44
981,7400.00,4842.20,1.50,1,54,0.06,NLOS,117.16,-6.67,-90.27,-62.49,4.31,34.98,0,61,-94.75,55,-109.27,56,-114.26,5,-115.27,66,-117.31,62,-118.32
982,7400.00,4851.92,1.50,1,54,0.06,NLOS,117.61,-6.67,-90.73,-62.95,3.78,34.98,0,61,-94.69,55,-109.00,56,-114.14,5,-115.26,66,-117.37,62,-118.20
983,7400.00,4861.64,1.50,1,54,0.06,NLOS,118.06,-11.50,-86.34,-58.56,8.92,34.98,0,55,-96.15,68,-101.52,60,-105.01,61,-107.54,62,-109.24,43,-109.67
984,7400.00,4871.36,1.50,1,54,0.06,NLOS,118.50,-11.50,-86.78,-58.99,8.27,34.98,0,55,-95.88,68,-101.47,60,-105.15,61,-107.49,62,-109.12,43,-109.62
985,7400.00,4881.07,1.50,1,54,0.06,NLOS,118.93,-11.50,-87.21,-59.42,7.62,34.98,0,55,-95.60,68,-101.43,60,-105.28,61,-107.43,62,-109.00,43,-109.57
986,7400.00,4890.79,1.50,1,55,0.03,NLOS,127.05,-10.47,-96.37,-68.59,-0.98,34.98,1,61,-99.15,48,-101.61,56,-102.11,60,-102.30,62,-107.09,54,-110.42
987,7400.00,4899.49,1.50,3,55,0.03,NLOS,126.80,-10.47,-96.11,-68.33,-0.77,34.98,0,61,-99.11,48,-101.59,56,-102.00,60,-102.42,62,-106.98,54,-110.80
988,7400.00,4889.78,1.50,3,55,0.03,NLOS,127.08,-10.47,-96.40,-68.62,-1.00,34.98,0,61,-99.15,48,-101.62,56,-102.12,60,-102.28,62,-107.10,54,-110.38
989,7400.00,4880.06,1.50,3,54,0.06,NLOS,118.88,4.20,-102.86,-75.08,6.47,34.98,1,41,-108.70,40,-108.73,61,-111.57,68,-113.29,56,-113.67,59,-115.23
990,7400.00,4870.34,1.50,3,54,0.06,NLOS,118.45,4.20,-102.43,-74.65,6.93,34.98,0,40,-108.68,41,-108.68,61,-111.63,68,-113.33,56,-113.79,59,-115.14
991,7400.00,4860.62,1.50,3,54,0.06,NLOS,118.01,4.20,-101.99,-74.21,7.40,34.98,0,40,-108.63,41,-108.66,61,-111.69,68,-113.37,56,-113.90,59,-115.05
992,7400.00,4850.91,1.50,3,54,0.06,NLOS,117.57,-2.98,-94.36,-66.58,15.74,34.98,0,42,-96.08,49,-107.16,52,-111.27,57,-113.06,55,-114.31,48,-115.82
993,7400.00,4841.19,1.50,3,54,0.06,NLOS,117.11,-2.98,-93.91,-66.13,16.30,34.98,0,42,-96.11,49,-107.25,52,-111.19,57,-113.13,55,-114.58,48,-115.85
994,7400.00,4831.47,1.50,3,54,0.07,NLOS,116.65,-2.98,-93.44,-65.66,16.86,34.98,0,42,-96.14,49,-107.34,52,-111.11,57,-113.20,55,-114.84,48,-115.88
995,7400.00,4821.76,1.50,3,54,0.07,NLOS,116.17,-7.77,-88.19,-60.41,11.04,34.98,0,48,-99.63,66,-104.80,33,-108.47,55,-113.74,67,-114.23,57,-114.75
996,7400.00,4812.04,1.50,3,54,0.07,NLOS,115.69,-7.77,-87.70,-59.92,11.56,34.98,0,48,-99.66,66,-104.74,33,-108.43,55,-114.00,67,-114.21,57,-114.82
997,7400.00,4802.32,1.50,3,54,0.08,NLOS,115.20,-7.77,-87.21,-59.43,12.09,34.98,0,48,-99.70,66,-104.68,33,-108.40,67,-114.19,55,-114.24,57,-114.89
998,7400.00,4792.60,1.50,3,54,0.08,NLOS,114.70,-16.63,-77.86,-50.08,21.22,34.98,0,55,-100.01,42,-107.14,53,-108.56,48,-112.85,37,-114.27,60,-114.66
999,7400.00,4782.89,1.50,3,54,0.08,NLOS,114.19,-16.63,-77.35,-49.57,21.90,34.98,0,55,-100.25,42,-107.17,53,-108.42,48,-112.89,37,-114.31,60,-114.53
1000,7400.00,4773.17,1.50,3,54,0.09,NLOS,113.68,-16.63,-76.83,-49.05,22.58,34.98,0,55,-100.49,42,-107.20,53,-108.27,48,-112.94,37,-114.34,60,-114.39
1001,7400.00,4763.45,1.50,3,47,0.02,NLOS,138.40,-22.22,-95.95,-68.17,4.81,34.98,1,55,-99.30,61,-101.72,54,-103.51,53,-105.17,46,-112.53,60,-112.65
1002,7400.00,4753.74,1.50,3,47,0.02,NLOS,138.31,-22.22,-95.87,-68.09,4.55,34.98,0,55,-99.54,61,-101.81,54,-102.99,53,-105.02,46,-112.45,60,-112.51
1003,7400.00,4744.02,1.50,3,47,0.02,NLOS,138.22,-22.22,-95.78,-68.00,4.28,34.98,0,55,-99.77,61,-101.91,54,-102.45,53,-104.87,46,-112.37,60,-112.38
1004,7400.00,4734.30,1.50,3,60,0.02,NLOS,134.02,-30.00,-83.81,-56.02,18.27,34.98,1,54,-103.41,55,-107.66,59,-109.81,47,-113.38,42,-113.53,61,-114.99
1005,7400.00,4724.58,1.50,3,60,0.02,NLOS,133.89,-30.00,-83.67,-55.89,17.99,34.98,0,54,-102.86,55,-107.89,59,-109.71,47,-113.29,42,-113.56,61,-115.10
1006,7400.00,4714.87,1.50,3,60,0.02,NLOS,133.75,-30.00,-83.53,-55.75,17.69,34.98,0,54,-102.32,55,-108.11,59,-109.61,47,-113.21,42,-113.60,61,-115.20
1007,7400.00,4705.15,1.50,3,60,0.02,NLOS,133.61,-13.49,-99.91,-72.13,-2.22,34.98,0,54,-99.37,46,-100.69,59,-103.05,55,-104.50,41,-110.98,61,-113.58
1008,7395.43,4700.00,1.50,2,60,0.02,NLOS,133.61,-13.49,-99.90,-72.12,-2.61,34.98,0,54,-98.80,46,-100.62,59,-103.02,55,-104.60,41,-110.93,61,-113.74
1009,7385.72,4700.00,1.50,2,60,0.02,NLOS,133.75,-13.49,-100.05,-72.27,-3.18,34.98,0,54,-98.19,46,-100.57,59,-103.06,55,-104.56,41,-110.83,52,-113.91
1010,7376.00,4700.00,1.50,2,54,0.15,NLOS,108.14,4.63,-92.55,-64.77,9.96,34.98,1,48,-106.49,52,-106.88,60,-107.22,62,-109.20,61,-110.93,45,-112.45
1011,7366.28,4700.00,1.50,2,54,0.16,NLOS,107.53,4.63,-91.94,-64.16,10.57,34.98,0,48,-106.32,52,-106.88,60,-107.36,62,-109.26,61,-111.15,45,-112.43
1012,7356.57,4700.00,1.50,2,54,0.17,NLOS,106.93,4.63,-91.34,-63.56,11.16,34.98,0,48,-106.15,52,-106.87,60,-107.51,62,-109.32,61,-111.36,45,-112.40
1013,7346.85,4700.00,1.50,2,54,0.17,NLOS,106.34,-6.48,-79.64,-51.86,26.49,34.98,0,42,-103.56,67,-108.27,49,-108.86,47,-111.41,55,-111.77,41,-112.45
1014,7337.13,4700.00,1.50,2,54,0.18,NLOS,105.78,-6.48,-79.07,-51.29,27.07,34.98,0,42,-103.47,67,-108.39,49,-108.79,47,-111.27,55,-111.74,41,-112.34
1015,7327.41,4700.00,1.50,2,54,0.19,NLOS,105.23,-6.48,-78.53,-50.75,27.62,34.98,0,42,-103.39,67,-108.50,49,-108.72,47,-111.14,55,-111.72,41,-112.24
1016,7317.70,4700.00,1.50,2,54,0.20,NLOS,104.72,3.11,-87.62,-59.84,14.44,34.98,0,61,-104.46,60,-107.83,47,-111.36,5,-113.75,42,-115.56,41,-117.90
1017,7307.98,4700.00,1.50,2,54,0.21,NLOS,104.26,3.11,-87.15,-59.37,15.04,34.98,0,61,-104.67,60,-107.97,47,-111.22,5,-113.73,42,-115.48,41,-117.80
1018,7298.26,4700.00,1.50,2,54,0.22,NLOS,103.84,3.11,-86.74,-58.96,15.59,34.98,0,61,-104.87,60,-108.12,47,-111.08,5,-113.71,42,-115.39,41,-117.69
1019,7288.55,4700.00,1.50,2,54,0.23,NLOS,103.49,-6.50,-76.77,-48.98,20.21,34.98,0,61,-97.08,56,-102.64,62,-110.76,35,-111.47,48,-116.60,70,-117.35
1020,7278.83,4700.00,1.50,2,54,0.23,NLOS,103.20,-6.50,-76.48,-48.70,20.68,34.98,0,61,-97.28,56,-102.63,62,-110.82,35,-111.40,48,-116.41,70,-117.38
1021,7269.11,4700.00,1.50,2,54,0.24,NLOS,102.99,-6.50,-76.27,-48.49,21.08,34.98,0,61,-97.47,56,-102.63,62,-110.88,35,-111.33,48,-116.23,70,-117.41
1022,7259.39,4700.00,1.50,2,54,0.24,NLOS,102.86,5.88,-88.52,-60.74,24.22,34.98,0,45,-113.98,5,-117.49,40,-117.63,67,-117.68,53,-118.37,39,-119.88
1023,7249.68,4700.00,1.50,2,54,0.24,NLOS,102.82,5.88,-88.48,-60.70,24.23,34.98,0,45,-113.96,5,-117.47,40,-117.56,67,-117.79,53,-118.37,39,-119.84
1024,7239.96,4700.00,1.50,2,54,0.24,NLOS,102.87,5.88,-88.53,-60.75,24.16,34.98,0,45,-113.93,5,-117.44,40,-117.48,67,-117.90,53,-118.37,39,-119.79
1025,7230.24,4700.00,1.50,2,54,0.24,NLOS,103.00,2.60,-85.39,-57.60,11.06,34.98,0,60,-98.22,67,-104.71,47,-104.97,48,-106.11,49,-108.74,55,-108.97
1026,7220.53,4700.00,1.50,2,54,0.23,NLOS,103.22,2.60,-85.60,-57.82,10.90,34.98,0,60,-98.36,67,-104.81,47,-104.83,48,-105.92,49,-108.68,55,-108.98
1027,7210.81,4700.00,1.50,2,54,0.23,NLOS,103.51,2.60,-85.89,-58.11,10.66,34.98,0,60,-98.49,47,-104.68,67,-104.92,48,-105.72,49,-108.61,55,-108.99
1028,7201.09,4700.00,1.50,2,54,0.22,NLOS,103.87,-13.93,-69.72,-41.94,28.37,34.98,0,60,-101.71,61,-103.09,55,-105.40,42,-109.37,49,-109.98,63,-110.06
1029,7208.63,4700.00,1.50,0,54,0.22,NLOS,103.58,-13.93,-69.44,-41.65,28.56,34.98,0,60,-101.60,61,-102.95,55,-105.39,42,-109.44,49,-110.03,63,-110.03
1030,7218.34,4700.00,1.50,0,54,0.23,NLOS,103.28,-13.93,-69.13,-41.35,28.75,34.98,0,60,-101.47,61,-102.77,55,-105.38,42,-109.53,63,-110.01,49,-110.10
1031,7228.06,4700.00,1.50,0,54,0.24,NLOS,103.04,-13.40,-69.43,-41.65,17.49,34.98,0,48,-87.10,53,-103.47,61,-105.78,67,-109.36,59,-110.04,55,-110.34
1032,7237.78,4700.00,1.50,0,54,0.24,NLOS,102.89,-13.40,-69.28,-41.49,17.82,34.98,0,48,-87.30,53,-103.47,61,-105.59,67,-109.26,59,-109.99,55,-110.34
1033,7247.49,4700.00,1.50,0,54,0.24,NLOS,102.83,-13.40,-69.21,-41.43,18.07,34.98,0,48,-87.49,53,-103.47,61,-105.40,67,-109.15,59,-109.94,55,-110.34
1034,7257.21,4700.00,1.50,0,54,0.24,NLOS,102.85,5.59,-88.22,-60.44,15.22,34.98,0,49,-95.09,41,-100.35,47,-105.64,5,-111.64,68,-112.51,60,-112.59
1035,7266.93,4700.00,1.50,0,54,0.24,NLOS,102.96,5.59,-88.33,-60.55,15.17,34.98,0,49,-95.15,41,-100.46,47,-105.78,5,-111.66,68,-112.42,60,-112.45
1036,7276.65,4700.00,1.50,0,54,0.23,NLOS,103.15,5.59,-88.52,-60.74,15.04,34.98,0,49,-95.22,41,-100.57,47,-105.92,5,-111.68,60,-112.31,68,-112.33
1037,7286.36,4700.00,1.50,0,54,0.23,NLOS,103.42,-2.22,-80.98,-53.19,17.35,34.98,0,60,-99.42,55,-108.90,42,-109.25,66,-109.58,61,-109.67,67,-109.94
1038,7296.08,4700.00,1.50,0,54,0.22,NLOS,103.76,-2.22,-81.32,-53.54,16.89,34.98,0,60,-99.28,55,-108.91,42,-109.33,61,-109.48,66,-109.50,67,-109.83
1039,7305.80,4700.00,1.50,0,54,0.21,NLOS,104.16,-2.22,-81.72,-53.94,16.37,34.98,0,60,-99.14,55,-108.93,61,-109.28,42,-109.42,66,-109.43,67,-109.71
1040,7315.51,4700.00,1.50,0,54,0.20,NLOS,104.62,3.09,-87.49,-59.70,16.07,34.98,0,53,-107.02,60,-107.02,43,-114.75,55,-115.15,68,-115.22,29,-116.81
1041,7325.23,4700.00,1.50,0,54,0.20,NLOS,105.12,3.09,-87.99,-60.20,15.52,34.98,0,60,-106.88,53,-107.03,43,-114.80,68,-115.13,55,-115.17,29,-116.86
1042,7334.95,4700.00,1.50,0,54,0.19,NLOS,105.65,3.09,-88.52,-60.74,14.93,34.98,0,60,-106.74,53,-107.05,43,-114.85,68,-115.04,55,-115.19,29,-116.91
1043,7344.67,4700.00,1.50,0,54,0.18,NLOS,106.21,0.24,-86.24,-58.46,8.30,34.98,0,61,-94.77,62,-106.71,53,-108.76,42,-113.54,47,-115.37,34,-115.83
1044,7354.38,4700.00,1.50,0,54,0.17,NLOS,106.80,0.24,-86.82,-59.04,7.52,34.98,0,61,-94.56,62,-106.65,53,-108.78,42,-113.63,47,-115.51,34,-115.89
1045,7364.10,4700.00,1.50,0,54,0.16,NLOS,107.39,0.24,-87.42,-59.64,6.72,34.98,0,61,-94.35,62,-106.59,53,-108.79,42,-113.71,47,-115.64,34,-115.96
1046,7373.82,4700.00,1.50,0,54,0.15,NLOS,108.00,4.10,-91.88,-64.10,4.12,34.98,0,47,-99.72,55,-100.75,61,-102.95,63,-106.51,53,-111.32,5,-114.63
1047,7383.53,4700.00,1.50,0,54,0.14,NLOS,108.61,4.10,-92.49,-64.71,3.54,34.98,0,47,-99.85,55,-100.79,61,-102.74,63,-106.49,53,-111.34,5,-114.65
1048,7393.25,4700.00,1.50,0,54,0.13,NLOS,109.22,4.10,-93.10,-65.32,2.95,34.98,0,47,-99.98,55,-100.83,61,-102.52,63,-106.47,53,-111.36,5,-114.68
1049,7400.00,4697.03,1.50,3,54,0.13,NLOS,109.48,6.17,-95.43,-67.65,14.85,34.98,0,69,-99.28,40,-110.49,66,-111.45,33,-115.30,55,-115.71,53,-116.03
1050,7400.00,4687.31,1.50,3,54,0.14,NLOS,108.94,6.17,-94.90,-67.12,15.37,34.98,0,69,-99.34,40,-110.45,66,-111.39,33,-115.27,53,-115.86,55,-115.92
1051,7400.00,4677.60,1.50,3,54,0.14,NLOS,108.42,6.17,-94.37,-66.59,15.88,34.98,0,69,-99.40,40,-110.40,66,-111.33,33,-115.24,53,-115.70,55,-116.13
1052,7400.00,4667.88,1.50,3,54,0.15,NLOS,107.91,0.64,-88.33,-60.55,10.91,34.98,0,55,-100.84,47,-106.28,49,-107.73,41,-108.78,60,-112.15,48,-112.15
1053,7400.00,4658.16,1.50,3,54,0.16,NLOS,107.42,0.64,-87.84,-60.06,11.52,34.98,0,55,-101.05,47,-106.20,49,-107.82,41,-108.77,60,-112.01,48,-112.21
1054,7400.00,4648.45,1.50,3,54,0.17,NLOS,106.95,0.64,-87.37,-59.59,12.10,34.98,0,55,-101.25,47,-106.12,49,-107.91,41,-108.77,60,-111.88,48,-112.27
1055,7400.00,4638.73,1.50,3,54,0.17,NLOS,106.52,18.25,-104.55,-76.77,-2.62,34.98,0,53,-103.04,50,-106.14,55,-113.20,60,-113.47,48,-115.29,29,-117.24
1056,7400.00,4629.01,1.50,3,54,0.18,NLOS,106.12,18.25,-104.15,-76.37,-2.35,34.98,0,53,-102.87,50,-106.21,60,-113.33,55,-113.40,48,-115.35,29,-117.25
1057,7400.00,4619.30,1.50,3,54,0.18,NLOS,105.76,18.25,-103.79,-76.01,-2.12,34.98,0,53,-102.70,50,-106.28,60,-113.20,55,-113.60,48,-115.42,29,-117.26
1058,7400.00,4609.58,1.50,3,54,0.19,NLOS,105.45,-10.03,-75.21,-47.42,16.77,34.98,0,47,-92.48,60,-102.08,68,-103.60,42,-114.39,58,-116.33,5,-116.46
1059,7400.00,4599.86,1.50,3,54,0.19,NLOS,105.20,-10.03,-74.95,-47.17,16.94,34.98,0,47,-92.40,60,-101.94,68,-103.65,42,-114.43,58,-116.26,5,-116.47
1060,7400.00,4590.14,1.50,3,54,0.20,NLOS,105.00,-10.03,-74.76,-46.98,17.06,34.98,0,47,-92.33,60,-101.81,68,-103.71,42,-114.47,58,-116.19,5,-116.48
1061,7400.00,4580.43,1.50,3,54,0.20,NLOS,104.87,-12.73,-71.92,-44.14,20.46,34.98,0,61,-92.81,60,-103.98,69,-109.39,47,-110.15,56,-112.88,46,-113.42
1062,7400.00,4570.71,1.50,3,54,0.20,NLOS,104.81,-12.73,-71.86,-44.08,20.62,34.98,0,61,-92.94,60,-103.85,69,-109.45,47,-110.08,56,-112.97,46,-113.34
1063,7400.00,4560.99,1.50,3,54,0.20,NLOS,104.82,-12.73,-71.87,-44.09,20.72,34.98,0,61,-93.07,60,-103.72,69,-109.51,47,-110.01,56,-113.07,46,-113.25
1064,7400.00,4551.28,1.50,3,54,0.20,NLOS,104.90,-1.15,-83.53,-55.75,16.66,34.98,0,60,-102.49,55,-105.49,61,-111.31,41,-111.81,56,-114.17,48,-118.63
1065,7400.00,4541.56,1.50,3,54,0.20,NLOS,105.04,-1.15,-83.67,-55.89,16.50,34.98,0,60,-102.36,55,-105.67,61,-111.44,41,-111.81,56,-114.26,58,-118.70
1066,7400.00,4531.84,1.50,3,54,0.19,NLOS,105.25,-1.15,-83.88,-56.10,16.27,34.98,0,60,-102.24,55,-105.85,61,-111.57,41,-111.82,56,-114.35,58,-118.63
1067,7400.00,4522.12,1.50,3,54,0.19,NLOS,105.52,-18.14,-67.16,-39.38,38.28,34.98,0,62,-93.79,47,-108.67,49,-108.72,61,-108.87,5,-115.83,52,-115.90
1068,7400.00,4512.41,1.50,3,54,0.18,NLOS,105.84,-18.14,-67.49,-39.70,37.98,34.98,0,62,-93.89,47,-108.60,49,-108.80,61,-109.00,52,-115.80,5,-115.84
1069,7400.00,4502.69,1.50,3,54,0.18,NLOS,106.21,-18.14,-67.85,-40.07,37.63,34.98,0,62,-93.99,47,-108.53,49,-108.89,61,-109.13,52,-115.70,5,-115.85
1070,7400.00,4507.03,1.50,1,54,0.18,NLOS,106.04,-18.14,-67.68,-39.90,37.79,34.98,0,62,-93.95,47,-108.56,49,-108.85,61,-109.07,52,-115.75,5,-115.85
1071,7400.00,4516.74,1.50,1,54,0.19,NLOS,105.69,1.03,-86.50,-58.72,24.04,34.98,0,40,-109.75,48,-114.31,47,-116.30,51,-117.75,49,-118.98,62,-119.83
1072,7400.00,4526.46,1.50,1,54,0.19,NLOS,105.39,1.03,-86.20,-58.42,24.33,34.98,0,40,-109.79,48,-114.24,47,-116.37,51,-117.70,49,-118.90,62,-119.73
1073,7400.00,4536.18,1.50,1,54,0.20,NLOS,105.15,1.03,-85.96,-58.18,24.56,34.98,0,40,-109.83,48,-114.16,47,-116.43,51,-117.65,49,-118.81,62,-119.62
1074,7400.00,4545.90,1.50,1,54,0.20,NLOS,104.97,0.40,-85.15,-57.37,11.33,34.98,0,53,-98.82,48,-102.39,40,-102.68,55,-105.27,41,-110.44,42,-110.64
1075,7400.00,4555.61,1.50,1,54,0.20,NLOS,104.86,0.40,-85.03,-57.25,11.51,34.98,0,53,-99.01,48,-102.32,40,-102.72,55,-105.08,41,-110.44,42,-110.59
1076,7400.00,4565.33,1.50,1,54,0.20,NLOS,104.81,0.40,-84.99,-57.21,11.61,34.98,0,53,-99.19,48,-102.25,40,-102.76,55,-104.90,41,-110.44,42,-110.55
1077,7400.00,4575.05,1.50,1,54,0.20,NLOS,104.83,-3.19,-81.43,-53.64,16.88,34.98,0,47,-100.67,52,-105.52,61,-106.23,55,-106.38,69,-108.89,58,-109.12
1078,7400.00,4584.76,1.50,1,54,0.20,NLOS,104.92,-3.19,-81.52,-53.74,16.78,34.98,0,47,-100.74,52,-105.61,61,-106.10,55,-106.20,69,-108.83,58,-109.19
1079,7400.00,4594.48,1.50,1,54,0.20,NLOS,105.08,-3.19,-81.67,-53.89,16.62,34.98,0,47,-100.81,52,-105.71,61,-105.97,55,-106.01,69,-108.77,58,-109.26
1080,7400.00,4604.20,1.50,1,54,0.19,NLOS,105.30,0.50,-85.58,-57.80,3.08,34.98,0,61,-89.48,60,-97.02,55,-107.40,47,-108.40,69,-111.61,49,-114.42
1081,7400.00,4613.92,1.50,1,54,0.19,NLOS,105.58,0.50,-85.86,-58.08,2.71,34.98,0,61,-89.35,60,-97.15,55,-107.21,47,-108.48,69,-111.55,49,-114.33
1082,7400.00,4623.63,1.50,1,54,0.18,NLOS,105.91,0.50,-86.19,-58.41,2.29,34.98,0,61,-89.23,60,-97.29,55,-107.01,47,-108.55,69,-111.49,49,-114.24
1083,7400.00,4633.35,1.50,1,54,0.18,NLOS,106.29,9.80,-95.87,-68.09,4.77,34.98,0,60,-101.43,53,-109.87,59,-111.44,30,-111.44,56,-111.89,65,-114.92
1084,7400.00,4643.07,1.50,1,54,0.17,NLOS,106.71,9.80,-96.29,-68.51,4.48,34.98,0,60,-101.57,53,-110.04,30,-111.42,59,-111.54,56,-111.79,65,-114.98
1085,7400.00,4652.78,1.50,1,54,0.16,NLOS,107.16,9.80,-96.74,-68.96,4.16,34.98,0,60,-101.70,53,-110.21,30,-111.40,59,-111.64,56,-111.69,65,-115.04
1086,7400.00,4662.50,1.50,1,54,0.15,NLOS,107.64,3.52,-90.94,-63.16,-3.17,34.98,0,61,-87.97,60,-102.01,69,-109.39,55,-111.08,46,-113.14,53,-113.18
1087,7400.00,4672.22,1.50,1,61,0.03,NLOS,130.36,-22.28,-87.85,-60.07,3.18,34.98,1,54,-91.44,60,-102.14,69,-109.33,55,-110.88,46,-113.22,53,-113.34
1088,7400.00,4681.94,1.50,1,61,0.03,NLOS,130.24,-22.28,-87.74,-59.96,3.77,34.98,0,54,-91.96,60,-102.28,69,-109.27,55,-110.67,46,-113.31,53,-113.51
1089,7400.00,4691.65,1.50,1,61,0.03,NLOS,130.13,-12.14,-97.78,-69.99,1.34,34.98,0,48,-97.77,54,-100.04,38,-109.10,60,-109.31,55,-111.27,53,-114.20
1090,7400.00,4698.63,1.50,3,61,0.03,NLOS,130.05,-12.14,-97.70,-69.92,1.73,34.98,0,48,-97.73,54,-100.43,38,-109.08,60,-109.41,55,-111.12,53,-114.32
1091,7400.00,4688.91,1.50,3,61,0.03,NLOS,130.16,-12.14,-97.81,-70.03,1.19,34.98,0,48,-97.79,54,-99.89,38,-109.11,60,-109.27,55,-111.33,53,-114.16
1092,7400.00,4679.20,1.50,3,54,0.14,NLOS,108.51,-11.38,-76.91,-49.12,25.48,34.98,1,48,-106.53,60,-106.53,32,-106.89,49,-109.46,55,-112.20,46,-113.00
1093,7400.00,4669.48,1.50,3,54,0.15,NLOS,107.99,-11.38,-76.39,-48.61,25.97,34.98,0,60,-106.39,48,-106.59,32,-106.86,49,-109.55,55,-112.40,46,-112.92
1094,7400.00,4659.76,1.50,3,54,0.16,NLOS,107.50,-11.38,-75.90,-48.12,26.44,34.98,0,60,-106.25,48,-106.64,32,-106.82,49,-109.63,55,-112.61,46,-112.84
1095,7400.00,4650.04,1.50,3,54,0.16,NLOS,107.03,4.65,-91.46,-63.68,7.90,34.98,0,55,-100.10,47,-111.71,61,-112.90,20,-113.97,60,-114.45,34,-116.76
1096,7400.00,4640.33,1.50,3,54,0.17,NLOS,106.59,4.65,-91.02,-63.23,8.51,34.98,0,55,-100.30,47,-111.63,61,-113.02,20,-113.96,60,-114.32,34,-116.74
1097,7400.00,4630.61,1.50,3,54,0.18,NLOS,106.18,4.65,-90.61,-62.83,9.08,34.98,0,55,-100.50,47,-111.55,61,-113.15,20,-113.95,60,-114.18,34,-116.73
1098,7400.00,4620.89,1.50,3,54,0.18,NLOS,105.82,-0.67,-84.93,-57.15,11.51,34.98,0,60,-97.31,55,-105.91,61,-109.85,65,-111.72,66,-111.86,5,-112.84
1099,7400.00,4611.18,1.50,3,54,0.19,NLOS,105.50,-0.67,-84.61,-56.83,11.75,34.98,0,60,-97.18,55,-106.11,61,-109.97,65,-111.66,66,-111.80,5,-112.85
1100,7400.00,4601.46,1.50,3,54,0.19,NLOS,105.23,-0.67,-84.35,-56.57,11.92,34.98,0,60,-97.05,55,-106.30,61,-110.10,65,-111.60,66,-111.75,5,-112.86
1101,7400.00,4591.74,1.50,3,54,0.20,NLOS,105.03,12.86,-97.68,-69.89,7.67,34.98,0,48,-107.58,40,-111.22,55,-114.49,61,-116.32,53,-117.31,47,-117.52
1102,7400.00,4582.02,1.50,3,54,0.20,NLOS,104.89,12.86,-97.54,-69.75,7.86,34.98,0,48,-107.65,40,-111.18,55,-114.68,61,-116.44,53,-117.13,47,-117.45
1103,7400.00,4572.31,1.50,3,54,0.20,NLOS,104.82,12.86,-97.46,-69.68,7.98,34.98,0,48,-107.72,40,-111.14,55,-114.86,61,-116.57,53,-116.94,47,-117.38
1104,7400.00,4562.59,1.50,3,54,0.20,NLOS,104.82,8.99,-93.59,-65.81,5.42,34.98,0,55,-102.26,47,-102.58,52,-105.23,49,-110.08,53,-110.57,35,-112.28
1105,7400.00,4552.87,1.50,3,54,0.20,NLOS,104.88,8.99,-93.66,-65.88,5.39,34.98,0,55,-102.45,47,-102.51,52,-105.14,49,-110.17,53,-110.38,35,-112.29
1106,7400.00,4543.16,1.50,3,54,0.20,NLOS,105.01,8.99,-93.79,-66.01,5.30,34.98,0,47,-102.44,55,-102.63,52,-105.04,53,-110.19,49,-110.25,35,-112.31
1107,7400.00,4533.44,1.50,3,54,0.19,NLOS,105.21,13.93,-98.92,-71.14,-4.23,34.98,0,47,-97.98,60,-100.19,61,-102.76,48,-105.67,67,-112.15,28,-112.33
1108,7400.00,4523.72,1.50,3,54,0.19,NLOS,105.47,13.93,-99.18,-71.40,-4.53,34.98,0,47,-97.91,60,-100.06,61,-102.90,48,-105.75,67,-112.15,28,-112.33
1109,7400.00,4514.01,1.50,3,54,0.18,NLOS,105.78,13.93,-99.49,-71.71,-4.88,34.98,0,47,-97.84,60,-99.94,61,-103.03,48,-105.82,67,-112.16,28,-112.33
1110,7400.00,4504.29,1.50,3,54,0.18,NLOS,106.14,2.40,-88.33,-60.54,14.98,34.98,0,53,-106.40,61,-108.23,46,-109.93,48,-112.23,28,-112.41,42,-115.16
1111,7400.00,4494.57,1.50,3,54,0.17,NLOS,106.55,2.40,-88.73,-60.95,14.53,34.98,0,53,-106.20,61,-108.37,46,-109.84,48,-112.30,28,-112.42,42,-115.20
1112,7400.00,4484.85,1.50,3,54,0.16,NLOS,106.99,2.40,-89.17,-61.39,14.03,34.98,0,53,-106.00,61,-108.50,46,-109.75,48,-112.38,28,-112.42,42,-115.25
1113,7400.00,4475.14,1.50,3,54,0.16,NLOS,107.45,-4.15,-83.08,-55.30,21.76,34.98,0,63,-104.36,47,-106.39,61,-115.20,69,-116.50,55,-117.02,48,-117.45
1114,7400.00,4465.42,1.50,3,54,0.15,NLOS,107.95,-4.15,-83.57,-55.79,21.24,34.98,0,63,-104.43,47,-106.33,61,-115.34,69,-116.56,55,-117.18,48,-117.53
1115,7400.00,4455.70,1.50,3,54,0.14,NLOS,108.46,-4.15,-84.08,-56.30,20.70,34.98,0,63,-104.49,47,-106.27,61,-115.47,69,-116.62,55,-117.35,48,-117.61
1116,7400.00,4445.99,1.50,3,54,0.14,NLOS,108.98,-6.09,-82.68,-54.89,12.97,34.98,0,53,-97.02,60,-102.99,52,-105.58,48,-107.55,65,-108.10,61,-115.45
1117,7400.00,4436.27,1.50,3,54,0.13,NLOS,109.51,-6.09,-83.21,-55.43,12.27,34.98,0,53,-96.80,60,-102.88,52,-105.48,48,-107.64,65,-108.04,61,-115.59
1118,7400.00,4426.55,1.50,3,54,0.12,NLOS,110.05,-6.09,-83.75,-55.97,11.56,34.98,0,53,-96.59,60,-102.77,52,-105.37,48,-107.72,65,-107.98,61,-115.72
1119,7400.00,4416.83,1.50,3,54,0.12,NLOS,110.60,-0.93,-89.45,-61.67,-0.66,34.98,0,47,-88.99,45,-105.82,61,-106.10,53,-106.93,60,-110.10,67,-113.32
1120,7400.00,4407.12,1.50,3,54,0.11,NLOS,111.14,-0.93,-89.99,-62.21,-1.26,34.98,0,47,-88.94,45,-105.75,61,-106.23,53,-106.71,60,-110.00,67,-113.33
1121,7400.00,4397.40,1.50,3,54,0.10,NLOS,111.68,-0.93,-90.54,-62.75,-1.85,34.98,0,47,-88.89,45,-105.68,61,-106.37,53,-106.49,60,-109.90,67,-113.35
1122,7400.00,4387.68,1.50,3,54,0.10,NLOS,112.22,-8.77,-83.23,-55.45,11.95,34.98,0,61,-98.39,53,-99.59,47,-103.36,59,-108.67,66,-112.31,46,-114.33
1123,7400.00,4377.97,1.50,3,54,0.09,NLOS,112.75,-8.77,-83.77,-55.98,11.39,34.98,0,61,-98.53,53,-99.36,47,-103.32,59,-108.56,66,-112.26,46,-114.24
1124,7400.00,4368.25,1.50,3,54,0.09,NLOS,113.28,-8.77,-84.29,-56.51,10.82,34.98,0,61,-98.66,53,-99.12,47,-103.27,59,-108.44,66,-112.22,46,-114.15
1125,7400.00,4358.53,1.50,3,61,0.02,NLOS,134.61,-20.76,-93.63,-65.85,8.16,34.98,1,48,-98.29,54,-102.03,53,-104.52,65,-112.41,40,-115.12,59,-117.17
1126,7400.00,4348.81,1.50,3,61,0.02,NLOS,134.74,-20.76,-93.76,-65.98,8.50,34.98,0,48,-98.37,54,-102.54,53,-104.28,65,-112.35,40,-115.09,59,-117.05
1127,7400.00,4339.10,1.50,3,61,0.02,NLOS,134.88,-20.76,-93.90,-66.12,8.84,34.98,0,48,-98.46,54,-103.05,53,-104.04,65,-112.29,40,-115.05,59,-116.93
1128,7400.00,4329.38,1.50,3,54,0.07,NLOS,115.31,-3.90,-91.20,-63.42,6.67,34.98,1,48,-99.58,60,-104.52,61,-110.68,47,-111.32,66,-111.56,59,-112.63
1129,7400.00,4319.66,1.50,3,54,0.07,NLOS,115.80,-3.90,-91.69,-63.90,6.23,34.98,0,48,-99.67,60,-104.44,61,-110.82,47,-111.29,66,-111.52,59,-112.51
1130,7400.00,4309.95,1.50,3,54,0.07,NLOS,116.28,-3.90,-92.17,-64.38,5.80,34.98,0,48,-99.76,60,-104.37,61,-110.95,47,-111.25,66,-111.47,59,-112.40
1131,7400.00,4300.23,1.50,3,53,0.03,NLOS,128.64,-3.36,-105.05,-77.27,2.98,34.98,1,55,-107.93,47,-111.51,54,-112.37,48,-112.55,41,-114.78,62,-115.05
1132,7400.00,4309.49,1.50,1,53,0.03,NLOS,128.88,-3.36,-105.30,-77.52,2.59,34.98,0,55,-107.80,47,-111.54,54,-111.92,48,-112.47,41,-114.77,62,-114.96
1133,7400.00,4319.21,1.50,1,53,0.03,NLOS,129.14,-3.36,-105.55,-77.77,2.16,34.98,0,55,-107.65,54,-111.44,47,-111.58,48,-112.38,41,-114.75,62,-114.87
1134,7400.00,4328.92,1.50,1,54,0.07,NLOS,115.34,1.48,-96.60,-68.82,6.04,34.98,1,60,-103.58,49,-107.75,70,-110.36,53,-112.94,55,-114.45,5,-115.16
1135,7400.00,4338.64,1.50,1,54,0.08,NLOS,114.84,1.48,-96.10,-68.32,6.61,34.98,0,60,-103.67,49,-107.67,70,-110.31,53,-113.19,55,-114.31,5,-115.15
1136,7400.00,4348.36,1.50,1,54,0.08,NLOS,114.34,1.48,-95.60,-67.82,7.19,34.98,0,60,-103.75,49,-107.59,70,-110.27,53,-113.43,55,-114.16,5,-115.14
1137,7400.00,4358.07,1.50,1,54,0.09,NLOS,113.82,-5.32,-88.29,-60.51,21.04,34.98,0,59,-110.79,53,-112.15,67,-112.86,37,-114.50,61,-115.94,60,-117.50
1138,7400.00,4367.79,1.50,1,54,0.09,NLOS,113.30,-5.32,-87.77,-59.99,21.66,34.98,0,59,-110.90,53,-112.38,67,-112.84,37,-114.47,61,-115.80,60,-117.59
1139,7400.00,4377.51,1.50,1,54,0.09,NLOS,112.78,-5.32,-87.24,-59.46,22.29,34.98,0,59,-111.02,53,-112.62,67,-112.83,37,-114.43,61,-115.66,60,-117.69
1140,7400.00,4387.23,1.50,1,54,0.10,NLOS,112.24,0.07,-92.10,-64.31,9.01,34.98,0,61,-101.47,58,-104.65,33,-111.90,60,-113.63,40,-114.19,51,-114.67
1141,7400.00,4396.94,1.50,1,54,0.10,NLOS,111.71,0.07,-91.56,-63.78,9.42,34.98,0,61,-101.34,58,-104.72,33,-111.92,60,-113.73,40,-114.23,51,-114.62
1142,7400.00,4406.66,1.50,1,54,0.11,NLOS,111.16,0.07,-91.02,-63.24,9.84,34.98,0,61,-101.20,58,-104.80,33,-111.95,60,-113.84,40,-114.27,51,-114.57
1143,7400.00,4416.38,1.50,1,54,0.12,NLOS,110.62,-6.41,-83.99,-56.21,18.45,34.98,0,59,-100.32,48,-105.68,60,-109.10,53,-109.52,46,-112.38,47,-114.48
1144,7400.00,4426.09,1.50,1,54,0.12,NLOS,110.08,-6.41,-83.45,-55.67,19.02,34.98,0,59,-100.43,48,-105.60,60,-109.20,53,-109.74,46,-112.47,47,-114.53
1145,7400.00,4435.81,1.50,1,54,0.13,NLOS,109.54,-6.41,-82.91,-55.13,19.58,34.98,0,59,-100.54,48,-105.52,60,-109.31,53,-109.96,46,-112.55,47,-114.59
1146,7400.00,4445.53,1.50,1,54,0.14,NLOS,109.01,-3.88,-84.91,-57.13,13.23,34.98,0,48,-100.96,47,-105.02,60,-106.69,55,-109.65,53,-111.84,49,-113.00
1147,7400.00,4455.25,1.50,1,54,0.14,NLOS,108.48,-3.88,-84.38,-56.60,13.74,34.98,0,48,-100.88,47,-105.08,60,-106.81,55,-109.49,53,-112.05,49,-112.92
1148,7400.00,4464.96,1.50,1,54,0.15,NLOS,107.97,-3.88,-83.87,-56.09,14.23,34.98,0,48,-100.80,47,-105.14,60,-106.92,55,-109.32,53,-112.26,49,-112.83
1149,7400.00,4474.68,1.50,1,54,0.16,NLOS,107.48,-6.86,-80.40,-52.61,24.54,34.98,0,59,-105.83,61,-108.74,55,-109.73,44,-111.76,46,-112.48,53,-112.90
1150,7400.00,4484.40,1.50,1,54,0.16,NLOS,107.01,-6.86,-79.93,-52.15,24.93,34.98,0,59,-105.94,61,-108.61,55,-109.56,44,-111.71,46,-112.57,53,-113.11
1151,7400.00,4494.11,1.50,1,54,0.17,NLOS,106.57,-6.86,-79.49,-51.70,25.28,34.98,0,59,-106.05,61,-108.47,55,-109.39,44,-111.67,46,-112.66,53,-113.31
1152,7403.83,4500.00,1.50,0,54,0.17,NLOS,106.67,1.22,-87.67,-59.89,6.09,34.98,0,61,-94.04,42,-103.05,60,-108.51,53,-111.92,67,-111.99,55,-113.27
1153,7413.55,4500.00,1.50,0,54,0.16,NLOS,107.53,1.22,-88.54,-60.76,5.06,34.98,0,61,-93.88,42,-103.12,60,-108.31,67,-111.87,53,-111.96,55,-113.29
1154,7423.26,4500.00,1.50,0,54,0.14,NLOS,108.37,1.22,-89.37,-61.59,4.07,34.98,0,61,-93.72,42,-103.20,60,-108.11,67,-111.74,53,-112.00,55,-113.33
1155,7432.98,4500.00,1.50,0,54,0.13,NLOS,109.17,1.11,-90.06,-62.27,16.89,34.98,0,60,-108.74,68,-110.96,55,-114.75,61,-116.46,62,-116.90,59,-118.07
1156,7442.70,4500.00,1.50,0,54,0.12,NLOS,109.93,1.11,-90.82,-63.04,15.98,34.98,0,60,-108.53,68,-110.87,55,-114.78,61,-116.30,62,-116.86,59,-118.02
1157,7452.42,4500.00,1.50,0,54,0.12,NLOS,110.67,1.11,-91.56,-63.78,15.09,34.98,0,60,-108.32,68,-110.79,55,-114.82,61,-116.14,62,-116.82,59,-117.97
1158,7462.13,4500.00,1.50,0,54,0.11,NLOS,111.39,-1.09,-90.07,-62.29,10.79,34.98,0,66,-101.13,61,-101.84,62,-104.93,48,-109.06,56,-111.62,59,-112.04
1159,7471.85,4500.00,1.50,0,54,0.10,NLOS,112.07,-1.09,-90.76,-62.98,9.99,34.98,0,66,-101.04,61,-101.68,62,-104.89,48,-109.20,56,-111.63,59,-112.00
1160,7481.57,4500.00,1.50,0,54,0.09,NLOS,112.73,-1.09,-91.42,-63.64,9.22,34.98,0,66,-100.94,61,-101.51,62,-104.85,48,-109.33,56,-111.64,59,-111.95
1161,7491.28,4500.00,1.50,0,54,0.09,NLOS,113.37,-15.46,-77.69,-49.91,10.52,34.98,0,48,-88.36,62,-97.32,61,-107.56,55,-108.68,60,-110.60,53,-111.34
1162,7501.00,4500.00,1.50,0,54,0.08,NLOS,113.99,-15.46,-78.31,-50.53,10.03,34.98,0,48,-88.49,62,-97.28,61,-107.40,55,-108.72,60,-110.39,53,-111.40
1163,7510.72,4500.00,1.50,0,54,0.08,NLOS,114.59,-15.46,-78.91,-51.13,9.56,34.98,0,48,-88.62,62,-97.24,61,-107.23,55,-108.77,60,-110.17,53,-111.46
1164,7520.44,4500.00,1.50,0,54,0.08,NLOS,115.17,-1.84,-93.12,-65.33,13.06,34.98,0,60,-107.39,46,-111.11,68,-111.98,67,-112.58,63,-112.99,43,-114.68
1165,7530.15,4500.00,1.50,0,54,0.07,NLOS,115.73,-1.84,-93.68,-65.90,12.36,34.98,0,60,-107.18,46,-111.18,68,-111.89,67,-112.44,63,-112.97,43,-114.73
1166,7539.87,4500.00,1.50,0,54,0.07,NLOS,116.28,-1.84,-94.22,-66.44,11.67,34.98,0,60,-106.96,46,-111.24,68,-111.80,67,-112.31,63,-112.96,43,-114.77
1167,7549.59,4500.00,1.50,0,54,0.07,NLOS,116.81,-12.69,-83.90,-56.12,5.48,34.98,0,60,-89.61,42,-98.58,59,-103.15,55,-104.21,61,-108.70,45,-110.05
1168,7559.30,4500.00,1.50,0,54,0.06,NLOS,117.32,-12.69,-84.41,-56.63,4.75,34.98,0,60,-89.39,42,-98.65,59,-103.10,55,-104.26,61,-108.54,45,-110.08
1169,7569.02,4500.00,1.50,0,54,0.06,NLOS,117.82,-12.69,-84.91,-57.13,4.04,34.98,0,60,-89.16,42,-98.72,59,-103.06,55,-104.32,61,-108.37,45,-110.11
1170,7578.74,4500.00,1.50,0,62,0.01,NLOS,142.87,-30.00,-92.65,-64.87,11.26,34.98,1,55,-104.12,54,-110.54,60,-111.02,37,-114.89,49,-116.43,41,-117.38
1171,7588.46,4500.00,1.50,0,62,0.01,NLOS,142.83,-30.00,-92.62,-64.83,11.35,34.98,0,55,-104.17,60,-110.80,54,-111.02,37,-114.93,49,-116.49,41,-117.47
1172,7598.17,4500.00,1.50,0,62,0.01,NLOS,142.80,-30.00,-92.58,-64.80,11.43,34.98,0,55,-104.23,60,-110.57,54,-111.48,37,-114.97,49,-116.55,41,-117.56
1173,7607.89,4500.00,1.50,0,54,0.05,NLOS,119.69,-14.48,-84.99,-57.21,13.54,34.98,1,60,-98.83,61,-110.84,66,-111.12,52,-113.88,42,-117.57,26,-118.48
1174,7617.61,4500.00,1.50,0,54,0.05,NLOS,120.13,-14.48,-85.43,-57.65,12.88,34.98,0,60,-98.61,61,-110.69,66,-111.02,52,-113.90,42,-117.64,26,-118.52
1175,7627.32,4500.00,1.50,0,54,0.05,NLOS,120.55,-14.48,-85.85,-58.07,12.24,34.98,0,60,-98.38,61,-110.53,66,-110.92,52,-113.93,42,-117.71,26,-118.56
1176,7637.04,4500.00,1.50,0,68,0.01,NLOS,143.14,-15.21,-107.71,-79.93,-0.38,34.98,1,60,-109.98,49,-113.66,61,-113.78,54,-114.43,67,-115.25,45,-119.05
1177,7646.76,4500.00,1.50,0,68,0.01,NLOS,143.05,-15.21,-107.62,-79.84,-0.47,34.98,0,60,-109.76,61,-113.62,49,-113.72,54,-114.84,67,-115.10,45,-119.08
1178,7656.48,4500.00,1.50,0,68,0.01,NLOS,142.96,-15.21,-107.54,-79.75,-0.56,34.98,0,60,-109.53,61,-113.47,49,-113.78,67,-114.96,54,-115.24,45,-119.11
1179,7666.19,4500.00,1.50,0,54,0.04,NLOS,122.17,-11.50,-90.45,-62.67,12.39,34.98,1,61,-105.10,59,-105.68,35,-106.74,60,-107.47,49,-107.78,66,-109.45
1180,7675.91,4500.00,1.50,0,54,0.04,NLOS,122.55,-11.50,-90.83,-63.05,11.84,34.98,0,61,-104.94,59,-105.64,35,-106.80,60,-107.24,49,-107.84,66,-109.35
1181,7685.63,4500.00,1.50,0,54,0.04,NLOS,122.92,-11.50,-91.20,-63.42,11.31,34.98,0,61,-104.80,59,-105.61,35,-106.86,60,-107.02,49,-107.90,66,-109.26
1182,7695.34,4500.00,1.50,0,54,0.04,NLOS,123.28,-16.81,-86.26,-58.48,12.59,34.98,0,60,-103.36,61,-103.44,55,-104.74,67,-107.72,53,-113.13,46,-113.92
1183,7705.06,4500.00,1.50,0,54,0.04,NLOS,123.64,-16.81,-86.62,-58.83,12.12,34.98,0,60,-103.14,61,-103.30,55,-104.81,67,-107.56,53,-113.22,46,-113.98
1184,7714.78,4500.00,1.50,0,54,0.04,NLOS,123.99,-16.81,-86.97,-59.18,11.66,34.98,0,60,-102.92,61,-103.16,55,-104.88,67,-107.41,53,-113.31,46,-114.05
1185,7724.50,4500.00,1.50,0,54,0.04,NLOS,124.34,-17.00,-87.12,-59.33,25.48,34.98,0,67,-107.01,69,-107.23,66,-108.39,59,-111.57,62,-113.78,52,-114.10
1186,7734.21,4500.00,1.50,0,54,0.04,NLOS,124.67,-17.00,-87.45,-59.67,25.15,34.98,0,67,-106.85,69,-107.19,66,-108.29,59,-111.54,62,-113.76,52,-114.12
1187,7743.93,4500.00,1.50,0,54,0.04,NLOS,125.00,-17.00,-87.78,-60.00,24.82,34.98,0,67,-106.69,69,-107.15,66,-108.19,59,-111.51,62,-113.74,52,-114.15
1188,7753.65,4500.00,1.50,0,61,0.03,NLOS,126.90,-17.05,-89.63,-61.85,0.72,34.98,1,54,-93.09,60,-95.73,67,-100.43,55,-105.48,62,-106.33,68,-106.41
1189,7763.36,4500.00,1.50,0,61,0.03,NLOS,126.77,-17.05,-89.50,-61.72,0.93,34.98,0,54,-93.41,60,-95.52,67,-100.27,55,-105.55,62,-106.31,68,-106.32
1190,7773.08,4500.00,1.50,0,61,0.03,NLOS,126.64,-17.05,-89.37,-61.59,1.13,34.98,0,54,-93.72,60,-95.32,67,-100.10,55,-105.63,68,-106.24,62,-106.29
1191,7782.80,4500.00,1.50,0,62,0.01,NLOS,142.31,-15.72,-106.37,-78.59,-0.96,34.98,1,60,-107.28,69,-107.59,53,-107.76,67,-109.95,61,-110.73,54,-113.71
1192,7792.52,4500.00,1.50,0,62,0.01,NLOS,142.29,-15.72,-106.35,-78.57,-1.00,34.98,0,60,-107.09,69,-107.55,53,-107.86,67,-109.78,61,-110.61,54,-114.01
1193,7797.77,4500.00,1.50,2,62,0.01,NLOS,142.28,-15.72,-106.34,-78.56,-1.02,34.98,0,60,-106.98,69,-107.53,53,-107.91,67,-109.69,61,-110.55,54,-114.17
1194,7788.05,4500.00,1.50,2,62,0.01,NLOS,142.30,-15.72,-106.36,-78.58,-0.98,34.98,0,60,-107.18,69,-107.57,53,-107.81,67,-109.86,61,-110.67,54,-113.88
1195,7778.33,4500.00,1.50,2,60,0.04,NLOS,122.42,-12.47,-89.73,-61.95,8.57,34.98,1,61,-99.01,53,-110.03,65,-110.99,66,-112.22,47,-112.58,19,-113.08
1196,7768.62,4500.00,1.50,2,60,0.04,NLOS,122.62,-12.47,-89.93,-62.15,8.48,34.98,0,61,-99.14,53,-109.93,65,-111.03,66,-112.32,47,-112.46,19,-113.05
1197,7758.90,4500.00,1.50,2,60,0.04,NLOS,122.83,-12.47,-90.13,-62.35,8.38,34.98,0,61,-99.26,53,-109.84,65,-111.07,47,-112.34,66,-112.42,19,-113.02
1198,7749.18,4500.00,1.50,2,61,0.03,NLOS,126.96,-12.83,-93.91,-66.13,2.83,34.98,1,60,-97.90,54,-103.89,66,-107.93,40,-110.13,67,-111.09,34,-112.97
1199,7739.47,4500.00,1.50,2,61,0.03,NLOS,127.09,-12.83,-94.04,-66.26,2.79,34.98,0,60,-98.11,54,-103.56,66,-108.03,40,-110.06,67,-111.26,34,-112.91
1200,7729.75,4500.00,1.50,2,61,0.03,NLOS,127.23,-12.83,-94.18,-66.40,2.74,34.98,0,60,-98.33,54,-103.23,66,-108.13,40,-109.99,67,-111.42,34,-112.85
1201,7720.03,4500.00,1.50,2,54,0.04,NLOS,124.18,-14.41,-89.55,-61.77,4.63,34.98,1,53,-95.17,60,-102.17,47,-109.77,62,-110.20,42,-111.89,58,-114.66
1202,7710.31,4500.00,1.50,2,54,0.04,NLOS,123.83,-14.41,-89.20,-61.42,4.94,34.98,0,53,-95.08,60,-102.38,47,-109.65,62,-110.23,42,-111.82,58,-114.67
1203,7700.60,4500.00,1.50,2,54,0.04,NLOS,123.48,-14.41,-88.85,-61.07,5.25,34.98,0,53,-94.99,60,-102.60,47,-109.52,62,-110.25,42,-111.75,58,-114.68
1204,7690.88,4500.00,1.50,2,61,0.03,NLOS,127.80,-13.55,-94.03,-66.25,1.78,34.98,1,60,-96.34,66,-103.61,62,-109.46,54,-109.59,55,-111.73,41,-114.56
1205,7681.16,4500.00,1.50,2,61,0.03,NLOS,127.95,-13.55,-94.18,-66.40,1.81,34.98,0,60,-96.56,66,-103.71,54,-109.22,62,-109.49,55,-111.66,41,-114.48
1206,7671.45,4500.00,1.50,2,61,0.03,NLOS,128.10,-13.55,-94.33,-66.55,1.83,34.98,0,60,-96.79,66,-103.81,54,-108.85,62,-109.52,55,-111.59,41,-114.39
1207,7661.73,4500.00,1.50,2,61,0.03,NLOS,128.25,-12.72,-95.31,-67.53,7.52,34.98,0,60,-104.60,41,-104.62,53,-108.43,54,-109.61,5,-114.50,57,-115.23
1208,7652.01,4500.00,1.50,2,61,0.03,NLOS,128.40,-12.72,-95.46,-67.68,7.44,34.98,0,41,-104.53,60,-104.83,53,-108.34,54,-109.21,5,-114.47,57,-115.22
1209,7642.29,4500.00,1.50,2,61,0.03,NLOS,128.56,-12.72,-95.62,-67.84,7.34,34.98,0,41,-104.44,60,-105.05,53,-108.26,54,-108.81,5,-114.45,57,-115.21
1210,7632.58,4500.00,1.50,2,54,0.05,NLOS,120.78,-10.17,-90.39,-62.61,5.36,34.98,1,55,-98.18,60,-101.97,53,-103.75,67,-105.72,62,-112.29,69,-113.78
1211,7622.86,4500.00,1.50,2,54,0.05,NLOS,120.36,-10.17,-89.97,-62.19,5.79,34.98,0,55,-98.12,60,-102.19,53,-103.67,67,-105.87,62,-112.32,69,-113.82
1212,7613.14,4500.00,1.50,2,54,0.05,NLOS,119.93,-10.17,-89.54,-61.75,6.22,34.98,0,55,-98.05,60,-102.42,53,-103.59,67,-106.02,62,-112.35,69,-113.86
1213,7603.43,4500.00,1.50,2,54,0.05,NLOS,119.48,-11.38,-87.88,-60.10,13.99,34.98,0,60,-104.14,47,-108.94,55,-109.69,40,-110.50,43,-113.84,59,-114.12
1214,7606.29,4500.00,1.50,0,54,0.05,NLOS,119.62,-11.38,-88.01,-60.23,13.83,34.98,0,60,-104.07,47,-108.98,55,-109.71,40,-110.53,43,-113.85,59,-114.11
1215,7616.01,4500.00,1.50,0,54,0.05,NLOS,120.06,-11.38,-88.45,-60.67,13.29,34.98,0,60,-103.85,47,-109.12,55,-109.76,40,-110.60,43,-113.90,59,-114.07
1216,7625.73,4500.00,1.50,0,54,0.05,NLOS,120.48,-11.38,-88.88,-61.10,12.75,34.98,0,60,-103.62,47,-109.25,55,-109.83,40,-110.67,43,-113.94,59,-114.03
1217,7635.44,4500.00,1.50,0,54,0.05,NLOS,120.90,-8.35,-92.33,-64.55,7.67,34.98,0,46,-96.93,55,-105.14,60,-107.42,53,-107.56,61,-108.13,47,-108.54
1218,7645.16,4500.00,1.50,0,54,0.05,NLOS,121.31,-8.35,-92.74,-64.96,7.25,34.98,0,46,-97.00,55,-105.20,60,-107.20,53,-107.64,61,-107.98,47,-108.67
1219,7654.88,4500.00,1.50,0,54,0.05,NLOS,121.71,-8.35,-93.14,-65.36,6.84,34.98,0,46,-97.07,55,-105.27,60,-106.97,53,-107.72,61,-107.82,47,-108.80
1220,7664.59,4500.00,1.50,0,54,0.04,NLOS,122.10,-16.21,-85.68,-57.90,2.04,34.98,0,53,-88.54,60,-96.31,61,-102.57,67,-108.61,49,-112.13,65,-113.59
1221,7674.31,4500.00,1.50,0,54,0.04,NLOS,122.48,-16.21,-86.06,-58.28,1.69,34.98,0,53,-88.63,60,-96.09,61,-102.42,67,-108.46,49,-112.19,65,-113.54
1222,7684.03,4500.00,1.50,0,54,0.04,NLOS,122.86,-16.21,-86.43,-58.65,1.35,34.98,0,53,-88.71,60,-95.87,61,-102.27,67,-108.31,49,-112.25,65,-113.50
1223,7693.75,4500.00,1.50,0,54,0.04,NLOS,123.23,-10.99,-92.02,-64.24,2.36,34.98,0,60,-94.82,68,-102.95,35,-107.15,53,-107.87,61,-108.22,67,-108.95
1224,7703.46,4500.00,1.50,0,54,0.04,NLOS,123.58,-10.99,-92.38,-64.60,1.80,34.98,0,60,-94.60,68,-102.86,35,-107.21,53,-107.96,61,-108.07,67,-108.79
1225,7713.18,4500.00,1.50,0,54,0.04,NLOS,123.94,-10.99,-92.73,-64.95,1.25,34.98,0,60,-94.38,68,-102.78,35,-107.27,61,-107.93,53,-108.05,67,-108.63
1226,7722.90,4500.00,1.50,0,54,0.04,NLOS,124.28,-7.24,-96.82,-69.04,8.67,34.98,0,59,-100.84,60,-106.77,67,-108.67,65,-111.55,69,-114.35,53,-115.35
1227,7732.61,4500.00,1.50,0,54,0.04,NLOS,124.62,-7.24,-97.16,-69.38,8.19,34.98,0,59,-100.81,60,-106.55,67,-108.51,65,-111.51,69,-114.31,53,-115.45
1228,7742.33,4500.00,1.50,0,54,0.04,NLOS,124.95,-7.24,-97.49,-69.71,7.72,34.98,0,59,-100.78,60,-106.34,67,-108.35,65,-111.46,69,-114.27,53,-115.54
1229,7752.05,4500.00,1.50,0,54,0.04,NLOS,125.27,-2.22,-102.84,-75.05,1.97,34.98,0,60,-105.95,62,-108.42,66,-111.34,67,-112.73,41,-113.44,53,-114.24
1230,7761.77,4500.00,1.50,0,54,0.04,NLOS,125.59,-2.22,-103.16,-75.37,1.50,34.98,0,60,-105.74,62,-108.40,66,-111.24,67,-112.56,41,-113.52,53,-114.34
1231,7771.48,4500.00,1.50,0,54,0.03,NLOS,125.91,-2.22,-103.47,-75.69,1.03,34.98,0,60,-105.54,62,-108.38,66,-111.14,67,-112.40,41,-113.60,59,-114.39
1232,7781.20,4500.00,1.50,0,54,0.03,NLOS,126.21,-7.40,-98.60,-70.82,3.84,34.98,0,60,-103.82,65,-107.73,61,-112.14,48,-113.10,53,-114.42,69,-121.25
1233,7790.92,4500.00,1.50,0,54,0.03,NLOS,126.52,-7.40,-98.90,-71.12,3.39,34.98,0,60,-103.62,65,-107.69,61,-112.02,48,-113.21,53,-114.52,69,-121.21
1234,7799.37,4500.00,1.50,2,54,0.03,NLOS,126.77,-7.40,-99.16,-71.38,3.01,34.98,0,60,-103.45,65,-107.65,61,-111.92,48,-113.31,53,-114.60,69,-121.18
1235,7789.65,4500.00,1.50,2,60,0.04,NLOS,122.19,-1.44,-100.53,-72.75,1.90,34.98,1,62,-102.54,61,-106.42,67,-109.53,66,-110.32,54,-110.47,68,-110.91
1236,7779.93,4500.00,1.50,2,60,0.04,NLOS,122.39,-1.44,-100.72,-72.94,1.75,34.98,0,62,-102.56,61,-106.54,67,-109.70,54,-110.16,66,-110.42,68,-111.00
1237,7770.21,4500.00,1.50,2,60,0.04,NLOS,122.59,-1.44,-100.92,-73.14,1.59,34.98,0,62,-102.58,61,-106.66,54,-109.86,67,-109.87,66,-110.52,68,-111.09
1238,7760.50,4500.00,1.50,2,67,0.02,NLOS,136.67,-21.72,-94.72,-66.94,8.19,34.98,1,61,-105.80,54,-106.41,28,-112.28,55,-112.73,53,-112.89,47,-115.51
1239,7750.78,4500.00,1.50,2,67,0.02,NLOS,136.83,-21.72,-94.89,-67.11,7.95,34.98,0,61,-105.93,54,-106.09,28,-112.24,55,-112.66,53,-112.80,47,-115.39
1240,7741.06,4500.00,1.50,2,67,0.02,NLOS,136.99,-21.72,-95.05,-67.27,7.70,34.98,0,54,-105.77,61,-106.06,28,-112.19,55,-112.58,53,-112.71,47,-115.27
1241,7731.35,4500.00,1.50,2,54,0.04,NLOS,124.57,-15.20,-89.16,-61.38,0.68,34.98,1,60,-90.28,61,-103.50,55,-103.54,66,-111.44,47,-112.78,53,-115.64
1242,7721.63,4500.00,1.50,2,54,0.04,NLOS,124.24,-15.20,-88.82,-61.04,1.22,34.98,0,60,-90.49,55,-103.47,61,-103.64,66,-111.54,47,-112.66,53,-115.55
1243,7711.91,4500.00,1.50,2,54,0.04,NLOS,123.89,-15.20,-88.47,-60.69,1.76,34.98,0,60,-90.71,55,-103.40,61,-103.78,66,-111.64,47,-112.53,53,-115.46
1244,7702.20,4500.00,1.50,2,53,0.02,NLOS,135.36,-14.77,-100.37,-72.59,1.99,34.98,1,54,-103.88,55,-104.77,68,-108.09,59,-108.72,57,-111.30,61,-113.15
1245,7692.48,4500.00,1.50,2,53,0.02,NLOS,135.27,-14.77,-100.28,-72.50,1.84,34.98,0,54,-103.52,55,-104.70,68,-108.18,59,-108.75,57,-111.29,56,-113.14
1246,7682.76,4500.00,1.50,2,53,0.02,NLOS,135.18,-14.77,-100.19,-72.41,1.67,34.98,0,54,-103.15,55,-104.63,68,-108.27,59,-108.78,57,-111.28,56,-113.12
1247,7673.04,4500.00,1.50,2,54,0.04,NLOS,122.44,-2.89,-99.33,-71.55,3.92,34.98,1,68,-103.92,48,-105.47,49,-110.50,53,-111.51,60,-112.85,61,-112.91
1248,7663.33,4500.00,1.50,2,54,0.04,NLOS,122.05,-2.89,-98.94,-71.16,4.25,34.98,0,68,-104.01,48,-105.35,49,-110.44,53,-111.43,61,-113.06,60,-113.07
1249,7653.61,4500.00,1.50,2,54,0.05,NLOS,121.66,-2.89,-98.55,-70.77,4.59,34.98,0,68,-104.10,48,-105.23,49,-110.38,53,-111.34,61,-113.21,60,-113.29
1250,7643.89,4500.00,1.50,2,54,0.05,NLOS,121.26,-3.95,-97.09,-69.31,3.53,34.98,0,60,-101.48,65,-106.27,48,-109.38,35,-111.12,42,-114.49,51,-115.66
1251,7634.18,4500.00,1.50,2,54,0.05,NLOS,120.85,-3.95,-96.68,-68.90,4.11,34.98,0,60,-101.70,65,-106.32,48,-109.26,35,-111.06,42,-114.42,51,-115.64
1252,7624.46,4500.00,1.50,2,54,0.05,NLOS,120.43,-3.95,-96.26,-68.48,4.69,34.98,0,60,-101.93,65,-106.37,48,-109.13,35,-111.00,42,-114.35,51,-115.62
1253,7614.74,4500.00,1.50,2,61,0.03,NLOS,129.00,-4.65,-104.13,-76.35,0.60,34.98,1,35,-105.33,60,-107.46,58,-109.00,53,-109.68,55,-111.54,66,-112.19
1254,7605.02,4500.00,1.50,2,61,0.03,NLOS,129.16,-4.65,-104.29,-76.51,0.49,34.98,0,35,-105.27,60,-107.69,58,-109.02,53,-109.60,55,-111.48,66,-112.29
1255,7595.31,4500.00,1.50,2,61,0.03,NLOS,129.32,-4.65,-104.45,-76.67,0.38,34.98,0,35,-105.21,60,-107.91,58,-109.03,53,-109.52,55,-111.42,66,-112.39
1256,7585.59,4500.00,1.50,2,55,0.02,NLOS,136.66,-11.71,-104.73,-76.95,4.23,34.98,1,53,-107.60,52,-109.80,68,-110.01,54,-110.31,60,-113.73,17,-114.43
1257,7575.87,4500.00,1.50,2,55,0.02,NLOS,136.61,-11.71,-104.68,-76.90,3.93,34.98,0,53,-107.52,52,-109.78,54,-109.83,68,-110.10,60,-113.96,17,-114.40
1258,7566.16,4500.00,1.50,2,55,0.02,NLOS,136.55,-11.71,-104.62,-76.84,3.61,34.98,0,53,-107.45,54,-109.34,52,-109.76,68,-110.18,60,-114.18,17,-114.37
1259,7556.44,4500.00,1.50,2,54,0.06,NLOS,117.17,-0.64,-96.31,-68.53,6.85,34.98,1,40,-103.23,60,-104.70,67,-108.08,63,-110.87,59,-112.38,61,-113.06
1260,7546.72,4500.00,1.50,2,54,0.07,NLOS,116.65,-0.64,-95.80,-68.01,7.52,34.98,0,40,-103.15,60,-104.92,67,-108.22,63,-110.89,59,-112.43,61,-113.22
1261,7537.00,4500.00,1.50,2,54,0.07,NLOS,116.12,-0.64,-95.26,-67.48,8.21,34.98,0,40,-103.08,60,-105.14,67,-108.35,63,-110.90,59,-112.47,61,-113.39
1262,7527.29,4500.00,1.50,2,54,0.07,NLOS,115.57,0.12,-95.47,-67.69,-3.37,34.98,0,61,-92.67,60,-103.50,62,-105.19,55,-106.27,70,-110.87,67,-111.18
1263,7517.57,4500.00,1.50,2,54,0.08,NLOS,115.00,0.12,-94.90,-67.12,-2.65,34.98,0,61,-92.84,60,-103.72,62,-105.23,55,-106.22,70,-110.90,53,-111.16
1264,7507.85,4500.00,1.50,2,54,0.08,NLOS,114.42,0.12,-94.32,-66.54,-1.90,34.98,0,61,-93.00,60,-103.94,62,-105.27,55,-106.18,70,-110.92,53,-111.10
1265,7498.14,4500.00,1.50,2,54,0.09,NLOS,113.81,-4.02,-89.57,-61.79,17.19,34.98,0,52,-102.94,55,-109.01,67,-110.20,45,-112.38,53,-113.93,35,-114.07
1266,7488.42,4500.00,1.50,2,54,0.09,NLOS,113.19,-4.02,-88.95,-61.17,17.81,34.98,0,52,-102.93,55,-108.97,67,-110.33,45,-112.35,53,-113.88,35,-114.01
1267,7478.70,4500.00,1.50,2,54,0.10,NLOS,112.54,-4.02,-88.30,-60.52,18.45,34.98,0,52,-102.91,55,-108.93,67,-110.46,45,-112.32,53,-113.82,35,-113.94
1268,7468.98,4500.00,1.50,2,60,0.03,NLOS,129.37,-10.17,-98.98,-71.19,5.94,34.98,1,61,-105.87,48,-111.51,5,-113.90,54,-114.21,45,-115.02,43,-115.87
1269,7459.27,4500.00,1.50,2,60,0.03,NLOS,129.58,-10.17,-99.19,-71.40,5.78,34.98,0,61,-106.04,48,-111.38,54,-113.51,5,-113.87,45,-114.99,43,-115.82
1270,7449.55,4500.00,1.50,2,60,0.03,NLOS,129.79,-10.17,-99.39,-71.61,5.58,34.98,0,61,-106.20,48,-111.24,54,-112.79,5,-113.85,45,-114.96,43,-115.78
1271,7439.83,4500.00,1.50,2,54,0.13,NLOS,109.71,-3.94,-85.55,-57.77,11.23,34.98,1,61,-99.41,48,-101.11,68,-104.84,66,-104.93,43,-108.50,42,-108.98
1272,7430.12,4500.00,1.50,2,54,0.14,NLOS,108.93,-3.94,-84.77,-56.99,12.03,34.98,0,61,-99.57,48,-100.97,68,-104.93,66,-105.02,43,-108.45,42,-108.91
1273,7420.40,4500.00,1.50,2,54,0.15,NLOS,108.12,-3.94,-83.97,-56.18,12.87,34.98,0,61,-99.73,48,-100.83,68,-105.01,66,-105.11,43,-108.41,42,-108.83
1274,7410.68,4500.00,1.50,2,54,0.16,NLOS,107.28,-6.59,-80.47,-52.69,24.04,34.98,0,47,-108.59,50,-110.08,55,-110.14,67,-110.17,53,-112.89,52,-113.62
1275,7400.96,4500.00,1.50,2,54,0.17,NLOS,106.41,-6.59,-79.59,-51.81,24.85,34.98,0,47,-108.44,50,-110.05,55,-110.11,67,-110.29,53,-112.86,52,-113.61
1276,7400.00,4491.25,1.50,3,54,0.17,NLOS,106.69,-6.59,-79.88,-52.10,24.56,34.98,0,47,-108.36,50,-110.11,55,-110.26,67,-110.31,53,-112.67,52,-113.52
1277,7400.00,4481.53,1.50,3,54,0.16,NLOS,107.14,-0.37,-86.55,-58.77,19.47,34.98,0,65,-99.41,61,-108.26,28,-108.74,41,-110.83,46,-111.16,21,-113.88
1278,7400.00,4471.81,1.50,3,54,0.15,NLOS,107.62,-0.37,-87.03,-59.25,19.07,34.98,0,65,-99.35,61,-108.40,28,-108.74,41,-110.84,46,-111.07,21,-113.87
1279,7400.00,4462.10,1.50,3,54,0.15,NLOS,108.12,-0.37,-87.53,-59.75,18.65,34.98,0,65,-99.29,61,-108.54,28,-108.75,41,-110.84,46,-110.99,21,-113.87
1280,7400.00,4452.38,1.50,3,67,0.01,NLOS,141.96,-25.93,-95.81,-68.03,3.70,34.98,1,48,-101.22,54,-102.62,53,-103.58,59,-106.89,60,-107.88,61,-110.10
1281,7400.00,4442.66,1.50,3,67,0.01,NLOS,141.97,-25.93,-95.82,-68.04,3.91,34.98,0,48,-101.30,54,-103.15,53,-103.36,59,-106.77,60,-107.77,61,-110.23
1282,7400.00,4432.94,1.50,3,67,0.01,NLOS,141.98,-25.93,-95.83,-68.05,4.10,34.98,0,48,-101.38,53,-103.15,54,-103.68,59,-106.66,60,-107.66,52,-110.36
1283,7400.00,4423.23,1.50,3,60,0.03,NLOS,129.91,-9.83,-99.87,-72.09,4.92,34.98,1,54,-106.15,68,-107.74,66,-112.23,47,-113.64,19,-114.66,5,-116.17
1284,7400.00,4413.51,1.50,3,60,0.03,NLOS,129.81,-9.83,-99.76,-71.98,5.40,34.98,0,54,-106.69,68,-107.80,66,-112.18,47,-113.59,19,-114.64,5,-116.18
1285,7400.00,4403.79,1.50,3,60,0.03,NLOS,129.70,-9.83,-99.66,-71.88,5.86,34.98,0,54,-107.23,68,-107.85,66,-112.13,47,-113.54,19,-114.62,5,-116.19
1286,7400.00,4394.08,1.50,3,54,0.10,NLOS,111.87,-6.82,-84.82,-57.04,14.17,34.98,1,48,-100.31,63,-105.05,55,-108.95,61,-110.84,47,-111.08,5,-112.01
1287,7400.00,4384.36,1.50,3,54,0.10,NLOS,112.40,-6.82,-85.36,-57.58,13.71,34.98,0,48,-100.40,63,-105.12,55,-109.11,61,-110.98,47,-111.03,5,-112.02
1288,7400.00,4374.64,1.50,3,54,0.09,NLOS,112.93,-6.82,-85.89,-58.11,13.26,34.98,0,48,-100.48,63,-105.18,55,-109.26,47,-110.99,61,-111.11,5,-112.03
1289,7400.00,4364.92,1.50,3,53,0.03,NLOS,130.28,-13.72,-96.34,-68.56,3.91,34.98,1,54,-102.00,46,-106.92,47,-112.11,60,-113.50,61,-113.83,48,-117.25
1290,7400.00,4355.21,1.50,3,53,0.03,NLOS,130.04,-13.72,-96.10,-68.32,4.45,34.98,0,54,-102.52,46,-106.83,47,-112.07,60,-113.41,61,-113.97,48,-117.34
1291,7400.00,4345.49,1.50,3,53,0.03,NLOS,129.80,-13.72,-95.86,-68.08,4.98,34.98,0,54,-103.03,46,-106.74,47,-112.03,60,-113.32,61,-114.11,48,-117.42
1292,7400.00,4335.77,1.50,3,54,0.08,NLOS,114.99,-12.60,-82.17,-54.39,2.52,34.98,1,47,-85.22,60,-94.36,53,-108.32,42,-108.50,59,-116.43,48,-116.67
1293,7400.00,4326.06,1.50,3,54,0.07,NLOS,115.48,-12.60,-82.67,-54.89,1.98,34.98,0,47,-85.18,60,-94.28,53,-108.07,42,-108.54,59,-116.31,48,-116.75
1294,7400.00,4316.34,1.50,3,54,0.07,NLOS,115.97,-12.60,-83.15,-55.37,1.45,34.98,0,47,-85.14,60,-94.20,53,-107.82,42,-108.59,59,-116.19,48,-116.84
1295,7400.00,4306.62,1.50,3,54,0.07,NLOS,116.45,3.39,-99.62,-71.84,3.34,34.98,0,59,-103.96,61,-104.25,55,-110.70,66,-113.06,63,-114.30,46,-114.84
1296,7396.91,4300.00,1.50,2,54,0.07,NLOS,116.68,3.39,-99.86,-72.07,3.21,34.98,0,59,-103.90,61,-104.38,55,-110.80,66,-113.07,63,-114.35,46,-114.75
1297,7387.19,4300.00,1.50,2,54,0.07,NLOS,116.43,3.39,-99.60,-71.82,3.56,34.98,0,59,-103.97,61,-104.49,55,-110.78,66,-113.17,63,-114.36,46,-114.67
1298,7377.47,4300.00,1.50,2,54,0.07,NLOS,116.18,-4.84,-91.13,-63.34,4.35,34.98,0,48,-95.72,42,-103.29,52,-109.63,61,-111.91,53,-112.71,60,-117.01
1299,7367.75,4300.00,1.50,2,54,0.07,NLOS,115.95,-4.84,-90.89,-63.11,4.48,34.98,0,48,-95.61,42,-103.23,52,-109.62,61,-112.03,53,-112.65,60,-117.26
1300,7358.04,4300.00,1.50,2,54,0.07,NLOS,115.73,-4.84,-90.67,-62.89,4.59,34.98,0,48,-95.49,42,-103.16,52,-109.61,61,-112.15,53,-112.60,60,-117.50
1301,7348.32,4300.00,1.50,2,60,0.03,NLOS,130.08,-10.70,-99.16,-71.37,-1.54,34.98,1,59,-99.64,53,-102.44,52,-103.34,48,-107.40,5,-109.59,63,-112.18
1302,7338.60,4300.00,1.50,2,60,0.03,NLOS,130.31,-10.70,-99.39,-71.61,-1.75,34.98,0,59,-99.72,53,-102.40,52,-103.33,48,-107.29,5,-109.56,63,-112.20
1303,7328.89,4300.00,1.50,2,60,0.03,NLOS,130.55,-10.70,-99.62,-71.84,-1.94,34.98,0,59,-99.79,53,-102.36,52,-103.32,48,-107.17,5,-109.54,63,-112.22
1304,7319.17,4300.00,1.50,2,54,0.08,NLOS,115.00,-8.43,-86.36,-58.58,7.76,34.98,1,48,-97.47,60,-101.12,47,-101.80,53,-101.96,40,-110.52,65,-110.81
1305,7309.45,4300.00,1.50,2,54,0.08,NLOS,114.86,-8.43,-86.22,-58.44,7.85,34.98,0,48,-97.35,60,-101.35,47,-101.61,53,-101.93,40,-110.43,39,-110.77
1306,7299.73,4300.00,1.50,2,54,0.08,NLOS,114.74,-8.43,-86.10,-58.32,7.92,34.98,0,48,-97.23,47,-101.41,60,-101.57,53,-101.91,40,-110.34,39,-110.72
1307,7290.02,4300.00,1.50,2,54,0.08,NLOS,114.64,-1.10,-93.32,-65.54,11.07,34.98,0,52,-102.80,53,-106.12,36,-107.24,60,-109.72,46,-111.54,66,-116.66
1308,7280.30,4300.00,1.50,2,54,0.08,NLOS,114.56,-1.10,-93.24,-65.46,11.20,34.98,0,52,-102.80,53,-106.10,36,-107.19,60,-109.93,46,-111.46,66,-116.75
1309,7270.58,4300.00,1.50,2,54,0.08,NLOS,114.50,-1.10,-93.18,-65.40,11.31,34.98,0,52,-102.80,53,-106.09,36,-107.14,60,-110.15,46,-111.38,66,-116.85
1310,7260.87,4300.00,1.50,2,54,0.08,NLOS,114.47,-2.22,-92.03,-64.25,9.25,34.98,0,47,-102.51,61,-108.97,40,-112.46,46,-112.47,48,-113.77,52,-114.21
1311,7251.15,4300.00,1.50,2,54,0.08,NLOS,114.45,-2.22,-92.01,-64.23,9.12,34.98,0,47,-102.31,61,-109.08,40,-112.37,46,-112.39,48,-113.65,52,-114.21
1312,7241.43,4300.00,1.50,2,54,0.08,NLOS,114.46,-2.22,-92.02,-64.24,8.96,34.98,0,47,-102.10,61,-109.20,40,-112.27,46,-112.31,48,-113.54,52,-114.21
1313,7231.71,4300.00,1.50,2,54,0.08,NLOS,114.49,-7.71,-86.56,-58.78,7.27,34.98,0,53,-94.66,60,-106.07,59,-106.71,61,-108.27,48,-108.97,55,-109.94
1314,7222.00,4300.00,1.50,2,54,0.08,NLOS,114.55,-7.71,-86.61,-58.83,7.24,34.98,0,53,-94.67,60,-106.27,59,-106.79,61,-108.39,48,-108.86,55,-109.94
1315,7212.28,4300.00,1.50,2,54,0.08,NLOS,114.62,-7.71,-86.69,-58.91,7.18,34.98,0,53,-94.69,60,-106.47,59,-106.87,61,-108.51,48,-108.74,55,-109.94
1316,7202.56,4300.00,1.50,2,54,0.08,NLOS,114.72,3.77,-98.27,-70.49,9.82,34.98,0,51,-107.21,56,-107.84,55,-111.60,67,-111.86,66,-112.90,53,-113.20
1317,7207.15,4300.00,1.50,0,54,0.08,NLOS,114.67,3.77,-98.22,-70.44,9.87,34.98,0,51,-107.22,56,-107.84,55,-111.60,67,-111.81,66,-112.85,53,-113.19
1318,7216.87,4300.00,1.50,0,54,0.08,NLOS,114.58,3.77,-98.14,-70.36,9.97,34.98,0,51,-107.23,56,-107.84,55,-111.59,67,-111.71,66,-112.76,53,-113.17
1319,7226.59,4300.00,1.50,0,54,0.08,NLOS,114.52,3.77,-98.07,-70.29,10.04,34.98,0,51,-107.24,56,-107.84,55,-111.59,67,-111.60,66,-112.67,53,-113.16
1320,7236.31,4300.00,1.50,0,54,0.08,NLOS,114.48,3.67,-97.92,-70.14,1.00,34.98,0,47,-99.63,53,-108.30,69,-113.78,56,-114.44,26,-114.87,66,-115.68
1321,7246.02,4300.00,1.50,0,54,0.08,NLOS,114.46,3.67,-97.90,-70.12,1.19,34.98,0,47,-99.85,53,-108.29,69,-113.74,56,-114.44,26,-114.92,66,-115.59
1322,7255.74,4300.00,1.50,0,54,0.08,NLOS,114.46,3.67,-97.90,-70.12,1.36,34.98,0,47,-100.05,53,-108.29,69,-113.70,56,-114.44,26,-114.96,66,-115.49
1323,7265.46,4300.00,1.50,0,54,0.08,NLOS,114.48,2.50,-96.77,-68.98,-4.32,34.98,0,53,-93.79,55,-99.04,62,-104.11,60,-108.48,47,-110.07,66,-111.87
1324,7275.17,4300.00,1.50,0,53,0.03,NLOS,128.13,-14.12,-93.80,-66.01,2.48,34.98,1,54,-96.81,55,-99.05,62,-104.07,60,-108.27,47,-110.27,66,-111.77
1325,7284.89,4300.00,1.50,0,53,0.03,NLOS,128.15,-14.12,-93.81,-66.03,2.53,34.98,0,54,-96.88,55,-99.05,62,-104.03,60,-108.05,47,-110.48,66,-111.67
1326,7294.61,4300.00,1.50,0,54,0.08,NLOS,114.69,-17.97,-76.50,-48.72,23.44,34.98,1,53,-103.61,48,-103.82,60,-108.52,50,-113.68,57,-116.52,49,-117.17
1327,7304.33,4300.00,1.50,0,54,0.08,NLOS,114.80,-17.97,-76.61,-48.83,23.36,34.98,0,53,-103.63,48,-103.93,60,-108.30,50,-113.70,57,-116.52,49,-117.21
1328,7314.04,4300.00,1.50,0,54,0.08,NLOS,114.92,-17.97,-76.74,-48.96,23.25,34.98,0,53,-103.66,48,-104.05,60,-108.07,50,-113.72,57,-116.52,49,-117.25
1329,7323.76,4300.00,1.50,0,53,0.03,NLOS,128.24,-7.21,-100.81,-73.03,2.82,34.98,1,54,-105.16,41,-107.64,67,-111.99,59,-112.47,45,-114.50,61,-115.72
1330,7333.48,4300.00,1.50,0,53,0.03,NLOS,128.28,-7.21,-100.85,-73.07,2.90,34.98,0,54,-105.32,41,-107.74,67,-111.87,59,-112.40,45,-114.54,61,-115.60
1331,7343.19,4300.00,1.50,0,53,0.03,NLOS,128.32,-7.21,-100.89,-73.11,2.98,34.98,0,54,-105.50,41,-107.84,67,-111.76,59,-112.32,45,-114.57,61,-115.49
1332,7352.91,4300.00,1.50,0,54,0.07,NLOS,115.62,-0.61,-94.80,-67.01,3.22,34.98,1,60,-99.80,55,-105.96,53,-106.72,58,-107.01,57,-107.70,69,-108.82
1333,7362.63,4300.00,1.50,0,54,0.07,NLOS,115.83,-0.61,-95.01,-67.23,2.86,34.98,0,60,-99.56,55,-105.98,53,-106.77,58,-106.98,57,-107.70,69,-108.78
1334,7372.35,4300.00,1.50,0,54,0.07,NLOS,116.06,-0.61,-95.24,-67.45,2.48,34.98,0,60,-99.31,55,-105.99,53,-106.82,58,-106.95,57,-107.70,69,-108.74
1335,7382.06,4300.00,1.50,0,54,0.07,NLOS,116.30,-16.06,-80.02,-52.24,23.35,34.98,0,53,-104.96,56,-109.15,64,-109.82,50,-110.19,48,-110.20,27,-110.47
1336,7391.78,4300.00,1.50,0,54,0.07,NLOS,116.55,-16.06,-80.27,-52.49,23.16,34.98,0,53,-105.02,56,-109.15,64,-109.81,50,-110.21,48,-110.32,27,-110.52
1337,7398.50,4300.00,1.50,2,54,0.07,NLOS,116.73,-16.06,-80.45,-52.67,23.03,34.98,0,53,-105.06,56,-109.16,64,-109.80,50,-110.23,48,-110.39,27,-110.56
1338,7388.79,4300.00,1.50,2,54,0.07,NLOS,116.47,1.83,-98.09,-70.30,7.08,34.98,0,53,-108.12,60,-110.86,47,-113.33,48,-119.25,58,-120.37,66,-120.82
1339,7379.07,4300.00,1.50,2,54,0.07,NLOS,116.22,1.83,-97.84,-70.06,7.33,34.98,0,53,-108.06,60,-111.11,47,-113.15,48,-119.14,58,-120.40,66,-120.92
1340,7369.35,4300.00,1.50,2,54,0.07,NLOS,115.99,1.83,-97.61,-69.82,7.56,34.98,0,53,-108.01,60,-111.35,47,-112.97,48,-119.03,58,-120.43,66,-121.02
1341,7359.64,4300.00,1.50,2,53,0.03,NLOS,128.40,-7.82,-100.36,-72.58,1.91,34.98,1,56,-100.50,54,-104.52,48,-106.30,60,-107.59,65,-108.94,49,-109.21
1342,7349.92,4300.00,1.50,2,53,0.03,NLOS,128.35,-7.82,-100.31,-72.53,1.89,34.98,0,56,-100.50,54,-104.32,48,-106.18,60,-107.83,65,-108.99,49,-109.17
1343,7340.20,4300.00,1.50,2,53,0.03,NLOS,128.31,-7.82,-100.27,-72.49,1.87,34.98,0,56,-100.50,54,-104.12,48,-106.07,60,-108.07,65,-109.05,49,-109.12
1344,7330.48,4300.00,1.50,2,54,0.08,NLOS,115.19,-3.51,-91.46,-63.68,6.43,34.98,1,55,-100.05,53,-105.13,60,-105.83,45,-109.77,29,-112.83,61,-114.87
1345,7320.77,4300.00,1.50,2,54,0.08,NLOS,115.03,-3.51,-91.30,-63.52,6.62,34.98,0,55,-100.04,53,-105.10,60,-106.06,45,-109.74,29,-112.78,61,-114.99
1346,7311.05,4300.00,1.50,2,54,0.08,NLOS,114.88,-3.51,-91.16,-63.38,6.78,34.98,0,55,-100.03,53,-105.07,60,-106.29,45,-109.71,29,-112.74,61,-115.10
1347,7301.33,4300.00,1.50,2,54,0.08,NLOS,114.76,2.33,-96.87,-69.09,5.67,34.98,0,47,-104.76,46,-108.67,48,-109.06,34,-111.22,61,-112.09,50,-115.73
1348,7291.62,4300.00,1.50,2,54,0.08,NLOS,114.66,2.33,-96.76,-68.98,5.65,34.98,0,47,-104.56,46,-108.59,48,-108.95,34,-111.15,61,-112.21,50,-115.71
1349,7281.90,4300.00,1.50,2,54,0.08,NLOS,114.57,2.33,-96.68,-68.90,5.60,34.98,0,47,-104.36,46,-108.51,48,-108.83,34,-111.08,61,-112.33,50,-115.69
1350,7272.18,4300.00,1.50,2,54,0.08,NLOS,114.51,-8.40,-85.90,-58.11,20.26,34.98,0,45,-108.47,68,-109.27,53,-110.27,48,-111.07,55,-113.75,59,-114.40
1351,7262.46,4300.00,1.50,2,54,0.08,NLOS,114.47,-8.40,-85.86,-58.07,20.25,34.98,0,45,-108.44,68,-109.34,53,-110.26,48,-110.95,55,-113.75,59,-114.48
1352,7252.75,4300.00,1.50,2,54,0.08,NLOS,114.45,-8.40,-85.84,-58.06,20.22,34.98,0,45,-108.41,68,-109.41,53,-110.26,48,-110.84,55,-113.74,59,-114.56
1353,7243.03,4300.00,1.50,2,54,0.08,NLOS,114.46,3.96,-98.20,-70.42,1.80,34.98,0,34,-100.34,47,-101.14,53,-109.50,66,-110.50,60,-112.34,55,-112.62
1354,7233.31,4300.00,1.50,2,54,0.08,NLOS,114.49,3.96,-98.22,-70.44,1.62,34.98,0,34,-100.27,47,-100.93,53,-109.51,66,-110.60,60,-112.55,55,-112.62
1355,7223.60,4300.00,1.50,2,54,0.08,NLOS,114.54,3.96,-98.27,-70.49,1.41,34.98,0,34,-100.19,47,-100.72,53,-109.52,66,-110.69,55,-112.62,60,-112.75
1356,7213.88,4300.00,1.50,2,54,0.08,NLOS,114.61,-9.62,-84.76,-56.98,5.91,34.98,0,47,-90.88,53,-105.53,48,-110.39,65,-111.62,56,-114.79,61,-115.72
1357,7204.16,4300.00,1.50,2,54,0.08,NLOS,114.70,-9.62,-84.86,-57.07,5.60,34.98,0,47,-90.66,53,-105.55,48,-110.28,65,-111.68,56,-114.79,61,-115.84
1358,7200.00,4294.44,1.50,3,54,0.08,NLOS,115.08,-9.62,-85.24,-57.45,5.10,34.98,0,47,-90.53,53,-105.40,48,-110.29,65,-111.67,56,-114.84,61,-115.94
1359,7200.00,4284.73,1.50,3,54,0.07,NLOS,115.65,-1.05,-94.38,-66.60,-0.02,34.98,0,53,-95.46,60,-101.44,68,-106.50,55,-113.54,48,-114.06,66,-118.11
1360,7200.00,4275.01,1.50,3,54,0.07,NLOS,116.20,-1.05,-94.94,-67.16,-0.80,34.98,0,53,-95.18,60,-101.41,68,-106.55,55,-113.68,48,-114.18,66,-118.07
1361,7200.00,4265.29,1.50,3,54,0.07,NLOS,116.74,-1.05,-95.47,-67.69,-1.57,34.98,0,53,-94.89,60,-101.37,68,-106.60,55,-113.82,48,-114.29,66,-118.04
1362,7200.00,4255.58,1.50,3,54,0.06,NLOS,117.26,2.76,-99.80,-72.02,2.17,34.98,0,43,-102.17,53,-105.31,48,-106.74,60,-110.83,46,-113.23,59,-114.00
1363,7200.00,4245.86,1.50,3,54,0.06,NLOS,117.77,2.76,-100.31,-72.52,1.57,34.98,0,43,-102.23,53,-105.02,48,-106.86,60,-110.80,46,-113.12,59,-113.90
1364,7200.00,4236.14,1.50,3,54,0.06,NLOS,118.26,2.76,-100.80,-73.02,0.97,34.98,0,43,-102.28,53,-104.71,48,-106.98,60,-110.77,46,-113.01,59,-113.80
1365,7200.00,4226.42,1.50,3,54,0.06,NLOS,118.74,-3.75,-94.77,-66.99,4.71,34.98,0,53,-101.33,47,-105.73,40,-108.95,48,-112.39,5,-112.93,60,-113.14
1366,7200.00,4216.71,1.50,3,54,0.05,NLOS,119.20,-3.75,-95.24,-67.46,4.04,34.98,0,53,-101.02,47,-105.70,40,-108.91,48,-112.51,5,-112.94,60,-113.11
1367,7200.00,4206.99,1.50,3,54,0.05,NLOS,119.66,-3.75,-95.69,-67.91,3.37,34.98,0,53,-100.70,47,-105.67,40,-108.88,48,-112.62,5,-112.95,60,-113.09
1368,7200.00,4197.27,1.50,3,54,0.05,NLOS,120.10,-5.02,-94.86,-67.08,3.48,34.98,0,48,-100.69,60,-105.10,47,-108.63,53,-109.09,58,-111.48,42,-111.95
1369,7200.00,4187.56,1.50,3,54,0.05,NLOS,120.53,-5.02,-95.29,-67.51,3.09,34.98,0,48,-100.81,60,-105.09,47,-108.61,53,-108.75,58,-111.41,42,-112.01
1370,7200.00,4177.84,1.50,3,54,0.05,NLOS,120.95,-5.02,-95.71,-67.93,2.70,34.98,0,48,-100.93,60,-105.07,53,-108.42,47,-108.59,58,-111.33,42,-112.06
1371,7200.00,4168.12,1.50,3,54,0.05,NLOS,121.36,-0.01,-101.13,-73.35,-7.06,34.98,0,55,-98.18,48,-98.68,60,-102.06,62,-104.97,33,-105.42,47,-106.31
1372,7200.00,4158.40,1.50,3,55,0.01,NLOS,140.93,-22.40,-98.31,-70.53,-2.04,34.98,1,48,-98.79,54,-101.53,60,-102.05,62,-105.05,33,-105.40,47,-106.30
1373,7200.00,4148.69,1.50,3,55,0.01,NLOS,141.06,-22.40,-98.44,-70.66,-1.98,34.98,0,48,-98.91,54,-101.92,60,-102.04,62,-105.13,33,-105.37,47,-106.30
1374,7200.00,4138.97,1.50,3,53,0.04,NLOS,122.92,-12.10,-90.61,-62.82,-1.39,34.98,1,54,-91.44,59,-93.75,47,-103.24,40,-107.25,46,-110.97,37,-112.13
1375,7200.00,4129.25,1.50,3,53,0.04,NLOS,122.55,-12.10,-90.23,-62.45,-0.83,34.98,0,54,-91.82,59,-93.65,47,-103.24,40,-107.22,46,-110.85,37,-112.16
1376,7200.00,4119.54,1.50,3,53,0.04,NLOS,122.17,-12.10,-89.85,-62.07,-0.28,34.98,0,54,-92.18,59,-93.54,47,-103.25,40,-107.18,46,-110.74,37,-112.20
1377,7200.00,4109.82,1.50,3,53,0.05,NLOS,121.77,2.52,-104.07,-76.29,2.35,34.98,0,54,-110.24,46,-110.73,45,-112.90,61,-114.20,59,-115.14,62,-118.08
1378,7200.00,4100.10,1.50,3,53,0.05,NLOS,121.37,2.52,-103.67,-75.89,2.83,34.98,0,54,-110.60,46,-110.62,45,-112.82,61,-114.30,59,-115.04,62,-118.16
1379,7200.00,4090.38,1.50,3,53,0.05,NLOS,120.96,2.52,-103.26,-75.48,3.31,34.98,0,46,-110.50,54,-110.94,45,-112.73,61,-114.41,59,-114.94,62,-118.23
1380,7200.00,4080.67,1.50,3,53,0.05,NLOS,120.54,4.53,-104.85,-77.07,-4.27,34.98,0,55,-103.89,54,-105.28,60,-106.74,47,-107.41,65,-109.64,52,-110.99
1381,7200.00,4070.95,1.50,3,53,0.05,NLOS,120.11,4.53,-104.42,-76.64,-3.74,34.98,0,55,-104.01,54,-105.61,60,-106.75,47,-107.43,65,-109.58,52,-110.85
1382,7200.00,4061.23,1.50,3,53,0.05,NLOS,119.67,4.53,-103.98,-76.20,-3.22,34.98,0,55,-104.13,54,-105.94,60,-106.77,47,-107.45,65,-109.53,52,-110.72
1383,7200.00,4051.52,1.50,3,53,0.05,NLOS,119.22,6.12,-105.12,-77.34,-5.24,34.98,0,54,-103.56,59,-105.15,47,-105.87,40,-113.65,46,-118.16,41,-119.42
1384,7200.00,4041.80,1.50,3,53,0.06,NLOS,118.75,6.12,-104.65,-76.87,-4.67,34.98,0,54,-103.88,59,-105.05,47,-105.90,40,-113.62,46,-118.04,41,-119.45
1385,7200.00,4032.08,1.50,3,53,0.06,NLOS,118.27,6.12,-104.18,-76.39,-4.10,34.98,0,54,-104.18,59,-104.95,47,-105.93,40,-113.60,46,-117.93,41,-119.49
1386,7200.00,4022.37,1.50,3,53,0.06,NLOS,117.78,1.15,-98.71,-70.93,3.38,34.98,0,54,-105.18,48,-109.73,60,-109.74,59,-110.18,46,-110.64,67,-112.07
1387,7200.00,4012.65,1.50,3,53,0.06,NLOS,117.28,1.15,-98.21,-70.42,4.00,34.98,0,54,-105.47,60,-109.77,48,-109.84,59,-110.08,46,-110.53,67,-112.10
1388,7200.00,4002.93,1.50,3,53,0.07,NLOS,116.76,1.15,-97.69,-69.90,4.63,34.98,0,54,-105.77,60,-109.81,48,-109.96,59,-109.98,46,-110.41,67,-112.14
1389,7200.00,3993.21,1.50,3,53,0.07,NLOS,116.22,9.30,-105.30,-77.52,-2.50,34.98,0,47,-103.78,66,-108.34,45,-108.72,59,-114.98,52,-115.36,61,-116.21
1390,7200.00,3983.50,1.50,3,53,0.07,NLOS,115.67,9.30,-104.74,-76.96,-1.92,34.98,0,47,-103.83,66,-108.32,45,-108.64,59,-114.88,52,-115.22,61,-116.31
1391,7200.00,3973.78,1.50,3,53,0.08,NLOS,115.10,9.30,-104.17,-76.39,-1.32,34.98,0,47,-103.88,66,-108.30,45,-108.55,59,-114.78,52,-115.08,61,-116.41
1392,7200.00,3964.06,1.50,3,53,0.08,NLOS,114.51,-6.32,-87.97,-60.18,13.71,34.98,0,48,-101.33,60,-103.75,54,-109.70,52,-110.93,47,-111.96,45,-114.06
1393,7200.00,3954.35,1.50,3,53,0.09,NLOS,113.89,-6.32,-87.36,-59.57,14.37,34.98,0,48,-101.44,60,-103.80,54,-109.97,52,-110.78,47,-112.02,45,-113.97
1394,7200.00,3944.63,1.50,3,53,0.09,NLOS,113.26,-6.32,-86.72,-58.94,15.06,34.98,0,48,-101.55,60,-103.84,54,-110.23,52,-110.63,47,-112.08,45,-113.88
1395,7200.00,3934.91,1.50,3,54,0.03,NLOS,129.08,-12.56,-96.30,-68.52,3.32,34.98,1,52,-101.21,47,-102.49,48,-107.30,53,-108.45,55,-109.96,60,-110.46
1396,7200.00,3925.19,1.50,3,54,0.03,NLOS,129.34,-12.56,-96.56,-68.77,3.04,34.98,0,52,-101.06,47,-102.55,48,-107.40,53,-107.77,55,-110.07,60,-110.51
1397,7200.00,3915.48,1.50,3,54,0.03,NLOS,129.59,-12.56,-96.81,-69.03,2.73,34.98,0,52,-100.91,47,-102.62,53,-107.06,48,-107.51,55,-110.18,60,-110.56
1398,7200.00,3905.76,1.50,3,54,0.03,NLOS,129.84,-17.56,-92.06,-64.28,4.03,34.98,0,53,-97.19,58,-104.15,47,-106.68,55,-107.99,48,-108.74,52,-112.72
1399,7203.96,3900.00,1.50,0,54,0.03,NLOS,129.98,-17.56,-92.20,-64.41,3.50,34.98,0,53,-96.66,58,-104.08,47,-106.81,55,-108.05,48,-108.83,52,-112.62
1400,7213.67,3900.00,1.50,0,54,0.03,NLOS,129.96,-17.56,-92.18,-64.40,3.40,34.98,0,53,-96.50,58,-104.04,47,-107.02,55,-108.05,48,-108.90,52,-112.62
1401,7223.39,3900.00,1.50,0,53,0.13,NLOS,109.67,3.84,-93.29,-65.51,17.05,34.98,1,65,-106.39,33,-107.32,61,-109.53,34,-113.35,68,-114.88,59,-115.03
1402,7233.11,3900.00,1.50,0,53,0.13,NLOS,109.58,3.84,-93.20,-65.42,17.09,34.98,0,65,-106.32,33,-107.39,61,-109.46,34,-113.43,68,-114.83,59,-114.90
1403,7242.83,3900.00,1.50,0,53,0.13,NLOS,109.53,3.84,-93.15,-65.37,17.09,34.98,0,65,-106.24,33,-107.45,61,-109.39,34,-113.50,68,-114.77,59,-114.78
1404,7252.54,3900.00,1.50,0,53,0.13,NLOS,109.52,-3.79,-85.51,-57.73,10.23,34.98,0,54,-95.97,39,-108.93,46,-111.55,59,-113.24,66,-113.96,35,-114.45
1405,7262.26,3900.00,1.50,0,53,0.13,NLOS,109.55,-3.79,-85.54,-57.76,10.20,34.98,0,54,-95.97,39,-109.00,46,-111.68,59,-113.11,66,-113.85,35,-114.51
1406,7271.98,3900.00,1.50,0,53,0.13,NLOS,109.62,-3.79,-85.61,-57.83,10.14,34.98,0,54,-95.98,39,-109.08,46,-111.80,59,-112.98,66,-113.74,35,-114.57
1407,7281.69,3900.00,1.50,0,53,0.13,NLOS,109.73,0.96,-90.47,-62.69,10.15,34.98,0,59,-101.61,46,-111.62,60,-112.22,55,-112.47,54,-113.98,58,-114.35
1408,7291.41,3900.00,1.50,0,53,0.12,NLOS,109.88,0.96,-90.62,-62.84,9.90,34.98,0,59,-101.48,46,-111.74,60,-112.01,55,-112.47,54,-114.00,58,-114.31
1409,7301.13,3900.00,1.50,0,53,0.12,NLOS,110.06,0.96,-90.80,-63.02,9.61,34.98,0,59,-101.35,60,-111.80,46,-111.87,55,-112.48,54,-114.01,58,-114.26
1410,7310.85,3900.00,1.50,0,53,0.12,NLOS,110.27,-12.12,-77.93,-50.15,14.31,34.98,0,60,-92.33,58,-100.10,45,-107.45,39,-108.39,46,-112.12,47,-113.89
1411,7320.56,3900.00,1.50,0,53,0.12,NLOS,110.51,-12.12,-78.17,-50.39,13.86,34.98,0,60,-92.12,58,-100.06,45,-107.49,39,-108.46,46,-112.25,47,-114.08
1412,7330.28,3900.00,1.50,0,53,0.11,NLOS,110.78,-12.12,-78.44,-50.66,13.38,34.98,0,60,-91.90,58,-100.02,45,-107.54,39,-108.53,46,-112.37,47,-114.27
1413,7340.00,3900.00,1.50,0,53,0.11,NLOS,111.08,4.56,-95.42,-67.64,5.90,34.98,0,60,-103.94,54,-105.95,66,-113.34,46,-113.84,45,-115.92,52,-116.24
1414,7349.71,3900.00,1.50,0,53,0.11,NLOS,111.40,4.56,-95.74,-67.96,5.48,34.98,0,60,-103.71,54,-105.98,66,-113.22,46,-113.97,45,-115.97,52,-116.26
1415,7359.43,3900.00,1.50,0,53,0.10,NLOS,111.73,4.56,-96.08,-68.30,5.03,34.98,0,60,-103.49,54,-106.02,66,-113.11,46,-114.09,45,-116.01,52,-116.27
1416,7369.15,3900.00,1.50,0,53,0.10,NLOS,112.09,10.79,-102.66,-74.88,-3.78,34.98,0,46,-101.68,66,-104.40,52,-105.53,59,-106.66,60,-110.82,61,-112.98
1417,7378.87,3900.00,1.50,0,53,0.10,NLOS,112.46,10.79,-103.02,-75.24,-4.12,34.98,0,46,-101.80,66,-104.28,52,-105.55,59,-106.53,60,-110.59,61,-112.92
1418,7388.58,3900.00,1.50,0,53,0.09,NLOS,112.84,10.79,-103.40,-75.62,-4.47,34.98,0,46,-101.92,66,-104.16,52,-105.57,59,-106.40,60,-110.36,61,-112.85
1419,7398.30,3900.00,1.50,0,65,0.01,NLOS,146.02,-26.29,-99.51,-71.73,5.77,34.98,1,47,-101.32,55,-102.76,53,-107.63,54,-110.16,59,-111.99,45,-112.87
1420,7391.98,3900.00,1.50,2,65,0.01,NLOS,146.06,-26.29,-99.56,-71.78,5.61,34.98,0,47,-101.20,55,-102.75,53,-107.37,54,-110.12,59,-112.08,45,-112.84
1421,7382.27,3900.00,1.50,2,65,0.01,NLOS,146.14,-26.29,-99.63,-71.85,5.36,34.98,0,47,-101.03,55,-102.74,53,-106.99,54,-110.07,59,-112.21,45,-112.79
1422,7372.55,3900.00,1.50,2,47,0.02,NLOS,135.08,-13.90,-100.96,-73.18,7.96,34.98,1,59,-104.00,60,-104.11,61,-111.06,46,-111.52,45,-114.14,52,-114.41
1423,7362.83,3900.00,1.50,2,47,0.02,NLOS,134.90,-13.90,-100.79,-73.01,7.97,34.98,0,59,-104.14,60,-104.34,61,-111.12,46,-111.39,45,-114.09,52,-114.40
1424,7353.11,3900.00,1.50,2,47,0.02,NLOS,134.73,-13.90,-100.61,-72.83,7.98,34.98,0,59,-104.27,60,-104.56,61,-111.19,46,-111.27,45,-114.04,53,-114.36
1425,7343.40,3900.00,1.50,2,53,0.11,NLOS,111.19,-8.98,-81.99,-54.21,21.18,34.98,1,46,-107.40,47,-108.19,28,-110.16,54,-110.47,32,-112.02,44,-113.00
1426,7333.68,3900.00,1.50,2,53,0.11,NLOS,110.88,-8.98,-81.69,-53.91,21.39,34.98,0,46,-107.27,47,-108.01,28,-110.11,54,-110.44,32,-111.97,44,-112.98
1427,7323.96,3900.00,1.50,2,53,0.12,NLOS,110.60,-8.98,-81.41,-53.63,21.58,34.98,0,46,-107.15,47,-107.83,28,-110.06,54,-110.41,32,-111.92,44,-112.96
1428,7314.25,3900.00,1.50,2,53,0.12,NLOS,110.35,-4.95,-85.18,-57.40,12.25,34.98,0,59,-99.43,40,-100.97,60,-102.17,49,-109.81,63,-113.28,52,-117.31
1429,7304.53,3900.00,1.50,2,53,0.12,NLOS,110.13,-4.95,-84.96,-57.17,12.62,34.98,0,59,-99.56,40,-100.87,60,-102.38,49,-109.78,63,-113.29,52,-117.30
1430,7294.81,3900.00,1.50,2,53,0.12,NLOS,109.93,-4.95,-84.76,-56.98,12.97,34.98,0,59,-99.69,40,-100.76,60,-102.59,49,-109.76,63,-113.30,52,-117.29
1431,7285.09,3900.00,1.50,2,53,0.13,NLOS,109.78,-8.52,-81.04,-53.26,19.52,34.98,0,52,-102.34,47,-108.20,64,-109.55,54,-112.08,59,-113.31,19,-114.31
1432,7275.38,3900.00,1.50,2,53,0.13,NLOS,109.66,-8.52,-80.92,-53.14,19.61,34.98,0,52,-102.33,47,-108.01,64,-109.55,54,-112.07,59,-113.44,19,-114.27
1433,7265.66,3900.00,1.50,2,53,0.13,NLOS,109.57,-8.52,-80.84,-53.06,19.66,34.98,0,52,-102.33,47,-107.81,64,-109.56,54,-112.06,59,-113.56,19,-114.23
1434,7255.94,3900.00,1.50,2,45,0.01,NLOS,145.59,-30.00,-95.37,-67.59,11.91,34.98,1,47,-96.66,59,-103.42,60,-104.31,54,-106.21,53,-110.17,51,-111.38
1435,7246.23,3900.00,1.50,2,45,0.01,NLOS,145.54,-30.00,-95.32,-67.54,11.90,34.98,0,47,-96.46,59,-103.54,60,-104.51,54,-106.21,53,-110.17,51,-111.37
1436,7236.51,3900.00,1.50,2,45,0.01,NLOS,145.50,-30.00,-95.28,-67.50,11.91,34.98,0,47,-96.26,59,-103.67,60,-104.71,54,-106.21,53,-110.20,51,-111.36
1437,7226.79,3900.00,1.50,2,53,0.13,NLOS,109.63,-2.08,-87.33,-59.55,15.21,34.98,1,54,-104.60,60,-108.89,49,-110.00,27,-111.57,46,-113.76,47,-114.86
1438,7217.08,3900.00,1.50,2,53,0.13,NLOS,109.75,-2.08,-87.44,-59.66,15.12,34.98,0,54,-104.61,60,-109.09,49,-109.97,27,-111.51,46,-113.63,47,-114.65
1439,7207.36,3900.00,1.50,2,53,0.12,NLOS,109.90,-2.08,-87.59,-59.81,15.00,34.98,0,54,-104.62,60,-109.28,49,-109.94,27,-111.45,46,-113.50,47,-114.44
1440,7202.36,3900.00,1.50,0,53,0.12,NLOS,109.99,-2.08,-87.68,-59.90,14.93,34.98,0,54,-104.63,60,-109.38,49,-109.93,27,-111.43,46,-113.43,47,-114.33
1441,7212.08,3900.00,1.50,0,53,0.13,NLOS,109.82,-9.49,-80.11,-52.33,17.71,34.98,0,46,-99.87,54,-105.00,52,-107.81,40,-110.30,59,-112.80,47,-113.23
1442,7221.79,3900.00,1.50,0,53,0.13,NLOS,109.69,-9.49,-79.98,-52.20,17.92,34.98,0,46,-100.00,54,-104.99,52,-107.80,40,-110.41,59,-112.68,47,-113.44
1443,7231.51,3900.00,1.50,0,53,0.13,NLOS,109.59,-9.49,-79.88,-52.10,18.09,34.98,0,46,-100.13,54,-104.98,52,-107.80,40,-110.52,59,-112.55,47,-113.64
1444,7241.23,3900.00,1.50,0,53,0.13,NLOS,109.54,3.57,-92.89,-65.11,5.92,34.98,0,54,-99.86,48,-104.66,42,-105.42,47,-107.13,55,-108.51,60,-113.15
1445,7250.94,3900.00,1.50,0,53,0.13,NLOS,109.52,3.57,-92.87,-65.09,5.96,34.98,0,54,-99.86,48,-104.73,42,-105.47,47,-107.33,55,-108.51,60,-112.95
1446,7260.66,3900.00,1.50,0,53,0.13,NLOS,109.54,3.57,-92.90,-65.11,5.95,34.98,0,54,-99.86,48,-104.80,42,-105.52,47,-107.53,55,-108.51,60,-112.75
1447,7270.38,3900.00,1.50,0,53,0.13,NLOS,109.61,13.05,-102.44,-74.65,-5.76,34.98,0,52,-100.25,65,-102.26,59,-102.68,60,-103.68,46,-108.85,40,-110.24
1448,7280.10,3900.00,1.50,0,53,0.13,NLOS,109.71,13.05,-102.54,-74.76,-5.92,34.98,0,52,-100.25,65,-102.19,59,-102.55,60,-103.47,46,-108.98,40,-110.35
1449,7289.81,3900.00,1.50,0,53,0.13,NLOS,109.85,13.05,-102.68,-74.90,-6.12,34.98,0,52,-100.25,65,-102.11,59,-102.42,60,-103.26,46,-109.11,40,-110.46
1450,7299.53,3900.00,1.50,0,53,0.12,NLOS,110.02,-4.80,-85.01,-57.23,13.17,34.98,0,60,-99.26,59,-106.30,52,-111.75,61,-113.13,65,-114.62,35,-115.01
1451,7309.25,3900.00,1.50,0,53,0.12,NLOS,110.23,-4.80,-85.22,-57.43,12.77,34.98,0,60,-99.04,59,-106.17,52,-111.75,61,-113.06,65,-114.55,35,-115.07
1452,7318.96,3900.00,1.50,0,53,0.12,NLOS,110.47,-4.80,-85.45,-57.67,12.35,34.98,0,60,-98.83,59,-106.04,52,-111.76,61,-112.99,65,-114.47,35,-115.13
1453,7328.68,3900.00,1.50,0,53,0.11,NLOS,110.74,-9.90,-80.62,-52.84,23.36,34.98,0,60,-105.30,54,-110.96,48,-113.65,5,-115.54,51,-117.53,52,-120.18
1454,7338.40,3900.00,1.50,0,53,0.11,NLOS,111.03,-9.90,-80.91,-53.13,22.91,34.98,0,60,-105.08,54,-110.99,48,-113.72,5,-115.56,51,-117.54,52,-120.19
1455,7348.12,3900.00,1.50,0,53,0.11,NLOS,111.34,-9.90,-81.22,-53.44,22.44,34.98,0,60,-104.86,54,-111.03,48,-113.79,5,-115.58,51,-117.55,52,-120.21
1456,7357.83,3900.00,1.50,0,53,0.10,NLOS,111.68,-19.64,-71.82,-44.03,23.55,34.98,0,60,-96.21,58,-101.16,65,-104.61,47,-105.65,54,-110.69,52,-111.01
1457,7367.55,3900.00,1.50,0,53,0.10,NLOS,112.03,-19.64,-72.17,-44.39,23.02,34.98,0,60,-95.98,58,-101.12,65,-104.54,47,-105.83,54,-110.73,52,-111.02
1458,7377.27,3900.00,1.50,0,53,0.10,NLOS,112.40,-19.64,-72.53,-44.75,22.48,34.98,0,60,-95.75,58,-101.08,65,-104.47,47,-106.00,54,-110.77,52,-111.04
1459,7386.98,3900.00,1.50,0,53,0.09,NLOS,112.77,5.05,-97.60,-69.82,-3.89,34.98,0,54,-94.74,55,-101.32,47,-102.15,63,-104.64,60,-105.76,61,-108.17
1460,7396.70,3900.00,1.50,0,54,0.03,NLOS,130.34,-15.33,-94.79,-67.01,-0.12,34.98,1,53,-97.99,55,-101.33,47,-102.32,63,-104.63,60,-105.53,61,-108.11
1461,7406.42,3900.00,1.50,0,54,0.03,NLOS,130.39,-15.33,-94.85,-67.06,0.01,34.98,0,53,-98.39,55,-101.34,47,-102.49,63,-104.62,60,-105.29,61,-108.05
1462,7416.14,3900.00,1.50,0,53,0.08,NLOS,113.96,-6.55,-87.19,-59.41,13.45,34.98,1,54,-103.01,60,-108.18,46,-110.96,59,-112.37,52,-113.00,66,-114.68
1463,7425.85,3900.00,1.50,0,53,0.08,NLOS,114.37,-6.55,-87.60,-59.81,13.04,34.98,0,54,-103.07,60,-107.94,46,-111.08,59,-112.24,52,-113.02,66,-114.56
1464,7435.57,3900.00,1.50,0,53,0.08,NLOS,114.77,-6.55,-88.01,-60.22,12.63,34.98,0,54,-103.13,60,-107.69,46,-111.20,59,-112.11,52,-113.05,66,-114.44
1465,7445.29,3900.00,1.50,0,54,0.03,NLOS,130.63,-12.47,-97.95,-70.17,-0.71,34.98,1,47,-99.88,53,-101.03,48,-112.50,67,-113.79,58,-115.92,52,-118.73
1466,7455.00,3900.00,1.50,0,54,0.03,NLOS,130.70,-12.47,-98.02,-70.24,-0.52,34.98,0,47,-100.05,53,-101.44,48,-112.58,67,-113.69,58,-115.89,52,-118.76
1467,7464.72,3900.00,1.50,0,54,0.03,NLOS,130.77,-12.47,-98.09,-70.31,-0.33,34.98,0,47,-100.21,53,-101.85,48,-112.65,67,-113.59,58,-115.85,52,-118.79
1468,7474.44,3900.00,1.50,0,53,0.07,NLOS,116.42,-2.00,-94.20,-66.42,5.86,34.98,1,60,-102.61,55,-102.65,67,-102.90,54,-105.79,59,-109.52,65,-112.71
1469,7484.16,3900.00,1.50,0,53,0.07,NLOS,116.83,-2.00,-94.61,-66.83,5.31,34.98,0,60,-102.35,55,-102.67,67,-102.80,54,-105.86,59,-109.39,65,-112.64
1470,7493.87,3900.00,1.50,0,53,0.06,NLOS,117.23,-2.00,-95.01,-67.23,4.76,34.98,0,60,-102.08,55,-102.68,67,-102.70,54,-105.94,59,-109.26,65,-112.56
1471,7503.59,3900.00,1.50,0,54,0.03,NLOS,131.08,-16.99,-93.88,-66.10,3.53,34.98,1,53,-99.02,45,-106.88,60,-107.59,39,-108.31,47,-109.25,61,-109.50
1472,7513.31,3900.00,1.50,0,54,0.03,NLOS,131.17,-16.99,-93.96,-66.18,3.70,34.98,0,53,-99.42,45,-106.93,60,-107.32,39,-108.38,47,-109.41,61,-109.45
1473,7523.02,3900.00,1.50,0,54,0.02,NLOS,131.25,-16.99,-94.05,-66.26,3.86,34.98,0,53,-99.81,45,-106.98,60,-107.04,39,-108.45,61,-109.39,47,-109.56
1474,7532.74,3900.00,1.50,0,53,0.06,NLOS,118.82,-16.39,-82.20,-54.42,17.81,34.98,1,67,-101.27,60,-101.58,52,-107.29,55,-109.67,59,-112.65,54,-113.19
1475,7542.46,3900.00,1.50,0,53,0.05,NLOS,119.20,-16.39,-82.59,-54.81,17.23,34.98,0,67,-101.16,60,-101.30,52,-107.32,55,-109.69,59,-112.52,54,-113.28
1476,7552.18,3900.00,1.50,0,53,0.05,NLOS,119.58,-16.39,-82.97,-55.19,16.65,34.98,0,60,-101.01,67,-101.06,52,-107.36,55,-109.71,59,-112.40,54,-113.37
1477,7561.89,3900.00,1.50,0,53,0.05,NLOS,119.96,-6.02,-93.72,-65.94,-1.16,34.98,0,60,-93.56,59,-103.20,54,-104.78,46,-107.27,47,-110.97,52,-112.94
1478,7571.61,3900.00,1.50,0,53,0.05,NLOS,120.33,-6.02,-94.10,-66.31,-1.77,34.98,0,60,-93.26,59,-103.08,54,-104.88,46,-107.38,47,-111.12,52,-112.98
1479,7581.33,3900.00,1.50,0,53,0.05,NLOS,120.70,-6.02,-94.46,-66.68,-2.38,34.98,0,60,-92.96,59,-102.96,54,-104.98,46,-107.50,47,-111.26,52,-113.03
1480,7591.04,3900.00,1.50,0,53,0.05,NLOS,121.06,-9.43,-91.41,-63.63,12.96,34.98,0,61,-104.89,60,-107.17,48,-109.35,65,-109.91,54,-111.06,47,-112.27
1481,7600.76,3900.00,1.50,0,53,0.05,NLOS,121.42,-9.43,-91.77,-63.99,12.48,34.98,0,61,-104.84,60,-106.86,48,-109.43,65,-109.84,54,-111.16,47,-112.41
1482,7610.48,3900.00,1.50,0,53,0.05,NLOS,121.77,-9.43,-92.12,-64.34,11.99,34.98,0,61,-104.79,60,-106.56,48,-109.50,65,-109.76,54,-111.26,47,-112.56
1483,7620.19,3900.00,1.50,0,66,0.02,NLOS,139.13,-20.75,-98.16,-70.38,11.01,34.98,1,55,-105.51,47,-110.66,54,-110.79,59,-111.00,5,-113.08,41,-115.22
1484,7629.91,3900.00,1.50,0,66,0.02,NLOS,138.99,-20.75,-98.02,-70.24,11.07,34.98,0,55,-105.54,47,-110.80,59,-110.89,54,-110.89,5,-113.10,41,-115.30
1485,7639.63,3900.00,1.50,0,66,0.02,NLOS,138.85,-20.75,-97.88,-70.10,11.11,34.98,0,55,-105.56,59,-110.78,47,-110.94,54,-111.00,5,-113.12,41,-115.38
1486,7649.35,3900.00,1.50,0,53,0.04,NLOS,123.13,0.87,-103.78,-76.00,3.87,34.98,1,67,-110.92,54,-111.13,60,-112.32,66,-114.43,55,-115.55,47,-118.16
1487,7659.06,3900.00,1.50,0,53,0.04,NLOS,123.46,0.87,-104.10,-76.32,3.48,34.98,0,67,-110.81,54,-111.24,60,-111.99,66,-114.29,55,-115.57,47,-118.30
1488,7668.78,3900.00,1.50,0,53,0.04,NLOS,123.78,0.87,-104.43,-76.65,3.09,34.98,0,67,-110.70,54,-111.35,60,-111.66,66,-114.14,55,-115.60,59,-118.30
1489,7678.50,3900.00,1.50,0,67,0.01,NLOS,140.75,-11.13,-109.40,-81.62,0.49,34.98,1,54,-112.66,5,-114.13,53,-115.98,66,-117.19,60,-118.46,28,-118.72
1490,7688.21,3900.00,1.50,0,67,0.01,NLOS,140.64,-11.13,-109.29,-81.51,0.58,34.98,0,54,-112.77,5,-114.15,53,-116.29,66,-117.04,60,-118.13,28,-118.77
1491,7697.93,3900.00,1.50,0,67,0.01,NLOS,140.53,-11.13,-109.18,-81.40,0.66,34.98,0,54,-112.89,5,-114.17,53,-116.60,66,-116.89,60,-117.79,28,-118.81
1492,7707.65,3900.00,1.50,0,60,0.05,NLOS,120.16,-7.66,-92.28,-64.50,-0.30,34.98,1,53,-92.47,52,-102.62,59,-103.01,65,-103.59,58,-108.56,61,-110.01
1493,7717.37,3900.00,1.50,0,60,0.05,NLOS,119.82,-7.66,-91.94,-64.15,0.30,34.98,0,53,-92.77,52,-102.68,59,-102.91,65,-103.51,58,-108.54,61,-109.97
1494,7727.08,3900.00,1.50,0,60,0.05,NLOS,119.47,-7.66,-91.59,-63.81,0.89,34.98,0,53,-93.07,52,-102.73,59,-102.81,65,-103.43,58,-108.52,61,-109.93
1495,7736.80,3900.00,1.50,0,60,0.05,NLOS,119.13,0.85,-99.76,-71.98,3.14,34.98,0,47,-102.32,53,-106.64,59,-107.62,68,-109.53,54,-109.73,45,-111.15
1496,7746.52,3900.00,1.50,0,60,0.06,NLOS,118.78,0.85,-99.41,-71.63,3.60,34.98,0,47,-102.45,53,-106.93,59,-107.53,68,-109.48,54,-109.84,45,-111.21
1497,7756.23,3900.00,1.50,0,60,0.06,NLOS,118.43,0.85,-99.06,-71.28,4.05,34.98,0,47,-102.58,53,-107.21,59,-107.44,68,-109.43,54,-109.96,45,-111.26
1498,7765.95,3900.00,1.50,0,53,0.03,NLOS,126.76,-17.13,-89.42,-61.64,5.51,34.98,1,60,-95.01,65,-103.94,61,-112.75,46,-115.40,66,-117.42,68,-117.66
1499,7775.67,3900.00,1.50,0,53,0.03,NLOS,127.04,-17.13,-89.69,-61.91,4.89,34.98,0,60,-94.66,65,-103.86,61,-112.72,46,-115.51,66,-117.26,68,-117.61
1500,7785.39,3900.00,1.50,0,53,0.03,NLOS,127.31,-17.13,-89.97,-62.18,4.28,34.98,0,60,-94.31,65,-103.78,61,-112.69,46,-115.61,66,-117.09,68,-117.57
1501,7795.10,3900.00,1.50,0,53,0.03,NLOS,127.58,-15.33,-92.03,-64.25,-2.40,34.98,0,60,-89.82,54,-104.55,52,-111.60,61,-117.83,67,-117.98,59,-118.79
1502,7804.82,3900.00,1.50,0,53,0.03,NLOS,127.84,-15.33,-92.30,-64.52,-2.99,34.98,0,60,-89.47,54,-104.67,52,-111.66,61,-117.81,67,-117.86,59,-118.71
1503,7814.54,3900.00,1.50,0,60,0.07,NLOS,116.34,-6.99,-89.13,-61.34,3.14,34.98,1,53,-92.56,54,-104.79,52,-111.73,67,-117.75,61,-117.78,59,-118.64
1504,7824.25,3900.00,1.50,0,59,0.03,NLOS,129.66,-6.83,-102.61,-74.83,2.13,34.98,1,60,-106.97,67,-109.33,46,-110.63,53,-111.21,24,-114.46,66,-114.71
1505,7833.97,3900.00,1.50,0,59,0.03,NLOS,129.59,-6.83,-102.54,-74.76,2.04,34.98,0,60,-106.63,67,-109.22,46,-110.73,53,-111.46,24,-114.49,66,-114.54
1506,7843.69,3900.00,1.50,0,59,0.03,NLOS,129.53,-6.83,-102.48,-74.70,1.92,34.98,0,60,-106.31,67,-109.10,46,-110.83,53,-111.71,66,-114.37,24,-114.52
1507,7853.41,3900.00,1.50,0,60,0.08,NLOS,115.02,-19.56,-75.24,-47.46,25.21,34.98,1,58,-103.52,67,-104.96,53,-105.89,59,-107.01,54,-109.39,68,-110.10
1508,7863.12,3900.00,1.50,0,60,0.08,NLOS,114.71,-19.56,-74.93,-47.15,25.55,34.98,0,58,-103.51,67,-104.84,53,-106.14,59,-106.96,54,-109.52,68,-110.05
1509,7872.84,3900.00,1.50,0,60,0.08,NLOS,114.41,-19.56,-74.64,-46.85,25.87,34.98,0,58,-103.50,67,-104.72,53,-106.38,59,-106.91,54,-109.64,68,-110.00
1510,7882.56,3900.00,1.50,0,60,0.08,NLOS,114.12,-10.52,-83.38,-55.60,15.96,34.98,0,59,-102.55,54,-102.92,46,-109.36,53,-110.95,56,-117.48,58,-117.59
1511,7892.27,3900.00,1.50,0,60,0.09,NLOS,113.85,-10.52,-83.11,-55.33,16.28,34.98,0,59,-102.50,54,-103.05,46,-109.46,53,-111.19,56,-117.49,58,-117.58
1512,7901.99,3900.00,1.50,0,60,0.09,NLOS,113.59,-10.52,-82.85,-55.07,16.58,34.98,0,59,-102.46,54,-103.17,46,-109.56,53,-111.42,56,-117.51,58,-117.57
1513,7911.71,3900.00,1.50,0,60,0.09,NLOS,113.35,-15.09,-78.04,-50.26,18.14,34.98,0,54,-98.74,59,-100.07,55,-108.15,53,-111.03,42,-112.57,47,-116.23
1514,7921.43,3900.00,1.50,0,60,0.09,NLOS,113.13,-15.09,-77.82,-50.04,18.42,34.98,0,54,-98.86,59,-100.04,55,-108.18,53,-111.26,42,-112.62,47,-116.34
1515,7931.14,3900.00,1.50,0,60,0.09,NLOS,112.93,-15.09,-77.62,-49.84,18.68,34.98,0,54,-98.98,59,-100.01,55,-108.22,53,-111.48,42,-112.67,47,-116.45
1516,7940.86,3900.00,1.50,0,53,0.03,NLOS,131.21,-15.66,-95.33,-67.55,2.60,34.98,1,59,-99.72,54,-103.24,61,-112.90,67,-113.90,47,-114.92,60,-115.11
1517,7950.58,3900.00,1.50,0,53,0.02,NLOS,131.43,-15.66,-95.55,-67.77,2.40,34.98,0,59,-99.70,54,-103.37,61,-112.89,67,-113.78,60,-114.96,47,-115.03
1518,7960.29,3900.00,1.50,0,53,0.02,NLOS,131.64,-15.66,-95.77,-67.99,2.21,34.98,0,59,-99.68,54,-103.49,61,-112.88,67,-113.66,60,-114.83,47,-115.14
1519,7970.01,3900.00,1.50,0,59,0.03,NLOS,129.04,-8.02,-100.81,-73.03,1.50,34.98,1,60,-102.61,48,-112.37,55,-114.68,68,-116.90,65,-118.90,63,-118.90
1520,7979.73,3900.00,1.50,0,59,0.03,NLOS,129.03,-8.02,-100.80,-73.02,1.44,34.98,0,60,-102.54,48,-112.44,55,-114.72,68,-116.86,65,-118.82,63,-118.90
1521,7989.45,3900.00,1.50,0,59,0.03,NLOS,129.03,-8.02,-100.79,-73.01,1.41,34.98,0,60,-102.49,48,-112.51,55,-114.76,68,-116.82,65,-118.75,63,-118.90
1522,7999.16,3900.00,1.50,0,66,0.02,NLOS,132.52,-24.77,-87.53,-59.75,5.66,34.98,1,60,-93.71,54,-98.96,59,-103.23,56,-106.14,50,-109.67,48,-110.37
1523,8000.00,3891.12,1.50,3,66,0.02,NLOS,132.45,-24.77,-87.46,-59.68,6.25,34.98,0,60,-94.34,54,-99.07,59,-102.99,56,-106.19,50,-109.71,48,-110.43
1524,8000.00,3881.40,1.50,3,66,0.02,NLOS,132.40,-24.77,-87.41,-59.63,6.83,34.98,0,60,-95.00,54,-99.18,59,-102.73,56,-106.26,50,-109.76,48,-110.48
1525,8000.00,3871.69,1.50,3,60,0.08,NLOS,114.15,-4.02,-89.92,-62.14,1.02,34.98,1,59,-91.08,52,-106.90,61,-108.07,45,-112.43,67,-113.15,66,-114.72
1526,8000.00,3861.97,1.50,3,60,0.08,NLOS,114.77,-4.02,-90.53,-62.75,0.14,34.98,0,59,-90.80,52,-106.79,61,-108.21,45,-112.37,67,-113.26,66,-114.67
1527,8000.00,3852.25,1.50,3,60,0.07,NLOS,115.36,-4.02,-91.12,-63.34,-0.72,34.98,0,59,-90.52,52,-106.69,61,-108.36,45,-112.32,67,-113.37,66,-114.63
1528,8000.00,3842.54,1.50,3,54,0.02,NLOS,137.52,-17.67,-99.63,-71.85,0.61,34.98,1,47,-103.27,53,-107.08,58,-107.74,60,-108.52,61,-108.96,59,-111.43
1529,8000.00,3832.82,1.50,3,54,0.02,NLOS,137.63,-17.67,-99.74,-71.96,0.60,34.98,0,47,-103.29,53,-107.04,58,-107.63,60,-109.07,61,-109.10,59,-111.14
1530,8000.00,3823.10,1.50,3,54,0.02,NLOS,137.74,-17.67,-99.85,-72.07,0.58,34.98,0,47,-103.31,53,-107.00,58,-107.51,61,-109.24,60,-109.61,59,-110.85
1531,8000.00,3813.38,1.50,3,60,0.06,NLOS,117.54,-11.09,-86.23,-58.45,0.60,34.98,1,53,-88.22,59,-92.54,47,-108.73,42,-113.36,67,-113.75,62,-117.13
1532,8000.00,3803.67,1.50,3,60,0.06,NLOS,118.04,-11.09,-86.74,-58.96,-0.01,34.98,0,53,-88.18,59,-92.24,47,-108.75,42,-113.39,67,-113.86,62,-117.21
1533,8000.00,3793.95,1.50,3,60,0.06,NLOS,118.53,-11.09,-87.23,-59.45,-0.60,34.98,0,53,-88.16,59,-91.93,47,-108.77,42,-113.43,67,-113.97,62,-117.29
1534,8000.00,3784.23,1.50,3,60,0.06,NLOS,119.01,9.26,-108.05,-80.27,-0.19,34.98,0,65,-111.18,35,-111.53,59,-112.25,53,-112.94,61,-115.25,5,-118.93
1535,8000.00,3774.52,1.50,3,60,0.05,NLOS,119.47,9.26,-108.52,-80.74,-0.74,34.98,0,65,-111.07,35,-111.55,59,-111.93,53,-112.91,61,-115.38,5,-118.94
1536,8000.00,3764.80,1.50,3,60,0.05,NLOS,119.92,9.26,-108.97,-81.19,-1.30,34.98,0,65,-110.97,35,-111.57,59,-111.60,53,-112.89,61,-115.51,5,-118.95
1537,8000.00,3755.08,1.50,3,53,0.02,NLOS,131.97,-18.69,-93.06,-65.28,7.68,34.98,1,59,-103.66,41,-105.07,66,-105.11,60,-105.54,52,-111.75,67,-112.11
1538,8000.00,3745.36,1.50,3,53,0.02,NLOS,131.96,-18.69,-93.04,-65.26,7.65,34.98,0,59,-103.32,41,-105.09,66,-105.09,60,-105.97,52,-111.64,67,-112.22
1539,8000.00,3735.65,1.50,3,53,0.02,NLOS,131.94,-18.69,-93.03,-65.25,7.58,34.98,0,59,-102.97,66,-105.08,41,-105.11,60,-106.39,52,-111.53,67,-112.33
1540,8000.00,3725.93,1.50,3,60,0.05,NLOS,121.62,-4.01,-97.38,-69.60,3.71,34.98,1,67,-103.38,54,-109.05,53,-111.57,61,-111.76,40,-112.69,59,-113.00
1541,8000.00,3716.21,1.50,3,60,0.04,NLOS,122.01,-4.01,-97.78,-70.00,3.38,34.98,0,67,-103.49,54,-109.16,53,-111.56,61,-111.89,59,-112.64,40,-112.69
1542,8000.00,3706.50,1.50,3,60,0.04,NLOS,122.40,-4.01,-98.17,-70.39,3.05,34.98,0,67,-103.60,54,-109.27,53,-111.56,61,-112.02,59,-112.27,40,-112.69
1543,8000.00,3703.22,1.50,1,60,0.04,NLOS,122.53,-4.01,-98.30,-70.52,2.94,34.98,0,67,-103.64,54,-109.31,53,-111.56,61,-112.06,59,-112.14,40,-112.69
1544,8000.00,3712.94,1.50,1,60,0.04,NLOS,122.15,-9.14,-92.78,-65.00,5.81,34.98,0,48,-99.04,53,-100.46,58,-107.37,61,-107.80,59,-107.88,67,-111.26
1545,8000.00,3722.66,1.50,1,60,0.05,NLOS,121.75,-9.14,-92.39,-64.61,6.22,34.98,0,48,-98.98,53,-100.46,58,-107.50,61,-107.67,59,-108.25,67,-111.15
1546,8000.00,3732.37,1.50,1,60,0.05,NLOS,121.35,-9.14,-91.98,-64.20,6.64,34.98,0,48,-98.93,53,-100.47,61,-107.54,58,-107.62,59,-108.61,67,-111.04
1547,8000.00,3742.09,1.50,1,60,0.05,NLOS,120.93,-12.30,-88.41,-60.63,8.37,34.98,0,59,-97.19,53,-110.81,66,-111.12,46,-116.14,68,-116.96,63,-117.12
1548,8000.00,3751.81,1.50,1,60,0.05,NLOS,120.51,-12.30,-87.99,-60.21,9.11,34.98,0,59,-97.53,53,-110.83,66,-111.13,46,-116.17,68,-116.88,63,-117.06
1549,8000.00,3761.52,1.50,1,60,0.05,NLOS,120.07,-12.30,-87.55,-59.77,9.85,34.98,0,59,-97.87,53,-110.84,66,-111.15,46,-116.21,68,-116.80,63,-117.01
1550,8000.00,3771.24,1.50,1,60,0.05,NLOS,119.62,-4.05,-95.36,-67.58,-0.12,34.98,0,53,-97.12,59,-101.02,66,-106.36,58,-115.62,68,-115.95,40,-117.73
1551,8000.00,3780.96,1.50,1,60,0.05,NLOS,119.17,-4.05,-94.90,-67.12,0.44,34.98,0,53,-97.14,59,-101.35,66,-106.38,58,-115.74,68,-115.86,40,-117.73
1552,8000.00,3790.68,1.50,1,60,0.06,NLOS,118.69,-4.05,-94.43,-66.65,1.00,34.98,0,53,-97.17,59,-101.66,66,-106.40,68,-115.78,58,-115.85,40,-117.73
1553,8000.00,3800.39,1.50,1,60,0.06,NLOS,118.21,-1.42,-96.57,-68.79,11.87,34.98,0,61,-112.88,68,-114.97,59,-116.64,53,-116.66,57,-116.87,54,-117.25
1554,8000.00,3810.11,1.50,1,60,0.06,NLOS,117.71,-1.42,-96.07,-68.29,12.35,34.98,0,61,-112.75,68,-114.88,53,-116.69,57,-116.82,59,-116.95,54,-117.14
1555,8000.00,3819.83,1.50,1,60,0.06,NLOS,117.20,-1.42,-95.55,-67.77,12.83,34.98,0,61,-112.61,68,-114.80,53,-116.73,57,-116.77,54,-117.03,59,-117.25
1556,8000.00,3829.54,1.50,1,60,0.07,NLOS,116.67,-10.31,-86.14,-58.36,12.26,34.98,0,59,-98.70,47,-104.59,65,-105.41,58,-109.24,54,-112.10,56,-114.67
1557,8000.00,3839.26,1.50,1,60,0.07,NLOS,116.12,-10.31,-85.59,-57.81,13.08,34.98,0,59,-98.99,47,-104.57,65,-105.52,58,-109.36,54,-111.99,56,-114.61
1558,8000.00,3848.98,1.50,1,60,0.07,NLOS,115.55,-10.31,-85.03,-57.25,13.90,34.98,0,59,-99.28,47,-104.55,65,-105.62,58,-109.47,54,-111.88,56,-114.54
1559,8000.00,3858.70,1.50,1,60,0.08,NLOS,114.97,-2.98,-91.77,-63.99,-0.42,34.98,0,59,-94.06,61,-95.46,66,-106.39,53,-106.56,54,-110.65,52,-115.85
1560,8000.00,3868.41,1.50,1,60,0.08,NLOS,114.36,-2.98,-91.17,-63.39,0.27,34.98,0,59,-94.34,61,-95.32,66,-106.44,53,-106.61,54,-110.54,52,-115.95
1561,8000.00,3878.13,1.50,1,60,0.09,NLOS,113.74,-2.98,-90.54,-62.76,0.97,34.98,0,59,-94.61,61,-95.17,66,-106.49,53,-106.66,54,-110.43,52,-116.05
1562,8000.00,3887.85,1.50,1,59,0.03,NLOS,128.70,-11.55,-96.93,-69.15,2.86,34.98,1,60,-100.22,67,-110.74,61,-111.99,41,-113.94,52,-116.10,66,-116.16
1563,8000.00,3897.56,1.50,1,59,0.03,NLOS,128.96,-11.55,-97.20,-69.41,1.98,34.98,0,60,-99.55,67,-110.63,61,-111.84,41,-113.92,52,-116.20,66,-116.21
1564,8007.28,3900.00,1.50,0,59,0.03,NLOS,129.03,-11.55,-97.26,-69.48,1.77,34.98,0,60,-99.38,67,-110.51,61,-111.80,41,-113.97,66,-116.07,52,-116.28
1565,8017.00,3900.00,1.50,0,60,0.10,NLOS,112.28,-5.32,-86.74,-58.96,11.08,34.98,1,59,-99.13,66,-104.29,52,-111.06,48,-113.13,47,-113.40,54,-114.93
1566,8026.72,3900.00,1.50,0,60,0.10,NLOS,112.34,-5.32,-86.81,-59.03,10.98,34.98,0,59,-99.13,66,-104.08,52,-111.13,48,-113.20,47,-113.50,54,-115.05
1567,8036.43,3900.00,1.50,0,60,0.10,NLOS,112.43,-5.32,-86.90,-59.12,10.85,34.98,0,59,-99.15,66,-103.86,52,-111.21,48,-113.27,47,-113.61,54,-115.17
1568,8046.15,3900.00,1.50,0,58,0.01,NLOS,143.67,-19.13,-104.32,-76.54,0.18,34.98,1,59,-108.05,65,-109.79,60,-110.93,66,-111.12,67,-113.44,39,-116.97
1569,8055.87,3900.00,1.50,0,58,0.01,NLOS,143.67,-19.13,-104.32,-76.54,0.12,34.98,0,59,-108.07,65,-109.72,66,-110.90,60,-111.08,67,-113.32,39,-117.03
1570,8065.58,3900.00,1.50,0,58,0.01,NLOS,143.68,-19.13,-104.33,-76.55,0.06,34.98,0,59,-108.10,65,-109.65,66,-110.68,60,-111.25,67,-113.20,39,-117.09
1571,8075.30,3900.00,1.50,0,60,0.09,NLOS,113.06,-3.05,-89.79,-62.01,13.83,34.98,1,54,-108.05,66,-110.41,59,-110.65,52,-112.58,42,-112.89,53,-113.41
1572,8085.02,3900.00,1.50,0,60,0.09,NLOS,113.28,-3.05,-90.00,-62.22,13.63,34.98,0,54,-108.17,66,-110.19,59,-110.69,52,-112.65,42,-112.94,53,-113.60
1573,8094.73,3900.00,1.50,0,60,0.09,NLOS,113.51,-3.05,-90.24,-62.45,13.41,34.98,0,54,-108.29,66,-109.96,59,-110.72,52,-112.73,42,-112.99,53,-113.79
1574,8104.45,3900.00,1.50,0,60,0.09,NLOS,113.76,-4.16,-89.38,-61.60,12.57,34.98,0,54,-102.53,52,-105.35,68,-113.60,61,-114.56,65,-115.23,48,-116.16
1575,8114.17,3900.00,1.50,0,60,0.08,NLOS,114.03,-4.16,-89.65,-61.86,12.40,34.98,0,54,-102.64,52,-105.42,68,-113.56,61,-114.58,65,-115.17,48,-116.23
1576,8123.89,3900.00,1.50,0,60,0.08,NLOS,114.31,-4.16,-89.93,-62.15,12.22,34.98,0,54,-102.76,52,-105.50,68,-113.52,61,-114.59,65,-115.10,48,-116.30
1577,8133.60,3900.00,1.50,0,60,0.08,NLOS,114.61,0.67,-95.06,-67.28,7.69,34.98,0,59,-104.32,66,-111.26,53,-112.80,69,-113.20,48,-116.02,67,-116.72
1578,8143.32,3900.00,1.50,0,60,0.08,NLOS,114.91,0.67,-95.36,-67.58,7.39,34.98,0,59,-104.37,66,-111.02,53,-112.98,69,-113.19,48,-116.09,67,-116.59
1579,8153.04,3900.00,1.50,0,60,0.08,NLOS,115.23,0.67,-95.68,-67.90,7.09,34.98,0,59,-104.43,66,-110.77,53,-113.15,69,-113.17,48,-116.16,67,-116.47
1580,8162.75,3900.00,1.50,0,60,0.07,NLOS,115.55,-5.70,-89.64,-61.86,15.91,34.98,0,67,-105.88,33,-113.21,47,-114.22,64,-117.41,52,-117.51,34,-118.74
1581,8172.47,3900.00,1.50,0,60,0.07,NLOS,115.89,-5.70,-89.97,-62.19,15.47,34.98,0,67,-105.75,33,-113.26,47,-114.32,64,-117.42,52,-117.59,34,-118.80
1582,8182.19,3900.00,1.50,0,60,0.07,NLOS,116.22,-5.70,-90.31,-62.53,15.03,34.98,0,67,-105.63,33,-113.31,47,-114.42,64,-117.42,52,-117.67,34,-118.85
1583,8191.91,3900.00,1.50,0,60,0.07,NLOS,116.56,-17.02,-79.32,-51.54,16.72,34.98,0,61,-99.01,59,-102.78,67,-103.64,66,-105.94,52,-107.78,47,-113.46
1584,8198.38,3900.00,1.50,2,60,0.07,NLOS,116.79,-17.02,-79.55,-51.77,16.48,34.98,0,61,-99.03,59,-102.83,67,-103.56,66,-105.77,52,-107.83,47,-113.53
1585,8188.66,3900.00,1.50,2,60,0.07,NLOS,116.45,-17.02,-79.21,-51.43,16.84,34.98,0,61,-99.01,59,-102.75,67,-103.68,66,-106.03,52,-107.75,47,-113.43
1586,8178.94,3900.00,1.50,2,60,0.07,NLOS,116.11,-4.89,-91.00,-63.22,3.96,34.98,0,67,-95.29,66,-109.65,59,-110.37,68,-111.02,57,-117.53,54,-117.61
1587,8169.23,3900.00,1.50,2,60,0.07,NLOS,115.77,-4.89,-90.67,-62.89,4.41,34.98,0,67,-95.41,66,-109.91,59,-110.30,68,-111.05,54,-117.50,57,-117.52
1588,8159.51,3900.00,1.50,2,60,0.07,NLOS,115.45,-4.89,-90.34,-62.56,4.86,34.98,0,67,-95.53,66,-110.16,59,-110.24,68,-111.09,54,-117.38,57,-117.50
1589,8149.79,3900.00,1.50,2,61,0.02,NLOS,138.58,-12.88,-105.48,-77.69,2.85,34.98,1,66,-109.35,60,-110.16,53,-110.25,48,-110.26,46,-114.00,54,-115.85
1590,8140.07,3900.00,1.50,2,61,0.02,NLOS,138.56,-12.88,-105.46,-77.67,2.65,34.98,0,66,-109.59,60,-109.84,53,-110.08,48,-110.19,46,-113.92,54,-115.73
1591,8130.36,3900.00,1.50,2,61,0.02,NLOS,138.54,-12.88,-105.44,-77.66,2.45,34.98,0,60,-109.54,66,-109.84,53,-109.90,48,-110.12,46,-113.83,54,-115.61
1592,8120.64,3900.00,1.50,2,60,0.08,NLOS,114.22,-4.19,-89.80,-62.02,16.74,34.98,1,65,-105.43,53,-107.27,47,-110.91,52,-114.40,5,-118.19,58,-118.24
1593,8110.92,3900.00,1.50,2,60,0.08,NLOS,113.94,-4.19,-89.52,-61.74,16.86,34.98,0,65,-105.50,53,-107.09,47,-110.81,52,-114.33,5,-118.17,58,-118.23
1594,8101.21,3900.00,1.50,2,60,0.09,NLOS,113.67,-4.19,-89.26,-61.48,16.97,34.98,0,65,-105.57,53,-106.91,47,-110.71,52,-114.25,5,-118.15,58,-118.22
1595,8091.49,3900.00,1.50,2,59,0.03,NLOS,129.20,-14.77,-94.22,-66.43,10.63,34.98,1,65,-108.74,53,-111.14,54,-111.25,52,-111.83,61,-113.15,60,-115.13
1596,8081.77,3900.00,1.50,2,59,0.03,NLOS,129.17,-14.77,-94.18,-66.40,10.62,34.98,0,65,-108.81,53,-110.95,54,-111.13,52,-111.75,61,-113.14,60,-114.90
1597,8072.05,3900.00,1.50,2,59,0.03,NLOS,129.14,-14.77,-94.15,-66.37,10.61,34.98,0,65,-108.88,53,-110.76,54,-111.01,52,-111.68,61,-113.13,60,-114.70
1598,8062.34,3900.00,1.50,2,60,0.09,NLOS,112.81,11.86,-104.45,-76.67,2.09,34.98,1,65,-106.75,70,-107.03,55,-108.73,59,-109.35,45,-112.67,66,-113.06
1599,8052.62,3900.00,1.50,2,60,0.10,NLOS,112.65,11.86,-104.29,-76.51,2.29,34.98,0,65,-106.82,70,-107.04,55,-108.69,59,-109.33,45,-112.62,66,-113.28
1600,8042.90,3900.00,1.50,2,60,0.10,NLOS,112.51,11.86,-104.15,-76.37,2.46,34.98,0,65,-106.89,70,-107.05,55,-108.65,59,-109.31,45,-112.56,66,-113.50
1601,8033.19,3900.00,1.50,2,60,0.10,NLOS,112.40,13.13,-105.31,-77.53,-3.20,34.98,0,61,-105.32,53,-106.38,55,-107.48,66,-112.27,45,-114.29,70,-116.05
1602,8023.47,3900.00,1.50,2,60,0.10,NLOS,112.32,13.13,-105.23,-77.45,-3.17,34.98,0,61,-105.32,53,-106.18,55,-107.44,66,-112.48,45,-114.23,70,-116.06
1603,8013.75,3900.00,1.50,2,60,0.10,NLOS,112.26,13.13,-105.18,-77.39,-3.18,34.98,0,61,-105.32,53,-105.98,55,-107.39,66,-112.69,45,-114.18,70,-116.07
1604,8004.03,3900.00,1.50,2,60,0.10,NLOS,112.24,2.64,-94.66,-66.88,8.56,34.98,0,58,-97.61,53,-104.25,65,-110.45,66,-114.62,59,-114.76,67,-116.43
1605,7994.32,3900.00,1.50,2,60,0.10,NLOS,112.24,2.64,-94.66,-66.88,8.41,34.98,0,58,-97.61,53,-104.05,65,-110.52,59,-114.76,66,-114.83,67,-116.55
1606,7984.60,3900.00,1.50,2,60,0.10,NLOS,112.27,2.64,-94.69,-66.91,8.23,34.98,0,58,-97.61,53,-103.84,65,-110.59,59,-114.77,66,-115.03,67,-116.67
1607,7974.88,3900.00,1.50,2,60,0.10,NLOS,112.33,2.38,-94.49,-66.71,6.53,34.98,0,54,-106.43,59,-106.64,66,-106.74,52,-108.47,42,-109.49,61,-109.68
1608,7965.17,3900.00,1.50,2,60,0.10,NLOS,112.42,2.38,-94.58,-66.80,6.47,34.98,0,54,-106.31,59,-106.65,66,-106.94,52,-108.39,42,-109.44,61,-109.68
1609,7955.45,3900.00,1.50,2,60,0.10,NLOS,112.53,2.38,-94.70,-66.92,6.37,34.98,0,54,-106.19,59,-106.67,66,-107.14,52,-108.32,42,-109.39,61,-109.69
1610,7945.73,3900.00,1.50,2,60,0.10,NLOS,112.67,8.47,-100.92,-73.14,2.65,34.98,0,54,-104.08,5,-109.77,52,-115.06,53,-116.56,59,-118.92,55,-119.23
1611,7936.01,3900.00,1.50,2,60,0.09,NLOS,112.84,8.47,-101.09,-73.31,2.37,34.98,0,54,-103.96,5,-109.75,52,-114.99,53,-116.34,59,-118.95,55,-119.19
1612,7926.30,3900.00,1.50,2,60,0.09,NLOS,113.03,8.47,-101.28,-73.50,2.06,34.98,0,54,-103.84,5,-109.73,52,-114.92,53,-116.12,59,-118.97,55,-119.15
1613,7916.58,3900.00,1.50,2,60,0.09,NLOS,113.24,-1.87,-91.15,-63.37,9.51,34.98,0,67,-102.16,59,-106.36,65,-106.99,48,-107.43,62,-115.13,32,-116.79
1614,7906.86,3900.00,1.50,2,60,0.09,NLOS,113.47,-1.87,-91.38,-63.60,9.37,34.98,0,67,-102.28,59,-106.39,65,-107.06,48,-107.36,62,-115.13,32,-116.74
1615,7897.15,3900.00,1.50,2,60,0.09,NLOS,113.72,-1.87,-91.63,-63.85,9.22,34.98,0,67,-102.40,59,-106.43,65,-107.14,48,-107.28,62,-115.13,32,-116.70
1616,7887.43,3900.00,1.50,2,60,0.08,NLOS,113.98,-5.25,-88.51,-60.73,12.92,34.98,0,59,-105.88,54,-106.47,61,-108.93,53,-110.50,48,-112.21,64,-112.79
1617,7877.71,3900.00,1.50,2,60,0.08,NLOS,114.26,-5.25,-88.80,-61.01,12.59,34.98,0,59,-105.93,54,-106.35,61,-108.95,53,-110.26,48,-112.13,64,-112.79
1618,7867.99,3900.00,1.50,2,60,0.08,NLOS,114.56,-5.25,-89.09,-61.31,12.25,34.98,0,59,-105.98,54,-106.23,61,-108.96,53,-110.02,48,-112.06,64,-112.79
1619,7858.28,3900.00,1.50,2,60,0.08,NLOS,114.86,-3.91,-90.74,-62.95,13.72,34.98,0,59,-107.35,53,-110.96,61,-112.80,65,-115.04,63,-115.66,19,-116.33
1620,7848.56,3900.00,1.50,2,60,0.08,NLOS,115.18,-3.91,-91.05,-63.27,13.38,34.98,0,59,-107.41,53,-110.71,61,-112.82,65,-115.12,63,-115.66,19,-116.29
1621,7838.84,3900.00,1.50,2,60,0.07,NLOS,115.50,-3.91,-91.37,-63.59,13.03,34.98,0,59,-107.47,53,-110.46,61,-112.84,65,-115.20,63,-115.66,19,-116.26
1622,7829.13,3900.00,1.50,2,60,0.07,NLOS,115.83,-3.37,-92.24,-64.46,3.01,34.98,0,54,-96.97,55,-98.85,59,-103.75,53,-103.85,52,-108.40,58,-111.37
1623,7819.41,3900.00,1.50,2,60,0.07,NLOS,116.17,-3.37,-92.58,-64.80,2.57,34.98,0,54,-96.85,55,-98.81,53,-103.60,59,-103.82,52,-108.34,58,-111.38
1624,7809.69,3900.00,1.50,2,60,0.07,NLOS,116.51,-3.37,-92.92,-65.14,2.13,34.98,0,54,-96.73,55,-98.78,53,-103.34,59,-103.89,52,-108.27,58,-111.39
1625,7799.98,3900.00,1.50,2,53,0.03,NLOS,127.71,-21.78,-85.71,-57.93,4.04,34.98,1,60,-89.93,59,-104.72,66,-107.36,67,-109.19,61,-111.49,54,-113.41
1626,7790.26,3900.00,1.50,2,53,0.03,NLOS,127.44,-21.78,-85.45,-57.66,4.64,34.98,0,60,-90.28,59,-104.80,66,-107.53,67,-109.31,61,-111.52,54,-113.29
1627,7780.54,3900.00,1.50,2,53,0.03,NLOS,127.17,-21.78,-85.18,-57.39,5.24,34.98,0,60,-90.63,59,-104.88,66,-107.69,67,-109.42,61,-111.55,54,-113.17
1628,7770.82,3900.00,1.50,2,60,0.06,NLOS,117.90,2.69,-100.37,-72.59,6.82,34.98,1,54,-109.49,61,-113.77,55,-114.85,68,-116.18,49,-117.20,33,-117.66
1629,7761.11,3900.00,1.50,2,60,0.06,NLOS,118.25,2.69,-100.72,-72.94,6.41,34.98,0,54,-109.38,61,-113.80,55,-114.82,68,-116.22,49,-117.17,33,-117.61
1630,7751.39,3900.00,1.50,2,60,0.06,NLOS,118.60,2.69,-101.07,-73.29,6.00,34.98,0,54,-109.26,61,-113.83,55,-114.78,68,-116.27,49,-117.13,33,-117.55
1631,7741.67,3900.00,1.50,2,53,0.03,NLOS,126.06,-17.95,-87.89,-60.10,3.35,34.98,1,52,-92.64,54,-97.28,61,-108.53,60,-108.93,59,-111.41,67,-111.98
1632,7731.96,3900.00,1.50,2,53,0.03,NLOS,125.77,-17.95,-87.60,-59.81,3.57,34.98,0,52,-92.58,54,-97.16,61,-108.56,60,-109.28,59,-111.51,67,-112.10
1633,7722.24,3900.00,1.50,2,53,0.04,NLOS,125.47,-17.95,-87.30,-59.52,3.80,34.98,0,52,-92.52,54,-97.04,61,-108.60,60,-109.62,59,-111.60,67,-112.21
1634,7712.52,3900.00,1.50,2,59,0.03,NLOS,130.62,-18.77,-91.63,-63.85,6.57,34.98,1,53,-100.73,33,-103.97,52,-105.98,58,-106.63,60,-107.43,45,-108.53
1635,7702.80,3900.00,1.50,2,59,0.03,NLOS,130.72,-18.77,-91.73,-63.95,6.33,34.98,0,53,-100.43,33,-103.91,52,-105.92,58,-106.66,60,-107.77,45,-108.47
1636,7693.09,3900.00,1.50,2,59,0.03,NLOS,130.82,-18.77,-91.83,-64.05,6.08,34.98,0,53,-100.12,33,-103.85,52,-105.87,58,-106.68,60,-108.11,45,-108.42
1637,7683.37,3900.00,1.50,2,53,0.04,NLOS,124.25,-13.64,-90.40,-62.61,9.27,34.98,1,54,-100.02,58,-106.14,67,-107.40,40,-111.20,56,-111.98,55,-113.48
1638,7673.65,3900.00,1.50,2,53,0.04,NLOS,123.94,-13.64,-90.08,-62.30,9.49,34.98,0,54,-99.91,58,-106.17,67,-107.51,40,-111.12,56,-111.97,55,-113.46
1639,7663.94,3900.00,1.50,2,53,0.04,NLOS,123.62,-13.64,-89.76,-61.98,9.71,34.98,0,54,-99.80,58,-106.19,67,-107.62,40,-111.03,56,-111.96,55,-113.43
1640,7654.22,3900.00,1.50,2,61,0.02,NLOS,139.22,-25.23,-93.77,-65.99,10.27,34.98,1,60,-107.18,55,-108.63,52,-111.20,59,-112.09,67,-114.62,58,-115.43
1641,7644.50,3900.00,1.50,2,61,0.02,NLOS,139.26,-25.23,-93.81,-66.03,10.37,34.98,0,60,-107.50,55,-108.60,52,-111.15,59,-112.21,67,-114.73,58,-115.45
1642,7634.78,3900.00,1.50,2,61,0.02,NLOS,139.31,-25.23,-93.86,-66.08,10.47,34.98,0,60,-107.82,55,-108.57,52,-111.10,59,-112.32,67,-114.84,58,-115.48
1643,7625.07,3900.00,1.50,2,60,0.04,NLOS,122.97,-10.67,-92.08,-64.30,16.90,34.98,1,47,-108.25,59,-110.75,58,-112.14,52,-113.02,5,-115.34,53,-116.12
1644,7615.35,3900.00,1.50,2,60,0.04,NLOS,123.28,-10.67,-92.40,-64.61,16.60,34.98,0,47,-108.11,59,-110.87,58,-112.17,52,-112.98,5,-115.32,53,-115.78
1645,7605.63,3900.00,1.50,2,60,0.04,NLOS,123.59,-10.67,-92.71,-64.92,16.30,34.98,0,47,-107.97,59,-110.98,58,-112.20,52,-112.93,5,-115.30,53,-115.43
1646,7595.92,3900.00,1.50,2,54,0.02,NLOS,131.96,-17.33,-94.40,-66.62,3.76,34.98,1,60,-101.28,61,-103.33,55,-107.26,52,-108.79,53,-109.88,41,-111.72
1647,7586.20,3900.00,1.50,2,54,0.02,NLOS,131.86,-17.33,-94.30,-66.52,3.99,34.98,0,60,-101.59,61,-103.38,55,-107.24,52,-108.74,53,-109.52,41,-111.64
1648,7576.48,3900.00,1.50,2,54,0.02,NLOS,131.76,-17.33,-94.21,-66.42,4.21,34.98,0,60,-101.89,61,-103.43,55,-107.22,52,-108.70,53,-109.15,41,-111.56
1649,7566.76,3900.00,1.50,2,59,0.02,NLOS,132.29,-21.17,-90.91,-63.13,4.02,34.98,1,53,-95.18,54,-98.61,67,-100.95,60,-108.39,42,-113.25,40,-115.37
1650,7557.05,3900.00,1.50,2,59,0.02,NLOS,132.41,-21.17,-91.03,-63.25,3.56,34.98,0,53,-94.81,54,-98.52,67,-101.06,60,-108.68,42,-113.19,40,-115.28
1651,7547.33,3900.00,1.50,2,59,0.02,NLOS,132.54,-21.17,-91.15,-63.37,3.08,34.98,0,53,-94.43,54,-98.43,67,-101.16,60,-108.97,42,-113.14,40,-115.19
1652,7537.61,3900.00,1.50,2,60,0.03,NLOS,125.66,-20.78,-84.66,-56.88,6.95,34.98,1,53,-91.74,59,-108.31,47,-112.25,46,-113.43,48,-116.04,54,-116.05
1653,7527.90,3900.00,1.50,2,60,0.03,NLOS,125.94,-20.78,-84.94,-57.16,6.30,34.98,0,53,-91.35,59,-108.44,47,-112.10,46,-113.32,54,-115.96,48,-115.97
1654,7518.18,3900.00,1.50,2,60,0.03,NLOS,126.22,-20.78,-85.22,-57.44,5.64,34.98,0,53,-90.96,59,-108.56,47,-111.95,46,-113.20,54,-115.87,48,-115.89
1655,7508.46,3900.00,1.50,2,54,0.03,NLOS,131.12,-7.57,-103.34,-75.56,0.64,34.98,1,60,-107.09,53,-107.80,58,-108.47,49,-111.74,67,-113.43,45,-115.48
1656,7498.74,3900.00,1.50,2,54,0.03,NLOS,131.04,-7.57,-103.26,-75.47,0.68,34.98,0,60,-107.36,53,-107.40,58,-108.50,49,-111.70,67,-113.53,45,-115.43
1657,7489.03,3900.00,1.50,2,54,0.03,NLOS,130.96,-7.57,-103.18,-75.39,0.69,34.98,0,53,-107.00,60,-107.63,58,-108.54,49,-111.67,67,-113.63,45,-115.38
1658,7479.31,3900.00,1.50,2,54,0.03,NLOS,130.88,-23.28,-87.38,-59.60,5.63,34.98,0,53,-95.32,48,-98.75,61,-102.64,42,-103.71,52,-105.37,66,-107.93
1659,7469.59,3900.00,1.50,2,54,0.03,NLOS,130.81,-23.28,-87.31,-59.53,5.45,34.98,0,53,-94.91,48,-98.68,61,-102.70,42,-103.66,52,-105.34,40,-107.99
1660,7459.88,3900.00,1.50,2,54,0.03,NLOS,130.74,-23.28,-87.24,-59.45,5.25,34.98,0,53,-94.50,48,-98.60,61,-102.76,42,-103.60,52,-105.31,40,-107.90
1661,7450.16,3900.00,1.50,2,53,0.07,NLOS,115.39,-11.27,-83.91,-56.13,12.22,34.98,1,60,-96.27,40,-106.92,48,-107.12,65,-107.82,61,-109.69,54,-113.39
1662,7440.44,3900.00,1.50,2,53,0.08,NLOS,114.98,-11.27,-83.50,-55.71,12.87,34.98,0,60,-96.52,40,-106.83,48,-107.05,65,-107.89,61,-109.75,54,-113.33
1663,7430.72,3900.00,1.50,2,53,0.08,NLOS,114.57,-11.27,-83.09,-55.30,13.52,34.98,0,60,-96.77,40,-106.73,48,-106.97,65,-107.97,61,-109.81,54,-113.26
1664,7421.01,3900.00,1.50,2,53,0.08,NLOS,114.16,0.70,-94.64,-66.86,3.59,34.98,0,60,-100.14,36,-105.89,59,-105.92,49,-106.23,52,-108.89,54,-109.94
1665,7411.29,3900.00,1.50,2,53,0.09,NLOS,113.76,0.70,-94.24,-66.46,4.17,34.98,0,60,-100.38,36,-105.85,59,-106.05,49,-106.19,52,-108.87,54,-109.89
1666,7401.57,3900.00,1.50,2,53,0.09,NLOS,113.36,0.70,-93.84,-66.06,4.73,34.98,0,60,-100.62,36,-105.81,49,-106.16,59,-106.18,52,-108.85,54,-109.83
1667,7408.14,3900.00,1.50,0,53,0.09,NLOS,113.63,-8.14,-85.27,-57.49,28.26,34.98,0,67,-93.45,42,-104.97,66,-112.50,48,-115.65,54,-116.37,69,-117.36
1668,7417.86,3900.00,1.50,0,53,0.08,NLOS,114.03,-8.14,-85.67,-57.89,27.90,34.98,0,67,-93.35,42,-105.02,66,-112.38,48,-115.72,54,-116.43,69,-117.34
1669,7427.58,3900.00,1.50,0,53,0.08,NLOS,114.44,-8.14,-86.08,-58.30,27.54,34.98,0,67,-93.25,42,-105.08,66,-112.26,48,-115.79,54,-116.49,69,-117.31
1670,7437.29,3900.00,1.50,0,53,0.08,NLOS,114.85,3.22,-97.85,-70.07,5.20,34.98,0,61,-106.57,54,-107.71,47,-107.82,52,-111.32,68,-112.67,60,-112.83
1671,7447.01,3900.00,1.50,0,53,0.08,NLOS,115.26,3.22,-98.26,-70.48,4.84,34.98,0,61,-106.50,54,-107.78,47,-107.98,52,-111.35,60,-112.58,68,-112.62
1672,7456.73,3900.00,1.50,0,53,0.07,NLOS,115.67,3.22,-98.67,-70.89,4.47,34.98,0,61,-106.45,54,-107.85,47,-108.15,52,-111.37,60,-112.32,68,-112.56
1673,7466.45,3900.00,1.50,0,53,0.07,NLOS,116.08,2.76,-98.62,-70.84,0.67,34.98,0,54,-102.34,52,-102.64,55,-109.13,65,-109.31,39,-113.01,37,-115.37
1674,7476.16,3900.00,1.50,0,53,0.07,NLOS,116.49,2.76,-99.03,-71.25,0.32,34.98,0,54,-102.41,52,-102.67,55,-109.15,65,-109.23,39,-113.08,37,-115.40
1675,7485.88,3900.00,1.50,0,53,0.07,NLOS,116.90,2.76,-99.44,-71.65,-0.04,34.98,0,54,-102.49,52,-102.70,65,-109.16,55,-109.16,39,-113.15,37,-115.43
1676,7495.60,3900.00,1.50,0,53,0.06,NLOS,117.30,-10.07,-87.02,-59.23,5.16,34.98,0,59,-93.31,54,-99.09,62,-101.86,60,-108.57,41,-114.70,32,-115.23
1677,7505.31,3900.00,1.50,0,53,0.06,NLOS,117.70,-10.07,-87.42,-59.64,4.67,34.98,0,59,-93.18,54,-99.17,62,-101.84,60,-108.30,41,-114.78,32,-115.28
1678,7515.03,3900.00,1.50,0,53,0.06,NLOS,118.10,-10.07,-87.81,-60.03,4.19,34.98,0,59,-93.06,54,-99.25,62,-101.82,60,-108.03,41,-114.86,32,-115.33
1679,7524.75,3900.00,1.50,0,53,0.06,NLOS,118.49,-13.20,-85.07,-57.29,14.63,34.98,0,54,-102.27,60,-103.94,61,-108.93,58,-110.87,59,-111.94,67,-112.02
1680,7534.47,3900.00,1.50,0,53,0.06,NLOS,118.88,-13.20,-85.46,-57.68,14.18,34.98,0,54,-102.35,60,-103.66,61,-108.88,58,-110.84,59,-111.81,67,-111.91
1681,7544.18,3900.00,1.50,0,53,0.05,NLOS,119.27,-13.20,-85.85,-58.07,13.72,34.98,0,54,-102.44,60,-103.38,61,-108.83,58,-110.81,59,-111.69,67,-111.81
1682,7553.90,3900.00,1.50,0,53,0.05,NLOS,119.65,-26.53,-72.90,-45.12,27.21,34.98,0,54,-101.25,63,-105.37,35,-105.45,48,-110.56,52,-110.86,47,-111.35
1683,7563.62,3900.00,1.50,0,53,0.05,NLOS,120.03,-26.53,-73.27,-45.49,26.90,34.98,0,54,-101.35,63,-105.36,35,-105.51,48,-110.63,52,-110.90,47,-111.50
1684,7573.33,3900.00,1.50,0,53,0.05,NLOS,120.40,-26.53,-73.64,-45.86,26.60,34.98,0,54,-101.44,63,-105.35,35,-105.56,48,-110.71,52,-110.94,47,-111.65
1685,7583.05,3900.00,1.50,0,53,0.05,NLOS,120.76,-4.15,-96.40,-68.62,-0.86,34.98,0,60,-95.76,48,-101.47,67,-110.60,59,-113.88,54,-114.24,47,-115.39
1686,7592.77,3900.00,1.50,0,53,0.05,NLOS,121.12,-4.15,-96.76,-68.98,-1.51,34.98,0,60,-95.46,48,-101.55,67,-110.50,59,-113.76,54,-114.34,47,-115.54
1687,7602.49,3900.00,1.50,0,53,0.05,NLOS,121.48,-4.15,-97.12,-69.33,-2.15,34.98,0,60,-95.15,48,-101.62,67,-110.39,59,-113.64,54,-114.45,47,-115.68
1688,7612.20,3900.00,1.50,0,60,0.04,NLOS,123.38,-12.50,-90.66,-62.88,6.28,34.98,1,53,-96.98,68,-110.57,48,-112.03,62,-113.95,46,-118.13,5,-120.15
1689,7621.92,3900.00,1.50,0,60,0.04,NLOS,123.07,-12.50,-90.35,-62.57,6.93,34.98,0,53,-97.32,68,-110.51,48,-112.10,62,-113.93,46,-118.24,5,-120.17
1690,7631.64,3900.00,1.50,0,60,0.04,NLOS,122.75,-12.50,-90.03,-62.25,7.59,34.98,0,53,-97.66,68,-110.46,48,-112.18,62,-113.92,46,-118.35,5,-120.19
1691,7641.35,3900.00,1.50,0,54,0.02,NLOS,132.45,-21.41,-90.82,-63.04,2.74,34.98,1,60,-94.08,67,-101.59,47,-106.89,53,-107.75,66,-111.42,55,-112.60
1692,7651.07,3900.00,1.50,0,54,0.02,NLOS,132.55,-21.41,-90.93,-63.15,2.36,34.98,0,60,-93.75,67,-101.48,47,-107.03,53,-108.08,66,-111.27,55,-112.62
1693,7660.79,3900.00,1.50,0,54,0.02,NLOS,132.66,-21.41,-91.04,-63.26,1.97,34.98,0,60,-93.43,67,-101.37,47,-107.17,53,-108.41,66,-111.13,55,-112.65
1694,7670.51,3900.00,1.50,0,60,0.05,NLOS,121.45,-10.13,-91.11,-63.33,5.92,34.98,1,59,-100.34,61,-103.41,41,-103.95,53,-104.32,67,-109.08,46,-110.70
1695,7680.22,3900.00,1.50,0,60,0.05,NLOS,121.12,-10.13,-90.77,-62.99,6.24,34.98,0,59,-100.24,61,-103.37,41,-104.03,53,-104.63,67,-108.97,66,-110.79
1696,7689.94,3900.00,1.50,0,60,0.05,NLOS,120.78,-10.13,-90.44,-62.66,6.55,34.98,0,59,-100.13,61,-103.33,41,-104.11,53,-104.95,67,-108.86,66,-110.64
1697,7699.66,3900.00,1.50,0,53,0.04,NLOS,124.77,-26.66,-77.90,-50.12,16.91,34.98,1,59,-95.64,66,-103.30,60,-104.94,54,-106.22,68,-108.10,41,-112.92
1698,7709.37,3900.00,1.50,0,53,0.04,NLOS,125.08,-26.66,-78.20,-50.42,16.49,34.98,0,59,-95.54,66,-103.15,60,-104.60,54,-106.33,68,-108.05,41,-113.00
1699,7719.09,3900.00,1.50,0,53,0.04,NLOS,125.38,-26.66,-78.50,-50.72,16.09,34.98,0,59,-95.44,66,-102.99,60,-104.26,54,-106.45,68,-108.00,41,-113.07
1700,7728.81,3900.00,1.50,0,60,0.05,NLOS,119.41,-3.02,-96.17,-68.39,4.99,34.98,1,53,-105.46,54,-105.86,67,-108.51,59,-111.40,49,-113.31,41,-117.31
1701,7738.53,3900.00,1.50,0,60,0.05,NLOS,119.06,-3.02,-95.82,-68.04,5.46,34.98,0,53,-105.75,54,-105.98,67,-108.39,59,-111.31,49,-113.35,41,-117.39
1702,7748.24,3900.00,1.50,0,60,0.06,NLOS,118.71,-3.02,-95.47,-67.69,5.91,34.98,0,53,-106.04,54,-106.10,67,-108.28,59,-111.22,49,-113.39,41,-117.46
1703,7757.96,3900.00,1.50,0,53,0.03,NLOS,126.53,-12.62,-93.69,-65.91,14.49,34.98,1,66,-95.90,65,-101.10,61,-104.21,47,-111.09,59,-113.72,35,-114.57
1704,7767.68,3900.00,1.50,0,53,0.03,NLOS,126.81,-12.62,-93.97,-66.19,14.21,34.98,0,66,-95.74,65,-101.03,61,-104.18,47,-111.21,59,-113.63,35,-114.62
1705,7777.39,3900.00,1.50,0,53,0.03,NLOS,127.09,-12.62,-94.25,-66.47,13.93,34.98,0,66,-95.58,65,-100.95,61,-104.15,47,-111.34,59,-113.55,35,-114.67
1706,7787.11,3900.00,1.50,0,60,0.06,NLOS,117.31,-4.46,-92.64,-64.86,5.15,34.98,1,53,-99.31,59,-104.48,68,-105.61,54,-109.94,47,-111.68,55,-115.15
1707,7796.83,3900.00,1.50,0,60,0.06,NLOS,116.96,-4.46,-92.29,-64.51,5.68,34.98,0,53,-99.58,59,-104.40,68,-105.56,54,-110.06,47,-111.80,55,-115.18
1708,7800.00,3893.45,1.50,3,60,0.06,NLOS,117.12,-4.46,-92.45,-64.67,5.50,34.98,0,53,-99.60,59,-104.22,68,-105.59,54,-110.20,47,-111.86,55,-115.26
1709,7800.00,3883.74,1.50,3,60,0.06,NLOS,117.53,-8.42,-88.88,-61.10,8.12,34.98,0,53,-100.20,59,-100.24,32,-106.15,57,-112.05,66,-113.52,52,-113.78
1710,7800.00,3874.02,1.50,3,60,0.06,NLOS,117.92,-8.42,-89.28,-61.50,7.57,34.98,0,59,-100.00,53,-100.11,32,-106.13,57,-112.10,66,-113.49,52,-113.65
1711,7800.00,3864.30,1.50,3,60,0.06,NLOS,118.32,-8.42,-89.68,-61.89,7.01,34.98,0,59,-99.75,53,-100.03,32,-106.10,57,-112.15,66,-113.46,52,-113.53
1712,7800.00,3854.59,1.50,3,60,0.06,NLOS,118.71,-9.28,-89.21,-61.43,9.33,34.98,0,54,-99.50,67,-107.68,46,-108.69,65,-111.12,59,-111.66,47,-112.59
1713,7800.00,3844.87,1.50,3,60,0.05,NLOS,119.10,-9.28,-89.60,-61.82,9.06,34.98,0,54,-99.64,67,-107.76,46,-108.64,65,-111.03,59,-111.40,47,-112.61
1714,7800.00,3835.15,1.50,3,60,0.05,NLOS,119.48,-9.28,-89.98,-62.20,8.79,34.98,0,54,-99.79,67,-107.84,46,-108.60,65,-110.95,59,-111.15,47,-112.64
1715,7800.00,3825.44,1.50,3,54,0.02,NLOS,135.45,-19.82,-95.41,-67.63,8.29,34.98,1,60,-105.43,53,-112.18,59,-112.91,66,-114.16,61,-114.49,65,-115.26
1716,7800.00,3815.72,1.50,3,54,0.02,NLOS,135.59,-19.82,-95.55,-67.77,8.40,34.98,0,60,-105.80,53,-112.12,59,-112.64,66,-114.14,61,-114.62,65,-115.17
1717,7800.00,3806.00,1.50,3,54,0.02,NLOS,135.74,-19.82,-95.69,-67.91,8.50,34.98,0,60,-106.17,53,-112.07,59,-112.38,66,-114.12,61,-114.76,65,-115.09
1718,7800.00,3796.28,1.50,3,48,0.01,NLOS,146.51,-23.03,-103.26,-75.48,11.02,34.98,1,60,-111.41,61,-112.68,46,-114.88,27,-117.71,54,-118.50,55,-119.01
1719,7800.00,3786.57,1.50,3,48,0.01,NLOS,146.57,-23.03,-103.32,-75.54,11.05,34.98,0,60,-111.77,61,-112.81,46,-114.83,27,-117.71,54,-118.64,55,-119.10
1720,7800.00,3776.85,1.50,3,48,0.01,NLOS,146.64,-23.03,-103.39,-75.60,11.07,34.98,0,60,-112.12,61,-112.94,46,-114.79,27,-117.71,54,-118.78,55,-119.19
1721,7800.00,3767.13,1.50,3,60,0.04,NLOS,122.02,1.02,-102.81,-75.03,2.08,34.98,1,53,-106.24,46,-107.04,55,-111.34,59,-113.40,54,-116.46,36,-118.18
1722,7800.00,3757.42,1.50,3,60,0.04,NLOS,122.36,1.02,-103.16,-75.38,1.69,34.98,0,53,-106.21,46,-107.00,55,-111.43,59,-113.12,54,-116.60,36,-118.21
1723,7800.00,3747.70,1.50,3,60,0.04,NLOS,122.70,1.02,-103.49,-75.71,1.29,34.98,0,53,-106.18,46,-106.96,55,-111.52,59,-112.83,54,-116.74,36,-118.24
1724,7800.00,3737.98,1.50,3,60,0.04,NLOS,123.03,2.06,-104.87,-77.09,-5.34,34.98,0,59,-101.95,52,-104.22,58,-106.17,53,-106.86,54,-107.65,66,-111.19
1725,7800.00,3728.26,1.50,3,59,0.04,NLOS,125.12,-3.25,-101.65,-73.87,-2.65,34.98,1,52,-104.09,60,-105.20,58,-106.05,53,-106.84,54,-107.79,66,-111.19
1726,7800.00,3718.55,1.50,3,59,0.04,NLOS,124.82,-3.25,-101.34,-73.56,-2.34,34.98,0,52,-103.95,60,-105.53,58,-105.93,53,-106.83,54,-107.93,66,-111.18
1727,7800.00,3708.83,1.50,3,60,0.04,NLOS,124.00,-7.05,-96.73,-68.95,9.08,34.98,1,59,-107.57,52,-108.23,41,-108.34,53,-111.88,47,-112.77,58,-114.82
1728,7800.00,3699.11,1.50,3,60,0.04,NLOS,124.32,-7.05,-97.04,-69.26,8.56,34.98,0,59,-107.26,52,-108.10,41,-108.37,53,-111.88,47,-112.81,58,-114.70
1729,7800.00,3689.40,1.50,3,60,0.04,NLOS,124.63,-7.05,-97.35,-69.57,8.04,34.98,0,59,-106.94,52,-107.96,41,-108.39,53,-111.88,47,-112.85,58,-114.57
1730,7800.00,3679.68,1.50,3,60,0.04,NLOS,124.93,-19.08,-85.64,-57.86,9.62,34.98,0,53,-96.89,54,-101.57,52,-104.95,59,-106.63,47,-112.00,58,-114.51
1731,7800.00,3669.96,1.50,3,60,0.04,NLOS,125.23,-19.08,-85.94,-58.16,9.34,34.98,0,53,-96.90,54,-101.71,52,-104.81,59,-106.31,47,-112.04,58,-114.38
1732,7800.00,3660.24,1.50,3,60,0.04,NLOS,125.53,-19.08,-86.24,-58.45,9.06,34.98,0,53,-96.92,54,-101.84,52,-104.67,59,-105.98,47,-112.08,58,-114.25
1733,7800.00,3650.53,1.50,3,52,0.02,NLOS,136.53,-14.04,-102.27,-74.49,0.04,34.98,1,53,-103.71,60,-105.37,55,-106.31,54,-109.35,47,-110.06,65,-114.60
1734,7800.00,3640.81,1.50,3,52,0.02,NLOS,136.39,-14.04,-102.13,-74.35,0.19,34.98,0,53,-103.74,60,-105.66,55,-106.39,54,-109.48,47,-110.10,65,-114.52
1735,7800.00,3631.09,1.50,3,52,0.02,NLOS,136.25,-14.04,-101.99,-74.21,0.34,34.98,0,53,-103.77,60,-105.95,55,-106.47,54,-109.61,47,-110.14,65,-114.43
1736,7800.00,3621.38,1.50,3,59,0.05,NLOS,121.53,-2.31,-99.01,-71.23,0.86,34.98,1,60,-104.59,66,-105.98,65,-106.00,68,-106.47,54,-107.47,46,-108.19
1737,7800.00,3611.66,1.50,3,59,0.05,NLOS,121.18,-2.31,-98.65,-70.87,1.29,34.98,0,60,-104.87,65,-105.92,66,-105.99,68,-106.55,54,-107.60,46,-108.15
1738,7800.00,3601.94,1.50,3,59,0.05,NLOS,120.82,-2.31,-98.29,-70.51,1.71,34.98,0,60,-105.14,65,-105.83,66,-106.01,68,-106.62,54,-107.73,46,-108.12
1739,7800.00,3592.22,1.50,3,59,0.05,NLOS,120.45,-11.20,-89.03,-61.25,6.88,34.98,0,46,-91.55,55,-97.67,52,-98.19,53,-101.01,60,-107.57,65,-112.57
1740,7800.00,3582.51,1.50,3,59,0.05,NLOS,120.09,-11.20,-88.67,-60.88,7.20,34.98,0,46,-91.52,55,-97.75,52,-98.05,53,-101.07,60,-107.84,65,-112.48
1741,7800.00,3572.79,1.50,3,59,0.05,NLOS,119.71,-11.20,-88.29,-60.51,7.52,34.98,0,46,-91.49,55,-97.83,52,-97.91,53,-101.14,60,-108.10,65,-112.40
1742,7800.00,3563.07,1.50,3,53,0.03,NLOS,127.19,-18.13,-88.84,-61.05,13.44,34.98,1,59,-102.59,58,-108.90,34,-115.96,41,-116.81,65,-117.13,60,-117.14
1743,7800.00,3553.36,1.50,3,53,0.03,NLOS,127.26,-18.13,-88.91,-61.13,13.01,34.98,0,59,-102.21,58,-108.76,34,-115.97,41,-116.85,65,-117.04,60,-117.40
1744,7800.00,3543.64,1.50,3,53,0.03,NLOS,127.34,-18.13,-88.99,-61.20,12.58,34.98,0,59,-101.82,58,-108.62,34,-115.98,41,-116.88,65,-116.96,60,-117.65
1745,7800.00,3533.92,1.50,3,53,0.03,NLOS,127.42,-11.73,-95.47,-67.69,-0.23,34.98,0,59,-98.47,60,-98.69,54,-107.61,67,-113.27,36,-115.55,52,-116.57
1746,7800.00,3524.20,1.50,3,53,0.03,NLOS,127.50,-11.73,-95.55,-67.77,-0.40,34.98,0,59,-98.07,60,-98.93,54,-107.73,67,-113.36,36,-115.58,52,-116.42
1747,7800.00,3514.49,1.50,3,53,0.03,NLOS,127.59,-11.73,-95.64,-67.86,-0.59,34.98,0,59,-97.67,60,-99.17,54,-107.86,67,-113.44,36,-115.61,52,-116.28
1748,7800.00,3504.77,1.50,3,59,0.06,NLOS,116.97,-12.54,-84.21,-56.43,17.95,34.98,1,46,-105.07,49,-105.18,52,-106.20,45,-108.18,53,-108.70,66,-110.49
1749,7800.00,3495.05,1.50,3,59,0.07,NLOS,116.56,-12.54,-83.81,-56.03,18.34,34.98,0,46,-105.05,49,-105.23,52,-106.05,45,-108.12,53,-108.79,66,-110.52
1750,7800.00,3485.34,1.50,3,59,0.07,NLOS,116.16,-12.54,-83.40,-55.62,18.72,34.98,0,46,-105.03,49,-105.28,52,-105.91,45,-108.06,53,-108.89,66,-110.56
1751,7800.00,3475.62,1.50,3,59,0.07,NLOS,115.75,-2.52,-93.01,-65.23,5.22,34.98,0,53,-100.81,58,-105.41,60,-106.52,52,-109.13,34,-112.15,65,-116.12
1752,7800.00,3465.90,1.50,3,59,0.07,NLOS,115.34,-2.52,-92.60,-64.82,5.67,34.98,0,53,-100.92,58,-105.26,60,-106.75,52,-108.98,34,-112.16,65,-116.04
1753,7800.00,3456.18,1.50,3,59,0.08,NLOS,114.93,-2.52,-92.19,-64.41,6.13,34.98,0,53,-101.03,58,-105.11,60,-106.97,52,-108.83,34,-112.18,65,-115.96
1754,7800.00,3446.47,1.50,3,59,0.08,NLOS,114.52,-0.30,-94.01,-66.23,-2.77,34.98,0,53,-91.69,52,-101.92,48,-113.93,65,-114.04,58,-115.95,45,-116.19
1755,7800.00,3436.75,1.50,3,59,0.08,NLOS,114.12,-0.30,-93.60,-65.82,-2.28,34.98,0,53,-91.80,52,-101.77,65,-113.96,48,-114.00,58,-115.80,45,-116.13
1756,7800.00,3427.03,1.50,3,59,0.09,NLOS,113.72,-0.30,-93.20,-65.42,-1.78,34.98,0,53,-91.92,52,-101.62,65,-113.88,48,-114.06,58,-115.64,45,-116.06
1757,7800.00,3417.32,1.50,3,59,0.09,NLOS,113.32,-6.85,-86.25,-58.47,11.03,34.98,0,53,-97.66,52,-110.61,65,-112.44,39,-117.47,62,-117.55,48,-117.65
1758,7800.00,3407.60,1.50,3,59,0.09,NLOS,112.93,-6.85,-85.87,-58.09,11.52,34.98,0,53,-97.78,52,-110.46,65,-112.37,39,-117.45,62,-117.62,48,-117.71
1759,7800.00,3397.88,1.50,3,59,0.10,NLOS,112.55,-6.85,-85.49,-57.71,12.00,34.98,0,53,-97.91,52,-110.31,65,-112.29,39,-117.43,62,-117.68,48,-117.78
1760,7800.00,3388.17,1.50,3,59,0.10,NLOS,112.19,-3.00,-88.97,-61.19,4.28,34.98,0,53,-95.74,66,-100.41,60,-101.47,62,-102.04,65,-104.23,41,-108.40
1761,7800.00,3378.45,1.50,3,59,0.10,NLOS,111.83,-3.00,-88.61,-60.83,4.74,34.98,0,53,-95.87,66,-100.46,60,-101.67,62,-102.10,65,-104.15,41,-108.43
1762,7800.00,3368.73,1.50,3,59,0.11,NLOS,111.50,-3.00,-88.28,-60.50,5.18,34.98,0,53,-96.00,66,-100.51,60,-101.88,62,-102.17,65,-104.08,41,-108.47
1763,7800.00,3359.01,1.50,3,59,0.11,NLOS,111.18,-7.45,-83.51,-55.73,9.44,34.98,0,52,-94.10,53,-102.72,60,-105.80,58,-107.20,66,-107.27,41,-112.92
1764,7800.00,3349.30,1.50,3,59,0.11,NLOS,110.88,-7.45,-83.21,-55.43,9.64,34.98,0,52,-93.95,53,-102.85,60,-106.00,58,-107.04,66,-107.33,41,-112.96
1765,7800.00,3339.58,1.50,3,59,0.12,NLOS,110.61,-7.45,-82.94,-55.16,9.81,34.98,0,52,-93.80,53,-102.99,60,-106.19,58,-106.87,66,-107.38,41,-112.99
1766,7800.00,3329.86,1.50,3,59,0.12,NLOS,110.37,-8.48,-81.67,-53.89,18.44,34.98,0,53,-102.06,52,-104.93,62,-111.20,50,-113.40,47,-114.85,55,-114.97
1767,7800.00,3320.15,1.50,3,59,0.12,NLOS,110.15,-8.48,-81.46,-53.68,18.69,34.98,0,53,-102.20,52,-104.78,62,-111.26,50,-113.45,47,-114.91,55,-115.04
1768,7800.00,3310.43,1.50,3,59,0.12,NLOS,109.97,-8.48,-81.28,-53.50,18.90,34.98,0,53,-102.34,52,-104.63,62,-111.33,50,-113.49,47,-114.96,55,-115.11
1769,7800.00,3300.71,1.50,3,59,0.13,NLOS,109.82,-1.05,-88.56,-60.78,18.44,34.98,0,53,-108.59,66,-113.71,35,-113.73,62,-115.33,68,-118.37,58,-121.24
1770,7809.01,3300.00,1.50,0,59,0.13,NLOS,109.06,-1.05,-87.80,-60.02,19.29,34.98,0,53,-108.78,66,-113.58,35,-113.77,62,-115.33,68,-118.35,58,-121.19
1771,7818.72,3300.00,1.50,0,59,0.15,NLOS,108.22,-1.05,-86.95,-59.17,20.23,34.98,0,53,-108.97,66,-113.43,35,-113.81,62,-115.32,68,-118.32,58,-121.16
1772,7828.44,3300.00,1.50,0,59,0.16,NLOS,107.33,10.36,-97.46,-69.68,0.77,34.98,0,65,-100.73,40,-103.98,53,-104.07,60,-107.39,52,-111.72,47,-114.01
1773,7838.16,3300.00,1.50,0,59,0.17,NLOS,106.39,10.36,-96.53,-68.75,1.68,34.98,0,65,-100.59,40,-104.05,53,-104.26,60,-107.35,52,-111.89,47,-114.10
1774,7847.87,3300.00,1.50,0,59,0.19,NLOS,105.40,10.36,-95.54,-67.76,2.63,34.98,0,65,-100.44,40,-104.13,53,-104.46,60,-107.32,52,-112.07,47,-114.19
1775,7857.59,3300.00,1.50,0,59,0.21,NLOS,104.36,6.60,-90.74,-62.96,5.16,34.98,0,52,-96.35,53,-108.63,39,-111.18,60,-111.73,58,-115.09,65,-118.63
1776,7867.31,3300.00,1.50,0,59,0.23,NLOS,103.25,6.60,-89.63,-61.85,6.42,34.98,0,52,-96.52,53,-108.82,39,-111.25,60,-111.70,58,-115.06,65,-118.48
1777,7877.03,3300.00,1.50,0,59,0.26,NLOS,102.07,6.60,-88.45,-60.67,7.76,34.98,0,52,-96.69,53,-109.00,39,-111.33,60,-111.67,58,-115.04,65,-118.34
1778,7886.74,3300.00,1.50,0,59,0.28,NLOS,100.82,9.33,-89.93,-62.15,16.69,34.98,0,66,-109.23,58,-115.38,52,-115.39,42,-115.90,60,-116.77,53,-118.99
1779,7896.46,3300.00,1.50,0,59,0.32,NLOS,99.48,9.33,-88.59,-60.81,17.97,34.98,0,66,-109.07,58,-115.36,52,-115.56,42,-115.94,60,-116.75,53,-119.18
1780,7906.18,3300.00,1.50,0,59,0.35,NLOS,98.04,9.33,-87.15,-59.37,19.34,34.98,0,66,-108.91,58,-115.34,52,-115.72,42,-115.98,60,-116.73,53,-119.36
1781,7915.89,3300.00,1.50,0,59,0.39,NLOS,96.49,-10.90,-65.38,-37.60,36.56,34.98,0,52,-104.90,66,-106.43,65,-112.59,46,-114.98,55,-115.86,67,-117.45
1782,7925.61,3300.00,1.50,0,59,0.44,NLOS,94.83,-10.90,-63.72,-35.93,38.23,34.98,0,52,-105.06,66,-106.27,65,-112.44,46,-115.10,55,-115.88,67,-117.39
1783,7935.33,3300.00,1.50,0,59,0.49,NLOS,93.04,-10.90,-61.93,-34.15,40.02,34.98,0,52,-105.23,66,-106.10,65,-112.29,46,-115.21,55,-115.91,67,-117.33
1784,7945.05,3300.00,1.50,0,59,0.54,NLOS,91.13,17.20,-88.11,-60.32,14.49,34.98,0,55,-100.30,66,-105.59,65,-109.33,60,-110.48,47,-112.11,52,-114.33
1785,7954.76,3300.00,1.50,0,59,0.60,NLOS,89.11,17.20,-86.09,-58.31,16.41,34.98,0,55,-100.32,66,-105.42,65,-109.18,60,-110.47,47,-112.19,52,-114.50
1786,7964.48,3300.00,1.50,0,59,0.67,NLOS,87.04,17.20,-84.02,-56.24,18.37,34.98,0,55,-100.34,66,-105.26,65,-109.02,60,-110.46,47,-112.28,52,-114.66
1787,7974.20,3300.00,1.50,0,59,0.73,NLOS,85.04,5.66,-70.49,-42.70,21.08,34.98,0,58,-91.60,46,-111.84,55,-113.73,35,-115.06,60,-116.63,54,-117.93
1788,7983.91,3300.00,1.50,0,59,0.78,NLOS,83.35,5.66,-68.79,-41.01,22.77,34.98,0,58,-91.59,46,-111.95,55,-113.76,35,-115.10,60,-116.63,54,-117.98
1789,7993.63,3300.00,1.50,0,59,0.82,NLOS,82.27,5.66,-67.72,-39.93,23.84,34.98,0,58,-91.59,46,-112.06,55,-113.78,35,-115.15,60,-116.62,54,-118.04
1790,8003.35,3300.00,1.50,0,59,0.82,NLOS,82.12,-5.54,-56.36,-28.58,44.77,34.98,0,58,-102.69,46,-106.02,66,-108.76,65,-112.14,45,-112.75,60,-115.40
1791,8013.07,3300.00,1.50,0,59,0.80,NLOS,82.93,-5.54,-57.18,-29.39,43.92,34.98,0,58,-102.69,46,-106.13,66,-108.58,65,-111.98,45,-112.83,60,-115.40
1792,8022.78,3300.00,1.50,0,59,0.75,NLOS,84.47,-5.54,-58.72,-30.93,42.34,34.98,0,58,-102.69,46,-106.24,66,-108.41,65,-111.82,45,-112.91,60,-115.40
1793,8032.50,3300.00,1.50,0,59,0.69,NLOS,86.41,-7.32,-58.86,-31.08,35.60,34.98,0,65,-96.78,58,-101.20,52,-103.63,66,-107.14,60,-110.75,56,-115.07
1794,8042.22,3300.00,1.50,0,59,0.62,NLOS,88.47,-7.32,-60.93,-33.15,33.45,34.98,0,65,-96.61,58,-101.21,52,-103.79,66,-106.97,60,-110.76,56,-115.08
1795,8051.93,3300.00,1.50,0,59,0.56,NLOS,90.51,-7.32,-62.97,-35.19,31.32,34.98,0,65,-96.45,58,-101.22,52,-103.94,66,-106.79,60,-110.77,56,-115.10
1796,8061.65,3300.00,1.50,0,59,0.50,NLOS,92.46,5.28,-77.53,-49.75,19.50,34.98,0,58,-100.35,60,-102.32,53,-104.64,66,-110.41,67,-114.03,62,-114.41
1797,8071.37,3300.00,1.50,0,59,0.45,NLOS,94.29,5.28,-79.35,-51.57,17.70,34.98,0,58,-100.36,60,-102.33,53,-104.80,66,-110.23,67,-113.98,62,-114.41
1798,8081.09,3300.00,1.50,0,59,0.41,NLOS,95.99,5.28,-81.06,-53.27,16.02,34.98,0,58,-100.38,60,-102.35,53,-104.96,66,-110.05,67,-113.92,62,-114.41
1799,8090.80,3300.00,1.50,0,59,0.36,NLOS,97.57,-12.63,-64.72,-36.94,27.81,34.98,0,53,-92.90,66,-107.40,58,-107.41,65,-114.01,52,-115.40,15,-115.58
1800,8100.52,3300.00,1.50,0,59,0.33,NLOS,99.04,-12.63,-66.19,-38.41,26.48,34.98,0,53,-93.06,66,-107.22,58,-107.43,65,-113.84,52,-115.55,15,-115.61
1801,8110.24,3300.00,1.50,0,59,0.29,NLOS,100.41,-12.63,-67.56,-39.78,25.25,34.98,0,53,-93.22,66,-107.03,58,-107.46,65,-113.67,15,-115.64,52,-115.70
1802,8119.95,3300.00,1.50,0,59,0.26,NLOS,101.69,-6.31,-75.16,-47.38,32.67,34.98,0,54,-108.90,53,-112.08,66,-114.21,65,-115.58,41,-117.30,52,-118.76
1803,8129.67,3300.00,1.50,0,59,0.24,NLOS,102.89,-6.31,-76.36,-48.58,31.47,34.98,0,54,-108.96,53,-112.23,66,-114.03,65,-115.41,41,-117.36,52,-118.90
1804,8139.39,3300.00,1.50,0,59,0.22,NLOS,104.02,-6.31,-77.49,-49.71,30.34,34.98,0,54,-109.02,53,-112.39,66,-113.84,65,-115.24,41,-117.41,52,-119.05
1805,8149.11,3300.00,1.50,0,59,0.20,NLOS,105.08,0.55,-85.41,-57.63,14.63,34.98,0,66,-101.74,58,-108.18,60,-109.14,5,-112.72,49,-113.86,65,-114.85
1806,8158.82,3300.00,1.50,0,59,0.18,NLOS,106.09,0.55,-86.42,-58.64,13.50,34.98,0,66,-101.55,58,-108.21,60,-109.18,5,-112.74,49,-113.89,65,-114.67
1807,8168.54,3300.00,1.50,0,59,0.16,NLOS,107.04,0.55,-87.37,-59.59,12.42,34.98,0,66,-101.36,58,-108.24,60,-109.21,5,-112.76,49,-113.92,65,-114.50
1808,8178.26,3300.00,1.50,0,59,0.15,NLOS,107.94,-22.25,-65.47,-37.69,36.96,34.98,0,58,-104.03,53,-109.34,54,-114.42,40,-114.71,62,-116.43,52,-116.84
1809,8187.97,3300.00,1.50,0,59,0.14,NLOS,108.80,-22.25,-66.33,-38.55,36.15,34.98,0,58,-104.07,53,-109.49,54,-114.48,40,-114.78,62,-116.43,65,-116.87
1810,8197.69,3300.00,1.50,0,59,0.13,NLOS,109.62,-22.25,-67.15,-39.37,35.38,34.98,0,58,-104.10,53,-109.64,54,-114.54,40,-114.84,62,-116.43,65,-116.70
1811,8200.00,3292.59,1.50,3,59,0.13,NLOS,109.73,7.51,-97.02,-69.24,-5.95,34.98,0,65,-94.24,60,-94.76,53,-102.88,58,-107.44,54,-111.00,47,-111.44
1812,8200.00,3282.88,1.50,3,59,0.13,NLOS,109.65,7.51,-96.94,-69.16,-5.86,34.98,0,65,-94.10,60,-94.95,53,-102.94,58,-107.26,54,-111.09,47,-111.48
1813,8200.00,3273.16,1.50,3,59,0.13,NLOS,109.61,7.51,-96.90,-69.12,-5.82,34.98,0,65,-93.95,60,-95.13,53,-103.01,58,-107.08,54,-111.17,47,-111.52
1814,8200.00,3263.44,1.50,3,59,0.13,NLOS,109.61,1.00,-90.38,-62.60,15.77,34.98,0,66,-109.79,65,-110.73,67,-115.07,60,-115.30,68,-115.39,34,-115.85
1815,8200.00,3253.72,1.50,3,59,0.13,NLOS,109.64,1.00,-90.42,-62.64,15.76,34.98,0,66,-109.94,65,-110.59,67,-115.18,68,-115.46,60,-115.48,34,-115.86
1816,8200.00,3244.01,1.50,3,59,0.13,NLOS,109.72,1.00,-90.50,-62.72,15.70,34.98,0,66,-110.09,65,-110.44,67,-115.29,68,-115.53,60,-115.66,34,-115.88
1817,8200.00,3234.29,1.50,3,59,0.13,NLOS,109.84,-0.11,-89.51,-61.72,12.27,34.98,0,66,-102.19,46,-109.99,48,-110.97,39,-112.69,41,-113.70,47,-114.87
1818,8200.00,3224.57,1.50,3,59,0.12,NLOS,109.99,-0.11,-89.66,-61.88,12.24,34.98,0,66,-102.34,46,-109.99,48,-111.01,39,-112.68,41,-113.72,47,-114.91
1819,8200.00,3214.86,1.50,3,59,0.12,NLOS,110.17,-0.11,-89.84,-62.06,12.19,34.98,0,66,-102.49,46,-110.00,48,-111.06,39,-112.67,41,-113.75,47,-114.95
1820,8200.00,3205.14,1.50,3,58,0.02,NLOS,133.60,-25.66,-87.72,-59.94,-0.66,34.98,1,65,-87.81,59,-95.74,60,-97.16,61,-104.77,53,-105.99,66,-107.19
1821,8200.00,3195.42,1.50,3,58,0.02,NLOS,133.40,-25.66,-87.53,-59.74,-0.55,34.98,0,65,-87.67,59,-95.98,60,-97.32,61,-104.86,53,-106.06,66,-107.34
1822,8200.00,3185.70,1.50,3,58,0.02,NLOS,133.21,-25.66,-87.33,-59.55,-0.43,34.98,0,65,-87.53,59,-96.26,60,-97.49,61,-104.95,53,-106.13,66,-107.49
1823,8200.00,3175.99,1.50,3,59,0.11,NLOS,111.21,-6.20,-84.79,-57.01,6.69,34.98,1,66,-91.74,52,-105.39,68,-108.15,65,-111.07,46,-114.91,58,-116.08
1824,8200.00,3166.27,1.50,3,59,0.11,NLOS,111.53,-6.20,-85.11,-57.33,6.51,34.98,0,66,-91.89,52,-105.33,68,-108.21,65,-110.94,46,-114.91,58,-115.88
1825,8200.00,3156.55,1.50,3,59,0.10,NLOS,111.87,-6.20,-85.45,-57.67,6.30,34.98,0,66,-92.04,52,-105.28,68,-108.28,65,-110.81,46,-114.92,58,-115.67
1826,8200.00,3146.84,1.50,3,59,0.10,NLOS,112.22,-5.28,-86.72,-58.94,6.77,34.98,0,58,-95.23,65,-99.18,55,-108.51,53,-109.35,66,-110.93,52,-112.23
1827,8200.00,3137.12,1.50,3,59,0.10,NLOS,112.59,-5.28,-87.09,-59.31,6.23,34.98,0,58,-95.03,65,-99.06,55,-108.57,53,-109.43,66,-111.08,52,-112.18
1828,8200.00,3127.40,1.50,3,59,0.09,NLOS,112.97,-5.28,-87.47,-59.69,5.68,34.98,0,58,-94.82,65,-98.93,55,-108.63,53,-109.51,66,-111.23,52,-112.13
1829,8200.00,3117.68,1.50,3,59,0.09,NLOS,113.36,-19.26,-73.87,-46.09,22.68,34.98,0,65,-97.34,53,-107.46,66,-109.09,52,-115.44,58,-116.38,41,-116.79
1830,8200.00,3107.97,1.50,3,59,0.09,NLOS,113.75,-19.26,-74.27,-46.49,22.20,34.98,0,65,-97.22,53,-107.53,66,-109.24,52,-115.39,58,-116.17,41,-116.82
1831,8200.00,3098.25,1.50,3,59,0.08,NLOS,114.15,-19.26,-74.67,-46.89,21.71,34.98,0,65,-97.11,53,-107.61,66,-109.38,52,-115.34,58,-115.95,41,-116.85
1832,8200.00,3088.53,1.50,3,59,0.08,NLOS,114.56,-4.82,-89.52,-61.74,7.75,34.98,0,65,-100.33,52,-100.60,60,-114.69,66,-114.96,27,-116.42,62,-121.23
1833,8200.00,3078.82,1.50,3,59,0.08,NLOS,114.97,-4.82,-89.93,-62.15,7.27,34.98,0,65,-100.21,52,-100.56,60,-114.84,66,-115.11,27,-116.43,62,-121.29
1834,8200.00,3069.10,1.50,3,59,0.07,NLOS,115.38,-4.82,-90.34,-62.56,6.79,34.98,0,65,-100.10,52,-100.52,60,-114.99,66,-115.26,27,-116.43,62,-121.35
1835,8200.00,3059.38,1.50,3,59,0.07,NLOS,115.79,5.87,-101.44,-73.66,7.82,34.98,0,54,-105.38,40,-111.58,58,-115.41,65,-115.46,52,-116.09,5,-116.56
1836,8200.00,3049.66,1.50,3,59,0.07,NLOS,116.20,5.87,-101.85,-74.07,7.36,34.98,0,54,-105.46,40,-111.60,58,-115.18,65,-115.35,52,-116.05,5,-116.57
1837,8200.00,3039.95,1.50,3,59,0.07,NLOS,116.60,5.87,-102.26,-74.47,6.90,34.98,0,54,-105.54,40,-111.62,58,-114.95,65,-115.25,52,-116.01,5,-116.58
1838,8200.00,3030.23,1.50,3,59,0.06,NLOS,117.01,-3.19,-93.60,-65.82,7.79,34.98,0,65,-105.59,52,-106.83,53,-109.10,58,-109.69,39,-116.17,35,-116.71
1839,8200.00,3020.51,1.50,3,59,0.06,NLOS,117.41,-3.19,-94.00,-66.22,7.32,34.98,0,65,-105.50,52,-106.79,53,-109.19,58,-109.45,39,-116.17,35,-116.73
1840,8200.00,3010.80,1.50,3,59,0.06,NLOS,117.81,-3.19,-94.40,-66.62,6.86,34.98,0,65,-105.41,52,-106.76,58,-109.21,53,-109.27,39,-116.16,35,-116.76
1841,8200.00,3001.08,1.50,3,52,0.02,NLOS,136.19,-30.00,-85.97,-58.19,14.56,34.98,1,59,-102.10,58,-106.06,66,-114.18,65,-115.33,46,-119.02,60,-120.33
1842,8200.00,2991.36,1.50,3,52,0.02,NLOS,136.16,-30.00,-85.94,-58.16,14.78,34.98,0,59,-102.49,58,-105.81,66,-114.33,65,-115.25,46,-119.04,60,-120.47
1843,8200.00,2981.64,1.50,3,52,0.02,NLOS,136.14,-30.00,-85.92,-58.14,14.98,34.98,0,59,-102.88,58,-105.56,66,-114.47,65,-115.17,46,-119.06,26,-120.52
1844,8200.00,2971.93,1.50,3,59,0.05,NLOS,119.37,1.89,-101.04,-73.25,-0.53,34.98,1,58,-104.82,60,-106.25,66,-107.96,52,-109.28,68,-114.52,53,-116.92
1845,8200.00,2962.21,1.50,3,59,0.05,NLOS,119.75,1.89,-101.41,-73.63,-0.95,34.98,0,58,-104.56,60,-106.39,66,-108.10,52,-109.25,68,-114.58,53,-117.01
1846,8200.00,2952.49,1.50,3,59,0.05,NLOS,120.12,1.89,-101.79,-74.01,-1.37,34.98,0,58,-104.30,60,-106.53,66,-108.25,52,-109.23,68,-114.65,65,-116.96
1847,8200.00,2942.78,1.50,3,58,0.03,NLOS,127.47,-10.76,-96.49,-68.71,3.57,34.98,1,59,-101.41,65,-108.78,39,-109.96,66,-111.64,52,-113.90,60,-114.33
1848,8200.00,2933.06,1.50,3,58,0.03,NLOS,127.20,-10.76,-96.22,-68.44,4.11,34.98,0,59,-101.77,65,-108.72,39,-109.96,66,-111.78,52,-113.88,60,-114.47
1849,8200.00,2923.34,1.50,3,58,0.03,NLOS,126.93,-10.76,-95.94,-68.16,4.64,34.98,0,59,-102.13,65,-108.67,39,-109.95,66,-111.92,52,-113.87,60,-114.60
1850,8200.00,2913.62,1.50,3,60,0.01,NLOS,140.41,-21.07,-99.12,-71.34,14.30,34.98,1,65,-100.71,58,-105.80,39,-113.85,52,-116.22,46,-116.77,61,-117.52
1851,8200.00,2903.91,1.50,3,60,0.01,NLOS,140.54,-21.07,-99.25,-71.47,14.33,34.98,0,65,-100.67,58,-105.52,39,-113.85,52,-116.21,46,-116.78,61,-117.60
1852,8200.00,2894.19,1.50,3,60,0.01,NLOS,140.67,-21.07,-99.38,-71.60,14.35,34.98,0,65,-100.64,58,-105.23,39,-113.85,52,-116.20,46,-116.81,61,-117.68
1853,8200.00,2884.47,1.50,3,53,0.01,NLOS,140.63,-30.00,-90.41,-62.63,16.15,34.98,1,65,-100.57,58,-103.14,59,-108.76,52,-112.49,66,-114.69,60,-115.92
1854,8200.00,2874.76,1.50,3,53,0.01,NLOS,140.71,-30.00,-90.49,-62.71,16.28,34.98,0,65,-100.54,58,-102.84,59,-109.10,52,-112.48,66,-114.82,60,-116.05
1855,8200.00,2865.04,1.50,3,53,0.01,NLOS,140.80,-30.00,-90.58,-62.80,16.39,34.98,0,65,-100.52,58,-102.55,59,-109.43,52,-112.48,66,-114.96,60,-116.17
1856,8200.00,2855.32,1.50,3,66,0.02,NLOS,136.95,-11.52,-105.22,-77.44,-1.25,34.98,1,58,-105.89,45,-107.76,52,-110.85,59,-111.57,65,-111.99,33,-119.09
1857,8200.00,2845.61,1.50,3,66,0.02,NLOS,137.09,-11.52,-105.35,-77.57,-1.53,34.98,0,58,-105.59,45,-107.73,52,-110.84,59,-111.89,65,-111.99,33,-119.09
1858,8200.00,2835.89,1.50,3,66,0.02,NLOS,137.23,-11.52,-105.49,-77.71,-1.83,34.98,0,58,-105.28,45,-107.71,52,-110.84,65,-111.98,59,-112.21,33,-119.10
1859,8200.00,2826.17,1.50,3,53,0.01,NLOS,141.14,-24.71,-96.21,-68.43,6.72,34.98,1,60,-103.30,65,-108.90,58,-111.73,59,-118.38,67,-119.08,52,-120.31
1860,8200.00,2816.45,1.50,3,53,0.01,NLOS,141.23,-24.71,-96.30,-68.52,6.76,34.98,0,60,-103.43,65,-108.91,58,-111.42,59,-118.69,67,-119.16,52,-120.31
1861,8200.00,2806.74,1.50,3,53,0.01,NLOS,141.32,-24.71,-96.39,-68.61,6.79,34.98,0,60,-103.55,65,-108.92,58,-111.09,59,-118.99,67,-119.25,52,-120.31
1862,8200.00,2797.02,1.50,3,58,0.04,NLOS,123.00,-2.79,-99.99,-72.21,5.06,34.98,1,65,-109.52,52,-109.88,59,-111.59,67,-111.61,53,-116.46,25,-121.80
1863,8200.00,2787.30,1.50,3,58,0.04,NLOS,122.67,-2.79,-99.65,-71.87,5.47,34.98,0,65,-109.54,52,-109.88,67,-111.70,59,-111.88,53,-116.55,25,-121.82
1864,8200.00,2777.59,1.50,3,58,0.04,NLOS,122.33,-2.79,-99.32,-71.53,5.89,34.98,0,65,-109.57,52,-109.89,67,-111.78,59,-112.17,53,-116.63,25,-121.83
1865,8200.00,2767.87,1.50,3,59,0.03,NLOS,126.31,-5.78,-100.31,-72.53,1.69,34.98,1,65,-105.13,58,-107.06,53,-112.57,45,-114.01,66,-115.82,52,-116.91
1866,8200.00,2758.15,1.50,3,59,0.03,NLOS,126.60,-5.78,-100.59,-72.81,1.33,34.98,0,65,-105.17,58,-106.71,53,-112.65,45,-113.99,66,-115.95,52,-116.92
1867,8200.00,2748.43,1.50,3,59,0.03,NLOS,126.87,-5.78,-100.87,-73.09,0.97,34.98,0,65,-105.21,58,-106.36,53,-112.74,45,-113.97,66,-116.08,52,-116.94
1868,8200.00,2738.72,1.50,3,65,0.03,NLOS,126.92,-11.89,-94.81,-67.03,0.81,34.98,1,58,-95.93,52,-110.66,69,-112.46,41,-112.57,66,-113.48,60,-114.15
1869,8200.00,2729.00,1.50,3,65,0.03,NLOS,126.98,-11.89,-94.87,-67.09,0.43,34.98,0,58,-95.57,52,-110.68,69,-112.50,41,-112.60,66,-113.61,60,-114.26
1870,8200.00,2719.28,1.50,3,65,0.03,NLOS,127.04,-11.89,-94.92,-67.14,0.02,34.98,0,58,-95.20,52,-110.70,69,-112.55,41,-112.63,66,-113.74,60,-114.38
1871,8200.00,2709.57,1.50,3,59,0.03,NLOS,127.95,-3.29,-104.44,-76.66,-1.45,34.98,1,66,-107.23,58,-107.39,65,-111.77,52,-113.64,53,-118.24,39,-119.28
1872,8200.00,2700.15,1.50,1,59,0.03,NLOS,128.20,-3.29,-104.70,-76.91,-1.78,34.98,0,58,-107.03,66,-107.36,65,-111.84,52,-113.66,53,-118.32,39,-119.28
1873,8200.00,2709.87,1.50,1,59,0.03,NLOS,127.94,-3.29,-104.44,-76.65,-1.44,34.98,0,66,-107.23,58,-107.41,65,-111.77,52,-113.64,53,-118.23,39,-119.28
1874,8200.00,2719.59,1.50,1,59,0.03,NLOS,127.68,-6.15,-101.30,-73.52,2.45,34.98,0,66,-107.50,58,-109.76,52,-112.05,60,-113.35,51,-114.45,65,-117.59
1875,8200.00,2729.30,1.50,1,59,0.03,NLOS,127.41,-6.15,-101.04,-73.26,2.73,34.98,0,66,-107.37,58,-110.13,52,-112.03,60,-113.23,51,-114.42,65,-117.53
1876,8200.00,2739.02,1.50,1,59,0.03,NLOS,127.14,-6.15,-100.77,-72.99,3.01,34.98,0,66,-107.24,58,-110.49,52,-112.01,60,-113.12,51,-114.39,65,-117.48
1877,8200.00,2748.74,1.50,1,58,0.05,NLOS,121.29,-5.97,-95.11,-67.32,3.46,34.98,1,52,-100.61,59,-105.70,45,-106.81,34,-112.76,53,-114.78,35,-117.49
1878,8200.00,2758.45,1.50,1,58,0.05,NLOS,121.65,-5.97,-95.46,-67.68,3.04,34.98,0,52,-100.59,59,-105.42,45,-106.83,34,-112.74,53,-114.70,35,-117.47
1879,8200.00,2768.17,1.50,1,58,0.04,NLOS,121.99,-5.97,-95.81,-68.03,2.63,34.98,0,52,-100.58,59,-105.14,45,-106.85,34,-112.72,53,-114.61,35,-117.45
1880,8200.00,2777.89,1.50,1,58,0.04,NLOS,122.34,-0.39,-101.73,-73.95,1.95,34.98,0,53,-105.99,66,-110.56,65,-112.28,59,-117.22,67,-117.70,54,-118.39
1881,8200.00,2787.61,1.50,1,58,0.04,NLOS,122.68,-0.39,-102.07,-74.29,1.52,34.98,0,53,-105.90,66,-110.42,65,-112.26,59,-116.93,67,-117.61,54,-118.32
1882,8200.00,2797.32,1.50,1,58,0.04,NLOS,123.01,-0.39,-102.40,-74.62,1.09,34.98,0,53,-105.82,66,-110.29,65,-112.23,59,-116.63,67,-117.53,54,-118.25
1883,8200.00,2807.04,1.50,1,58,0.04,NLOS,123.34,-7.15,-95.97,-68.19,9.87,34.98,0,61,-99.98,52,-108.81,65,-110.10,68,-115.50,59,-117.57,33,-120.03
1884,8200.00,2816.76,1.50,1,58,0.04,NLOS,123.66,-7.15,-96.29,-68.51,9.51,34.98,0,61,-99.91,52,-108.81,65,-110.08,68,-115.44,59,-117.26,33,-120.03
1885,8200.00,2826.47,1.50,1,58,0.04,NLOS,123.98,-7.15,-96.61,-68.83,9.16,34.98,0,61,-99.83,52,-108.81,65,-110.08,68,-115.38,59,-116.96,33,-120.02
1886,8200.00,2836.19,1.50,1,66,0.02,NLOS,137.22,-22.86,-94.15,-66.37,-0.90,34.98,1,59,-94.62,58,-101.21,65,-103.59,41,-109.86,53,-111.27,49,-118.55
1887,8200.00,2845.91,1.50,1,66,0.02,NLOS,137.09,-22.86,-94.01,-66.23,-0.95,34.98,0,59,-94.30,58,-101.52,65,-103.59,41,-109.82,53,-111.19,49,-118.51
1888,8200.00,2855.63,1.50,1,66,0.02,NLOS,136.95,-22.86,-93.87,-66.09,-1.02,34.98,0,59,-93.98,58,-101.83,65,-103.60,41,-109.79,53,-111.10,49,-118.47
1889,8200.00,2865.34,1.50,1,59,0.04,NLOS,123.25,-13.47,-89.56,-61.78,13.35,34.98,1,53,-104.27,52,-111.85,39,-113.42,65,-113.57,67,-116.27,58,-117.39
1890,8200.00,2875.06,1.50,1,59,0.04,NLOS,122.92,-13.47,-89.23,-61.45,13.62,34.98,0,53,-104.18,52,-111.86,39,-113.43,65,-113.59,67,-116.18,32,-117.46
1891,8200.00,2884.78,1.50,1,59,0.04,NLOS,122.59,-13.47,-88.90,-61.12,13.91,34.98,0,53,-104.09,52,-111.87,39,-113.43,65,-113.61,67,-116.10,32,-117.47
1892,8200.00,2894.49,1.50,1,58,0.03,NLOS,126.09,-4.77,-101.10,-73.32,7.75,34.98,1,60,-109.38,65,-111.37,47,-113.46,59,-114.21,26,-119.49,5,-119.89
1893,8204.21,2900.00,1.50,0,58,0.03,NLOS,126.31,-4.77,-101.32,-73.53,7.45,34.98,0,60,-109.32,65,-111.26,47,-113.46,59,-114.09,26,-119.51,5,-119.89
1894,8213.93,2900.00,1.50,0,58,0.03,NLOS,126.42,-4.77,-101.43,-73.65,7.22,34.98,0,60,-109.34,65,-110.96,47,-113.53,59,-114.29,26,-119.55,5,-119.91
1895,8223.65,2900.00,1.50,0,59,0.04,NLOS,122.52,0.34,-102.65,-74.86,-1.75,34.98,1,52,-102.88,53,-106.96,60,-112.39,68,-115.93,47,-116.94,58,-117.60
1896,8233.36,2900.00,1.50,0,59,0.04,NLOS,122.73,0.34,-102.85,-75.06,-1.82,34.98,0,52,-103.04,53,-107.06,60,-112.41,68,-115.92,47,-117.00,58,-117.73
1897,8243.08,2900.00,1.50,0,59,0.04,NLOS,122.93,0.34,-103.05,-75.27,-1.90,34.98,0,52,-103.21,53,-107.17,60,-112.44,68,-115.91,47,-117.07,58,-117.85
1898,8252.80,2900.00,1.50,0,66,0.02,NLOS,135.81,-13.24,-102.34,-74.56,0.24,34.98,1,65,-105.74,59,-108.39,58,-109.10,34,-112.04,52,-120.36,60,-120.58
1899,8262.51,2900.00,1.50,0,66,0.02,NLOS,135.71,-13.24,-102.25,-74.47,0.25,34.98,0,65,-105.41,59,-108.60,58,-109.23,34,-112.09,52,-120.52,60,-120.61
1900,8272.23,2900.00,1.50,0,66,0.02,NLOS,135.62,-13.24,-102.16,-74.38,0.24,34.98,0,65,-105.07,59,-108.81,58,-109.37,34,-112.13,60,-120.64,52,-120.68
1901,8281.95,2900.00,1.50,0,59,0.04,NLOS,123.77,3.74,-107.30,-79.52,0.27,34.98,1,65,-110.64,66,-112.53,53,-117.55,47,-119.20,67,-119.70,58,-123.40
1902,8291.66,2900.00,1.50,0,59,0.04,NLOS,123.99,3.74,-107.52,-79.73,-0.13,34.98,0,65,-110.29,66,-112.44,53,-117.65,47,-119.26,67,-119.67,58,-123.55
1903,8301.38,2900.00,1.50,0,59,0.04,NLOS,124.21,3.74,-107.73,-79.95,-0.55,34.98,0,65,-109.94,66,-112.35,53,-117.74,47,-119.33,67,-119.65,58,-123.69
1904,8311.10,2900.00,1.50,0,59,0.04,NLOS,124.43,-25.82,-78.39,-50.61,24.81,34.98,0,65,-104.24,39,-111.69,66,-113.68,53,-115.28,46,-117.89,58,-118.40
1905,8320.82,2900.00,1.50,0,59,0.04,NLOS,124.65,-25.82,-78.61,-50.83,24.30,34.98,0,65,-103.87,39,-111.76,66,-113.59,53,-115.38,46,-117.97,58,-118.55
1906,8330.53,2900.00,1.50,0,59,0.04,NLOS,124.87,-25.82,-78.83,-51.05,23.77,34.98,0,65,-103.49,39,-111.82,66,-113.51,53,-115.48,46,-118.06,58,-118.70
1907,8340.25,2900.00,1.50,0,65,0.04,NLOS,121.90,-15.20,-86.48,-58.70,5.01,34.98,1,66,-93.60,59,-97.54,58,-102.84,53,-103.97,60,-115.47,56,-117.39
1908,8349.97,2900.00,1.50,0,65,0.05,NLOS,121.50,-15.20,-86.08,-58.30,5.43,34.98,0,66,-93.52,59,-97.76,58,-103.00,53,-104.07,60,-115.50,56,-117.41
1909,8359.68,2900.00,1.50,0,65,0.05,NLOS,121.10,-15.20,-85.68,-57.90,5.85,34.98,0,66,-93.44,59,-97.98,58,-103.16,53,-104.16,60,-115.54,56,-117.42
1910,8369.40,2900.00,1.50,0,65,0.05,NLOS,120.68,-11.71,-88.75,-60.97,9.36,34.98,0,59,-98.48,52,-110.85,67,-111.87,51,-114.09,49,-114.92,66,-118.68
1911,8379.12,2900.00,1.50,0,65,0.05,NLOS,120.26,-11.71,-88.33,-60.55,10.00,34.98,0,59,-98.70,52,-111.00,67,-111.84,51,-114.10,49,-114.94,66,-118.60
1912,8388.84,2900.00,1.50,0,65,0.05,NLOS,119.82,-11.71,-87.89,-60.11,10.65,34.98,0,59,-98.93,52,-111.14,67,-111.82,51,-114.11,49,-114.97,66,-118.53
1913,8398.55,2900.00,1.50,0,65,0.05,NLOS,119.38,-1.92,-97.24,-69.46,8.60,34.98,0,66,-108.87,59,-110.96,54,-111.18,58,-114.02,40,-114.78,49,-114.95
1914,8400.00,2908.27,1.50,1,65,0.05,NLOS,119.38,-1.92,-97.25,-69.46,8.49,34.98,0,66,-108.71,59,-110.82,54,-111.13,58,-114.21,40,-114.78,49,-114.92
1915,8400.00,2917.99,1.50,1,65,0.05,NLOS,119.48,-1.92,-97.35,-69.56,8.27,34.98,0,66,-108.54,59,-110.61,54,-111.06,58,-114.41,40,-114.76,49,-114.88
1916,8400.00,2927.70,1.50,1,65,0.05,NLOS,119.59,9.79,-109.17,-81.39,-0.40,34.98,0,59,-110.60,52,-116.84,58,-117.98,42,-119.59,15,-122.12,46,-123.94
1917,8400.00,2937.42,1.50,1,65,0.05,NLOS,119.72,9.79,-109.29,-81.51,-0.63,34.98,0,59,-110.39,52,-116.86,58,-118.18,42,-119.56,15,-122.11,46,-123.92
1918,8400.00,2947.14,1.50,1,65,0.05,NLOS,119.85,9.79,-109.42,-81.64,-0.88,34.98,0,59,-110.19,52,-116.87,58,-118.37,42,-119.52,15,-122.10,46,-123.91
1919,8400.00,2956.86,1.50,1,65,0.05,NLOS,119.99,-8.93,-90.84,-63.06,5.44,34.98,0,52,-101.43,58,-103.30,60,-103.42,66,-103.78,59,-105.43,61,-117.52
1920,8400.00,2966.57,1.50,1,65,0.05,NLOS,120.14,-8.93,-90.99,-63.21,5.25,34.98,0,52,-101.44,60,-103.30,58,-103.50,66,-103.60,59,-105.23,61,-117.44
1921,8400.00,2976.29,1.50,1,65,0.05,NLOS,120.30,-8.93,-91.15,-63.37,5.04,34.98,0,52,-101.46,60,-103.17,66,-103.41,58,-103.69,59,-105.04,61,-117.36
1922,8400.00,2986.01,1.50,1,58,0.03,NLOS,130.95,-9.76,-100.97,-73.18,-0.19,34.98,1,52,-103.93,66,-105.46,50,-110.94,53,-113.45,59,-113.65,46,-113.68
1923,8400.00,2995.72,1.50,1,58,0.03,NLOS,131.14,-9.76,-101.16,-73.38,-0.44,34.98,0,52,-103.95,66,-105.28,50,-110.91,53,-113.39,59,-113.45,46,-113.67
1924,8400.00,3005.44,1.50,1,58,0.02,NLOS,131.33,-9.76,-101.35,-73.57,-0.70,34.98,0,52,-103.97,66,-105.09,50,-110.87,59,-113.26,53,-113.33,46,-113.66
1925,8400.00,3015.16,1.50,1,59,0.04,NLOS,124.12,-12.19,-91.71,-63.93,6.68,34.98,1,65,-99.86,52,-105.70,66,-110.73,45,-113.82,58,-114.72,69,-115.18
1926,8400.00,3024.88,1.50,1,59,0.04,NLOS,123.94,-12.19,-91.52,-63.74,6.99,34.98,0,65,-100.06,52,-105.72,66,-110.54,45,-113.84,58,-114.91,69,-115.13
1927,8400.00,3034.59,1.50,1,59,0.04,NLOS,123.76,-12.19,-91.34,-63.56,7.31,34.98,0,65,-100.26,52,-105.75,66,-110.35,45,-113.87,69,-115.08,58,-115.10
1928,8400.00,3044.31,1.50,1,59,0.04,NLOS,123.58,-12.40,-90.96,-63.18,-1.01,34.98,0,60,-90.07,65,-108.39,66,-111.16,33,-111.57,58,-113.51,47,-117.18
1929,8400.00,3054.03,1.50,1,59,0.04,NLOS,123.41,-12.40,-90.79,-63.00,-0.97,34.98,0,60,-89.93,65,-108.60,66,-110.97,33,-111.57,58,-113.70,47,-117.14
1930,8400.00,3063.74,1.50,1,59,0.04,NLOS,123.24,-12.40,-90.62,-62.83,-0.93,34.98,0,60,-89.80,65,-108.81,66,-110.77,33,-111.56,58,-113.88,47,-117.11
1931,8400.00,3073.46,1.50,1,59,0.04,NLOS,123.07,-4.74,-98.11,-70.33,-0.81,34.98,0,66,-99.20,52,-104.49,55,-107.09,65,-107.22,58,-110.29,33,-114.68
1932,8400.00,3083.18,1.50,1,59,0.04,NLOS,122.91,-4.74,-97.95,-70.17,-0.75,34.98,0,66,-99.00,52,-104.52,55,-107.04,65,-107.44,58,-110.47,33,-114.68
1933,8400.00,3092.90,1.50,1,59,0.04,NLOS,122.76,-4.74,-97.80,-70.02,-0.69,34.98,0,66,-98.80,52,-104.55,55,-106.98,65,-107.67,58,-110.65,33,-114.68
1934,8402.61,3100.00,1.50,0,60,0.02,NLOS,138.57,-17.97,-100.38,-72.60,0.57,34.98,1,66,-101.19,65,-101.29,58,-106.67,45,-112.93,5,-114.99,61,-116.18
1935,8412.33,3100.00,1.50,0,60,0.02,NLOS,138.62,-17.97,-100.43,-72.65,0.41,34.98,0,65,-100.99,66,-101.08,58,-106.77,45,-113.01,5,-115.01,61,-116.20
1936,8422.05,3100.00,1.50,0,60,0.02,NLOS,138.68,-17.97,-100.49,-72.71,0.25,34.98,0,65,-100.69,66,-100.96,58,-106.88,45,-113.08,5,-115.03,61,-116.22
1937,8431.76,3100.00,1.50,0,59,0.04,NLOS,123.76,-0.17,-103.38,-75.60,3.83,34.98,1,65,-110.92,53,-111.73,56,-116.99,67,-117.35,60,-117.54,58,-118.00
1938,8441.48,3100.00,1.50,0,59,0.04,NLOS,124.09,-0.17,-103.71,-75.93,3.42,34.98,0,65,-110.61,53,-111.84,56,-117.00,67,-117.32,60,-117.60,58,-118.11
1939,8451.20,3100.00,1.50,0,59,0.04,NLOS,124.41,-0.17,-104.03,-76.25,3.00,34.98,0,65,-110.30,53,-111.95,56,-117.02,67,-117.30,60,-117.65,58,-118.21
1940,8460.92,3100.00,1.50,0,65,0.05,NLOS,120.95,-19.75,-80.98,-53.20,21.99,34.98,1,59,-106.18,52,-110.22,66,-111.15,60,-113.37,49,-113.71,58,-114.77
1941,8470.63,3100.00,1.50,0,65,0.05,NLOS,120.64,-19.75,-80.67,-52.89,22.47,34.98,0,59,-106.49,52,-110.35,66,-111.04,60,-113.43,49,-113.74,58,-114.88
1942,8480.35,3100.00,1.50,0,65,0.05,NLOS,120.33,-19.75,-80.36,-52.58,22.94,34.98,0,59,-106.80,52,-110.47,66,-110.94,60,-113.49,49,-113.77,58,-114.99
1943,8490.07,3100.00,1.50,0,65,0.05,NLOS,120.02,-8.26,-91.54,-63.76,-1.14,34.98,0,59,-90.54,66,-108.25,58,-109.24,47,-110.44,52,-119.51,46,-124.71
1944,8499.78,3100.00,1.50,0,65,0.05,NLOS,119.71,-8.26,-91.23,-63.45,-0.54,34.98,0,59,-90.84,66,-108.15,58,-109.35,47,-110.50,52,-119.64,46,-124.79
1945,8509.50,3100.00,1.50,0,65,0.05,NLOS,119.40,-8.26,-90.92,-63.14,0.05,34.98,0,59,-91.13,66,-108.06,58,-109.46,47,-110.57,52,-119.76,46,-124.88
1946,8519.22,3100.00,1.50,0,60,0.02,NLOS,139.28,-18.35,-100.71,-72.93,2.09,34.98,1,59,-103.87,65,-104.09,66,-110.71,52,-112.58,53,-117.87,35,-120.71
1947,8528.94,3100.00,1.50,0,60,0.02,NLOS,139.34,-18.35,-100.78,-72.99,2.23,34.98,0,65,-103.79,59,-104.15,66,-110.62,52,-112.70,53,-117.97,35,-120.75
1948,8538.65,3100.00,1.50,0,60,0.02,NLOS,139.41,-18.35,-100.84,-73.06,2.37,34.98,0,65,-103.49,59,-104.43,66,-110.53,52,-112.83,53,-118.08,35,-120.78
1949,8548.37,3100.00,1.50,0,66,0.03,NLOS,129.07,-8.68,-100.18,-72.40,2.31,34.98,1,59,-106.04,65,-107.10,60,-113.02,53,-113.57,68,-116.69,58,-116.82
1950,8558.09,3100.00,1.50,0,66,0.03,NLOS,128.99,-8.68,-100.10,-72.32,2.42,34.98,0,59,-106.31,65,-106.81,60,-113.09,53,-113.67,68,-116.68,58,-116.93
1951,8567.80,3100.00,1.50,0,66,0.03,NLOS,128.92,-8.68,-100.02,-72.24,2.51,34.98,0,65,-106.52,59,-106.58,60,-113.16,53,-113.78,68,-116.68,58,-117.05
1952,8577.52,3100.00,1.50,0,60,0.02,NLOS,139.68,-16.04,-103.41,-75.63,3.43,34.98,1,59,-110.04,54,-110.46,58,-116.31,68,-118.76,66,-119.69,32,-122.64
1953,8587.24,3100.00,1.50,0,60,0.02,NLOS,139.74,-16.04,-103.48,-75.70,3.51,34.98,0,59,-110.30,54,-110.51,58,-116.42,68,-118.76,66,-119.62,32,-122.68
1954,8596.95,3100.00,1.50,0,60,0.02,NLOS,139.81,-16.04,-103.55,-75.77,3.58,34.98,0,59,-110.56,54,-110.57,58,-116.54,68,-118.75,66,-119.55,32,-122.73
1955,8593.33,3100.00,1.50,2,60,0.02,NLOS,139.79,-16.04,-103.53,-75.74,3.55,34.98,0,59,-110.47,54,-110.55,58,-116.49,68,-118.75,66,-119.58,32,-122.71
1956,8583.61,3100.00,1.50,2,65,0.06,NLOS,117.13,-5.88,-91.04,-63.26,8.40,34.98,1,59,-99.88,58,-111.31,61,-112.51,52,-118.64,54,-118.81,67,-119.07
1957,8573.89,3100.00,1.50,2,65,0.06,NLOS,117.41,-5.88,-91.32,-63.54,7.87,34.98,0,59,-99.62,58,-111.20,61,-112.49,52,-118.52,54,-118.75,67,-119.08
1958,8564.18,3100.00,1.50,2,65,0.06,NLOS,117.70,-5.88,-91.61,-63.83,7.34,34.98,0,59,-99.35,58,-111.08,61,-112.47,52,-118.40,54,-118.70,67,-119.09
1959,8554.46,3100.00,1.50,2,65,0.06,NLOS,118.00,-11.09,-86.69,-58.91,14.12,34.98,0,59,-102.31,54,-104.77,52,-107.99,66,-113.29,53,-116.24,48,-117.91
1960,8544.74,3100.00,1.50,2,65,0.06,NLOS,118.29,-11.09,-86.99,-59.21,13.60,34.98,0,59,-102.03,54,-104.72,52,-107.87,66,-113.37,53,-116.14,48,-117.87
1961,8535.03,3100.00,1.50,2,65,0.06,NLOS,118.59,-11.09,-87.29,-59.51,13.08,34.98,0,59,-101.76,54,-104.66,52,-107.75,66,-113.46,53,-116.03,48,-117.83
1962,8525.31,3100.00,1.50,2,65,0.06,NLOS,118.90,5.45,-104.13,-76.35,2.74,34.98,0,60,-109.86,66,-111.90,61,-114.19,53,-117.07,67,-119.04,52,-120.46
1963,8515.59,3100.00,1.50,2,65,0.05,NLOS,119.21,5.45,-104.44,-76.66,2.41,34.98,0,60,-109.80,66,-111.99,61,-114.17,53,-116.96,67,-119.06,52,-120.33
1964,8505.87,3100.00,1.50,2,65,0.05,NLOS,119.51,5.45,-104.75,-76.97,2.07,34.98,0,60,-109.73,66,-112.08,61,-114.14,53,-116.86,67,-119.08,52,-120.21
1965,8496.16,3100.00,1.50,2,66,0.03,NLOS,129.56,-21.91,-87.44,-59.65,9.07,34.98,1,59,-99.20,65,-100.09,58,-114.38,39,-114.64,68,-116.29,48,-116.55
1966,8486.44,3100.00,1.50,2,66,0.03,NLOS,129.66,-21.91,-87.54,-59.75,8.93,34.98,0,59,-98.90,65,-100.40,58,-114.27,39,-114.58,68,-116.30,48,-116.51
1967,8476.72,3100.00,1.50,2,66,0.03,NLOS,129.76,-21.91,-87.64,-59.86,8.77,34.98,0,59,-98.60,65,-100.71,58,-114.16,39,-114.52,68,-116.31,48,-116.47
1968,8467.01,3100.00,1.50,2,59,0.04,NLOS,124.93,-16.63,-88.08,-60.30,6.68,34.98,1,58,-96.21,65,-100.90,42,-111.62,52,-112.26,66,-112.51,20,-118.50
1969,8457.29,3100.00,1.50,2,59,0.04,NLOS,124.61,-16.63,-87.77,-59.98,6.99,34.98,0,58,-96.10,65,-101.21,42,-111.58,52,-112.13,66,-112.61,20,-118.46
1970,8447.57,3100.00,1.50,2,59,0.04,NLOS,124.29,-16.63,-87.45,-59.67,7.30,34.98,0,58,-95.99,65,-101.52,42,-111.55,52,-112.00,66,-112.72,20,-118.43
1971,8437.85,3100.00,1.50,2,59,0.04,NLOS,123.97,-10.08,-93.67,-65.89,15.29,34.98,0,53,-112.19,66,-113.57,46,-116.00,54,-117.70,52,-120.59,55,-120.60
1972,8428.14,3100.00,1.50,2,59,0.04,NLOS,123.64,-10.08,-93.34,-65.56,15.59,34.98,0,53,-112.08,66,-113.68,46,-115.92,54,-117.65,52,-120.46,55,-120.57
1973,8418.42,3100.00,1.50,2,59,0.04,NLOS,123.30,-10.08,-93.00,-65.22,15.90,34.98,0,53,-111.97,66,-113.80,46,-115.83,54,-117.59,52,-120.32,55,-120.54
1974,8408.70,3100.00,1.50,2,65,0.04,NLOS,122.59,-0.71,-101.66,-73.88,-1.86,34.98,1,58,-101.72,59,-105.29,45,-108.78,53,-113.15,40,-113.35,60,-116.43
1975,8400.00,3101.01,1.50,1,65,0.04,NLOS,122.88,-0.71,-101.95,-74.17,-2.30,34.98,0,58,-101.65,59,-104.97,45,-108.71,53,-113.04,40,-113.30,60,-116.37
1976,8400.00,3110.73,1.50,1,65,0.04,NLOS,123.11,-0.71,-102.18,-74.40,-2.46,34.98,0,58,-101.83,59,-104.82,45,-108.74,53,-112.98,40,-113.28,60,-116.23
1977,8400.00,3120.45,1.50,1,65,0.04,NLOS,123.33,2.40,-105.51,-77.73,2.29,34.98,0,53,-110.51,52,-113.62,59,-115.87,34,-118.95,67,-119.77,68,-120.71
1978,8400.00,3130.17,1.50,1,65,0.04,NLOS,123.57,2.40,-105.74,-77.96,2.02,34.98,0,53,-110.46,52,-113.66,59,-115.74,34,-118.94,67,-119.66,68,-120.64
1979,8400.00,3139.88,1.50,1,65,0.04,NLOS,123.80,2.40,-105.97,-78.19,1.74,34.98,0,53,-110.40,52,-113.69,59,-115.62,34,-118.92,67,-119.56,68,-120.57
1980,8400.00,3149.60,1.50,1,60,0.02,NLOS,137.83,-18.21,-99.40,-71.62,2.29,34.98,1,66,-104.97,59,-105.05,65,-106.72,58,-107.52,55,-108.41,46,-111.06
1981,8400.00,3159.32,1.50,1,60,0.02,NLOS,137.69,-18.21,-99.26,-71.48,2.28,34.98,0,66,-104.76,59,-104.94,65,-106.96,58,-107.69,55,-108.35,46,-111.05
1982,8400.00,3169.03,1.50,1,60,0.02,NLOS,137.54,-18.21,-99.11,-71.33,2.28,34.98,0,66,-104.54,59,-104.84,65,-107.19,58,-107.86,55,-108.30,46,-111.05
1983,8400.00,3178.75,1.50,1,65,0.04,NLOS,124.73,6.56,-111.08,-83.30,0.72,34.98,1,47,-114.73,62,-115.43,5,-115.89,53,-117.69,66,-118.02,45,-119.03
1984,8400.00,3188.47,1.50,1,65,0.04,NLOS,124.97,6.56,-111.31,-83.53,0.43,34.98,0,47,-114.69,62,-115.37,5,-115.88,53,-117.64,66,-117.80,45,-119.06
1985,8400.00,3198.19,1.50,1,65,0.04,NLOS,125.20,6.56,-111.55,-83.77,0.15,34.98,0,47,-114.66,62,-115.31,5,-115.87,66,-117.58,53,-117.59,45,-119.09
1986,8400.00,3207.90,1.50,1,59,0.05,NLOS,121.47,-16.55,-84.69,-56.91,19.44,34.98,1,65,-107.82,66,-109.82,53,-112.78,47,-113.38,67,-113.60,5,-114.53
1987,8400.00,3217.62,1.50,1,59,0.05,NLOS,121.41,-16.55,-84.64,-56.86,19.52,34.98,0,65,-108.05,66,-109.60,53,-112.73,47,-113.35,67,-113.49,5,-114.52
1988,8400.00,3227.34,1.50,1,59,0.05,NLOS,121.37,-16.55,-84.59,-56.81,19.59,34.98,0,65,-108.29,66,-109.38,53,-112.68,47,-113.31,67,-113.37,5,-114.51
1989,8400.00,3237.05,1.50,1,58,0.02,NLOS,135.50,-18.37,-96.92,-69.13,4.34,34.98,1,65,-103.15,59,-107.55,60,-108.89,66,-111.63,52,-119.44,5,-120.64
1990,8400.00,3246.77,1.50,1,58,0.02,NLOS,135.66,-18.37,-97.08,-69.29,4.30,34.98,0,65,-103.39,59,-107.52,60,-108.74,66,-111.40,52,-119.49,5,-120.63
1991,8400.00,3256.49,1.50,1,58,0.02,NLOS,135.82,-18.37,-97.23,-69.45,4.26,34.98,0,65,-103.62,59,-107.50,60,-108.58,66,-111.17,52,-119.53,5,-120.62
1992,8400.00,3266.21,1.50,1,59,0.05,NLOS,121.28,-2.55,-98.51,-70.72,5.95,34.98,1,66,-105.90,60,-110.91,32,-117.45,58,-119.49,56,-120.90,69,-125.03
1993,8400.00,3275.92,1.50,1,59,0.05,NLOS,121.28,-2.55,-98.51,-70.73,5.75,34.98,0,66,-105.67,60,-110.75,32,-117.46,58,-119.65,56,-120.85,69,-124.98
1994,8400.00,3285.64,1.50,1,59,0.05,NLOS,121.29,-2.55,-98.52,-70.74,5.54,34.98,0,66,-105.44,60,-110.59,32,-117.47,58,-119.81,56,-120.80,69,-124.92
1995,8400.00,3295.36,1.50,1,58,0.02,NLOS,136.44,-5.01,-111.21,-83.43,-2.62,34.98,1,53,-112.73,61,-113.32,66,-113.61,60,-113.63,48,-117.08,39,-117.23
1996,8405.07,3300.00,1.50,0,58,0.02,NLOS,136.55,-5.01,-111.32,-83.54,-2.76,34.98,0,53,-112.78,61,-113.29,66,-113.39,60,-113.60,48,-117.09,39,-117.27
1997,8414.79,3300.00,1.50,0,58,0.02,NLOS,136.62,-5.01,-111.39,-83.61,-2.84,34.98,0,53,-112.90,66,-113.19,61,-113.31,60,-113.68,48,-117.14,39,-117.33
1998,8424.51,3300.00,1.50,0,52,0.01,NLOS,140.77,-29.25,-91.30,-63.52,0.97,34.98,1,59,-92.35,66,-101.66,67,-106.99,53,-111.72,60,-115.48,47,-117.59
1999,8434.22,3300.00,1.50,0,52,0.01,NLOS,140.89,-29.25,-91.42,-63.64,1.22,34.98,0,59,-92.74,66,-101.46,67,-106.96,53,-111.85,60,-115.56,47,-117.66
2000,8443.94,3300.00,1.50,0,52,0.01,NLOS,141.01,-29.25,-91.54,-63.76,1.47,34.98,0,59,-93.11,66,-101.26,67,-106.93,53,-111.97,60,-115.64,47,-117.73
2001,8453.66,3300.00,1.50,0,66,0.04,NLOS,125.01,-19.65,-85.14,-57.36,10.97,34.98,1,65,-97.65,59,-101.90,52,-108.27,67,-112.01,27,-118.42,58,-118.81
2002,8463.38,3300.00,1.50,0,66,0.04,NLOS,124.81,-19.65,-84.94,-57.16,11.14,34.98,0,65,-97.49,59,-102.26,52,-108.39,67,-111.98,27,-118.46,58,-118.89
2003,8473.09,3300.00,1.50,0,66,0.04,NLOS,124.62,-19.65,-84.75,-56.97,11.30,34.98,0,65,-97.33,59,-102.61,52,-108.51,67,-111.95,27,-118.50,58,-118.96
2004,8482.81,3300.00,1.50,0,66,0.04,NLOS,124.43,-20.29,-83.92,-56.14,12.59,34.98,0,65,-97.06,59,-107.58,52,-112.69,67,-114.06,53,-114.42,49,-115.40
2005,8492.53,3300.00,1.50,0,66,0.04,NLOS,124.24,-20.29,-83.73,-55.95,12.67,34.98,0,65,-96.91,59,-107.92,52,-112.80,67,-114.04,53,-114.54,49,-115.43
2006,8502.24,3300.00,1.50,0,66,0.04,NLOS,124.06,-20.29,-83.55,-55.76,12.74,34.98,0,65,-96.76,59,-108.25,52,-112.92,67,-114.01,53,-114.66,49,-115.46
2007,8511.96,3300.00,1.50,0,66,0.04,NLOS,123.87,-11.17,-92.49,-64.71,6.19,34.98,0,59,-100.05,58,-105.26,54,-106.91,40,-114.02,52,-115.22,60,-115.33
2008,8521.68,3300.00,1.50,0,66,0.04,NLOS,123.70,-11.17,-92.31,-64.53,6.62,34.98,0,59,-100.36,58,-105.33,54,-106.98,40,-114.07,52,-115.33,60,-115.42
2009,8531.40,3300.00,1.50,0,66,0.04,NLOS,123.52,-11.17,-92.13,-64.35,7.03,34.98,0,59,-100.68,58,-105.41,54,-107.04,40,-114.13,52,-115.45,60,-115.51
2010,8541.11,3300.00,1.50,0,59,0.03,NLOS,126.42,1.58,-107.78,-80.00,-1.08,34.98,1,65,-107.78,41,-109.69,54,-110.18,52,-117.69,53,-120.46,58,-121.10
2011,8550.83,3300.00,1.50,0,59,0.03,NLOS,126.72,1.58,-108.08,-80.30,-1.47,34.98,0,65,-107.65,41,-109.74,54,-110.24,52,-117.80,53,-120.58,58,-121.18
2012,8560.55,3300.00,1.50,0,59,0.03,NLOS,127.02,1.58,-108.38,-80.60,-1.85,34.98,0,65,-107.53,41,-109.79,54,-110.31,52,-117.92,53,-120.69,66,-121.03
2013,8570.26,3300.00,1.50,0,66,0.04,NLOS,122.87,-15.65,-87.00,-59.22,13.30,34.98,1,67,-103.54,59,-104.37,58,-113.06,46,-113.93,60,-114.00,69,-117.46
2014,8579.98,3300.00,1.50,0,66,0.04,NLOS,122.72,-15.65,-86.85,-59.07,13.56,34.98,0,67,-103.52,59,-104.65,58,-113.14,46,-114.01,60,-114.09,69,-117.46
2015,8589.70,3300.00,1.50,0,66,0.04,NLOS,122.57,-15.65,-86.71,-58.92,13.81,34.98,0,67,-103.50,59,-104.93,58,-113.23,46,-114.09,60,-114.18,69,-117.46
2016,8599.42,3300.00,1.50,0,65,0.04,NLOS,124.67,-26.78,-77.67,-49.89,21.27,34.98,1,59,-99.22,66,-112.28,69,-118.58,60,-122.13,58,-122.81,5,-123.08
2017,8600.00,3309.13,1.50,1,65,0.04,NLOS,124.97,-26.78,-77.96,-50.18,20.99,34.98,0,59,-99.25,66,-111.93,69,-118.52,60,-122.01,58,-122.93,5,-123.07
2018,8600.00,3318.85,1.50,1,65,0.04,NLOS,125.28,-26.78,-78.28,-50.49,20.67,34.98,0,59,-99.27,66,-111.56,69,-118.47,60,-121.88,58,-123.06,5,-123.06
2019,8600.00,3328.57,1.50,1,66,0.05,NLOS,121.34,-14.26,-86.86,-59.08,12.29,34.98,1,59,-102.25,65,-104.97,67,-105.55,52,-113.28,5,-117.40,35,-118.89
2020,8600.00,3338.28,1.50,1,66,0.05,NLOS,120.96,-14.26,-86.48,-58.70,12.73,34.98,0,59,-102.28,65,-105.27,67,-105.42,52,-113.32,5,-117.39,35,-118.87
2021,8600.00,3348.00,1.50,1,66,0.05,NLOS,120.57,-14.26,-86.09,-58.31,13.18,34.98,0,59,-102.31,67,-105.29,65,-105.57,52,-113.36,5,-117.38,35,-118.85
2022,8600.00,3357.72,1.50,1,66,0.05,NLOS,120.17,0.82,-100.77,-72.99,0.18,34.98,0,59,-103.65,65,-104.98,52,-111.05,58,-117.07,53,-118.22,67,-119.35
2023,8600.00,3367.44,1.50,1,66,0.05,NLOS,119.76,0.82,-100.36,-72.58,0.73,34.98,0,59,-103.69,65,-105.27,52,-111.09,58,-117.19,53,-118.20,67,-119.22
2024,8600.00,3377.15,1.50,1,66,0.05,NLOS,119.35,0.82,-99.95,-72.17,1.27,34.98,0,59,-103.74,65,-105.55,52,-111.13,58,-117.32,53,-118.17,67,-119.08
2025,8600.00,3386.87,1.50,1,65,0.03,NLOS,127.33,-7.19,-99.93,-72.14,-0.06,34.98,1,66,-104.23,52,-104.48,59,-107.61,60,-109.71,53,-118.85,47,-120.55
2026,8600.00,3396.59,1.50,1,65,0.03,NLOS,127.61,-7.19,-100.20,-72.42,-0.49,34.98,0,66,-103.80,52,-104.52,59,-107.67,60,-109.58,53,-118.82,47,-120.53
2027,8600.00,3406.30,1.50,1,65,0.03,NLOS,127.88,-7.19,-100.47,-72.69,-0.93,34.98,0,66,-103.37,52,-104.57,59,-107.73,60,-109.44,53,-118.79,47,-120.51
2028,8600.00,3416.02,1.50,1,66,0.06,NLOS,117.61,-22.49,-74.91,-47.13,20.11,34.98,1,59,-95.49,52,-105.82,61,-107.89,67,-108.03,53,-109.60,65,-114.38
2029,8600.00,3425.74,1.50,1,66,0.06,NLOS,117.16,-22.49,-74.45,-46.67,20.62,34.98,0,59,-95.56,52,-105.86,61,-107.80,67,-107.89,53,-109.57,65,-114.64
2030,8600.00,3435.46,1.50,1,66,0.07,NLOS,116.69,-22.49,-73.99,-46.21,21.14,34.98,0,59,-95.63,52,-105.91,61,-107.71,67,-107.75,53,-109.55,65,-114.90
2031,8600.00,3445.17,1.50,1,66,0.07,NLOS,116.22,-2.26,-93.75,-65.97,4.89,34.98,0,58,-101.31,59,-106.68,65,-107.02,67,-109.51,60,-112.80,53,-113.28
2032,8600.00,3454.89,1.50,1,66,0.07,NLOS,115.74,-2.26,-93.27,-65.48,5.46,34.98,0,58,-101.43,59,-106.76,65,-107.28,67,-109.37,60,-112.66,53,-113.26
2033,8600.00,3464.61,1.50,1,66,0.08,NLOS,115.25,-2.26,-92.78,-64.99,6.04,34.98,0,58,-101.54,59,-106.84,65,-107.53,67,-109.22,60,-112.53,53,-113.24
2034,8600.00,3474.32,1.50,1,66,0.08,NLOS,114.75,12.20,-106.73,-78.95,-4.78,34.98,0,59,-104.53,67,-108.86,65,-109.45,52,-111.50,47,-111.56,49,-115.88
2035,8600.00,3484.04,1.50,1,66,0.08,NLOS,114.25,12.20,-106.23,-78.44,-4.21,34.98,0,59,-104.61,67,-108.72,65,-109.70,47,-111.53,52,-111.55,49,-115.84
2036,8600.00,3493.76,1.50,1,66,0.09,NLOS,113.73,12.20,-105.71,-77.93,-3.64,34.98,0,59,-104.70,67,-108.57,65,-109.94,47,-111.51,52,-111.59,49,-115.80
2037,8596.52,3500.00,1.50,2,65,0.03,NLOS,130.33,-7.77,-102.34,-74.56,2.42,34.98,1,53,-107.35,55,-109.71,66,-110.61,52,-115.11,59,-118.01,62,-118.23
2038,8586.81,3500.00,1.50,2,65,0.03,NLOS,130.38,-7.77,-102.39,-74.61,2.37,34.98,0,53,-107.23,55,-109.67,66,-111.00,52,-115.01,59,-117.77,62,-118.22
2039,8577.09,3500.00,1.50,2,65,0.03,NLOS,130.44,-7.77,-102.45,-74.67,2.31,34.98,0,53,-107.11,55,-109.63,66,-111.40,52,-114.91,59,-117.53,62,-118.20
2040,8567.37,3500.00,1.50,2,66,0.08,NLOS,114.74,-4.99,-89.53,-61.75,10.64,34.98,1,65,-100.76,61,-108.07,59,-111.27,44,-116.35,53,-116.73,15,-116.75
2041,8557.66,3500.00,1.50,2,66,0.08,NLOS,115.14,-4.99,-89.94,-62.16,10.27,34.98,0,65,-100.82,61,-108.04,59,-111.02,44,-116.33,53,-116.61,15,-116.72
2042,8547.94,3500.00,1.50,2,66,0.07,NLOS,115.55,-4.99,-90.35,-62.56,9.90,34.98,0,65,-100.89,61,-108.00,59,-110.77,44,-116.31,53,-116.48,15,-116.69
2043,8538.22,3500.00,1.50,2,66,0.07,NLOS,115.96,0.83,-96.57,-68.79,5.30,34.98,0,60,-102.93,68,-107.01,58,-111.25,53,-115.91,67,-116.17,46,-118.11
2044,8528.51,3500.00,1.50,2,66,0.07,NLOS,116.37,0.83,-96.98,-69.20,4.78,34.98,0,60,-102.80,68,-107.02,58,-111.19,53,-115.78,67,-116.20,46,-118.03
2045,8518.79,3500.00,1.50,2,66,0.07,NLOS,116.77,0.83,-97.39,-69.60,4.26,34.98,0,60,-102.67,68,-107.03,58,-111.13,53,-115.66,67,-116.23,46,-117.95
2046,8509.07,3500.00,1.50,2,65,0.03,NLOS,130.93,-19.60,-91.12,-63.33,-0.08,34.98,1,59,-92.36,53,-98.34,60,-104.71,66,-105.79,61,-113.68,54,-118.14
2047,8499.35,3500.00,1.50,2,65,0.03,NLOS,131.01,-19.60,-91.20,-63.41,-0.38,34.98,0,59,-92.09,53,-98.21,60,-104.58,66,-106.19,61,-113.65,54,-118.07
2048,8489.64,3500.00,1.50,2,65,0.03,NLOS,131.10,-19.60,-91.28,-63.50,-0.69,34.98,0,59,-91.82,53,-98.08,60,-104.46,66,-106.59,61,-113.62,54,-117.99
2049,8479.92,3500.00,1.50,2,66,0.06,NLOS,118.36,-22.99,-75.16,-47.37,12.52,34.98,1,59,-87.70,56,-110.63,65,-113.63,54,-115.65,68,-117.55,48,-118.65
2050,8470.20,3500.00,1.50,2,66,0.06,NLOS,118.75,-22.99,-75.55,-47.76,11.85,34.98,0,59,-87.42,56,-110.61,65,-113.72,54,-115.57,68,-117.56,60,-118.59
2051,8460.49,3500.00,1.50,2,66,0.05,NLOS,119.14,-22.99,-75.93,-48.15,11.18,34.98,0,59,-87.13,56,-110.59,65,-113.81,54,-115.50,68,-117.57,60,-118.46
2052,8450.77,3500.00,1.50,2,66,0.05,NLOS,119.52,-6.63,-92.67,-64.88,-1.32,34.98,0,59,-91.83,65,-104.75,58,-105.74,53,-108.59,60,-117.67,52,-120.14
2053,8441.05,3500.00,1.50,2,66,0.05,NLOS,119.89,-6.63,-93.04,-65.26,-1.96,34.98,0,59,-91.54,65,-104.85,58,-105.69,53,-108.46,60,-117.55,52,-120.03
2054,8431.33,3500.00,1.50,2,66,0.05,NLOS,120.27,-6.63,-93.41,-65.63,-2.59,34.98,0,59,-91.24,65,-104.94,58,-105.64,53,-108.32,60,-117.43,52,-119.93
2055,8421.62,3500.00,1.50,2,66,0.05,NLOS,120.63,3.43,-103.84,-76.06,2.23,34.98,0,60,-108.50,65,-113.58,22,-114.51,53,-115.13,61,-115.51,62,-116.06
2056,8411.90,3500.00,1.50,2,66,0.05,NLOS,120.99,3.43,-104.20,-76.42,1.79,34.98,0,60,-108.39,65,-113.68,22,-114.48,53,-115.00,61,-115.48,62,-116.04
2057,8402.18,3500.00,1.50,2,66,0.05,NLOS,121.35,3.43,-104.56,-76.78,1.36,34.98,0,60,-108.27,65,-113.78,22,-114.45,53,-114.86,61,-115.45,62,-116.03
2058,8407.53,3500.00,1.50,0,66,0.05,NLOS,121.15,3.43,-104.36,-76.58,1.60,34.98,0,60,-108.33,65,-113.73,22,-114.47,53,-114.93,61,-115.47,62,-116.04
2059,8417.25,3500.00,1.50,0,60,0.02,NLOS,132.13,-17.15,-94.76,-66.97,0.29,34.98,1,59,-97.03,66,-99.85,58,-106.97,68,-109.99,53,-111.16,54,-115.55
2060,8426.97,3500.00,1.50,0,60,0.02,NLOS,132.25,-17.15,-94.88,-67.09,0.23,34.98,0,59,-97.33,66,-99.49,58,-107.02,68,-109.97,53,-111.30,54,-115.63
2061,8436.69,3500.00,1.50,0,60,0.02,NLOS,132.37,-17.15,-95.00,-67.21,0.15,34.98,0,59,-97.63,66,-99.12,58,-107.08,68,-109.96,53,-111.44,54,-115.70
2062,8446.40,3500.00,1.50,0,66,0.05,NLOS,119.69,-4.07,-95.40,-67.62,5.20,34.98,1,59,-102.08,67,-107.33,52,-113.74,47,-115.89,53,-116.45,58,-116.55
2063,8456.12,3500.00,1.50,0,66,0.05,NLOS,119.31,-4.07,-95.02,-67.24,5.78,34.98,0,59,-102.37,67,-107.29,52,-113.84,47,-115.96,53,-116.58,58,-116.60
2064,8465.84,3500.00,1.50,0,66,0.06,NLOS,118.93,-4.07,-94.64,-66.86,6.35,34.98,0,59,-102.65,67,-107.25,52,-113.94,47,-116.04,58,-116.65,53,-116.71
2065,8475.55,3500.00,1.50,0,59,0.03,NLOS,126.01,-17.38,-88.41,-60.63,10.52,34.98,1,66,-101.92,60,-103.61,65,-108.52,52,-113.28,56,-116.25,58,-122.05
2066,8485.27,3500.00,1.50,0,59,0.03,NLOS,126.29,-17.38,-88.69,-60.91,10.08,34.98,0,66,-101.53,60,-103.73,65,-108.44,52,-113.38,56,-116.28,58,-122.11
2067,8494.99,3500.00,1.50,0,59,0.03,NLOS,126.57,-17.38,-88.96,-61.18,9.62,34.98,0,66,-101.13,60,-103.86,65,-108.35,52,-113.49,56,-116.30,58,-122.17
2068,8504.71,3500.00,1.50,0,60,0.02,NLOS,133.24,-28.26,-84.76,-56.98,11.09,34.98,1,67,-97.81,66,-100.72,58,-106.25,65,-107.43,59,-113.71,61,-114.56
2069,8514.42,3500.00,1.50,0,60,0.02,NLOS,133.37,-28.26,-84.88,-57.10,10.81,34.98,0,67,-97.77,66,-100.32,58,-106.31,65,-107.35,59,-113.98,61,-114.59
2070,8524.14,3500.00,1.50,0,60,0.02,NLOS,133.49,-28.26,-85.01,-57.23,10.52,34.98,0,67,-97.74,66,-99.91,58,-106.37,65,-107.28,59,-114.24,61,-114.63
2071,8533.86,3500.00,1.50,0,66,0.07,NLOS,116.14,-14.97,-80.95,-53.17,16.75,34.98,1,65,-100.99,60,-103.97,58,-104.59,52,-108.59,59,-108.73,63,-115.66
2072,8543.57,3500.00,1.50,0,66,0.07,NLOS,115.74,-14.97,-80.54,-52.76,17.18,34.98,0,65,-100.92,60,-104.10,58,-104.65,52,-108.69,59,-108.99,63,-115.67
2073,8553.29,3500.00,1.50,0,66,0.07,NLOS,115.33,-14.97,-80.14,-52.35,17.61,34.98,0,65,-100.85,60,-104.23,58,-104.71,52,-108.79,59,-109.25,63,-115.68
2074,8563.01,3500.00,1.50,0,67,0.02,NLOS,138.16,-19.20,-98.74,-70.96,8.55,34.98,1,55,-100.99,53,-108.50,60,-109.92,65,-112.15,66,-112.48,52,-112.96
2075,8572.73,3500.00,1.50,0,67,0.02,NLOS,138.14,-19.20,-98.72,-70.93,8.53,34.98,0,55,-101.03,53,-108.62,60,-110.05,66,-112.07,65,-112.08,52,-113.06
2076,8582.44,3500.00,1.50,0,67,0.02,NLOS,138.11,-19.20,-98.69,-70.91,8.50,34.98,0,55,-101.07,53,-108.74,60,-110.18,66,-111.67,65,-112.02,52,-113.16
2077,8592.16,3500.00,1.50,0,66,0.09,NLOS,113.72,-7.39,-86.10,-58.32,6.46,34.98,1,65,-95.36,59,-96.79,60,-104.07,67,-108.83,39,-110.18,54,-116.83
2078,8600.00,3498.12,1.50,3,66,0.09,NLOS,113.50,-7.39,-85.89,-58.11,6.70,34.98,0,65,-95.27,59,-96.96,60,-104.20,67,-108.85,39,-110.22,54,-116.90
2079,8600.00,3488.41,1.50,3,66,0.08,NLOS,114.02,-7.39,-86.40,-58.62,6.03,34.98,0,65,-95.03,59,-96.87,60,-104.34,67,-109.00,39,-110.21,54,-116.96
2080,8600.00,3478.69,1.50,3,67,0.02,NLOS,138.40,-17.49,-100.69,-72.91,2.24,34.98,1,60,-104.88,46,-107.43,66,-107.52,53,-107.93,65,-115.72,45,-115.90
2081,8600.00,3468.97,1.50,3,67,0.02,NLOS,138.55,-17.49,-100.84,-73.06,2.35,34.98,0,60,-105.01,46,-107.42,53,-107.95,66,-108.02,65,-115.47,45,-115.86
2082,8600.00,3459.25,1.50,3,67,0.02,NLOS,138.70,-17.49,-100.98,-73.20,2.45,34.98,0,60,-105.15,46,-107.41,53,-107.97,66,-108.52,65,-115.22,45,-115.83
2083,8600.00,3449.54,1.50,3,67,0.02,NLOS,138.84,-30.00,-88.62,-60.84,11.41,34.98,0,66,-100.17,65,-102.87,58,-114.80,42,-115.77,60,-118.32,53,-122.38
2084,8600.00,3439.82,1.50,3,67,0.02,NLOS,138.98,-30.00,-88.77,-60.98,11.73,34.98,0,66,-100.64,65,-102.61,58,-114.69,42,-115.80,60,-118.46,53,-122.40
2085,8600.00,3430.10,1.50,3,67,0.02,NLOS,139.13,-30.00,-88.91,-61.13,12.04,34.98,0,66,-101.11,65,-102.35,58,-114.57,42,-115.82,60,-118.59,53,-122.43
2086,8600.00,3420.39,1.50,3,66,0.06,NLOS,117.41,-1.90,-95.29,-67.51,4.58,34.98,1,65,-100.25,59,-113.29,50,-114.89,24,-117.22,60,-117.49,63,-117.67
2087,8600.00,3410.67,1.50,3,66,0.06,NLOS,117.86,-1.90,-95.74,-67.96,3.89,34.98,0,65,-99.99,59,-113.23,50,-114.92,24,-117.23,60,-117.63,63,-117.72
2088,8600.00,3400.95,1.50,3,66,0.06,NLOS,118.30,-1.90,-96.18,-68.40,3.20,34.98,0,65,-99.72,59,-113.17,50,-114.96,24,-117.25,60,-117.76,63,-117.77
2089,8600.00,3391.24,1.50,3,65,0.03,NLOS,127.46,-16.21,-91.03,-63.24,14.51,34.98,1,45,-103.86,60,-107.89,54,-110.31,66,-111.07,46,-111.25,53,-117.35
2090,8600.00,3381.52,1.50,3,65,0.03,NLOS,127.18,-16.21,-90.75,-62.97,14.98,34.98,0,45,-103.83,60,-108.03,54,-110.37,46,-111.24,66,-111.49,53,-117.38
2091,8600.00,3371.80,1.50,3,65,0.03,NLOS,126.90,-16.21,-90.46,-62.68,15.45,34.98,0,45,-103.80,60,-108.16,54,-110.43,46,-111.24,66,-111.91,53,-117.40
2092,8600.00,3362.08,1.50,3,60,0.02,NLOS,136.42,-25.99,-90.22,-62.43,4.22,34.98,1,66,-94.67,52,-106.18,59,-109.07,55,-110.12,54,-114.53,65,-114.69
2093,8600.00,3352.37,1.50,3,60,0.02,NLOS,136.55,-25.99,-90.35,-62.57,4.47,34.98,0,66,-95.08,52,-106.14,59,-109.03,55,-110.18,65,-114.40,54,-114.59
2094,8600.00,3342.65,1.50,3,60,0.02,NLOS,136.69,-25.99,-90.48,-62.70,4.70,34.98,0,66,-95.47,52,-106.10,59,-108.99,55,-110.23,65,-114.10,54,-114.65
2095,8600.00,3332.93,1.50,3,65,0.03,NLOS,125.72,-3.67,-101.84,-74.06,4.31,34.98,1,59,-108.83,60,-111.25,47,-113.22,63,-113.59,54,-114.99,58,-116.26
2096,8600.00,3323.22,1.50,3,65,0.04,NLOS,125.42,-3.67,-101.53,-73.75,4.64,34.98,0,59,-108.81,60,-111.38,47,-113.25,63,-113.64,54,-115.05,58,-116.13
2097,8600.00,3313.50,1.50,3,65,0.04,NLOS,125.11,-3.67,-101.22,-73.44,4.97,34.98,0,59,-108.78,60,-111.51,47,-113.27,63,-113.69,54,-115.11,58,-116.01
2098,8600.00,3303.78,1.50,3,66,0.04,NLOS,122.29,-6.14,-95.93,-68.15,5.35,34.98,1,65,-102.52,60,-109.42,59,-113.65,67,-117.52,55,-118.23,53,-123.13
2099,8600.00,3305.94,1.50,1,66,0.04,NLOS,122.21,-6.14,-95.85,-68.07,5.47,34.98,0,65,-102.59,60,-109.39,59,-113.65,67,-117.49,55,-118.22,53,-123.12
2100,8600.00,3315.65,1.50,1,66,0.04,NLOS,121.84,-6.14,-95.48,-67.70,6.05,34.98,0,65,-102.90,60,-109.26,59,-113.67,67,-117.36,55,-118.16,53,-123.09
2101,8600.00,3325.37,1.50,1,66,0.05,NLOS,121.46,-6.14,-95.11,-67.33,6.62,34.98,0,65,-103.21,60,-109.13,59,-113.69,67,-117.23,55,-118.11,53,-123.06
2102,8600.00,3335.09,1.50,1,65,0.03,NLOS,125.79,-10.26,-95.31,-67.53,1.24,34.98,1,67,-100.42,60,-100.80,59,-100.87,58,-106.13,52,-107.45,66,-108.92
2103,8600.00,3344.80,1.50,1,65,0.03,NLOS,126.09,-10.26,-95.61,-67.83,0.90,34.98,0,67,-100.28,60,-100.66,59,-100.90,58,-106.25,52,-107.49,66,-108.53
2104,8600.00,3354.52,1.50,1,65,0.03,NLOS,126.38,-10.26,-95.91,-68.13,0.56,34.98,0,67,-100.15,60,-100.53,59,-100.94,58,-106.38,52,-107.53,66,-108.14
2105,8600.00,3364.24,1.50,1,59,0.03,NLOS,128.36,-17.97,-90.17,-62.39,5.73,34.98,1,66,-95.95,54,-112.82,68,-113.85,67,-119.42,65,-119.66,60,-119.91
2106,8600.00,3373.96,1.50,1,59,0.03,NLOS,128.40,-17.97,-90.21,-62.43,5.28,34.98,0,66,-95.54,54,-112.76,68,-113.77,67,-119.29,60,-119.77,65,-119.95
2107,8600.00,3383.67,1.50,1,59,0.03,NLOS,128.45,-17.97,-90.26,-62.48,4.81,34.98,0,66,-95.12,54,-112.70,68,-113.69,67,-119.15,60,-119.64,65,-120.23
2108,8600.00,3393.39,1.50,1,59,0.03,NLOS,128.51,-18.46,-89.83,-62.04,19.72,34.98,0,52,-112.31,45,-113.41,65,-115.09,46,-117.06,62,-118.64,66,-118.93
2109,8600.00,3403.11,1.50,1,59,0.03,NLOS,128.56,-18.46,-89.88,-62.10,19.70,34.98,0,52,-112.35,45,-113.44,65,-115.36,46,-117.07,66,-118.50,62,-118.58
2110,8600.00,3412.82,1.50,1,59,0.03,NLOS,128.62,-18.46,-89.94,-62.16,19.67,34.98,0,52,-112.39,45,-113.47,65,-115.63,46,-117.07,66,-118.05,62,-118.51
2111,8600.00,3422.54,1.50,1,59,0.03,NLOS,128.69,-5.80,-102.67,-74.88,0.06,34.98,0,53,-105.73,65,-108.64,66,-110.08,55,-113.73,52,-116.40,47,-117.24
2112,8600.00,3432.26,1.50,1,59,0.03,NLOS,128.76,-5.80,-102.73,-74.95,-0.04,34.98,0,53,-105.70,65,-108.90,66,-109.62,55,-113.68,52,-116.45,47,-117.21
2113,8600.00,3441.98,1.50,1,59,0.03,NLOS,128.83,-5.80,-102.80,-75.02,-0.16,34.98,0,53,-105.68,66,-109.15,65,-109.16,55,-113.62,52,-116.49,47,-117.19
2114,8600.00,3451.69,1.50,1,53,0.01,NLOS,142.18,-19.82,-102.15,-74.37,3.98,34.98,1,65,-108.88,59,-108.89,66,-109.93,47,-110.72,58,-114.30,68,-114.31
2115,8600.00,3461.41,1.50,1,53,0.01,NLOS,142.16,-19.82,-102.13,-74.34,4.03,34.98,0,59,-108.97,65,-109.13,66,-109.44,47,-110.70,68,-114.23,58,-114.42
2116,8600.00,3471.13,1.50,1,53,0.01,NLOS,142.14,-19.82,-102.11,-74.32,4.07,34.98,0,66,-108.95,59,-109.05,65,-109.38,47,-110.67,68,-114.14,58,-114.54
2117,8600.00,3480.84,1.50,1,66,0.08,NLOS,114.41,0.18,-94.37,-66.59,5.34,34.98,1,65,-100.06,63,-108.97,60,-115.21,58,-115.47,54,-115.64,59,-119.91
2118,8600.00,3490.56,1.50,1,66,0.09,NLOS,113.90,0.18,-93.86,-66.08,6.08,34.98,0,65,-100.30,63,-108.92,60,-115.07,54,-115.58,58,-115.58,59,-120.00
2119,8600.00,3499.72,1.50,3,66,0.09,NLOS,113.41,0.18,-93.37,-65.59,6.77,34.98,0,65,-100.52,63,-108.88,60,-114.94,54,-115.53,58,-115.69,59,-120.09
2120,8600.00,3490.00,1.50,3,66,0.08,NLOS,113.93,7.41,-101.12,-73.34,-2.60,34.98,0,65,-98.73,62,-101.80,45,-108.61,59,-114.37,43,-115.09,48,-116.97
2121,8600.00,3480.29,1.50,3,65,0.03,NLOS,129.82,-11.12,-98.49,-70.71,2.75,34.98,1,66,-101.63,62,-101.86,45,-108.57,59,-114.29,43,-115.12,48,-117.01
2122,8600.00,3470.57,1.50,3,65,0.03,NLOS,129.58,-11.12,-98.25,-70.46,3.45,34.98,0,62,-101.93,66,-102.14,45,-108.54,59,-114.20,43,-115.15,48,-117.05
2123,8600.00,3460.85,1.50,3,66,0.07,NLOS,115.44,-1.20,-94.02,-66.24,7.42,34.98,1,65,-102.63,62,-109.14,68,-110.48,59,-110.90,53,-112.08,60,-116.82
2124,8600.00,3451.14,1.50,3,66,0.07,NLOS,115.93,-1.20,-94.51,-66.73,6.74,34.98,0,65,-102.37,62,-109.21,68,-110.57,59,-110.83,53,-112.10,60,-116.96
2125,8600.00,3441.42,1.50,3,66,0.07,NLOS,116.41,-1.20,-94.99,-67.21,6.06,34.98,0,65,-102.12,62,-109.27,68,-110.65,59,-110.75,53,-112.12,60,-117.10
2126,8600.00,3431.70,1.50,3,66,0.07,NLOS,116.87,-2.38,-94.28,-66.50,5.00,34.98,0,65,-100.56,59,-106.21,68,-109.61,49,-112.44,58,-113.62,52,-116.32
2127,8600.00,3421.98,1.50,3,66,0.06,NLOS,117.33,-2.38,-94.74,-66.96,4.33,34.98,0,65,-100.30,59,-106.14,68,-109.69,49,-112.48,58,-113.50,52,-116.28
2128,8600.00,3412.27,1.50,3,66,0.06,NLOS,117.79,-2.38,-95.19,-67.41,3.66,34.98,0,65,-100.03,59,-106.08,68,-109.77,49,-112.52,58,-113.38,52,-116.23
2129,8600.00,3402.55,1.50,3,66,0.06,NLOS,118.23,9.41,-107.42,-79.64,-3.76,34.98,0,59,-106.24,58,-109.37,55,-110.47,65,-112.15,61,-112.51,45,-116.90
2130,8600.00,3392.83,1.50,3,66,0.06,NLOS,118.66,9.41,-107.86,-80.08,-4.29,34.98,0,59,-106.18,58,-109.25,55,-110.53,65,-111.87,61,-112.60,45,-116.87
2131,8600.00,3383.12,1.50,3,66,0.05,NLOS,119.09,9.41,-108.29,-80.50,-4.82,34.98,0,59,-106.13,58,-109.13,55,-110.58,65,-111.60,61,-112.69,45,-116.84
2132,8600.00,3373.40,1.50,3,60,0.02,NLOS,136.27,-14.04,-102.01,-74.23,-0.64,34.98,1,59,-103.59,65,-104.32,67,-106.39,56,-107.95,39,-112.26,48,-112.52
2133,8600.00,3363.68,1.50,3,60,0.02,NLOS,136.40,-14.04,-102.14,-74.36,-0.74,34.98,0,59,-103.55,65,-104.04,67,-106.53,56,-107.99,39,-112.25,48,-112.56
2134,8600.00,3353.96,1.50,3,60,0.02,NLOS,136.53,-14.04,-102.28,-74.49,-0.84,34.98,0,59,-103.51,65,-103.75,67,-106.66,56,-108.04,39,-112.24,48,-112.60
2135,8600.00,3344.25,1.50,3,66,0.05,NLOS,120.72,-2.62,-97.88,-70.10,5.21,34.98,1,45,-103.08,53,-107.50,60,-108.15,56,-108.62,65,-109.09,59,-116.15
2136,8600.00,3334.53,1.50,3,66,0.05,NLOS,121.11,-2.62,-98.27,-70.48,4.80,34.98,0,45,-103.05,53,-107.53,60,-108.29,56,-108.67,65,-108.79,59,-116.12
2137,8600.00,3324.81,1.50,3,66,0.05,NLOS,121.49,-2.62,-98.65,-70.87,4.38,34.98,0,45,-103.02,53,-107.56,60,-108.42,65,-108.49,56,-108.72,59,-116.09
2138,8600.00,3315.10,1.50,3,66,0.04,NLOS,121.86,-8.40,-93.25,-65.46,10.95,34.98,0,52,-103.06,65,-109.01,58,-110.47,59,-112.09,60,-113.52,67,-114.73
2139,8600.00,3305.38,1.50,3,66,0.04,NLOS,122.23,-8.40,-93.61,-65.83,10.47,34.98,0,52,-103.02,65,-108.69,58,-110.35,59,-112.07,60,-113.65,67,-114.86
2140,8600.00,3304.34,1.50,1,66,0.04,NLOS,122.27,-8.40,-93.65,-65.87,10.42,34.98,0,52,-103.01,65,-108.66,58,-110.33,59,-112.07,60,-113.66,67,-114.88
2141,8600.00,3314.05,1.50,1,66,0.04,NLOS,121.90,-8.40,-93.29,-65.50,10.90,34.98,0,52,-103.05,65,-108.98,58,-110.46,59,-112.09,60,-113.53,67,-114.75
2142,8600.00,3323.77,1.50,1,59,0.03,NLOS,128.22,-10.97,-97.03,-69.24,-1.28,34.98,1,65,-97.80,66,-101.20,58,-107.12,67,-109.43,60,-114.76,52,-119.28
2143,8600.00,3333.49,1.50,1,59,0.03,NLOS,128.24,-10.97,-97.05,-69.27,-1.23,34.98,0,65,-98.11,66,-100.82,58,-107.24,67,-109.30,60,-114.63,52,-119.32
2144,8600.00,3343.21,1.50,1,59,0.03,NLOS,128.28,-10.97,-97.08,-69.30,-1.21,34.98,0,65,-98.41,66,-100.43,58,-107.37,67,-109.17,60,-114.49,52,-119.36
2145,8600.00,3352.92,1.50,1,66,0.05,NLOS,120.37,-11.89,-88.26,-60.48,8.14,34.98,1,59,-96.90,54,-106.75,65,-108.27,60,-111.65,58,-115.49,52,-115.99
2146,8600.00,3362.64,1.50,1,66,0.05,NLOS,119.96,-11.89,-87.86,-60.07,8.59,34.98,0,59,-96.94,54,-106.69,65,-108.56,60,-111.52,58,-115.61,52,-116.03
2147,8600.00,3372.36,1.50,1,66,0.05,NLOS,119.55,-11.89,-87.45,-59.66,9.06,34.98,0,59,-96.98,54,-106.63,65,-108.84,60,-111.38,58,-115.73,52,-116.08
2148,8600.00,3382.07,1.50,1,66,0.05,NLOS,119.14,-6.12,-92.80,-65.02,14.57,34.98,0,68,-109.26,67,-109.49,59,-115.17,65,-117.09,60,-119.32,61,-122.84
2149,8600.00,3391.79,1.50,1,66,0.06,NLOS,118.71,-6.12,-92.37,-64.59,14.94,34.98,0,68,-109.18,67,-109.35,59,-115.23,65,-117.37,60,-119.19,61,-122.75
2150,8600.00,3401.51,1.50,1,66,0.06,NLOS,118.28,-6.12,-91.94,-64.16,15.31,34.98,0,68,-109.10,67,-109.21,59,-115.28,65,-117.64,60,-119.05,61,-122.66
2151,8600.00,3411.23,1.50,1,66,0.06,NLOS,117.83,5.47,-103.09,-75.31,2.18,34.98,0,65,-105.99,33,-115.68,54,-116.83,60,-117.36,40,-117.36,59,-120.08
2152,8600.00,3420.94,1.50,1,66,0.06,NLOS,117.38,5.47,-102.64,-74.86,2.85,34.98,0,65,-106.26,33,-115.68,54,-116.77,60,-117.22,40,-117.36,59,-120.14
2153,8600.00,3430.66,1.50,1,66,0.07,NLOS,116.92,5.47,-102.18,-74.40,3.52,34.98,0,65,-106.52,33,-115.68,54,-116.71,60,-117.09,40,-117.35,59,-120.21
2154,8600.00,3440.38,1.50,1,58,0.02,NLOS,139.89,-20.71,-98.96,-71.18,2.17,34.98,1,66,-105.16,59,-105.55,67,-106.49,65,-109.30,52,-112.18,60,-115.12
2155,8600.00,3450.09,1.50,1,58,0.01,NLOS,140.01,-20.71,-99.08,-71.29,1.92,34.98,0,66,-104.69,59,-105.62,67,-106.34,65,-109.55,52,-112.23,60,-114.99
2156,8600.00,3459.81,1.50,1,58,0.01,NLOS,140.13,-20.71,-99.19,-71.41,1.65,34.98,0,66,-104.20,59,-105.70,67,-106.20,65,-109.80,52,-112.28,60,-114.85
2157,8600.00,3469.53,1.50,1,66,0.08,NLOS,115.00,-0.39,-94.39,-66.61,7.17,34.98,1,53,-102.80,59,-108.50,40,-111.05,48,-115.24,60,-115.78,47,-116.70
2158,8600.00,3479.25,1.50,1,66,0.08,NLOS,114.50,-0.39,-93.89,-66.11,7.67,34.98,0,53,-102.78,59,-108.59,40,-111.04,48,-115.20,60,-115.65,47,-116.68
2159,8600.00,3488.96,1.50,1,66,0.08,NLOS,113.99,-0.39,-93.38,-65.60,8.17,34.98,0,53,-102.76,59,-108.67,40,-111.04,48,-115.16,60,-115.51,47,-116.66
2160,8600.00,3498.68,1.50,1,66,0.09,NLOS,113.47,6.24,-99.49,-71.71,2.43,34.98,0,59,-104.01,65,-107.07,46,-108.19,67,-117.32,60,-118.35,53,-119.86
2161,8600.00,3508.40,1.50,1,66,0.09,NLOS,112.94,6.24,-98.97,-71.18,3.08,34.98,0,59,-104.11,65,-107.30,46,-108.20,67,-117.16,60,-118.21,53,-119.84
2162,8600.00,3518.11,1.50,1,66,0.10,NLOS,112.41,6.24,-98.43,-70.65,3.73,34.98,0,59,-104.20,65,-107.54,46,-108.21,67,-117.01,60,-118.08,53,-119.82
2163,8600.00,3527.83,1.50,1,59,0.03,NLOS,129.60,-19.45,-89.94,-62.15,21.50,34.98,1,68,-112.29,45,-113.15,53,-115.77,47,-116.51,66,-117.76,52,-119.27
2164,8600.00,3537.55,1.50,1,59,0.03,NLOS,129.70,-19.45,-90.04,-62.26,21.30,34.98,0,68,-112.20,45,-113.19,53,-115.75,47,-116.49,66,-117.22,52,-119.32
2165,8600.00,3547.27,1.50,1,59,0.03,NLOS,129.81,-19.45,-90.14,-62.36,21.08,34.98,0,68,-112.12,45,-113.22,53,-115.74,47,-116.47,66,-116.68,52,-119.37
2166,8600.00,3556.98,1.50,1,66,0.12,NLOS,110.25,0.00,-90.04,-62.26,4.73,34.98,1,67,-97.13,60,-99.71,65,-107.72,58,-110.66,59,-111.47,69,-115.12
2167,8600.00,3566.70,1.50,1,66,0.13,NLOS,109.71,0.00,-89.50,-61.71,5.15,34.98,0,67,-96.97,60,-99.58,65,-107.93,58,-110.77,59,-111.57,69,-115.06
2168,8600.00,3576.42,1.50,1,66,0.13,NLOS,109.17,0.00,-88.96,-61.18,5.56,34.98,0,67,-96.81,60,-99.44,65,-108.15,58,-110.89,59,-111.68,69,-115.00
2169,8600.00,3586.13,1.50,1,66,0.14,NLOS,108.65,-0.44,-87.99,-60.21,10.20,34.98,0,53,-99.05,67,-106.59,59,-115.56,52,-115.96,35,-117.34,60,-119.98
2170,8600.00,3595.85,1.50,1,66,0.15,NLOS,108.13,-0.44,-87.48,-59.69,10.69,34.98,0,53,-99.04,67,-106.43,59,-115.68,52,-116.02,35,-117.32,60,-119.84
2171,8600.00,3605.57,1.50,1,66,0.15,NLOS,107.63,-0.44,-86.98,-59.20,11.16,34.98,0,53,-99.03,67,-106.26,59,-115.79,52,-116.07,35,-117.30,60,-119.71
2172,8600.00,3615.29,1.50,1,66,0.16,NLOS,107.15,0.19,-87.13,-59.35,9.59,34.98,0,65,-100.27,58,-101.38,59,-106.38,60,-106.94,55,-115.82,46,-116.78
2173,8600.00,3625.00,1.50,1,66,0.17,NLOS,106.70,0.19,-86.68,-58.90,10.17,34.98,0,65,-100.47,58,-101.49,59,-106.50,60,-106.81,55,-115.76,46,-116.80
2174,8600.00,3634.72,1.50,1,66,0.18,NLOS,106.29,0.19,-86.26,-58.48,10.70,34.98,0,65,-100.67,58,-101.60,59,-106.62,60,-106.67,55,-115.70,67,-116.67
2175,8600.00,3644.44,1.50,1,66,0.18,NLOS,105.91,-6.50,-79.19,-51.41,19.97,34.98,0,60,-101.16,67,-105.44,65,-109.42,34,-112.57,52,-112.63,53,-116.22
2176,8600.00,3654.15,1.50,1,66,0.19,NLOS,105.58,-6.50,-78.86,-51.08,20.19,34.98,0,60,-101.02,67,-105.26,65,-109.61,34,-112.56,52,-112.68,53,-116.21
2177,8600.00,3663.87,1.50,1,66,0.19,NLOS,105.30,-6.50,-78.58,-50.80,20.36,34.98,0,60,-100.89,67,-105.09,65,-109.81,34,-112.56,52,-112.73,53,-116.21
2178,8600.00,3673.59,1.50,1,66,0.20,NLOS,105.08,-4.13,-80.73,-52.95,24.37,34.98,0,54,-107.34,60,-108.88,58,-111.42,59,-111.61,61,-116.70,67,-118.91
2179,8600.00,3683.31,1.50,1,66,0.20,NLOS,104.92,-4.13,-80.57,-52.79,24.52,34.98,0,54,-107.28,60,-108.75,58,-111.53,59,-111.74,61,-116.59,67,-118.73
2180,8600.00,3693.02,1.50,1,66,0.20,NLOS,104.83,-4.13,-80.48,-52.70,24.60,34.98,0,54,-107.23,60,-108.62,58,-111.63,59,-111.87,61,-116.49,67,-118.55
2181,8600.00,3702.74,1.50,1,66,0.20,NLOS,104.81,11.61,-96.20,-68.42,7.46,34.98,0,67,-106.79,46,-108.06,60,-108.29,58,-116.21,61,-116.35,65,-116.88
2182,8600.00,3712.46,1.50,1,66,0.20,NLOS,104.86,11.61,-96.25,-68.47,7.29,34.98,0,67,-106.60,46,-108.08,60,-108.16,61,-116.25,58,-116.31,65,-117.07
2183,8600.00,3722.17,1.50,1,66,0.20,NLOS,104.97,11.61,-96.37,-68.58,7.05,34.98,0,67,-106.41,60,-108.03,46,-108.09,61,-116.14,58,-116.42,65,-117.25
2184,8600.00,3731.89,1.50,1,66,0.20,NLOS,105.15,-3.18,-81.75,-53.97,29.59,34.98,0,61,-108.73,45,-114.18,58,-114.40,40,-114.58,48,-116.03,67,-117.95
2185,8600.00,3741.61,1.50,1,66,0.19,NLOS,105.40,-3.18,-81.99,-54.21,29.38,34.98,0,61,-108.62,45,-114.21,58,-114.51,40,-114.58,48,-115.99,67,-117.76
2186,8600.00,3751.32,1.50,1,66,0.19,NLOS,105.69,-3.18,-82.29,-54.51,29.11,34.98,0,61,-108.52,45,-114.25,40,-114.58,58,-114.61,48,-115.96,67,-117.56
2187,8600.00,3761.04,1.50,1,66,0.18,NLOS,106.04,-1.08,-84.75,-56.97,7.68,34.98,0,67,-92.83,59,-105.61,60,-109.19,58,-111.38,33,-112.99,41,-115.30
2188,8600.00,3770.76,1.50,1,66,0.17,NLOS,106.43,-1.08,-85.14,-57.36,7.11,34.98,0,67,-92.63,59,-105.75,60,-109.07,58,-111.48,33,-113.00,41,-115.28
2189,8600.00,3780.48,1.50,1,66,0.17,NLOS,106.86,-1.08,-85.57,-57.79,6.50,34.98,0,67,-92.43,59,-105.88,60,-108.95,58,-111.58,33,-113.00,41,-115.27
2190,8600.00,3790.19,1.50,1,66,0.16,NLOS,107.33,-9.06,-78.05,-50.27,30.60,34.98,0,67,-110.87,61,-112.28,58,-117.65,59,-118.13,55,-118.58,60,-120.32
2191,8600.00,3799.91,1.50,1,66,0.15,NLOS,107.81,-9.06,-78.53,-50.75,30.01,34.98,0,67,-110.66,61,-112.17,58,-117.75,59,-118.27,55,-118.52,60,-120.20
2192,8600.00,3809.63,1.50,1,66,0.14,NLOS,108.32,-9.06,-79.04,-51.26,29.39,34.98,0,67,-110.45,61,-112.06,58,-117.85,59,-118.40,55,-118.46,60,-120.09
2193,8600.00,3819.34,1.50,1,66,0.14,NLOS,108.84,-19.21,-69.41,-41.63,34.40,34.98,0,53,-104.68,61,-107.13,55,-108.17,65,-112.76,49,-115.95,56,-118.79
2194,8600.00,3829.06,1.50,1,66,0.13,NLOS,109.37,-19.21,-69.94,-42.16,33.89,34.98,0,53,-104.69,61,-107.02,55,-108.11,65,-112.92,49,-115.91,56,-118.74
2195,8600.00,3838.78,1.50,1,66,0.12,NLOS,109.91,-19.21,-70.48,-42.70,33.38,34.98,0,53,-104.70,61,-106.90,55,-108.05,65,-113.08,49,-115.87,56,-118.69
2196,8600.00,3848.50,1.50,1,66,0.12,NLOS,110.45,-13.17,-77.06,-49.28,27.63,34.98,0,54,-100.23,65,-108.89,58,-111.66,67,-111.67,60,-111.84,62,-112.39
2197,8600.00,3858.21,1.50,1,66,0.11,NLOS,110.99,-13.17,-77.60,-49.82,27.10,34.98,0,54,-100.18,65,-109.05,67,-111.45,60,-111.74,58,-111.76,62,-112.32
2198,8600.00,3867.93,1.50,1,66,0.11,NLOS,111.53,-13.17,-78.14,-50.36,26.56,34.98,0,54,-100.13,65,-109.21,67,-111.23,60,-111.63,58,-111.86,62,-112.24
2199,8600.00,3877.65,1.50,1,66,0.10,NLOS,112.07,-4.68,-87.18,-59.40,2.03,34.98,0,59,-89.63,65,-99.70,55,-115.36,67,-115.41,49,-118.73,61,-120.99
2200,8600.00,3887.36,1.50,1,66,0.10,NLOS,112.61,-4.68,-87.71,-59.93,1.63,34.98,0,59,-89.77,65,-99.85,67,-115.18,55,-115.30,49,-118.69,61,-120.87
2201,8600.00,3897.08,1.50,1,66,0.09,NLOS,113.14,-4.68,-88.24,-60.46,1.24,34.98,0,59,-89.90,65,-100.01,67,-114.95,55,-115.24,49,-118.65,61,-120.76
2202,8600.00,3906.80,1.50,1,60,0.03,NLOS,129.28,-6.93,-102.13,-74.35,3.19,34.98,1,66,-105.87,55,-108.91,62,-113.51,67,-119.84,59,-120.00,58,-121.57
2203,8600.00,3916.52,1.50,1,60,0.03,NLOS,129.19,-6.93,-102.04,-74.26,3.72,34.98,0,66,-106.39,55,-108.85,62,-113.43,67,-119.61,59,-120.13,58,-121.67
2204,8600.00,3926.23,1.50,1,60,0.03,NLOS,129.10,-6.93,-101.96,-74.18,4.23,34.98,0,66,-106.90,55,-108.79,62,-113.35,67,-119.36,59,-120.27,58,-121.76
2205,8600.00,3935.95,1.50,1,66,0.08,NLOS,115.18,0.32,-95.29,-67.51,3.44,34.98,1,67,-100.59,68,-103.26,59,-103.67,61,-112.09,65,-115.15,70,-116.23
2206,8600.00,3945.67,1.50,1,66,0.07,NLOS,115.67,0.32,-95.78,-68.00,2.83,34.98,0,67,-100.34,68,-103.15,59,-103.81,61,-111.97,65,-115.30,70,-116.18
2207,8600.00,3955.38,1.50,1,66,0.07,NLOS,116.15,0.32,-96.26,-68.48,2.22,34.98,0,67,-100.09,68,-103.04,59,-103.94,61,-111.86,65,-115.45,70,-116.13
2208,8600.00,3965.10,1.50,1,66,0.07,NLOS,116.63,-1.82,-94.59,-66.81,10.16,34.98,0,60,-105.53,58,-115.97,54,-116.07,55,-117.62,59,-120.67,65,-120.89
2209,8600.00,3974.82,1.50,1,66,0.06,NLOS,117.09,-1.82,-95.06,-67.27,9.64,34.98,0,60,-105.46,54,-116.03,58,-116.06,55,-117.56,59,-120.80,67,-120.97
2210,8600.00,3984.54,1.50,1,66,0.06,NLOS,117.55,-1.82,-95.51,-67.73,9.14,34.98,0,60,-105.39,54,-115.98,58,-116.16,55,-117.50,67,-120.71,59,-120.94
2211,8600.00,3994.25,1.50,1,59,0.02,NLOS,135.79,-16.81,-98.77,-70.98,2.57,34.98,1,66,-102.46,60,-111.40,58,-111.96,42,-113.74,53,-116.77,61,-118.62
2212,8600.00,4003.97,1.50,1,59,0.02,NLOS,135.93,-16.81,-98.90,-71.12,2.78,34.98,0,66,-102.90,60,-111.34,58,-112.05,42,-113.72,53,-116.79,61,-118.50
2213,8600.00,4013.69,1.50,1,59,0.02,NLOS,136.06,-16.81,-99.04,-71.25,2.97,34.98,0,66,-103.33,60,-111.29,58,-112.14,42,-113.70,53,-116.82,61,-118.38
2214,8600.00,4023.40,1.50,1,60,0.03,NLOS,128.43,-9.99,-98.22,-70.44,-2.38,34.98,1,66,-99.82,67,-100.30,54,-103.70,41,-104.66,59,-107.56,61,-118.42
2215,8600.00,4033.12,1.50,1,60,0.03,NLOS,128.38,-9.99,-98.17,-70.39,-2.28,34.98,0,67,-100.01,66,-100.23,54,-103.66,41,-104.65,59,-107.70,61,-118.29
2216,8600.00,4042.84,1.50,1,60,0.03,NLOS,128.34,-9.99,-98.13,-70.35,-2.21,34.98,0,67,-99.72,66,-100.64,54,-103.62,41,-104.64,59,-107.83,61,-118.17
2217,8600.00,4052.56,1.50,1,60,0.03,NLOS,128.30,-8.69,-99.39,-71.61,-3.45,34.98,0,66,-97.26,67,-102.36,59,-111.13,39,-119.27,18,-125.08,43,-125.73
2218,8600.00,4062.27,1.50,1,60,0.03,NLOS,128.26,-8.69,-99.36,-71.57,-3.21,34.98,0,66,-97.65,67,-102.06,59,-111.26,39,-119.29,18,-125.07,43,-125.70
2219,8600.00,4071.99,1.50,1,60,0.03,NLOS,128.23,-8.69,-99.33,-71.54,-2.99,34.98,0,66,-98.04,67,-101.76,59,-111.40,39,-119.31,18,-125.06,43,-125.68
2220,8600.00,4081.71,1.50,1,66,0.05,NLOS,121.66,-7.28,-94.16,-66.38,6.65,34.98,1,60,-102.86,67,-107.68,69,-107.92,54,-108.79,65,-109.92,53,-115.05
2221,8600.00,4091.42,1.50,1,66,0.04,NLOS,122.03,-7.28,-94.53,-66.75,6.21,34.98,0,60,-102.84,67,-107.37,69,-107.85,54,-108.75,65,-110.05,53,-115.09
2222,8601.14,4100.00,1.50,0,66,0.04,NLOS,122.34,-7.28,-94.84,-67.06,5.87,34.98,0,60,-102.86,67,-107.08,69,-107.78,54,-108.73,65,-110.16,53,-115.13
2223,8610.86,4100.00,1.50,0,67,0.04,NLOS,124.62,-26.69,-77.71,-49.93,20.12,34.98,1,61,-98.47,53,-102.98,46,-109.57,59,-110.02,60,-110.10,66,-117.19
2224,8620.58,4100.00,1.50,0,67,0.04,NLOS,124.52,-26.69,-77.61,-49.83,20.31,34.98,0,61,-98.55,53,-103.10,46,-109.64,59,-110.11,60,-110.37,66,-117.06
2225,8630.29,4100.00,1.50,0,67,0.04,NLOS,124.44,-26.69,-77.53,-49.75,20.49,34.98,0,61,-98.64,53,-103.21,46,-109.71,59,-110.21,60,-110.63,66,-116.95
2226,8640.01,4100.00,1.50,0,67,0.04,NLOS,124.36,-7.52,-96.62,-68.84,0.65,34.98,0,61,-100.31,66,-100.50,59,-115.79,62,-118.04,5,-118.33,60,-118.34
2227,8649.73,4100.00,1.50,0,67,0.04,NLOS,124.28,-7.52,-96.54,-68.76,0.72,34.98,0,61,-100.39,66,-100.40,59,-115.88,62,-118.07,5,-118.35,60,-118.60
2228,8659.44,4100.00,1.50,0,67,0.04,NLOS,124.21,-7.52,-96.47,-68.69,0.79,34.98,0,66,-100.30,61,-100.48,59,-115.98,62,-118.10,5,-118.37,60,-118.85
2229,8669.16,4100.00,1.50,0,68,0.01,NLOS,141.71,-17.75,-103.74,-75.96,1.17,34.98,1,60,-105.48,66,-114.65,59,-115.62,65,-115.71,61,-116.60,53,-119.13
2230,8678.88,4100.00,1.50,0,68,0.01,NLOS,141.71,-17.75,-103.73,-75.95,1.39,34.98,0,60,-105.73,66,-114.58,65,-115.71,59,-115.72,61,-116.69,53,-119.23
2231,8688.59,4100.00,1.50,0,68,0.01,NLOS,141.70,-17.75,-103.73,-75.95,1.62,34.98,0,60,-105.97,66,-114.51,65,-115.70,59,-115.82,61,-116.78,53,-119.34
2232,8698.31,4100.00,1.50,0,67,0.04,NLOS,124.00,-5.13,-98.65,-70.87,8.14,34.98,1,60,-108.40,66,-113.72,62,-116.88,54,-121.41,64,-121.81,5,-122.01
2233,8708.03,4100.00,1.50,0,67,0.04,NLOS,123.97,-5.13,-98.62,-70.84,8.33,34.98,0,60,-108.64,66,-113.67,62,-116.92,54,-121.51,64,-121.82,5,-122.03
2234,8717.75,4100.00,1.50,0,67,0.04,NLOS,123.94,-5.13,-98.59,-70.81,8.51,34.98,0,60,-108.87,66,-113.63,62,-116.95,54,-121.61,64,-121.83,5,-122.05
2235,8727.46,4100.00,1.50,0,54,0.01,NLOS,144.24,-28.94,-95.07,-67.29,10.70,34.98,1,67,-99.60,66,-102.29,69,-106.34,60,-107.36,61,-112.16,39,-116.27
2236,8737.18,4100.00,1.50,0,54,0.01,NLOS,144.34,-28.94,-95.17,-67.39,10.78,34.98,0,67,-99.59,66,-102.27,69,-106.34,60,-107.58,61,-112.25,39,-116.32
2237,8746.90,4100.00,1.50,0,54,0.01,NLOS,144.44,-28.94,-95.28,-67.49,10.86,34.98,0,67,-99.58,66,-102.26,69,-106.34,60,-107.80,61,-112.34,39,-116.37
2238,8756.61,4100.00,1.50,0,67,0.04,NLOS,123.90,1.48,-105.16,-77.38,4.42,34.98,1,45,-108.71,66,-113.16,54,-116.33,68,-116.81,65,-118.50,56,-119.94
2239,8766.33,4100.00,1.50,0,67,0.04,NLOS,123.91,1.48,-105.17,-77.38,4.46,34.98,0,45,-108.75,66,-113.17,54,-116.43,68,-116.81,65,-118.50,56,-119.98
2240,8776.05,4100.00,1.50,0,67,0.04,NLOS,123.92,1.48,-105.18,-77.40,4.49,34.98,0,45,-108.80,66,-113.19,54,-116.53,68,-116.81,65,-118.50,56,-120.01
2241,8785.77,4100.00,1.50,0,66,0.05,NLOS,121.31,-5.13,-95.96,-68.18,7.36,34.98,1,62,-102.81,60,-104.84,48,-109.51,52,-110.59,65,-110.68,5,-113.03
2242,8795.48,4100.00,1.50,0,66,0.05,NLOS,121.35,-5.13,-96.00,-68.22,7.47,34.98,0,62,-102.85,60,-105.05,48,-109.57,52,-110.66,65,-110.69,5,-113.05
2243,8794.80,4100.00,1.50,2,66,0.05,NLOS,121.34,-5.13,-96.00,-68.22,7.47,34.98,0,62,-102.85,60,-105.04,48,-109.57,52,-110.65,65,-110.68,5,-113.04
2244,8785.08,4100.00,1.50,2,66,0.05,NLOS,121.30,-5.13,-95.96,-68.18,7.36,34.98,0,62,-102.81,60,-104.83,48,-109.50,52,-110.59,65,-110.68,5,-113.03
2245,8775.37,4100.00,1.50,2,67,0.04,NLOS,123.92,-4.51,-99.19,-71.41,10.74,34.98,1,69,-99.96,65,-101.79,66,-112.04,58,-114.60,61,-117.05,29,-117.53
2246,8765.65,4100.00,1.50,2,67,0.04,NLOS,123.91,-4.51,-99.18,-71.39,10.71,34.98,0,69,-99.96,65,-101.78,66,-112.02,58,-114.56,61,-116.96,29,-117.50
2247,8755.93,4100.00,1.50,2,67,0.04,NLOS,123.90,-4.51,-99.17,-71.39,10.68,34.98,0,69,-99.96,65,-101.78,66,-112.01,58,-114.53,61,-116.87,29,-117.46
2248,8746.21,4100.00,1.50,2,67,0.04,NLOS,123.90,0.08,-103.76,-75.98,-1.00,34.98,0,60,-105.49,66,-108.77,34,-110.64,61,-112.50,59,-112.85,30,-113.92
2249,8736.50,4100.00,1.50,2,67,0.04,NLOS,123.91,0.08,-103.77,-75.99,-1.14,34.98,0,60,-105.27,66,-108.78,34,-110.59,61,-112.41,59,-112.76,30,-113.89
2250,8726.78,4100.00,1.50,2,67,0.04,NLOS,123.92,0.08,-103.78,-76.00,-1.29,34.98,0,60,-105.04,66,-108.80,34,-110.55,61,-112.32,59,-112.66,30,-113.86
2251,8717.06,4100.00,1.50,2,67,0.04,NLOS,123.94,-24.10,-79.63,-51.84,11.30,34.98,0,66,-90.94,26,-112.64,68,-117.47,41,-118.38,53,-118.77,58,-118.98
2252,8707.35,4100.00,1.50,2,67,0.04,NLOS,123.97,-24.10,-79.65,-51.87,11.31,34.98,0,66,-90.98,26,-112.61,68,-117.48,41,-118.32,53,-118.67,58,-118.95
2253,8697.63,4100.00,1.50,2,67,0.04,NLOS,124.00,-24.10,-79.69,-51.91,11.32,34.98,0,66,-91.02,26,-112.57,68,-117.48,41,-118.27,53,-118.56,58,-118.91
2254,8687.91,4100.00,1.50,2,67,0.04,NLOS,124.05,3.63,-107.46,-79.68,-4.10,34.98,0,66,-106.33,61,-109.62,60,-109.96,52,-114.13,70,-114.94,47,-118.98
2255,8678.19,4100.00,1.50,2,67,0.04,NLOS,124.10,3.63,-107.51,-79.73,-4.19,34.98,0,66,-106.40,61,-109.53,60,-109.72,52,-114.07,70,-114.94,47,-118.91
2256,8668.48,4100.00,1.50,2,67,0.04,NLOS,124.15,3.63,-107.56,-79.78,-4.29,34.98,0,66,-106.47,61,-109.45,60,-109.47,52,-114.00,70,-114.94,47,-118.83
2257,8658.76,4100.00,1.50,2,66,0.05,NLOS,121.67,-10.09,-91.36,-63.58,6.38,34.98,1,67,-98.26,47,-110.81,5,-111.05,53,-111.45,60,-112.05,65,-114.48
2258,8649.04,4100.00,1.50,2,66,0.05,NLOS,121.76,-10.09,-91.46,-63.68,6.33,34.98,0,67,-98.33,47,-110.73,5,-111.03,53,-111.34,60,-111.80,65,-114.49
2259,8639.33,4100.00,1.50,2,66,0.04,NLOS,121.86,-10.09,-91.56,-63.78,6.28,34.98,0,67,-98.41,47,-110.66,5,-111.01,53,-111.23,60,-111.54,65,-114.50
2260,8629.61,4100.00,1.50,2,67,0.04,NLOS,124.44,-11.44,-92.78,-65.00,7.87,34.98,1,60,-103.20,59,-106.55,68,-110.09,66,-112.42,47,-118.67,53,-119.57
2261,8619.89,4100.00,1.50,2,67,0.04,NLOS,124.53,-11.44,-92.87,-65.09,7.61,34.98,0,60,-102.93,59,-106.45,68,-110.10,66,-112.54,47,-118.60,53,-119.46
2262,8610.17,4100.00,1.50,2,67,0.04,NLOS,124.63,-11.44,-92.96,-65.18,7.35,34.98,0,60,-102.67,59,-106.36,68,-110.11,66,-112.67,47,-118.52,53,-119.35
2263,8600.46,4100.00,1.50,2,66,0.04,NLOS,122.35,-2.83,-99.30,-71.52,4.56,34.98,1,61,-104.29,65,-105.76,59,-111.27,67,-111.96,52,-113.27,46,-113.82
2264,8600.00,4109.26,1.50,1,66,0.04,NLOS,122.70,-2.83,-99.64,-71.86,4.27,34.98,0,61,-104.16,65,-105.88,59,-111.39,67,-111.66,52,-113.33,46,-113.84
2265,8600.00,4118.98,1.50,1,66,0.04,NLOS,123.05,-2.83,-100.00,-72.21,3.96,34.98,0,61,-104.04,65,-106.01,67,-111.34,59,-111.52,52,-113.39,46,-113.87
2266,8600.00,4128.69,1.50,1,67,0.04,NLOS,123.76,-7.31,-96.23,-68.45,5.07,34.98,1,60,-101.60,55,-114.74,48,-115.67,66,-116.36,45,-118.73,54,-120.03
2267,8600.00,4138.41,1.50,1,67,0.04,NLOS,123.42,-7.31,-95.89,-68.11,5.42,34.98,0,60,-101.60,55,-114.68,48,-115.65,66,-116.70,45,-118.76,54,-119.99
2268,8600.00,4148.13,1.50,1,67,0.04,NLOS,123.08,-7.31,-95.55,-67.76,5.78,34.98,0,60,-101.61,55,-114.62,48,-115.62,66,-117.04,45,-118.80,54,-119.96
2269,8600.00,4157.85,1.50,1,60,0.03,NLOS,128.16,-18.49,-89.45,-61.67,8.63,34.98,1,67,-99.18,66,-105.17,68,-112.72,42,-113.86,53,-115.23,46,-116.18
2270,8600.00,4167.56,1.50,1,60,0.03,NLOS,128.17,-18.49,-89.46,-61.68,8.39,34.98,0,67,-98.82,66,-105.49,68,-112.59,42,-113.84,53,-115.26,46,-116.21
2271,8600.00,4177.28,1.50,1,60,0.03,NLOS,128.19,-18.49,-89.48,-61.70,8.13,34.98,0,67,-98.46,66,-105.81,68,-112.46,42,-113.81,53,-115.30,46,-116.24
2272,8600.00,4187.00,1.50,1,60,0.03,NLOS,128.21,-4.16,-103.83,-76.05,-3.42,34.98,0,66,-102.43,67,-104.87,52,-110.18,68,-111.61,69,-112.77,65,-113.21
2273,8600.00,4196.71,1.50,1,60,0.03,NLOS,128.24,-4.16,-103.86,-76.08,-3.40,34.98,0,66,-102.74,67,-104.49,52,-110.24,68,-111.48,69,-112.69,65,-113.33
2274,8600.00,4206.43,1.50,1,60,0.03,NLOS,128.27,-4.16,-103.89,-76.11,-3.42,34.98,0,66,-103.04,67,-104.11,52,-110.30,68,-111.34,69,-112.61,65,-113.45
2275,8600.00,4216.15,1.50,1,66,0.03,NLOS,126.25,-13.21,-92.82,-65.04,4.21,34.98,1,61,-96.56,67,-97.34,54,-98.21,47,-109.98,53,-110.19,52,-112.30
2276,8600.00,4225.87,1.50,1,66,0.03,NLOS,126.54,-13.21,-93.11,-65.33,3.55,34.98,0,61,-96.42,67,-96.94,54,-98.18,47,-109.98,53,-110.23,52,-112.36
2277,8600.00,4235.58,1.50,1,66,0.03,NLOS,126.83,-13.21,-93.40,-65.62,2.88,34.98,0,61,-96.29,67,-96.53,54,-98.15,47,-109.99,53,-110.27,52,-112.42
2278,8600.00,4245.30,1.50,1,67,0.05,NLOS,119.26,-21.24,-77.80,-50.02,12.56,34.98,1,61,-90.55,60,-104.81,66,-113.01,53,-114.70,39,-115.81,58,-116.38
2279,8600.00,4255.02,1.50,1,67,0.06,NLOS,118.83,-21.24,-77.38,-49.60,12.86,34.98,0,61,-90.42,60,-104.86,66,-113.29,53,-114.74,39,-115.83,58,-116.46
2280,8600.00,4264.73,1.50,1,67,0.06,NLOS,118.40,-21.24,-76.95,-49.17,13.16,34.98,0,61,-90.29,60,-104.92,66,-113.57,53,-114.78,39,-115.86,58,-116.54
2281,8600.00,4274.45,1.50,1,67,0.06,NLOS,117.96,5.95,-103.69,-75.91,-5.19,34.98,0,66,-101.60,61,-102.27,58,-106.62,60,-109.18,5,-115.79,53,-116.24
2282,8600.00,4284.17,1.50,1,67,0.06,NLOS,117.51,5.95,-103.24,-75.46,-4.67,34.98,0,66,-101.87,61,-102.14,58,-106.70,60,-109.25,5,-115.78,53,-116.28
2283,8600.00,4293.88,1.50,1,67,0.06,NLOS,117.06,5.95,-102.79,-75.01,-4.15,34.98,0,61,-102.00,66,-102.13,58,-106.78,60,-109.31,5,-115.77,53,-116.33
2284,8600.00,4303.60,1.50,1,65,0.01,NLOS,143.41,-30.00,-93.20,-65.41,6.87,34.98,1,66,-100.23,54,-108.05,67,-111.62,69,-111.93,61,-114.19,46,-116.99
2285,8600.00,4313.32,1.50,1,65,0.01,NLOS,143.52,-30.00,-93.31,-65.52,7.01,34.98,0,66,-100.49,54,-108.03,67,-111.14,69,-111.84,61,-114.05,46,-117.03
2286,8600.00,4323.04,1.50,1,65,0.01,NLOS,143.63,-30.00,-93.42,-65.63,7.14,34.98,0,66,-100.74,54,-108.01,67,-110.66,69,-111.76,61,-113.91,46,-117.06
2287,8600.00,4332.75,1.50,1,66,0.03,NLOS,129.48,-11.94,-97.33,-69.55,8.78,34.98,1,56,-107.54,67,-109.17,61,-109.64,59,-109.67,44,-110.19,54,-110.19
2288,8600.00,4342.47,1.50,1,66,0.03,NLOS,129.73,-11.94,-97.57,-69.79,8.33,34.98,0,56,-107.48,67,-108.67,61,-109.50,59,-109.79,44,-110.16,54,-110.17
2289,8600.00,4352.19,1.50,1,66,0.03,NLOS,129.97,-11.94,-97.81,-70.03,7.86,34.98,0,56,-107.42,67,-108.16,61,-109.36,59,-109.91,44,-110.13,54,-110.15
2290,8600.00,4361.90,1.50,1,67,0.09,NLOS,113.62,-19.56,-73.84,-46.06,30.42,34.98,1,60,-104.99,53,-113.05,62,-113.25,69,-113.26,54,-116.11,52,-119.27
2291,8600.00,4371.62,1.50,1,67,0.09,NLOS,113.10,-19.56,-73.32,-45.54,31.02,34.98,0,60,-105.08,53,-113.10,62,-113.15,69,-113.18,54,-116.09,52,-119.33
2292,8600.00,4381.34,1.50,1,67,0.10,NLOS,112.57,-19.56,-72.79,-45.01,31.63,34.98,0,60,-105.18,62,-113.06,69,-113.09,53,-113.14,54,-116.08,52,-119.40
2293,8600.00,4391.06,1.50,1,67,0.10,NLOS,112.03,-2.61,-89.21,-61.43,2.81,34.98,0,60,-92.68,53,-101.34,59,-101.63,62,-106.56,61,-107.22,65,-108.65
2294,8600.00,4400.77,1.50,1,67,0.11,NLOS,111.49,-2.61,-88.67,-60.89,3.44,34.98,0,60,-92.78,53,-101.38,59,-101.75,62,-106.47,61,-107.08,65,-108.75
2295,8600.00,4410.49,1.50,1,67,0.11,NLOS,110.95,-2.61,-88.13,-60.34,4.08,34.98,0,60,-92.88,53,-101.44,59,-101.86,62,-106.37,61,-106.94,65,-108.86
2296,8600.00,4420.21,1.50,1,67,0.12,NLOS,110.41,16.24,-106.43,-78.65,5.22,34.98,0,66,-113.04,62,-113.94,48,-115.97,65,-116.71,68,-120.11,24,-123.08
2297,8600.00,4429.92,1.50,1,67,0.12,NLOS,109.87,16.24,-105.89,-78.11,5.89,34.98,0,66,-113.26,62,-113.84,48,-115.95,65,-116.81,68,-119.95,24,-123.07
2298,8600.00,4439.64,1.50,1,67,0.13,NLOS,109.33,16.24,-105.35,-77.57,6.56,34.98,0,66,-113.48,62,-113.74,48,-115.93,65,-116.92,68,-119.79,24,-123.06
2299,8600.00,4449.36,1.50,1,67,0.14,NLOS,108.80,-15.87,-72.71,-44.93,28.29,34.98,0,68,-104.63,61,-106.21,66,-108.11,5,-112.83,60,-112.92,63,-115.53
2300,8600.00,4459.08,1.50,1,67,0.15,NLOS,108.28,-15.87,-72.19,-44.41,28.74,34.98,0,68,-104.47,61,-106.07,66,-108.32,5,-112.83,60,-113.04,63,-115.46
2301,8600.00,4468.79,1.50,1,67,0.15,NLOS,107.77,-15.87,-71.69,-43.91,29.17,34.98,0,68,-104.30,61,-105.93,66,-108.53,5,-112.82,60,-113.15,63,-115.40
2302,8600.00,4478.51,1.50,1,67,0.16,NLOS,107.29,11.32,-98.39,-70.61,8.03,34.98,0,68,-107.58,62,-114.09,40,-114.32,65,-114.97,66,-116.20,58,-117.95
2303,8600.00,4488.23,1.50,1,67,0.17,NLOS,106.83,11.32,-97.93,-70.15,8.38,34.98,0,68,-107.41,62,-113.99,40,-114.34,65,-115.07,66,-116.40,58,-118.02
2304,8600.00,4497.94,1.50,1,67,0.17,NLOS,106.40,11.32,-97.50,-69.72,8.69,34.98,0,68,-107.24,62,-113.89,40,-114.35,65,-115.17,66,-116.60,58,-118.10
2305,8592.34,4500.00,1.50,2,67,0.16,NLOS,107.01,-10.11,-76.69,-48.91,21.68,34.98,0,66,-99.96,68,-105.04,61,-109.70,62,-110.05,52,-111.49,5,-117.07
2306,8582.62,4500.00,1.50,2,67,0.15,NLOS,107.87,-10.11,-77.54,-49.76,20.84,34.98,0,66,-100.00,68,-105.06,61,-109.54,62,-110.01,52,-111.44,5,-117.05
2307,8572.90,4500.00,1.50,2,67,0.14,NLOS,108.69,-10.11,-78.36,-50.58,20.05,34.98,0,66,-100.04,68,-105.10,61,-109.37,62,-109.96,52,-111.39,5,-117.03
2308,8563.19,4500.00,1.50,2,60,0.03,NLOS,130.06,-30.00,-79.84,-52.06,11.72,34.98,1,67,-91.64,66,-112.61,61,-114.54,54,-114.96,55,-117.64,68,-119.10
2309,8553.47,4500.00,1.50,2,60,0.03,NLOS,129.85,-30.00,-79.63,-51.85,12.66,34.98,0,67,-92.40,66,-112.66,61,-114.37,54,-114.83,55,-117.56,68,-119.14
2310,8543.75,4500.00,1.50,2,60,0.03,NLOS,129.64,-30.00,-79.42,-51.64,13.58,34.98,0,67,-93.13,66,-112.71,61,-114.21,54,-114.71,55,-117.48,68,-119.18
2311,8534.04,4500.00,1.50,2,67,0.11,NLOS,111.66,-9.76,-81.68,-53.90,18.63,34.98,1,68,-100.90,53,-104.45,51,-108.82,60,-112.96,54,-115.74,66,-115.78
2312,8524.32,4500.00,1.50,2,67,0.10,NLOS,112.34,-9.76,-82.35,-54.57,17.98,34.98,0,68,-100.94,53,-104.36,51,-108.79,60,-112.75,54,-115.61,66,-115.83
2313,8514.60,4500.00,1.50,2,67,0.09,NLOS,112.99,-9.76,-83.01,-55.23,17.34,34.98,0,68,-100.98,53,-104.27,51,-108.77,60,-112.54,54,-115.48,66,-115.88
2314,8504.88,4500.00,1.50,2,60,0.03,NLOS,128.80,-23.14,-85.44,-57.65,9.86,34.98,1,67,-96.16,66,-105.04,54,-106.84,68,-109.30,5,-111.53,29,-116.44
2315,8495.17,4500.00,1.50,2,60,0.03,NLOS,128.58,-23.14,-85.22,-57.44,10.57,34.98,0,67,-96.77,66,-105.10,54,-106.71,68,-109.35,5,-111.51,29,-116.40
2316,8485.45,4500.00,1.50,2,60,0.03,NLOS,128.37,-23.14,-85.00,-57.22,11.24,34.98,0,67,-97.36,66,-105.16,54,-106.58,68,-109.39,5,-111.49,29,-116.37
2317,8475.73,4500.00,1.50,2,53,0.01,NLOS,143.26,-24.12,-98.92,-71.14,10.25,34.98,1,61,-102.87,67,-103.89,65,-109.44,59,-112.69,60,-114.98,70,-117.01
2318,8466.02,4500.00,1.50,2,53,0.01,NLOS,143.17,-24.12,-98.83,-71.05,10.24,34.98,0,61,-102.71,67,-104.45,65,-109.45,59,-112.65,60,-114.76,70,-117.02
2319,8456.30,4500.00,1.50,2,53,0.01,NLOS,143.07,-24.12,-98.74,-70.95,10.24,34.98,0,61,-102.54,67,-104.99,65,-109.47,59,-112.60,60,-114.54,70,-117.02
2320,8446.58,4500.00,1.50,2,67,0.06,NLOS,117.01,-12.10,-84.69,-56.91,17.52,34.98,1,61,-104.10,66,-108.62,49,-114.58,33,-115.15,59,-116.42,60,-116.45
2321,8436.86,4500.00,1.50,2,67,0.06,NLOS,117.52,-12.10,-85.20,-57.42,16.92,34.98,0,61,-103.94,66,-108.69,49,-114.52,33,-115.10,60,-116.23,59,-116.38
2322,8427.15,4500.00,1.50,2,67,0.06,NLOS,118.01,-12.10,-85.70,-57.91,16.32,34.98,0,61,-103.78,66,-108.76,49,-114.47,33,-115.06,60,-116.01,59,-116.34
2323,8417.43,4500.00,1.50,2,60,0.03,NLOS,126.83,-15.65,-90.96,-63.18,3.54,34.98,1,67,-94.87,66,-107.39,61,-112.13,68,-113.33,48,-114.39,62,-115.09
2324,8407.71,4500.00,1.50,2,60,0.03,NLOS,126.60,-15.65,-90.74,-62.96,4.19,34.98,0,67,-95.34,66,-107.47,61,-111.97,68,-113.39,48,-114.31,62,-115.05
2325,8398.00,4500.00,1.50,2,60,0.03,NLOS,126.38,-15.65,-90.51,-62.73,4.83,34.98,0,67,-95.79,66,-107.54,61,-111.81,68,-113.45,48,-114.23,62,-115.02
2326,8388.28,4500.00,1.50,2,67,0.05,NLOS,119.86,-4.55,-95.10,-67.31,3.19,34.98,1,61,-98.65,62,-103.70,53,-111.02,54,-112.62,63,-113.02,60,-113.30
2327,8378.56,4500.00,1.50,2,67,0.05,NLOS,120.30,-4.55,-95.53,-67.75,2.60,34.98,0,61,-98.50,62,-103.67,53,-110.93,54,-112.48,63,-113.01,60,-113.08
2328,8368.85,4500.00,1.50,2,67,0.05,NLOS,120.72,-4.55,-95.95,-68.17,2.02,34.98,0,61,-98.34,62,-103.64,53,-110.83,54,-112.33,60,-112.85,63,-113.00
2329,8359.13,4500.00,1.50,2,54,0.02,NLOS,138.59,-21.95,-96.42,-68.64,4.18,34.98,1,61,-103.76,53,-105.11,58,-109.18,67,-109.32,65,-109.73,60,-109.75
2330,8349.41,4500.00,1.50,2,54,0.02,NLOS,138.44,-21.95,-96.27,-68.49,4.19,34.98,0,61,-103.60,53,-105.01,58,-109.17,60,-109.53,67,-109.73,65,-109.76
2331,8339.69,4500.00,1.50,2,54,0.02,NLOS,138.29,-21.95,-96.12,-68.34,4.20,34.98,0,61,-103.45,53,-104.91,58,-109.15,60,-109.30,65,-109.78,67,-110.12
2332,8329.98,4500.00,1.50,2,60,0.04,NLOS,124.81,-7.21,-97.38,-69.60,2.82,34.98,1,68,-102.42,55,-103.10,67,-104.57,54,-105.22,61,-107.21,62,-109.44
2333,8320.26,4500.00,1.50,2,60,0.04,NLOS,124.59,-7.21,-97.15,-69.37,3.10,34.98,0,68,-102.49,55,-103.01,67,-104.95,54,-105.07,61,-107.06,62,-109.41
2334,8310.54,4500.00,1.50,2,60,0.04,NLOS,124.36,-7.21,-96.93,-69.15,3.37,34.98,0,68,-102.56,55,-102.92,54,-104.92,67,-105.32,61,-106.91,62,-109.38
2335,8300.83,4500.00,1.50,2,69,0.01,NLOS,147.28,-30.00,-97.06,-69.28,14.00,34.98,1,55,-101.58,67,-107.52,59,-111.04,53,-112.10,48,-112.45,68,-113.64
2336,8291.11,4500.00,1.50,2,69,0.01,NLOS,147.30,-30.00,-97.09,-69.30,13.98,34.98,0,55,-101.49,67,-107.88,59,-111.01,53,-112.00,48,-112.36,60,-113.54
2337,8281.39,4500.00,1.50,2,69,0.01,NLOS,147.33,-30.00,-97.11,-69.33,13.96,34.98,0,55,-101.40,67,-108.22,59,-110.98,53,-111.90,48,-112.28,60,-113.32
2338,8271.67,4500.00,1.50,2,60,0.04,NLOS,123.49,-17.88,-85.39,-57.61,12.28,34.98,1,66,-100.02,67,-103.77,61,-106.36,69,-106.45,58,-110.72,62,-110.84
2339,8261.96,4500.00,1.50,2,60,0.04,NLOS,123.28,-17.88,-85.18,-57.39,12.60,34.98,0,66,-100.11,67,-104.10,61,-106.22,69,-106.47,58,-110.71,62,-110.82
2340,8252.24,4500.00,1.50,2,60,0.04,NLOS,123.06,-17.88,-84.96,-57.18,12.92,34.98,0,66,-100.20,67,-104.43,61,-106.09,69,-106.49,58,-110.70,62,-110.80
2341,8242.52,4500.00,1.50,2,67,0.04,NLOS,125.45,-5.01,-100.22,-72.44,3.64,34.98,1,53,-101.08,47,-102.48,60,-106.28,61,-108.80,33,-114.51,54,-116.19
2342,8232.81,4500.00,1.50,2,67,0.03,NLOS,125.77,-5.01,-100.54,-72.76,3.16,34.98,0,53,-100.98,47,-102.39,60,-106.07,61,-108.67,33,-114.46,54,-116.02
2343,8223.09,4500.00,1.50,2,67,0.03,NLOS,126.08,-5.01,-100.85,-73.07,2.69,34.98,0,53,-100.88,47,-102.30,60,-105.87,61,-108.54,33,-114.42,54,-115.86
2344,8213.37,4500.00,1.50,2,60,0.04,NLOS,122.25,-29.35,-72.69,-44.90,26.99,34.98,1,67,-101.33,53,-109.62,61,-109.81,66,-111.07,59,-115.69,47,-116.41
2345,8203.65,4500.00,1.50,2,60,0.04,NLOS,122.06,-29.35,-72.49,-44.71,27.36,34.98,0,67,-101.62,53,-109.52,61,-109.70,66,-111.17,59,-115.67,47,-116.31
2346,8193.94,4500.00,1.50,2,60,0.04,NLOS,121.87,-29.35,-72.30,-44.52,27.72,34.98,0,67,-101.92,53,-109.42,61,-109.58,66,-111.26,59,-115.65,47,-116.22
2347,8184.22,4500.00,1.50,2,68,0.02,NLOS,138.29,-26.82,-91.25,-63.47,6.26,34.98,1,55,-101.30,61,-103.29,67,-103.38,35,-109.15,59,-109.34,54,-110.05
2348,8174.50,4500.00,1.50,2,68,0.02,NLOS,138.36,-26.82,-91.33,-63.54,6.17,34.98,0,55,-101.22,61,-103.18,67,-103.66,35,-109.10,59,-109.32,54,-109.87
2349,8164.79,4500.00,1.50,2,68,0.02,NLOS,138.44,-26.82,-91.40,-63.62,6.08,34.98,0,55,-101.13,61,-103.08,67,-103.94,35,-109.05,59,-109.30,54,-109.69
2350,8155.07,4500.00,1.50,2,61,0.03,NLOS,125.83,-4.35,-101.27,-73.49,0.45,34.98,1,60,-102.71,54,-110.07,43,-112.42,62,-115.73,59,-116.42,53,-116.65
2351,8145.35,4500.00,1.50,2,61,0.03,NLOS,125.74,-4.35,-101.18,-73.40,0.39,34.98,0,60,-102.56,54,-109.89,43,-112.37,62,-115.72,59,-116.40,53,-116.54
2352,8135.63,4500.00,1.50,2,61,0.04,NLOS,125.66,-4.35,-101.09,-73.31,0.33,34.98,0,60,-102.41,54,-109.71,43,-112.33,62,-115.70,59,-116.38,53,-116.44
2353,8125.92,4500.00,1.50,2,54,0.02,NLOS,134.61,-20.95,-93.44,-65.66,5.25,34.98,1,60,-99.13,66,-106.24,61,-109.68,62,-110.62,68,-111.63,56,-114.57
2354,8116.20,4500.00,1.50,2,54,0.02,NLOS,134.42,-20.95,-93.25,-65.47,5.31,34.98,0,60,-98.99,66,-106.34,61,-109.60,62,-110.61,68,-111.71,56,-114.54
2355,8106.48,4500.00,1.50,2,54,0.02,NLOS,134.23,-20.95,-93.06,-65.28,5.38,34.98,0,60,-98.87,66,-106.44,61,-109.53,62,-110.60,68,-111.79,56,-114.50
2356,8096.77,4500.00,1.50,2,60,0.05,NLOS,120.35,0.00,-100.13,-72.35,1.12,34.98,1,66,-104.26,67,-105.61,55,-106.30,61,-111.34,68,-112.76,33,-118.05
2357,8087.05,4500.00,1.50,2,60,0.05,NLOS,120.24,0.00,-100.03,-72.24,1.36,34.98,0,66,-104.36,67,-105.85,55,-106.21,61,-111.28,68,-112.84,33,-118.00
2358,8077.33,4500.00,1.50,2,60,0.05,NLOS,120.15,0.00,-99.93,-72.15,1.59,34.98,0,66,-104.47,67,-106.10,55,-106.12,61,-111.23,68,-112.93,33,-117.96
2359,8067.61,4500.00,1.50,2,60,0.05,NLOS,120.06,4.56,-104.40,-76.62,-2.66,34.98,0,54,-104.71,66,-105.55,35,-110.60,67,-115.23,47,-116.13,39,-117.66
2360,8057.90,4500.00,1.50,2,60,0.05,NLOS,119.99,4.56,-104.33,-76.55,-2.64,34.98,0,54,-104.51,66,-105.65,35,-110.55,67,-115.46,47,-116.03,39,-117.61
2361,8048.18,4500.00,1.50,2,60,0.05,NLOS,119.92,4.56,-104.27,-76.48,-2.64,34.98,0,54,-104.31,66,-105.76,35,-110.50,67,-115.70,47,-115.93,39,-117.57
2362,8038.46,4500.00,1.50,2,60,0.05,NLOS,119.87,3.28,-102.93,-75.15,-2.15,34.98,0,54,-101.85,55,-109.48,67,-110.35,61,-111.56,68,-113.66,48,-114.18
2363,8028.75,4500.00,1.50,2,60,0.05,NLOS,119.83,3.28,-102.89,-75.11,-2.25,34.98,0,54,-101.64,55,-109.39,67,-110.58,61,-111.54,68,-113.75,48,-114.08
2364,8019.03,4500.00,1.50,2,60,0.05,NLOS,119.80,3.28,-102.86,-75.08,-2.37,34.98,0,54,-101.43,55,-109.30,67,-110.80,61,-111.52,68,-113.83,48,-113.98
2365,8009.31,4500.00,1.50,2,60,0.05,NLOS,119.78,-21.78,-77.78,-50.00,16.28,34.98,0,54,-96.54,61,-101.44,67,-101.46,55,-107.77,57,-107.96,66,-108.66
2366,8000.00,4499.59,1.50,3,60,0.05,NLOS,119.76,-21.78,-77.76,-49.98,16.23,34.98,0,54,-96.33,61,-101.45,67,-101.68,55,-107.70,57,-107.95,66,-108.76
2367,8000.00,4489.88,1.50,3,60,0.05,NLOS,119.30,-21.78,-77.30,-49.52,16.75,34.98,0,54,-96.35,67,-101.70,61,-101.77,55,-107.80,57,-108.01,66,-108.65
2368,8000.00,4480.16,1.50,3,66,0.02,NLOS,138.13,-27.98,-89.93,-62.15,11.34,34.98,1,61,-100.06,60,-103.89,55,-104.96,67,-105.06,56,-110.92,40,-111.84
2369,8000.00,4470.44,1.50,3,66,0.02,NLOS,138.02,-27.98,-89.82,-62.04,11.19,34.98,0,61,-100.37,60,-103.41,55,-105.06,67,-105.09,56,-111.00,40,-111.82
2370,8000.00,4460.73,1.50,3,66,0.02,NLOS,137.91,-27.98,-89.71,-61.93,11.01,34.98,0,61,-100.68,60,-102.91,67,-105.12,55,-105.17,56,-111.07,40,-111.80
2371,8000.00,4451.01,1.50,3,60,0.06,NLOS,117.35,3.04,-100.17,-72.39,0.40,34.98,1,61,-102.57,67,-108.63,53,-109.73,43,-112.80,59,-113.69,68,-114.05
2372,8000.00,4441.29,1.50,3,60,0.07,NLOS,116.82,3.04,-99.64,-71.86,1.09,34.98,0,61,-102.87,67,-108.67,53,-109.62,43,-112.84,59,-113.55,68,-114.16
2373,8000.00,4431.58,1.50,3,60,0.07,NLOS,116.28,3.04,-99.10,-71.32,1.80,34.98,0,61,-103.16,67,-108.71,53,-109.51,43,-112.88,59,-113.41,39,-114.26
2374,8000.00,4421.86,1.50,3,54,0.02,NLOS,132.24,-15.18,-96.84,-69.06,2.57,34.98,1,60,-100.12,61,-108.17,66,-113.33,65,-116.30,42,-117.08,53,-118.70
2375,8000.00,4412.14,1.50,3,54,0.02,NLOS,132.28,-15.18,-96.88,-69.10,2.06,34.98,0,60,-99.54,61,-108.45,66,-113.22,65,-116.21,42,-117.11,53,-118.59
2376,8000.00,4402.42,1.50,3,54,0.02,NLOS,132.32,-15.18,-96.93,-69.15,1.51,34.98,0,60,-98.94,61,-108.73,66,-113.11,65,-116.13,42,-117.13,53,-118.48
2377,8000.00,4392.71,1.50,3,60,0.08,NLOS,113.92,-12.79,-80.92,-53.14,11.85,34.98,1,53,-93.59,54,-103.30,66,-104.24,34,-108.25,56,-110.63,61,-112.77
2378,8000.00,4382.99,1.50,3,60,0.09,NLOS,113.28,-12.79,-80.27,-52.49,12.40,34.98,0,53,-93.48,54,-103.35,66,-104.13,34,-108.24,56,-110.71,46,-112.80
2379,8000.00,4373.27,1.50,3,60,0.10,NLOS,112.61,-12.79,-79.61,-51.82,12.98,34.98,0,53,-93.37,54,-103.41,66,-104.02,34,-108.24,56,-110.78,46,-112.75
2380,8000.00,4363.56,1.50,3,60,0.10,NLOS,111.91,6.65,-98.35,-70.57,5.70,34.98,0,54,-104.59,46,-110.86,29,-112.56,65,-113.13,52,-113.18,58,-114.91
2381,8000.00,4353.84,1.50,3,60,0.11,NLOS,111.19,6.65,-97.62,-69.84,6.49,34.98,0,54,-104.65,46,-110.81,29,-112.58,65,-113.04,52,-113.09,58,-114.83
2382,8000.00,4344.12,1.50,3,60,0.12,NLOS,110.43,6.65,-96.86,-69.08,7.31,34.98,0,54,-104.71,46,-110.76,29,-112.59,65,-112.95,52,-113.01,58,-114.74
2383,8000.00,4334.40,1.50,3,60,0.13,NLOS,109.64,-10.83,-78.59,-50.81,23.18,34.98,0,59,-104.75,68,-106.63,54,-109.15,67,-109.66,53,-112.59,41,-114.76
2384,8000.00,4324.69,1.50,3,60,0.14,NLOS,108.81,-10.83,-77.76,-49.98,23.95,34.98,0,59,-104.60,68,-106.73,54,-109.22,67,-109.72,53,-112.48,41,-114.76
2385,8000.00,4314.97,1.50,3,60,0.15,NLOS,107.93,-10.83,-76.89,-49.10,24.76,34.98,0,59,-104.44,68,-106.83,54,-109.28,67,-109.79,53,-112.37,41,-114.77
2386,8000.00,4305.25,1.50,3,60,0.16,NLOS,107.01,-6.46,-80.33,-52.55,21.83,34.98,0,69,-99.42,54,-104.98,53,-108.93,59,-109.46,62,-112.19,5,-113.17
2387,8004.46,4300.00,1.50,0,60,0.17,NLOS,106.50,-6.46,-79.82,-52.04,22.40,34.98,0,69,-99.44,54,-105.11,53,-108.94,59,-109.37,62,-112.25,5,-113.18
2388,8014.18,4300.00,1.50,0,60,0.17,NLOS,106.55,-6.46,-79.87,-52.09,22.47,34.98,0,69,-99.42,54,-105.30,53,-109.07,59,-109.37,62,-112.25,5,-113.20
2389,8023.90,4300.00,1.50,0,60,0.17,NLOS,106.66,-11.58,-74.86,-47.08,10.95,34.98,0,53,-86.22,54,-96.99,61,-105.85,39,-112.28,59,-112.49,67,-118.36
2390,8033.62,4300.00,1.50,0,60,0.17,NLOS,106.83,-11.58,-75.03,-47.24,10.92,34.98,0,53,-86.35,54,-97.18,61,-105.86,39,-112.33,59,-112.50,67,-118.16
2391,8043.33,4300.00,1.50,0,60,0.16,NLOS,107.04,-11.58,-75.24,-47.46,10.85,34.98,0,53,-86.49,54,-97.37,61,-105.88,39,-112.39,59,-112.51,67,-117.95
2392,8053.05,4300.00,1.50,0,60,0.16,NLOS,107.30,-10.59,-76.49,-48.71,36.07,34.98,0,48,-105.30,46,-114.84,51,-114.93,13,-115.65,47,-115.70,67,-116.16
2393,8062.77,4300.00,1.50,0,60,0.16,NLOS,107.61,-10.59,-76.80,-49.02,35.67,34.98,0,48,-105.39,46,-114.91,51,-114.95,13,-115.68,47,-115.81,67,-115.95
2394,8072.48,4300.00,1.50,0,60,0.15,NLOS,107.95,-10.59,-77.14,-49.36,35.23,34.98,0,48,-105.47,51,-114.97,46,-114.99,13,-115.71,67,-115.74,47,-115.91
2395,8082.20,4300.00,1.50,0,60,0.14,NLOS,108.32,-6.14,-81.96,-54.18,16.36,34.98,0,54,-99.88,67,-104.89,48,-109.73,66,-112.08,47,-114.74,53,-117.08
2396,8091.92,4300.00,1.50,0,60,0.14,NLOS,108.72,-6.14,-82.36,-54.58,16.03,34.98,0,54,-100.06,67,-104.67,48,-109.82,66,-111.94,47,-114.84,53,-117.21
2397,8101.64,4300.00,1.50,0,60,0.13,NLOS,109.15,-6.14,-82.79,-55.01,15.67,34.98,0,54,-100.23,67,-104.46,48,-109.91,66,-111.81,47,-114.94,59,-117.25
2398,8111.35,4300.00,1.50,0,60,0.13,NLOS,109.59,-0.04,-89.33,-61.55,13.92,34.98,0,61,-107.45,48,-110.08,67,-111.11,34,-111.61,59,-111.97,66,-112.29
2399,8121.07,4300.00,1.50,0,60,0.12,NLOS,110.05,-0.04,-89.79,-62.01,13.45,34.98,0,61,-107.48,48,-110.17,67,-110.89,34,-111.66,59,-111.99,66,-112.15
2400,8130.79,4300.00,1.50,0,60,0.12,NLOS,110.53,-0.04,-90.26,-62.48,12.96,34.98,0,61,-107.53,48,-110.25,67,-110.66,34,-111.71,59,-112.00,66,-112.01
2401,8140.50,4300.00,1.50,0,60,0.11,NLOS,111.01,-3.00,-87.79,-60.01,3.47,34.98,0,61,-92.02,54,-102.34,66,-102.39,46,-108.24,68,-111.29,48,-116.70
2402,8150.22,4300.00,1.50,0,60,0.11,NLOS,111.49,-3.00,-88.28,-60.50,3.02,34.98,0,61,-92.06,66,-102.26,54,-102.51,46,-108.31,68,-111.23,48,-116.79
2403,8159.94,4300.00,1.50,0,60,0.10,NLOS,111.98,-3.00,-88.77,-60.99,2.58,34.98,0,61,-92.11,66,-102.12,54,-102.67,46,-108.38,68,-111.17,48,-116.87
2404,8169.66,4300.00,1.50,0,60,0.10,NLOS,112.48,6.91,-99.17,-71.39,2.39,34.98,0,65,-101.32,61,-104.92,58,-106.06,53,-106.75,66,-111.18,54,-111.57
2405,8179.37,4300.00,1.50,0,60,0.09,NLOS,112.97,6.91,-99.66,-71.88,1.96,34.98,0,65,-101.28,61,-104.97,58,-106.07,53,-106.88,66,-111.04,54,-111.74
2406,8189.09,4300.00,1.50,0,60,0.09,NLOS,113.46,6.91,-100.15,-72.37,1.53,34.98,0,65,-101.25,61,-105.03,58,-106.08,53,-107.00,66,-110.90,54,-111.90
2407,8198.81,4300.00,1.50,0,60,0.08,NLOS,113.94,-6.52,-87.20,-59.42,8.95,34.98,0,67,-96.33,48,-101.31,52,-108.51,46,-111.69,68,-113.70,61,-115.05
2408,8200.00,4308.52,1.50,1,60,0.08,NLOS,114.36,-6.52,-87.61,-59.83,8.41,34.98,0,67,-96.19,48,-101.29,52,-108.58,46,-111.73,68,-113.59,61,-114.87
2409,8200.00,4318.24,1.50,1,60,0.08,NLOS,114.76,-6.52,-88.02,-60.24,7.89,34.98,0,67,-96.08,48,-101.26,52,-108.66,46,-111.78,68,-113.47,61,-114.65
2410,8200.00,4327.96,1.50,1,54,0.02,NLOS,136.46,-18.80,-97.44,-69.66,3.68,34.98,1,67,-98.41,62,-101.97,47,-102.73,59,-106.95,61,-106.97,56,-111.84
2411,8200.00,4337.68,1.50,1,54,0.02,NLOS,136.42,-18.80,-97.40,-69.62,3.68,34.98,0,67,-98.31,62,-101.87,47,-102.74,61,-106.75,59,-107.10,56,-111.77
2412,8200.00,4347.39,1.50,1,54,0.02,NLOS,136.38,-18.80,-97.36,-69.58,3.67,34.98,0,67,-98.20,62,-101.76,47,-102.75,61,-106.52,59,-107.25,56,-111.70
2413,8200.00,4357.11,1.50,1,53,0.02,NLOS,139.24,-21.33,-97.69,-69.91,11.13,34.98,1,66,-106.47,68,-110.14,60,-110.69,61,-112.07,62,-113.22,31,-113.37
2414,8200.00,4366.83,1.50,1,53,0.02,NLOS,139.32,-21.33,-97.77,-69.99,11.33,34.98,0,66,-106.62,68,-110.02,60,-111.10,61,-111.83,62,-113.11,31,-113.35
2415,8200.00,4376.54,1.50,1,53,0.02,NLOS,139.41,-21.33,-97.86,-70.07,11.52,34.98,0,66,-106.76,68,-109.90,60,-111.50,61,-111.59,62,-113.00,31,-113.33
2416,8200.00,4386.26,1.50,1,61,0.03,NLOS,129.38,-16.46,-92.70,-64.92,9.33,34.98,1,60,-102.53,58,-108.28,65,-111.15,59,-111.58,51,-112.41,53,-114.17
2417,8200.00,4395.98,1.50,1,61,0.03,NLOS,129.14,-16.46,-92.46,-64.67,9.92,34.98,0,60,-102.93,58,-108.36,65,-111.24,59,-111.72,51,-112.37,53,-114.26
2418,8200.00,4405.69,1.50,1,61,0.03,NLOS,128.89,-16.46,-92.21,-64.43,10.51,34.98,0,60,-103.33,58,-108.44,65,-111.33,59,-111.86,51,-112.33,53,-114.34
2419,8200.00,4415.41,1.50,1,61,0.03,NLOS,128.64,-0.63,-107.79,-80.01,-4.22,34.98,0,60,-105.63,67,-108.28,53,-109.72,49,-118.40,41,-118.60,59,-120.00
2420,8200.00,4425.13,1.50,1,61,0.03,NLOS,128.39,-0.63,-107.54,-79.76,-3.76,34.98,0,60,-106.01,67,-108.21,53,-109.81,49,-118.35,41,-118.59,59,-120.14
2421,8200.00,4434.85,1.50,1,61,0.03,NLOS,128.13,-0.63,-107.28,-79.50,-3.31,34.98,0,60,-106.40,67,-108.14,53,-109.89,49,-118.30,41,-118.59,59,-120.28
2422,8200.00,4444.56,1.50,1,61,0.03,NLOS,127.87,-10.21,-97.44,-69.66,-0.16,34.98,0,60,-97.66,54,-111.79,67,-112.13,27,-114.31,53,-114.89,49,-115.46
2423,8200.00,4454.28,1.50,1,61,0.03,NLOS,127.60,-10.21,-97.17,-69.39,0.44,34.98,0,60,-98.03,54,-111.77,67,-112.07,27,-114.32,53,-114.98,49,-115.41
2424,8200.00,4464.00,1.50,1,61,0.03,NLOS,127.34,-10.21,-96.91,-69.12,1.04,34.98,0,60,-98.40,54,-111.75,67,-112.02,27,-114.33,53,-115.06,49,-115.36
2425,8200.00,4473.71,1.50,1,67,0.03,NLOS,126.91,-6.58,-100.11,-72.33,0.01,34.98,1,52,-101.01,62,-101.10,60,-103.30,54,-104.82,46,-107.97,66,-108.62
2426,8200.00,4483.43,1.50,1,67,0.03,NLOS,126.86,-6.58,-100.06,-72.28,0.24,34.98,0,62,-100.98,52,-101.08,60,-103.66,54,-104.80,46,-108.02,66,-108.76
2427,8200.00,4493.15,1.50,1,67,0.03,NLOS,126.82,-6.58,-100.02,-72.24,0.45,34.98,0,62,-100.86,52,-101.16,60,-104.01,54,-104.79,46,-108.06,66,-108.90
2428,8200.00,4497.13,1.50,3,67,0.03,NLOS,126.81,-6.58,-100.00,-72.22,0.54,34.98,0,62,-100.81,52,-101.19,60,-104.16,54,-104.78,46,-108.08,70,-108.92
2429,8200.00,4487.42,1.50,3,62,0.01,NLOS,142.43,-26.94,-95.27,-67.48,10.24,34.98,1,59,-100.97,60,-101.78,61,-106.07,66,-108.98,44,-111.01,40,-112.65
2430,8200.00,4477.70,1.50,3,62,0.01,NLOS,142.55,-26.94,-95.38,-67.60,10.37,34.98,0,59,-100.83,60,-101.43,61,-106.34,66,-108.84,44,-111.05,40,-112.63
2431,8200.00,4467.98,1.50,3,62,0.01,NLOS,142.66,-26.94,-95.50,-67.72,10.50,34.98,0,59,-100.70,60,-101.07,61,-106.62,66,-108.69,44,-111.08,40,-112.61
2432,8200.00,4458.27,1.50,3,59,0.01,NLOS,140.00,-15.44,-104.34,-76.56,6.63,34.98,1,67,-104.71,61,-105.39,60,-113.48,66,-116.80,48,-118.02,54,-119.64
2433,8200.00,4448.55,1.50,3,59,0.02,NLOS,139.86,-15.44,-104.20,-76.42,6.51,34.98,0,67,-104.77,61,-105.66,60,-113.11,66,-116.66,48,-118.05,54,-119.66
2434,8200.00,4438.83,1.50,3,59,0.02,NLOS,139.73,-15.44,-104.07,-76.28,6.38,34.98,0,67,-104.83,61,-105.92,60,-112.73,66,-116.51,48,-118.08,54,-119.68
2435,8200.00,4429.11,1.50,3,61,0.03,NLOS,128.28,-11.62,-96.44,-68.66,-0.12,34.98,1,60,-96.70,67,-107.93,56,-110.75,53,-112.36,66,-113.11,52,-113.77
2436,8200.00,4419.40,1.50,3,61,0.03,NLOS,128.54,-11.62,-96.70,-68.91,-0.72,34.98,0,60,-96.32,67,-108.00,56,-110.82,53,-112.28,66,-112.96,52,-113.69
2437,8200.00,4409.68,1.50,3,61,0.03,NLOS,128.79,-11.62,-96.95,-69.17,-1.33,34.98,0,60,-95.93,67,-108.08,56,-110.89,53,-112.19,66,-112.82,52,-113.61
2438,8200.00,4399.96,1.50,3,61,0.03,NLOS,129.04,-9.31,-99.51,-71.73,2.06,34.98,0,67,-102.26,53,-104.00,59,-108.26,60,-110.23,63,-112.01,39,-112.08
2439,8200.00,4390.25,1.50,3,61,0.03,NLOS,129.28,-9.31,-99.75,-71.97,1.83,34.98,0,67,-102.34,53,-103.91,59,-108.12,60,-109.84,39,-112.05,63,-112.08
2440,8200.00,4380.53,1.50,3,61,0.03,NLOS,129.53,-9.31,-100.00,-72.21,1.60,34.98,0,67,-102.43,53,-103.83,59,-107.98,60,-109.44,39,-112.02,63,-112.15
2441,8200.00,4370.81,1.50,3,60,0.06,NLOS,116.97,-3.42,-93.34,-65.55,10.51,34.98,1,67,-106.28,64,-108.02,66,-109.23,53,-114.90,5,-118.33,52,-118.60
2442,8200.00,4361.09,1.50,3,60,0.07,NLOS,116.57,-3.42,-92.93,-65.15,10.92,34.98,0,67,-106.38,64,-108.07,66,-109.08,53,-114.82,5,-118.34,52,-118.52
2443,8200.00,4351.38,1.50,3,60,0.07,NLOS,116.16,-3.42,-92.52,-64.74,11.33,34.98,0,67,-106.48,64,-108.12,66,-108.93,53,-114.74,5,-118.35,52,-118.45
2444,8200.00,4341.66,1.50,3,60,0.07,NLOS,115.75,-3.32,-92.21,-64.43,11.44,34.98,0,54,-107.18,55,-107.20,61,-109.74,67,-111.70,46,-112.19,68,-112.53
2445,8200.00,4331.94,1.50,3,60,0.07,NLOS,115.34,-3.32,-91.80,-64.02,11.91,34.98,0,54,-107.22,55,-107.29,61,-109.97,67,-111.81,46,-112.14,68,-112.65
2446,8200.00,4322.23,1.50,3,60,0.08,NLOS,114.93,-3.32,-91.39,-63.61,12.39,34.98,0,54,-107.26,55,-107.38,61,-110.19,67,-111.92,46,-112.10,66,-112.61
2447,8200.00,4312.51,1.50,3,60,0.08,NLOS,114.52,1.83,-96.13,-68.35,4.13,34.98,0,67,-103.24,52,-103.93,66,-105.69,54,-109.39,41,-112.30,61,-112.36
2448,8200.00,4302.79,1.50,3,60,0.08,NLOS,114.12,1.83,-95.72,-67.94,4.56,34.98,0,67,-103.36,52,-103.85,66,-105.54,54,-109.44,41,-112.31,61,-112.58
2449,8200.00,4293.07,1.50,3,60,0.09,NLOS,113.72,1.83,-95.32,-67.54,4.99,34.98,0,67,-103.48,52,-103.77,66,-105.39,54,-109.48,41,-112.32,61,-112.80
2450,8200.00,4283.36,1.50,3,60,0.09,NLOS,113.32,11.02,-104.12,-76.34,-1.60,34.98,0,55,-106.03,53,-106.40,67,-107.13,52,-109.48,27,-110.08,54,-111.68
2451,8200.00,4273.64,1.50,3,60,0.09,NLOS,112.93,11.02,-103.73,-75.95,-1.20,34.98,0,55,-106.11,53,-106.32,67,-107.25,52,-109.40,27,-110.07,54,-111.73
2452,8200.00,4263.92,1.50,3,60,0.10,NLOS,112.56,11.02,-103.36,-75.57,-0.81,34.98,0,55,-106.20,53,-106.24,67,-107.37,52,-109.32,27,-110.07,54,-111.78
2453,8200.00,4254.21,1.50,3,60,0.10,NLOS,112.19,-3.40,-88.57,-60.79,5.17,34.98,0,67,-93.98,42,-103.56,61,-108.65,57,-110.55,59,-111.83,39,-112.19
2454,8200.00,4244.49,1.50,3,60,0.10,NLOS,111.84,-3.40,-88.22,-60.44,5.65,34.98,0,67,-94.11,42,-103.58,61,-108.86,57,-110.60,59,-111.67,39,-112.16
2455,8200.00,4234.77,1.50,3,60,0.11,NLOS,111.50,-3.40,-87.88,-60.10,6.11,34.98,0,67,-94.24,42,-103.61,61,-109.06,57,-110.65,59,-111.51,39,-112.13
2456,8200.00,4225.05,1.50,3,60,0.11,NLOS,111.18,-10.17,-80.79,-53.01,17.72,34.98,0,66,-99.41,61,-107.33,52,-109.24,53,-112.15,5,-116.32,65,-116.89
2457,8200.00,4215.34,1.50,3,60,0.11,NLOS,110.88,-10.17,-80.50,-52.71,17.92,34.98,0,66,-99.27,61,-107.53,52,-109.16,53,-112.08,5,-116.32,65,-116.79
2458,8200.00,4205.62,1.50,3,60,0.12,NLOS,110.61,-10.17,-80.22,-52.44,18.09,34.98,0,66,-99.12,61,-107.72,52,-109.08,53,-112.00,5,-116.33,65,-116.68
2459,8200.00,4195.90,1.50,3,60,0.12,NLOS,110.37,-21.27,-68.88,-41.10,25.69,34.98,0,59,-98.63,69,-99.76,66,-99.97,67,-102.19,54,-103.01,68,-107.38
2460,8200.00,4186.19,1.50,3,60,0.12,NLOS,110.15,-21.27,-68.67,-40.88,25.82,34.98,0,59,-98.46,66,-99.82,69,-99.84,67,-102.33,54,-103.07,68,-107.49
2461,8200.00,4176.47,1.50,3,60,0.12,NLOS,109.97,-21.27,-68.48,-40.70,25.92,34.98,0,59,-98.29,66,-99.67,69,-99.91,67,-102.47,54,-103.13,68,-107.60
2462,8200.00,4166.75,1.50,3,60,0.13,NLOS,109.82,-0.90,-88.70,-60.92,-3.15,34.98,0,61,-85.75,59,-101.47,67,-105.48,70,-105.50,53,-107.01,52,-108.70
2463,8200.00,4157.03,1.50,3,60,0.13,NLOS,109.71,-0.90,-88.59,-60.81,-2.87,34.98,0,61,-85.93,59,-101.30,70,-105.55,67,-105.62,53,-106.94,52,-108.62
2464,8200.00,4147.32,1.50,3,60,0.13,NLOS,109.64,-0.90,-88.52,-60.74,-2.62,34.98,0,61,-86.12,59,-101.12,70,-105.61,67,-105.77,53,-106.87,52,-108.54
2465,8200.00,4137.60,1.50,3,60,0.13,NLOS,109.60,4.72,-94.10,-66.32,6.24,34.98,0,48,-98.73,69,-100.75,66,-101.47,52,-106.07,61,-108.21,67,-114.09
2466,8200.00,4127.88,1.50,3,60,0.13,NLOS,109.61,4.72,-94.11,-66.33,6.16,34.98,0,48,-98.77,69,-100.82,66,-101.33,52,-105.99,61,-108.39,67,-114.23
2467,8200.00,4118.17,1.50,3,60,0.13,NLOS,109.65,4.72,-94.15,-66.37,6.03,34.98,0,48,-98.81,69,-100.89,66,-101.18,52,-105.91,61,-108.57,67,-114.38
2468,8200.00,4108.45,1.50,3,60,0.13,NLOS,109.74,-7.21,-82.30,-54.52,22.89,34.98,0,47,-102.30,66,-106.79,48,-112.06,65,-113.53,67,-113.84,69,-115.03
2469,8198.73,4100.00,1.50,2,60,0.13,NLOS,109.74,-7.21,-82.30,-54.52,22.85,34.98,0,47,-102.29,66,-106.69,48,-112.08,65,-113.44,67,-113.99,69,-115.09
2470,8189.02,4100.00,1.50,2,60,0.14,NLOS,108.92,-7.21,-81.49,-53.71,23.81,34.98,0,47,-102.19,66,-106.89,48,-112.01,65,-113.49,67,-114.17,69,-115.11
2471,8179.30,4100.00,1.50,2,60,0.15,NLOS,108.07,-6.12,-81.73,-53.95,20.80,34.98,0,66,-103.91,55,-106.57,59,-111.41,54,-112.76,33,-116.99,49,-117.41
2472,8169.58,4100.00,1.50,2,60,0.16,NLOS,107.17,-6.12,-80.84,-53.06,21.82,34.98,0,66,-104.10,55,-106.51,59,-111.37,54,-112.62,33,-116.94,49,-117.37
2473,8159.86,4100.00,1.50,2,60,0.18,NLOS,106.23,-6.12,-79.89,-52.11,22.88,34.98,0,66,-104.29,55,-106.45,59,-111.33,54,-112.47,33,-116.89,49,-117.32
2474,8150.15,4100.00,1.50,2,60,0.19,NLOS,105.24,-10.05,-74.97,-47.19,20.59,34.98,0,53,-96.07,61,-105.75,58,-107.90,52,-113.69,35,-114.97,67,-115.25
2475,8140.43,4100.00,1.50,2,60,0.21,NLOS,104.19,-10.05,-73.92,-46.13,21.50,34.98,0,53,-95.92,61,-105.72,58,-107.89,52,-113.63,35,-114.92,67,-115.42
2476,8130.71,4100.00,1.50,2,60,0.23,NLOS,103.07,-10.05,-72.80,-45.02,22.48,34.98,0,53,-95.77,61,-105.69,58,-107.88,52,-113.57,35,-114.87,67,-115.59
2477,8121.00,4100.00,1.50,2,60,0.26,NLOS,101.89,-4.92,-76.75,-48.97,34.15,34.98,0,69,-104.32,31,-113.68,61,-115.08,65,-116.09,66,-116.25,54,-119.64
2478,8111.28,4100.00,1.50,2,60,0.29,NLOS,100.63,-4.92,-75.49,-47.71,35.43,34.98,0,69,-104.34,31,-113.66,61,-115.06,65,-116.14,66,-116.43,54,-119.49
2479,8101.56,4100.00,1.50,2,60,0.32,NLOS,99.28,-4.92,-74.14,-46.36,36.79,34.98,0,69,-104.36,31,-113.63,61,-115.03,65,-116.19,66,-116.62,54,-119.34
2480,8091.84,4100.00,1.50,2,60,0.36,NLOS,97.84,-14.65,-62.97,-35.19,25.34,34.98,0,67,-89.36,59,-96.27,66,-101.35,53,-113.07,47,-113.20,52,-115.74
2481,8082.13,4100.00,1.50,2,60,0.40,NLOS,96.29,-14.65,-61.42,-33.64,27.02,34.98,0,67,-89.52,59,-96.24,66,-101.54,53,-112.91,47,-113.10,52,-115.68
2482,8072.41,4100.00,1.50,2,60,0.44,NLOS,94.63,-14.65,-59.76,-31.98,28.81,34.98,0,67,-89.69,59,-96.23,66,-101.72,53,-112.75,47,-112.99,52,-115.62
2483,8062.69,4100.00,1.50,2,60,0.49,NLOS,92.86,19.03,-91.67,-63.88,11.27,34.98,0,66,-104.52,33,-107.74,46,-109.07,54,-112.10,53,-113.94,59,-114.01
2484,8052.98,4100.00,1.50,2,60,0.55,NLOS,90.97,19.03,-89.78,-62.00,13.25,34.98,0,66,-104.69,33,-107.69,46,-108.99,54,-111.95,53,-113.77,59,-114.00
2485,8043.26,4100.00,1.50,2,60,0.61,NLOS,89.00,19.03,-87.81,-60.03,15.30,34.98,0,66,-104.87,33,-107.64,46,-108.91,54,-111.79,53,-113.61,59,-113.99
2486,8033.54,4100.00,1.50,2,60,0.67,NLOS,87.01,-4.89,-61.91,-34.12,34.64,34.98,0,67,-98.76,47,-99.26,61,-103.16,53,-104.43,52,-109.43,65,-116.06
2487,8023.82,4100.00,1.50,2,60,0.73,NLOS,85.15,-4.89,-60.05,-32.26,36.56,34.98,0,67,-98.92,47,-99.15,61,-103.16,53,-104.27,52,-109.37,65,-116.12
2488,8014.11,4100.00,1.50,2,60,0.77,NLOS,83.65,-4.89,-58.55,-30.76,38.13,34.98,0,47,-99.04,67,-99.08,61,-103.15,53,-104.10,52,-109.32,65,-116.18
2489,8004.39,4100.00,1.50,2,60,0.80,NLOS,82.81,7.78,-70.37,-42.59,30.67,34.98,0,53,-102.06,68,-105.61,54,-109.71,40,-110.88,67,-115.50,69,-116.86
2490,7994.67,4100.00,1.50,2,60,0.80,NLOS,82.86,7.78,-70.42,-42.64,30.48,34.98,0,53,-101.89,68,-105.66,54,-109.55,40,-110.81,67,-115.66,69,-116.88
2491,7984.96,4100.00,1.50,2,60,0.77,NLOS,83.77,7.78,-71.33,-43.55,29.41,34.98,0,53,-101.72,68,-105.72,54,-109.39,40,-110.74,67,-115.81,69,-116.91
2492,7975.24,4100.00,1.50,2,60,0.72,NLOS,85.32,-5.60,-59.50,-31.72,53.32,34.98,0,55,-103.49,52,-108.82,54,-116.69,41,-117.06,34,-117.55,66,-119.65
2493,7965.52,4100.00,1.50,2,60,0.66,NLOS,87.20,-5.60,-61.38,-33.60,51.39,34.98,0,55,-103.44,52,-108.76,54,-116.53,41,-116.99,34,-117.50,66,-119.82
2494,7955.80,4100.00,1.50,2,60,0.60,NLOS,89.19,-5.60,-63.37,-35.59,49.35,34.98,0,55,-103.39,52,-108.71,54,-116.37,41,-116.92,34,-117.44,66,-119.99
2495,7946.09,4100.00,1.50,2,60,0.54,NLOS,91.16,17.77,-88.71,-60.93,-0.30,34.98,0,59,-88.49,52,-102.99,66,-108.79,54,-110.61,62,-111.30,67,-114.67
2496,7936.37,4100.00,1.50,2,60,0.49,NLOS,93.03,17.77,-90.59,-62.81,-2.17,34.98,0,59,-88.50,52,-102.93,66,-108.96,54,-110.44,62,-111.30,42,-114.81
2497,7926.65,4100.00,1.50,2,59,0.02,NLOS,133.75,-25.02,-88.52,-60.74,3.37,34.98,1,60,-92.35,52,-102.88,66,-109.12,54,-110.28,62,-111.31,42,-114.76
2498,7916.94,4100.00,1.50,2,60,0.39,NLOS,96.45,-7.28,-68.95,-41.16,28.99,34.98,1,54,-98.03,40,-105.28,68,-111.55,45,-115.63,23,-116.87,59,-118.45
2499,7907.22,4100.00,1.50,2,60,0.35,NLOS,97.98,-7.28,-70.48,-42.70,27.29,34.98,0,54,-97.86,40,-105.21,68,-111.61,45,-115.58,23,-116.84,47,-118.38
2500,7897.50,4100.00,1.50,2,60,0.32,NLOS,99.42,-7.28,-71.92,-44.13,25.70,34.98,0,54,-97.70,40,-105.13,68,-111.66,45,-115.54,23,-116.81,47,-118.26
2501,7887.78,4100.00,1.50,2,60,0.29,NLOS,100.76,4.25,-84.79,-57.01,8.43,34.98,0,54,-94.06,66,-103.62,53,-104.18,46,-108.15,47,-108.53,48,-110.23
2502,7878.07,4100.00,1.50,2,60,0.26,NLOS,102.01,4.25,-86.04,-58.26,7.03,34.98,0,54,-93.89,66,-103.77,53,-103.99,46,-108.06,47,-108.41,48,-110.14
2503,7868.35,4100.00,1.50,2,60,0.23,NLOS,103.18,4.25,-87.22,-59.44,5.71,34.98,0,54,-93.72,53,-103.80,66,-103.93,46,-107.98,47,-108.29,48,-110.06
2504,7858.63,4100.00,1.50,2,60,0.21,NLOS,104.29,2.41,-86.48,-58.70,14.71,34.98,0,61,-102.12,54,-110.74,65,-111.03,5,-113.41,53,-114.49,62,-117.44
2505,7848.92,4100.00,1.50,2,60,0.19,NLOS,105.34,2.41,-87.53,-59.75,13.67,34.98,0,61,-102.14,54,-110.57,65,-111.09,5,-113.39,53,-114.30,62,-117.45
2506,7839.20,4100.00,1.50,2,60,0.18,NLOS,106.32,2.41,-88.52,-60.74,12.68,34.98,0,61,-102.18,54,-110.39,65,-111.15,5,-113.37,53,-114.11,62,-117.46
2507,7829.48,4100.00,1.50,2,60,0.16,NLOS,107.26,0.36,-87.41,-59.63,7.32,34.98,0,54,-96.08,61,-102.68,53,-105.75,52,-108.60,57,-111.64,67,-113.13
2508,7819.76,4100.00,1.50,2,60,0.15,NLOS,108.15,0.36,-88.30,-60.52,6.30,34.98,0,54,-95.91,61,-102.71,53,-105.56,52,-108.55,57,-111.63,67,-113.27
2509,7810.05,4100.00,1.50,2,60,0.14,NLOS,109.00,0.36,-89.15,-61.37,5.31,34.98,0,54,-95.74,61,-102.75,53,-105.37,52,-108.51,57,-111.62,47,-113.38
2510,7800.33,4100.00,1.50,2,60,0.13,NLOS,109.81,-8.43,-81.17,-53.38,7.28,34.98,0,54,-88.45,28,-110.58,47,-114.09,55,-114.16,52,-114.33,40,-115.78
2511,7790.61,4100.00,1.50,2,60,0.12,NLOS,110.59,-8.43,-81.94,-54.16,6.33,34.98,0,54,-88.28,28,-110.53,47,-113.96,55,-114.11,52,-114.28,40,-115.70
2512,7780.90,4100.00,1.50,2,60,0.11,NLOS,111.33,-8.43,-82.68,-54.90,5.41,34.98,0,54,-88.10,28,-110.49,47,-113.83,55,-114.07,52,-114.23,40,-115.62
2513,7771.18,4100.00,1.50,2,60,0.10,NLOS,112.04,3.59,-95.41,-67.63,3.34,34.98,0,66,-101.32,54,-104.54,53,-107.30,65,-112.89,64,-113.94,62,-115.93
2514,7761.46,4100.00,1.50,2,60,0.09,NLOS,112.73,3.59,-96.09,-68.31,2.67,34.98,0,66,-101.47,54,-104.37,53,-107.10,65,-112.95,64,-113.94,62,-115.94
2515,7751.75,4100.00,1.50,2,60,0.09,NLOS,113.38,3.59,-96.75,-68.97,2.01,34.98,0,66,-101.61,54,-104.19,53,-106.90,65,-113.01,64,-113.95,62,-115.95
2516,7742.03,4100.00,1.50,2,60,0.08,NLOS,114.02,-1.77,-92.03,-64.25,2.31,34.98,0,52,-91.77,67,-97.75,66,-101.74,53,-102.97,61,-103.86,54,-103.99
2517,7732.31,4100.00,1.50,2,60,0.08,NLOS,114.63,-1.77,-92.64,-64.86,1.74,34.98,0,52,-91.73,67,-97.88,66,-101.89,53,-102.77,54,-103.82,61,-103.91
2518,7722.59,4100.00,1.50,2,60,0.08,NLOS,115.22,-1.77,-93.24,-65.45,1.19,34.98,0,52,-91.68,67,-98.02,66,-102.03,53,-102.56,54,-103.64,61,-103.96
2519,7712.88,4100.00,1.50,2,60,0.07,NLOS,115.80,5.17,-100.75,-72.97,-3.54,34.98,0,54,-98.75,53,-105.92,67,-108.05,47,-109.75,66,-110.06,45,-113.05
2520,7703.16,4100.00,1.50,2,60,0.07,NLOS,116.35,5.17,-101.31,-73.52,-4.23,34.98,0,54,-98.58,53,-105.72,67,-108.18,47,-109.61,66,-110.20,45,-113.00
2521,7693.44,4100.00,1.50,2,54,0.03,NLOS,129.34,-10.72,-98.40,-70.62,1.26,34.98,1,60,-101.84,53,-105.51,67,-108.31,47,-109.47,66,-110.33,45,-112.95
2522,7683.73,4100.00,1.50,2,60,0.06,NLOS,117.41,-5.65,-91.54,-63.75,9.53,34.98,1,61,-103.73,66,-107.76,59,-108.56,52,-108.56,37,-113.62,40,-113.74
2523,7674.01,4100.00,1.50,2,60,0.06,NLOS,117.91,-5.65,-92.04,-64.26,9.11,34.98,0,61,-103.79,66,-107.90,52,-108.52,59,-108.62,37,-113.59,40,-113.66
2524,7664.29,4100.00,1.50,2,60,0.06,NLOS,118.40,-5.65,-92.53,-64.75,8.69,34.98,0,61,-103.84,66,-108.03,52,-108.48,59,-108.69,37,-113.56,40,-113.57
2525,7654.57,4100.00,1.50,2,54,0.03,NLOS,128.64,-6.78,-101.64,-73.86,2.80,34.98,1,66,-105.93,59,-106.28,55,-107.82,61,-111.23,53,-113.06,68,-113.19
2526,7644.86,4100.00,1.50,2,54,0.03,NLOS,128.47,-6.78,-101.47,-73.68,2.97,34.98,0,66,-106.07,59,-106.35,55,-107.79,61,-111.30,53,-112.86,68,-113.25
2527,7635.14,4100.00,1.50,2,54,0.03,NLOS,128.29,-6.78,-101.29,-73.51,3.14,34.98,0,66,-106.20,59,-106.43,55,-107.75,61,-111.36,53,-112.65,68,-113.31
2528,7625.42,4100.00,1.50,2,60,0.05,NLOS,120.24,-9.34,-90.67,-62.89,11.02,34.98,1,54,-103.45,61,-109.46,55,-111.33,59,-112.56,53,-113.05,45,-115.97
2529,7615.71,4100.00,1.50,2,60,0.05,NLOS,120.67,-9.34,-91.10,-63.32,10.48,34.98,0,54,-103.28,61,-109.52,55,-111.29,59,-112.63,53,-112.85,45,-115.92
2530,7605.99,4100.00,1.50,2,60,0.05,NLOS,121.09,-9.34,-91.52,-63.74,9.94,34.98,0,54,-103.11,61,-109.59,55,-111.26,53,-112.64,59,-112.71,45,-115.88
2531,7600.00,4103.73,1.50,1,62,0.01,NLOS,146.85,-30.00,-96.63,-68.85,14.20,34.98,1,70,-106.69,66,-106.82,60,-111.22,59,-111.25,47,-111.29,63,-111.83
2532,7600.00,4113.45,1.50,1,62,0.01,NLOS,146.76,-30.00,-96.54,-68.76,14.23,34.98,0,70,-106.64,66,-106.87,60,-111.20,47,-111.29,59,-111.41,63,-111.77
2533,7600.00,4123.16,1.50,1,62,0.01,NLOS,146.67,-30.00,-96.45,-68.67,14.25,34.98,0,70,-106.60,66,-106.91,60,-111.18,47,-111.28,59,-111.57,63,-111.70
2534,7600.00,4132.88,1.50,1,53,0.03,NLOS,126.85,-7.13,-99.50,-71.72,3.24,34.98,1,54,-106.18,52,-107.19,67,-107.43,61,-108.54,33,-114.00,60,-114.02
2535,7600.00,4142.60,1.50,1,53,0.03,NLOS,127.08,-7.13,-99.73,-71.95,2.96,34.98,0,54,-105.95,52,-107.31,67,-107.38,61,-108.38,33,-114.02,60,-114.02
2536,7600.00,4152.31,1.50,1,53,0.03,NLOS,127.31,-7.13,-99.96,-72.17,2.67,34.98,0,54,-105.72,67,-107.33,52,-107.43,61,-108.22,33,-114.04,60,-114.04
2537,7600.00,4162.03,1.50,1,61,0.02,NLOS,135.55,-10.16,-105.17,-77.39,7.47,34.98,1,59,-113.73,53,-114.52,47,-114.55,39,-116.04,60,-118.05,68,-118.60
2538,7600.00,4171.75,1.50,1,61,0.02,NLOS,135.39,-10.16,-105.01,-77.23,7.56,34.98,0,59,-113.88,47,-114.55,53,-114.74,39,-116.08,60,-118.08,68,-118.53
2539,7600.00,4181.47,1.50,1,61,0.02,NLOS,135.23,-10.16,-104.85,-77.07,7.64,34.98,0,59,-114.03,47,-114.56,53,-114.97,39,-116.12,60,-118.13,68,-118.46
2540,7600.00,4191.18,1.50,1,54,0.04,NLOS,125.51,-7.11,-98.18,-70.40,4.48,34.98,1,60,-104.51,55,-108.19,52,-115.15,53,-116.19,45,-120.35,67,-120.55
2541,7600.00,4200.90,1.50,1,54,0.04,NLOS,125.27,-7.11,-97.95,-70.17,4.73,34.98,0,60,-104.58,55,-108.06,52,-115.27,53,-116.42,45,-120.41,67,-120.51
2542,7600.00,4210.62,1.50,1,54,0.04,NLOS,125.04,-7.11,-97.71,-69.93,4.98,34.98,0,60,-104.65,55,-107.94,52,-115.38,53,-116.64,67,-120.47,45,-120.48
2543,7600.00,4220.33,1.50,1,54,0.04,NLOS,124.80,-3.31,-101.27,-73.49,-3.25,34.98,0,53,-98.84,62,-101.90,65,-105.54,47,-106.97,59,-110.19,68,-110.94
2544,7600.00,4230.05,1.50,1,54,0.04,NLOS,124.57,-3.31,-101.04,-73.26,-2.83,34.98,0,53,-99.05,62,-101.80,65,-105.61,47,-106.98,59,-110.33,68,-110.87
2545,7600.00,4239.77,1.50,1,54,0.04,NLOS,124.33,-3.31,-100.80,-73.02,-2.42,34.98,0,53,-99.27,62,-101.71,65,-105.68,47,-106.99,59,-110.48,68,-110.80
2546,7600.00,4249.49,1.50,1,60,0.04,NLOS,121.96,-3.35,-98.39,-70.61,1.26,34.98,1,59,-104.28,67,-105.62,53,-107.76,52,-109.06,66,-109.59,55,-109.72
2547,7600.00,4259.20,1.50,1,60,0.04,NLOS,122.07,-3.35,-98.50,-70.72,1.20,34.98,0,59,-104.42,67,-105.58,53,-107.97,52,-109.17,55,-109.59,66,-109.64
2548,7600.00,4268.92,1.50,1,60,0.04,NLOS,122.19,-3.35,-98.62,-70.84,1.12,34.98,0,59,-104.56,67,-105.55,53,-108.18,52,-109.28,55,-109.46,66,-109.70
2549,7600.00,4278.64,1.50,1,61,0.02,NLOS,133.54,-17.98,-95.34,-67.56,6.08,34.98,1,62,-101.74,53,-105.39,59,-109.41,67,-116.15,47,-117.78,5,-117.88
2550,7600.00,4288.35,1.50,1,61,0.02,NLOS,133.36,-17.98,-95.16,-67.38,6.16,34.98,0,62,-101.64,53,-105.60,59,-109.55,67,-116.12,47,-117.80,5,-117.87
2551,7600.00,4298.07,1.50,1,61,0.02,NLOS,133.19,-17.98,-94.99,-67.21,6.24,34.98,0,62,-101.54,53,-105.80,59,-109.69,67,-116.08,47,-117.83,5,-117.86
2552,7607.79,4300.00,1.50,0,60,0.04,NLOS,122.34,-6.39,-95.73,-67.95,1.96,34.98,1,67,-99.59,55,-100.52,53,-104.45,61,-109.03,59,-110.18,47,-114.86
2553,7617.51,4300.00,1.50,0,60,0.04,NLOS,121.98,-6.39,-95.37,-67.59,2.24,34.98,0,67,-99.45,55,-100.56,53,-104.57,61,-108.93,59,-110.13,47,-115.01
2554,7627.22,4300.00,1.50,0,60,0.05,NLOS,121.62,-6.39,-95.01,-67.23,2.53,34.98,0,67,-99.31,55,-100.60,53,-104.70,61,-108.83,59,-110.07,47,-115.15
2555,7636.94,4300.00,1.50,0,60,0.05,NLOS,121.25,-1.81,-99.22,-71.44,-2.31,34.98,0,54,-98.77,53,-102.03,58,-103.15,46,-104.44,55,-111.69,61,-112.10
2556,7646.66,4300.00,1.50,0,60,0.05,NLOS,120.87,-1.81,-98.84,-71.06,-1.71,34.98,0,54,-99.06,53,-102.16,58,-103.13,46,-104.52,55,-111.74,61,-112.00
2557,7656.37,4300.00,1.50,0,60,0.05,NLOS,120.48,-1.81,-98.46,-70.68,-1.11,34.98,0,54,-99.35,53,-102.29,58,-103.12,46,-104.60,55,-111.78,61,-111.91
2558,7666.09,4300.00,1.50,0,60,0.05,NLOS,120.09,-16.45,-83.42,-55.64,25.06,34.98,0,53,-111.28,47,-111.99,52,-114.10,54,-115.02,5,-117.60,63,-118.42
2559,7675.81,4300.00,1.50,0,60,0.05,NLOS,119.69,-16.45,-83.02,-55.24,25.57,34.98,0,53,-111.41,47,-112.13,52,-114.13,54,-115.30,5,-117.62,65,-118.40
2560,7685.52,4300.00,1.50,0,60,0.05,NLOS,119.29,-16.45,-82.62,-54.84,26.08,34.98,0,53,-111.54,47,-112.27,52,-114.16,54,-115.58,5,-117.65,65,-118.34
2561,7695.24,4300.00,1.50,0,60,0.06,NLOS,118.88,-12.49,-86.17,-58.38,13.53,34.98,0,61,-99.98,47,-106.45,52,-108.74,55,-109.04,63,-110.35,54,-115.98
2562,7704.96,4300.00,1.50,0,60,0.06,NLOS,118.46,-12.49,-85.75,-57.96,13.88,34.98,0,61,-99.90,47,-106.59,52,-108.77,55,-109.09,63,-110.35,54,-116.25
2563,7714.68,4300.00,1.50,0,60,0.06,NLOS,118.03,-12.49,-85.32,-57.54,14.23,34.98,0,61,-99.81,47,-106.72,52,-108.80,55,-109.15,63,-110.34,54,-116.52
2564,7724.39,4300.00,1.50,0,60,0.06,NLOS,117.60,5.16,-102.54,-74.76,5.91,34.98,0,54,-109.14,62,-109.19,55,-111.17,47,-113.47,58,-113.56,46,-116.39
2565,7734.11,4300.00,1.50,0,60,0.06,NLOS,117.16,5.16,-102.10,-74.32,6.57,34.98,0,62,-109.17,54,-109.41,55,-111.23,58,-113.55,47,-113.60,46,-116.47
2566,7743.83,4300.00,1.50,0,60,0.07,NLOS,116.71,5.16,-101.65,-73.87,7.23,34.98,0,62,-109.16,54,-109.67,55,-111.28,58,-113.54,47,-113.73,46,-116.54
2567,7753.54,4300.00,1.50,0,60,0.07,NLOS,116.26,4.22,-100.26,-72.48,-1.63,34.98,0,61,-100.01,54,-105.65,53,-111.84,69,-115.32,58,-116.18,57,-116.94
2568,7763.26,4300.00,1.50,0,60,0.07,NLOS,115.80,4.22,-99.80,-72.02,-1.17,34.98,0,61,-99.93,54,-105.90,53,-111.97,69,-115.29,58,-116.17,57,-116.95
2569,7772.98,4300.00,1.50,0,60,0.07,NLOS,115.33,4.22,-99.33,-71.55,-0.70,34.98,0,61,-99.86,54,-106.15,53,-112.11,69,-115.25,58,-116.16,57,-116.96
2570,7782.70,4300.00,1.50,0,61,0.02,NLOS,131.54,-17.89,-93.43,-65.65,10.09,34.98,1,53,-96.64,60,-104.25,41,-112.83,54,-116.13,59,-116.23,62,-119.04
2571,7792.41,4300.00,1.50,0,61,0.02,NLOS,131.47,-17.89,-93.36,-65.58,9.76,34.98,0,53,-96.78,60,-103.77,41,-112.91,59,-116.20,54,-116.37,62,-119.03
2572,7797.87,4300.00,1.50,2,61,0.02,NLOS,131.44,-17.89,-93.33,-65.55,9.56,34.98,0,53,-96.85,60,-103.50,41,-112.96,59,-116.18,54,-116.51,62,-119.02
2573,7788.15,4300.00,1.50,2,61,0.02,NLOS,131.50,-17.89,-93.39,-65.61,9.90,34.98,0,53,-96.72,60,-103.98,41,-112.88,59,-116.21,54,-116.27,62,-119.04
2574,7778.44,4300.00,1.50,2,60,0.08,NLOS,115.07,-13.86,-80.99,-53.21,8.84,34.98,1,53,-91.80,59,-95.32,61,-102.55,47,-104.30,54,-106.34,28,-108.95
2575,7768.72,4300.00,1.50,2,60,0.07,NLOS,115.54,-13.86,-81.46,-53.68,8.29,34.98,0,53,-91.66,59,-95.36,61,-102.62,47,-104.17,54,-106.09,28,-108.90
2576,7759.00,4300.00,1.50,2,60,0.07,NLOS,116.00,-13.86,-81.93,-54.14,7.75,34.98,0,53,-91.53,59,-95.39,61,-102.69,47,-104.04,54,-105.84,28,-108.86
2577,7749.28,4300.00,1.50,2,61,0.02,NLOS,131.78,-28.81,-82.75,-54.97,3.87,34.98,1,54,-86.64,59,-110.43,60,-115.09,65,-115.44,47,-115.59,55,-115.94
2578,7739.57,4300.00,1.50,2,61,0.02,NLOS,131.86,-28.81,-82.83,-55.05,3.54,34.98,0,54,-86.38,59,-110.46,47,-115.46,65,-115.49,60,-115.54,55,-115.89
2579,7729.85,4300.00,1.50,2,61,0.02,NLOS,131.93,-28.81,-82.91,-55.13,3.20,34.98,0,54,-86.12,59,-110.50,47,-115.33,65,-115.54,55,-115.84,60,-115.98
2580,7720.13,4300.00,1.50,2,54,0.03,NLOS,126.38,-9.55,-96.61,-68.83,0.02,34.98,1,60,-96.95,67,-108.63,48,-112.50,53,-113.26,59,-113.68,47,-113.69
2581,7710.42,4300.00,1.50,2,54,0.03,NLOS,126.11,-9.55,-96.34,-68.56,0.67,34.98,0,60,-97.38,67,-108.78,48,-112.40,53,-113.12,47,-113.56,59,-113.72
2582,7700.70,4300.00,1.50,2,54,0.03,NLOS,125.84,-9.55,-96.08,-68.29,1.32,34.98,0,60,-97.80,67,-108.93,48,-112.30,53,-112.99,47,-113.43,59,-113.76
2583,7690.98,4300.00,1.50,2,60,0.05,NLOS,119.06,-20.84,-78.00,-50.22,31.11,34.98,1,42,-113.34,61,-114.31,53,-114.63,57,-114.83,62,-116.41,67,-116.93
2584,7681.26,4300.00,1.50,2,60,0.05,NLOS,119.47,-20.84,-78.41,-50.63,30.70,34.98,0,42,-113.28,61,-114.39,53,-114.50,57,-114.82,62,-116.43,67,-117.07
2585,7671.55,4300.00,1.50,2,60,0.05,NLOS,119.87,-20.84,-78.81,-51.03,30.29,34.98,0,42,-113.22,53,-114.37,61,-114.48,57,-114.82,62,-116.45,67,-117.22
2586,7661.83,4300.00,1.50,2,60,0.05,NLOS,120.26,6.19,-106.24,-78.46,-3.11,34.98,0,52,-104.54,54,-104.86,67,-109.09,68,-109.48,47,-109.66,46,-113.70
2587,7652.11,4300.00,1.50,2,60,0.05,NLOS,120.65,6.19,-106.63,-78.85,-3.65,34.98,0,52,-104.51,54,-104.57,67,-109.23,47,-109.52,68,-109.55,46,-113.62
2588,7642.40,4300.00,1.50,2,60,0.05,NLOS,121.03,6.19,-107.01,-79.23,-4.20,34.98,0,54,-104.29,52,-104.48,67,-109.38,47,-109.38,68,-109.62,46,-113.54
2589,7632.68,4300.00,1.50,2,60,0.05,NLOS,121.41,-12.26,-88.93,-61.15,9.27,34.98,0,53,-100.54,61,-102.71,54,-111.58,55,-112.64,47,-112.86,40,-113.46
2590,7622.96,4300.00,1.50,2,60,0.05,NLOS,121.78,-12.26,-89.30,-61.52,8.85,34.98,0,53,-100.42,61,-102.81,54,-111.29,55,-112.60,47,-112.72,40,-113.38
2591,7613.24,4300.00,1.50,2,60,0.04,NLOS,122.14,-12.26,-89.66,-61.88,8.43,34.98,0,53,-100.30,61,-102.91,54,-110.99,55,-112.56,47,-112.57,40,-113.30
2592,7603.53,4300.00,1.50,2,54,0.04,NLOS,123.01,-18.61,-84.18,-56.40,13.91,34.98,1,40,-99.41,60,-100.94,47,-105.78,61,-107.21,48,-108.47,59,-109.90
2593,7600.00,4293.81,1.50,3,54,0.04,NLOS,123.04,-18.61,-84.21,-56.43,13.90,34.98,0,40,-99.37,60,-100.97,47,-105.72,61,-107.36,48,-108.47,59,-109.83
2594,7600.00,4284.09,1.50,3,54,0.04,NLOS,123.27,-18.61,-84.44,-56.66,13.62,34.98,0,40,-99.34,60,-100.83,47,-105.70,61,-107.53,48,-108.54,59,-109.69
2595,7600.00,4274.38,1.50,3,60,0.04,NLOS,122.26,-11.69,-90.36,-62.57,8.38,34.98,1,54,-99.69,47,-100.82,48,-104.40,49,-105.46,61,-107.08,45,-112.76
2596,7600.00,4264.66,1.50,3,60,0.04,NLOS,122.14,-11.69,-90.23,-62.45,8.72,34.98,0,54,-99.93,47,-100.80,48,-104.47,49,-105.53,61,-107.26,45,-112.70
2597,7600.00,4254.94,1.50,3,60,0.04,NLOS,122.02,-11.69,-90.11,-62.33,9.04,34.98,0,54,-100.16,47,-100.79,48,-104.54,49,-105.60,61,-107.43,45,-112.63
2598,7600.00,4245.22,1.50,3,59,0.02,NLOS,137.73,-15.54,-101.97,-74.19,3.67,34.98,1,54,-102.12,60,-106.14,36,-113.23,47,-116.30,49,-116.40,45,-116.45
2599,7600.00,4235.51,1.50,3,59,0.02,NLOS,137.58,-15.54,-101.82,-74.04,3.70,34.98,0,54,-102.35,60,-106.04,36,-113.26,47,-116.29,45,-116.38,49,-116.47
2600,7600.00,4225.79,1.50,3,59,0.02,NLOS,137.44,-15.54,-101.68,-73.89,3.75,34.98,0,54,-102.59,60,-105.94,36,-113.29,47,-116.27,45,-116.32,53,-116.34
2601,7600.00,4216.07,1.50,3,59,0.02,NLOS,137.29,-22.62,-94.45,-66.67,0.25,34.98,0,53,-95.61,54,-101.14,52,-103.86,67,-106.50,62,-108.48,60,-108.79
2602,7600.00,4206.36,1.50,3,59,0.02,NLOS,137.14,-22.62,-94.31,-66.52,0.20,34.98,0,53,-95.39,54,-101.37,52,-103.75,67,-106.54,62,-108.57,60,-108.72
2603,7600.00,4196.64,1.50,3,59,0.02,NLOS,136.99,-22.62,-94.16,-66.38,0.15,34.98,0,53,-95.17,54,-101.61,52,-103.63,67,-106.58,60,-108.65,62,-108.66
2604,7600.00,4186.92,1.50,3,67,0.01,NLOS,140.06,-16.92,-102.92,-75.13,-0.65,34.98,1,60,-104.74,54,-107.35,53,-110.85,55,-111.94,62,-113.83,61,-114.74
2605,7600.00,4177.21,1.50,3,67,0.01,NLOS,140.10,-16.92,-102.96,-75.18,-0.64,34.98,0,60,-104.69,54,-107.58,53,-110.62,55,-112.06,62,-113.92,61,-114.91
2606,7600.00,4167.49,1.50,3,67,0.01,NLOS,140.14,-16.92,-103.00,-75.22,-0.64,34.98,0,60,-104.65,54,-107.82,53,-110.40,55,-112.18,62,-114.02,59,-114.77
2607,7600.00,4157.77,1.50,3,54,0.03,NLOS,126.31,-6.37,-99.72,-71.94,-0.08,34.98,1,53,-101.04,60,-106.27,67,-108.52,58,-109.23,59,-110.78,46,-110.83
2608,7600.00,4148.05,1.50,3,54,0.03,NLOS,126.54,-6.37,-99.96,-72.17,-0.48,34.98,0,53,-100.81,60,-106.25,67,-108.57,58,-109.14,59,-110.63,46,-110.76
2609,7600.00,4138.34,1.50,3,54,0.03,NLOS,126.77,-6.37,-100.19,-72.41,-0.88,34.98,0,53,-100.58,60,-106.24,67,-108.61,58,-109.05,59,-110.47,46,-110.69
2610,7600.00,4128.62,1.50,3,53,0.03,NLOS,126.75,-2.58,-103.95,-76.17,-2.99,34.98,1,60,-105.01,47,-106.97,56,-108.47,61,-108.52,46,-108.52,54,-109.66
2611,7600.00,4118.90,1.50,3,53,0.03,NLOS,126.52,-2.58,-103.72,-75.94,-2.75,34.98,0,60,-105.02,47,-106.97,46,-108.45,56,-108.54,61,-108.67,54,-109.89
2612,7600.00,4109.19,1.50,3,53,0.03,NLOS,126.29,-2.58,-103.49,-75.70,-2.50,34.98,0,60,-105.04,47,-106.97,46,-108.37,56,-108.62,61,-108.83,54,-110.12
2613,7600.00,4099.47,1.50,3,53,0.03,NLOS,126.05,-18.16,-87.68,-59.90,5.02,34.98,0,59,-93.43,65,-96.27,60,-102.19,66,-103.78,54,-109.88,47,-110.51
2614,7600.00,4089.75,1.50,3,53,0.03,NLOS,125.82,-18.16,-87.44,-59.66,5.12,34.98,0,59,-93.27,65,-96.20,60,-102.23,66,-103.74,54,-110.11,47,-110.51
2615,7600.00,4080.03,1.50,3,53,0.04,NLOS,125.59,-18.16,-87.21,-59.43,5.23,34.98,0,59,-93.10,65,-96.13,60,-102.28,66,-103.70,54,-110.33,47,-110.52
2616,7600.00,4070.32,1.50,3,48,0.01,NLOS,142.99,-18.76,-104.01,-76.23,-0.35,34.98,1,60,-105.19,55,-106.20,54,-107.40,53,-107.63,61,-112.72,70,-113.57
2617,7600.00,4060.60,1.50,3,48,0.01,NLOS,143.07,-18.76,-104.09,-76.30,-0.26,34.98,0,60,-105.26,55,-106.31,53,-107.39,54,-107.62,61,-112.87,70,-113.62
2618,7600.00,4050.88,1.50,3,48,0.01,NLOS,143.14,-18.76,-104.16,-76.38,-0.18,34.98,0,60,-105.34,55,-106.42,53,-107.16,54,-107.84,61,-113.02,70,-113.67
2619,7600.00,4041.17,1.50,3,47,0.02,NLOS,138.48,-13.81,-104.45,-76.67,6.24,34.98,1,45,-105.24,60,-106.56,61,-107.75,27,-108.86,59,-111.72,66,-112.41
2620,7600.00,4031.45,1.50,3,47,0.02,NLOS,138.50,-13.81,-104.47,-76.69,6.23,34.98,0,45,-105.17,60,-106.65,61,-107.90,27,-108.86,59,-111.55,66,-112.37
2621,7600.00,4021.73,1.50,3,47,0.02,NLOS,138.51,-13.81,-104.48,-76.70,6.23,34.98,0,45,-105.10,60,-106.75,61,-108.04,27,-108.86,59,-111.38,66,-112.33
2622,7600.00,4012.01,1.50,3,59,0.02,NLOS,133.94,-22.03,-91.70,-63.92,5.39,34.98,1,60,-97.79,65,-107.95,54,-108.00,53,-109.15,47,-113.96,49,-114.02
2623,7600.00,4002.30,1.50,3,59,0.02,NLOS,133.77,-22.03,-91.53,-63.75,5.64,34.98,0,60,-97.91,65,-107.88,54,-108.21,53,-108.92,47,-113.98,49,-114.08
2624,7600.00,3992.58,1.50,3,59,0.02,NLOS,133.60,-22.03,-91.35,-63.57,5.90,34.98,0,60,-98.04,65,-107.81,54,-108.42,53,-108.69,47,-114.00,49,-114.15
2625,7600.00,3982.86,1.50,3,53,0.04,NLOS,123.25,-1.17,-101.86,-74.08,-2.19,34.98,1,60,-102.61,47,-103.44,58,-111.66,62,-113.01,5,-113.19,67,-114.18
2626,7600.00,3973.15,1.50,3,53,0.04,NLOS,123.02,-1.17,-101.63,-73.85,-1.88,34.98,0,60,-102.75,47,-103.46,58,-111.56,62,-113.09,5,-113.20,67,-114.24
2627,7600.00,3963.43,1.50,3,53,0.04,NLOS,122.79,-1.17,-101.40,-73.62,-1.58,34.98,0,60,-102.90,47,-103.48,58,-111.46,62,-113.18,5,-113.21,67,-114.30
2628,7600.00,3953.71,1.50,3,54,0.03,NLOS,130.90,-15.02,-95.67,-67.88,4.69,34.98,1,53,-103.14,60,-104.07,59,-109.94,63,-110.86,68,-110.94,67,-116.12
2629,7600.00,3943.99,1.50,3,54,0.03,NLOS,131.11,-15.02,-95.87,-68.09,4.44,34.98,0,53,-102.92,60,-104.23,59,-109.76,63,-110.92,68,-111.01,67,-116.18
2630,7600.00,3934.28,1.50,3,54,0.02,NLOS,131.31,-15.02,-96.07,-68.29,4.19,34.98,0,53,-102.70,60,-104.39,59,-109.58,63,-110.98,68,-111.08,67,-116.24
2631,7600.00,3924.56,1.50,3,54,0.02,NLOS,131.50,-7.28,-104.00,-76.22,-0.69,34.98,0,48,-104.73,59,-105.59,60,-109.57,58,-112.86,40,-115.96,68,-118.23
2632,7600.00,3914.84,1.50,3,54,0.02,NLOS,131.70,-7.28,-104.20,-76.42,-0.79,34.98,0,48,-104.81,59,-105.41,60,-109.74,58,-112.76,40,-115.95,68,-118.30
2633,7600.00,3905.13,1.50,3,54,0.02,NLOS,131.90,-7.28,-104.40,-76.61,-0.88,34.98,0,48,-104.88,59,-105.22,60,-109.92,58,-112.66,40,-115.94,68,-118.37
2634,7600.00,3895.41,1.50,3,53,0.05,NLOS,121.29,-10.06,-91.02,-63.24,16.99,34.98,1,68,-111.10,59,-111.66,54,-111.99,45,-117.80,46,-118.63,56,-120.19
2635,7600.00,3885.69,1.50,3,53,0.05,NLOS,121.10,-10.06,-90.82,-63.04,17.19,34.98,0,68,-111.17,59,-111.48,54,-112.18,45,-117.73,46,-118.56,56,-120.26
2636,7600.00,3875.97,1.50,3,53,0.05,NLOS,120.91,-10.06,-90.63,-62.85,17.36,34.98,0,68,-111.24,59,-111.29,54,-112.38,45,-117.65,46,-118.50,56,-120.32
2637,7600.00,3866.26,1.50,3,54,0.02,NLOS,132.66,-9.71,-102.73,-74.95,0.50,34.98,1,60,-105.70,53,-107.81,59,-109.40,46,-110.79,68,-112.23,66,-113.23
2638,7600.00,3856.54,1.50,3,54,0.02,NLOS,132.85,-9.71,-102.92,-75.14,0.37,34.98,0,60,-105.89,53,-107.63,59,-109.20,46,-110.72,68,-112.30,66,-113.21
2639,7600.00,3846.82,1.50,3,54,0.02,NLOS,133.04,-9.71,-103.11,-75.32,0.23,34.98,0,60,-106.09,53,-107.46,59,-109.01,46,-110.66,68,-112.36,66,-113.19
2640,7600.00,3837.11,1.50,3,53,0.05,NLOS,120.21,-1.83,-98.16,-70.38,0.15,34.98,1,60,-100.33,61,-101.35,58,-103.76,54,-106.26,47,-107.03,46,-110.00
2641,7600.00,3827.39,1.50,3,53,0.05,NLOS,120.06,-1.83,-98.00,-70.22,0.46,34.98,0,60,-100.52,61,-101.48,58,-103.65,54,-106.44,47,-107.07,46,-109.94
2642,7600.00,3817.67,1.50,3,53,0.05,NLOS,119.91,-1.83,-97.86,-70.08,0.76,34.98,0,60,-100.72,61,-101.60,58,-103.54,54,-106.62,47,-107.11,46,-109.88
2643,7600.00,3807.95,1.50,3,53,0.05,NLOS,119.78,-13.25,-86.31,-58.53,11.03,34.98,0,47,-100.84,54,-102.38,60,-105.66,52,-109.09,61,-109.50,46,-115.22
2644,7600.00,3798.24,1.50,3,53,0.05,NLOS,119.65,-13.25,-86.18,-58.40,11.24,34.98,0,47,-100.88,54,-102.55,60,-105.86,52,-108.94,61,-109.62,46,-115.16
2645,7600.00,3788.52,1.50,3,53,0.05,NLOS,119.53,-13.25,-86.07,-58.29,11.45,34.98,0,47,-100.92,54,-102.73,60,-106.06,52,-108.79,61,-109.74,46,-115.10
2646,7600.00,3778.80,1.50,3,59,0.03,NLOS,129.47,-5.13,-104.12,-76.34,6.37,34.98,1,46,-111.35,60,-114.41,53,-115.27,61,-115.28,48,-118.37,54,-118.72
2647,7600.00,3769.09,1.50,3,59,0.03,NLOS,129.27,-5.13,-103.92,-76.14,6.60,34.98,0,46,-111.30,60,-114.62,53,-115.18,61,-115.40,48,-118.44,54,-118.89
2648,7600.00,3759.37,1.50,3,59,0.03,NLOS,129.07,-5.13,-103.72,-75.94,6.83,34.98,0,46,-111.24,60,-114.82,53,-115.10,61,-115.52,48,-118.52,54,-119.06
2649,7600.00,3749.65,1.50,3,59,0.03,NLOS,128.87,-7.35,-101.30,-73.52,3.33,34.98,0,61,-104.24,60,-107.76,54,-108.94,65,-110.70,32,-111.11,58,-111.93
2650,7600.00,3739.93,1.50,3,59,0.03,NLOS,128.66,-7.35,-101.10,-73.32,3.59,34.98,0,61,-104.36,60,-107.96,54,-109.11,65,-110.64,32,-111.08,58,-111.82
2651,7600.00,3730.22,1.50,3,59,0.03,NLOS,128.46,-7.35,-100.89,-73.11,3.84,34.98,0,61,-104.48,60,-108.17,54,-109.27,65,-110.57,32,-111.06,58,-111.70
2652,7600.00,3720.50,1.50,3,53,0.05,NLOS,119.05,-1.74,-97.09,-69.31,4.59,34.98,1,60,-104.45,46,-106.64,54,-112.33,59,-114.48,20,-114.54,34,-115.46
2653,7600.00,3710.78,1.50,3,53,0.06,NLOS,119.03,-1.74,-97.07,-69.29,4.70,34.98,0,60,-104.65,46,-106.59,54,-112.50,59,-114.27,20,-114.54,34,-115.47
2654,7600.00,3701.07,1.50,3,53,0.06,NLOS,119.02,-1.74,-97.06,-69.28,4.80,34.98,0,60,-104.86,46,-106.54,54,-112.66,59,-114.07,20,-114.54,34,-115.48
2655,7591.35,3700.00,1.50,2,60,0.03,NLOS,128.03,-19.22,-88.59,-60.81,5.64,34.98,1,67,-97.07,59,-97.87,52,-100.80,54,-108.43,57,-114.06,5,-114.55
2656,7581.63,3700.00,1.50,2,60,0.03,NLOS,128.22,-19.22,-88.78,-61.00,5.58,34.98,0,67,-97.16,59,-98.06,52,-100.74,54,-108.37,57,-114.05,5,-114.53
2657,7571.92,3700.00,1.50,2,60,0.03,NLOS,128.41,-19.22,-88.97,-61.19,5.51,34.98,0,67,-97.25,59,-98.25,52,-100.68,54,-108.30,57,-114.05,5,-114.51
2658,7562.20,3700.00,1.50,2,53,0.06,NLOS,117.09,-3.35,-93.53,-65.75,8.76,34.98,1,65,-104.27,60,-104.43,61,-107.42,55,-108.40,54,-108.87,66,-109.59
2659,7552.48,3700.00,1.50,2,53,0.07,NLOS,116.56,-3.35,-92.99,-65.21,9.38,34.98,0,65,-104.36,60,-104.62,61,-107.46,55,-108.38,54,-108.81,66,-109.73
2660,7542.76,3700.00,1.50,2,53,0.07,NLOS,116.01,-3.35,-92.44,-64.66,10.01,34.98,0,65,-104.45,60,-104.81,61,-107.50,55,-108.36,54,-108.76,66,-109.87
2661,7533.05,3700.00,1.50,2,53,0.07,NLOS,115.44,-22.25,-72.97,-45.19,26.85,34.98,0,60,-100.34,66,-108.58,52,-111.32,5,-117.24,46,-117.25,65,-118.37
2662,7523.33,3700.00,1.50,2,53,0.08,NLOS,114.85,-22.25,-72.38,-44.60,27.60,34.98,0,60,-100.53,66,-108.71,52,-111.27,46,-117.11,5,-117.22,65,-118.46
2663,7513.61,3700.00,1.50,2,53,0.08,NLOS,114.24,-22.25,-71.77,-43.99,28.37,34.98,0,60,-100.72,66,-108.85,52,-111.21,46,-116.98,5,-117.19,65,-118.55
2664,7503.90,3700.00,1.50,2,60,0.03,NLOS,129.74,-13.39,-96.13,-68.35,3.36,34.98,1,53,-100.58,59,-106.84,47,-107.05,40,-112.28,62,-112.71,63,-114.15
2665,7494.18,3700.00,1.50,2,60,0.03,NLOS,129.92,-13.39,-96.32,-68.54,2.68,34.98,0,53,-99.93,47,-106.91,59,-107.03,40,-112.19,62,-112.73,63,-114.15
2666,7484.46,3700.00,1.50,2,60,0.03,NLOS,130.11,-13.39,-96.51,-68.73,1.96,34.98,0,53,-99.25,47,-106.77,59,-107.22,40,-112.09,62,-112.75,63,-114.16
2667,7474.74,3700.00,1.50,2,67,0.01,NLOS,144.15,-19.77,-104.17,-76.39,10.54,34.98,1,28,-114.04,52,-114.09,35,-114.25,53,-114.67,58,-115.53,48,-116.63
2668,7465.03,3700.00,1.50,2,67,0.01,NLOS,144.24,-19.77,-104.26,-76.48,10.53,34.98,0,53,-113.93,28,-113.99,52,-114.05,35,-114.20,58,-115.58,48,-116.57
2669,7455.31,3700.00,1.50,2,67,0.01,NLOS,144.33,-19.77,-104.35,-76.56,10.53,34.98,0,53,-113.16,28,-113.94,52,-114.00,35,-114.14,58,-115.62,48,-116.51
2670,7445.59,3700.00,1.50,2,59,0.03,NLOS,130.83,-19.83,-90.78,-63.00,7.86,34.98,1,53,-98.73,46,-116.33,66,-117.43,54,-117.92,5,-118.79,42,-120.88
2671,7435.88,3700.00,1.50,2,59,0.03,NLOS,131.01,-19.83,-90.96,-63.18,6.84,34.98,0,53,-97.88,46,-116.18,66,-117.56,54,-117.88,5,-118.77,42,-120.84
2672,7426.16,3700.00,1.50,2,59,0.03,NLOS,131.19,-19.83,-91.15,-63.37,5.77,34.98,0,53,-96.98,46,-116.04,66,-117.69,54,-117.85,5,-118.75,42,-120.79
2673,7416.44,3700.00,1.50,2,53,0.17,NLOS,106.54,2.98,-89.29,-61.51,6.21,34.98,1,54,-95.81,66,-106.53,40,-108.21,60,-110.42,59,-112.12,46,-117.77
2674,7406.72,3700.00,1.50,2,53,0.19,NLOS,105.54,2.98,-88.29,-60.51,7.19,34.98,0,54,-95.78,66,-106.66,40,-108.11,60,-110.60,59,-112.30,46,-117.62
2675,7397.01,3700.00,1.50,2,53,0.21,NLOS,104.47,2.98,-87.23,-59.45,8.22,34.98,0,54,-95.74,66,-106.78,40,-108.01,60,-110.78,59,-112.49,46,-117.47
2676,7387.29,3700.00,1.50,2,53,0.23,NLOS,103.35,9.22,-92.34,-64.56,2.81,34.98,0,54,-95.71,46,-107.80,47,-111.01,67,-111.18,61,-111.87,60,-112.74
2677,7377.57,3700.00,1.50,2,53,0.25,NLOS,102.14,9.22,-91.13,-63.35,3.98,34.98,0,54,-95.68,46,-107.65,47,-110.86,67,-111.27,61,-111.91,60,-112.92
2678,7367.86,3700.00,1.50,2,53,0.28,NLOS,100.84,9.22,-89.84,-62.06,5.25,34.98,0,54,-95.66,46,-107.50,47,-110.71,67,-111.35,61,-111.96,60,-113.09
2679,7358.14,3700.00,1.50,2,53,0.32,NLOS,99.44,-19.04,-60.18,-32.40,39.35,34.98,0,47,-99.78,55,-100.27,67,-114.20,46,-115.05,43,-117.46,48,-117.90
2680,7348.42,3700.00,1.50,2,53,0.35,NLOS,97.92,-19.04,-58.66,-30.88,40.72,34.98,0,47,-99.62,55,-100.26,67,-114.29,46,-114.90,43,-117.43,48,-117.85
2681,7338.70,3700.00,1.50,2,53,0.40,NLOS,96.26,-19.04,-57.01,-29.22,42.23,34.98,0,47,-99.47,55,-100.26,67,-114.37,46,-114.74,43,-117.40,48,-117.79
2682,7328.99,3700.00,1.50,2,53,0.45,NLOS,94.44,-3.21,-71.01,-43.23,35.62,34.98,0,44,-109.28,46,-109.38,45,-110.97,59,-112.71,39,-114.26,52,-116.89
2683,7319.27,3700.00,1.50,2,53,0.51,NLOS,92.42,-3.21,-68.99,-41.21,37.60,34.98,0,46,-109.22,44,-109.26,45,-110.91,59,-112.88,39,-114.18,52,-116.88
2684,7309.55,3700.00,1.50,2,53,0.57,NLOS,90.15,-3.21,-66.73,-38.95,39.82,34.98,0,46,-109.07,44,-109.24,45,-110.86,59,-113.06,39,-114.10,52,-116.86
2685,7299.84,3700.00,1.50,2,53,0.65,NLOS,87.61,-0.66,-66.73,-38.94,38.95,34.98,0,46,-107.57,58,-112.26,41,-112.70,60,-114.24,5,-114.95,59,-116.22
2686,7290.12,3700.00,1.50,2,53,0.74,NLOS,84.73,-0.66,-63.85,-36.06,41.76,34.98,0,46,-107.41,58,-112.31,41,-112.62,60,-114.41,5,-114.93,59,-116.39
2687,7280.40,3700.00,1.50,2,53,0.84,NLOS,81.49,-0.66,-60.61,-32.83,44.91,34.98,0,46,-107.25,58,-112.37,41,-112.53,60,-114.58,5,-114.91,59,-116.56
2688,7270.68,3700.00,1.50,2,53,0.96,NLOS,78.02,-2.17,-55.63,-27.85,48.10,34.98,0,52,-106.22,68,-110.50,46,-110.95,47,-115.11,60,-115.72,59,-116.10
2689,7260.97,3700.00,1.50,2,53,1.00,NLOS,74.83,-2.17,-52.44,-24.65,51.26,34.98,0,52,-106.21,68,-110.55,46,-110.78,47,-114.95,60,-115.88,59,-116.27
2690,7251.25,3700.00,1.50,2,53,1.00,NLOS,74.55,-2.17,-52.16,-24.38,51.51,34.98,0,52,-106.21,68,-110.59,46,-110.62,47,-114.79,60,-116.05,59,-116.43
2691,7241.53,3700.00,1.50,2,53,1.00,NLOS,74.55,12.33,-66.66,-38.88,35.29,34.98,0,47,-102.87,69,-109.60,29,-110.80,45,-112.24,52,-113.36,54,-115.18
2692,7231.82,3700.00,1.50,2,53,1.00,NLOS,77.13,12.33,-69.24,-41.46,32.58,34.98,0,47,-102.71,69,-109.63,29,-110.76,45,-112.18,52,-113.37,54,-115.18
2693,7222.10,3700.00,1.50,2,53,0.87,NLOS,80.61,12.33,-72.72,-44.94,28.97,34.98,0,47,-102.54,69,-109.66,29,-110.71,45,-112.13,52,-113.37,54,-115.19
2694,7212.38,3700.00,1.50,2,53,0.77,NLOS,83.93,-6.57,-57.14,-29.36,43.63,34.98,0,54,-101.99,52,-107.78,41,-114.64,47,-115.32,55,-119.29,38,-119.58
2695,7202.66,3700.00,1.50,2,53,0.67,NLOS,86.90,-6.57,-60.11,-32.33,40.66,34.98,0,54,-102.00,52,-107.79,41,-114.56,47,-115.15,55,-119.29,38,-119.56
2696,7200.00,3692.95,1.50,3,53,0.64,NLOS,87.83,-6.57,-61.04,-33.26,39.81,34.98,0,54,-102.14,52,-107.65,41,-114.57,47,-115.18,55,-119.36,38,-119.58
2697,7200.00,3683.23,1.50,3,53,0.62,NLOS,88.48,-4.94,-63.32,-35.54,34.20,34.98,0,60,-99.59,54,-102.95,39,-106.48,59,-110.19,47,-113.69,48,-114.53
2698,7200.00,3673.51,1.50,3,53,0.59,NLOS,89.52,-4.94,-64.36,-36.58,33.27,34.98,0,60,-99.68,54,-103.14,39,-106.43,59,-110.10,47,-113.79,48,-114.63
2699,7200.00,3663.80,1.50,3,53,0.55,NLOS,90.82,-4.94,-65.66,-37.88,32.07,34.98,0,60,-99.77,54,-103.32,39,-106.38,59,-110.02,47,-113.90,48,-114.72
2700,7200.00,3654.08,1.50,3,53,0.51,NLOS,92.25,12.49,-84.53,-56.75,14.24,34.98,0,54,-101.21,52,-104.64,59,-109.16,47,-110.51,39,-111.94,55,-117.88
2701,7200.00,3644.36,1.50,3,53,0.47,NLOS,93.74,12.49,-86.01,-58.23,12.80,34.98,0,54,-101.39,52,-104.44,59,-109.08,47,-110.62,39,-111.89,55,-117.97
2702,7200.00,3634.65,1.50,3,53,0.43,NLOS,95.22,12.49,-87.50,-59.72,11.35,34.98,0,54,-101.56,52,-104.24,59,-109.00,47,-110.73,39,-111.84,55,-118.06
2703,7200.00,3624.93,1.50,3,53,0.39,NLOS,96.67,-9.24,-67.21,-39.43,36.33,34.98,0,67,-103.61,52,-107.69,60,-108.41,69,-108.57,46,-111.49,54,-113.80
2704,7200.00,3615.21,1.50,3,53,0.35,NLOS,98.06,-9.24,-68.60,-40.82,34.89,34.98,0,67,-103.66,52,-107.48,60,-108.51,69,-108.62,46,-111.39,54,-113.98
2705,7200.00,3605.49,1.50,3,53,0.32,NLOS,99.38,-9.24,-69.93,-42.15,33.51,34.98,0,67,-103.71,52,-107.27,60,-108.60,69,-108.67,46,-111.30,54,-114.15
2706,7200.00,3595.78,1.50,3,53,0.29,NLOS,100.65,-3.23,-77.20,-49.42,25.18,34.98,0,60,-105.94,54,-108.38,39,-108.55,59,-108.99,52,-113.97,37,-115.28
2707,7200.00,3586.06,1.50,3,53,0.26,NLOS,101.84,-3.23,-78.40,-50.62,24.03,34.98,0,60,-106.03,39,-108.50,54,-108.55,59,-108.91,52,-113.75,37,-115.31
2708,7200.00,3576.34,1.50,3,53,0.24,NLOS,102.98,-3.23,-79.53,-51.75,22.95,34.98,0,60,-106.13,39,-108.45,54,-108.72,59,-108.84,52,-113.53,37,-115.35
2709,7200.00,3566.63,1.50,3,53,0.22,NLOS,104.06,9.59,-93.43,-65.64,5.89,34.98,0,47,-100.16,40,-103.93,58,-106.19,60,-110.31,41,-111.42,46,-111.72
2710,7200.00,3556.91,1.50,3,53,0.20,NLOS,105.08,9.59,-94.45,-66.67,4.97,34.98,0,47,-100.27,40,-103.94,58,-106.09,60,-110.41,41,-111.48,46,-111.64
2711,7200.00,3547.19,1.50,3,53,0.18,NLOS,106.05,9.59,-95.42,-67.64,4.09,34.98,0,47,-100.39,40,-103.95,58,-105.99,60,-110.51,41,-111.53,46,-111.56
2712,7200.00,3537.47,1.50,3,53,0.16,NLOS,106.98,6.51,-93.28,-65.49,7.02,34.98,0,46,-101.58,42,-105.40,41,-106.01,66,-110.40,59,-110.60,54,-111.17
2713,7200.00,3527.76,1.50,3,53,0.15,NLOS,107.87,6.51,-94.16,-66.38,6.09,34.98,0,46,-101.50,42,-105.46,41,-106.06,66,-110.41,59,-110.54,54,-111.33
2714,7200.00,3518.04,1.50,3,53,0.14,NLOS,108.71,6.51,-95.00,-67.22,5.20,34.98,0,46,-101.42,42,-105.51,41,-106.12,66,-110.42,59,-110.48,54,-111.49
2715,7200.00,3508.32,1.50,3,53,0.13,NLOS,109.52,2.50,-91.81,-64.02,14.42,34.98,0,45,-108.53,47,-108.86,39,-110.54,65,-111.24,60,-114.67,54,-114.91
2716,7200.00,3498.61,1.50,3,53,0.12,NLOS,110.29,2.50,-92.58,-64.80,13.72,34.98,0,45,-108.42,47,-108.98,39,-110.49,65,-111.20,60,-114.77,54,-115.06
2717,7200.00,3488.89,1.50,3,53,0.11,NLOS,111.04,2.50,-93.32,-65.54,13.06,34.98,0,45,-108.31,47,-109.09,39,-110.45,65,-111.16,60,-114.87,54,-115.22
2718,7200.00,3479.17,1.50,3,53,0.10,NLOS,111.75,3.78,-95.31,-67.53,-3.14,34.98,0,52,-93.20,46,-99.49,65,-103.66,59,-109.59,66,-111.04,51,-114.37
2719,7200.00,3469.45,1.50,3,52,0.03,NLOS,129.14,-15.98,-92.94,-65.16,1.24,34.98,1,53,-96.00,46,-99.43,65,-103.62,59,-109.54,66,-111.06,51,-114.41
2720,7200.00,3459.74,1.50,3,52,0.03,NLOS,128.88,-15.98,-92.68,-64.90,1.91,34.98,0,53,-96.66,46,-99.37,65,-103.58,59,-109.50,66,-111.07,58,-114.37
2721,7200.00,3450.02,1.50,3,53,0.09,NLOS,113.74,-7.29,-86.23,-58.45,14.02,34.98,1,59,-101.03,46,-111.19,61,-111.37,39,-115.06,58,-115.25,34,-115.49
2722,7200.00,3440.30,1.50,3,53,0.08,NLOS,114.35,-7.29,-86.84,-59.06,13.37,34.98,0,59,-100.98,46,-111.14,61,-111.45,39,-115.02,58,-115.16,34,-115.51
2723,7200.00,3430.59,1.50,3,53,0.08,NLOS,114.95,-7.29,-87.44,-59.66,12.73,34.98,0,59,-100.94,46,-111.08,61,-111.54,39,-114.98,58,-115.06,34,-115.54
2724,7200.00,3420.87,1.50,3,59,0.02,NLOS,133.32,-10.11,-103.00,-75.22,0.55,34.98,1,34,-105.39,60,-106.67,66,-109.60,45,-109.71,53,-111.17,54,-112.12
2725,7200.00,3411.15,1.50,3,59,0.02,NLOS,133.29,-10.11,-102.96,-75.18,0.71,34.98,0,34,-105.42,60,-106.77,45,-109.60,66,-109.62,53,-111.73,54,-112.26
2726,7200.00,3401.43,1.50,3,59,0.02,NLOS,133.25,-10.11,-102.93,-75.14,0.85,34.98,0,34,-105.44,60,-106.88,45,-109.49,66,-109.64,53,-112.27,54,-112.40
2727,7200.00,3391.72,1.50,3,46,0.03,NLOS,131.02,-13.61,-97.19,-69.40,10.28,34.98,1,62,-109.27,52,-109.58,48,-112.40,53,-113.68,60,-115.53,42,-116.30
2728,7200.00,3382.00,1.50,3,46,0.03,NLOS,130.98,-13.61,-97.15,-69.37,10.25,34.98,0,52,-109.28,62,-109.33,48,-112.48,53,-114.19,60,-115.63,42,-116.36
2729,7200.00,3372.28,1.50,3,46,0.03,NLOS,130.94,-13.61,-97.11,-69.33,10.19,34.98,0,52,-108.98,62,-109.39,48,-112.57,53,-114.68,60,-115.74,67,-116.41
2730,7200.00,3362.57,1.50,3,53,0.06,NLOS,118.63,-14.98,-83.44,-55.66,8.07,34.98,1,52,-92.28,47,-102.93,46,-103.60,34,-106.40,59,-108.80,55,-109.32
2731,7200.00,3352.85,1.50,3,53,0.05,NLOS,119.10,-14.98,-83.91,-56.12,7.35,34.98,0,52,-91.97,47,-103.05,46,-103.57,34,-106.42,59,-108.77,55,-109.40
2732,7200.00,3343.13,1.50,3,53,0.05,NLOS,119.56,-14.98,-84.36,-56.58,6.63,34.98,0,52,-91.65,47,-103.17,46,-103.54,34,-106.45,59,-108.75,55,-109.47
2733,7200.00,3333.41,1.50,3,53,0.05,NLOS,120.00,1.31,-101.09,-73.31,5.24,34.98,0,45,-104.05,49,-108.25,59,-108.48,65,-112.75,68,-113.23,52,-114.14
2734,7200.00,3323.70,1.50,3,53,0.05,NLOS,120.44,1.31,-101.53,-73.75,4.75,34.98,0,45,-103.94,49,-108.31,59,-108.47,65,-112.72,68,-113.28,52,-113.81
2735,7200.00,3313.98,1.50,3,53,0.05,NLOS,120.86,1.31,-101.95,-74.17,4.28,34.98,0,45,-103.82,49,-108.37,59,-108.45,65,-112.69,68,-113.33,52,-113.48
2736,7200.00,3304.26,1.50,3,45,0.02,NLOS,139.06,-24.48,-94.36,-66.57,11.13,34.98,1,59,-99.78,53,-107.31,47,-110.36,46,-112.40,62,-117.18,52,-117.59
2737,7200.00,3294.55,1.50,3,45,0.02,NLOS,138.94,-24.48,-94.24,-66.46,11.48,34.98,0,59,-99.78,53,-107.72,47,-110.47,46,-112.39,52,-117.24,62,-117.24
2738,7200.00,3284.83,1.50,3,45,0.02,NLOS,138.83,-24.48,-94.13,-66.35,11.81,34.98,0,59,-99.77,53,-108.11,47,-110.59,46,-112.38,52,-116.88,62,-117.30
2739,7200.00,3275.11,1.50,3,54,0.01,NLOS,141.16,-24.65,-96.29,-68.51,7.57,34.98,1,48,-104.84,52,-107.82,40,-111.92,59,-112.34,46,-114.37,47,-114.43
2740,7200.00,3265.39,1.50,3,54,0.01,NLOS,141.29,-24.65,-96.42,-68.64,7.53,34.98,0,48,-104.92,52,-107.45,40,-111.95,59,-112.33,46,-114.37,47,-114.54
2741,7200.00,3255.68,1.50,3,54,0.01,NLOS,141.42,-24.65,-96.55,-68.76,7.49,34.98,0,48,-105.00,52,-107.07,40,-111.98,59,-112.34,46,-114.37,47,-114.66
2742,7200.00,3245.96,1.50,3,52,0.04,NLOS,121.86,-8.35,-93.30,-65.51,12.39,34.98,1,67,-101.43,54,-105.41,45,-106.31,55,-117.17,41,-117.42,40,-117.66
2743,7200.00,3236.24,1.50,3,52,0.05,NLOS,121.46,-8.35,-92.90,-65.12,12.69,34.98,0,67,-101.48,54,-105.54,45,-106.19,55,-117.25,41,-117.48,40,-117.69
2744,7200.00,3226.53,1.50,3,52,0.05,NLOS,121.06,-8.35,-92.49,-64.71,13.00,34.98,0,67,-101.53,54,-105.66,45,-106.08,55,-117.32,41,-117.53,40,-117.73
2745,7200.00,3216.81,1.50,3,52,0.05,NLOS,120.64,3.56,-103.98,-76.19,-1.19,34.98,0,53,-104.53,46,-110.74,58,-113.99,48,-114.27,45,-114.73,40,-115.52
2746,7200.00,3207.09,1.50,3,52,0.05,NLOS,120.21,3.56,-103.55,-75.77,-0.56,34.98,0,53,-104.86,46,-110.76,58,-113.89,48,-114.35,45,-114.61,40,-115.56
2747,7200.00,3197.38,1.50,3,52,0.05,NLOS,119.77,3.56,-103.11,-75.33,0.08,34.98,0,53,-105.19,46,-110.78,58,-113.78,48,-114.43,45,-114.50,40,-115.59
2748,7200.00,3187.66,1.50,3,59,0.02,NLOS,133.11,-12.92,-99.97,-72.19,3.74,34.98,1,53,-104.62,45,-107.66,39,-110.19,52,-111.77,27,-118.12,47,-118.52
2749,7200.00,3177.94,1.50,3,59,0.02,NLOS,133.13,-12.92,-99.99,-72.21,3.89,34.98,0,53,-104.94,45,-107.55,39,-110.17,52,-111.30,27,-118.13,47,-118.63
2750,7200.00,3168.22,1.50,3,59,0.02,NLOS,133.15,-12.92,-100.02,-72.23,4.01,34.98,0,53,-105.24,45,-107.43,39,-110.14,52,-110.83,27,-118.14,47,-118.74
2751,7200.00,3158.51,1.50,3,52,0.06,NLOS,117.89,-0.07,-97.60,-69.82,2.78,34.98,1,53,-101.11,48,-104.76,39,-108.91,45,-113.05,47,-114.02,62,-116.29
2752,7200.00,3148.79,1.50,3,52,0.06,NLOS,117.39,-0.07,-97.10,-69.32,3.53,34.98,0,53,-101.41,48,-104.84,39,-108.89,45,-112.94,47,-114.13,62,-116.35
2753,7200.00,3139.07,1.50,3,52,0.07,NLOS,116.87,-0.07,-96.58,-68.80,4.29,34.98,0,53,-101.70,48,-104.92,39,-108.86,45,-112.82,47,-114.24,62,-116.40
2754,7200.00,3129.36,1.50,3,52,0.07,NLOS,116.34,-14.53,-81.59,-53.81,24.17,34.98,0,65,-104.98,53,-108.93,35,-110.14,39,-110.63,46,-112.13,60,-114.28
2755,7200.00,3119.64,1.50,3,52,0.07,NLOS,115.79,-14.53,-81.05,-53.26,24.86,34.98,0,65,-104.96,53,-109.21,35,-110.18,39,-110.60,46,-112.18,60,-114.38
2756,7200.00,3109.92,1.50,3,52,0.08,NLOS,115.22,-14.53,-80.48,-52.70,25.55,34.98,0,65,-104.95,53,-109.49,35,-110.21,39,-110.58,46,-112.23,61,-114.46
2757,7200.00,3100.20,1.50,3,52,0.08,NLOS,114.64,5.26,-99.68,-71.90,0.41,34.98,0,46,-104.28,59,-104.61,53,-105.98,54,-108.14,48,-108.26,41,-118.03
2758,7190.49,3100.00,1.50,2,52,0.08,NLOS,114.75,5.26,-99.78,-72.00,0.29,34.98,0,46,-104.06,59,-104.81,53,-106.01,54,-108.15,48,-108.23,41,-117.97
2759,7180.77,3100.00,1.50,2,52,0.08,NLOS,114.89,5.26,-99.93,-72.14,0.13,34.98,0,46,-103.83,59,-105.00,53,-106.04,54,-108.15,48,-108.20,41,-117.92
2760,7171.05,3100.00,1.50,2,52,0.08,NLOS,115.05,-5.82,-89.01,-61.23,9.43,34.98,0,53,-103.07,59,-103.24,47,-106.74,33,-108.95,58,-108.96,46,-111.52
2761,7161.34,3100.00,1.50,2,52,0.08,NLOS,115.22,-5.82,-89.19,-61.41,9.31,34.98,0,53,-103.10,59,-103.43,47,-106.67,33,-108.88,58,-109.08,46,-111.29
2762,7151.62,3100.00,1.50,2,52,0.07,NLOS,115.42,-5.82,-89.38,-61.60,9.17,34.98,0,53,-103.14,59,-103.62,47,-106.60,33,-108.80,58,-109.20,46,-111.05
2763,7141.90,3100.00,1.50,2,53,0.03,NLOS,128.44,-15.90,-92.32,-64.54,1.06,34.98,1,59,-95.49,52,-98.09,46,-106.97,58,-115.11,57,-115.29,39,-118.67
2764,7132.18,3100.00,1.50,2,53,0.03,NLOS,128.49,-15.90,-92.37,-64.59,1.19,34.98,0,59,-95.68,52,-98.31,46,-106.73,58,-115.23,57,-115.30,39,-118.56
2765,7122.47,3100.00,1.50,2,53,0.03,NLOS,128.54,-15.90,-92.43,-64.65,1.31,34.98,0,59,-95.86,52,-98.55,46,-106.48,57,-115.30,58,-115.34,39,-118.44
2766,7112.75,3100.00,1.50,2,52,0.07,NLOS,116.33,2.28,-98.39,-70.61,1.95,34.98,1,47,-103.35,53,-106.37,65,-107.54,59,-107.90,58,-113.23,63,-118.53
2767,7103.03,3100.00,1.50,2,52,0.07,NLOS,116.59,2.28,-98.65,-70.87,1.70,34.98,0,47,-103.28,53,-106.43,65,-107.64,59,-108.08,58,-113.34,63,-118.54
2768,7093.32,3100.00,1.50,2,52,0.07,NLOS,116.86,2.28,-98.92,-71.13,1.45,34.98,0,47,-103.21,53,-106.49,65,-107.74,59,-108.26,58,-113.46,63,-118.55
2769,7083.60,3100.00,1.50,2,53,0.03,NLOS,128.80,-4.42,-104.16,-76.37,-1.73,34.98,1,46,-105.47,52,-107.51,47,-110.99,45,-111.83,19,-113.83,60,-116.18
2770,7073.88,3100.00,1.50,2,53,0.03,NLOS,128.87,-4.42,-104.23,-76.45,-1.86,34.98,0,46,-105.20,52,-107.79,47,-110.93,45,-111.71,19,-113.79,32,-116.20
2771,7064.16,3100.00,1.50,2,53,0.03,NLOS,128.94,-4.42,-104.30,-76.52,-2.00,34.98,0,46,-104.94,52,-108.08,47,-110.86,45,-111.60,19,-113.74,32,-116.13
2772,7054.45,3100.00,1.50,2,52,0.06,NLOS,118.00,-17.99,-79.79,-52.01,8.34,34.98,1,46,-88.19,60,-108.99,59,-110.18,58,-110.46,40,-118.34,39,-119.51
2773,7044.73,3100.00,1.50,2,52,0.06,NLOS,118.29,-17.99,-80.08,-52.30,7.77,34.98,0,46,-87.91,60,-109.07,59,-110.34,58,-110.57,40,-118.23,39,-119.39
2774,7035.01,3100.00,1.50,2,52,0.06,NLOS,118.60,-17.99,-80.39,-52.60,7.20,34.98,0,46,-87.63,60,-109.15,59,-110.51,58,-110.68,40,-118.13,39,-119.26
2775,7025.30,3100.00,1.50,2,53,0.03,NLOS,129.28,-11.25,-97.81,-70.03,3.36,34.98,1,46,-101.95,39,-106.76,40,-109.18,60,-112.00,47,-114.94,33,-116.22
2776,7015.58,3100.00,1.50,2,53,0.03,NLOS,129.37,-11.25,-97.91,-70.12,3.04,34.98,0,46,-101.66,39,-106.63,40,-109.07,60,-112.08,47,-114.87,33,-116.14
2777,7005.86,3100.00,1.50,2,53,0.03,NLOS,129.47,-11.25,-98.00,-70.22,2.70,34.98,0,46,-101.37,39,-106.51,40,-108.97,60,-112.15,47,-114.81,33,-116.06
2778,7003.86,3100.00,1.50,0,53,0.03,NLOS,129.49,-11.25,-98.02,-70.24,2.63,34.98,0,46,-101.31,39,-106.48,40,-108.94,60,-112.17,47,-114.80,33,-116.04
2779,7013.57,3100.00,1.50,0,53,0.03,NLOS,129.39,2.65,-111.83,-84.04,-1.63,34.98,0,58,-109.27,52,-112.74,42,-115.54,45,-116.39,46,-116.45,48,-116.73
2780,7023.29,3100.00,1.50,0,53,0.03,NLOS,129.30,2.65,-111.73,-83.95,-1.65,34.98,0,58,-109.16,52,-112.44,42,-115.57,45,-116.50,46,-116.73,48,-116.76
2781,7033.01,3100.00,1.50,0,53,0.03,NLOS,129.21,2.65,-111.64,-83.86,-1.68,34.98,0,58,-109.05,52,-112.13,42,-115.60,45,-116.62,48,-116.78,46,-117.02
2782,7042.72,3100.00,1.50,0,52,0.06,NLOS,118.36,-13.21,-84.93,-57.15,7.72,34.98,1,53,-92.81,47,-111.19,45,-111.41,39,-113.36,58,-117.53,46,-118.33
2783,7052.44,3100.00,1.50,0,52,0.06,NLOS,118.06,-13.21,-84.63,-56.85,7.94,34.98,0,53,-92.73,47,-111.26,45,-111.52,39,-113.48,58,-117.41,46,-118.60
2784,7062.16,3100.00,1.50,0,52,0.06,NLOS,117.76,-13.21,-84.34,-56.56,8.16,34.98,0,53,-92.65,47,-111.32,45,-111.64,39,-113.60,58,-117.30,46,-118.87
2785,7071.88,3100.00,1.50,0,46,0.03,NLOS,128.03,-22.07,-85.74,-57.96,4.30,34.98,1,52,-90.25,45,-103.65,61,-105.19,34,-112.16,26,-117.72,35,-119.80
2786,7081.59,3100.00,1.50,0,46,0.03,NLOS,128.29,-22.07,-86.01,-58.22,3.77,34.98,0,52,-89.96,45,-103.77,61,-105.16,34,-112.23,26,-117.78,35,-119.84
2787,7091.31,3100.00,1.50,0,46,0.03,NLOS,128.55,-22.07,-86.27,-58.48,3.25,34.98,0,52,-89.69,45,-103.88,61,-105.12,34,-112.29,26,-117.84,35,-119.88
2788,7101.03,3100.00,1.50,0,52,0.07,NLOS,116.65,-14.81,-81.61,-53.83,10.08,34.98,1,53,-91.87,60,-103.53,59,-107.21,58,-114.43,33,-118.18,46,-118.24
2789,7110.74,3100.00,1.50,0,52,0.07,NLOS,116.39,-14.81,-81.35,-53.57,10.28,34.98,0,53,-91.81,60,-103.45,59,-107.03,58,-114.32,33,-118.26,46,-118.49
2790,7120.46,3100.00,1.50,0,52,0.07,NLOS,116.14,-14.81,-81.11,-53.32,10.46,34.98,0,53,-91.75,60,-103.37,59,-106.85,58,-114.20,33,-118.33,45,-118.66
2791,7130.18,3100.00,1.50,0,52,0.07,NLOS,115.90,-1.11,-94.57,-66.79,14.43,34.98,0,42,-111.77,45,-112.12,40,-113.14,47,-116.07,67,-117.00,58,-117.12
2792,7139.90,3100.00,1.50,0,52,0.07,NLOS,115.67,-1.11,-94.34,-66.56,14.71,34.98,0,42,-111.80,45,-112.24,40,-113.24,47,-116.14,67,-116.95,58,-117.00
2793,7149.61,3100.00,1.50,0,52,0.07,NLOS,115.46,-1.11,-94.13,-66.35,14.98,34.98,0,42,-111.84,45,-112.35,40,-113.34,47,-116.21,58,-116.89,67,-116.89
2794,7159.33,3100.00,1.50,0,52,0.08,NLOS,115.26,5.55,-100.60,-72.82,0.56,34.98,0,45,-104.57,46,-107.33,48,-109.10,53,-109.28,59,-112.43,58,-112.89
2795,7169.05,3100.00,1.50,0,52,0.08,NLOS,115.08,5.55,-100.42,-72.63,0.82,34.98,0,45,-104.69,46,-107.56,48,-109.13,53,-109.24,59,-112.24,58,-112.77
2796,7178.76,3100.00,1.50,0,52,0.08,NLOS,114.92,5.55,-100.25,-72.47,1.06,34.98,0,45,-104.81,46,-107.79,48,-109.16,53,-109.21,59,-112.05,58,-112.66
2797,7188.48,3100.00,1.50,0,52,0.08,NLOS,114.77,2.06,-96.62,-68.84,8.29,34.98,0,53,-106.94,39,-107.12,54,-110.53,59,-112.36,47,-113.74,46,-121.86
2798,7198.20,3100.00,1.50,0,52,0.08,NLOS,114.65,2.06,-96.49,-68.71,8.38,34.98,0,53,-106.91,39,-107.23,54,-110.53,59,-112.17,47,-113.81,46,-122.08
2799,7200.00,3092.09,1.50,3,52,0.08,NLOS,114.13,2.06,-95.98,-68.20,9.04,34.98,0,53,-107.13,39,-107.23,54,-110.62,59,-112.16,47,-113.92,46,-122.17
2800,7200.00,3082.37,1.50,3,52,0.09,NLOS,113.51,1.34,-94.63,-66.84,3.80,34.98,0,53,-101.90,59,-103.24,46,-106.44,66,-107.26,58,-110.77,39,-113.07
2801,7200.00,3072.65,1.50,3,52,0.09,NLOS,112.86,1.34,-93.98,-66.20,4.58,34.98,0,53,-102.16,59,-103.29,46,-106.50,66,-107.30,58,-110.67,39,-113.05
2802,7200.00,3062.93,1.50,3,52,0.10,NLOS,112.19,1.34,-93.31,-65.53,5.38,34.98,0,53,-102.42,59,-103.34,46,-106.57,66,-107.33,58,-110.57,39,-113.04
2803,7200.00,3053.22,1.50,3,52,0.11,NLOS,111.50,-0.99,-90.29,-62.50,12.39,34.98,0,54,-106.21,53,-107.86,46,-107.96,45,-109.50,58,-111.58,55,-113.43
2804,7200.00,3043.50,1.50,3,52,0.11,NLOS,110.77,-0.99,-89.56,-61.78,13.17,34.98,0,54,-106.32,46,-108.03,53,-108.11,45,-109.38,58,-111.48,55,-113.49
2805,7200.00,3033.78,1.50,3,52,0.12,NLOS,110.02,-0.99,-88.81,-61.03,13.99,34.98,0,54,-106.43,46,-108.10,53,-108.36,45,-109.27,58,-111.38,55,-113.56
2806,7200.00,3024.07,1.50,3,52,0.13,NLOS,109.23,2.51,-91.52,-63.74,17.03,34.98,0,34,-107.06,35,-108.26,58,-111.36,29,-112.93,65,-113.62,63,-114.03
2807,7200.00,3014.35,1.50,3,52,0.14,NLOS,108.41,2.51,-90.70,-62.92,17.83,34.98,0,34,-107.09,35,-108.30,58,-111.26,29,-112.95,65,-113.61,63,-114.07
2808,7200.00,3004.63,1.50,3,52,0.16,NLOS,107.55,2.51,-89.84,-62.06,18.67,34.98,0,34,-107.12,35,-108.33,58,-111.16,29,-112.98,65,-113.60,63,-114.11
2809,7200.00,2994.91,1.50,3,52,0.17,NLOS,106.65,12.65,-99.08,-71.30,-4.79,34.98,0,53,-96.95,59,-97.93,60,-103.88,65,-111.22,47,-114.78,48,-114.85
2810,7200.00,2985.20,1.50,3,52,0.19,NLOS,105.71,12.65,-98.14,-70.35,-3.70,34.98,0,53,-97.18,59,-97.99,60,-103.97,65,-111.21,47,-114.88,48,-114.93
2811,7200.00,2975.48,1.50,3,52,0.20,NLOS,104.72,12.65,-97.14,-69.36,-2.56,34.98,0,53,-97.41,59,-98.05,60,-104.07,65,-111.20,47,-114.98,48,-115.00
2812,7200.00,2965.76,1.50,3,52,0.22,NLOS,103.67,-2.60,-80.86,-53.08,5.86,34.98,0,53,-87.29,59,-97.54,60,-99.34,47,-100.74,65,-110.08,67,-114.75
2813,7200.00,2956.05,1.50,3,52,0.25,NLOS,102.58,-2.60,-79.76,-51.98,7.16,34.98,0,53,-87.51,59,-97.60,60,-99.43,47,-100.85,65,-110.07,67,-114.80
2814,7200.00,2946.33,1.50,3,52,0.27,NLOS,101.42,-2.60,-78.60,-50.82,8.52,34.98,0,53,-87.73,59,-97.67,60,-99.53,47,-100.95,65,-110.06,67,-114.85
2815,7200.00,2936.61,1.50,3,52,0.30,NLOS,100.20,-5.53,-74.45,-46.67,29.21,34.98,0,45,-107.92,46,-108.45,59,-110.49,34,-118.33,53,-118.42,42,-119.42
2816,7200.00,2926.89,1.50,3,52,0.33,NLOS,98.91,-5.53,-73.17,-45.39,30.50,34.98,0,45,-107.81,46,-108.54,59,-110.57,34,-118.36,53,-118.64,42,-119.47
2817,7200.00,2917.18,1.50,3,52,0.36,NLOS,97.56,-5.53,-71.82,-44.04,31.86,34.98,0,45,-107.69,46,-108.63,59,-110.64,34,-118.39,53,-118.85,42,-119.52
2818,7200.00,2907.46,1.50,3,52,0.40,NLOS,96.15,14.62,-90.56,-62.77,2.54,34.98,0,53,-93.48,46,-104.82,59,-111.65,55,-112.16,65,-114.77,47,-120.26
2819,7202.26,2900.00,1.50,0,52,0.44,NLOS,94.77,14.62,-89.18,-61.39,4.07,34.98,0,53,-93.64,46,-104.94,59,-111.67,55,-112.21,65,-114.74,45,-120.28
2820,7211.97,2900.00,1.50,0,52,0.47,NLOS,93.71,14.62,-88.11,-60.33,5.13,34.98,0,53,-93.63,46,-105.12,59,-111.50,55,-112.21,65,-114.63,47,-120.41
2821,7221.69,2900.00,1.50,0,52,0.50,NLOS,92.78,1.51,-74.07,-46.29,30.05,34.98,0,53,-104.64,60,-115.38,44,-118.53,46,-118.53,40,-118.72,47,-118.85
2822,7231.41,2900.00,1.50,0,52,0.52,NLOS,92.06,1.51,-73.35,-45.57,30.77,34.98,0,53,-104.64,60,-115.32,44,-118.54,46,-118.71,40,-118.81,47,-118.90
2823,7241.13,2900.00,1.50,0,52,0.53,NLOS,91.60,1.51,-72.89,-45.11,31.23,34.98,0,53,-104.63,60,-115.27,44,-118.55,46,-118.89,40,-118.90,47,-118.96
2824,7250.84,2900.00,1.50,0,52,0.53,NLOS,91.47,17.51,-88.76,-60.98,5.61,34.98,0,59,-96.96,45,-97.97,62,-110.26,58,-115.02,65,-115.12,61,-115.16
2825,7260.56,2900.00,1.50,0,52,0.53,NLOS,91.66,17.51,-88.96,-61.18,5.38,34.98,0,59,-96.78,45,-98.12,62,-110.25,58,-114.87,65,-115.01,61,-115.13
2826,7270.28,2900.00,1.50,0,52,0.51,NLOS,92.17,17.51,-89.46,-61.68,4.83,34.98,0,59,-96.60,45,-98.27,62,-110.23,58,-114.71,65,-114.89,61,-115.11
2827,7279.99,2900.00,1.50,0,52,0.49,NLOS,92.93,1.18,-73.89,-46.11,17.67,34.98,0,59,-91.73,40,-108.90,58,-109.64,47,-110.93,60,-112.40,53,-115.67
2828,7289.71,2900.00,1.50,0,52,0.46,NLOS,93.88,1.18,-74.84,-47.06,16.54,34.98,0,59,-91.54,40,-108.99,58,-109.49,47,-110.99,60,-112.34,53,-115.68
2829,7299.43,2900.00,1.50,0,52,0.43,NLOS,94.97,1.18,-75.93,-48.14,15.28,34.98,0,59,-91.36,40,-109.07,58,-109.33,47,-111.05,60,-112.28,53,-115.69
2830,7309.15,2900.00,1.50,0,52,0.40,NLOS,96.12,12.80,-88.71,-60.93,7.79,34.98,0,53,-99.61,59,-101.73,46,-105.64,58,-110.19,60,-112.46,45,-113.02
2831,7318.86,2900.00,1.50,0,52,0.37,NLOS,97.31,12.80,-89.89,-62.11,6.58,34.98,0,53,-99.63,59,-101.54,46,-105.80,58,-110.03,60,-112.40,47,-113.14
2832,7328.58,2900.00,1.50,0,52,0.34,NLOS,98.50,12.80,-91.08,-63.30,5.35,34.98,0,53,-99.65,59,-101.35,46,-105.97,58,-109.87,60,-112.35,47,-113.21
2833,7338.30,2900.00,1.50,0,52,0.31,NLOS,99.67,-7.17,-72.28,-44.50,18.45,34.98,0,59,-90.97,47,-106.50,46,-106.71,61,-113.37,40,-114.75,45,-118.95
2834,7348.01,2900.00,1.50,0,52,0.28,NLOS,100.81,-7.17,-73.42,-45.64,17.13,34.98,0,59,-90.78,47,-106.56,46,-106.88,61,-113.35,40,-114.83,45,-119.09
2835,7357.73,2900.00,1.50,0,52,0.26,NLOS,101.91,-7.17,-74.52,-46.74,15.85,34.98,0,59,-90.59,47,-106.62,46,-107.04,61,-113.32,40,-114.91,45,-119.24
2836,7367.45,2900.00,1.50,0,52,0.24,NLOS,102.98,8.22,-90.98,-63.20,6.05,34.98,0,58,-98.85,59,-104.03,39,-104.36,45,-107.41,53,-110.68,54,-112.87
2837,7377.17,2900.00,1.50,0,52,0.22,NLOS,104.00,8.22,-92.00,-64.22,4.90,34.98,0,58,-98.69,59,-103.84,39,-104.46,45,-107.55,53,-110.71,54,-112.88
2838,7386.88,2900.00,1.50,0,52,0.20,NLOS,104.98,8.22,-92.98,-65.20,3.79,34.98,0,58,-98.53,59,-103.64,39,-104.56,45,-107.69,53,-110.75,54,-112.89
2839,7396.60,2900.00,1.50,0,52,0.18,NLOS,105.92,-14.28,-71.42,-43.64,24.42,34.98,0,46,-97.36,58,-102.88,60,-104.34,53,-107.67,48,-108.39,66,-111.07
2840,7400.00,2906.32,1.50,1,52,0.17,NLOS,106.50,-14.28,-72.01,-44.23,23.85,34.98,0,46,-97.37,58,-102.91,60,-104.25,53,-107.55,48,-108.36,66,-111.01
2841,7400.00,2916.03,1.50,1,52,0.17,NLOS,106.94,-14.28,-72.44,-44.66,23.38,34.98,0,46,-97.31,58,-103.05,60,-104.14,53,-107.35,48,-108.29,66,-110.95
2842,7400.00,2925.75,1.50,1,52,0.16,NLOS,107.40,-5.01,-82.17,-54.39,20.65,34.98,0,59,-104.26,46,-109.81,40,-112.78,45,-115.61,47,-122.99,60,-123.86
2843,7400.00,2935.47,1.50,1,52,0.15,NLOS,107.89,-5.01,-82.66,-54.88,20.07,34.98,0,59,-104.15,46,-109.75,40,-112.74,45,-115.69,47,-122.90,60,-123.75
2844,7400.00,2945.18,1.50,1,52,0.14,NLOS,108.40,-5.01,-83.17,-55.39,19.47,34.98,0,59,-104.03,46,-109.69,40,-112.71,45,-115.77,47,-122.81,60,-123.64
2845,7400.00,2954.90,1.50,1,52,0.14,NLOS,108.92,12.22,-100.93,-73.15,5.70,34.98,0,41,-105.50,54,-106.95,53,-109.67,48,-113.05,59,-113.93,58,-115.85
2846,7400.00,2964.62,1.50,1,52,0.13,NLOS,109.46,12.22,-101.46,-73.68,5.06,34.98,0,41,-105.45,54,-106.85,53,-109.45,48,-112.98,59,-113.82,58,-115.99
2847,7400.00,2974.34,1.50,1,52,0.12,NLOS,110.00,12.22,-102.00,-74.22,4.40,34.98,0,41,-105.40,54,-106.75,53,-109.24,48,-112.92,59,-113.71,58,-116.12
2848,7400.00,2984.05,1.50,1,52,0.12,NLOS,110.54,-28.06,-62.26,-34.48,38.10,34.98,0,58,-101.73,65,-109.35,53,-110.22,66,-112.39,45,-112.40,46,-112.54
2849,7400.00,2993.77,1.50,1,52,0.11,NLOS,111.08,-28.06,-62.81,-35.03,37.63,34.98,0,58,-101.86,65,-109.36,53,-110.00,66,-112.34,46,-112.48,45,-112.49
2850,7400.00,3003.49,1.50,1,52,0.11,NLOS,111.62,-28.06,-63.35,-35.57,37.15,34.98,0,58,-102.00,65,-109.38,53,-109.77,66,-112.29,46,-112.43,45,-112.57
2851,7400.00,3013.20,1.50,1,52,0.10,NLOS,112.16,-7.73,-84.21,-56.43,16.04,34.98,0,47,-102.94,58,-105.08,26,-108.00,66,-108.57,46,-112.27,53,-113.74
2852,7400.00,3022.92,1.50,1,52,0.10,NLOS,112.69,-7.73,-84.75,-56.96,15.49,34.98,0,47,-102.85,58,-105.22,26,-108.00,66,-108.53,46,-112.22,53,-113.51
2853,7400.00,3032.64,1.50,1,52,0.09,NLOS,113.22,-7.73,-85.27,-57.49,14.94,34.98,0,47,-102.76,58,-105.36,26,-108.00,66,-108.48,46,-112.18,53,-113.28
2854,7400.00,3042.36,1.50,1,52,0.09,NLOS,113.74,10.92,-104.45,-76.67,-3.22,34.98,0,46,-103.87,45,-105.62,65,-109.94,15,-113.53,47,-115.53,54,-118.69
2855,7400.00,3052.07,1.50,1,52,0.08,NLOS,114.26,10.92,-104.96,-77.18,-3.73,34.98,0,46,-103.83,45,-105.70,65,-109.96,15,-113.52,47,-115.44,53,-118.55
2856,7400.00,3061.79,1.50,1,52,0.08,NLOS,114.76,10.92,-105.47,-77.69,-4.24,34.98,0,46,-103.79,45,-105.79,65,-109.98,15,-113.51,47,-115.35,53,-118.31
2857,7400.00,3071.51,1.50,1,52,0.08,NLOS,115.26,-17.34,-77.70,-49.92,24.79,34.98,0,40,-100.60,39,-102.24,47,-105.50,59,-105.91,67,-107.95,66,-111.35
2858,7400.00,3081.22,1.50,1,52,0.07,NLOS,115.75,-17.34,-78.19,-50.41,24.22,34.98,0,40,-100.56,39,-102.25,47,-105.41,59,-105.83,67,-107.89,66,-111.30
2859,7400.00,3090.94,1.50,1,52,0.07,NLOS,116.23,-17.34,-78.67,-50.89,23.66,34.98,0,40,-100.53,39,-102.27,47,-105.32,59,-105.75,67,-107.83,66,-111.25
2860,7400.66,3100.00,1.50,0,52,0.07,NLOS,116.69,11.73,-108.20,-80.42,-6.68,34.98,0,58,-105.94,46,-106.48,40,-108.06,55,-109.27,53,-110.11,59,-110.30
2861,7410.38,3100.00,1.50,0,52,0.06,NLOS,116.96,11.73,-108.47,-80.69,-6.96,34.98,0,58,-105.82,46,-106.65,40,-108.15,55,-109.27,59,-110.05,53,-110.18
2862,7420.09,3100.00,1.50,0,58,0.02,NLOS,135.16,-9.23,-105.71,-77.92,-1.30,34.98,1,46,-106.83,40,-108.24,52,-108.75,55,-109.28,59,-109.79,53,-110.25
2863,7429.81,3100.00,1.50,0,52,0.06,NLOS,117.52,-10.90,-86.41,-58.63,11.55,34.98,1,46,-99.19,59,-107.55,58,-108.44,60,-109.23,45,-112.03,40,-116.51
2864,7439.53,3100.00,1.50,0,52,0.06,NLOS,117.81,-10.90,-86.70,-58.92,11.36,34.98,0,46,-99.36,59,-107.29,58,-108.33,60,-109.17,45,-112.15,40,-116.60
2865,7449.24,3100.00,1.50,0,52,0.06,NLOS,118.11,-10.90,-86.99,-59.21,11.14,34.98,0,46,-99.53,59,-107.01,58,-108.21,60,-109.10,45,-112.26,40,-116.68
2866,7458.96,3100.00,1.50,0,52,0.06,NLOS,118.41,-0.50,-97.69,-69.91,4.00,34.98,0,59,-104.55,53,-105.75,39,-114.08,58,-114.90,66,-117.90,47,-118.59
2867,7468.68,3100.00,1.50,0,52,0.06,NLOS,118.71,-0.50,-97.99,-70.21,3.58,34.98,0,59,-104.27,53,-105.84,39,-114.17,58,-114.79,66,-117.80,47,-118.67
2868,7478.40,3100.00,1.50,0,52,0.06,NLOS,119.02,-0.50,-98.30,-70.51,3.15,34.98,0,59,-103.98,53,-105.93,39,-114.27,58,-114.68,66,-117.69,47,-118.74
2869,7488.11,3100.00,1.50,0,59,0.03,NLOS,126.32,-13.84,-92.26,-64.48,10.85,34.98,1,46,-105.71,65,-106.40,39,-107.47,53,-108.54,52,-111.11,47,-112.79
2870,7497.83,3100.00,1.50,0,59,0.03,NLOS,126.03,-13.84,-91.97,-64.18,11.15,34.98,0,46,-105.87,65,-106.28,39,-107.57,53,-108.63,52,-111.41,47,-112.87
2871,7507.55,3100.00,1.50,0,59,0.03,NLOS,125.73,-13.84,-91.67,-63.89,11.45,34.98,0,46,-106.03,65,-106.15,39,-107.66,53,-108.73,52,-111.72,47,-112.95
2872,7517.26,3100.00,1.50,0,52,0.05,NLOS,120.25,-21.12,-78.91,-51.13,26.29,34.98,1,54,-98.68,61,-107.55,53,-108.02,66,-109.05,59,-110.38,60,-111.55
2873,7526.98,3100.00,1.50,0,52,0.05,NLOS,120.56,-21.12,-79.22,-51.44,25.94,34.98,0,54,-98.70,61,-107.53,53,-108.12,66,-108.94,59,-110.08,60,-111.49
2874,7536.70,3100.00,1.50,0,52,0.05,NLOS,120.87,-21.12,-79.53,-51.75,25.59,34.98,0,54,-98.72,61,-107.51,53,-108.22,66,-108.83,59,-109.76,60,-111.43
2875,7546.42,3100.00,1.50,0,59,0.04,NLOS,124.49,-9.23,-95.04,-67.26,3.61,34.98,1,52,-99.77,45,-102.49,62,-108.84,46,-109.02,55,-109.90,53,-109.94
2876,7556.13,3100.00,1.50,0,59,0.04,NLOS,124.17,-9.23,-94.72,-66.94,4.17,34.98,0,52,-100.07,45,-102.60,62,-108.83,46,-109.17,55,-109.91,53,-110.05
2877,7565.85,3100.00,1.50,0,59,0.04,NLOS,123.84,-9.23,-94.40,-66.61,4.71,34.98,0,52,-100.38,45,-102.71,62,-108.83,46,-109.32,55,-109.92,53,-110.16
2878,7575.57,3100.00,1.50,0,52,0.04,NLOS,122.10,-16.39,-85.49,-57.71,16.46,34.98,1,59,-103.84,60,-104.62,45,-109.37,46,-111.50,49,-113.55,65,-115.02
2879,7585.28,3100.00,1.50,0,52,0.04,NLOS,122.40,-16.39,-85.79,-58.01,15.96,34.98,0,59,-103.50,60,-104.56,45,-109.47,46,-111.65,49,-113.57,65,-114.88
2880,7595.00,3100.00,1.50,0,52,0.04,NLOS,122.70,-16.39,-86.09,-58.31,15.46,34.98,0,59,-103.16,60,-104.51,45,-109.58,46,-111.80,49,-113.59,65,-114.75
2881,7600.00,3104.72,1.50,1,52,0.04,NLOS,122.96,-15.66,-87.08,-59.30,4.85,34.98,0,53,-94.80,58,-95.77,59,-104.31,66,-109.13,46,-110.67,62,-116.12
2882,7600.00,3114.44,1.50,1,52,0.04,NLOS,123.19,-15.66,-87.31,-59.53,4.57,34.98,0,53,-94.60,58,-95.95,59,-104.17,66,-109.07,46,-110.65,62,-116.06
2883,7600.00,3124.15,1.50,1,52,0.04,NLOS,123.42,-15.66,-87.54,-59.76,4.29,34.98,0,53,-94.39,58,-96.13,59,-104.03,66,-109.02,46,-110.63,62,-116.00
2884,7600.00,3133.87,1.50,1,59,0.04,NLOS,122.18,-4.67,-97.29,-69.51,7.34,34.98,1,52,-106.41,46,-110.57,58,-113.47,60,-114.68,65,-117.86,40,-117.93
2885,7600.00,3143.59,1.50,1,59,0.04,NLOS,122.06,-4.67,-97.17,-69.39,7.61,34.98,0,52,-106.64,46,-110.56,58,-113.65,60,-114.54,65,-117.90,40,-117.91
2886,7600.00,3153.30,1.50,1,59,0.04,NLOS,121.95,-4.67,-97.05,-69.27,7.87,34.98,0,52,-106.88,46,-110.54,58,-113.82,60,-114.40,40,-117.88,65,-117.94
2887,7600.00,3163.02,1.50,1,52,0.04,NLOS,124.35,-17.35,-86.78,-59.00,10.29,34.98,1,59,-98.23,67,-102.25,53,-104.51,65,-108.13,48,-112.94,60,-113.16
2888,7600.00,3172.74,1.50,1,52,0.04,NLOS,124.59,-17.35,-87.02,-59.24,9.94,34.98,0,59,-98.14,67,-102.18,53,-104.29,65,-108.17,48,-112.87,60,-113.02
2889,7600.00,3182.45,1.50,1,52,0.04,NLOS,124.82,-17.35,-87.25,-59.47,9.60,34.98,0,59,-98.05,67,-102.11,53,-104.07,65,-108.21,48,-112.81,60,-112.87
2890,7600.00,3192.17,1.50,1,58,0.02,NLOS,134.75,-14.21,-100.32,-72.54,5.52,34.98,1,46,-103.95,52,-108.68,39,-108.99,53,-111.78,59,-112.74,47,-115.01
2891,7600.00,3201.89,1.50,1,58,0.02,NLOS,134.91,-14.21,-100.48,-72.70,5.40,34.98,0,46,-103.94,52,-108.92,39,-109.00,53,-111.56,59,-112.67,47,-114.93
2892,7600.00,3211.61,1.50,1,58,0.02,NLOS,135.08,-14.21,-100.65,-72.87,5.28,34.98,0,46,-103.93,39,-109.02,52,-109.15,53,-111.34,59,-112.61,47,-114.86
2893,7600.00,3221.32,1.50,1,53,0.03,NLOS,127.97,-5.14,-102.61,-74.83,-3.78,34.98,1,46,-103.14,60,-103.32,52,-105.42,45,-110.77,54,-113.30,66,-118.49
2894,7600.00,3231.04,1.50,1,53,0.03,NLOS,127.74,-5.14,-102.39,-74.61,-3.57,34.98,0,46,-103.13,60,-103.16,52,-105.65,45,-110.84,54,-113.19,66,-118.44
2895,7600.00,3240.76,1.50,1,53,0.03,NLOS,127.52,-5.14,-102.16,-74.38,-3.36,34.98,0,60,-103.01,46,-103.13,52,-105.88,45,-110.91,54,-113.07,66,-118.39
2896,7600.00,3250.47,1.50,1,59,0.05,NLOS,121.29,-9.16,-91.92,-64.14,15.77,34.98,1,65,-112.91,52,-113.20,46,-115.36,61,-115.51,66,-115.53,53,-117.94
2897,7600.00,3260.19,1.50,1,59,0.05,NLOS,121.28,-9.16,-91.91,-64.13,15.84,34.98,0,65,-112.96,52,-113.43,46,-115.36,61,-115.42,66,-115.48,53,-117.71
2898,7600.00,3269.91,1.50,1,59,0.05,NLOS,121.28,-9.16,-91.90,-64.12,15.89,34.98,0,65,-113.01,52,-113.66,61,-115.33,46,-115.36,66,-115.44,53,-117.48
2899,7600.00,3279.63,1.50,1,53,0.03,NLOS,126.60,-3.15,-103.23,-75.45,6.28,34.98,1,59,-111.18,32,-113.95,58,-114.03,5,-114.58,52,-116.05,45,-116.30
2900,7600.00,3289.34,1.50,1,53,0.03,NLOS,126.37,-3.15,-103.00,-75.21,6.57,34.98,0,59,-111.20,32,-113.97,58,-114.19,5,-114.57,52,-116.28,45,-116.37
2901,7600.00,3299.06,1.50,1,53,0.03,NLOS,126.14,-3.15,-102.76,-74.98,6.86,34.98,0,59,-111.22,32,-113.99,58,-114.34,5,-114.56,45,-116.44,52,-116.51
2902,7608.78,3300.00,1.50,0,59,0.05,NLOS,120.96,-10.31,-90.43,-62.65,20.52,34.98,1,54,-110.36,46,-110.47,58,-112.84,47,-114.18,52,-118.72,48,-120.04
2903,7618.49,3300.00,1.50,0,59,0.05,NLOS,120.54,-10.31,-90.01,-62.23,20.94,34.98,0,54,-110.40,46,-110.62,58,-112.77,47,-114.27,52,-118.89,48,-120.09
2904,7628.21,3300.00,1.50,0,59,0.05,NLOS,120.10,-10.31,-89.58,-61.80,21.37,34.98,0,54,-110.43,46,-110.77,58,-112.71,47,-114.37,52,-119.06,48,-120.13
2905,7637.93,3300.00,1.50,0,59,0.05,NLOS,119.66,-11.01,-88.44,-60.65,5.15,34.98,0,52,-94.00,53,-104.35,41,-111.36,48,-111.40,49,-116.49,54,-117.14
2906,7647.65,3300.00,1.50,0,59,0.05,NLOS,119.20,-11.01,-87.98,-60.20,5.78,34.98,0,52,-94.17,53,-104.56,41,-111.42,48,-111.44,49,-116.51,54,-117.18
2907,7657.36,3300.00,1.50,0,59,0.06,NLOS,118.74,-11.01,-87.51,-59.73,6.42,34.98,0,52,-94.35,53,-104.76,41,-111.48,48,-111.49,49,-116.53,54,-117.21
2908,7667.08,3300.00,1.50,0,59,0.06,NLOS,118.25,5.92,-103.95,-76.17,1.00,34.98,0,53,-109.16,67,-109.41,54,-109.77,60,-110.56,46,-111.97,52,-113.13
2909,7676.80,3300.00,1.50,0,59,0.06,NLOS,117.76,5.92,-103.46,-75.68,1.56,34.98,0,67,-109.34,53,-109.37,54,-109.81,60,-110.49,46,-112.11,52,-113.31
2910,7686.51,3300.00,1.50,0,59,0.06,NLOS,117.25,5.92,-102.95,-75.17,2.14,34.98,0,67,-109.28,53,-109.57,54,-109.85,60,-110.43,46,-112.25,52,-113.49
2911,7696.23,3300.00,1.50,0,59,0.07,NLOS,116.72,4.36,-100.86,-73.08,0.90,34.98,0,52,-105.30,65,-106.38,53,-112.24,45,-114.21,66,-114.48,58,-115.86
2912,7705.95,3300.00,1.50,0,59,0.07,NLOS,116.18,4.36,-100.32,-72.54,1.48,34.98,0,52,-105.48,65,-106.24,53,-112.44,45,-114.29,66,-114.34,58,-115.81
2913,7715.67,3300.00,1.50,0,59,0.07,NLOS,115.62,4.36,-99.76,-71.98,2.07,34.98,0,52,-105.65,65,-106.11,53,-112.65,66,-114.20,45,-114.38,58,-115.76
2914,7725.38,3300.00,1.50,0,59,0.08,NLOS,115.04,-7.46,-87.37,-59.59,17.84,34.98,0,53,-108.74,58,-108.89,27,-114.87,61,-116.69,50,-117.42,46,-117.45
2915,7735.10,3300.00,1.50,0,59,0.08,NLOS,114.44,-7.46,-86.77,-58.99,18.51,34.98,0,58,-108.84,53,-108.94,27,-114.91,61,-116.68,50,-117.43,67,-117.57
2916,7744.82,3300.00,1.50,0,59,0.09,NLOS,113.82,-7.46,-86.15,-58.37,19.19,34.98,0,58,-108.79,53,-109.14,27,-114.96,61,-116.66,50,-117.45,67,-117.50
2917,7754.53,3300.00,1.50,0,59,0.09,NLOS,113.18,4.53,-97.49,-69.71,-0.40,34.98,0,53,-98.96,52,-103.75,65,-107.97,61,-111.40,46,-111.91,58,-112.78
2918,7764.25,3300.00,1.50,0,59,0.10,NLOS,112.51,4.53,-96.83,-69.05,0.42,34.98,0,53,-99.16,52,-103.93,65,-107.83,61,-111.39,46,-112.04,58,-112.73
2919,7773.97,3300.00,1.50,0,59,0.10,NLOS,111.82,4.53,-96.13,-68.35,1.26,34.98,0,53,-99.36,52,-104.10,65,-107.69,61,-111.37,46,-112.17,58,-112.69
2920,7783.69,3300.00,1.50,0,59,0.11,NLOS,111.10,-5.04,-85.84,-58.06,20.14,34.98,0,53,-108.42,61,-108.50,55,-111.62,45,-113.16,52,-113.59,47,-113.83
2921,7793.40,3300.00,1.50,0,59,0.12,NLOS,110.34,-5.04,-85.09,-57.31,21.00,34.98,0,61,-108.49,53,-108.61,55,-111.63,45,-113.24,52,-113.76,47,-113.92
2922,7796.88,3300.00,1.50,2,59,0.12,NLOS,110.07,-5.04,-84.81,-57.03,21.32,34.98,0,61,-108.49,53,-108.68,55,-111.64,45,-113.27,52,-113.83,47,-113.95
2923,7787.16,3300.00,1.50,2,59,0.11,NLOS,110.83,-5.04,-85.58,-57.80,20.44,34.98,0,53,-108.49,61,-108.50,55,-111.62,45,-113.19,52,-113.65,47,-113.86
2924,7777.45,3300.00,1.50,2,59,0.11,NLOS,111.56,-0.39,-90.96,-63.18,19.30,34.98,0,67,-101.29,46,-106.32,41,-108.81,60,-113.97,52,-116.55,1,-118.45
2925,7767.73,3300.00,1.50,2,59,0.10,NLOS,112.27,-0.39,-91.66,-63.88,18.58,34.98,0,67,-101.36,46,-106.19,41,-108.75,60,-114.02,52,-116.37,1,-118.43
2926,7758.01,3300.00,1.50,2,59,0.09,NLOS,112.95,-0.39,-92.34,-64.56,17.88,34.98,0,67,-101.42,46,-106.06,41,-108.70,60,-114.07,52,-116.20,1,-118.40
2927,7748.29,3300.00,1.50,2,59,0.09,NLOS,113.60,-18.79,-74.59,-46.81,20.34,34.98,0,52,-97.36,53,-99.51,45,-105.41,58,-106.37,54,-111.17,47,-113.99
2928,7738.58,3300.00,1.50,2,59,0.08,NLOS,114.22,-18.79,-75.22,-47.44,19.55,34.98,0,52,-97.18,53,-99.31,45,-105.32,58,-106.42,54,-111.12,47,-113.90
2929,7728.86,3300.00,1.50,2,59,0.08,NLOS,114.83,-18.79,-75.82,-48.04,18.77,34.98,0,52,-97.01,53,-99.11,45,-105.23,58,-106.47,54,-111.08,47,-113.81
2930,7719.14,3300.00,1.50,2,53,0.03,NLOS,128.62,-19.09,-89.31,-61.53,2.87,34.98,1,59,-92.52,52,-104.28,65,-107.24,46,-112.11,34,-113.15,33,-117.27
2931,7709.43,3300.00,1.50,2,53,0.03,NLOS,128.42,-19.09,-89.11,-61.32,3.58,34.98,0,59,-93.09,52,-104.11,65,-107.38,46,-111.97,34,-113.09,33,-117.21
2932,7699.71,3300.00,1.50,2,53,0.03,NLOS,128.21,-19.09,-88.90,-61.12,4.26,34.98,0,59,-93.64,52,-103.93,65,-107.51,46,-111.83,34,-113.04,33,-117.14
2933,7689.99,3300.00,1.50,2,59,0.06,NLOS,117.06,-6.65,-90.19,-62.41,10.17,34.98,1,53,-100.78,54,-106.48,46,-113.40,52,-113.44,45,-114.53,66,-117.01
2934,7680.28,3300.00,1.50,2,59,0.06,NLOS,117.58,-6.65,-90.71,-62.93,9.46,34.98,0,53,-100.58,54,-106.44,46,-113.26,52,-113.27,45,-114.44,66,-117.14
2935,7670.56,3300.00,1.50,2,59,0.06,NLOS,118.08,-6.65,-91.21,-63.43,8.77,34.98,0,53,-100.37,54,-106.40,52,-113.09,46,-113.12,45,-114.35,5,-117.15
2936,7660.84,3300.00,1.50,2,59,0.06,NLOS,118.56,-5.06,-93.29,-65.51,11.53,34.98,0,58,-107.62,65,-113.29,52,-113.38,60,-113.82,55,-116.49,54,-117.44
2937,7651.12,3300.00,1.50,2,59,0.06,NLOS,119.04,-5.06,-93.76,-65.98,11.08,34.98,0,58,-107.68,52,-113.21,65,-113.42,60,-113.89,55,-116.48,54,-117.40
2938,7641.41,3300.00,1.50,2,59,0.05,NLOS,119.50,-5.06,-94.22,-66.44,10.65,34.98,0,58,-107.74,52,-113.03,65,-113.55,60,-113.96,55,-116.46,54,-117.37
2939,7631.69,3300.00,1.50,2,52,0.03,NLOS,128.19,-20.81,-87.16,-59.38,10.46,34.98,1,59,-101.52,45,-102.11,53,-106.92,60,-107.74,58,-108.44,46,-112.77
2940,7621.97,3300.00,1.50,2,52,0.03,NLOS,128.02,-20.81,-86.99,-59.21,10.75,34.98,0,59,-101.95,45,-102.02,53,-106.71,60,-107.81,58,-108.50,46,-112.63
2941,7612.26,3300.00,1.50,2,52,0.03,NLOS,127.84,-20.81,-86.82,-59.04,11.02,34.98,0,45,-101.93,59,-102.38,53,-106.51,60,-107.89,58,-108.57,46,-112.48
2942,7602.54,3300.00,1.50,2,59,0.05,NLOS,121.23,2.02,-103.03,-75.25,2.98,34.98,1,45,-109.86,66,-111.18,60,-111.88,52,-113.51,49,-114.56,58,-115.27
2943,7600.00,3307.18,1.50,1,59,0.05,NLOS,121.36,2.02,-103.16,-75.38,2.83,34.98,0,45,-109.89,66,-111.18,60,-111.78,52,-113.63,49,-114.52,53,-115.05
2944,7600.00,3316.90,1.50,1,59,0.05,NLOS,121.40,2.02,-103.21,-75.43,2.75,34.98,0,45,-109.96,66,-111.13,60,-111.62,52,-113.85,49,-114.46,53,-114.82
2945,7600.00,3326.61,1.50,1,59,0.05,NLOS,121.46,-18.07,-83.17,-55.39,5.94,34.98,0,52,-89.25,60,-106.14,53,-109.96,40,-116.38,58,-117.35,35,-119.28
2946,7600.00,3336.33,1.50,1,59,0.05,NLOS,121.52,-18.07,-83.24,-55.46,6.09,34.98,0,52,-89.47,60,-105.97,53,-109.73,40,-116.36,58,-117.50,35,-119.25
2947,7600.00,3346.05,1.50,1,59,0.05,NLOS,121.59,-18.07,-83.31,-55.53,6.22,34.98,0,52,-89.69,60,-105.80,53,-109.49,40,-116.34,58,-117.65,35,-119.22
2948,7600.00,3355.76,1.50,1,60,0.02,NLOS,134.54,-19.46,-94.87,-67.08,1.71,34.98,1,53,-97.87,59,-105.46,54,-107.38,66,-111.24,46,-111.69,52,-113.97
2949,7600.00,3365.48,1.50,1,60,0.02,NLOS,134.37,-19.46,-94.70,-66.92,1.70,34.98,0,53,-97.63,59,-105.55,54,-107.26,66,-111.20,46,-111.70,62,-114.16
2950,7600.00,3375.20,1.50,1,60,0.02,NLOS,134.20,-19.46,-94.53,-66.75,1.69,34.98,0,53,-97.40,59,-105.65,54,-107.13,66,-111.16,46,-111.71,62,-114.09
2951,7600.00,3384.92,1.50,1,59,0.04,NLOS,121.97,2.40,-104.16,-76.38,-0.07,34.98,1,54,-105.89,53,-106.54,58,-109.81,60,-115.74,65,-116.50,33,-117.74
2952,7600.00,3394.63,1.50,1,59,0.04,NLOS,122.09,2.40,-104.27,-76.49,-0.29,34.98,0,54,-105.76,53,-106.30,58,-109.95,60,-115.57,65,-116.56,33,-117.74
2953,7600.00,3404.35,1.50,1,59,0.04,NLOS,122.21,2.40,-104.39,-76.61,-0.52,34.98,0,54,-105.63,53,-106.07,58,-110.10,60,-115.39,65,-116.62,33,-117.74
2954,7600.00,3414.07,1.50,1,59,0.04,NLOS,122.34,-1.40,-100.72,-72.94,1.19,34.98,0,53,-102.31,54,-105.70,45,-106.06,68,-112.18,42,-112.35,61,-117.10
2955,7600.00,3423.78,1.50,1,59,0.04,NLOS,122.47,-1.40,-100.86,-73.07,0.85,34.98,0,53,-102.08,54,-105.57,45,-106.13,68,-112.12,42,-112.31,61,-117.00
2956,7600.00,3433.50,1.50,1,59,0.04,NLOS,122.62,-1.40,-101.00,-73.22,0.50,34.98,0,53,-101.85,54,-105.44,45,-106.21,68,-112.05,42,-112.26,61,-116.91
2957,7600.00,3443.22,1.50,1,54,0.02,NLOS,139.57,-17.08,-102.27,-74.49,-2.35,34.98,1,60,-102.57,53,-103.44,52,-104.22,46,-119.16,39,-120.47,45,-122.81
2958,7600.00,3452.94,1.50,1,54,0.02,NLOS,139.44,-17.08,-102.14,-74.36,-2.41,34.98,0,60,-102.39,53,-103.21,52,-104.42,46,-119.19,39,-120.50,45,-122.88
2959,7600.00,3462.65,1.50,1,54,0.02,NLOS,139.30,-17.08,-102.00,-74.22,-2.47,34.98,0,60,-102.21,53,-102.99,52,-104.62,46,-119.21,39,-120.52,49,-122.90
2960,7600.00,3472.37,1.50,1,60,0.02,NLOS,132.44,-21.16,-91.06,-63.28,10.93,34.98,1,67,-104.44,59,-107.19,52,-109.70,53,-111.84,65,-113.11,46,-114.00
2961,7600.00,3482.09,1.50,1,60,0.02,NLOS,132.26,-21.16,-90.88,-63.10,11.09,34.98,0,67,-104.36,59,-107.36,52,-109.89,53,-111.62,65,-113.17,46,-114.03
2962,7600.00,3491.80,1.50,1,60,0.02,NLOS,132.07,-21.16,-90.70,-62.92,11.26,34.98,0,67,-104.29,59,-107.53,52,-110.09,53,-111.41,65,-113.23,46,-114.05
2963,7600.00,3501.52,1.50,1,59,0.04,NLOS,123.76,-10.85,-92.69,-64.91,-1.96,34.98,1,66,-93.10,53,-95.31,60,-103.09,45,-106.54,39,-110.03,48,-110.15
2964,7600.00,3511.24,1.50,1,59,0.04,NLOS,123.94,-10.85,-92.87,-65.09,-2.23,34.98,0,66,-93.08,53,-95.11,60,-102.90,45,-106.62,39,-110.06,48,-110.08
2965,7600.00,3520.96,1.50,1,59,0.04,NLOS,124.13,-10.85,-93.06,-65.28,-2.51,34.98,0,66,-93.06,53,-94.91,60,-102.71,45,-106.69,48,-110.01,39,-110.09
2966,7600.00,3530.67,1.50,1,60,0.02,NLOS,131.32,-15.19,-95.92,-68.14,3.14,34.98,1,53,-99.60,48,-103.68,65,-109.41,54,-110.05,45,-114.33,66,-115.02
2967,7600.00,3540.39,1.50,1,60,0.03,NLOS,131.13,-15.19,-95.73,-67.95,3.15,34.98,0,53,-99.42,48,-103.60,65,-109.47,54,-109.91,45,-114.41,66,-115.00
2968,7600.00,3550.11,1.50,1,60,0.03,NLOS,130.94,-15.19,-95.54,-67.76,3.18,34.98,0,53,-99.24,48,-103.53,65,-109.53,54,-109.76,45,-114.48,66,-114.98
2969,7600.00,3559.82,1.50,1,53,0.05,NLOS,120.29,-20.08,-79.99,-52.21,18.59,34.98,1,59,-100.43,52,-105.90,47,-111.59,60,-111.94,56,-112.22,54,-113.82
2970,7600.00,3569.54,1.50,1,53,0.05,NLOS,120.14,-20.08,-79.84,-52.05,18.90,34.98,0,59,-100.62,52,-106.08,47,-111.53,60,-111.75,56,-112.16,54,-113.68
2971,7600.00,3579.26,1.50,1,53,0.05,NLOS,119.99,-20.08,-79.69,-51.90,19.19,34.98,0,59,-100.82,52,-106.26,47,-111.47,60,-111.55,56,-112.11,54,-113.53
2972,7600.00,3588.98,1.50,1,53,0.05,NLOS,119.84,0.63,-100.26,-72.48,3.70,34.98,0,59,-106.04,47,-112.54,60,-114.89,52,-115.19,28,-115.38,46,-115.79
2973,7600.00,3598.69,1.50,1,53,0.05,NLOS,119.71,0.63,-100.13,-72.35,3.94,34.98,0,59,-106.24,47,-112.48,60,-114.69,28,-115.37,52,-115.37,46,-115.83
2974,7600.00,3608.41,1.50,1,53,0.05,NLOS,119.59,0.63,-100.01,-72.22,4.17,34.98,0,59,-106.45,47,-112.42,60,-114.49,28,-115.35,52,-115.55,46,-115.87
2975,7600.00,3618.13,1.50,1,59,0.03,NLOS,126.09,-20.30,-85.58,-57.80,13.70,34.98,1,54,-96.27,60,-99.76,49,-110.65,61,-110.96,52,-111.91,47,-112.56
2976,7600.00,3627.84,1.50,1,59,0.03,NLOS,126.30,-20.30,-85.78,-58.00,13.32,34.98,0,54,-96.12,60,-99.56,49,-110.59,61,-110.85,52,-112.09,47,-112.51
2977,7600.00,3637.56,1.50,1,59,0.03,NLOS,126.50,-20.30,-85.99,-58.21,12.94,34.98,0,54,-95.97,60,-99.36,49,-110.53,61,-110.74,52,-112.26,47,-112.45
2978,7600.00,3647.28,1.50,1,58,0.01,NLOS,141.36,-23.57,-97.57,-69.79,-0.66,34.98,1,53,-100.04,59,-102.48,55,-105.06,60,-105.61,61,-105.76,65,-106.18
2979,7600.00,3657.00,1.50,1,58,0.01,NLOS,141.48,-23.57,-97.69,-69.91,-0.74,34.98,0,53,-99.98,59,-102.69,55,-104.97,60,-105.40,61,-105.65,65,-106.24
2980,7600.00,3666.71,1.50,1,58,0.01,NLOS,141.60,-23.57,-97.81,-70.03,-0.82,34.98,0,53,-99.93,59,-102.89,55,-104.88,60,-105.20,61,-105.53,65,-106.31
2981,7600.00,3676.43,1.50,1,47,0.02,NLOS,139.78,-17.64,-101.92,-74.14,4.28,34.98,1,52,-104.65,60,-105.98,53,-108.68,58,-109.27,59,-109.72,41,-112.99
2982,7600.00,3686.15,1.50,1,47,0.02,NLOS,139.72,-17.64,-101.87,-74.09,4.29,34.98,0,52,-104.82,60,-105.77,53,-108.66,58,-109.39,59,-109.92,41,-112.96
2983,7600.00,3695.86,1.50,1,47,0.02,NLOS,139.67,-17.64,-101.82,-74.03,4.32,34.98,0,52,-104.98,60,-105.57,53,-108.64,58,-109.51,59,-110.13,41,-112.92
2984,7600.00,3694.42,1.50,3,47,0.02,NLOS,139.68,-17.64,-101.82,-74.04,4.32,34.98,0,52,-104.96,60,-105.60,53,-108.64,58,-109.49,59,-110.10,41,-112.93
2985,7600.00,3684.70,1.50,3,53,0.06,NLOS,119.04,-0.01,-98.81,-71.03,0.13,34.98,1,52,-99.23,66,-108.83,58,-109.34,45,-113.06,59,-113.51,67,-114.91
2986,7600.00,3674.99,1.50,3,53,0.05,NLOS,119.07,-0.01,-98.84,-71.06,-0.06,34.98,0,52,-99.06,66,-108.83,58,-109.22,45,-112.99,59,-113.30,67,-114.98
2987,7600.00,3665.27,1.50,3,53,0.05,NLOS,119.11,-0.01,-98.88,-71.10,-0.27,34.98,0,52,-98.89,66,-108.83,58,-109.11,45,-112.91,59,-113.10,67,-115.05
2988,7600.00,3655.55,1.50,3,53,0.05,NLOS,119.16,-6.27,-92.68,-64.90,17.19,34.98,0,48,-95.96,67,-107.41,59,-111.34,66,-112.33,42,-113.35,14,-113.81
2989,7600.00,3645.83,1.50,3,53,0.05,NLOS,119.23,-6.27,-92.74,-64.96,16.97,34.98,0,48,-96.03,67,-107.48,59,-111.14,66,-112.34,42,-113.40,14,-113.81
2990,7600.00,3636.12,1.50,3,53,0.05,NLOS,119.31,-6.27,-92.82,-65.04,16.73,34.98,0,48,-96.10,67,-107.55,59,-110.93,66,-112.34,42,-113.44,14,-113.81
2991,7600.00,3626.40,1.50,3,59,0.03,NLOS,126.27,-12.33,-93.72,-65.93,6.60,34.98,1,52,-102.28,47,-102.90,58,-107.19,64,-111.63,65,-112.03,61,-113.49
2992,7600.00,3616.68,1.50,3,59,0.03,NLOS,126.06,-12.33,-93.51,-65.73,6.67,34.98,0,52,-102.11,47,-102.96,58,-107.06,64,-111.67,65,-111.96,61,-113.60
2993,7600.00,3606.97,1.50,3,59,0.03,NLOS,125.86,-12.33,-93.31,-65.53,6.74,34.98,0,52,-101.93,47,-103.01,58,-106.94,64,-111.71,65,-111.90,61,-113.71
2994,7600.00,3597.25,1.50,3,60,0.03,NLOS,130.00,-9.30,-100.48,-72.69,2.88,34.98,1,46,-101.60,59,-104.62,67,-111.59,48,-113.88,53,-114.79,65,-116.27
2995,7600.00,3587.53,1.50,3,60,0.03,NLOS,130.20,-9.30,-100.67,-72.89,2.55,34.98,0,46,-101.56,59,-104.42,67,-111.66,48,-113.95,53,-114.92,65,-116.20
2996,7600.00,3577.81,1.50,3,60,0.03,NLOS,130.39,-9.30,-100.87,-73.09,2.23,34.98,0,46,-101.52,59,-104.22,67,-111.73,48,-114.02,53,-115.06,65,-116.13
2997,7600.00,3568.10,1.50,3,53,0.05,NLOS,120.16,-2.44,-97.50,-69.72,1.43,34.98,1,61,-101.53,59,-101.66,60,-105.44,47,-107.45,54,-109.46,58,-114.62
2998,7600.00,3558.38,1.50,3,53,0.05,NLOS,120.32,-2.44,-97.66,-69.88,1.23,34.98,0,59,-101.46,61,-101.63,60,-105.63,47,-107.51,54,-109.61,58,-114.49
2999,7600.00,3548.66,1.50,3,53,0.05,NLOS,120.49,-2.44,-97.83,-70.05,1.01,34.98,0,59,-101.27,61,-101.74,60,-105.82,47,-107.58,54,-109.75,58,-114.36
3000,7600.00,3538.95,1.50,3,60,0.03,NLOS,131.16,-20.21,-90.73,-62.95,6.70,34.98,1,54,-99.54,53,-102.39,48,-108.85,45,-109.28,59,-109.58,19,-111.16
