Step,ue0_x,ue0_y,ue0_height,ue0_direction,ue0_connected_bs,ue0_los_probability,ue0_los_state,ue0_pathloss,ue0_shadow_fading,ue0_rsrp,ue0_prx,ue0_sinr,ue0_speed,ue0_handover,ue0_bs1_idx,ue0_bs1_rsrp,ue0_bs2_idx,ue0_bs2_rsrp,ue0_bs3_idx,ue0_bs3_rsrp,ue0_bs4_idx,ue0_bs4_rsrp,ue0_bs5_idx,ue0_bs5_rsrp,ue0_bs6_idx,ue0_bs6_rsrp
0,3947.50,5254.37,3.00,1,14,0.05,NLOS,118.18,5.41,-103.37,-75.59,-0.38,24.74,0,8,-105.61,13,-107.72,25,-112.21,18,-113.25,3,-113.64,24,-116.06
1,3947.50,5261.25,3.00,1,14,0.06,NLOS,118.01,5.41,-103.20,-75.42,-0.11,24.74,0,8,-105.72,13,-107.86,25,-112.20,18,-113.30,3,-113.62,24,-116.08
2,3947.50,5268.12,3.00,1,14,0.06,NLOS,117.85,5.41,-103.04,-75.26,0.15,24.74,0,8,-105.84,13,-108.00,25,-112.19,18,-113.36,3,-113.61,15,-116.03
3,3947.50,5274.99,3.00,1,14,0.06,NLOS,117.69,5.41,-102.88,-75.10,0.41,24.74,0,8,-105.95,13,-108.14,25,-112.19,18,-113.41,3,-113.60,15,-115.92
4,3947.50,5281.86,3.00,1,14,0.06,NLOS,117.53,-1.28,-96.03,-68.25,-0.95,24.74,0,8,-96.05,7,-106.55,9,-106.61,19,-108.09,15,-109.20,13,-110.09
5,3947.50,5288.74,3.00,1,14,0.06,NLOS,117.38,-1.28,-95.88,-68.10,-0.71,24.74,0,8,-96.17,9,-106.48,7,-106.64,19,-108.12,15,-109.09,13,-110.23
6,3947.50,5295.61,3.00,1,14,0.06,NLOS,117.24,-1.28,-95.74,-67.95,-0.48,24.74,0,8,-96.29,9,-106.36,7,-106.73,19,-108.15,15,-108.99,13,-110.36
7,3947.50,5302.48,3.00,1,14,0.06,NLOS,117.09,-1.28,-95.59,-67.81,-0.25,24.74,0,8,-96.41,9,-106.23,7,-106.82,19,-108.17,15,-108.88,13,-110.50
8,3947.50,5309.35,3.00,1,14,0.06,NLOS,116.96,-0.91,-95.83,-68.05,6.86,24.74,0,8,-105.02,2,-108.68,19,-110.47,9,-112.10,13,-112.64,7,-113.42
9,3947.50,5316.23,3.00,1,14,0.06,NLOS,116.83,-0.91,-95.70,-67.92,7.06,24.74,0,8,-105.14,2,-108.73,19,-110.50,9,-111.97,13,-112.77,7,-113.50
10,3947.50,5323.10,3.00,1,14,0.06,NLOS,116.70,-0.91,-95.57,-67.79,7.26,24.74,0,8,-105.27,2,-108.77,19,-110.53,9,-111.84,13,-112.91,7,-113.59
11,3947.50,5329.97,3.00,1,14,0.06,NLOS,116.58,-0.91,-95.45,-67.67,7.45,24.74,0,8,-105.39,2,-108.82,19,-110.56,9,-111.71,13,-113.04,7,-113.67
12,3947.50,5336.85,3.00,1,14,0.06,NLOS,116.47,1.00,-97.24,-69.46,4.65,24.74,0,8,-105.71,15,-105.97,9,-109.87,12,-114.68,16,-114.77,3,-118.83
13,3947.50,5343.72,3.00,1,14,0.06,NLOS,116.36,1.00,-97.13,-69.35,4.75,24.74,0,8,-105.84,15,-105.86,9,-109.75,16,-114.71,12,-114.75,3,-118.82
14,3947.50,5350.59,3.00,1,14,0.06,NLOS,116.26,1.00,-97.03,-69.25,4.83,24.74,0,15,-105.75,8,-105.96,9,-109.62,16,-114.65,12,-114.82,3,-118.82
15,3947.50,5357.46,3.00,1,14,0.06,NLOS,116.16,1.00,-96.94,-69.16,4.91,24.74,0,15,-105.64,8,-106.09,9,-109.49,16,-114.58,12,-114.89,3,-118.81
16,3947.50,5364.34,3.00,1,14,0.06,NLOS,116.08,-5.94,-89.92,-62.14,5.44,24.74,0,9,-95.75,13,-107.74,3,-108.78,8,-112.03,17,-118.76,15,-119.37
17,3947.50,5371.21,3.00,1,14,0.07,NLOS,116.00,-5.94,-89.84,-62.06,5.41,24.74,0,9,-95.62,13,-107.87,3,-108.77,8,-112.16,17,-118.80,15,-119.26
18,3947.50,5378.08,3.00,1,14,0.07,NLOS,115.93,-5.94,-89.77,-61.99,5.37,24.74,0,9,-95.49,13,-107.99,3,-108.77,8,-112.28,17,-118.85,15,-119.14
19,3947.50,5384.95,3.00,1,14,0.07,NLOS,115.86,-5.94,-89.71,-61.92,5.32,24.74,0,9,-95.36,13,-108.12,3,-108.76,8,-112.41,17,-118.89,15,-119.03
20,3947.50,5391.83,3.00,1,14,0.07,NLOS,115.81,-0.47,-95.12,-67.33,10.51,24.74,0,9,-111.73,15,-112.53,20,-112.66,13,-113.13,8,-113.74,7,-115.37
21,3947.50,5398.70,3.00,1,14,0.07,NLOS,115.76,-0.47,-95.07,-67.29,10.54,24.74,0,9,-111.60,15,-112.42,20,-112.62,13,-113.26,8,-113.87,7,-115.45
22,3947.50,5405.57,3.00,1,14,0.07,NLOS,115.72,-0.47,-95.03,-67.25,10.55,24.74,0,9,-111.47,15,-112.30,20,-112.58,13,-113.38,8,-114.00,7,-115.53
23,3947.50,5412.45,3.00,1,14,0.07,NLOS,115.69,-0.47,-95.00,-67.22,10.55,24.74,0,9,-111.34,15,-112.18,20,-112.54,13,-113.50,8,-114.13,3,-115.54
24,3947.50,5419.32,3.00,1,14,0.07,NLOS,115.67,-4.62,-90.83,-63.05,16.58,24.74,0,9,-110.10,20,-115.57,15,-117.67,8,-118.17,2,-118.49,7,-118.55
25,3947.50,5426.19,3.00,1,14,0.07,NLOS,115.66,-4.62,-90.82,-63.03,16.53,24.74,0,9,-109.97,20,-115.53,15,-117.55,8,-118.30,2,-118.53,7,-118.63
26,3947.50,5433.06,3.00,1,14,0.07,NLOS,115.65,-4.62,-90.81,-63.03,16.46,24.74,0,9,-109.84,20,-115.49,15,-117.43,8,-118.43,2,-118.58,7,-118.71
27,3947.50,5439.94,3.00,1,14,0.07,NLOS,115.66,-4.62,-90.82,-63.03,16.39,24.74,0,9,-109.71,20,-115.45,15,-117.31,8,-118.56,2,-118.63,7,-118.79
28,3947.50,5446.81,3.00,1,14,0.07,NLOS,115.67,-5.27,-90.18,-62.40,5.26,24.74,0,9,-98.52,8,-99.66,15,-106.29,13,-109.06,4,-114.96,2,-115.57
29,3947.50,5453.68,3.00,1,14,0.07,NLOS,115.69,-5.27,-90.20,-62.42,5.21,24.74,0,9,-98.39,8,-99.79,15,-106.17,13,-109.17,4,-114.91,2,-115.61
30,3947.50,5460.55,3.00,1,14,0.07,NLOS,115.72,-5.27,-90.23,-62.45,5.16,24.74,0,9,-98.26,8,-99.92,15,-106.05,13,-109.29,4,-114.87,2,-115.66
31,3947.50,5467.43,3.00,1,14,0.07,NLOS,115.76,-5.27,-90.27,-62.49,5.09,24.74,0,9,-98.13,8,-100.05,15,-105.93,13,-109.41,4,-114.82,2,-115.71
32,3947.50,5474.30,3.00,1,14,0.07,NLOS,115.81,11.46,-107.04,-79.26,3.24,24.74,0,15,-113.76,7,-114.02,8,-118.20,19,-119.18,9,-119.20,2,-120.79
33,3947.50,5481.17,3.00,1,14,0.07,NLOS,115.86,11.46,-107.10,-79.32,3.14,24.74,0,15,-113.64,7,-114.10,8,-118.33,9,-119.08,19,-119.23,2,-120.83
34,3947.50,5488.05,3.00,1,14,0.07,NLOS,115.93,11.46,-107.16,-79.38,3.04,24.74,0,15,-113.51,7,-114.18,8,-118.46,9,-118.95,19,-119.27,2,-120.88
35,3947.50,5494.92,3.00,1,14,0.07,NLOS,116.00,11.46,-107.24,-79.45,2.92,24.74,0,15,-113.38,7,-114.25,8,-118.59,9,-118.82,19,-119.31,2,-120.93
36,3947.50,5501.79,3.00,1,14,0.06,NLOS,116.08,10.53,-106.39,-78.61,0.43,24.74,0,8,-111.89,19,-113.22,15,-113.27,2,-115.78,9,-116.84,13,-117.50
37,3947.50,5508.66,3.00,1,14,0.06,NLOS,116.16,10.53,-106.47,-78.69,0.36,24.74,0,8,-112.02,15,-113.14,19,-113.26,2,-115.83,9,-116.72,13,-117.62
38,3947.50,5515.54,3.00,1,14,0.06,NLOS,116.26,10.53,-106.57,-78.79,0.27,24.74,0,8,-112.15,15,-113.01,19,-113.30,2,-115.88,9,-116.59,13,-117.73
39,3947.50,5522.41,3.00,1,14,0.06,NLOS,116.36,10.53,-106.67,-78.89,0.18,24.74,0,8,-112.28,15,-112.88,19,-113.35,2,-115.93,9,-116.46,13,-117.84
40,3947.50,5529.28,3.00,1,14,0.06,NLOS,116.47,-1.99,-94.26,-66.48,10.61,24.74,0,9,-108.21,13,-111.46,15,-112.68,16,-113.60,19,-116.17,4,-116.18
41,3947.50,5536.15,3.00,1,14,0.06,NLOS,116.58,-1.99,-94.37,-66.59,10.44,24.74,0,9,-108.09,13,-111.57,15,-112.55,16,-113.53,4,-116.13,19,-116.22
42,3947.50,5543.03,3.00,1,14,0.06,NLOS,116.70,-1.99,-94.49,-66.71,10.27,24.74,0,9,-107.96,13,-111.68,15,-112.41,16,-113.46,4,-116.09,10,-116.20
43,3947.50,5549.90,3.00,1,14,0.06,NLOS,116.83,-1.99,-94.62,-66.84,10.09,24.74,0,9,-107.84,13,-111.79,15,-112.28,16,-113.39,4,-116.05,10,-116.11
44,3947.50,5556.77,3.00,1,14,0.06,NLOS,116.96,1.88,-98.62,-70.84,3.72,24.74,0,9,-103.44,8,-111.68,12,-114.15,15,-114.25,27,-117.72,24,-119.27
45,3947.50,5563.65,3.00,1,14,0.06,NLOS,117.10,1.88,-98.76,-70.98,3.50,24.74,0,9,-103.32,8,-111.80,15,-114.12,12,-114.21,27,-117.69,24,-119.30
46,3947.50,5570.52,3.00,1,14,0.06,NLOS,117.24,1.88,-98.90,-71.12,3.27,24.74,0,9,-103.20,8,-111.93,15,-113.98,12,-114.27,27,-117.66,24,-119.33
47,3947.50,5577.39,3.00,1,14,0.06,NLOS,117.39,1.88,-99.05,-71.27,3.03,24.74,0,9,-103.08,8,-112.06,15,-113.84,12,-114.33,27,-117.63,24,-119.35
48,3947.50,5584.26,3.00,1,14,0.06,NLOS,117.54,0.89,-98.21,-70.43,2.07,24.74,0,9,-100.67,2,-111.68,7,-114.40,4,-114.78,10,-115.54,15,-115.94
49,3947.50,5591.14,3.00,1,14,0.06,NLOS,117.69,0.89,-98.37,-70.59,1.80,24.74,0,9,-100.55,2,-111.73,7,-114.47,4,-114.74,10,-115.45,15,-115.80
50,3947.50,5598.01,3.00,1,14,0.06,NLOS,117.85,0.89,-98.53,-70.75,1.54,24.74,0,9,-100.44,2,-111.78,7,-114.55,4,-114.70,10,-115.37,15,-115.66
51,3947.50,5604.88,3.00,1,14,0.06,NLOS,118.02,0.89,-98.69,-70.91,1.27,24.74,0,9,-100.32,2,-111.83,7,-114.62,4,-114.66,10,-115.28,15,-115.52
52,3947.50,5611.76,3.00,1,14,0.05,NLOS,118.18,5.87,-103.83,-76.05,-1.11,24.74,0,13,-104.68,7,-108.35,9,-109.51,20,-114.09,8,-117.73,19,-118.62
53,3947.50,5618.63,3.00,1,14,0.05,NLOS,118.35,5.87,-104.00,-76.22,-1.23,24.74,0,13,-104.79,7,-108.42,9,-109.40,20,-114.07,8,-117.85,19,-118.66
54,3947.50,5625.50,3.00,1,14,0.05,NLOS,118.52,5.87,-104.17,-76.39,-1.37,24.74,0,13,-104.89,7,-108.49,9,-109.29,20,-114.04,8,-117.98,19,-118.71
55,3947.50,5632.37,3.00,1,14,0.05,NLOS,118.70,5.87,-104.35,-76.57,-1.50,24.74,0,13,-104.99,7,-108.56,9,-109.18,20,-114.02,8,-118.10,19,-118.76
56,3947.50,5639.25,3.00,1,14,0.05,NLOS,118.88,-0.71,-97.94,-70.16,-1.67,24.74,0,9,-96.46,10,-108.80,8,-113.76,25,-116.11,15,-116.39,20,-116.54
57,3947.50,5646.12,3.00,1,14,0.05,NLOS,119.06,-0.71,-98.12,-70.34,-1.95,24.74,0,9,-96.35,10,-108.71,8,-113.88,25,-116.12,15,-116.25,20,-116.52
58,3947.50,5652.99,3.00,1,14,0.05,NLOS,119.24,-0.71,-98.31,-70.52,-2.23,24.74,0,9,-96.25,10,-108.62,8,-114.00,15,-116.10,25,-116.13,20,-116.50
59,3947.50,5659.86,3.00,1,14,0.05,NLOS,119.42,-0.71,-98.49,-70.71,-2.51,24.74,0,9,-96.15,10,-108.52,8,-114.12,15,-115.95,25,-116.13,20,-116.47
60,3947.50,5666.74,3.00,1,14,0.05,NLOS,119.61,-7.14,-92.24,-64.46,5.75,24.74,0,15,-100.42,9,-102.47,20,-110.28,16,-116.77,10,-120.26,3,-120.34
61,3947.50,5673.61,3.00,1,14,0.05,NLOS,119.79,-7.14,-92.43,-64.65,5.44,24.74,0,15,-100.26,9,-102.38,20,-110.26,16,-116.70,10,-120.17,3,-120.36
62,3947.50,5680.48,3.00,1,14,0.05,NLOS,119.98,-7.14,-92.62,-64.84,5.13,24.74,0,15,-100.11,9,-102.28,20,-110.24,16,-116.62,10,-120.08,3,-120.38
63,3947.50,5687.36,3.00,1,14,0.05,NLOS,120.17,-7.14,-92.81,-65.03,4.82,24.74,0,15,-99.96,9,-102.19,20,-110.22,16,-116.55,10,-119.98,3,-120.40
64,3947.50,5694.23,3.00,1,14,0.05,NLOS,120.36,3.32,-103.46,-75.68,-1.55,24.74,0,8,-105.04,20,-106.14,3,-111.01,9,-113.34,16,-113.63,19,-117.73
65,3947.50,5701.10,3.00,1,14,0.05,NLOS,120.55,3.32,-103.65,-75.87,-1.69,24.74,0,8,-105.15,20,-106.13,3,-111.03,9,-113.25,16,-113.55,19,-117.78
66,3947.50,5707.97,3.00,1,14,0.05,NLOS,120.74,3.32,-103.84,-76.06,-1.84,24.74,0,8,-105.27,20,-106.11,3,-111.05,9,-113.17,16,-113.47,19,-117.83
67,3947.50,5714.85,3.00,1,14,0.04,NLOS,120.93,3.32,-104.03,-76.25,-1.98,24.74,0,8,-105.39,20,-106.09,3,-111.07,9,-113.09,16,-113.40,19,-117.88
68,3947.50,5721.72,3.00,1,14,0.04,NLOS,121.13,-2.59,-98.32,-70.54,5.21,24.74,0,9,-106.76,8,-108.51,15,-113.65,13,-115.04,21,-117.68,5,-119.60
69,3947.50,5728.59,3.00,1,14,0.04,NLOS,121.32,-2.59,-98.51,-70.73,5.01,24.74,0,9,-106.69,8,-108.63,15,-113.49,13,-115.14,21,-117.62,5,-119.55
70,3947.50,5735.46,3.00,1,14,0.04,NLOS,121.51,-2.59,-98.70,-70.92,4.81,24.74,0,9,-106.62,8,-108.75,15,-113.33,13,-115.23,21,-117.57,5,-119.50
71,3947.50,5742.34,3.00,1,14,0.04,NLOS,121.70,-2.59,-98.90,-71.11,4.61,24.74,0,9,-106.55,8,-108.86,15,-113.17,13,-115.32,21,-117.51,10,-119.41
72,3947.50,5749.21,3.00,1,9,0.04,NLOS,122.83,-0.28,-102.34,-74.55,-3.52,24.74,1,10,-102.42,8,-104.95,15,-108.04,3,-108.28,14,-109.67,24,-113.33
73,3947.50,5756.08,3.00,1,9,0.04,NLOS,122.77,-0.28,-102.27,-74.49,-3.47,24.74,0,10,-102.32,8,-105.07,15,-107.88,3,-108.31,14,-109.86,24,-113.36
74,3947.50,5762.96,3.00,1,9,0.04,NLOS,122.71,-0.28,-102.22,-74.43,-3.43,24.74,0,10,-102.23,8,-105.18,15,-107.72,3,-108.33,14,-110.05,24,-113.39
75,3947.50,5769.83,3.00,1,9,0.04,NLOS,122.66,-0.28,-102.16,-74.38,-3.40,24.74,0,10,-102.13,8,-105.29,15,-107.55,3,-108.36,14,-110.25,24,-113.42
76,3947.50,5776.70,3.00,1,14,0.04,NLOS,122.66,-6.36,-96.08,-68.30,6.31,24.74,1,15,-104.71,9,-110.64,20,-111.32,8,-111.96,2,-112.76,21,-116.14
77,3947.50,5783.57,3.00,1,14,0.04,NLOS,122.85,-6.36,-96.27,-68.49,6.03,24.74,0,15,-104.54,9,-110.59,20,-111.31,8,-112.07,2,-112.81,21,-116.09
78,3947.50,5790.45,3.00,1,14,0.04,NLOS,123.04,-6.36,-96.46,-68.68,5.74,24.74,0,15,-104.38,9,-110.55,20,-111.30,8,-112.18,2,-112.86,21,-116.03
79,3947.50,5797.32,3.00,1,14,0.04,NLOS,123.23,-6.36,-96.65,-68.87,5.45,24.74,0,15,-104.21,9,-110.51,20,-111.29,8,-112.29,2,-112.91,21,-115.98
80,3947.50,5804.19,3.00,1,14,0.04,NLOS,123.42,-8.81,-94.40,-66.61,9.71,24.74,0,15,-105.30,16,-111.70,9,-113.54,3,-115.94,8,-116.72,4,-118.51
81,3947.50,5811.06,3.00,1,14,0.04,NLOS,123.61,-8.81,-94.58,-66.80,9.39,24.74,0,15,-105.13,16,-111.62,9,-113.51,3,-115.96,8,-116.83,4,-118.47
82,3947.50,5817.94,3.00,1,14,0.04,NLOS,123.80,-8.81,-94.77,-66.99,9.08,24.74,0,15,-104.95,16,-111.53,9,-113.48,3,-115.99,8,-116.94,4,-118.44
83,3947.50,5824.81,3.00,1,14,0.04,NLOS,123.98,-8.81,-94.96,-67.18,8.76,24.74,0,15,-104.78,16,-111.45,9,-113.45,3,-116.02,8,-117.05,4,-118.41
84,3947.50,5831.68,3.00,1,9,0.04,NLOS,122.32,-8.12,-93.98,-66.20,3.40,24.74,1,14,-99.34,15,-102.31,5,-107.59,20,-111.65,25,-113.80,10,-114.28
85,3947.50,5838.56,3.00,1,9,0.04,NLOS,122.31,-8.12,-93.96,-66.18,3.48,24.74,0,14,-99.52,15,-102.14,5,-107.54,20,-111.64,25,-113.81,10,-114.17
86,3947.50,5845.43,3.00,1,9,0.04,NLOS,122.29,-8.12,-93.95,-66.17,3.54,24.74,0,14,-99.70,15,-101.96,5,-107.49,20,-111.64,25,-113.83,10,-114.07
87,3947.50,5852.30,3.00,1,9,0.04,NLOS,122.28,-8.12,-93.94,-66.16,3.59,24.74,0,14,-99.89,15,-101.78,5,-107.44,20,-111.64,25,-113.84,10,-113.96
88,3947.50,5859.17,3.00,1,15,0.03,NLOS,125.26,0.99,-106.04,-78.25,-2.25,24.74,1,10,-106.39,14,-110.67,9,-111.10,19,-118.23,20,-119.82,26,-120.91
89,3947.50,5866.05,3.00,1,15,0.03,NLOS,125.08,0.99,-105.86,-78.07,-2.10,24.74,0,10,-106.28,14,-110.85,9,-111.09,19,-118.28,20,-119.82,26,-120.90
90,3947.50,5872.92,3.00,1,15,0.03,NLOS,124.90,0.99,-105.67,-77.89,-1.94,24.74,0,10,-106.17,14,-111.03,9,-111.10,19,-118.34,20,-119.82,26,-120.88
91,3947.50,5879.79,3.00,1,15,0.04,NLOS,124.72,0.99,-105.49,-77.71,-1.79,24.74,0,10,-106.07,9,-111.10,14,-111.21,19,-118.39,20,-119.82,26,-120.87
92,3947.50,5886.66,3.00,1,9,0.04,NLOS,122.29,-2.70,-99.37,-71.59,-0.51,24.74,1,14,-100.46,20,-101.56,15,-106.35,4,-109.75,16,-111.37,8,-114.07
93,3947.50,5893.54,3.00,1,9,0.04,NLOS,122.31,-2.70,-99.39,-71.60,-0.44,24.74,0,14,-100.64,20,-101.56,15,-106.16,4,-109.72,16,-111.28,8,-114.17
94,3947.50,5900.41,3.00,1,9,0.04,NLOS,122.32,-2.70,-99.40,-71.62,-0.38,24.74,0,14,-100.81,20,-101.56,15,-105.98,4,-109.69,16,-111.19,8,-114.28
95,3947.50,5907.28,3.00,1,9,0.04,NLOS,122.35,-2.70,-99.43,-71.64,-0.32,24.74,0,14,-100.99,20,-101.57,15,-105.79,4,-109.66,16,-111.11,8,-114.38
96,3947.50,5914.16,3.00,1,9,0.04,NLOS,122.37,4.76,-106.91,-79.13,-5.23,24.74,0,8,-106.29,15,-108.68,3,-109.27,10,-109.44,14,-111.69,26,-116.75
97,3947.50,5921.03,3.00,1,9,0.04,NLOS,122.40,4.76,-106.94,-79.16,-5.26,24.74,0,8,-106.40,15,-108.49,3,-109.30,10,-109.33,14,-111.86,26,-116.74
98,3947.50,5927.90,3.00,1,9,0.04,NLOS,122.43,4.76,-106.97,-79.19,-5.29,24.74,0,8,-106.50,15,-108.30,10,-109.22,3,-109.33,14,-112.03,26,-116.73
99,3947.50,5934.77,3.00,1,9,0.04,NLOS,122.47,4.76,-107.01,-79.23,-5.34,24.74,0,8,-106.60,15,-108.11,10,-109.11,3,-109.37,14,-112.20,26,-116.72
100,3947.50,5941.65,3.00,1,9,0.04,NLOS,122.51,4.75,-107.05,-79.27,-2.68,24.74,0,14,-107.60,15,-109.39,10,-113.18,19,-117.20,8,-118.31,20,-118.56
101,3947.50,5948.52,3.00,1,9,0.04,NLOS,122.56,4.75,-107.09,-79.31,-2.72,24.74,0,14,-107.77,15,-109.20,10,-113.07,19,-117.25,8,-118.41,20,-118.57
102,3947.50,5955.39,3.00,1,9,0.04,NLOS,122.61,4.75,-107.14,-79.36,-2.77,24.74,0,14,-107.94,15,-109.01,10,-112.95,19,-117.31,8,-118.51,20,-118.58
103,3947.50,5962.26,3.00,1,9,0.04,NLOS,122.66,4.75,-107.19,-79.41,-2.82,24.74,0,14,-108.10,15,-108.82,10,-112.84,19,-117.36,20,-118.59,16,-118.60
104,3947.50,5969.14,3.00,1,9,0.04,NLOS,122.71,1.00,-103.49,-75.71,0.01,24.74,0,15,-105.78,26,-110.48,14,-110.60,10,-112.92,16,-115.56,25,-117.01
105,3947.50,5976.01,3.00,1,9,0.04,NLOS,122.77,1.00,-103.55,-75.77,-0.14,24.74,0,15,-105.59,26,-110.46,14,-110.76,10,-112.81,16,-115.47,25,-117.03
106,3947.50,5982.88,3.00,1,9,0.04,NLOS,122.83,1.00,-103.61,-75.83,-0.30,24.74,0,15,-105.40,26,-110.45,14,-110.93,10,-112.69,16,-115.37,25,-117.04
107,3947.50,5989.76,3.00,1,9,0.04,NLOS,122.90,1.00,-103.68,-75.90,-0.47,24.74,0,15,-105.20,26,-110.44,14,-111.09,10,-112.58,16,-115.28,25,-117.06
108,3947.50,5996.63,3.00,1,9,0.04,NLOS,122.97,-3.77,-98.98,-71.20,-1.74,24.74,0,15,-98.48,14,-104.02,20,-111.71,21,-115.37,4,-115.61,8,-116.99
109,3947.50,6003.50,3.00,1,9,0.04,NLOS,123.04,-3.77,-99.05,-71.27,-1.92,24.74,0,15,-98.29,14,-104.18,20,-111.73,21,-115.32,4,-115.59,8,-117.09
110,3947.50,6010.37,3.00,1,9,0.04,NLOS,123.11,-3.77,-99.13,-71.35,-2.12,24.74,0,15,-98.10,14,-104.34,20,-111.74,21,-115.26,4,-115.57,8,-117.19
111,3947.50,6017.25,3.00,1,9,0.04,NLOS,123.19,-3.77,-99.20,-71.42,-2.32,24.74,0,15,-97.90,14,-104.49,20,-111.76,21,-115.21,4,-115.55,8,-117.28
112,3947.50,6024.12,3.00,1,9,0.04,NLOS,123.27,-0.61,-102.44,-74.66,6.62,24.74,0,14,-114.31,20,-115.37,4,-116.11,8,-116.47,15,-118.01,16,-119.20
113,3947.50,6030.99,3.00,1,9,0.04,NLOS,123.35,-0.61,-102.52,-74.74,6.57,24.74,0,14,-114.47,20,-115.39,4,-116.09,8,-116.57,15,-117.82,16,-119.10
114,3947.50,6037.86,3.00,1,9,0.04,NLOS,123.44,-0.61,-102.61,-74.83,6.51,24.74,0,14,-114.62,20,-115.40,4,-116.07,8,-116.66,15,-117.63,16,-119.01
115,3947.50,6044.74,3.00,1,9,0.04,NLOS,123.53,-0.61,-102.70,-74.92,6.44,24.74,0,14,-114.78,20,-115.42,4,-116.05,8,-116.76,15,-117.44,16,-118.91
116,3947.50,6043.39,3.00,3,9,0.04,NLOS,123.51,-0.61,-102.68,-74.90,6.45,24.74,0,14,-114.75,20,-115.42,4,-116.05,8,-116.74,15,-117.47,16,-118.93
117,3947.50,6036.52,3.00,3,15,0.05,NLOS,120.40,-17.04,-83.14,-55.36,24.32,24.74,1,5,-107.59,9,-110.51,10,-113.17,8,-114.35,19,-114.54,21,-117.07
118,3947.50,6029.64,3.00,3,15,0.05,NLOS,120.59,-17.04,-83.33,-55.55,24.12,24.74,0,5,-107.64,9,-110.42,10,-113.29,8,-114.25,19,-114.48,21,-117.12
119,3947.50,6022.77,3.00,3,15,0.05,NLOS,120.78,-17.04,-83.52,-55.74,23.92,24.74,0,5,-107.69,9,-110.34,10,-113.41,8,-114.16,19,-114.43,21,-117.17
120,3947.50,6015.90,3.00,3,15,0.04,NLOS,120.97,-17.04,-83.71,-55.93,23.71,24.74,0,5,-107.73,9,-110.26,10,-113.53,8,-114.06,19,-114.37,21,-117.22
121,3947.50,6009.03,3.00,3,9,0.04,NLOS,123.10,-7.04,-95.84,-68.06,1.44,24.74,1,10,-101.16,15,-101.70,14,-104.03,20,-110.29,21,-117.16,32,-117.67
122,3947.50,6002.15,3.00,3,9,0.04,NLOS,123.02,-7.04,-95.77,-67.99,1.59,24.74,0,10,-101.28,15,-101.89,14,-103.87,20,-110.28,21,-117.21,32,-117.69
123,3947.50,5995.28,3.00,3,9,0.04,NLOS,122.95,-7.04,-95.70,-67.92,1.74,24.74,0,10,-101.39,15,-102.08,14,-103.71,20,-110.26,21,-117.26,32,-117.70
124,3947.50,5988.41,3.00,3,9,0.04,NLOS,122.88,-7.04,-95.63,-67.85,1.88,24.74,0,10,-101.51,15,-102.28,14,-103.55,20,-110.25,21,-117.31,32,-117.71
125,3947.50,5981.54,3.00,3,9,0.04,NLOS,122.82,1.55,-104.15,-76.37,-1.12,24.74,0,14,-106.35,15,-107.45,2,-108.41,16,-109.64,10,-112.08,20,-113.69
126,3947.50,5974.66,3.00,3,9,0.04,NLOS,122.76,1.55,-104.09,-76.31,-1.06,24.74,0,14,-106.19,15,-107.64,2,-108.36,16,-109.73,10,-112.20,20,-113.67
127,3947.50,5967.79,3.00,3,9,0.04,NLOS,122.70,1.55,-104.03,-76.25,-1.00,24.74,0,14,-106.02,15,-107.83,2,-108.32,16,-109.82,10,-112.31,20,-113.66
128,3947.50,5960.92,3.00,3,9,0.04,NLOS,122.65,1.55,-103.98,-76.20,-0.96,24.74,0,14,-105.86,15,-108.03,2,-108.27,16,-109.91,10,-112.42,20,-113.65
129,3947.50,5954.04,3.00,3,15,0.04,NLOS,122.70,-6.52,-95.96,-68.18,2.95,24.74,1,9,-100.06,14,-107.76,3,-109.86,10,-112.39,16,-113.75,19,-117.39
130,3947.50,5947.17,3.00,3,15,0.04,NLOS,122.89,-6.52,-96.15,-68.37,2.71,24.74,0,9,-100.01,14,-107.59,3,-109.82,10,-112.51,16,-113.84,19,-117.33
131,3947.50,5940.30,3.00,3,15,0.04,NLOS,123.08,-6.52,-96.34,-68.56,2.47,24.74,0,9,-99.96,14,-107.42,3,-109.79,10,-112.62,16,-113.93,19,-117.28
132,3947.50,5933.43,3.00,3,15,0.04,NLOS,123.27,-6.52,-96.53,-68.75,2.23,24.74,0,9,-99.92,14,-107.25,3,-109.75,10,-112.73,16,-114.02,19,-117.22
133,3947.50,5926.55,3.00,3,15,0.04,NLOS,123.46,-8.05,-95.19,-67.40,8.27,24.74,0,9,-108.83,14,-108.93,16,-111.38,8,-111.55,21,-113.42,10,-113.82
134,3947.50,5919.68,3.00,3,15,0.04,NLOS,123.64,-8.05,-95.37,-67.59,8.05,24.74,0,14,-108.75,9,-108.79,8,-111.44,16,-111.47,21,-113.48,10,-113.93
135,3947.50,5912.81,3.00,3,15,0.04,NLOS,123.83,-8.05,-95.56,-67.78,7.83,24.74,0,14,-108.58,9,-108.76,8,-111.34,16,-111.56,21,-113.53,10,-114.04
136,3947.50,5905.94,3.00,3,15,0.04,NLOS,124.02,-8.05,-95.75,-67.97,7.61,24.74,0,14,-108.41,9,-108.74,8,-111.24,16,-111.65,21,-113.58,10,-114.15
137,3947.50,5899.06,3.00,3,15,0.04,NLOS,124.20,1.10,-105.08,-77.30,-0.65,24.74,0,14,-105.96,13,-110.85,3,-111.01,2,-113.06,8,-113.12,9,-113.60
138,3947.50,5892.19,3.00,3,15,0.04,NLOS,124.39,1.10,-105.27,-77.49,-0.95,24.74,0,14,-105.78,13,-110.76,3,-110.98,2,-113.01,8,-113.02,9,-113.58
139,3947.50,5885.32,3.00,3,15,0.04,NLOS,124.57,1.10,-105.45,-77.67,-1.25,24.74,0,14,-105.61,13,-110.68,3,-110.95,8,-112.91,2,-112.96,9,-113.57
140,3947.50,5878.44,3.00,3,15,0.04,NLOS,124.75,1.10,-105.63,-77.85,-1.55,24.74,0,14,-105.43,13,-110.60,3,-110.91,8,-112.81,2,-112.91,9,-113.56
141,3947.50,5871.57,3.00,3,9,0.04,NLOS,122.28,2.43,-104.49,-76.71,-1.35,24.74,1,14,-104.83,18,-111.26,10,-111.84,15,-112.54,16,-115.63,20,-116.24
142,3947.50,5864.70,3.00,3,9,0.04,NLOS,122.27,2.43,-104.49,-76.71,-1.44,24.74,0,14,-104.65,18,-111.21,10,-111.95,15,-112.72,16,-115.72,20,-116.24
143,3947.50,5857.83,3.00,3,9,0.04,NLOS,122.28,2.43,-104.49,-76.71,-1.55,24.74,0,14,-104.47,18,-111.16,10,-112.05,15,-112.90,16,-115.81,20,-116.24
144,3947.50,5850.95,3.00,3,9,0.04,NLOS,122.28,2.43,-104.50,-76.72,-1.66,24.74,0,14,-104.29,18,-111.11,10,-112.16,15,-113.08,16,-115.89,20,-116.24
145,3950.92,5847.50,3.00,0,9,0.04,NLOS,122.42,-9.36,-92.83,-65.05,10.87,24.74,0,15,-106.35,20,-109.05,14,-110.74,8,-110.89,21,-115.26,2,-115.86
146,3957.79,5847.50,3.00,0,9,0.04,NLOS,122.67,-9.36,-93.09,-65.31,10.54,24.74,0,15,-106.24,20,-108.94,14,-110.61,8,-110.95,21,-115.20,2,-115.91
147,3964.67,5847.50,3.00,0,9,0.04,NLOS,122.92,-9.36,-93.34,-65.56,10.21,24.74,0,15,-106.12,20,-108.83,14,-110.48,8,-111.01,21,-115.13,2,-115.95
148,3971.54,5847.50,3.00,0,9,0.04,NLOS,123.17,-9.36,-93.59,-65.81,9.88,24.74,0,15,-106.00,20,-108.71,14,-110.34,8,-111.07,21,-115.07,2,-116.00
149,3978.41,5847.50,3.00,0,9,0.04,NLOS,123.42,-10.43,-92.77,-64.99,10.50,24.74,0,14,-105.43,10,-109.11,21,-110.36,13,-111.11,20,-116.21,15,-116.24
150,3985.28,5847.50,3.00,0,9,0.04,NLOS,123.66,-10.43,-93.02,-65.23,10.19,24.74,0,14,-105.30,10,-109.16,21,-110.30,13,-111.09,20,-116.09,15,-116.13
151,3992.16,5847.50,3.00,0,9,0.04,NLOS,123.90,-10.43,-93.25,-65.47,9.89,24.74,0,14,-105.17,10,-109.22,21,-110.23,13,-111.07,20,-115.98,15,-116.02
152,3999.03,5847.50,3.00,0,9,0.04,NLOS,124.13,-10.43,-93.49,-65.71,9.59,24.74,0,14,-105.05,10,-109.28,21,-110.17,13,-111.05,20,-115.86,15,-115.91
153,4005.90,5847.50,3.00,0,14,0.04,NLOS,123.50,-1.36,-101.92,-74.14,2.49,24.74,1,15,-107.17,9,-109.35,21,-113.64,16,-114.45,20,-114.70,26,-117.90
154,4012.77,5847.50,3.00,0,14,0.04,NLOS,123.38,-1.36,-101.80,-74.02,2.61,24.74,0,15,-107.07,9,-109.58,21,-113.57,16,-114.43,20,-114.58,26,-117.83
155,4019.65,5847.50,3.00,0,14,0.04,NLOS,123.26,-1.36,-101.68,-73.90,2.73,24.74,0,15,-106.96,9,-109.81,21,-113.51,16,-114.42,20,-114.46,26,-117.77
156,4026.52,5847.50,3.00,0,14,0.04,NLOS,123.14,-1.36,-101.56,-73.78,2.84,24.74,0,15,-106.86,9,-110.03,21,-113.44,20,-114.34,16,-114.40,26,-117.71
157,4033.39,5847.50,3.00,0,15,0.04,NLOS,124.18,-4.70,-99.26,-71.48,7.26,24.74,1,14,-111.97,10,-113.25,20,-113.81,16,-115.59,8,-115.69,19,-115.95
158,4040.27,5847.50,3.00,0,15,0.04,NLOS,124.08,-4.70,-99.16,-71.38,7.33,24.74,0,14,-111.85,10,-113.31,20,-113.69,16,-115.57,8,-115.75,19,-115.89
159,4047.14,5847.50,3.00,0,15,0.04,NLOS,123.98,-4.70,-99.06,-71.28,7.40,24.74,0,14,-111.74,10,-113.37,20,-113.57,16,-115.56,8,-115.81,19,-115.82
160,4054.01,5847.50,3.00,0,15,0.04,NLOS,123.89,-4.70,-98.97,-71.19,7.46,24.74,0,14,-111.63,10,-113.43,20,-113.45,16,-115.55,19,-115.75,8,-115.87
161,4060.88,5847.50,3.00,0,15,0.04,NLOS,123.79,3.76,-107.34,-79.55,-6.34,24.74,0,14,-105.01,10,-106.18,9,-106.54,19,-114.07,4,-114.46,8,-118.10
162,4067.76,5847.50,3.00,0,15,0.04,NLOS,123.70,3.76,-107.24,-79.46,-6.22,24.74,0,14,-104.91,10,-106.24,9,-106.75,19,-114.00,4,-114.53,8,-118.17
163,4074.63,5847.50,3.00,0,15,0.04,NLOS,123.62,3.76,-107.16,-79.37,-6.11,24.74,0,14,-104.81,10,-106.30,9,-106.95,19,-113.93,4,-114.61,8,-118.23
164,4081.50,5847.50,3.00,0,15,0.04,NLOS,123.53,3.76,-107.07,-79.29,-6.00,24.74,0,14,-104.71,10,-106.36,9,-107.16,19,-113.86,4,-114.69,8,-118.29
165,4088.37,5847.50,3.00,0,9,0.03,NLOS,126.92,-2.30,-104.40,-76.62,1.01,24.74,1,14,-109.69,15,-109.77,20,-111.94,21,-112.95,3,-113.61,12,-114.50
166,4095.25,5847.50,3.00,0,9,0.03,NLOS,127.12,-2.30,-104.60,-76.82,0.76,24.74,0,14,-109.59,15,-109.69,20,-111.81,21,-112.88,3,-113.69,12,-114.49
167,4102.12,5847.50,3.00,0,9,0.03,NLOS,127.31,-2.30,-104.79,-77.01,0.52,24.74,0,14,-109.50,15,-109.61,20,-111.68,21,-112.82,3,-113.77,12,-114.49
168,4108.99,5847.50,3.00,0,9,0.03,NLOS,127.50,-2.30,-104.98,-77.20,0.29,24.74,0,14,-109.42,15,-109.54,20,-111.55,21,-112.75,3,-113.84,12,-114.49
169,4115.87,5847.50,3.00,0,15,0.04,NLOS,123.14,-11.00,-91.93,-64.15,7.86,24.74,1,9,-104.03,21,-104.15,20,-107.26,8,-110.75,14,-113.50,26,-114.49
170,4122.74,5847.50,3.00,0,15,0.04,NLOS,123.07,-11.00,-91.86,-64.08,7.95,24.74,0,21,-104.08,9,-104.21,20,-107.13,8,-110.82,14,-113.41,26,-114.42
171,4129.61,5847.50,3.00,0,15,0.04,NLOS,123.01,-11.00,-91.79,-64.01,8.03,24.74,0,21,-104.02,9,-104.40,20,-107.00,8,-110.88,14,-113.34,26,-114.36
172,4136.48,5847.50,3.00,0,15,0.04,NLOS,122.95,-11.00,-91.73,-63.95,8.10,24.74,0,21,-103.95,9,-104.58,20,-106.86,8,-110.95,14,-113.26,26,-114.29
173,4143.36,5847.50,3.00,0,15,0.04,NLOS,122.89,-6.51,-96.16,-68.37,4.30,24.74,0,14,-102.73,9,-106.68,10,-112.88,21,-113.16,23,-114.59,16,-116.23
174,4144.77,5847.50,3.00,2,15,0.04,NLOS,122.87,-6.51,-96.14,-68.36,4.31,24.74,0,14,-102.72,9,-106.72,10,-112.89,21,-113.15,23,-114.59,16,-116.22
175,4137.90,5847.50,3.00,2,15,0.04,NLOS,122.93,-6.51,-96.20,-68.42,4.26,24.74,0,14,-102.79,9,-106.54,10,-112.83,21,-113.22,23,-114.61,16,-116.23
176,4131.03,5847.50,3.00,2,15,0.04,NLOS,122.99,-6.51,-96.26,-68.48,4.19,24.74,0,14,-102.86,9,-106.36,10,-112.76,21,-113.28,23,-114.64,16,-116.24
177,4124.15,5847.50,3.00,2,15,0.04,NLOS,123.06,-6.51,-96.33,-68.55,4.13,24.74,0,14,-102.93,9,-106.17,10,-112.70,21,-113.35,23,-114.67,16,-116.25
178,4117.28,5847.50,3.00,2,15,0.04,NLOS,123.13,-3.35,-99.56,-71.78,6.79,24.74,0,19,-109.13,14,-109.67,9,-110.07,8,-113.60,10,-119.25,4,-119.28
179,4110.41,5847.50,3.00,2,15,0.04,NLOS,123.20,-3.35,-99.63,-71.85,6.68,24.74,0,19,-109.20,14,-109.76,9,-109.88,8,-113.54,10,-119.18,4,-119.20
180,4103.53,5847.50,3.00,2,15,0.04,NLOS,123.27,-3.35,-99.70,-71.92,6.55,24.74,0,19,-109.27,9,-109.69,14,-109.84,8,-113.47,10,-119.12,4,-119.13
181,4096.66,5847.50,3.00,2,15,0.04,NLOS,123.35,-3.35,-99.78,-72.00,6.43,24.74,0,19,-109.34,9,-109.49,14,-109.93,8,-113.41,4,-119.05,10,-119.06
182,4089.79,5847.50,3.00,2,15,0.04,NLOS,123.43,-10.46,-92.75,-64.97,4.56,24.74,0,10,-99.38,9,-104.63,14,-105.13,4,-111.33,21,-115.65,20,-118.03
183,4082.92,5847.50,3.00,2,15,0.04,NLOS,123.51,-10.46,-92.83,-65.05,4.42,24.74,0,10,-99.32,9,-104.43,14,-105.22,4,-111.25,21,-115.72,20,-118.16
184,4076.04,5847.50,3.00,2,15,0.04,NLOS,123.60,-10.46,-92.92,-65.14,4.27,24.74,0,10,-99.26,9,-104.23,14,-105.32,4,-111.17,21,-115.79,20,-118.29
185,4069.17,5847.50,3.00,2,15,0.04,NLOS,123.69,-10.46,-93.01,-65.23,4.12,24.74,0,10,-99.20,9,-104.03,14,-105.42,4,-111.10,21,-115.85,20,-118.41
186,4062.30,5847.50,3.00,2,9,0.03,NLOS,126.15,-3.25,-102.68,-74.90,-1.48,24.74,1,14,-103.92,16,-106.08,10,-106.59,8,-110.68,15,-114.08,21,-116.01
187,4055.43,5847.50,3.00,2,9,0.03,NLOS,125.94,-3.25,-102.47,-74.69,-1.24,24.74,0,14,-104.03,16,-106.09,10,-106.53,8,-110.62,15,-114.17,21,-116.07
188,4048.55,5847.50,3.00,2,9,0.03,NLOS,125.73,-3.25,-102.26,-74.48,-0.99,24.74,0,14,-104.14,16,-106.11,10,-106.47,8,-110.56,15,-114.26,21,-116.14
189,4041.68,5847.50,3.00,2,9,0.03,NLOS,125.52,-3.25,-102.05,-74.27,-0.74,24.74,0,14,-104.25,16,-106.12,10,-106.41,8,-110.49,15,-114.36,21,-116.20
190,4034.81,5847.50,3.00,2,15,0.04,NLOS,124.16,-4.69,-99.25,-71.47,0.65,24.74,1,14,-101.67,10,-108.19,20,-110.61,9,-112.05,3,-113.12,13,-114.75
191,4027.93,5847.50,3.00,2,15,0.04,NLOS,124.26,-4.69,-99.35,-71.57,0.61,24.74,0,14,-101.78,10,-108.13,20,-110.73,9,-111.83,3,-113.04,13,-114.77
192,4021.06,5847.50,3.00,2,15,0.04,NLOS,124.36,-4.69,-99.45,-71.67,0.57,24.74,0,14,-101.90,10,-108.08,20,-110.85,9,-111.61,3,-112.96,13,-114.78
193,4014.19,5847.50,3.00,2,15,0.04,NLOS,124.47,-4.69,-99.56,-71.78,0.53,24.74,0,14,-102.02,10,-108.02,20,-110.97,9,-111.38,3,-112.87,13,-114.80
194,4007.32,5847.50,3.00,2,9,0.04,NLOS,124.41,-9.11,-95.08,-67.30,3.94,24.74,1,15,-100.52,14,-105.60,8,-112.02,24,-113.41,18,-116.32,37,-118.67
195,4000.44,5847.50,3.00,2,9,0.04,NLOS,124.18,-9.11,-94.85,-67.06,4.27,24.74,0,15,-100.63,14,-105.73,8,-111.95,24,-113.45,18,-116.35,37,-118.71
196,3993.57,5847.50,3.00,2,9,0.04,NLOS,123.95,-9.11,-94.61,-66.83,4.61,24.74,0,15,-100.74,14,-105.85,8,-111.89,24,-113.50,18,-116.38,37,-118.74
197,3986.70,5847.50,3.00,2,9,0.04,NLOS,123.71,-9.11,-94.38,-66.59,4.95,24.74,0,15,-100.85,14,-105.98,8,-111.83,24,-113.54,18,-116.41,37,-118.78
198,3979.83,5847.50,3.00,2,14,0.04,NLOS,123.97,-5.71,-98.04,-70.26,1.20,24.74,1,9,-101.16,8,-105.71,21,-107.43,19,-110.13,10,-110.29,4,-115.45
199,3972.95,5847.50,3.00,2,14,0.04,NLOS,124.10,-5.71,-98.17,-70.39,0.91,24.74,0,9,-100.91,8,-105.65,21,-107.49,19,-110.20,10,-110.23,4,-115.37
200,3966.08,5847.50,3.00,2,14,0.04,NLOS,124.23,-5.71,-98.30,-70.52,0.61,24.74,0,9,-100.67,8,-105.60,21,-107.56,10,-110.18,19,-110.27,4,-115.28
201,3959.21,5847.50,3.00,2,14,0.04,NLOS,124.37,-5.71,-98.43,-70.65,0.31,24.74,0,9,-100.41,8,-105.54,21,-107.62,10,-110.12,19,-110.33,4,-115.20
202,3952.33,5847.50,3.00,2,9,0.04,NLOS,122.47,-3.73,-98.52,-70.74,6.27,24.74,1,20,-105.50,4,-107.78,15,-110.83,14,-112.85,19,-115.74,10,-117.69
203,3947.50,5849.54,3.00,1,9,0.04,NLOS,122.29,-3.73,-98.34,-70.56,6.45,24.74,0,20,-105.58,4,-107.71,15,-110.86,14,-113.00,19,-115.80,10,-117.62
204,3947.50,5856.41,3.00,1,9,0.04,NLOS,122.28,-3.73,-98.33,-70.55,6.41,24.74,0,20,-105.58,4,-107.67,15,-110.68,14,-113.18,19,-115.86,10,-117.51
205,3947.50,5863.28,3.00,1,9,0.04,NLOS,122.27,-3.73,-98.33,-70.55,6.38,24.74,0,20,-105.58,4,-107.64,15,-110.50,14,-113.36,19,-115.91,10,-117.41
206,3947.50,5870.16,3.00,1,14,0.03,NLOS,125.19,-1.87,-103.10,-75.32,-0.71,24.74,1,9,-106.19,15,-106.56,8,-112.47,4,-112.75,20,-113.37,3,-113.60
207,3947.50,5877.03,3.00,1,14,0.03,NLOS,125.37,-1.87,-103.28,-75.50,-0.95,24.74,0,9,-106.20,15,-106.37,8,-112.57,4,-112.72,20,-113.37,3,-113.63
208,3947.50,5883.90,3.00,1,14,0.03,NLOS,125.55,-1.87,-103.46,-75.68,-1.19,24.74,0,15,-106.19,9,-106.21,8,-112.68,4,-112.69,20,-113.37,3,-113.66
209,3947.50,5890.77,3.00,1,14,0.03,NLOS,125.73,-1.87,-103.64,-75.86,-1.42,24.74,0,15,-106.01,9,-106.22,4,-112.66,8,-112.78,20,-113.37,3,-113.69
210,3947.50,5897.65,3.00,1,15,0.04,NLOS,124.24,-10.42,-93.60,-65.82,4.85,24.74,1,9,-98.71,3,-109.77,20,-113.97,6,-114.83,19,-114.95,4,-115.19
211,3947.50,5904.52,3.00,1,15,0.04,NLOS,124.06,-10.42,-93.41,-65.63,5.06,24.74,0,9,-98.73,3,-109.80,20,-113.97,6,-114.87,19,-115.01,4,-115.16
212,3947.50,5911.39,3.00,1,15,0.04,NLOS,123.87,-10.42,-93.23,-65.45,5.27,24.74,0,9,-98.76,3,-109.84,20,-113.98,6,-114.92,19,-115.06,4,-115.13
213,3947.50,5918.27,3.00,1,15,0.04,NLOS,123.68,-10.42,-93.04,-65.26,5.48,24.74,0,9,-98.78,3,-109.87,20,-113.98,6,-114.96,4,-115.10,19,-115.12
214,3947.50,5925.14,3.00,1,15,0.04,NLOS,123.49,-10.93,-92.34,-64.56,10.84,24.74,0,9,-107.07,10,-108.59,14,-109.80,19,-111.45,13,-113.33,3,-114.04
215,3947.50,5932.01,3.00,1,15,0.04,NLOS,123.31,-10.93,-92.15,-64.37,11.04,24.74,0,9,-107.11,10,-108.48,14,-109.97,19,-111.51,13,-113.42,3,-114.07
216,3947.50,5938.88,3.00,1,15,0.04,NLOS,123.12,-10.93,-91.97,-64.18,11.24,24.74,0,9,-107.15,10,-108.37,14,-110.14,19,-111.56,13,-113.50,3,-114.11
217,3947.50,5945.76,3.00,1,15,0.04,NLOS,122.93,-10.93,-91.78,-63.99,11.45,24.74,0,9,-107.19,10,-108.26,14,-110.31,19,-111.62,13,-113.58,3,-114.14
218,3947.50,5952.63,3.00,1,9,0.04,NLOS,122.59,-11.95,-90.42,-62.64,9.85,24.74,1,14,-100.61,20,-106.71,21,-109.96,16,-114.19,15,-114.71,10,-118.81
219,3947.50,5959.50,3.00,1,9,0.04,NLOS,122.64,-11.95,-90.47,-62.69,9.94,24.74,0,14,-100.78,20,-106.72,21,-109.91,16,-114.10,15,-114.52,10,-118.70
220,3947.50,5966.37,3.00,1,9,0.04,NLOS,122.69,-11.95,-90.52,-62.74,10.03,24.74,0,14,-100.94,20,-106.73,21,-109.85,16,-114.01,15,-114.33,10,-118.58
221,3947.50,5973.25,3.00,1,9,0.04,NLOS,122.75,-11.95,-90.58,-62.80,10.12,24.74,0,14,-101.11,20,-106.74,21,-109.80,16,-113.92,15,-114.14,10,-118.47
222,3947.50,5980.12,3.00,1,15,0.04,NLOS,121.97,-7.40,-94.35,-66.57,10.71,24.74,1,10,-108.36,9,-109.69,14,-116.03,8,-117.59,3,-118.99,21,-119.51
223,3947.50,5986.99,3.00,1,15,0.04,NLOS,121.78,-7.40,-94.16,-66.38,10.87,24.74,0,10,-108.25,9,-109.76,14,-116.19,8,-117.69,3,-119.03,21,-119.45
224,3947.50,5993.87,3.00,1,15,0.04,NLOS,121.59,-7.40,-93.97,-66.18,11.04,24.74,0,10,-108.13,9,-109.83,14,-116.35,8,-117.79,3,-119.07,21,-119.40
225,3947.50,6000.74,3.00,1,15,0.04,NLOS,121.39,-7.40,-93.77,-65.99,11.21,24.74,0,10,-108.02,9,-109.90,14,-116.51,8,-117.88,3,-119.11,21,-119.35
226,3947.50,6007.61,3.00,1,15,0.04,NLOS,121.20,-7.66,-93.33,-65.55,2.07,24.74,0,9,-95.86,14,-106.15,3,-112.71,10,-117.40,8,-117.58,19,-118.63
227,3947.50,6014.48,3.00,1,15,0.04,NLOS,121.01,-7.66,-93.14,-65.35,2.34,24.74,0,9,-95.93,14,-106.31,3,-112.75,10,-117.29,8,-117.68,19,-118.68
228,3947.50,6021.36,3.00,1,15,0.05,NLOS,120.82,-7.66,-92.94,-65.16,2.62,24.74,0,9,-96.01,14,-106.46,3,-112.78,10,-117.17,8,-117.77,19,-118.74
229,3947.50,6028.23,3.00,1,15,0.05,NLOS,120.63,-7.66,-92.75,-64.97,2.90,24.74,0,9,-96.10,14,-106.62,3,-112.82,10,-117.05,8,-117.87,19,-118.79
230,3947.50,6035.10,3.00,1,15,0.05,NLOS,120.44,-2.39,-97.83,-70.05,-2.12,24.74,0,9,-96.32,14,-107.62,20,-110.15,16,-115.11,21,-116.20,10,-116.45
231,3947.50,6041.98,3.00,1,15,0.05,NLOS,120.25,-2.39,-97.64,-69.86,-1.84,24.74,0,9,-96.41,14,-107.77,20,-110.17,16,-115.02,21,-116.15,10,-116.33
232,3947.50,6046.15,3.00,3,15,0.05,NLOS,120.13,-2.39,-97.53,-69.74,-1.68,24.74,0,9,-96.47,14,-107.86,20,-110.18,16,-114.96,21,-116.12,10,-116.26
233,3947.50,6039.28,3.00,3,15,0.05,NLOS,120.32,-2.39,-97.71,-69.93,-1.95,24.74,0,9,-96.38,14,-107.71,20,-110.16,16,-115.06,21,-116.17,10,-116.38
234,3947.50,6032.41,3.00,3,15,0.05,NLOS,120.51,-2.39,-97.91,-70.12,-2.22,24.74,0,9,-96.29,14,-107.56,20,-110.15,16,-115.15,21,-116.22,10,-116.50
235,3947.50,6025.53,3.00,3,9,0.04,NLOS,123.29,-10.92,-92.15,-64.36,11.58,24.74,1,10,-107.01,14,-110.12,4,-111.30,20,-112.66,8,-116.09,15,-116.51
236,3947.50,6018.66,3.00,3,9,0.04,NLOS,123.21,-10.92,-92.06,-64.28,11.68,24.74,0,10,-107.13,14,-109.96,4,-111.32,20,-112.65,8,-115.99,15,-116.70
237,3947.50,6011.79,3.00,3,9,0.04,NLOS,123.13,-10.92,-91.99,-64.21,11.78,24.74,0,10,-107.25,14,-109.80,4,-111.34,20,-112.63,8,-115.90,15,-116.89
238,3947.50,6004.92,3.00,3,9,0.04,NLOS,123.05,-10.92,-91.91,-64.13,11.88,24.74,0,10,-107.36,14,-109.65,4,-111.36,20,-112.62,8,-115.80,15,-117.09
239,3947.50,5998.04,3.00,3,9,0.04,NLOS,122.98,-3.72,-99.04,-71.26,1.64,24.74,0,15,-102.01,19,-107.85,8,-110.33,14,-111.25,16,-115.01,3,-115.15
240,3947.50,5991.17,3.00,3,9,0.04,NLOS,122.91,-3.72,-98.97,-71.19,1.83,24.74,0,15,-102.20,19,-107.79,8,-110.23,14,-111.09,16,-115.10,3,-115.11
241,3947.50,5984.30,3.00,3,9,0.04,NLOS,122.85,-3.72,-98.91,-71.13,2.00,24.74,0,15,-102.39,19,-107.74,8,-110.13,14,-110.93,3,-115.08,16,-115.20
242,3947.50,5977.42,3.00,3,9,0.04,NLOS,122.78,-3.72,-98.84,-71.06,2.17,24.74,0,15,-102.58,19,-107.68,8,-110.04,14,-110.76,3,-115.04,16,-115.29
243,3947.50,5970.55,3.00,3,9,0.04,NLOS,122.72,-6.76,-95.75,-67.97,9.78,24.74,0,16,-104.94,15,-107.44,14,-113.24,3,-116.36,20,-118.56,17,-118.63
244,3947.50,5963.68,3.00,3,9,0.04,NLOS,122.67,-6.76,-95.69,-67.91,9.92,24.74,0,16,-105.03,15,-107.63,14,-113.07,3,-116.32,20,-118.54,17,-118.59
245,3947.50,5956.81,3.00,3,9,0.04,NLOS,122.62,-6.76,-95.64,-67.86,10.06,24.74,0,16,-105.12,15,-107.82,14,-112.91,3,-116.28,20,-118.53,8,-118.54
246,3947.50,5949.93,3.00,3,9,0.04,NLOS,122.57,-6.76,-95.59,-67.81,10.19,24.74,0,16,-105.21,15,-108.01,14,-112.74,3,-116.25,8,-118.44,17,-118.52
247,3947.50,5943.06,3.00,3,9,0.04,NLOS,122.52,-3.28,-99.02,-71.24,0.56,24.74,0,4,-102.61,15,-103.56,14,-111.62,18,-114.89,10,-116.00,12,-116.26
248,3947.50,5936.19,3.00,3,9,0.04,NLOS,122.48,-3.28,-98.98,-71.20,0.68,24.74,0,4,-102.64,15,-103.75,14,-111.45,18,-114.84,10,-116.11,12,-116.21
249,3947.50,5929.32,3.00,3,9,0.04,NLOS,122.44,-3.28,-98.94,-71.16,0.80,24.74,0,4,-102.66,15,-103.94,14,-111.28,18,-114.79,12,-116.15,10,-116.22
250,3947.50,5922.44,3.00,3,9,0.04,NLOS,122.41,-3.28,-98.91,-71.12,0.90,24.74,0,4,-102.69,15,-104.13,14,-111.11,18,-114.74,12,-116.10,10,-116.33
251,3947.50,5915.57,3.00,3,9,0.04,NLOS,122.38,-3.49,-98.67,-70.89,2.69,24.74,0,15,-102.66,14,-111.08,10,-111.84,13,-115.35,16,-115.62,21,-116.31
252,3947.50,5908.70,3.00,3,9,0.04,NLOS,122.35,-3.49,-98.64,-70.86,2.84,24.74,0,15,-102.85,14,-110.90,10,-111.95,13,-115.26,16,-115.71,21,-116.36
253,3947.50,5901.82,3.00,3,9,0.04,NLOS,122.33,-3.49,-98.62,-70.84,2.99,24.74,0,15,-103.04,14,-110.73,10,-112.06,13,-115.18,16,-115.79,21,-116.42
254,3947.50,5894.95,3.00,3,9,0.04,NLOS,122.31,-3.49,-98.60,-70.82,3.12,24.74,0,15,-103.22,14,-110.55,10,-112.17,13,-115.10,16,-115.88,21,-116.47
255,3947.50,5888.08,3.00,3,14,0.03,NLOS,125.66,-12.10,-93.34,-65.56,11.04,24.74,1,15,-107.31,9,-110.43,20,-113.01,21,-114.37,10,-115.32,8,-116.00
256,3947.50,5881.21,3.00,3,14,0.03,NLOS,125.48,-12.10,-93.17,-65.38,11.30,24.74,0,15,-107.49,9,-110.42,20,-113.01,21,-114.42,10,-115.43,8,-115.90
257,3947.50,5874.33,3.00,3,14,0.03,NLOS,125.30,-12.10,-92.99,-65.20,11.56,24.74,0,15,-107.67,9,-110.41,20,-113.01,21,-114.48,10,-115.54,8,-115.79
258,3947.50,5867.46,3.00,3,14,0.03,NLOS,125.12,-12.10,-92.81,-65.02,11.81,24.74,0,15,-107.85,9,-110.41,20,-113.01,21,-114.53,10,-115.64,8,-115.68
259,3947.50,5860.59,3.00,3,9,0.04,NLOS,122.28,-10.74,-91.31,-63.53,11.29,24.74,1,14,-104.07,16,-108.47,21,-108.53,8,-110.13,2,-113.79,4,-116.45
260,3947.50,5853.72,3.00,3,9,0.04,NLOS,122.28,-10.74,-91.32,-63.54,11.14,24.74,0,14,-103.89,16,-108.56,21,-108.58,8,-110.03,2,-113.74,4,-116.48
261,3948.16,5847.50,3.00,0,9,0.04,NLOS,122.31,-10.74,-91.35,-63.57,10.97,24.74,0,14,-103.71,21,-108.62,16,-108.63,8,-109.94,2,-113.70,4,-116.52
262,3955.03,5847.50,3.00,0,9,0.04,NLOS,122.57,-10.74,-91.61,-63.83,10.63,24.74,0,14,-103.58,21,-108.56,16,-108.61,8,-109.99,2,-113.75,4,-116.61
263,3961.90,5847.50,3.00,0,9,0.04,NLOS,122.82,-15.45,-87.15,-59.37,7.04,24.74,0,15,-96.70,14,-99.24,8,-103.62,5,-107.57,13,-113.50,19,-115.40
264,3968.78,5847.50,3.00,0,9,0.04,NLOS,123.07,-15.45,-87.40,-59.62,6.70,24.74,0,15,-96.59,14,-99.10,8,-103.68,5,-107.61,13,-113.48,19,-115.33
265,3975.65,5847.50,3.00,0,9,0.04,NLOS,123.32,-15.45,-87.65,-59.87,6.35,24.74,0,15,-96.47,14,-98.97,8,-103.74,5,-107.65,13,-113.46,19,-115.27
266,3982.52,5847.50,3.00,0,9,0.04,NLOS,123.56,-15.45,-87.89,-60.11,6.01,24.74,0,15,-96.36,14,-98.85,8,-103.80,5,-107.70,13,-113.44,19,-115.20
267,3989.39,5847.50,3.00,0,9,0.04,NLOS,123.80,-7.93,-95.65,-67.87,5.05,24.74,0,14,-103.96,15,-104.22,20,-114.48,13,-114.50,3,-115.46,10,-116.17
268,3996.27,5847.50,3.00,0,9,0.04,NLOS,124.04,-7.93,-95.89,-68.11,4.71,24.74,0,14,-103.83,15,-104.11,20,-114.36,13,-114.48,3,-115.55,10,-116.23
269,4003.14,5847.50,3.00,0,9,0.04,NLOS,124.27,-7.93,-96.12,-68.34,4.37,24.74,0,14,-103.71,15,-104.00,20,-114.25,13,-114.46,3,-115.63,10,-116.29
270,4010.01,5847.50,3.00,0,9,0.04,NLOS,124.50,-7.93,-96.35,-68.57,4.04,24.74,0,14,-103.58,15,-103.89,20,-114.13,13,-114.44,3,-115.71,10,-116.34
271,4016.88,5847.50,3.00,0,15,0.04,NLOS,124.43,-8.29,-95.92,-68.14,4.05,24.74,1,9,-101.84,14,-105.79,8,-107.30,3,-110.55,19,-110.77,6,-114.10
272,4023.76,5847.50,3.00,0,15,0.04,NLOS,124.32,-8.29,-95.81,-68.03,4.27,24.74,0,9,-102.06,14,-105.67,8,-107.36,3,-110.64,19,-110.71,6,-114.11
273,4030.63,5847.50,3.00,0,15,0.04,NLOS,124.22,-8.29,-95.71,-67.93,4.47,24.74,0,9,-102.28,14,-105.55,8,-107.42,19,-110.64,3,-110.72,6,-114.12
274,4037.50,5847.50,3.00,0,15,0.04,NLOS,124.12,-8.29,-95.61,-67.83,4.67,24.74,0,9,-102.50,14,-105.44,8,-107.48,19,-110.57,3,-110.80,6,-114.13
275,4044.38,5847.50,3.00,0,15,0.04,NLOS,124.02,-2.26,-101.54,-73.76,-4.27,24.74,0,14,-100.83,20,-101.34,9,-107.79,16,-108.77,8,-113.14,3,-118.62
276,4051.25,5847.50,3.00,0,15,0.04,NLOS,123.93,-2.26,-101.45,-73.67,-4.25,24.74,0,14,-100.72,20,-101.22,9,-108.00,16,-108.76,8,-113.20,3,-118.70
277,4058.12,5847.50,3.00,0,15,0.04,NLOS,123.83,-2.26,-101.35,-73.57,-4.24,24.74,0,14,-100.62,20,-101.10,9,-108.21,16,-108.75,8,-113.27,26,-118.66
278,4064.99,5847.50,3.00,0,15,0.04,NLOS,123.74,-2.26,-101.26,-73.48,-4.23,24.74,0,14,-100.51,20,-100.97,9,-108.42,16,-108.73,8,-113.33,26,-118.59
279,4071.87,5847.50,3.00,0,15,0.04,NLOS,123.65,-5.38,-98.05,-70.27,-2.09,24.74,0,14,-96.11,9,-114.45,8,-114.96,19,-115.14,20,-115.71,5,-116.16
280,4078.74,5847.50,3.00,0,15,0.04,NLOS,123.56,-5.38,-97.97,-70.18,-2.10,24.74,0,14,-96.01,9,-114.65,8,-115.02,19,-115.08,20,-115.58,5,-116.21
281,4085.61,5847.50,3.00,0,15,0.04,NLOS,123.48,-5.38,-97.88,-70.10,-2.11,24.74,0,14,-95.92,9,-114.85,19,-115.01,8,-115.09,20,-115.45,5,-116.25
282,4092.48,5847.50,3.00,0,15,0.04,NLOS,123.40,-5.38,-97.80,-70.02,-2.12,24.74,0,14,-95.82,19,-114.94,9,-115.05,8,-115.15,20,-115.32,5,-116.29
283,4099.36,5847.50,3.00,0,15,0.04,NLOS,123.32,-3.88,-99.22,-71.44,0.08,24.74,0,9,-101.88,14,-103.92,16,-111.96,3,-112.61,13,-114.74,20,-114.92
284,4106.23,5847.50,3.00,0,15,0.04,NLOS,123.24,-3.88,-99.14,-71.36,0.23,24.74,0,9,-102.07,14,-103.83,16,-111.95,3,-112.69,13,-114.73,20,-114.79
285,4113.10,5847.50,3.00,0,15,0.04,NLOS,123.17,-3.88,-99.07,-71.29,0.37,24.74,0,9,-102.27,14,-103.74,16,-111.95,3,-112.77,20,-114.65,13,-114.72
286,4119.98,5847.50,3.00,0,15,0.04,NLOS,123.10,-3.88,-99.00,-71.22,0.50,24.74,0,9,-102.45,14,-103.66,16,-111.94,3,-112.85,20,-114.52,13,-114.71
287,4126.85,5847.50,3.00,0,15,0.04,NLOS,123.03,0.08,-102.89,-75.11,-5.29,24.74,0,9,-100.09,14,-101.57,8,-111.39,20,-113.71,3,-114.74,19,-115.80
288,4133.72,5847.50,3.00,0,15,0.04,NLOS,122.97,0.08,-102.83,-75.05,-5.15,24.74,0,9,-100.28,14,-101.50,8,-111.46,20,-113.58,3,-114.81,19,-115.73
289,4140.59,5847.50,3.00,0,15,0.04,NLOS,122.91,0.08,-102.77,-74.98,-5.03,24.74,0,9,-100.46,14,-101.43,8,-111.52,20,-113.44,3,-114.89,19,-115.66
290,4147.47,5847.50,3.00,0,15,0.04,NLOS,122.85,0.08,-102.71,-74.93,-4.91,24.74,0,9,-100.64,14,-101.36,8,-111.59,20,-113.30,3,-114.97,19,-115.59
291,4154.34,5847.50,3.00,0,15,0.04,NLOS,122.80,-0.68,-101.90,-74.11,-3.95,24.74,0,20,-100.65,14,-103.76,9,-105.47,8,-108.58,4,-110.02,13,-112.46
292,4161.21,5847.50,3.00,0,15,0.04,NLOS,122.75,-0.68,-101.85,-74.06,-3.96,24.74,0,20,-100.51,14,-103.70,9,-105.65,8,-108.64,4,-110.10,13,-112.45
293,4168.08,5847.50,3.00,0,15,0.04,NLOS,122.70,-0.68,-101.80,-74.02,-3.98,24.74,0,20,-100.37,14,-103.65,9,-105.82,8,-108.71,4,-110.17,13,-112.45
294,4174.96,5847.50,3.00,0,15,0.04,NLOS,122.66,-0.68,-101.75,-73.97,-4.00,24.74,0,20,-100.23,14,-103.60,9,-106.00,8,-108.78,4,-110.25,13,-112.44
295,4181.83,5847.50,3.00,0,14,0.04,NLOS,121.20,0.18,-101.16,-73.38,2.67,24.74,1,15,-107.00,20,-108.64,26,-110.63,3,-111.76,8,-113.06,10,-113.09
296,4188.70,5847.50,3.00,0,14,0.04,NLOS,121.16,0.18,-101.12,-73.34,2.65,24.74,0,15,-106.97,20,-108.49,26,-110.56,3,-111.83,8,-113.13,10,-113.16
297,4195.58,5847.50,3.00,0,14,0.04,NLOS,121.12,0.18,-101.08,-73.30,2.64,24.74,0,15,-106.94,20,-108.35,26,-110.49,3,-111.91,8,-113.20,10,-113.22
298,4202.45,5847.50,3.00,0,14,0.04,NLOS,121.09,0.18,-101.05,-73.27,2.61,24.74,0,15,-106.91,20,-108.20,26,-110.42,3,-111.98,8,-113.26,10,-113.29
299,4209.32,5847.50,3.00,0,14,0.04,NLOS,121.06,-4.98,-95.86,-68.08,3.13,24.74,0,9,-101.33,20,-104.59,21,-105.00,15,-108.99,24,-111.09,10,-115.06
300,4216.19,5847.50,3.00,0,14,0.04,NLOS,121.03,-4.98,-95.84,-68.06,3.20,24.74,0,9,-101.49,20,-104.45,21,-104.93,15,-108.97,24,-111.05,10,-115.13
301,4223.07,5847.50,3.00,0,14,0.04,NLOS,121.01,-4.98,-95.82,-68.04,3.27,24.74,0,9,-101.66,20,-104.30,21,-104.87,15,-108.95,24,-111.00,10,-115.19
302,4229.94,5847.50,3.00,0,14,0.04,NLOS,121.00,-4.98,-95.80,-68.02,3.32,24.74,0,9,-101.82,20,-104.15,21,-104.80,15,-108.94,24,-110.96,10,-115.26
303,4236.81,5847.50,3.00,0,20,0.02,NLOS,131.33,-10.98,-100.13,-72.35,-0.16,24.74,1,15,-101.18,14,-110.29,9,-110.93,8,-112.30,26,-113.03,19,-114.51
304,4243.68,5847.50,3.00,0,20,0.02,NLOS,131.17,-10.98,-99.98,-72.20,-0.03,24.74,0,15,-101.18,14,-110.28,9,-111.08,8,-112.37,26,-112.95,19,-114.44
305,4250.56,5847.50,3.00,0,20,0.02,NLOS,131.02,-10.98,-99.82,-72.04,0.12,24.74,0,15,-101.18,14,-110.28,9,-111.24,8,-112.44,26,-112.88,19,-114.38
306,4257.43,5847.50,3.00,0,20,0.02,NLOS,130.86,-10.98,-99.67,-71.89,0.26,24.74,0,15,-101.18,14,-110.28,9,-111.39,8,-112.50,26,-112.81,19,-114.31
307,4264.30,5847.50,3.00,0,15,0.04,NLOS,122.43,-1.62,-100.60,-72.82,-0.57,24.74,1,14,-101.21,9,-109.50,21,-111.50,20,-114.51,18,-120.21,12,-121.02
308,4271.18,5847.50,3.00,0,15,0.04,NLOS,122.44,-1.62,-100.61,-72.83,-0.57,24.74,0,14,-101.22,9,-109.66,21,-111.43,20,-114.35,18,-120.18,12,-121.02
309,4278.05,5847.50,3.00,0,15,0.04,NLOS,122.46,-1.62,-100.62,-72.84,-0.56,24.74,0,14,-101.24,9,-109.81,21,-111.37,20,-114.19,18,-120.16,12,-121.02
310,4284.92,5847.50,3.00,0,15,0.04,NLOS,122.48,-1.62,-100.64,-72.86,-0.56,24.74,0,14,-101.26,9,-109.95,21,-111.30,20,-114.03,18,-120.13,12,-121.02
311,4291.79,5847.50,3.00,0,15,0.04,NLOS,122.50,-5.43,-96.85,-69.07,-2.85,24.74,0,14,-94.48,20,-105.21,9,-111.94,25,-116.09,19,-116.84,21,-117.68
312,4298.67,5847.50,3.00,0,15,0.04,NLOS,122.52,-5.43,-96.88,-69.10,-2.86,24.74,0,14,-94.51,20,-105.05,9,-112.08,25,-116.01,19,-116.78,21,-117.62
313,4305.54,5847.50,3.00,0,15,0.04,NLOS,122.55,-5.43,-96.91,-69.13,-2.87,24.74,0,14,-94.54,20,-104.88,9,-112.23,25,-115.94,19,-116.71,21,-117.55
314,4312.41,5847.50,3.00,0,15,0.04,NLOS,122.59,-5.43,-96.94,-69.16,-2.88,24.74,0,14,-94.58,20,-104.71,9,-112.37,25,-115.87,19,-116.64,21,-117.49
315,4319.28,5847.50,3.00,0,14,0.04,NLOS,121.21,-3.38,-97.61,-69.83,2.61,24.74,1,15,-102.43,20,-107.86,9,-110.45,8,-111.17,13,-114.11,16,-116.35
316,4326.16,5847.50,3.00,0,14,0.04,NLOS,121.26,-3.38,-97.66,-69.88,2.57,24.74,0,15,-102.47,20,-107.68,9,-110.59,8,-111.24,13,-114.12,16,-116.36
317,4333.03,5847.50,3.00,0,14,0.04,NLOS,121.31,-3.38,-97.71,-69.93,2.53,24.74,0,15,-102.52,20,-107.51,9,-110.73,8,-111.31,13,-114.12,16,-116.36
318,4339.90,5847.50,3.00,0,14,0.04,NLOS,121.37,-3.38,-97.77,-69.98,2.49,24.74,0,15,-102.57,20,-107.34,9,-110.87,8,-111.38,13,-114.13,16,-116.37
319,4346.78,5847.50,3.00,0,15,0.04,NLOS,122.81,-5.56,-97.03,-69.25,1.99,24.74,1,14,-102.37,9,-103.63,20,-106.61,8,-109.73,3,-112.23,5,-113.55
320,4347.50,5841.35,3.00,3,15,0.04,NLOS,123.03,-5.56,-97.26,-69.48,1.67,24.74,0,14,-102.14,9,-103.65,20,-106.60,8,-109.67,3,-112.22,5,-113.59
321,4347.50,5834.48,3.00,3,15,0.04,NLOS,123.27,-5.56,-97.50,-69.72,1.30,24.74,0,14,-101.86,9,-103.65,20,-106.61,8,-109.61,3,-112.21,5,-113.63
322,4347.50,5827.61,3.00,3,15,0.04,NLOS,123.51,-5.56,-97.74,-69.96,0.92,24.74,0,14,-101.59,9,-103.66,20,-106.62,8,-109.54,3,-112.19,5,-113.66
323,4347.50,5820.73,3.00,3,14,0.05,NLOS,120.37,-1.50,-98.64,-70.86,0.62,24.74,1,20,-101.36,15,-104.69,9,-110.59,16,-111.64,26,-115.88,4,-117.05
324,4347.50,5813.86,3.00,3,14,0.05,NLOS,120.08,-1.50,-98.36,-70.58,0.98,24.74,0,20,-101.37,15,-104.92,9,-110.60,16,-111.72,26,-115.91,4,-117.07
325,4347.50,5806.99,3.00,3,14,0.05,NLOS,119.79,-1.50,-98.07,-70.29,1.34,24.74,0,20,-101.39,15,-105.15,9,-110.60,16,-111.81,26,-115.94,4,-117.09
326,4347.50,5800.11,3.00,3,14,0.05,NLOS,119.50,-1.50,-97.78,-70.00,1.70,24.74,0,20,-101.40,15,-105.37,9,-110.61,16,-111.90,26,-115.96,4,-117.11
327,4347.50,5793.24,3.00,3,14,0.05,NLOS,119.20,3.55,-102.53,-74.75,-2.45,24.74,0,20,-102.22,15,-107.43,9,-108.23,7,-112.95,8,-115.07,24,-117.23
328,4347.50,5786.37,3.00,3,14,0.05,NLOS,118.90,3.55,-102.23,-74.45,-2.09,24.74,0,20,-102.24,15,-107.65,9,-108.24,7,-112.89,8,-115.00,24,-117.18
329,4347.50,5779.50,3.00,3,14,0.05,NLOS,118.59,3.55,-101.92,-74.14,-1.74,24.74,0,20,-102.26,15,-107.86,9,-108.25,7,-112.84,8,-114.93,24,-117.14
330,4347.50,5772.62,3.00,3,14,0.05,NLOS,118.28,3.55,-101.61,-73.83,-1.37,24.74,0,20,-102.28,15,-108.08,9,-108.27,7,-112.78,8,-114.86,24,-117.10
331,4347.50,5765.75,3.00,3,14,0.06,NLOS,117.96,-1.11,-96.63,-68.85,0.84,24.74,0,15,-98.54,9,-105.86,4,-107.57,20,-111.16,25,-113.41,19,-115.63
332,4347.50,5758.88,3.00,3,14,0.06,NLOS,117.63,-1.11,-96.31,-68.53,1.33,24.74,0,15,-98.75,9,-105.88,4,-107.59,20,-111.19,25,-113.39,19,-115.54
333,4347.50,5752.01,3.00,3,14,0.06,NLOS,117.30,-1.11,-95.98,-68.20,1.82,24.74,0,15,-98.96,9,-105.90,4,-107.61,20,-111.22,25,-113.37,19,-115.45
334,4347.50,5745.13,3.00,3,14,0.06,NLOS,116.97,-1.11,-95.64,-67.86,2.31,24.74,0,15,-99.16,9,-105.92,4,-107.64,20,-111.25,25,-113.35,19,-115.36
335,4347.50,5738.26,3.00,3,14,0.06,NLOS,116.63,-0.06,-96.35,-68.57,12.81,24.74,0,13,-115.13,10,-115.19,20,-115.51,4,-115.63,15,-115.94,16,-116.36
336,4347.50,5731.39,3.00,3,14,0.06,NLOS,116.28,-0.06,-96.00,-68.22,13.17,24.74,0,13,-115.03,10,-115.26,20,-115.54,4,-115.65,15,-116.15,16,-116.44
337,4347.50,5724.51,3.00,3,14,0.07,NLOS,115.92,-0.06,-95.64,-67.86,13.54,24.74,0,13,-114.93,10,-115.33,20,-115.58,4,-115.68,15,-116.34,16,-116.52
338,4347.50,5717.64,3.00,3,14,0.07,NLOS,115.56,-0.06,-95.28,-67.50,13.91,24.74,0,13,-114.83,10,-115.40,20,-115.61,4,-115.70,15,-116.54,16,-116.60
339,4347.50,5710.77,3.00,3,14,0.07,NLOS,115.19,7.82,-102.80,-75.02,-4.32,24.74,0,15,-103.33,13,-103.44,20,-105.37,8,-107.47,26,-112.71,16,-113.07
340,4347.50,5703.90,3.00,3,14,0.07,NLOS,114.82,7.82,-102.42,-74.64,-3.91,24.74,0,13,-103.34,15,-103.53,20,-105.41,8,-107.40,26,-112.74,16,-113.15
341,4347.50,5697.02,3.00,3,14,0.07,NLOS,114.43,7.82,-102.04,-74.26,-3.51,24.74,0,13,-103.24,15,-103.72,20,-105.45,8,-107.33,26,-112.77,16,-113.23
342,4347.50,5690.15,3.00,3,14,0.08,NLOS,114.04,7.82,-101.65,-73.87,-3.10,24.74,0,13,-103.14,15,-103.90,20,-105.49,8,-107.26,26,-112.80,16,-113.31
343,4347.50,5683.28,3.00,3,14,0.08,NLOS,113.65,6.36,-99.79,-72.00,3.48,24.74,0,15,-104.24,26,-111.21,20,-113.30,9,-117.49,13,-118.74,18,-119.34
344,4347.50,5676.41,3.00,3,14,0.08,NLOS,113.24,6.36,-99.38,-71.60,4.03,24.74,0,15,-104.42,26,-111.24,20,-113.35,9,-117.52,13,-118.64,18,-119.28
345,4347.50,5669.53,3.00,3,14,0.09,NLOS,112.83,6.36,-98.97,-71.18,4.59,24.74,0,15,-104.61,26,-111.27,20,-113.40,9,-117.55,13,-118.54,18,-119.21
346,4347.50,5662.66,3.00,3,14,0.09,NLOS,112.40,6.36,-98.54,-70.76,5.16,24.74,0,15,-104.79,26,-111.30,20,-113.45,9,-117.58,13,-118.43,18,-119.15
347,4347.50,5655.79,3.00,3,14,0.09,NLOS,111.97,-0.52,-91.24,-63.46,8.49,24.74,0,19,-102.79,20,-103.88,15,-111.80,21,-113.07,10,-113.51,30,-114.11
348,4347.50,5648.91,3.00,3,14,0.10,NLOS,111.53,-0.52,-90.80,-63.01,8.92,24.74,0,19,-102.70,20,-103.93,15,-111.98,21,-113.14,10,-113.58,30,-114.10
349,4352.96,5647.50,3.00,0,14,0.10,NLOS,111.60,-0.52,-90.87,-63.09,8.76,24.74,0,19,-102.61,20,-103.82,15,-112.03,21,-113.12,10,-113.64,30,-114.06
350,4359.83,5647.50,3.00,0,14,0.09,NLOS,111.82,-0.52,-91.08,-63.30,8.45,24.74,0,19,-102.52,20,-103.65,15,-112.06,21,-113.08,10,-113.69,30,-114.01
351,4366.70,5647.50,3.00,0,14,0.09,NLOS,112.04,2.56,-94.38,-66.60,5.54,24.74,0,15,-103.77,13,-106.05,19,-107.25,25,-109.19,20,-109.95,9,-113.30
352,4373.58,5647.50,3.00,0,14,0.09,NLOS,112.27,2.56,-94.61,-66.83,5.30,24.74,0,15,-103.80,13,-106.07,19,-107.16,25,-109.11,20,-109.79,9,-113.42
353,4380.45,5647.50,3.00,0,14,0.09,NLOS,112.51,2.56,-94.85,-67.07,5.05,24.74,0,15,-103.83,13,-106.08,19,-107.07,25,-109.03,20,-109.62,9,-113.55
354,4387.32,5647.50,3.00,0,14,0.09,NLOS,112.75,2.56,-95.09,-67.31,4.80,24.74,0,15,-103.87,13,-106.09,19,-106.98,25,-108.95,20,-109.45,9,-113.67
355,4394.19,5647.50,3.00,0,14,0.09,NLOS,113.00,10.36,-103.14,-75.36,1.36,24.74,0,20,-107.91,13,-110.05,15,-113.25,18,-115.49,9,-116.74,8,-117.86
356,4401.07,5647.50,3.00,0,14,0.08,NLOS,113.25,10.36,-103.39,-75.61,1.04,24.74,0,20,-107.74,13,-110.07,15,-113.29,18,-115.47,9,-116.86,8,-117.95
357,4407.94,5647.50,3.00,0,14,0.08,NLOS,113.51,10.36,-103.65,-75.87,0.72,24.74,0,20,-107.57,13,-110.08,15,-113.33,18,-115.44,9,-116.99,8,-118.03
358,4414.81,5647.50,3.00,0,14,0.08,NLOS,113.77,10.36,-103.91,-76.12,0.40,24.74,0,20,-107.40,13,-110.10,15,-113.37,18,-115.41,9,-117.11,8,-118.12
359,4421.69,5647.50,3.00,0,14,0.08,NLOS,114.03,3.08,-96.89,-69.11,1.01,24.74,0,20,-98.38,15,-110.87,7,-113.14,13,-113.51,19,-116.55,18,-117.19
360,4428.56,5647.50,3.00,0,14,0.08,NLOS,114.29,3.08,-97.15,-69.37,0.59,24.74,0,20,-98.20,15,-110.91,7,-113.18,13,-113.52,19,-116.46,18,-117.17
361,4435.43,5647.50,3.00,0,14,0.07,NLOS,114.56,3.08,-97.42,-69.64,0.16,24.74,0,20,-98.02,15,-110.96,7,-113.21,13,-113.54,19,-116.37,18,-117.14
362,4442.30,5647.50,3.00,0,14,0.07,NLOS,114.83,3.08,-97.69,-69.91,-0.27,24.74,0,20,-97.84,15,-111.00,7,-113.24,13,-113.56,19,-116.28,18,-117.12
363,4449.18,5647.50,3.00,0,14,0.07,NLOS,115.10,-7.37,-87.51,-59.73,15.88,24.74,0,20,-107.65,13,-108.56,8,-111.67,24,-114.07,9,-114.48,15,-116.85
364,4456.05,5647.50,3.00,0,14,0.07,NLOS,115.37,-7.37,-87.78,-60.00,15.56,24.74,0,20,-107.46,13,-108.58,8,-111.76,24,-114.01,9,-114.60,15,-116.90
365,4462.92,5647.50,3.00,0,14,0.07,NLOS,115.64,-7.37,-88.05,-60.27,15.24,24.74,0,20,-107.28,13,-108.60,8,-111.84,24,-113.96,9,-114.71,15,-116.95
366,4469.79,5647.50,3.00,0,14,0.07,NLOS,115.91,-7.37,-88.32,-60.54,14.92,24.74,0,20,-107.09,13,-108.62,8,-111.93,24,-113.91,9,-114.83,15,-117.01
367,4476.67,5647.50,3.00,0,14,0.06,NLOS,116.18,-3.03,-92.93,-65.15,3.79,24.74,0,15,-98.69,20,-103.53,9,-106.68,19,-110.45,21,-115.71,26,-116.95
368,4483.54,5647.50,3.00,0,14,0.06,NLOS,116.45,-3.03,-93.20,-65.42,3.53,24.74,0,15,-98.75,20,-103.34,9,-106.79,19,-110.36,21,-115.66,26,-116.88
369,4490.41,5647.50,3.00,0,14,0.06,NLOS,116.72,-3.03,-93.47,-65.69,3.26,24.74,0,15,-98.81,20,-103.15,9,-106.91,19,-110.28,21,-115.62,26,-116.81
370,4497.29,5647.50,3.00,0,14,0.06,NLOS,116.99,-3.03,-93.74,-65.96,2.99,24.74,0,15,-98.86,20,-102.96,9,-107.02,19,-110.19,21,-115.58,26,-116.74
371,4504.16,5647.50,3.00,0,14,0.06,NLOS,117.25,-5.26,-91.78,-63.99,6.75,24.74,0,20,-100.99,15,-102.89,26,-112.92,13,-113.40,21,-113.56,16,-114.86
372,4511.03,5647.50,3.00,0,14,0.06,NLOS,117.52,-5.26,-92.04,-64.26,6.39,24.74,0,20,-100.80,15,-102.95,26,-112.85,13,-113.43,21,-113.52,16,-114.88
373,4517.90,5647.50,3.00,0,14,0.06,NLOS,117.78,-5.26,-92.31,-64.52,6.03,24.74,0,20,-100.60,15,-103.01,26,-112.77,13,-113.45,21,-113.48,16,-114.89
374,4524.78,5647.50,3.00,0,14,0.06,NLOS,118.05,-5.26,-92.57,-64.79,5.67,24.74,0,20,-100.40,15,-103.07,26,-112.70,21,-113.44,13,-113.48,16,-114.90
375,4531.65,5647.50,3.00,0,21,0.02,NLOS,138.73,-17.75,-100.76,-72.98,2.55,24.74,1,20,-105.79,19,-106.01,9,-106.05,14,-106.15,10,-107.60,8,-116.60
376,4538.52,5647.50,3.00,0,21,0.02,NLOS,138.69,-17.75,-100.72,-72.94,2.49,24.74,0,20,-105.59,19,-105.93,9,-106.16,14,-106.41,10,-107.65,8,-116.69
377,4545.39,5647.50,3.00,0,21,0.02,NLOS,138.65,-17.75,-100.69,-72.90,2.43,24.74,0,20,-105.38,19,-105.84,9,-106.26,14,-106.67,10,-107.71,8,-116.77
378,4552.27,5647.50,3.00,0,21,0.02,NLOS,138.62,-17.75,-100.65,-72.87,2.37,24.74,0,20,-105.17,19,-105.76,9,-106.37,14,-106.93,10,-107.76,8,-116.85
379,4559.14,5647.50,3.00,0,14,0.05,NLOS,119.34,-4.76,-94.36,-66.58,0.67,24.74,1,20,-96.04,8,-103.21,13,-110.94,15,-112.09,7,-114.04,25,-115.29
380,4566.01,5647.50,3.00,0,14,0.05,NLOS,119.59,-4.76,-94.61,-66.83,0.26,24.74,0,20,-95.83,8,-103.29,13,-110.97,15,-112.16,7,-114.07,25,-115.20
381,4572.89,5647.50,3.00,0,14,0.05,NLOS,119.84,-4.76,-94.86,-67.08,-0.15,24.74,0,20,-95.62,8,-103.37,13,-111.00,15,-112.23,7,-114.11,25,-115.10
382,4579.76,5647.50,3.00,0,14,0.05,NLOS,120.09,-4.76,-95.11,-67.33,-0.56,24.74,0,20,-95.40,8,-103.45,13,-111.03,15,-112.30,7,-114.15,25,-115.00
383,4586.63,5647.50,3.00,0,14,0.05,NLOS,120.34,-1.98,-98.14,-70.36,1.36,24.74,0,20,-100.52,19,-108.49,25,-110.46,15,-112.58,9,-116.09,26,-119.72
384,4593.50,5647.50,3.00,0,14,0.05,NLOS,120.58,-1.98,-98.38,-70.60,0.94,24.74,0,20,-100.30,19,-108.41,25,-110.36,15,-112.65,9,-116.19,26,-119.64
385,4600.38,5647.50,3.00,0,14,0.05,NLOS,120.83,-1.98,-98.62,-70.84,0.51,24.74,0,20,-100.08,19,-108.33,25,-110.26,15,-112.72,9,-116.30,26,-119.57
386,4607.25,5647.50,3.00,0,14,0.04,NLOS,121.07,-1.98,-98.86,-71.08,0.09,24.74,0,20,-99.85,19,-108.25,25,-110.16,15,-112.80,9,-116.40,26,-119.49
387,4614.12,5647.50,3.00,0,14,0.04,NLOS,121.30,-6.16,-94.93,-67.15,6.37,24.74,0,20,-102.95,26,-104.12,19,-111.13,13,-111.21,15,-112.94,24,-113.41
388,4620.99,5647.50,3.00,0,14,0.04,NLOS,121.54,-6.16,-95.17,-67.38,5.98,24.74,0,20,-102.72,26,-104.04,19,-111.05,13,-111.24,15,-113.01,24,-113.35
389,4627.87,5647.50,3.00,0,14,0.04,NLOS,121.77,-6.16,-95.40,-67.62,5.59,24.74,0,20,-102.49,26,-103.96,19,-110.97,13,-111.28,15,-113.09,24,-113.30
390,4634.74,5647.50,3.00,0,14,0.04,NLOS,122.01,-6.16,-95.63,-67.85,5.19,24.74,0,20,-102.26,26,-103.89,19,-110.89,13,-111.31,15,-113.17,24,-113.25
391,4641.61,5647.50,3.00,0,14,0.04,NLOS,122.24,1.53,-103.55,-75.77,-1.31,24.74,0,20,-104.88,19,-106.65,25,-109.18,24,-109.68,15,-115.24,31,-115.65
392,4648.49,5647.50,3.00,0,14,0.04,NLOS,122.46,1.53,-103.78,-76.00,-1.69,24.74,0,20,-104.64,19,-106.58,25,-109.08,24,-109.63,15,-115.32,31,-115.59
393,4655.36,5647.50,3.00,0,14,0.04,NLOS,122.69,1.53,-104.00,-76.22,-2.07,24.74,0,20,-104.40,19,-106.50,25,-108.98,24,-109.58,15,-115.40,31,-115.53
394,4662.23,5647.50,3.00,0,14,0.04,NLOS,122.91,1.53,-104.23,-76.45,-2.45,24.74,0,20,-104.16,19,-106.43,25,-108.88,24,-109.52,31,-115.47,15,-115.48
395,4669.10,5647.50,3.00,0,20,0.05,NLOS,120.23,-3.40,-96.61,-68.83,2.38,24.74,1,19,-100.81,21,-106.84,14,-108.03,15,-113.64,26,-117.73,13,-119.41
396,4675.98,5647.50,3.00,0,20,0.05,NLOS,119.98,-3.40,-96.36,-68.58,2.60,24.74,0,19,-100.74,21,-106.81,14,-108.25,15,-113.72,26,-117.66,13,-119.45
397,4682.85,5647.50,3.00,0,20,0.05,NLOS,119.73,-3.40,-96.11,-68.33,2.82,24.74,0,19,-100.66,21,-106.78,14,-108.47,15,-113.80,26,-117.58,13,-119.49
398,4689.72,5647.50,3.00,0,20,0.05,NLOS,119.48,-3.40,-95.86,-68.08,3.04,24.74,0,19,-100.59,21,-106.75,14,-108.68,15,-113.88,26,-117.50,13,-119.53
399,4696.59,5647.50,3.00,0,14,0.04,NLOS,124.00,-6.62,-97.16,-69.37,7.11,24.74,1,20,-106.94,15,-109.92,32,-110.31,25,-113.55,19,-115.19,26,-116.30
400,4703.47,5647.50,3.00,0,14,0.04,NLOS,124.21,-6.62,-97.37,-69.58,6.78,24.74,0,20,-106.69,15,-110.01,32,-110.26,25,-113.45,19,-115.12,26,-116.22
401,4710.34,5647.50,3.00,0,14,0.04,NLOS,124.42,-6.62,-97.58,-69.79,6.45,24.74,0,20,-106.43,15,-110.09,32,-110.22,25,-113.34,19,-115.06,26,-116.14
402,4717.21,5647.50,3.00,0,14,0.04,NLOS,124.62,-6.62,-97.78,-70.00,6.11,24.74,0,20,-106.17,32,-110.17,15,-110.17,25,-113.23,19,-114.99,26,-116.05
403,4724.09,5647.50,3.00,0,20,0.05,NLOS,118.21,-9.73,-88.26,-60.48,9.16,24.74,1,15,-102.26,14,-104.42,19,-104.52,25,-104.62,21,-108.77,8,-115.16
404,4730.96,5647.50,3.00,0,20,0.06,NLOS,117.95,-9.73,-88.00,-60.22,9.45,24.74,0,15,-102.35,19,-104.45,25,-104.51,14,-104.63,21,-108.74,8,-115.23
405,4737.83,5647.50,3.00,0,20,0.06,NLOS,117.69,-9.73,-87.74,-59.96,9.74,24.74,0,15,-102.43,19,-104.39,25,-104.40,14,-104.83,21,-108.72,8,-115.31
406,4744.70,5647.50,3.00,0,20,0.06,NLOS,117.43,-9.73,-87.48,-59.69,10.02,24.74,0,15,-102.52,25,-104.29,19,-104.33,14,-105.03,21,-108.69,8,-115.38
407,4747.50,5651.58,3.00,1,20,0.06,NLOS,117.19,-9.23,-87.74,-59.95,14.84,24.74,0,25,-106.40,19,-108.94,14,-108.98,13,-111.76,26,-114.52,15,-116.84
408,4747.50,5658.45,3.00,1,20,0.06,NLOS,116.96,-9.23,-87.51,-59.73,15.13,24.74,0,25,-106.43,14,-109.07,19,-109.10,13,-111.85,26,-114.46,15,-116.72
409,4747.50,5665.32,3.00,1,20,0.06,NLOS,116.74,-9.23,-87.28,-59.50,15.41,24.74,0,25,-106.45,14,-109.16,19,-109.25,13,-111.93,26,-114.41,15,-116.61
410,4747.50,5672.19,3.00,1,20,0.06,NLOS,116.51,-9.23,-87.06,-59.28,15.68,24.74,0,25,-106.48,14,-109.25,19,-109.41,13,-112.02,26,-114.36,15,-116.49
411,4747.50,5679.07,3.00,1,20,0.06,NLOS,116.29,7.69,-103.76,-75.98,-5.23,24.74,0,14,-101.78,19,-104.11,26,-106.05,15,-113.12,25,-114.63,3,-116.17
412,4747.50,5685.94,3.00,1,20,0.06,NLOS,116.07,7.69,-103.54,-75.76,-4.94,24.74,0,14,-101.87,19,-104.26,26,-105.99,15,-113.00,25,-114.65,3,-116.18
413,4747.50,5692.81,3.00,1,20,0.07,NLOS,115.86,7.69,-103.33,-75.54,-4.66,24.74,0,14,-101.97,19,-104.41,26,-105.94,15,-112.89,25,-114.68,3,-116.19
414,4747.50,5699.69,3.00,1,20,0.07,NLOS,115.64,7.69,-103.11,-75.33,-4.38,24.74,0,14,-102.07,19,-104.56,26,-105.89,15,-112.77,25,-114.71,3,-116.20
415,4747.50,5706.56,3.00,1,20,0.07,NLOS,115.44,10.33,-105.54,-77.76,-2.72,24.74,0,14,-104.84,15,-110.25,19,-111.79,9,-113.83,26,-116.87,13,-117.92
416,4747.50,5713.43,3.00,1,20,0.07,NLOS,115.23,10.33,-105.34,-77.56,-2.45,24.74,0,14,-104.94,15,-110.13,19,-111.94,9,-113.81,26,-116.82,13,-118.01
417,4747.50,5720.30,3.00,1,20,0.07,NLOS,115.03,10.33,-105.14,-77.35,-2.20,24.74,0,14,-105.04,15,-110.02,19,-112.08,9,-113.80,26,-116.77,13,-118.09
418,4747.50,5727.18,3.00,1,20,0.07,NLOS,114.83,10.33,-104.94,-77.16,-1.95,24.74,0,14,-105.14,15,-109.90,19,-112.23,9,-113.79,26,-116.72,13,-118.18
419,4747.50,5734.05,3.00,1,20,0.07,NLOS,114.64,-5.35,-89.07,-61.29,18.44,24.74,0,10,-109.98,15,-111.97,9,-114.60,14,-114.73,25,-114.80,19,-115.49
420,4747.50,5740.92,3.00,1,20,0.07,NLOS,114.46,-5.35,-88.89,-61.11,18.63,24.74,0,10,-109.93,15,-111.85,9,-114.59,25,-114.84,14,-114.84,19,-115.63
421,4747.50,5747.80,3.00,1,20,0.08,NLOS,114.28,-5.35,-88.71,-60.93,18.81,24.74,0,10,-109.89,15,-111.74,9,-114.58,25,-114.87,14,-114.94,19,-115.77
422,4747.50,5754.67,3.00,1,20,0.08,NLOS,114.10,-5.35,-88.53,-60.75,18.97,24.74,0,10,-109.84,15,-111.62,9,-114.57,25,-114.90,14,-115.05,24,-115.85
423,4747.50,5761.54,3.00,1,20,0.08,NLOS,113.94,-9.55,-84.16,-56.38,15.87,24.74,0,19,-100.36,18,-110.03,16,-112.05,15,-115.03,31,-116.62,13,-116.76
424,4747.50,5768.41,3.00,1,20,0.08,NLOS,113.78,-9.55,-84.01,-56.22,16.16,24.74,0,19,-100.50,18,-110.10,16,-111.97,15,-114.91,31,-116.62,13,-116.85
425,4747.50,5775.29,3.00,1,20,0.08,NLOS,113.63,-9.55,-83.86,-56.07,16.43,24.74,0,19,-100.64,18,-110.17,16,-111.90,15,-114.80,31,-116.62,13,-116.93
426,4747.50,5782.16,3.00,1,20,0.08,NLOS,113.49,-9.55,-83.71,-55.93,16.69,24.74,0,19,-100.77,18,-110.24,16,-111.82,15,-114.68,31,-116.61,13,-117.01
427,4747.50,5789.03,3.00,1,20,0.08,NLOS,113.35,4.56,-97.70,-69.91,-2.10,24.74,0,15,-96.26,8,-106.38,14,-107.29,26,-111.73,19,-111.87,21,-112.38
428,4747.50,5795.90,3.00,1,20,0.08,NLOS,113.23,4.56,-97.57,-69.79,-2.07,24.74,0,15,-96.14,8,-106.42,14,-107.41,26,-111.68,19,-112.01,21,-112.27
429,4747.50,5802.78,3.00,1,20,0.08,NLOS,113.12,4.56,-97.46,-69.68,-2.05,24.74,0,15,-96.03,8,-106.46,14,-107.52,26,-111.64,19,-112.14,21,-112.15
430,4747.50,5809.65,3.00,1,20,0.08,NLOS,113.01,4.56,-97.36,-69.57,-2.05,24.74,0,15,-95.91,8,-106.51,14,-107.63,26,-111.59,21,-112.04,19,-112.27
431,4747.50,5816.52,3.00,1,20,0.09,NLOS,112.92,-0.13,-92.57,-64.79,11.47,24.74,0,10,-105.25,15,-107.39,14,-109.02,21,-111.80,16,-111.87,13,-118.90
432,4747.50,5823.40,3.00,1,20,0.09,NLOS,112.84,-0.13,-92.49,-64.71,11.51,24.74,0,10,-105.21,15,-107.27,14,-109.13,21,-111.68,16,-111.79,13,-118.98
433,4747.50,5830.27,3.00,1,20,0.09,NLOS,112.77,-0.13,-92.42,-64.64,11.54,24.74,0,10,-105.17,15,-107.15,14,-109.25,21,-111.56,16,-111.71,13,-119.06
434,4747.50,5837.14,3.00,1,20,0.09,NLOS,112.71,-0.13,-92.36,-64.58,11.56,24.74,0,10,-105.12,15,-107.03,14,-109.36,21,-111.44,16,-111.64,13,-119.14
435,4747.50,5844.01,3.00,1,20,0.09,NLOS,112.67,0.69,-93.14,-65.36,7.77,24.74,0,14,-104.28,21,-106.21,15,-109.56,9,-112.46,30,-112.88,26,-114.37
436,4747.50,5850.89,3.00,1,20,0.09,NLOS,112.64,0.69,-93.11,-65.33,7.81,24.74,0,14,-104.40,21,-106.09,15,-109.45,9,-112.46,30,-112.91,26,-114.33
437,4747.50,5857.76,3.00,1,20,0.09,NLOS,112.61,0.69,-93.09,-65.31,7.83,24.74,0,14,-104.51,21,-105.97,15,-109.33,9,-112.46,30,-112.93,26,-114.29
438,4747.50,5864.63,3.00,1,20,0.09,NLOS,112.61,0.69,-93.08,-65.30,7.84,24.74,0,14,-104.63,21,-105.84,15,-109.21,9,-112.46,30,-112.96,26,-114.24
439,4747.50,5871.50,3.00,1,20,0.09,NLOS,112.61,-0.72,-91.67,-63.89,9.87,24.74,0,14,-102.77,21,-110.46,15,-113.50,9,-115.42,32,-115.82,24,-116.13
440,4747.50,5878.38,3.00,1,20,0.09,NLOS,112.63,-0.72,-91.69,-63.91,9.92,24.74,0,14,-102.89,21,-110.33,15,-113.38,9,-115.42,32,-115.80,24,-116.19
441,4747.50,5885.25,3.00,1,20,0.09,NLOS,112.65,-0.72,-91.72,-63.94,9.95,24.74,0,14,-103.00,21,-110.21,15,-113.26,9,-115.42,32,-115.77,24,-116.25
442,4747.50,5892.12,3.00,1,20,0.09,NLOS,112.69,-0.72,-91.76,-63.98,9.98,24.74,0,14,-103.12,21,-110.08,15,-113.15,9,-115.42,32,-115.74,24,-116.30
443,4747.50,5899.00,3.00,1,20,0.09,NLOS,112.75,-0.09,-92.44,-64.66,9.25,24.74,0,14,-103.38,21,-110.97,27,-112.26,25,-113.14,15,-113.73,10,-113.90
444,4747.50,5905.87,3.00,1,20,0.09,NLOS,112.81,-0.09,-92.51,-64.73,9.25,24.74,0,14,-103.50,21,-110.84,27,-112.21,25,-113.18,15,-113.62,10,-113.85
445,4747.50,5912.74,3.00,1,20,0.09,NLOS,112.89,-0.09,-92.58,-64.80,9.24,24.74,0,14,-103.61,21,-110.71,27,-112.15,25,-113.23,15,-113.51,10,-113.81
446,4747.50,5919.61,3.00,1,20,0.09,NLOS,112.98,-0.09,-92.67,-64.89,9.21,24.74,0,14,-103.73,21,-110.58,27,-112.09,25,-113.27,15,-113.39,10,-113.77
447,4747.50,5926.49,3.00,1,20,0.08,NLOS,113.07,2.36,-95.21,-67.43,8.86,24.74,0,10,-106.68,21,-109.39,14,-110.41,15,-111.06,9,-112.19,26,-112.43
448,4747.50,5933.36,3.00,1,20,0.08,NLOS,113.18,2.36,-95.32,-67.54,8.72,24.74,0,10,-106.64,21,-109.26,14,-110.53,15,-110.95,9,-112.20,26,-112.40
449,4747.50,5940.23,3.00,1,20,0.08,NLOS,113.30,2.36,-95.44,-67.66,8.56,24.74,0,10,-106.59,21,-109.12,14,-110.65,15,-110.84,9,-112.20,26,-112.36
450,4747.50,5947.10,3.00,1,20,0.08,NLOS,113.43,2.36,-95.57,-67.79,8.40,24.74,0,10,-106.55,21,-108.99,15,-110.73,14,-110.76,9,-112.21,26,-112.32
451,4747.50,5953.98,3.00,1,20,0.08,NLOS,113.57,-4.32,-89.04,-61.25,10.53,24.74,0,14,-100.25,15,-111.81,19,-113.74,10,-115.31,21,-116.36,26,-116.38
452,4747.50,5960.85,3.00,1,20,0.08,NLOS,113.72,-4.32,-89.18,-61.40,10.48,24.74,0,14,-100.37,15,-111.71,19,-113.85,10,-115.27,21,-116.22,26,-116.34
453,4747.50,5967.72,3.00,1,20,0.08,NLOS,113.87,-4.32,-89.34,-61.56,10.41,24.74,0,14,-100.48,15,-111.60,19,-113.96,10,-115.22,21,-116.08,26,-116.31
454,4747.50,5974.60,3.00,1,20,0.08,NLOS,114.03,-4.32,-89.50,-61.72,10.34,24.74,0,14,-100.60,15,-111.49,19,-114.08,10,-115.18,21,-115.94,26,-116.28
455,4747.50,5981.47,3.00,1,20,0.08,NLOS,114.20,-4.64,-89.35,-61.57,13.67,24.74,0,14,-106.32,15,-108.06,19,-113.06,9,-113.82,4,-113.92,21,-114.85
456,4747.50,5988.34,3.00,1,20,0.08,NLOS,114.38,-4.64,-89.53,-61.74,13.52,24.74,0,14,-106.43,15,-107.96,19,-113.17,9,-113.83,4,-113.92,21,-114.71
457,4747.50,5995.21,3.00,1,20,0.07,NLOS,114.57,-4.64,-89.71,-61.93,13.35,24.74,0,14,-106.55,15,-107.85,19,-113.28,9,-113.84,4,-113.91,21,-114.57
458,4747.50,6002.09,3.00,1,20,0.07,NLOS,114.75,-4.64,-89.90,-62.12,13.18,24.74,0,14,-106.67,15,-107.75,19,-113.39,9,-113.85,4,-113.90,21,-114.42
459,4747.50,6008.96,3.00,1,20,0.07,NLOS,114.95,-8.96,-85.77,-57.99,13.48,24.74,0,15,-100.89,16,-104.93,26,-108.13,25,-110.46,14,-111.14,21,-113.84
460,4747.50,6015.83,3.00,1,20,0.07,NLOS,115.15,-8.96,-85.97,-58.19,13.21,24.74,0,15,-100.79,16,-104.84,26,-108.10,25,-110.51,14,-111.26,21,-113.69
461,4747.50,6022.70,3.00,1,20,0.07,NLOS,115.35,-8.96,-86.17,-58.39,12.94,24.74,0,15,-100.69,16,-104.76,26,-108.07,25,-110.56,14,-111.37,21,-113.55
462,4747.50,6029.58,3.00,1,20,0.07,NLOS,115.56,-8.96,-86.38,-58.60,12.67,24.74,0,15,-100.59,16,-104.67,26,-108.04,25,-110.61,14,-111.49,21,-113.40
463,4747.50,6036.45,3.00,1,20,0.07,NLOS,115.77,6.63,-102.18,-74.40,-1.10,24.74,0,25,-106.42,21,-106.50,26,-106.94,15,-110.11,16,-110.63,14,-116.99
464,4747.50,6043.32,3.00,1,20,0.07,NLOS,115.99,6.63,-102.40,-74.62,-1.36,24.74,0,21,-106.35,25,-106.47,26,-106.92,15,-110.02,16,-110.54,14,-117.10
465,4747.50,6050.20,3.00,1,20,0.06,NLOS,116.20,6.63,-102.62,-74.83,-1.63,24.74,0,21,-106.20,25,-106.52,26,-106.89,15,-109.92,16,-110.46,14,-117.21
466,4747.50,6057.07,3.00,1,20,0.06,NLOS,116.42,6.63,-102.84,-75.05,-1.89,24.74,0,21,-106.05,25,-106.57,26,-106.86,15,-109.83,16,-110.37,14,-117.33
467,4747.50,6063.94,3.00,1,20,0.06,NLOS,116.65,-6.99,-89.43,-61.65,5.87,24.74,0,26,-98.18,21,-99.14,14,-109.93,15,-113.11,9,-113.95,19,-114.46
468,4747.50,6070.81,3.00,1,20,0.06,NLOS,116.87,-6.99,-89.66,-61.88,5.57,24.74,0,26,-98.16,21,-98.99,14,-110.04,15,-113.02,9,-113.96,19,-114.56
469,4747.50,6077.69,3.00,1,20,0.06,NLOS,117.10,-6.99,-89.88,-62.10,5.27,24.74,0,26,-98.13,21,-98.84,14,-110.16,15,-112.94,9,-113.98,19,-114.66
470,4747.50,6084.56,3.00,1,20,0.06,NLOS,117.32,-6.99,-90.11,-62.33,4.97,24.74,0,26,-98.11,21,-98.68,14,-110.27,15,-112.85,9,-113.99,19,-114.77
471,4747.50,6091.43,3.00,1,20,0.06,NLOS,117.55,5.53,-102.86,-75.08,-1.54,24.74,0,15,-102.53,21,-108.60,27,-111.97,31,-114.58,10,-114.95,26,-116.56
472,4747.50,6098.30,3.00,1,20,0.06,NLOS,117.78,5.53,-103.09,-75.31,-1.86,24.74,0,15,-102.45,21,-108.44,27,-111.92,31,-114.58,10,-114.91,26,-116.54
473,4747.50,6105.18,3.00,1,20,0.06,NLOS,118.01,5.53,-103.32,-75.54,-2.18,24.74,0,15,-102.37,21,-108.28,27,-111.86,31,-114.59,10,-114.87,26,-116.51
474,4747.50,6112.05,3.00,1,20,0.05,NLOS,118.24,5.53,-103.55,-75.77,-2.50,24.74,0,15,-102.29,21,-108.12,27,-111.80,31,-114.60,10,-114.84,26,-116.49
475,4747.50,6118.92,3.00,1,20,0.05,NLOS,118.47,4.36,-102.61,-74.83,-3.15,24.74,0,15,-102.14,14,-106.25,21,-107.25,25,-111.53,13,-112.20,10,-116.71
476,4747.50,6125.80,3.00,1,20,0.05,NLOS,118.70,4.36,-102.84,-75.06,-3.42,24.74,0,15,-102.07,14,-106.36,21,-107.08,25,-111.59,13,-112.27,10,-116.68
477,4747.50,6132.67,3.00,1,20,0.05,NLOS,118.93,4.36,-103.07,-75.29,-3.69,24.74,0,15,-101.99,14,-106.47,21,-106.92,25,-111.64,13,-112.33,10,-116.64
478,4747.50,6139.54,3.00,1,20,0.05,NLOS,119.16,4.36,-103.30,-75.52,-3.96,24.74,0,15,-101.93,14,-106.58,21,-106.75,25,-111.70,13,-112.40,10,-116.60
479,4747.50,6146.41,3.00,1,20,0.05,NLOS,119.39,-9.73,-89.44,-61.66,10.16,24.74,0,21,-102.81,15,-103.31,9,-110.00,26,-111.04,13,-111.94,24,-114.91
480,4747.50,6153.29,3.00,1,20,0.05,NLOS,119.62,-9.73,-89.67,-61.88,9.83,24.74,0,21,-102.64,15,-103.25,9,-110.02,26,-111.02,13,-112.01,24,-114.97
481,4747.50,6160.16,3.00,1,20,0.05,NLOS,119.84,-9.73,-89.89,-62.11,9.49,24.74,0,21,-102.47,15,-103.18,9,-110.05,26,-111.00,13,-112.08,24,-115.02
482,4747.50,6167.03,3.00,1,20,0.05,NLOS,120.07,-9.73,-90.12,-62.34,9.15,24.74,0,21,-102.30,15,-103.13,9,-110.07,26,-110.99,13,-112.14,24,-115.07
483,4747.50,6173.90,3.00,1,20,0.05,NLOS,120.30,-13.15,-86.93,-59.15,9.69,24.74,0,15,-97.43,21,-107.02,14,-110.11,25,-113.44,10,-116.85,26,-117.63
484,4747.50,6180.78,3.00,1,20,0.05,NLOS,120.52,-13.15,-87.16,-59.38,9.41,24.74,0,15,-97.38,21,-106.85,14,-110.22,25,-113.49,10,-116.81,26,-117.62
485,4747.50,6187.65,3.00,1,20,0.05,NLOS,120.75,-13.15,-87.38,-59.60,9.13,24.74,0,15,-97.33,21,-106.67,14,-110.33,25,-113.55,10,-116.78,26,-117.60
486,4747.50,6194.52,3.00,1,20,0.04,NLOS,120.97,-13.15,-87.60,-59.82,8.86,24.74,0,15,-97.28,21,-106.50,14,-110.44,25,-113.61,10,-116.74,26,-117.59
487,4747.50,6201.40,3.00,1,20,0.04,NLOS,121.19,-1.86,-99.11,-71.33,2.13,24.74,0,21,-105.04,15,-107.46,14,-109.87,25,-111.98,26,-112.94,19,-114.45
488,4747.50,6208.27,3.00,1,20,0.04,NLOS,121.41,-1.86,-99.33,-71.55,1.85,24.74,0,21,-104.86,15,-107.42,14,-109.98,25,-112.03,26,-112.93,19,-114.55
489,4747.50,6215.14,3.00,1,20,0.04,NLOS,121.63,-1.86,-99.55,-71.77,1.56,24.74,0,21,-104.68,15,-107.38,14,-110.09,25,-112.09,26,-112.92,19,-114.64
490,4747.50,6222.01,3.00,1,20,0.04,NLOS,121.85,-1.86,-99.77,-71.99,1.28,24.74,0,21,-104.50,15,-107.34,14,-110.19,25,-112.15,26,-112.91,19,-114.73
491,4747.50,6228.89,3.00,1,20,0.04,NLOS,122.07,-4.72,-97.13,-69.35,1.91,24.74,0,26,-103.14,21,-105.91,19,-106.28,16,-106.39,15,-107.34,14,-111.88
492,4747.50,6235.76,3.00,1,20,0.04,NLOS,122.28,-4.72,-97.35,-69.56,1.67,24.74,0,26,-103.14,21,-105.73,16,-106.29,19,-106.37,15,-107.31,14,-111.99
493,4747.50,6242.63,3.00,1,20,0.04,NLOS,122.50,-4.72,-97.56,-69.78,1.43,24.74,0,26,-103.13,21,-105.54,16,-106.19,19,-106.46,15,-107.28,14,-112.09
494,4749.50,6247.50,3.00,0,20,0.04,NLOS,122.61,-4.72,-97.67,-69.89,1.29,24.74,0,26,-103.09,21,-105.38,16,-106.14,19,-106.52,15,-107.33,14,-112.19
495,4756.38,6247.50,3.00,0,15,0.04,NLOS,124.45,2.11,-106.35,-78.57,1.99,24.74,1,21,-112.43,31,-112.64,20,-112.74,26,-115.39,27,-115.73,14,-117.58
496,4763.25,6247.50,3.00,0,15,0.04,NLOS,124.68,2.11,-106.58,-78.79,1.69,24.74,0,21,-112.34,31,-112.58,20,-112.60,26,-115.27,27,-115.66,14,-117.64
497,4770.12,6247.50,3.00,0,15,0.03,NLOS,124.90,2.11,-106.80,-79.02,1.40,24.74,0,21,-112.24,20,-112.47,31,-112.51,26,-115.15,27,-115.60,14,-117.70
498,4777.00,6247.50,3.00,0,15,0.03,NLOS,125.12,2.11,-107.02,-79.24,1.10,24.74,0,21,-112.15,20,-112.33,31,-112.45,26,-115.03,27,-115.54,14,-117.77
499,4783.87,6247.50,3.00,0,15,0.03,NLOS,125.34,-6.22,-98.91,-71.12,2.59,24.74,0,20,-102.11,19,-113.70,10,-114.87,16,-116.36,14,-116.48,26,-116.78
500,4790.74,6247.50,3.00,0,15,0.03,NLOS,125.56,-6.22,-99.12,-71.34,2.26,24.74,0,20,-101.98,19,-113.69,10,-114.95,16,-116.41,14,-116.55,26,-116.66
501,4797.61,6247.50,3.00,0,15,0.03,NLOS,125.77,-6.22,-99.33,-71.55,1.95,24.74,0,20,-101.86,19,-113.67,10,-115.03,16,-116.47,26,-116.54,14,-116.62
502,4804.49,6247.50,3.00,0,15,0.03,NLOS,125.98,-6.22,-99.54,-71.76,1.63,24.74,0,20,-101.73,19,-113.66,10,-115.11,26,-116.41,16,-116.52,14,-116.68
503,4811.36,6247.50,3.00,0,20,0.04,NLOS,121.42,-2.42,-98.79,-71.00,3.14,24.74,1,15,-103.46,21,-108.09,16,-111.40,10,-115.80,19,-118.23,25,-119.67
504,4818.23,6247.50,3.00,0,20,0.04,NLOS,121.30,-2.42,-98.67,-70.88,3.38,24.74,0,15,-103.67,21,-108.01,16,-111.46,10,-115.88,19,-118.22,25,-119.60
505,4825.10,6247.50,3.00,0,20,0.04,NLOS,121.19,-2.42,-98.55,-70.77,3.62,24.74,0,15,-103.87,21,-107.93,16,-111.51,10,-115.96,19,-118.21,25,-119.53
506,4831.98,6247.50,3.00,0,20,0.04,NLOS,121.07,-2.42,-98.43,-70.65,3.84,24.74,0,15,-104.07,21,-107.86,16,-111.57,10,-116.04,19,-118.19,25,-119.46
507,4838.85,6247.50,3.00,0,15,0.03,NLOS,126.99,-12.47,-94.30,-66.52,2.91,24.74,1,21,-100.25,20,-100.83,14,-109.57,26,-111.41,19,-115.28,32,-117.76
508,4845.72,6247.50,3.00,0,15,0.03,NLOS,127.18,-12.47,-94.50,-66.72,2.64,24.74,0,21,-100.18,20,-100.72,14,-109.64,26,-111.28,19,-115.27,32,-117.70
509,4852.60,6247.50,3.00,0,15,0.03,NLOS,127.38,-12.47,-94.69,-66.91,2.37,24.74,0,21,-100.12,20,-100.62,14,-109.71,26,-111.16,19,-115.26,32,-117.63
510,4859.47,6247.50,3.00,0,15,0.03,NLOS,127.57,-12.47,-94.88,-67.10,2.11,24.74,0,21,-100.05,20,-100.52,14,-109.78,26,-111.03,19,-115.25,32,-117.57
511,4866.34,6247.50,3.00,0,20,0.05,NLOS,120.55,-15.29,-85.05,-57.26,13.82,24.74,1,21,-99.31,15,-112.93,26,-114.72,27,-114.99,25,-115.70,10,-117.98
512,4873.21,6247.50,3.00,0,20,0.05,NLOS,120.46,-15.29,-84.95,-57.17,13.86,24.74,0,21,-99.25,15,-113.12,26,-114.59,27,-114.93,25,-115.63,10,-118.05
513,4880.09,6247.50,3.00,0,20,0.05,NLOS,120.37,-15.29,-84.86,-57.08,13.90,24.74,0,21,-99.19,15,-113.31,26,-114.45,27,-114.87,25,-115.56,10,-118.13
514,4886.96,6247.50,3.00,0,20,0.05,NLOS,120.28,-15.29,-84.78,-57.00,13.94,24.74,0,21,-99.13,15,-113.49,26,-114.32,27,-114.80,25,-115.49,10,-118.20
515,4893.83,6247.50,3.00,0,15,0.03,NLOS,128.49,-8.47,-99.81,-72.02,3.92,24.74,1,20,-105.69,30,-109.93,21,-110.91,14,-115.52,10,-116.28,27,-117.77
516,4900.71,6247.50,3.00,0,15,0.03,NLOS,128.67,-8.47,-99.98,-72.20,3.70,24.74,0,20,-105.61,30,-109.89,21,-110.86,14,-115.59,10,-116.35,27,-117.71
517,4907.58,6247.50,3.00,0,15,0.03,NLOS,128.85,-8.47,-100.16,-72.38,3.48,24.74,0,20,-105.54,30,-109.84,21,-110.81,14,-115.66,10,-116.43,27,-117.65
518,4914.45,6247.50,3.00,0,15,0.03,NLOS,129.02,-8.47,-100.34,-72.55,3.26,24.74,0,20,-105.47,30,-109.79,21,-110.77,14,-115.73,10,-116.50,27,-117.58
519,4921.32,6247.50,3.00,0,21,0.04,NLOS,123.84,-4.17,-99.45,-71.67,2.14,24.74,1,20,-103.68,15,-107.52,16,-112.55,26,-116.15,9,-116.78,2,-119.74
520,4928.20,6247.50,3.00,0,21,0.04,NLOS,123.81,-4.17,-99.42,-71.63,2.19,24.74,0,20,-103.62,15,-107.70,16,-112.61,26,-116.01,9,-116.85,2,-119.77
521,4935.07,6247.50,3.00,0,21,0.04,NLOS,123.77,-4.17,-99.38,-71.60,2.23,24.74,0,20,-103.57,15,-107.87,16,-112.67,26,-115.86,9,-116.93,2,-119.80
522,4941.94,6247.50,3.00,0,21,0.04,NLOS,123.74,-4.17,-99.35,-71.57,2.26,24.74,0,20,-103.52,15,-108.03,16,-112.73,26,-115.72,9,-117.00,2,-119.84
523,4947.50,6248.81,3.00,1,21,0.04,NLOS,123.67,-3.10,-100.36,-72.58,2.23,24.74,0,26,-105.54,20,-109.15,15,-110.16,14,-113.10,19,-114.41,9,-114.81
524,4947.50,6255.69,3.00,1,21,0.04,NLOS,123.43,-3.10,-100.12,-72.34,2.52,24.74,0,26,-105.53,20,-109.45,15,-110.15,14,-113.18,19,-114.50,9,-114.83
525,4947.50,6262.56,3.00,1,21,0.04,NLOS,123.19,-3.10,-99.88,-72.09,2.81,24.74,0,26,-105.52,20,-109.74,15,-110.14,14,-113.26,19,-114.60,9,-114.85
526,4947.50,6269.43,3.00,1,21,0.04,NLOS,122.95,-3.10,-99.63,-71.85,3.10,24.74,0,26,-105.52,20,-110.02,15,-110.13,14,-113.35,19,-114.69,9,-114.87
527,4947.50,6276.31,3.00,1,20,0.04,NLOS,120.94,-10.20,-90.52,-62.74,11.50,24.74,1,26,-105.95,15,-107.97,21,-109.31,14,-111.30,27,-118.80,10,-119.13
528,4947.50,6283.18,3.00,1,20,0.04,NLOS,121.22,-10.20,-90.80,-63.02,11.19,24.74,0,26,-105.95,15,-107.96,21,-109.06,14,-111.39,27,-118.73,10,-119.10
529,4947.50,6290.05,3.00,1,20,0.04,NLOS,121.49,-10.20,-91.07,-63.29,10.87,24.74,0,26,-105.95,15,-107.96,21,-108.80,14,-111.47,27,-118.66,10,-119.08
530,4947.50,6296.92,3.00,1,20,0.04,NLOS,121.76,-10.20,-91.34,-63.56,10.56,24.74,0,26,-105.94,15,-107.96,21,-108.54,14,-111.55,27,-118.58,10,-119.06
531,4947.50,6303.80,3.00,1,21,0.04,NLOS,121.66,-2.01,-99.43,-71.64,-1.34,24.74,1,15,-101.65,26,-101.72,20,-109.79,16,-113.33,27,-114.34,19,-116.68
532,4947.50,6310.67,3.00,1,21,0.04,NLOS,121.39,-2.01,-99.16,-71.38,-1.05,24.74,0,15,-101.65,26,-101.72,20,-110.05,16,-113.25,27,-114.26,19,-116.77
533,4947.50,6317.54,3.00,1,21,0.04,NLOS,121.11,-2.01,-98.88,-71.10,-0.76,24.74,0,15,-101.65,26,-101.73,20,-110.31,16,-113.17,27,-114.19,19,-116.85
534,4947.50,6324.41,3.00,1,21,0.05,NLOS,120.83,-2.01,-98.60,-70.82,-0.47,24.74,0,15,-101.66,26,-101.73,20,-110.56,16,-113.08,27,-114.12,19,-116.94
535,4947.50,6331.29,3.00,1,26,0.02,NLOS,132.19,-15.07,-96.89,-69.11,8.59,24.74,1,21,-107.51,15,-110.05,16,-111.03,20,-111.29,32,-117.22,19,-117.85
536,4947.50,6338.16,3.00,1,26,0.02,NLOS,132.19,-15.07,-96.90,-69.12,8.46,24.74,0,21,-107.23,15,-110.06,16,-110.95,20,-111.54,32,-117.20,19,-117.94
537,4947.50,6345.03,3.00,1,26,0.02,NLOS,132.20,-15.07,-96.91,-69.13,8.32,24.74,0,21,-106.93,15,-110.07,16,-110.86,20,-111.78,32,-117.18,19,-118.02
538,4947.50,6351.91,3.00,1,26,0.02,NLOS,132.21,-15.07,-96.92,-69.14,8.15,24.74,0,21,-106.64,15,-110.08,16,-110.78,20,-112.02,32,-117.17,19,-118.11
539,4947.50,6358.78,3.00,1,21,0.05,NLOS,119.37,-2.69,-96.46,-68.68,1.72,24.74,1,20,-102.60,15,-102.91,26,-106.90,10,-107.43,16,-111.92,19,-114.29
540,4947.50,6365.65,3.00,1,21,0.05,NLOS,119.06,-2.69,-96.15,-68.37,2.11,24.74,0,20,-102.83,15,-102.92,26,-106.92,10,-107.41,16,-111.84,19,-114.38
541,4947.50,6372.52,3.00,1,21,0.05,NLOS,118.75,-2.69,-95.84,-68.05,2.50,24.74,0,15,-102.94,20,-103.06,26,-106.93,10,-107.39,16,-111.75,19,-114.46
542,4947.50,6379.40,3.00,1,21,0.05,NLOS,118.43,-2.69,-95.52,-67.74,2.90,24.74,0,15,-102.96,20,-103.29,26,-106.94,10,-107.37,16,-111.67,19,-114.54
543,4947.50,6386.27,3.00,1,21,0.06,NLOS,118.10,1.55,-99.44,-71.66,1.71,24.74,0,15,-105.38,20,-105.81,16,-109.72,27,-110.43,14,-112.29,26,-119.45
544,4947.50,6393.14,3.00,1,21,0.06,NLOS,117.77,1.55,-99.11,-71.33,2.11,24.74,0,15,-105.40,20,-106.03,16,-109.64,27,-110.36,14,-112.37,26,-119.47
545,4947.50,6400.01,3.00,1,21,0.06,NLOS,117.43,1.55,-98.77,-70.99,2.50,24.74,0,15,-105.42,20,-106.25,16,-109.55,27,-110.28,14,-112.45,26,-119.49
546,4947.50,6406.89,3.00,1,21,0.06,NLOS,117.09,1.55,-98.42,-70.64,2.90,24.74,0,15,-105.45,20,-106.47,16,-109.47,27,-110.21,14,-112.53,26,-119.50
547,4947.50,6413.76,3.00,1,27,0.02,NLOS,137.51,-16.15,-101.14,-73.36,-0.48,24.74,1,15,-101.56,20,-103.59,21,-104.73,14,-109.00,26,-113.68,16,-115.52
548,4947.50,6420.63,3.00,1,27,0.02,NLOS,137.44,-16.15,-101.07,-73.29,-0.45,24.74,0,15,-101.59,20,-103.80,21,-104.37,14,-109.08,26,-113.70,16,-115.43
549,4947.50,6427.51,3.00,1,27,0.02,NLOS,137.37,-16.15,-101.00,-73.21,-0.44,24.74,0,15,-101.62,20,-104.01,21,-104.01,14,-109.16,26,-113.72,16,-115.35
550,4947.50,6434.38,3.00,1,27,0.02,NLOS,137.29,-16.15,-100.92,-73.14,-0.46,24.74,0,15,-101.65,21,-103.63,20,-104.21,14,-109.24,26,-113.75,16,-115.27
551,4947.50,6441.25,3.00,1,21,0.07,NLOS,115.26,4.64,-99.68,-71.89,1.33,24.74,1,15,-103.59,20,-104.87,19,-111.24,31,-117.59,26,-118.67,4,-120.80
552,4947.50,6448.12,3.00,1,21,0.07,NLOS,114.87,4.64,-99.29,-71.50,1.82,24.74,0,15,-103.62,20,-105.07,19,-111.32,31,-117.61,26,-118.69,4,-120.80
553,4947.50,6455.00,3.00,1,21,0.07,NLOS,114.47,4.64,-98.89,-71.10,2.32,24.74,0,15,-103.65,20,-105.27,19,-111.40,31,-117.64,26,-118.72,4,-120.81
554,4947.50,6461.87,3.00,1,21,0.08,NLOS,114.06,4.64,-98.48,-70.70,2.82,24.74,0,15,-103.69,20,-105.46,19,-111.48,31,-117.66,26,-118.75,4,-120.81
555,4947.50,6468.74,3.00,1,21,0.08,NLOS,113.64,-1.86,-91.56,-63.78,7.68,24.74,0,15,-101.40,20,-105.26,16,-109.93,25,-110.14,27,-113.37,4,-118.59
556,4947.50,6475.61,3.00,1,21,0.08,NLOS,113.21,-1.86,-91.13,-63.35,8.16,24.74,0,15,-101.44,20,-105.45,16,-109.84,25,-110.21,27,-113.30,4,-118.59
557,4947.50,6482.49,3.00,1,21,0.09,NLOS,112.77,-1.86,-90.69,-62.91,8.66,24.74,0,15,-101.48,20,-105.64,16,-109.76,25,-110.28,27,-113.23,4,-118.59
558,4947.50,6489.36,3.00,1,21,0.09,NLOS,112.32,-1.86,-90.24,-62.46,9.17,24.74,0,15,-101.52,20,-105.83,16,-109.68,25,-110.35,27,-113.16,4,-118.60
559,4947.50,6496.23,3.00,1,21,0.09,NLOS,111.86,-4.80,-86.85,-59.07,13.83,24.74,0,15,-101.05,9,-112.45,31,-113.59,32,-114.85,25,-114.93,20,-115.39
560,4947.50,6503.11,3.00,1,21,0.10,NLOS,111.39,-4.80,-86.37,-58.59,14.35,24.74,0,15,-101.10,9,-112.48,31,-113.62,32,-114.84,25,-115.00,20,-115.58
561,4947.50,6509.98,3.00,1,21,0.10,NLOS,110.90,-4.80,-85.89,-58.11,14.88,24.74,0,15,-101.14,9,-112.51,31,-113.65,32,-114.83,25,-115.07,20,-115.76
562,4947.50,6516.85,3.00,1,21,0.11,NLOS,110.40,-4.80,-85.39,-57.61,15.43,24.74,0,15,-101.19,9,-112.54,31,-113.67,32,-114.82,25,-115.14,20,-115.94
563,4947.50,6523.72,3.00,1,21,0.11,NLOS,109.89,3.42,-93.09,-65.31,9.34,24.74,0,16,-104.70,20,-109.99,10,-113.01,27,-113.31,26,-115.60,23,-115.95
564,4947.50,6530.60,3.00,1,21,0.12,NLOS,109.36,3.42,-92.56,-64.78,9.84,24.74,0,16,-104.62,20,-110.17,10,-113.00,27,-113.24,26,-115.64,23,-115.99
565,4947.50,6537.47,3.00,1,21,0.13,NLOS,108.82,3.42,-92.02,-64.24,10.36,24.74,0,16,-104.53,20,-110.34,10,-112.99,27,-113.17,26,-115.68,23,-116.03
566,4947.50,6544.34,3.00,1,21,0.13,NLOS,108.25,3.42,-91.46,-63.68,10.89,24.74,0,16,-104.45,20,-110.51,10,-112.98,27,-113.10,26,-115.72,23,-116.07
567,4947.50,6551.21,3.00,1,21,0.14,NLOS,107.68,2.58,-90.04,-62.26,16.14,24.74,0,20,-111.14,15,-111.74,14,-112.37,26,-113.66,27,-115.94,32,-116.35
568,4947.50,6558.09,3.00,1,21,0.15,NLOS,107.08,2.58,-89.44,-61.66,16.80,24.74,0,20,-111.31,15,-111.79,14,-112.44,26,-113.71,27,-115.87,32,-116.34
569,4947.50,6564.96,3.00,1,21,0.16,NLOS,106.47,2.58,-88.83,-61.04,17.47,24.74,0,20,-111.47,15,-111.85,14,-112.52,26,-113.75,27,-115.80,32,-116.34
570,4947.50,6571.83,3.00,1,21,0.17,NLOS,105.83,2.58,-88.19,-60.41,18.17,24.74,0,20,-111.64,15,-111.90,14,-112.59,26,-113.79,27,-115.73,16,-116.27
571,4947.50,6578.71,3.00,1,21,0.18,NLOS,105.17,0.94,-85.90,-58.12,15.99,24.74,0,16,-106.20,20,-107.00,15,-110.14,27,-110.69,26,-117.43,13,-122.38
572,4947.50,6585.58,3.00,1,21,0.19,NLOS,104.49,0.94,-85.22,-57.44,16.69,24.74,0,16,-106.12,20,-107.16,15,-110.20,27,-110.62,26,-117.48,13,-122.43
573,4947.50,6592.45,3.00,1,21,0.20,NLOS,103.79,0.94,-84.51,-56.73,17.41,24.74,0,16,-106.03,20,-107.32,15,-110.26,27,-110.55,26,-117.53,13,-122.49
574,4947.50,6599.32,3.00,1,21,0.22,NLOS,103.06,0.94,-83.78,-56.00,18.16,24.74,0,16,-105.95,20,-107.48,15,-110.32,27,-110.48,26,-117.57,13,-122.54
575,4947.50,6606.20,3.00,1,21,0.23,NLOS,102.30,-1.32,-80.76,-52.98,17.62,24.74,0,15,-100.79,20,-107.02,16,-107.95,27,-108.00,26,-110.67,25,-117.16
576,4947.50,6613.07,3.00,1,21,0.25,NLOS,101.52,-1.32,-79.98,-52.20,18.44,24.74,0,15,-100.85,20,-107.17,16,-107.87,27,-107.93,26,-110.72,25,-117.23
577,4947.50,6619.94,3.00,1,21,0.27,NLOS,100.71,-1.32,-79.17,-51.39,19.30,24.74,0,15,-100.91,20,-107.33,16,-107.78,27,-107.86,26,-110.77,25,-117.29
578,4947.50,6626.81,3.00,1,21,0.28,NLOS,99.86,-1.32,-78.32,-50.54,20.18,24.74,0,15,-100.98,20,-107.48,16,-107.70,27,-107.79,26,-110.82,25,-117.36
579,4947.50,6633.69,3.00,1,21,0.30,NLOS,98.99,-4.52,-74.25,-46.47,25.29,24.74,0,26,-100.80,14,-107.73,25,-108.81,15,-109.02,16,-110.39,20,-113.11
580,4947.50,6640.56,3.00,1,21,0.33,NLOS,98.09,-4.52,-73.35,-45.56,26.24,24.74,0,26,-100.85,14,-107.80,25,-108.87,15,-109.08,16,-110.31,20,-113.26
581,4947.50,6647.43,3.00,1,21,0.35,NLOS,97.15,-4.52,-72.41,-44.63,27.22,24.74,0,26,-100.90,14,-107.87,25,-108.94,15,-109.15,16,-110.23,20,-113.41
582,4940.69,6647.50,3.00,2,21,0.33,NLOS,97.74,-4.52,-73.00,-45.22,26.69,24.74,0,26,-101.02,14,-107.83,25,-108.98,15,-109.02,16,-110.12,20,-113.42
583,4933.82,6647.50,3.00,2,21,0.32,NLOS,98.38,3.97,-82.13,-54.35,19.97,24.74,0,16,-104.29,15,-108.61,20,-111.03,32,-117.66,26,-119.35,31,-120.43
584,4926.95,6647.50,3.00,2,21,0.30,NLOS,99.03,3.97,-82.78,-55.00,19.23,24.74,0,16,-104.18,15,-108.47,20,-111.04,32,-117.73,26,-119.47,9,-120.41
585,4920.08,6647.50,3.00,2,21,0.29,NLOS,99.69,3.97,-83.44,-55.66,18.47,24.74,0,16,-104.08,15,-108.33,20,-111.06,32,-117.81,26,-119.59,9,-120.35
586,4913.20,6647.50,3.00,2,21,0.27,NLOS,100.36,3.97,-84.11,-56.33,17.71,24.74,0,16,-103.97,15,-108.20,20,-111.07,32,-117.88,26,-119.71,9,-120.29
587,4906.33,6647.50,3.00,2,21,0.26,NLOS,101.02,6.99,-87.80,-60.02,17.82,24.74,0,20,-109.26,27,-112.66,26,-113.02,16,-114.25,25,-117.09,14,-121.17
588,4899.46,6647.50,3.00,2,21,0.24,NLOS,101.69,6.99,-88.46,-60.68,17.18,24.74,0,20,-109.28,27,-112.76,26,-113.14,16,-114.14,25,-117.14,14,-121.13
589,4892.59,6647.50,3.00,2,21,0.23,NLOS,102.34,6.99,-89.12,-61.34,16.55,24.74,0,20,-109.30,27,-112.86,26,-113.25,16,-114.03,25,-117.18,14,-121.09
590,4885.71,6647.50,3.00,2,21,0.22,NLOS,102.99,6.99,-89.77,-61.99,15.93,24.74,0,20,-109.32,27,-112.96,26,-113.37,16,-113.92,25,-117.23,14,-121.05
591,4878.84,6647.50,3.00,2,21,0.21,NLOS,103.63,5.86,-89.27,-61.49,10.87,24.74,0,15,-103.28,26,-106.84,16,-108.80,20,-109.10,32,-115.65,10,-116.27
592,4871.97,6647.50,3.00,2,21,0.19,NLOS,104.26,5.86,-89.90,-62.12,10.18,24.74,0,15,-103.14,26,-106.96,16,-108.69,20,-109.13,32,-115.72,10,-116.19
593,4865.09,6647.50,3.00,2,21,0.18,NLOS,104.87,5.86,-90.52,-62.73,9.50,24.74,0,15,-102.99,26,-107.07,16,-108.58,20,-109.15,32,-115.79,10,-116.10
594,4858.22,6647.50,3.00,2,21,0.17,NLOS,105.48,5.86,-91.12,-63.34,8.84,24.74,0,15,-102.85,26,-107.19,16,-108.47,20,-109.18,32,-115.86,10,-116.02
595,4851.35,6647.50,3.00,2,21,0.16,NLOS,106.07,-11.11,-74.73,-46.95,31.49,24.74,0,16,-111.48,26,-112.02,15,-114.10,27,-115.35,14,-116.33,19,-117.08
596,4844.48,6647.50,3.00,2,21,0.16,NLOS,106.64,-11.11,-75.31,-47.53,30.90,24.74,0,16,-111.37,26,-112.13,15,-113.95,27,-115.44,14,-116.30,19,-117.09
597,4837.60,6647.50,3.00,2,21,0.15,NLOS,107.21,-11.11,-75.88,-48.09,30.31,24.74,0,16,-111.26,26,-112.24,15,-113.81,27,-115.54,14,-116.26,19,-117.10
598,4830.73,6647.50,3.00,2,21,0.14,NLOS,107.76,-11.11,-76.43,-48.64,29.73,24.74,0,16,-111.15,26,-112.36,15,-113.66,27,-115.64,14,-116.22,19,-117.10
599,4823.86,6647.50,3.00,2,21,0.13,NLOS,108.30,2.20,-90.28,-62.50,14.95,24.74,0,15,-109.03,16,-111.32,26,-113.08,14,-115.86,20,-116.17,27,-118.31
600,4816.98,6647.50,3.00,2,21,0.13,NLOS,108.82,2.20,-90.80,-63.02,14.36,24.74,0,15,-108.88,16,-111.21,26,-113.19,14,-115.82,20,-116.20,27,-118.40
601,4810.11,6647.50,3.00,2,21,0.12,NLOS,109.33,2.20,-91.32,-63.54,13.78,24.74,0,15,-108.73,16,-111.09,26,-113.30,14,-115.78,20,-116.23,27,-118.50
602,4803.24,6647.50,3.00,2,21,0.11,NLOS,109.83,2.20,-91.82,-64.04,13.20,24.74,0,15,-108.58,16,-110.98,26,-113.41,14,-115.75,20,-116.27,27,-118.59
603,4796.37,6647.50,3.00,2,21,0.11,NLOS,110.32,3.43,-93.53,-65.75,8.12,24.74,0,20,-103.56,19,-109.47,16,-110.70,15,-112.13,26,-113.30,27,-114.42
604,4789.49,6647.50,3.00,2,21,0.10,NLOS,110.80,3.43,-94.01,-66.23,7.65,24.74,0,20,-103.59,19,-109.48,16,-110.59,15,-111.98,26,-113.41,27,-114.51
605,4782.62,6647.50,3.00,2,21,0.10,NLOS,111.27,3.43,-94.48,-66.70,7.19,24.74,0,20,-103.63,19,-109.49,16,-110.48,15,-111.83,26,-113.52,27,-114.60
606,4775.75,6647.50,3.00,2,21,0.10,NLOS,111.73,3.43,-94.94,-67.15,6.74,24.74,0,20,-103.67,19,-109.50,16,-110.36,15,-111.67,26,-113.62,27,-114.70
607,4768.88,6647.50,3.00,2,21,0.09,NLOS,112.17,5.32,-97.27,-69.49,9.34,24.74,0,20,-111.00,16,-111.81,15,-114.07,27,-116.22,14,-117.59,19,-118.79
608,4762.00,6647.50,3.00,2,21,0.09,NLOS,112.61,5.32,-97.71,-69.93,8.87,24.74,0,20,-111.04,16,-111.69,15,-113.91,27,-116.32,14,-117.55,19,-118.80
609,4755.13,6647.50,3.00,2,21,0.08,NLOS,113.04,5.32,-98.14,-70.36,8.40,24.74,0,20,-111.08,16,-111.58,15,-113.76,27,-116.41,14,-117.52,19,-118.81
610,4748.26,6647.50,3.00,2,21,0.08,NLOS,113.46,5.32,-98.56,-70.78,7.95,24.74,0,20,-111.13,16,-111.47,15,-113.60,27,-116.50,14,-117.49,19,-118.82
611,4753.62,6647.50,3.00,0,21,0.08,NLOS,113.13,5.42,-98.33,-70.55,3.55,24.74,0,15,-103.39,16,-110.06,20,-114.31,10,-115.32,25,-117.76,27,-118.32
612,4760.49,6647.50,3.00,0,21,0.09,NLOS,112.70,5.42,-97.91,-70.13,4.11,24.74,0,15,-103.54,16,-110.17,20,-114.27,10,-115.41,25,-117.71,27,-118.23
613,4767.36,6647.50,3.00,0,21,0.09,NLOS,112.27,5.42,-97.47,-69.69,4.66,24.74,0,15,-103.70,16,-110.28,20,-114.23,10,-115.50,25,-117.67,27,-118.14
614,4774.23,6647.50,3.00,0,21,0.09,NLOS,111.83,5.42,-97.03,-69.25,5.23,24.74,0,15,-103.85,16,-110.39,20,-114.19,10,-115.59,25,-117.62,27,-118.05
615,4781.11,6647.50,3.00,0,21,0.10,NLOS,111.37,-8.51,-82.65,-54.87,21.57,24.74,0,15,-107.68,26,-110.72,14,-111.87,20,-112.04,37,-113.19,27,-113.58
616,4787.98,6647.50,3.00,0,21,0.10,NLOS,110.91,-8.51,-82.18,-54.40,22.06,24.74,0,15,-107.83,26,-110.61,14,-111.91,20,-112.00,37,-113.14,27,-113.49
617,4794.85,6647.50,3.00,0,21,0.11,NLOS,110.43,-8.51,-81.71,-53.92,22.57,24.74,0,15,-107.98,26,-110.51,14,-111.94,20,-111.96,37,-113.10,27,-113.39
618,4801.72,6647.50,3.00,0,21,0.11,NLOS,109.94,-8.51,-81.22,-53.44,23.08,24.74,0,15,-108.14,26,-110.40,20,-111.92,14,-111.98,37,-113.05,27,-113.30
619,4808.60,6647.50,3.00,0,21,0.12,NLOS,109.45,10.57,-99.80,-72.02,4.40,24.74,0,15,-106.85,20,-112.02,27,-113.26,10,-116.56,16,-116.72,26,-118.03
620,4815.47,6647.50,3.00,0,21,0.13,NLOS,108.93,10.57,-99.29,-71.51,4.98,24.74,0,15,-107.00,20,-111.99,27,-113.17,10,-116.65,16,-116.83,26,-117.92
621,4822.34,6647.50,3.00,0,21,0.13,NLOS,108.41,10.57,-98.77,-70.98,5.57,24.74,0,15,-107.15,20,-111.96,27,-113.07,10,-116.74,16,-116.94,26,-117.81
622,4829.22,6647.50,3.00,0,21,0.14,NLOS,107.88,10.57,-98.23,-70.45,6.16,24.74,0,15,-107.30,20,-111.92,27,-112.98,10,-116.83,16,-117.05,26,-117.70
623,4836.09,6647.50,3.00,0,21,0.15,NLOS,107.33,2.38,-89.49,-61.71,13.47,24.74,0,20,-106.88,16,-108.92,15,-109.31,14,-111.42,10,-115.76,25,-117.20
624,4842.96,6647.50,3.00,0,21,0.15,NLOS,106.77,2.38,-88.93,-61.15,14.08,24.74,0,20,-106.85,16,-109.03,15,-109.46,14,-111.46,10,-115.84,25,-117.15
625,4849.83,6647.50,3.00,0,21,0.16,NLOS,106.20,2.38,-88.35,-60.57,14.70,24.74,0,20,-106.82,16,-109.15,15,-109.61,14,-111.50,10,-115.93,25,-117.11
626,4856.71,6647.50,3.00,0,21,0.17,NLOS,105.61,2.38,-87.77,-59.98,15.34,24.74,0,20,-106.79,16,-109.26,15,-109.75,14,-111.53,10,-116.02,25,-117.06
627,4863.58,6647.50,3.00,0,21,0.18,NLOS,105.01,1.40,-86.19,-58.41,20.93,24.74,0,27,-112.65,20,-112.73,9,-113.97,16,-115.08,15,-115.63,26,-119.31
628,4870.45,6647.50,3.00,0,21,0.19,NLOS,104.40,1.40,-85.58,-57.79,21.54,24.74,0,27,-112.56,20,-112.70,9,-114.04,16,-115.19,15,-115.77,26,-119.19
629,4877.32,6647.50,3.00,0,21,0.20,NLOS,103.77,1.40,-84.95,-57.17,22.16,24.74,0,27,-112.46,20,-112.68,9,-114.10,16,-115.30,15,-115.92,26,-119.08
630,4884.20,6647.50,3.00,0,21,0.22,NLOS,103.13,1.40,-84.31,-56.53,22.80,24.74,0,27,-112.36,20,-112.66,9,-114.17,16,-115.41,15,-116.06,26,-118.96
631,4891.07,6647.50,3.00,0,21,0.23,NLOS,102.49,-8.28,-73.99,-46.20,28.03,24.74,0,15,-106.22,20,-106.90,16,-108.19,14,-110.57,25,-116.11,31,-117.19
632,4897.94,6647.50,3.00,0,21,0.24,NLOS,101.83,-8.28,-73.33,-45.55,28.76,24.74,0,15,-106.36,20,-106.88,16,-108.30,14,-110.61,25,-116.06,31,-117.13
633,4904.82,6647.50,3.00,0,21,0.26,NLOS,101.17,-8.28,-72.67,-44.89,29.49,24.74,0,15,-106.50,20,-106.86,16,-108.41,14,-110.65,25,-116.02,31,-117.07
634,4911.69,6647.50,3.00,0,21,0.27,NLOS,100.50,-8.28,-72.00,-44.22,30.23,24.74,0,15,-106.64,20,-106.84,16,-108.52,14,-110.69,25,-115.97,31,-117.01
635,4918.56,6647.50,3.00,0,21,0.28,NLOS,99.84,-7.07,-72.55,-44.77,29.43,24.74,0,15,-102.70,16,-113.98,32,-114.79,19,-115.62,27,-116.57,20,-116.68
636,4925.43,6647.50,3.00,0,21,0.30,NLOS,99.17,-7.07,-71.89,-44.11,30.21,24.74,0,15,-102.84,16,-114.09,32,-114.72,19,-115.62,27,-116.47,20,-116.67
637,4932.31,6647.50,3.00,0,21,0.32,NLOS,98.52,-7.07,-71.23,-43.45,30.98,24.74,0,15,-102.97,16,-114.20,32,-114.65,19,-115.61,27,-116.37,20,-116.66
638,4939.18,6647.50,3.00,0,21,0.33,NLOS,97.88,-7.07,-70.60,-42.82,31.73,24.74,0,15,-103.11,16,-114.31,32,-114.57,19,-115.61,27,-116.27,20,-116.64
639,4946.05,6647.50,3.00,0,21,0.35,NLOS,97.27,3.56,-80.61,-52.83,22.24,24.74,0,20,-104.30,14,-112.18,10,-112.71,27,-114.61,25,-114.72,16,-115.80
640,4942.08,6647.50,3.00,2,21,0.34,NLOS,97.62,3.56,-80.96,-53.18,21.89,24.74,0,20,-104.30,14,-112.15,10,-112.66,27,-114.67,25,-114.75,16,-115.74
641,4935.20,6647.50,3.00,2,21,0.32,NLOS,98.25,3.56,-81.59,-53.81,21.26,24.74,0,20,-104.31,14,-112.11,10,-112.58,27,-114.77,25,-114.79,16,-115.63
642,4928.33,6647.50,3.00,2,21,0.31,NLOS,98.90,3.56,-82.24,-54.45,20.61,24.74,0,20,-104.33,14,-112.07,10,-112.50,25,-114.84,27,-114.87,16,-115.52
643,4921.46,6647.50,3.00,2,21,0.29,NLOS,99.55,3.56,-82.90,-55.11,19.95,24.74,0,20,-104.34,14,-112.03,10,-112.42,25,-114.88,27,-114.98,16,-115.41
644,4914.58,6647.50,3.00,2,21,0.28,NLOS,100.22,-2.49,-77.51,-49.73,21.96,24.74,0,15,-101.76,27,-106.38,26,-107.45,20,-116.17,16,-117.25,14,-117.92
645,4907.71,6647.50,3.00,2,21,0.26,NLOS,100.89,-2.49,-78.18,-50.40,21.25,24.74,0,15,-101.62,27,-106.49,26,-107.57,20,-116.19,16,-117.14,14,-117.88
646,4900.84,6647.50,3.00,2,21,0.25,NLOS,101.55,-2.49,-78.85,-51.06,20.53,24.74,0,15,-101.48,27,-106.59,26,-107.68,20,-116.21,16,-117.03,14,-117.84
647,4893.97,6647.50,3.00,2,21,0.23,NLOS,102.21,-2.49,-79.51,-51.72,19.82,24.74,0,15,-101.34,27,-106.69,26,-107.80,20,-116.23,16,-116.92,14,-117.80
648,4887.09,6647.50,3.00,2,21,0.22,NLOS,102.86,2.93,-85.57,-57.79,18.97,24.74,0,20,-107.53,16,-111.33,15,-113.53,31,-114.48,27,-114.79,5,-116.05
649,4880.22,6647.50,3.00,2,21,0.21,NLOS,103.50,2.93,-86.21,-58.43,18.31,24.74,0,20,-107.55,16,-111.22,15,-113.39,31,-114.54,27,-114.89,5,-116.00
650,4873.35,6647.50,3.00,2,21,0.20,NLOS,104.13,2.93,-86.84,-59.06,17.66,24.74,0,20,-107.57,16,-111.11,15,-113.25,31,-114.60,27,-114.98,5,-115.95
651,4866.48,6647.50,3.00,2,21,0.19,NLOS,104.75,2.93,-87.46,-59.68,17.01,24.74,0,20,-107.60,16,-111.00,15,-113.11,31,-114.66,27,-115.08,5,-115.89
652,4859.60,6647.50,3.00,2,21,0.18,NLOS,105.36,-10.42,-74.72,-46.94,31.51,24.74,0,20,-111.17,15,-111.43,16,-115.47,26,-115.75,27,-116.35,12,-118.83
653,4852.73,6647.50,3.00,2,21,0.17,NLOS,105.95,-10.42,-75.31,-47.53,30.89,24.74,0,20,-111.20,15,-111.29,16,-115.36,26,-115.87,27,-116.45,12,-118.82
654,4845.86,6647.50,3.00,2,21,0.16,NLOS,106.53,-10.42,-75.89,-48.11,30.27,24.74,0,15,-111.14,20,-111.23,16,-115.25,26,-115.98,27,-116.54,12,-118.81
655,4838.98,6647.50,3.00,2,21,0.15,NLOS,107.09,-10.42,-76.46,-48.67,29.67,24.74,0,15,-111.00,20,-111.25,16,-115.14,26,-116.09,27,-116.64,12,-118.81
656,4832.11,6647.50,3.00,2,21,0.14,NLOS,107.65,2.46,-89.89,-62.11,11.14,24.74,0,20,-103.56,26,-106.91,19,-110.35,14,-111.23,16,-112.17,15,-112.31
657,4825.24,6647.50,3.00,2,21,0.13,NLOS,108.19,2.46,-90.43,-62.65,10.62,24.74,0,20,-103.59,26,-107.02,19,-110.35,14,-111.19,16,-112.06,15,-112.16
658,4818.37,6647.50,3.00,2,21,0.13,NLOS,108.72,2.46,-90.96,-63.18,10.12,24.74,0,20,-103.63,26,-107.13,19,-110.36,14,-111.16,16,-111.95,15,-112.01
659,4811.49,6647.50,3.00,2,21,0.12,NLOS,109.23,2.46,-91.48,-63.69,9.62,24.74,0,20,-103.66,26,-107.24,19,-110.37,14,-111.12,16,-111.83,15,-111.86
660,4804.62,6647.50,3.00,2,21,0.12,NLOS,109.74,1.07,-90.59,-62.81,8.50,24.74,0,15,-99.74,26,-109.21,14,-113.39,9,-117.02,20,-117.71,31,-119.04
661,4797.75,6647.50,3.00,2,21,0.11,NLOS,110.23,1.07,-91.08,-63.30,7.89,24.74,0,15,-99.59,26,-109.32,14,-113.35,9,-116.96,20,-117.75,31,-119.10
662,4790.88,6647.50,3.00,2,21,0.11,NLOS,110.71,1.07,-91.56,-63.78,7.28,24.74,0,15,-99.44,26,-109.42,14,-113.31,9,-116.89,20,-117.79,31,-119.15
663,4784.00,6647.50,3.00,2,21,0.10,NLOS,111.18,1.07,-92.03,-64.25,6.69,24.74,0,15,-99.29,26,-109.53,14,-113.28,9,-116.83,20,-117.82,16,-119.13
664,4777.13,6647.50,3.00,2,21,0.10,NLOS,111.64,-0.45,-90.96,-63.18,12.27,24.74,0,15,-104.67,26,-112.08,5,-114.99,10,-116.19,16,-116.77,27,-117.50
665,4770.26,6647.50,3.00,2,21,0.09,NLOS,112.08,-0.45,-91.41,-63.63,11.72,24.74,0,15,-104.52,26,-112.19,5,-114.93,10,-116.10,16,-116.65,27,-117.60
666,4763.38,6647.50,3.00,2,21,0.09,NLOS,112.52,-0.45,-91.85,-64.07,11.18,24.74,0,15,-104.36,26,-112.29,5,-114.88,10,-116.01,16,-116.54,27,-117.69
667,4756.51,6647.50,3.00,2,21,0.09,NLOS,112.95,-0.45,-92.28,-64.50,10.64,24.74,0,15,-104.21,26,-112.40,5,-114.82,10,-115.92,16,-116.43,27,-117.78
668,4749.64,6647.50,3.00,2,21,0.08,NLOS,113.37,-5.16,-87.99,-60.21,16.38,24.74,0,26,-108.62,27,-108.77,15,-112.99,19,-115.71,10,-116.43,18,-118.28
669,4742.77,6647.50,3.00,2,21,0.08,NLOS,113.78,-5.16,-88.40,-60.62,16.01,24.74,0,26,-108.72,27,-108.87,15,-112.83,19,-115.72,10,-116.34,18,-118.29
670,4735.89,6647.50,3.00,2,21,0.08,NLOS,114.18,-5.16,-88.80,-61.02,15.64,24.74,0,26,-108.83,27,-108.96,15,-112.67,19,-115.74,10,-116.24,18,-118.29
671,4729.02,6647.50,3.00,2,21,0.07,NLOS,114.58,-5.16,-89.20,-61.42,15.28,24.74,0,26,-108.93,27,-109.05,15,-112.51,19,-115.75,10,-116.15,18,-118.30
672,4722.15,6647.50,3.00,2,21,0.07,NLOS,114.96,-15.44,-79.31,-51.53,24.49,24.74,0,15,-109.04,20,-109.30,16,-110.58,10,-112.01,8,-116.79,26,-119.86
673,4715.28,6647.50,3.00,2,21,0.07,NLOS,115.34,-15.44,-79.69,-51.91,24.04,24.74,0,15,-108.88,20,-109.35,16,-110.47,10,-111.91,8,-116.76,26,-119.96
674,4708.40,6647.50,3.00,2,21,0.07,NLOS,115.71,-15.44,-80.06,-52.28,23.60,24.74,0,15,-108.72,20,-109.40,16,-110.35,10,-111.82,8,-116.72,26,-120.06
675,4701.53,6647.50,3.00,2,21,0.06,NLOS,116.08,-15.44,-80.42,-52.64,23.16,24.74,0,15,-108.56,20,-109.45,16,-110.24,10,-111.72,8,-116.69,26,-120.16
676,4694.66,6647.50,3.00,2,21,0.06,NLOS,116.43,-0.61,-95.60,-67.82,4.36,24.74,0,16,-101.73,15,-107.93,10,-111.11,26,-111.67,9,-112.17,25,-114.27
677,4687.78,6647.50,3.00,2,21,0.06,NLOS,116.78,-0.61,-95.95,-68.17,3.91,24.74,0,16,-101.61,15,-107.77,10,-111.01,26,-111.77,9,-112.10,25,-114.32
678,4680.91,6647.50,3.00,2,21,0.06,NLOS,117.13,-0.61,-96.30,-68.51,3.46,24.74,0,16,-101.50,15,-107.60,10,-110.91,26,-111.87,9,-112.03,25,-114.37
679,4674.04,6647.50,3.00,2,21,0.06,NLOS,117.46,-0.61,-96.63,-68.85,3.02,24.74,0,16,-101.39,15,-107.44,10,-110.81,9,-111.96,26,-111.97,25,-114.41
680,4667.17,6647.50,3.00,2,21,0.06,NLOS,117.79,-4.58,-93.00,-65.22,8.02,24.74,0,15,-103.80,27,-106.47,20,-112.12,16,-112.47,9,-118.16,10,-118.18
681,4660.29,6647.50,3.00,2,21,0.06,NLOS,118.12,-4.58,-93.32,-65.54,7.63,24.74,0,15,-103.64,27,-106.55,20,-112.18,16,-112.36,10,-118.08,9,-118.09
682,4653.42,6647.50,3.00,2,21,0.05,NLOS,118.44,-4.58,-93.64,-65.86,7.24,24.74,0,15,-103.47,27,-106.64,20,-112.23,16,-112.25,10,-117.98,9,-118.02
683,4646.55,6647.50,3.00,2,21,0.05,NLOS,118.75,-4.58,-93.96,-66.18,6.85,24.74,0,15,-103.31,27,-106.73,16,-112.14,20,-112.29,10,-117.88,9,-117.96
684,4639.68,6647.50,3.00,2,21,0.05,NLOS,119.06,7.41,-106.25,-78.47,-3.92,24.74,0,15,-103.81,16,-108.98,14,-113.97,5,-114.20,9,-115.46,10,-119.49
685,4632.80,6647.50,3.00,2,21,0.05,NLOS,119.36,7.41,-106.56,-78.78,-4.36,24.74,0,15,-103.65,16,-108.87,14,-113.94,5,-114.14,9,-115.39,10,-119.38
686,4625.93,6647.50,3.00,2,15,0.04,NLOS,124.57,-0.88,-103.48,-75.70,0.16,24.74,1,21,-106.85,16,-108.76,14,-113.92,5,-114.08,9,-115.32,10,-119.28
687,4619.06,6647.50,3.00,2,15,0.04,NLOS,124.41,-0.88,-103.31,-75.53,0.42,24.74,0,21,-107.15,16,-108.66,14,-113.89,5,-114.02,9,-115.25,10,-119.18
688,4612.18,6647.50,3.00,2,21,0.05,NLOS,120.24,-3.37,-96.66,-68.88,10.37,24.74,1,15,-109.80,9,-111.10,16,-114.97,20,-115.43,19,-117.58,10,-117.90
689,4605.31,6647.50,3.00,2,21,0.05,NLOS,120.53,-3.37,-96.94,-69.16,9.99,24.74,0,15,-109.63,9,-111.03,16,-114.87,20,-115.49,19,-117.60,10,-117.79
690,4598.44,6647.50,3.00,2,21,0.05,NLOS,120.81,-3.37,-97.22,-69.44,9.61,24.74,0,15,-109.46,9,-110.96,16,-114.76,20,-115.55,19,-117.61,10,-117.69
691,4591.57,6647.50,3.00,2,21,0.04,NLOS,121.08,-3.37,-97.50,-69.71,9.23,24.74,0,15,-109.30,9,-110.89,16,-114.66,20,-115.61,10,-117.58,19,-117.63
692,4584.69,6647.50,3.00,2,15,0.04,NLOS,123.57,-0.03,-103.32,-75.54,-1.89,24.74,1,16,-105.55,21,-106.45,14,-108.81,20,-111.54,26,-116.04,5,-119.09
693,4577.82,6647.50,3.00,2,15,0.04,NLOS,123.41,-0.03,-103.15,-75.37,-1.68,24.74,0,16,-105.44,21,-106.72,14,-108.78,20,-111.60,26,-116.13,5,-119.03
694,4570.95,6647.50,3.00,2,15,0.04,NLOS,123.24,-0.03,-102.99,-75.21,-1.48,24.74,0,16,-105.34,21,-106.98,14,-108.76,20,-111.66,26,-116.22,5,-118.97
695,4564.07,6647.50,3.00,2,15,0.04,NLOS,123.07,-0.03,-102.82,-75.04,-1.28,24.74,0,16,-105.24,21,-107.24,14,-108.74,20,-111.72,26,-116.31,5,-118.91
696,4557.20,6647.50,3.00,2,21,0.04,NLOS,122.40,-3.86,-98.32,-70.54,9.00,24.74,1,20,-110.97,14,-113.90,24,-114.07,10,-114.41,16,-114.92,9,-115.91
697,4550.33,6647.50,3.00,2,21,0.04,NLOS,122.65,-3.86,-98.58,-70.79,8.71,24.74,0,20,-111.03,14,-113.88,24,-114.10,10,-114.30,16,-114.82,15,-115.75
698,4547.50,6651.54,3.00,1,21,0.04,NLOS,122.73,-3.86,-98.65,-70.87,8.65,24.74,0,20,-111.13,14,-113.92,24,-114.13,10,-114.25,16,-114.68,15,-115.79
699,4547.50,6658.42,3.00,1,21,0.04,NLOS,122.68,-3.86,-98.61,-70.83,8.73,24.74,0,20,-111.24,14,-114.01,24,-114.17,10,-114.24,16,-114.51,9,-115.89
700,4547.50,6665.29,3.00,1,26,0.01,NLOS,139.79,-18.00,-101.57,-73.79,3.74,24.74,1,16,-109.11,31,-110.35,21,-110.76,20,-111.73,15,-113.16,27,-116.07
701,4547.50,6672.16,3.00,1,26,0.01,NLOS,139.81,-18.00,-101.59,-73.81,3.73,24.74,0,16,-108.94,31,-110.38,21,-110.72,20,-111.84,15,-113.35,27,-116.03
702,4547.50,6679.03,3.00,1,26,0.01,NLOS,139.84,-18.00,-101.62,-73.84,3.73,24.74,0,16,-108.76,31,-110.40,21,-110.69,20,-111.95,15,-113.54,27,-116.00
703,4547.50,6685.91,3.00,1,26,0.01,NLOS,139.87,-18.00,-101.65,-73.87,3.72,24.74,0,16,-108.59,31,-110.42,21,-110.66,20,-112.06,15,-113.73,27,-115.97
704,4547.50,6692.78,3.00,1,16,0.03,NLOS,126.02,-7.06,-98.74,-70.96,-1.71,24.74,1,21,-100.65,15,-101.39,10,-106.94,27,-107.91,14,-110.45,9,-116.09
705,4547.50,6699.65,3.00,1,16,0.03,NLOS,125.84,-7.06,-98.56,-70.78,-1.48,24.74,0,21,-100.63,15,-101.58,10,-106.94,27,-107.88,14,-110.54,9,-116.15
706,4547.50,6706.53,3.00,1,16,0.03,NLOS,125.66,-7.06,-98.38,-70.60,-1.24,24.74,0,21,-100.61,15,-101.77,10,-106.94,27,-107.84,14,-110.63,9,-116.20
707,4547.50,6713.40,3.00,1,16,0.03,NLOS,125.48,-7.06,-98.20,-70.42,-1.01,24.74,0,21,-100.60,15,-101.95,10,-106.93,27,-107.81,14,-110.71,9,-116.26
708,4547.50,6720.27,3.00,1,15,0.04,NLOS,124.68,-9.14,-95.32,-67.54,3.07,24.74,1,21,-100.50,16,-103.78,20,-109.23,26,-115.93,25,-116.96,3,-119.42
709,4547.50,6727.14,3.00,1,15,0.03,NLOS,124.86,-9.14,-95.51,-67.73,2.84,24.74,0,21,-100.50,16,-103.60,20,-109.34,26,-115.96,25,-117.01,3,-119.45
710,4547.50,6734.02,3.00,1,15,0.03,NLOS,125.04,-9.14,-95.69,-67.91,2.61,24.74,0,21,-100.50,16,-103.42,20,-109.44,26,-115.99,25,-117.05,3,-119.48
711,4547.50,6740.89,3.00,1,15,0.03,NLOS,125.23,-9.14,-95.87,-68.09,2.38,24.74,0,21,-100.50,16,-103.23,20,-109.55,26,-116.02,25,-117.10,3,-119.51
712,4547.50,6747.76,3.00,1,15,0.03,NLOS,125.41,-5.86,-99.32,-71.54,-2.13,24.74,0,21,-98.36,16,-105.98,20,-108.58,26,-113.55,14,-113.66,4,-116.44
713,4547.50,6754.63,3.00,1,15,0.03,NLOS,125.59,-5.86,-99.50,-71.72,-2.32,24.74,0,21,-98.38,16,-105.80,20,-108.68,26,-113.59,14,-113.75,4,-116.45
714,4547.50,6761.51,3.00,1,15,0.03,NLOS,125.76,-5.86,-99.68,-71.90,-2.50,24.74,0,21,-98.39,16,-105.61,20,-108.78,26,-113.62,14,-113.83,4,-116.47
715,4547.50,6768.38,3.00,1,15,0.03,NLOS,125.94,-5.86,-99.86,-72.08,-2.69,24.74,0,21,-98.41,16,-105.43,20,-108.89,26,-113.65,14,-113.92,27,-116.47
716,4547.50,6775.25,3.00,1,21,0.04,NLOS,122.54,-0.09,-102.23,-74.45,4.13,24.74,1,15,-111.41,20,-112.05,16,-113.31,26,-114.92,9,-119.02,25,-120.63
717,4547.50,6782.13,3.00,1,21,0.04,NLOS,122.57,-0.09,-102.26,-74.48,4.15,24.74,0,15,-111.58,20,-112.15,16,-113.12,26,-114.96,9,-119.07,25,-120.68
718,4547.50,6789.00,3.00,1,21,0.04,NLOS,122.60,-0.09,-102.29,-74.51,4.16,24.74,0,15,-111.75,20,-112.25,16,-112.93,26,-114.99,9,-119.13,25,-120.73
719,4547.50,6795.87,3.00,1,21,0.04,NLOS,122.63,-0.09,-102.32,-74.54,4.16,24.74,0,15,-111.93,20,-112.35,16,-112.74,26,-115.03,9,-119.18,25,-120.77
720,4547.50,6802.74,3.00,1,16,0.04,NLOS,123.06,-8.11,-94.73,-66.95,4.25,24.74,1,21,-99.38,15,-110.21,26,-111.01,20,-114.74,9,-122.74,4,-124.00
721,4547.50,6809.62,3.00,1,16,0.04,NLOS,122.87,-8.11,-94.54,-66.76,4.49,24.74,0,21,-99.42,15,-110.38,26,-111.05,20,-114.84,9,-122.79,4,-124.02
722,4547.50,6816.49,3.00,1,16,0.04,NLOS,122.68,-8.11,-94.35,-66.57,4.74,24.74,0,21,-99.46,15,-110.55,26,-111.08,20,-114.94,9,-122.85,4,-124.04
723,4547.50,6823.36,3.00,1,16,0.04,NLOS,122.48,-8.11,-94.15,-66.37,4.99,24.74,0,21,-99.51,15,-110.72,26,-111.12,20,-115.04,9,-122.90,4,-124.06
724,4547.50,6830.23,3.00,1,21,0.04,NLOS,122.85,-5.18,-97.45,-69.67,-0.68,24.74,1,10,-99.04,16,-103.60,15,-104.06,26,-117.42,30,-122.46,9,-122.60
725,4547.50,6837.11,3.00,1,21,0.04,NLOS,122.91,-5.18,-97.50,-69.72,-0.74,24.74,0,10,-99.05,16,-103.40,15,-104.22,26,-117.46,30,-122.49,9,-122.65
726,4547.50,6843.98,3.00,1,21,0.04,NLOS,122.97,-5.18,-97.56,-69.78,-0.81,24.74,0,10,-99.06,16,-103.21,15,-104.39,26,-117.49,30,-122.52,9,-122.71
727,4544.15,6847.50,3.00,2,21,0.04,NLOS,123.11,-5.18,-97.71,-69.93,-1.02,24.74,0,10,-99.01,16,-103.02,15,-104.43,26,-117.55,30,-122.55,9,-122.71
728,4537.27,6847.50,3.00,2,21,0.04,NLOS,123.35,-7.90,-95.23,-67.45,5.79,24.74,0,16,-103.16,15,-108.74,27,-109.04,9,-109.23,26,-115.55,8,-118.18
729,4530.40,6847.50,3.00,2,21,0.04,NLOS,123.59,-7.90,-95.47,-67.69,5.44,24.74,0,16,-102.98,15,-108.66,27,-109.13,9,-109.17,26,-115.63,8,-118.15
730,4523.53,6847.50,3.00,2,21,0.04,NLOS,123.82,-7.90,-95.70,-67.92,5.10,24.74,0,16,-102.80,15,-108.57,9,-109.11,27,-109.22,26,-115.71,8,-118.12
731,4516.66,6847.50,3.00,2,21,0.04,NLOS,124.05,-7.90,-95.93,-68.15,4.75,24.74,0,16,-102.62,15,-108.49,9,-109.05,27,-109.31,26,-115.79,8,-118.10
732,4509.78,6847.50,3.00,2,21,0.04,NLOS,124.28,-2.38,-101.67,-73.89,-4.74,24.74,0,15,-100.16,16,-100.25,10,-110.04,3,-113.92,25,-114.10,14,-114.38
733,4502.91,6847.50,3.00,2,21,0.04,NLOS,124.50,-2.38,-101.90,-74.11,-5.10,24.74,0,16,-100.07,15,-100.08,10,-109.92,3,-113.88,25,-114.14,14,-114.36
734,4496.04,6847.50,3.00,2,21,0.04,NLOS,124.72,-2.38,-102.12,-74.34,-5.44,24.74,0,16,-99.89,15,-100.00,10,-109.81,3,-113.84,25,-114.18,14,-114.35
735,4489.17,6847.50,3.00,2,21,0.03,NLOS,124.94,-2.38,-102.33,-74.55,-5.79,24.74,0,16,-99.71,15,-99.92,10,-109.69,3,-113.80,25,-114.22,14,-114.33
736,4482.29,6847.50,3.00,2,21,0.03,NLOS,125.15,-6.94,-98.00,-70.22,0.25,24.74,0,15,-101.19,16,-101.65,9,-112.58,31,-114.13,26,-117.03,27,-118.11
737,4475.42,6847.50,3.00,2,21,0.03,NLOS,125.37,-6.94,-98.21,-70.43,-0.08,24.74,0,15,-101.11,16,-101.47,9,-112.52,31,-114.17,26,-117.11,27,-118.19
738,4468.55,6847.50,3.00,2,21,0.03,NLOS,125.58,-6.94,-98.42,-70.64,-0.41,24.74,0,15,-101.04,16,-101.30,9,-112.46,31,-114.22,26,-117.18,27,-118.28
739,4461.67,6847.50,3.00,2,21,0.03,NLOS,125.78,-6.94,-98.63,-70.85,-0.73,24.74,0,15,-100.97,16,-101.13,9,-112.40,31,-114.27,26,-117.26,27,-118.36
740,4454.80,6847.50,3.00,2,16,0.05,NLOS,119.41,-7.15,-92.04,-64.26,2.40,24.74,1,21,-95.07,15,-105.99,5,-107.03,27,-119.33,13,-119.43,10,-120.44
741,4447.93,6847.50,3.00,2,16,0.05,NLOS,119.25,-7.15,-91.88,-64.10,2.74,24.74,0,21,-95.27,15,-105.92,5,-106.96,27,-119.41,13,-119.43,10,-120.32
742,4441.06,6847.50,3.00,2,16,0.05,NLOS,119.08,-7.15,-91.72,-63.93,3.06,24.74,0,21,-95.48,15,-105.85,5,-106.89,13,-119.42,27,-119.50,10,-120.20
743,4434.18,6847.50,3.00,2,16,0.05,NLOS,118.92,-7.15,-91.56,-63.77,3.38,24.74,0,21,-95.67,15,-105.79,5,-106.83,13,-119.42,27,-119.58,10,-120.08
744,4427.31,6847.50,3.00,2,16,0.05,NLOS,118.77,1.15,-99.70,-71.92,-2.03,24.74,0,15,-98.26,21,-110.41,10,-111.59,9,-114.32,25,-115.97,8,-117.05
745,4420.44,6847.50,3.00,2,16,0.05,NLOS,118.61,1.15,-99.54,-71.76,-1.92,24.74,0,15,-98.20,21,-110.60,10,-111.46,9,-114.27,25,-116.01,8,-117.03
746,4413.57,6847.50,3.00,2,16,0.05,NLOS,118.46,1.15,-99.39,-71.61,-1.82,24.74,0,15,-98.14,21,-110.80,10,-111.34,9,-114.21,25,-116.05,8,-117.00
747,4406.69,6847.50,3.00,2,16,0.05,NLOS,118.31,1.15,-99.25,-71.46,-1.72,24.74,0,15,-98.08,21,-110.99,10,-111.21,9,-114.15,25,-116.09,8,-116.98
748,4399.82,6847.50,3.00,2,16,0.05,NLOS,118.17,-0.98,-96.97,-69.19,6.89,24.74,0,27,-108.24,15,-111.45,9,-111.77,10,-112.23,21,-113.18,20,-117.73
749,4392.95,6847.50,3.00,2,16,0.06,NLOS,118.03,-0.98,-96.83,-69.05,7.04,24.74,0,27,-108.32,15,-111.40,9,-111.71,10,-112.11,21,-113.37,20,-117.78
750,4386.07,6847.50,3.00,2,16,0.06,NLOS,117.90,-0.98,-96.70,-68.91,7.18,24.74,0,27,-108.40,15,-111.34,9,-111.65,10,-111.98,21,-113.55,20,-117.84
751,4379.20,6847.50,3.00,2,16,0.06,NLOS,117.77,-0.98,-96.57,-68.78,7.32,24.74,0,27,-108.48,15,-111.30,9,-111.59,10,-111.85,21,-113.74,20,-117.89
752,4372.33,6847.50,3.00,2,16,0.06,NLOS,117.64,-0.69,-96.73,-68.95,7.27,24.74,0,21,-105.86,15,-111.77,9,-113.55,26,-116.49,20,-117.04,27,-117.32
753,4365.46,6847.50,3.00,2,16,0.06,NLOS,117.52,-0.69,-96.61,-68.83,7.49,24.74,0,21,-106.03,15,-111.72,9,-113.49,26,-116.56,20,-117.09,27,-117.40
754,4358.58,6847.50,3.00,2,16,0.06,NLOS,117.41,-0.69,-96.50,-68.72,7.71,24.74,0,21,-106.21,15,-111.68,9,-113.43,26,-116.63,20,-117.14,27,-117.48
755,4351.71,6847.50,3.00,2,16,0.06,NLOS,117.30,-0.69,-96.39,-68.61,7.91,24.74,0,21,-106.39,15,-111.64,9,-113.37,26,-116.70,20,-117.20,27,-117.56
756,4347.50,6844.84,3.00,3,16,0.06,NLOS,117.36,-6.39,-90.75,-62.97,14.98,24.74,0,21,-107.34,20,-110.75,15,-113.84,27,-117.12,8,-117.91,26,-118.59
757,4347.50,6837.97,3.00,3,16,0.06,NLOS,117.69,-6.39,-91.08,-63.30,14.60,24.74,0,21,-107.32,20,-110.66,15,-113.63,27,-117.14,8,-117.86,26,-118.57
758,4347.50,6831.09,3.00,3,16,0.06,NLOS,118.02,-6.39,-91.41,-63.62,14.22,24.74,0,21,-107.29,20,-110.58,15,-113.42,27,-117.15,8,-117.81,26,-118.54
759,4347.50,6824.22,3.00,3,16,0.05,NLOS,118.33,-6.39,-91.72,-63.94,13.85,24.74,0,21,-107.26,20,-110.50,15,-113.21,27,-117.17,8,-117.75,26,-118.51
760,4347.50,6817.35,3.00,3,21,0.03,NLOS,128.81,-18.00,-90.59,-62.81,5.67,24.74,1,16,-97.28,15,-105.54,10,-107.46,9,-112.08,20,-115.63,4,-119.71
761,4347.50,6810.47,3.00,3,21,0.03,NLOS,128.79,-18.00,-90.57,-62.79,5.91,24.74,0,16,-97.59,15,-105.33,10,-107.45,9,-112.01,20,-115.55,4,-119.69
762,4347.50,6803.60,3.00,3,21,0.03,NLOS,128.77,-18.00,-90.55,-62.77,6.13,24.74,0,16,-97.89,15,-105.11,10,-107.43,9,-111.94,20,-115.46,4,-119.67
763,4347.50,6796.73,3.00,3,21,0.03,NLOS,128.75,-18.00,-90.53,-62.75,6.33,24.74,0,16,-98.19,15,-104.88,10,-107.42,9,-111.87,20,-115.38,4,-119.65
764,4347.50,6789.86,3.00,3,21,0.03,NLOS,128.73,-5.48,-103.03,-75.25,-1.62,24.74,0,16,-103.15,15,-107.05,10,-115.82,9,-120.56,3,-122.86,20,-123.12
765,4347.50,6782.98,3.00,3,21,0.03,NLOS,128.72,-5.48,-103.01,-75.23,-1.48,24.74,0,16,-103.44,15,-106.82,10,-115.81,9,-120.49,3,-122.82,20,-123.04
766,4347.50,6776.11,3.00,3,21,0.03,NLOS,128.70,-5.48,-103.00,-75.22,-1.36,24.74,0,16,-103.72,15,-106.59,10,-115.80,9,-120.42,3,-122.79,20,-122.95
767,4347.50,6769.24,3.00,3,21,0.03,NLOS,128.69,-5.48,-102.99,-75.21,-1.26,24.74,0,16,-104.00,15,-106.35,10,-115.79,9,-120.36,3,-122.75,20,-122.87
768,4347.50,6762.37,3.00,3,21,0.03,NLOS,128.68,-7.35,-101.11,-73.33,-0.02,24.74,0,15,-102.74,27,-109.96,16,-110.50,10,-113.19,14,-115.24,5,-118.46
769,4347.50,6755.49,3.00,3,21,0.03,NLOS,128.67,-7.35,-101.11,-73.32,-0.15,24.74,0,15,-102.50,27,-109.98,16,-110.77,10,-113.19,14,-115.15,5,-118.47
770,4347.50,6748.62,3.00,3,21,0.03,NLOS,128.67,-7.35,-101.10,-73.32,-0.29,24.74,0,15,-102.25,27,-110.01,16,-111.04,10,-113.19,14,-115.07,5,-118.49
771,4347.50,6741.75,3.00,3,21,0.03,NLOS,128.67,-7.35,-101.10,-73.31,-0.44,24.74,0,15,-102.00,27,-110.03,16,-111.30,10,-113.18,14,-114.98,5,-118.51
772,4347.50,6734.87,3.00,3,15,0.04,NLOS,122.24,-9.67,-92.36,-64.58,4.50,24.74,1,16,-98.47,10,-104.16,9,-108.71,20,-110.66,4,-113.62,21,-115.33
773,4347.50,6728.00,3.00,3,15,0.04,NLOS,121.98,-9.67,-92.10,-64.32,4.92,24.74,0,16,-98.73,10,-104.16,9,-108.64,20,-110.57,4,-113.60,21,-115.33
774,4347.50,6721.13,3.00,3,15,0.04,NLOS,121.72,-9.67,-91.84,-64.06,5.34,24.74,0,16,-98.98,10,-104.16,9,-108.57,20,-110.48,4,-113.58,21,-115.34
775,4347.50,6714.26,3.00,3,15,0.04,NLOS,121.46,-9.67,-91.58,-63.80,5.76,24.74,0,16,-99.23,10,-104.16,9,-108.50,20,-110.40,4,-113.56,21,-115.34
776,4347.50,6707.38,3.00,3,16,0.04,NLOS,123.03,-0.04,-102.77,-74.99,-1.07,24.74,1,21,-103.20,15,-107.54,9,-119.60,4,-123.09,20,-124.09,37,-125.22
777,4347.50,6700.51,3.00,3,16,0.04,NLOS,123.27,-0.04,-103.01,-75.23,-1.38,24.74,0,21,-103.21,15,-107.26,9,-119.54,4,-123.07,20,-124.00,37,-125.22
778,4347.50,6693.64,3.00,3,16,0.04,NLOS,123.51,-0.04,-103.25,-75.47,-1.69,24.74,0,21,-103.22,15,-106.99,9,-119.47,4,-123.05,20,-123.92,37,-125.21
779,4347.50,6686.77,3.00,3,16,0.04,NLOS,123.75,-0.04,-103.48,-75.70,-2.00,24.74,0,21,-103.23,15,-106.71,9,-119.40,4,-123.04,20,-123.83,13,-125.21
780,4347.50,6679.89,3.00,3,15,0.05,NLOS,120.08,1.79,-101.66,-73.88,-0.13,24.74,1,21,-103.65,16,-109.31,14,-109.91,19,-114.12,20,-114.76,26,-115.99
781,4347.50,6673.02,3.00,3,15,0.05,NLOS,119.79,1.79,-101.37,-73.59,0.19,24.74,0,21,-103.67,16,-109.54,14,-109.82,19,-114.06,20,-114.67,26,-115.97
782,4347.50,6666.15,3.00,3,15,0.05,NLOS,119.50,1.79,-101.08,-73.29,0.51,24.74,0,21,-103.68,14,-109.72,16,-109.76,19,-114.00,20,-114.59,26,-115.95
783,4347.50,6659.27,3.00,3,15,0.05,NLOS,119.20,1.79,-100.78,-73.00,0.83,24.74,0,21,-103.70,14,-109.63,16,-109.99,19,-113.93,20,-114.50,26,-115.93
784,4347.50,6652.40,3.00,3,15,0.05,NLOS,118.90,7.58,-106.26,-78.48,-3.01,24.74,0,21,-104.72,16,-110.97,20,-116.27,10,-118.79,25,-119.77,14,-120.95
785,4345.53,6647.50,3.00,2,15,0.05,NLOS,118.65,7.58,-106.02,-78.24,-2.70,24.74,0,21,-104.79,16,-111.11,20,-116.22,10,-118.76,25,-119.75,14,-120.88
786,4338.66,6647.50,3.00,2,15,0.05,NLOS,118.57,7.58,-105.94,-78.16,-2.51,24.74,0,21,-104.96,16,-111.07,20,-116.30,10,-118.62,25,-119.80,14,-120.87
787,4331.78,6647.50,3.00,2,15,0.05,NLOS,118.50,7.58,-105.86,-78.08,-2.32,24.74,0,21,-105.13,16,-111.04,20,-116.37,10,-118.49,25,-119.85,14,-120.86
788,4324.91,6647.50,3.00,2,15,0.05,NLOS,118.42,-12.45,-85.76,-57.98,17.76,24.74,0,16,-107.60,20,-108.87,9,-113.54,14,-114.25,21,-114.42,10,-117.36
789,4318.04,6647.50,3.00,2,15,0.05,NLOS,118.36,-12.45,-85.69,-57.91,17.83,24.74,0,16,-107.57,20,-108.94,9,-113.47,14,-114.24,21,-114.59,10,-117.22
790,4311.16,6647.50,3.00,2,15,0.05,NLOS,118.30,-12.45,-85.63,-57.85,17.90,24.74,0,16,-107.54,20,-109.02,9,-113.40,14,-114.24,21,-114.76,10,-117.08
791,4304.29,6647.50,3.00,2,15,0.05,NLOS,118.24,-12.45,-85.58,-57.80,17.96,24.74,0,16,-107.51,20,-109.09,9,-113.32,14,-114.24,21,-114.93,10,-116.94
792,4297.42,6647.50,3.00,2,15,0.05,NLOS,118.20,-4.87,-93.11,-65.32,6.89,24.74,0,16,-101.87,10,-107.37,21,-108.67,31,-117.01,20,-117.82,2,-118.46
793,4290.55,6647.50,3.00,2,15,0.05,NLOS,118.16,-4.87,-93.06,-65.28,6.92,24.74,0,16,-101.85,10,-107.23,21,-108.84,31,-117.06,20,-117.89,2,-118.43
794,4283.67,6647.50,3.00,2,15,0.06,NLOS,118.12,-4.87,-93.03,-65.25,6.93,24.74,0,16,-101.83,10,-107.08,21,-109.00,31,-117.10,20,-117.97,2,-118.40
795,4276.80,6647.50,3.00,2,15,0.06,NLOS,118.09,-4.87,-93.00,-65.22,6.95,24.74,0,16,-101.82,10,-106.93,21,-109.16,31,-117.15,20,-118.04,2,-118.38
796,4269.93,6647.50,3.00,2,15,0.06,NLOS,118.07,-0.87,-96.98,-69.20,5.51,24.74,0,21,-105.08,9,-109.20,14,-111.79,10,-113.75,5,-116.33,4,-116.72
797,4263.06,6647.50,3.00,2,15,0.06,NLOS,118.05,-0.87,-96.96,-69.18,5.58,24.74,0,21,-105.23,9,-109.13,14,-111.78,10,-113.60,5,-116.26,4,-116.64
798,4256.18,6647.50,3.00,2,15,0.06,NLOS,118.04,-0.87,-96.95,-69.17,5.65,24.74,0,21,-105.39,9,-109.05,14,-111.78,10,-113.45,5,-116.19,4,-116.57
799,4249.31,6647.50,3.00,2,15,0.06,NLOS,118.04,-0.87,-96.95,-69.17,5.70,24.74,0,21,-105.54,9,-108.98,14,-111.78,10,-113.30,5,-116.12,4,-116.50
800,4242.44,6647.50,3.00,2,15,0.06,NLOS,118.05,-0.41,-97.42,-69.64,8.74,24.74,0,16,-109.86,10,-112.85,21,-114.18,4,-116.51,20,-116.71,9,-116.92
801,4235.56,6647.50,3.00,2,15,0.06,NLOS,118.06,-0.41,-97.43,-69.65,8.72,24.74,0,16,-109.86,10,-112.70,21,-114.33,4,-116.44,20,-116.79,9,-116.85
802,4228.69,6647.50,3.00,2,15,0.06,NLOS,118.07,-0.41,-97.45,-69.67,8.70,24.74,0,16,-109.87,10,-112.54,21,-114.48,4,-116.36,9,-116.77,20,-116.86
803,4221.82,6647.50,3.00,2,15,0.06,NLOS,118.10,-0.41,-97.47,-69.69,8.66,24.74,0,16,-109.88,10,-112.38,21,-114.63,4,-116.29,9,-116.70,20,-116.93
804,4214.95,6647.50,3.00,2,15,0.06,NLOS,118.13,-4.89,-93.02,-65.24,11.69,24.74,0,16,-108.50,10,-109.09,8,-109.94,9,-115.84,21,-116.31,20,-117.49
805,4208.07,6647.50,3.00,2,15,0.05,NLOS,118.16,-4.89,-93.06,-65.27,11.61,24.74,0,16,-108.52,10,-108.93,8,-109.91,9,-115.76,21,-116.45,20,-117.56
806,4201.20,6647.50,3.00,2,15,0.05,NLOS,118.21,-4.89,-93.10,-65.32,11.52,24.74,0,16,-108.54,10,-108.77,8,-109.89,9,-115.69,21,-116.60,20,-117.64
807,4194.33,6647.50,3.00,2,15,0.05,NLOS,118.25,-4.89,-93.15,-65.37,11.42,24.74,0,16,-108.56,10,-108.60,8,-109.86,9,-115.61,21,-116.74,20,-117.71
808,4187.46,6647.50,3.00,2,15,0.05,NLOS,118.31,-3.06,-95.03,-67.25,9.26,24.74,0,16,-107.04,10,-109.30,8,-114.40,31,-115.39,9,-115.54,3,-115.94
809,4180.58,6647.50,3.00,2,15,0.05,NLOS,118.37,-3.06,-95.09,-67.31,9.16,24.74,0,16,-107.07,10,-109.13,8,-114.38,31,-115.44,9,-115.47,3,-115.89
810,4173.71,6647.50,3.00,2,15,0.05,NLOS,118.44,-3.06,-95.16,-67.38,9.06,24.74,0,16,-107.10,10,-108.96,8,-114.35,9,-115.39,31,-115.48,3,-115.84
811,4166.84,6647.50,3.00,2,15,0.05,NLOS,118.51,-3.06,-95.23,-67.45,8.94,24.74,0,16,-107.14,10,-108.79,8,-114.33,9,-115.32,31,-115.53,3,-115.80
812,4159.96,6647.50,3.00,2,16,0.03,NLOS,124.99,-8.11,-96.66,-68.88,2.46,24.74,1,15,-100.21,20,-107.11,10,-108.28,27,-110.74,4,-111.87,14,-113.48
813,4153.09,6647.50,3.00,2,16,0.03,NLOS,125.03,-8.11,-96.70,-68.92,2.47,24.74,0,15,-100.29,20,-107.18,10,-108.11,27,-110.80,4,-111.79,14,-113.48
814,4147.50,6646.22,3.00,3,16,0.03,NLOS,125.10,-8.11,-96.77,-68.99,2.39,24.74,0,15,-100.30,20,-107.23,10,-107.97,27,-110.86,4,-111.72,14,-113.47
815,4147.50,6639.35,3.00,3,16,0.03,NLOS,125.32,-8.11,-96.99,-69.20,1.94,24.74,0,15,-99.99,20,-107.16,10,-107.99,27,-110.88,4,-111.70,14,-113.38
816,4147.50,6632.47,3.00,3,16,0.03,NLOS,125.53,-4.22,-101.09,-73.31,-3.91,24.74,0,15,-98.68,10,-103.01,9,-117.53,5,-117.59,21,-118.54,20,-119.00
817,4147.50,6625.60,3.00,3,16,0.03,NLOS,125.74,-4.22,-101.30,-73.52,-4.35,24.74,0,15,-98.36,10,-103.03,9,-117.44,5,-117.62,21,-118.56,20,-118.93
818,4147.50,6618.73,3.00,3,15,0.06,NLOS,117.41,0.84,-98.03,-70.25,0.99,24.74,1,16,-101.51,10,-103.06,9,-117.35,5,-117.65,21,-118.58,20,-118.87
819,4147.50,6611.86,3.00,3,15,0.06,NLOS,117.08,0.84,-97.70,-69.92,1.44,24.74,0,16,-101.71,10,-103.09,9,-117.26,5,-117.68,21,-118.60,20,-118.80
820,4147.50,6604.98,3.00,3,15,0.06,NLOS,116.74,3.90,-100.43,-72.65,1.69,24.74,0,20,-105.77,9,-108.58,16,-109.81,21,-110.82,27,-116.07,26,-116.19
821,4147.50,6598.11,3.00,3,15,0.06,NLOS,116.40,3.90,-100.08,-72.30,2.02,24.74,0,20,-105.71,9,-108.49,16,-110.01,21,-110.84,27,-116.10,26,-116.18
822,4147.50,6591.24,3.00,3,15,0.07,NLOS,116.05,3.90,-99.73,-71.95,2.35,24.74,0,20,-105.64,9,-108.40,16,-110.21,21,-110.86,27,-116.12,26,-116.16
823,4147.50,6584.36,3.00,3,15,0.07,NLOS,115.69,3.90,-99.38,-71.59,2.69,24.74,0,20,-105.57,9,-108.31,16,-110.40,21,-110.88,27,-116.14,26,-116.15
824,4147.50,6577.49,3.00,3,15,0.07,NLOS,115.33,1.55,-96.66,-68.88,1.03,24.74,0,16,-98.67,9,-108.17,10,-108.51,21,-113.93,8,-117.26,4,-119.31
825,4147.50,6570.62,3.00,3,15,0.07,NLOS,114.96,1.55,-96.29,-68.51,1.55,24.74,0,16,-98.87,9,-108.08,10,-108.56,21,-113.95,8,-117.20,4,-119.29
826,4147.50,6563.75,3.00,3,15,0.07,NLOS,114.58,1.55,-95.91,-68.13,2.07,24.74,0,16,-99.05,9,-107.99,10,-108.60,21,-113.98,8,-117.14,4,-119.28
827,4147.50,6556.87,3.00,3,15,0.08,NLOS,114.19,1.55,-95.53,-67.74,2.60,24.74,0,16,-99.24,9,-107.90,10,-108.64,21,-114.00,8,-117.07,4,-119.26
828,4147.50,6550.00,3.00,3,16,0.03,NLOS,127.89,-14.20,-93.48,-65.70,5.75,24.74,1,15,-99.78,8,-108.22,10,-110.01,13,-116.05,9,-116.52,25,-118.40
829,4147.50,6543.13,3.00,3,16,0.03,NLOS,128.08,-14.20,-93.66,-65.88,5.21,24.74,0,15,-99.38,8,-108.15,10,-110.05,13,-115.99,9,-116.43,25,-118.37
830,4147.50,6536.26,3.00,3,16,0.03,NLOS,128.26,-14.20,-93.85,-66.06,4.67,24.74,0,15,-98.97,8,-108.09,10,-110.10,13,-115.94,9,-116.34,25,-118.33
831,4147.50,6529.38,3.00,3,16,0.03,NLOS,128.44,-14.20,-94.02,-66.24,4.12,24.74,0,15,-98.56,8,-108.03,10,-110.15,13,-115.88,9,-116.25,25,-118.30
832,4147.50,6522.51,3.00,3,15,0.09,NLOS,112.16,4.32,-96.26,-68.47,6.79,24.74,1,10,-107.81,21,-108.66,9,-109.02,16,-114.28,27,-115.34,14,-117.19
833,4147.50,6515.64,3.00,3,15,0.10,NLOS,111.72,4.32,-95.82,-68.04,7.23,24.74,0,10,-107.87,21,-108.70,9,-108.93,16,-114.46,27,-115.36,14,-117.08
834,4147.50,6508.76,3.00,3,15,0.10,NLOS,111.28,4.32,-95.38,-67.60,7.68,24.74,0,10,-107.92,21,-108.73,9,-108.84,16,-114.63,27,-115.39,14,-116.97
835,4147.50,6501.89,3.00,3,15,0.10,NLOS,110.83,4.32,-94.93,-67.15,8.14,24.74,0,10,-107.98,9,-108.75,21,-108.76,16,-114.81,27,-115.41,14,-116.86
836,4147.50,6495.02,3.00,3,15,0.11,NLOS,110.38,0.29,-90.44,-62.66,9.80,24.74,0,16,-100.84,26,-112.79,21,-114.93,27,-115.09,14,-115.13,9,-115.52
837,4147.50,6488.15,3.00,3,15,0.11,NLOS,109.91,0.29,-89.98,-62.20,10.41,24.74,0,16,-101.01,26,-112.78,21,-114.97,14,-115.02,27,-115.12,9,-115.43
838,4147.50,6481.27,3.00,3,15,0.12,NLOS,109.43,0.29,-89.50,-61.72,11.03,24.74,0,16,-101.18,26,-112.77,14,-114.91,21,-115.00,27,-115.15,9,-115.34
839,4147.50,6474.40,3.00,3,15,0.12,NLOS,108.95,0.29,-89.01,-61.23,11.65,24.74,0,16,-101.35,26,-112.76,14,-114.80,21,-115.04,27,-115.17,9,-115.25
840,4147.50,6467.53,3.00,3,15,0.13,NLOS,108.45,-6.14,-82.09,-54.31,15.03,24.74,0,16,-99.29,20,-103.99,10,-107.63,14,-108.09,9,-117.84,25,-119.44
841,4147.50,6460.66,3.00,3,15,0.14,NLOS,107.95,-6.14,-81.59,-53.81,15.62,24.74,0,16,-99.45,20,-103.93,10,-107.70,14,-107.98,9,-117.75,25,-119.41
842,4147.50,6453.78,3.00,3,15,0.14,NLOS,107.44,-6.14,-81.08,-53.30,16.21,24.74,0,16,-99.61,20,-103.86,10,-107.76,14,-107.87,9,-117.66,25,-119.38
843,4146.91,6447.50,3.00,2,15,0.15,NLOS,106.99,-6.14,-80.63,-52.85,16.72,24.74,0,16,-99.76,20,-103.81,14,-107.76,10,-107.81,9,-117.57,25,-119.35
844,4140.04,6447.50,3.00,2,15,0.15,NLOS,107.36,-3.71,-83.43,-55.65,19.17,24.74,0,16,-106.10,10,-107.36,9,-113.54,14,-113.73,8,-116.12,20,-117.64
845,4133.16,6447.50,3.00,2,15,0.14,NLOS,107.73,-3.71,-83.80,-56.02,18.75,24.74,0,16,-106.12,10,-107.21,9,-113.44,14,-113.74,8,-116.09,20,-117.73
846,4126.29,6447.50,3.00,2,15,0.14,NLOS,108.11,-3.71,-84.18,-56.40,18.33,24.74,0,16,-106.15,10,-107.05,9,-113.34,14,-113.75,8,-116.06,20,-117.82
847,4119.42,6447.50,3.00,2,15,0.13,NLOS,108.49,-3.71,-84.57,-56.79,17.90,24.74,0,16,-106.18,10,-106.90,9,-113.24,14,-113.77,8,-116.03,20,-117.91
848,4112.55,6447.50,3.00,2,15,0.13,NLOS,108.88,-1.20,-87.46,-59.68,15.97,24.74,0,10,-105.94,16,-107.91,12,-114.85,5,-118.08,20,-118.08,8,-121.69
849,4105.67,6447.50,3.00,2,15,0.12,NLOS,109.27,-1.20,-87.85,-60.07,15.51,24.74,0,10,-105.79,16,-107.94,12,-114.85,5,-118.01,20,-118.17,8,-121.66
850,4098.80,6447.50,3.00,2,15,0.12,NLOS,109.66,-1.20,-88.24,-60.46,15.05,24.74,0,10,-105.63,16,-107.97,12,-114.86,5,-117.94,20,-118.26,8,-121.63
851,4091.93,6447.50,3.00,2,15,0.11,NLOS,110.05,-1.20,-88.63,-60.85,14.58,24.74,0,10,-105.47,16,-108.00,12,-114.86,5,-117.88,20,-118.35,8,-121.60
852,4085.06,6447.50,3.00,2,15,0.11,NLOS,110.43,5.57,-95.78,-68.00,8.82,24.74,0,9,-107.34,16,-112.52,10,-113.46,21,-113.80,3,-117.66,4,-117.70
853,4078.18,6447.50,3.00,2,15,0.10,NLOS,110.82,5.57,-96.17,-68.39,8.38,24.74,0,9,-107.24,16,-112.56,10,-113.30,21,-113.92,3,-117.60,4,-117.61
854,4071.31,6447.50,3.00,2,15,0.10,NLOS,111.20,5.57,-96.55,-68.77,7.94,24.74,0,9,-107.14,16,-112.60,10,-113.14,21,-114.04,4,-117.52,3,-117.55
855,4064.44,6447.50,3.00,2,15,0.10,NLOS,111.58,5.57,-96.94,-69.15,7.50,24.74,0,9,-107.04,16,-112.64,10,-112.98,21,-114.15,4,-117.44,3,-117.49
856,4057.56,6447.50,3.00,2,15,0.09,NLOS,111.96,2.00,-93.74,-65.96,10.40,24.74,0,21,-108.58,27,-109.96,10,-111.23,16,-111.55,9,-112.77,14,-114.68
857,4050.69,6447.50,3.00,2,15,0.09,NLOS,112.34,2.00,-94.11,-66.33,10.03,24.74,0,21,-108.70,27,-110.02,10,-111.06,16,-111.59,9,-112.67,14,-114.70
858,4043.82,6447.50,3.00,2,15,0.09,NLOS,112.71,2.00,-94.49,-66.70,9.66,24.74,0,21,-108.81,27,-110.08,10,-110.89,16,-111.64,9,-112.57,14,-114.72
859,4036.95,6447.50,3.00,2,15,0.08,NLOS,113.08,2.00,-94.85,-67.07,9.29,24.74,0,21,-108.92,27,-110.13,10,-110.73,16,-111.68,9,-112.47,14,-114.74
860,4030.07,6447.50,3.00,2,15,0.08,NLOS,113.44,4.38,-97.60,-69.82,4.20,24.74,0,20,-106.17,9,-107.28,21,-108.44,10,-113.33,3,-114.33,16,-114.97
861,4023.20,6447.50,3.00,2,15,0.08,NLOS,113.80,4.38,-97.96,-70.18,3.86,24.74,0,20,-106.26,9,-107.18,21,-108.55,10,-113.16,3,-114.27,16,-115.01
862,4016.33,6447.50,3.00,2,15,0.08,NLOS,114.16,4.38,-98.32,-70.54,3.52,24.74,0,20,-106.35,9,-107.08,21,-108.66,10,-112.98,3,-114.21,16,-115.06
863,4009.46,6447.50,3.00,2,15,0.07,NLOS,114.51,4.38,-98.67,-70.89,3.18,24.74,0,20,-106.44,9,-106.99,21,-108.77,10,-112.81,3,-114.16,16,-115.11
864,4002.58,6447.50,3.00,2,15,0.07,NLOS,114.85,-0.32,-94.32,-66.54,8.87,24.74,0,16,-106.23,14,-109.50,10,-112.86,21,-114.20,9,-115.24,13,-117.40
865,3995.71,6447.50,3.00,2,15,0.07,NLOS,115.20,-0.32,-94.66,-66.88,8.54,24.74,0,16,-106.28,14,-109.53,10,-112.69,21,-114.30,9,-115.15,13,-117.40
866,3988.84,6447.50,3.00,2,15,0.07,NLOS,115.54,-0.32,-95.00,-67.22,8.22,24.74,0,16,-106.34,14,-109.56,10,-112.51,21,-114.41,9,-115.05,13,-117.41
867,3981.96,6447.50,3.00,2,15,0.07,NLOS,115.87,-0.32,-95.33,-67.55,7.90,24.74,0,16,-106.39,14,-109.59,10,-112.33,21,-114.52,9,-114.95,13,-117.42
868,3975.09,6447.50,3.00,2,15,0.06,NLOS,116.20,-4.87,-91.10,-63.32,15.40,24.74,0,20,-109.42,14,-113.86,21,-116.03,9,-116.47,4,-119.37,10,-120.58
869,3968.22,6447.50,3.00,2,15,0.06,NLOS,116.52,-4.87,-91.43,-63.65,15.12,24.74,0,20,-109.51,14,-113.89,21,-116.14,9,-116.37,4,-119.28,10,-120.40
870,3961.35,6447.50,3.00,2,15,0.06,NLOS,116.84,-4.87,-91.75,-63.97,14.84,24.74,0,20,-109.60,14,-113.92,21,-116.24,9,-116.28,4,-119.18,10,-120.22
871,3954.47,6447.50,3.00,2,15,0.06,NLOS,117.16,-4.87,-92.07,-64.28,14.57,24.74,0,20,-109.68,14,-113.95,9,-116.18,21,-116.35,4,-119.09,10,-120.03
872,3947.60,6447.50,3.00,2,9,0.02,NLOS,130.65,-8.65,-101.78,-74.00,2.12,24.74,1,15,-105.01,10,-112.12,16,-114.08,20,-116.80,8,-118.48,19,-118.61
873,3947.50,6440.73,3.00,3,9,0.02,NLOS,130.53,-8.65,-101.66,-73.87,2.15,24.74,0,15,-104.87,10,-112.23,16,-114.22,20,-116.75,8,-118.41,19,-118.56
874,3947.50,6433.86,3.00,3,9,0.02,NLOS,130.40,-8.65,-101.53,-73.75,2.17,24.74,0,15,-104.73,10,-112.35,16,-114.35,20,-116.71,8,-118.33,19,-118.50
875,3947.50,6426.98,3.00,3,9,0.03,NLOS,130.28,-8.65,-101.40,-73.62,2.20,24.74,0,15,-104.59,10,-112.47,16,-114.49,20,-116.66,8,-118.26,19,-118.45
876,3947.50,6420.11,3.00,3,15,0.06,NLOS,116.91,-17.13,-79.56,-51.78,17.62,24.74,1,10,-99.22,9,-103.83,14,-107.57,16,-109.76,26,-117.70,20,-119.26
877,3947.50,6413.24,3.00,3,15,0.06,NLOS,116.78,-17.13,-79.43,-51.65,17.79,24.74,0,10,-99.34,9,-103.70,14,-107.46,16,-109.89,26,-117.70,20,-119.22
878,3947.50,6406.36,3.00,3,15,0.06,NLOS,116.65,-17.13,-79.31,-51.52,17.96,24.74,0,10,-99.47,9,-103.57,14,-107.35,16,-110.03,26,-117.69,20,-119.17
879,3947.50,6399.49,3.00,3,15,0.06,NLOS,116.54,-17.13,-79.19,-51.41,18.12,24.74,0,10,-99.59,9,-103.44,14,-107.24,16,-110.16,26,-117.69,20,-119.13
880,3947.50,6392.62,3.00,3,15,0.06,NLOS,116.42,1.88,-98.08,-70.30,5.05,24.74,0,4,-100.80,10,-104.79,9,-112.25,2,-114.83,14,-115.21,21,-115.40
881,3947.50,6385.75,3.00,3,15,0.06,NLOS,116.32,1.88,-97.98,-70.20,5.22,24.74,0,4,-100.79,10,-104.91,9,-112.13,2,-114.79,14,-115.10,21,-115.43
882,3947.50,6378.87,3.00,3,15,0.06,NLOS,116.22,1.88,-97.88,-70.10,5.39,24.74,0,4,-100.78,10,-105.04,9,-112.00,2,-114.74,14,-114.99,21,-115.46
883,3947.50,6372.00,3.00,3,15,0.06,NLOS,116.13,1.88,-97.79,-70.01,5.55,24.74,0,4,-100.78,10,-105.17,9,-111.87,2,-114.70,14,-114.87,21,-115.50
884,3947.50,6365.13,3.00,3,15,0.07,NLOS,116.05,-5.74,-90.09,-62.31,10.98,24.74,0,10,-104.75,16,-105.30,14,-111.03,9,-112.57,21,-119.83,5,-120.62
885,3947.50,6358.25,3.00,3,15,0.07,NLOS,115.97,-5.74,-90.01,-62.23,11.14,24.74,0,10,-104.88,16,-105.43,14,-110.91,9,-112.44,21,-119.86,5,-120.66
886,3947.50,6351.38,3.00,3,15,0.07,NLOS,115.90,-5.74,-89.94,-62.16,11.29,24.74,0,10,-105.01,16,-105.55,14,-110.80,9,-112.31,21,-119.90,5,-120.71
887,3947.50,6344.51,3.00,3,15,0.07,NLOS,115.84,-5.74,-89.88,-62.10,11.43,24.74,0,10,-105.14,16,-105.68,14,-110.69,9,-112.18,21,-119.93,5,-120.75
888,3947.50,6337.64,3.00,3,15,0.07,NLOS,115.79,10.48,-106.05,-78.27,-5.73,24.74,0,9,-104.15,16,-106.27,10,-107.02,25,-111.75,21,-113.58,20,-114.03
889,3947.50,6330.76,3.00,3,15,0.07,NLOS,115.74,10.48,-106.01,-78.23,-5.69,24.74,0,9,-104.02,16,-106.40,10,-107.15,25,-111.73,21,-113.62,20,-113.98
890,3947.50,6323.89,3.00,3,15,0.07,NLOS,115.71,10.48,-105.97,-78.19,-5.66,24.74,0,9,-103.89,16,-106.52,10,-107.28,25,-111.70,21,-113.65,20,-113.94
891,3947.50,6317.02,3.00,3,15,0.07,NLOS,115.68,10.48,-105.95,-78.17,-5.64,24.74,0,9,-103.76,16,-106.64,10,-107.41,25,-111.68,21,-113.69,20,-113.90
892,3947.50,6310.15,3.00,3,15,0.07,NLOS,115.66,2.90,-98.34,-70.56,5.65,24.74,0,10,-105.28,9,-111.28,4,-115.10,8,-115.11,19,-117.96,7,-118.23
893,3947.50,6303.27,3.00,3,15,0.07,NLOS,115.65,2.90,-98.33,-70.55,5.73,24.74,0,10,-105.41,9,-111.15,8,-115.03,4,-115.10,19,-117.91,7,-118.17
894,3947.50,6296.40,3.00,3,15,0.07,NLOS,115.65,2.90,-98.33,-70.55,5.81,24.74,0,10,-105.54,9,-111.02,8,-114.95,4,-115.10,19,-117.85,7,-118.12
895,3947.50,6289.53,3.00,3,15,0.07,NLOS,115.66,2.90,-98.34,-70.56,5.87,24.74,0,10,-105.67,9,-110.89,8,-114.87,4,-115.10,19,-117.80,7,-118.07
896,3947.50,6282.65,3.00,3,15,0.07,NLOS,115.68,2.93,-98.39,-70.61,-2.41,24.74,0,9,-96.14,4,-111.96,19,-112.03,8,-112.94,10,-116.26,21,-116.44
897,3947.50,6275.78,3.00,3,15,0.07,NLOS,115.70,2.93,-98.42,-70.63,-2.56,24.74,0,9,-96.01,4,-111.96,19,-111.98,8,-112.86,10,-116.39,14,-116.45
898,3947.50,6268.91,3.00,3,15,0.07,NLOS,115.74,2.93,-98.45,-70.67,-2.72,24.74,0,9,-95.88,19,-111.92,4,-111.96,8,-112.78,14,-116.33,10,-116.52
899,3947.50,6262.04,3.00,3,15,0.07,NLOS,115.78,2.93,-98.49,-70.71,-2.89,24.74,0,9,-95.75,19,-111.87,4,-111.96,8,-112.69,14,-116.20,21,-116.56
900,3947.50,6255.16,3.00,3,15,0.07,NLOS,115.83,-1.32,-94.29,-66.50,7.13,24.74,0,10,-104.58,14,-106.93,16,-109.94,9,-114.28,5,-115.88,3,-116.18
901,3947.50,6248.29,3.00,3,15,0.07,NLOS,115.89,-1.32,-94.34,-66.56,7.10,24.74,0,10,-104.71,14,-106.80,16,-110.06,9,-114.15,5,-115.93,3,-116.14
902,3947.50,6253.58,3.00,1,15,0.07,NLOS,115.84,-1.32,-94.30,-66.52,7.12,24.74,0,10,-104.61,14,-106.90,16,-109.97,9,-114.25,5,-115.89,3,-116.17
903,3947.50,6260.45,3.00,1,15,0.07,NLOS,115.79,-1.32,-94.25,-66.46,7.13,24.74,0,10,-104.48,14,-107.02,16,-109.85,9,-114.38,5,-115.84,3,-116.22
904,3947.50,6267.33,3.00,1,15,0.07,NLOS,115.74,5.10,-100.62,-72.84,0.92,24.74,0,9,-104.59,10,-106.85,14,-109.33,4,-110.81,8,-115.50,16,-118.42
905,3947.50,6274.20,3.00,1,15,0.07,NLOS,115.71,5.10,-100.59,-72.81,0.99,24.74,0,9,-104.72,10,-106.72,14,-109.45,4,-110.80,8,-115.58,16,-118.30
906,3947.50,6281.07,3.00,1,15,0.07,NLOS,115.68,5.10,-100.56,-72.78,1.06,24.74,0,9,-104.85,10,-106.59,14,-109.57,4,-110.80,8,-115.66,16,-118.18
907,3947.50,6287.95,3.00,1,15,0.07,NLOS,115.66,5.10,-100.54,-72.76,1.11,24.74,0,9,-104.98,10,-106.46,14,-109.69,4,-110.80,8,-115.74,16,-118.06
908,3947.50,6294.82,3.00,1,15,0.07,NLOS,115.65,4.19,-99.63,-71.85,-1.03,24.74,0,10,-100.19,9,-107.39,16,-108.51,21,-112.24,4,-116.32,14,-116.69
909,3947.50,6301.69,3.00,1,15,0.07,NLOS,115.65,4.19,-99.63,-71.84,-1.11,24.74,0,10,-100.06,9,-107.52,16,-108.39,21,-112.20,4,-116.32,14,-116.81
910,3947.50,6308.56,3.00,1,15,0.07,NLOS,115.66,4.19,-99.63,-71.85,-1.21,24.74,0,10,-99.93,9,-107.65,16,-108.27,21,-112.16,4,-116.32,14,-116.93
911,3947.50,6315.44,3.00,1,15,0.07,NLOS,115.68,4.19,-99.65,-71.87,-1.31,24.74,0,10,-99.80,9,-107.78,16,-108.15,21,-112.12,4,-116.32,14,-117.05
912,3947.50,6322.31,3.00,1,15,0.07,NLOS,115.70,-11.97,-83.52,-55.74,16.89,24.74,0,10,-101.88,9,-106.79,4,-115.91,14,-116.73,21,-118.33,32,-121.18
913,3947.50,6329.18,3.00,1,15,0.07,NLOS,115.74,-11.97,-83.55,-55.77,16.80,24.74,0,10,-101.75,9,-106.93,4,-115.92,14,-116.84,21,-118.29,32,-121.17
914,3947.50,6336.05,3.00,1,15,0.07,NLOS,115.78,-11.97,-83.59,-55.81,16.69,24.74,0,10,-101.62,9,-107.06,4,-115.92,14,-116.96,21,-118.26,32,-121.17
915,3947.50,6342.93,3.00,1,15,0.07,NLOS,115.83,-11.97,-83.64,-55.86,16.57,24.74,0,10,-101.49,9,-107.19,4,-115.92,14,-117.08,21,-118.22,32,-121.16
916,3947.50,6349.80,3.00,1,15,0.07,NLOS,115.89,-4.95,-90.72,-62.94,14.03,24.74,0,10,-107.98,9,-109.74,14,-113.88,4,-115.97,8,-116.91,16,-118.48
917,3947.50,6356.67,3.00,1,15,0.07,NLOS,115.95,-4.95,-90.79,-63.01,13.96,24.74,0,10,-107.85,9,-109.87,14,-113.99,4,-115.98,8,-116.99,16,-118.36
918,3947.50,6363.55,3.00,1,15,0.07,NLOS,116.03,-4.95,-90.86,-63.08,13.87,24.74,0,10,-107.72,9,-110.00,14,-114.11,4,-115.98,8,-117.07,16,-118.23
919,3947.50,6370.42,3.00,1,15,0.06,NLOS,116.11,-4.95,-90.95,-63.16,13.76,24.74,0,10,-107.59,9,-110.13,14,-114.22,4,-115.99,8,-117.14,16,-118.10
920,3947.50,6377.29,3.00,1,15,0.06,NLOS,116.20,5.03,-101.01,-73.23,-2.70,24.74,0,10,-99.36,16,-108.89,9,-109.64,14,-113.60,21,-115.77,27,-116.40
921,3947.50,6384.16,3.00,1,15,0.06,NLOS,116.30,5.03,-101.10,-73.32,-2.90,24.74,0,10,-99.24,16,-108.76,9,-109.77,14,-113.71,21,-115.73,27,-116.38
922,3947.50,6391.04,3.00,1,15,0.06,NLOS,116.40,5.03,-101.21,-73.43,-3.10,24.74,0,10,-99.11,16,-108.63,9,-109.90,14,-113.82,21,-115.70,27,-116.35
923,3947.50,6397.91,3.00,1,15,0.06,NLOS,116.51,5.03,-101.32,-73.54,-3.31,24.74,0,10,-98.98,16,-108.49,9,-110.03,14,-113.93,21,-115.67,27,-116.33
924,3947.50,6404.78,3.00,1,15,0.06,NLOS,116.63,5.75,-102.16,-74.38,3.22,24.74,0,9,-109.17,10,-111.71,16,-113.04,14,-114.05,8,-115.57,4,-116.74
925,3947.50,6411.65,3.00,1,15,0.06,NLOS,116.75,5.75,-102.28,-74.50,3.12,24.74,0,9,-109.29,10,-111.58,16,-112.91,14,-114.16,8,-115.65,4,-116.75
926,3947.50,6418.53,3.00,1,15,0.06,NLOS,116.88,5.75,-102.41,-74.63,3.00,24.74,0,9,-109.42,10,-111.46,16,-112.77,14,-114.27,8,-115.72,4,-116.76
927,3947.50,6425.40,3.00,1,15,0.06,NLOS,117.01,5.75,-102.54,-74.76,2.87,24.74,0,9,-109.55,10,-111.34,16,-112.64,14,-114.38,8,-115.80,4,-116.77
928,3947.50,6432.27,3.00,1,15,0.06,NLOS,117.15,-4.02,-92.91,-65.13,13.52,24.74,0,10,-112.51,16,-113.02,20,-113.43,14,-114.96,8,-115.92,21,-116.33
929,3947.50,6439.15,3.00,1,15,0.06,NLOS,117.29,-4.02,-93.05,-65.27,13.35,24.74,0,10,-112.39,16,-112.89,20,-113.48,14,-115.07,8,-116.00,21,-116.30
930,3947.50,6446.02,3.00,1,15,0.06,NLOS,117.44,-4.02,-93.20,-65.42,13.17,24.74,0,10,-112.27,16,-112.75,20,-113.52,14,-115.17,8,-116.07,21,-116.27
931,3947.50,6452.89,3.00,1,15,0.06,NLOS,117.60,-4.02,-93.35,-65.57,12.98,24.74,0,10,-112.15,16,-112.61,20,-113.57,14,-115.28,8,-116.14,21,-116.24
932,3947.50,6459.76,3.00,1,10,0.03,NLOS,124.94,-0.11,-104.61,-76.83,1.13,24.74,1,15,-109.81,4,-111.65,14,-112.52,9,-112.77,16,-115.93,27,-117.16
933,3947.50,6466.64,3.00,1,10,0.03,NLOS,124.83,-0.11,-104.50,-76.72,1.32,24.74,0,15,-109.97,4,-111.66,14,-112.63,9,-112.89,16,-115.79,27,-117.14
934,3947.50,6473.51,3.00,1,10,0.04,NLOS,124.71,-0.11,-104.38,-76.60,1.50,24.74,0,15,-110.13,4,-111.68,14,-112.73,9,-113.01,16,-115.65,27,-117.12
935,3947.50,6480.38,3.00,1,10,0.04,NLOS,124.60,-0.11,-104.27,-76.49,1.69,24.74,0,15,-110.30,4,-111.69,14,-112.83,9,-113.14,16,-115.51,27,-117.10
936,3947.50,6487.25,3.00,1,10,0.04,NLOS,124.49,-2.65,-101.63,-73.85,-3.57,24.74,0,15,-100.81,16,-105.40,21,-106.08,14,-108.13,9,-108.34,5,-115.51
937,3947.50,6494.13,3.00,1,10,0.04,NLOS,124.38,-2.65,-101.52,-73.74,-3.39,24.74,0,15,-100.98,16,-105.26,21,-106.06,14,-108.23,9,-108.46,5,-115.47
938,3947.50,6501.00,3.00,1,10,0.04,NLOS,124.28,-2.65,-101.41,-73.63,-3.21,24.74,0,15,-101.16,16,-105.11,21,-106.04,14,-108.33,9,-108.59,5,-115.43
939,3947.50,6507.87,3.00,1,10,0.04,NLOS,124.17,-2.65,-101.31,-73.52,-3.04,24.74,0,15,-101.34,16,-104.97,21,-106.01,14,-108.43,9,-108.71,5,-115.39
940,3947.50,6514.75,3.00,1,15,0.05,NLOS,119.13,-1.78,-97.13,-69.35,0.81,24.74,1,10,-100.23,9,-103.17,16,-111.43,20,-112.20,3,-115.25,21,-116.20
941,3947.50,6521.62,3.00,1,15,0.05,NLOS,119.31,-1.78,-97.31,-69.53,0.60,24.74,0,10,-100.13,9,-103.30,16,-111.28,20,-112.25,3,-115.30,21,-116.18
942,3947.50,6528.49,3.00,1,15,0.05,NLOS,119.49,-1.78,-97.50,-69.71,0.38,24.74,0,10,-100.03,9,-103.42,16,-111.13,20,-112.30,3,-115.35,21,-116.16
943,3947.50,6535.36,3.00,1,15,0.05,NLOS,119.68,-1.78,-97.68,-69.90,0.17,24.74,0,10,-99.93,9,-103.54,16,-110.98,20,-112.35,3,-115.40,21,-116.14
944,3947.50,6542.24,3.00,1,15,0.05,NLOS,119.87,9.32,-108.97,-81.19,-3.22,24.74,0,10,-109.39,16,-111.93,5,-112.68,9,-114.29,21,-116.70,14,-117.83
945,3947.50,6549.11,3.00,1,15,0.05,NLOS,120.05,9.32,-109.16,-81.38,-3.47,24.74,0,10,-109.30,16,-111.78,5,-112.64,9,-114.41,21,-116.68,14,-117.93
946,3947.50,6555.98,3.00,1,15,0.05,NLOS,120.24,9.32,-109.35,-81.57,-3.71,24.74,0,10,-109.21,16,-111.63,5,-112.60,9,-114.52,21,-116.66,14,-118.02
947,3947.50,6562.85,3.00,1,15,0.05,NLOS,120.43,9.32,-109.54,-81.76,-3.96,24.74,0,10,-109.12,16,-111.47,5,-112.56,9,-114.64,21,-116.64,14,-118.12
948,3947.50,6569.73,3.00,1,9,0.02,NLOS,132.82,-11.14,-101.47,-73.69,4.25,24.74,1,15,-107.11,16,-108.45,20,-111.56,24,-115.55,25,-115.57,4,-115.84
949,3947.50,6576.60,3.00,1,9,0.02,NLOS,132.94,-11.14,-101.59,-73.80,4.27,24.74,0,15,-107.30,16,-108.30,20,-111.61,24,-115.58,25,-115.60,4,-115.86
950,3947.50,6583.47,3.00,1,9,0.02,NLOS,133.06,-11.14,-101.70,-73.92,4.29,24.74,0,15,-107.49,16,-108.14,20,-111.66,24,-115.61,25,-115.63,4,-115.88
951,3947.50,6590.35,3.00,1,9,0.02,NLOS,133.18,-11.14,-101.82,-74.04,4.31,24.74,0,15,-107.69,16,-107.98,20,-111.71,24,-115.64,25,-115.66,4,-115.91
952,3947.50,6597.22,3.00,1,10,0.04,NLOS,123.01,-5.00,-97.79,-70.01,2.48,24.74,1,15,-103.86,16,-105.45,9,-108.12,21,-111.56,20,-117.02,5,-119.96
953,3947.50,6604.09,3.00,1,10,0.04,NLOS,122.94,-5.00,-97.72,-69.94,2.60,24.74,0,15,-104.05,16,-105.29,9,-108.23,21,-111.55,20,-117.07,5,-119.93
954,3947.50,6610.96,3.00,1,10,0.04,NLOS,122.87,-5.00,-97.65,-69.87,2.71,24.74,0,15,-104.25,16,-105.13,9,-108.35,21,-111.54,20,-117.12,5,-119.89
955,3947.50,6617.84,3.00,1,10,0.04,NLOS,122.81,-5.00,-97.59,-69.81,2.81,24.74,0,15,-104.44,16,-104.97,9,-108.46,21,-111.52,20,-117.17,5,-119.85
956,3947.50,6624.71,3.00,1,15,0.04,NLOS,122.16,-3.26,-98.68,-70.90,1.68,24.74,1,10,-102.75,16,-106.07,21,-111.29,9,-113.27,14,-117.88,7,-121.05
957,3947.50,6631.58,3.00,1,15,0.04,NLOS,122.35,-3.26,-98.87,-71.09,1.42,24.74,0,10,-102.70,16,-105.91,21,-111.28,9,-113.38,14,-117.97,7,-121.10
958,3947.50,6638.45,3.00,1,15,0.04,NLOS,122.54,-3.26,-99.06,-71.28,1.15,24.74,0,10,-102.64,16,-105.74,21,-111.27,9,-113.49,14,-118.06,7,-121.14
959,3947.50,6645.33,3.00,1,15,0.04,NLOS,122.73,-3.26,-99.25,-71.47,0.89,24.74,0,10,-102.59,16,-105.58,21,-111.26,9,-113.61,14,-118.15,7,-121.19
960,3952.20,6647.50,3.00,0,10,0.04,NLOS,122.74,-6.06,-96.46,-68.68,0.58,24.74,1,16,-99.75,15,-101.58,20,-106.24,5,-108.54,21,-114.05,9,-114.66
961,3959.07,6647.50,3.00,0,10,0.04,NLOS,122.99,-6.06,-96.71,-68.93,0.23,24.74,0,16,-99.65,15,-101.41,20,-106.16,5,-108.62,21,-113.94,9,-114.72
962,3965.95,6647.50,3.00,0,10,0.04,NLOS,123.23,-6.06,-96.95,-69.17,-0.12,24.74,0,16,-99.56,15,-101.25,20,-106.09,5,-108.71,21,-113.83,9,-114.79
963,3972.82,6647.50,3.00,0,10,0.04,NLOS,123.47,-6.06,-97.19,-69.41,-0.47,24.74,0,16,-99.46,15,-101.09,20,-106.02,5,-108.79,21,-113.71,9,-114.85
964,3979.69,6647.50,3.00,0,16,0.03,NLOS,126.78,-10.77,-95.80,-68.01,3.72,24.74,1,15,-102.27,10,-103.85,21,-111.47,9,-117.09,27,-119.24,14,-119.36
965,3986.56,6647.50,3.00,0,16,0.03,NLOS,126.69,-10.77,-95.70,-67.92,3.80,24.74,0,15,-102.11,10,-104.08,21,-111.36,9,-117.16,27,-119.18,14,-119.34
966,3993.44,6647.50,3.00,0,16,0.03,NLOS,126.60,-10.77,-95.61,-67.83,3.88,24.74,0,15,-101.95,10,-104.31,21,-111.24,9,-117.23,27,-119.12,14,-119.32
967,4000.31,6647.50,3.00,0,16,0.03,NLOS,126.51,-10.77,-95.53,-67.74,3.94,24.74,0,15,-101.79,10,-104.54,21,-111.13,9,-117.30,27,-119.05,14,-119.30
968,4007.18,6647.50,3.00,0,16,0.03,NLOS,126.42,-2.99,-103.22,-75.44,-2.48,24.74,0,10,-104.45,15,-105.14,21,-110.54,27,-113.60,9,-114.42,20,-116.21
969,4014.06,6647.50,3.00,0,16,0.03,NLOS,126.34,-2.99,-103.13,-75.35,-2.37,24.74,0,10,-104.67,15,-104.98,21,-110.42,27,-113.54,9,-114.49,20,-116.14
970,4020.93,6647.50,3.00,0,16,0.03,NLOS,126.25,-2.99,-103.05,-75.27,-2.27,24.74,0,15,-104.83,10,-104.89,21,-110.31,27,-113.48,9,-114.56,20,-116.07
971,4027.80,6647.50,3.00,0,16,0.03,NLOS,126.17,-2.99,-102.97,-75.19,-2.18,24.74,0,15,-104.67,10,-105.10,21,-110.19,27,-113.42,9,-114.63,20,-116.00
972,4034.67,6647.50,3.00,0,16,0.03,NLOS,126.09,-8.72,-97.15,-69.37,-1.56,24.74,0,15,-97.06,10,-103.18,21,-109.75,27,-110.10,9,-111.61,5,-114.57
973,4041.55,6647.50,3.00,0,16,0.03,NLOS,126.01,-8.72,-97.07,-69.29,-1.56,24.74,0,15,-96.91,10,-103.39,21,-109.63,27,-110.04,9,-111.68,5,-114.65
974,4048.42,6647.50,3.00,0,16,0.03,NLOS,125.93,-8.72,-96.99,-69.21,-1.56,24.74,0,15,-96.76,10,-103.60,21,-109.51,27,-109.98,9,-111.75,5,-114.73
975,4055.29,6647.50,3.00,0,16,0.03,NLOS,125.86,-8.72,-96.92,-69.13,-1.56,24.74,0,15,-96.62,10,-103.81,21,-109.39,27,-109.92,9,-111.82,5,-114.80
976,4062.16,6647.50,3.00,0,15,0.05,NLOS,120.20,-1.91,-98.07,-70.29,1.41,24.74,1,16,-101.80,10,-106.54,9,-106.77,4,-108.94,20,-118.42,27,-120.23
977,4069.04,6647.50,3.00,0,15,0.05,NLOS,120.06,-1.91,-97.93,-70.15,1.56,24.74,0,16,-101.73,10,-106.74,9,-106.84,4,-109.02,20,-118.35,27,-120.17
978,4075.91,6647.50,3.00,0,15,0.05,NLOS,119.93,-1.91,-97.80,-70.01,1.70,24.74,0,16,-101.66,9,-106.91,10,-106.94,4,-109.11,20,-118.28,27,-120.11
979,4082.78,6647.50,3.00,0,15,0.05,NLOS,119.79,-1.91,-97.66,-69.88,1.84,24.74,0,16,-101.59,9,-106.98,10,-107.13,4,-109.19,20,-118.20,27,-120.04
980,4089.66,6647.50,3.00,0,15,0.05,NLOS,119.67,4.57,-104.02,-76.24,-5.38,24.74,0,21,-102.00,16,-102.12,14,-113.47,9,-114.28,10,-114.57,5,-118.49
981,4096.53,6647.50,3.00,0,15,0.05,NLOS,119.54,4.57,-103.89,-76.11,-5.34,24.74,0,21,-101.88,16,-102.06,14,-113.46,9,-114.35,10,-114.76,5,-118.56
982,4103.40,6647.50,3.00,0,15,0.05,NLOS,119.42,4.57,-103.77,-75.99,-5.30,24.74,0,21,-101.75,16,-102.00,14,-113.45,9,-114.42,10,-114.95,5,-118.64
983,4110.27,6647.50,3.00,0,15,0.05,NLOS,119.30,4.57,-103.66,-75.87,-5.26,24.74,0,21,-101.62,16,-101.94,14,-113.44,9,-114.49,10,-115.14,5,-118.71
984,4117.15,6647.50,3.00,0,15,0.05,NLOS,119.19,-11.56,-87.41,-59.63,14.14,24.74,0,10,-103.49,21,-106.78,4,-111.40,3,-111.80,5,-115.33,16,-118.86
985,4124.02,6647.50,3.00,0,15,0.05,NLOS,119.08,-11.56,-87.30,-59.52,14.32,24.74,0,10,-103.68,21,-106.65,4,-111.48,3,-111.85,5,-115.41,16,-118.81
986,4130.89,6647.50,3.00,0,15,0.05,NLOS,118.98,-11.56,-87.19,-59.41,14.50,24.74,0,10,-103.86,21,-106.52,4,-111.55,3,-111.90,5,-115.48,16,-118.76
987,4137.76,6647.50,3.00,0,15,0.05,NLOS,118.88,-11.56,-87.09,-59.31,14.66,24.74,0,10,-104.04,21,-106.39,4,-111.63,3,-111.95,5,-115.55,16,-118.71
988,4144.64,6647.50,3.00,0,15,0.05,NLOS,118.78,-3.27,-95.29,-67.51,1.85,24.74,0,10,-97.59,16,-110.62,4,-113.50,21,-115.16,9,-116.12,20,-116.76
989,4147.50,6651.51,3.00,1,15,0.05,NLOS,118.92,-3.27,-95.43,-67.65,1.76,24.74,0,10,-97.65,16,-110.48,4,-113.55,21,-115.10,9,-116.20,20,-116.77
990,4147.50,6658.38,3.00,1,15,0.05,NLOS,119.22,-3.27,-95.74,-67.95,1.43,24.74,0,10,-97.63,16,-110.26,4,-113.57,21,-115.09,9,-116.29,20,-116.84
991,4147.50,6665.26,3.00,1,15,0.05,NLOS,119.52,-3.27,-96.03,-68.25,1.11,24.74,0,10,-97.61,16,-110.04,4,-113.59,21,-115.08,9,-116.37,20,-116.91
992,4147.50,6672.13,3.00,1,15,0.05,NLOS,119.81,4.69,-104.28,-76.50,-0.14,24.74,0,21,-107.09,10,-111.10,16,-113.51,20,-115.18,14,-115.98,13,-116.79
993,4147.50,6679.00,3.00,1,15,0.05,NLOS,120.10,4.69,-104.57,-76.79,-0.45,24.74,0,21,-107.08,10,-111.08,16,-113.28,20,-115.25,14,-116.08,13,-116.85
994,4147.50,6685.87,3.00,1,15,0.05,NLOS,120.38,4.69,-104.85,-77.07,-0.76,24.74,0,21,-107.07,10,-111.07,16,-113.05,20,-115.32,14,-116.17,13,-116.90
995,4147.50,6692.75,3.00,1,15,0.05,NLOS,120.66,4.69,-105.13,-77.35,-1.06,24.74,0,21,-107.06,10,-111.06,16,-112.82,20,-115.39,14,-116.26,13,-116.96
996,4147.50,6699.62,3.00,1,15,0.04,NLOS,120.94,-4.26,-96.45,-68.67,-0.22,24.74,0,16,-98.90,10,-100.13,21,-110.07,9,-118.21,4,-120.66,31,-123.10
997,4147.50,6706.49,3.00,1,15,0.04,NLOS,121.21,-4.26,-96.72,-68.94,-0.63,24.74,0,16,-98.66,10,-100.12,21,-110.06,9,-118.30,4,-120.68,31,-123.11
998,4147.50,6713.36,3.00,1,15,0.04,NLOS,121.47,-4.26,-96.99,-69.21,-1.03,24.74,0,16,-98.42,10,-100.11,21,-110.06,9,-118.39,4,-120.71,31,-123.13
999,4147.50,6720.24,3.00,1,15,0.04,NLOS,121.74,-4.26,-97.25,-69.47,-1.44,24.74,0,16,-98.17,10,-100.11,21,-110.06,9,-118.47,4,-120.73,31,-123.15
1000,4147.50,6727.11,3.00,1,10,0.03,NLOS,128.53,-16.52,-91.79,-64.01,4.71,24.74,1,16,-98.00,15,-102.51,19,-110.35,9,-113.46,26,-114.19,21,-114.23
1001,4147.50,6733.98,3.00,1,10,0.03,NLOS,128.53,-16.52,-91.79,-64.01,4.59,24.74,0,16,-97.75,15,-102.77,19,-110.41,9,-113.55,26,-114.21,21,-114.23
1002,4147.50,6740.86,3.00,1,10,0.03,NLOS,128.54,-16.52,-91.80,-64.01,4.45,24.74,0,16,-97.49,15,-103.02,19,-110.46,9,-113.64,26,-114.23,21,-114.23
1003,4147.50,6747.73,3.00,1,10,0.03,NLOS,128.54,-16.52,-91.80,-64.02,4.30,24.74,0,16,-97.23,15,-103.27,19,-110.52,9,-113.72,21,-114.23,26,-114.24
1004,4147.50,6754.60,3.00,1,16,0.04,NLOS,121.32,-5.39,-95.72,-67.93,1.88,24.74,1,15,-100.94,10,-101.56,21,-106.53,20,-114.44,4,-119.48,14,-120.52
1005,4147.50,6761.47,3.00,1,16,0.04,NLOS,121.05,-5.39,-95.45,-67.67,2.26,24.74,0,15,-101.18,10,-101.57,21,-106.53,20,-114.51,4,-119.50,14,-120.61
1006,4147.50,6768.35,3.00,1,16,0.05,NLOS,120.78,-5.39,-95.17,-67.39,2.64,24.74,0,15,-101.42,10,-101.58,21,-106.54,20,-114.58,4,-119.53,14,-120.70
1007,4147.50,6775.22,3.00,1,16,0.05,NLOS,120.51,-5.39,-94.90,-67.12,3.03,24.74,0,10,-101.59,15,-101.65,21,-106.55,20,-114.65,4,-119.55,14,-120.78
1008,4147.50,6782.09,3.00,1,16,0.05,NLOS,120.22,-2.55,-97.45,-69.67,2.42,24.74,0,10,-102.30,15,-104.41,5,-114.21,21,-117.10,9,-119.30,13,-119.42
1009,4147.50,6788.96,3.00,1,16,0.05,NLOS,119.94,-2.55,-97.17,-69.38,2.80,24.74,0,10,-102.32,15,-104.64,5,-114.19,21,-117.11,9,-119.39,13,-119.48
1010,4147.50,6795.84,3.00,1,16,0.05,NLOS,119.65,-2.55,-96.88,-69.09,3.17,24.74,0,10,-102.33,15,-104.87,5,-114.17,21,-117.12,9,-119.47,13,-119.53
1011,4147.50,6802.71,3.00,1,16,0.05,NLOS,119.35,-2.55,-96.58,-68.80,3.55,24.74,0,10,-102.35,15,-105.09,5,-114.15,21,-117.13,9,-119.56,13,-119.58
1012,4147.50,6809.58,3.00,1,16,0.05,NLOS,119.05,-9.17,-89.66,-61.88,15.71,24.74,0,10,-109.42,15,-112.04,21,-113.24,5,-113.27,4,-114.54,32,-118.96
1013,4147.50,6816.46,3.00,1,16,0.05,NLOS,118.75,-9.17,-89.36,-61.58,16.07,24.74,0,10,-109.44,15,-112.25,21,-113.25,5,-113.26,4,-114.57,32,-118.96
1014,4147.50,6823.33,3.00,1,16,0.05,NLOS,118.44,-9.17,-89.05,-61.27,16.43,24.74,0,10,-109.47,15,-112.47,5,-113.24,21,-113.26,4,-114.59,32,-118.97
1015,4147.50,6830.20,3.00,1,16,0.06,NLOS,118.13,-9.17,-88.74,-60.96,16.79,24.74,0,10,-109.49,15,-112.68,5,-113.22,21,-113.28,4,-114.62,32,-118.97
1016,4147.50,6837.07,3.00,1,16,0.06,NLOS,117.81,8.87,-106.45,-78.67,1.75,24.74,0,9,-111.35,4,-114.85,10,-115.43,15,-115.96,8,-116.95,2,-119.03
1017,4147.50,6843.95,3.00,1,16,0.06,NLOS,117.48,8.87,-106.13,-78.35,2.16,24.74,0,9,-111.43,4,-114.88,10,-115.46,15,-116.17,8,-117.01,2,-119.07
1018,4147.50,6844.18,3.00,3,16,0.06,NLOS,117.47,8.87,-106.12,-78.34,2.17,24.74,0,9,-111.43,4,-114.88,10,-115.46,15,-116.18,8,-117.01,2,-119.07
1019,4147.50,6837.31,3.00,3,16,0.06,NLOS,117.79,8.87,-106.44,-78.66,1.77,24.74,0,9,-111.35,4,-114.85,10,-115.43,15,-115.97,8,-116.96,2,-119.03
1020,4147.50,6830.44,3.00,3,16,0.06,NLOS,118.12,8.87,-106.76,-78.98,1.37,24.74,0,9,-111.27,4,-114.82,10,-115.41,15,-115.76,8,-116.90,2,-118.99
1021,4147.50,6823.56,3.00,3,16,0.05,NLOS,118.43,-5.94,-92.27,-64.49,8.45,24.74,0,15,-102.80,10,-105.80,26,-111.32,21,-113.90,4,-116.92,2,-120.16
1022,4147.50,6816.69,3.00,3,16,0.05,NLOS,118.74,-5.94,-92.58,-64.80,8.00,24.74,0,15,-102.58,10,-105.78,26,-111.30,21,-113.88,4,-116.89,2,-120.12
1023,4147.50,6809.82,3.00,3,16,0.05,NLOS,119.04,-5.94,-92.88,-65.10,7.55,24.74,0,15,-102.36,10,-105.75,26,-111.27,21,-113.87,4,-116.87,2,-120.08
1024,4147.50,6802.94,3.00,3,16,0.05,NLOS,119.34,-5.94,-93.18,-65.40,7.10,24.74,0,15,-102.14,10,-105.73,26,-111.25,21,-113.86,4,-116.84,2,-120.05
1025,4147.50,6796.07,3.00,3,16,0.05,NLOS,119.64,4.81,-104.23,-76.45,-0.54,24.74,0,10,-108.82,21,-109.29,15,-110.59,20,-114.34,27,-114.37,9,-115.40
1026,4147.50,6789.20,3.00,3,16,0.05,NLOS,119.93,4.81,-104.52,-76.74,-0.89,24.74,0,10,-108.81,21,-109.29,15,-110.37,20,-114.28,27,-114.38,9,-115.32
1027,4147.50,6782.33,3.00,3,16,0.05,NLOS,120.21,4.81,-104.81,-77.02,-1.23,24.74,0,10,-108.79,21,-109.28,15,-110.14,20,-114.21,27,-114.40,9,-115.23
1028,4147.50,6775.45,3.00,3,16,0.05,NLOS,120.50,4.81,-105.09,-77.31,-1.58,24.74,0,10,-108.78,21,-109.27,15,-109.90,20,-114.14,27,-114.42,9,-115.15
1029,4147.50,6768.58,3.00,3,15,0.04,NLOS,123.48,-12.63,-90.63,-62.85,7.28,24.74,1,16,-99.19,21,-106.49,20,-108.93,4,-109.50,10,-113.95,19,-116.32
1030,4147.50,6761.71,3.00,3,15,0.04,NLOS,123.24,-12.63,-90.39,-62.61,7.71,24.74,0,16,-99.47,21,-106.49,20,-108.86,4,-109.48,10,-113.94,19,-116.26
1031,4147.50,6754.84,3.00,3,15,0.04,NLOS,123.00,-12.63,-90.15,-62.37,8.14,24.74,0,16,-99.74,21,-106.48,20,-108.79,4,-109.45,10,-113.93,19,-116.21
1032,4147.50,6747.96,3.00,3,15,0.04,NLOS,122.76,-12.63,-89.91,-62.12,8.56,24.74,0,16,-100.00,21,-106.48,20,-108.72,4,-109.43,10,-113.93,19,-116.15
1033,4147.50,6741.09,3.00,3,16,0.04,NLOS,121.84,-13.96,-87.66,-59.88,14.91,24.74,1,15,-105.80,27,-108.63,20,-108.84,10,-109.84,14,-114.50,21,-115.52
1034,4147.50,6734.22,3.00,3,16,0.04,NLOS,122.10,-13.96,-87.92,-60.14,14.53,24.74,0,15,-105.55,27,-108.65,20,-108.78,10,-109.84,14,-114.41,21,-115.52
1035,4147.50,6727.34,3.00,3,16,0.04,NLOS,122.35,-13.96,-88.17,-60.39,14.15,24.74,0,15,-105.29,27,-108.67,20,-108.71,10,-109.84,14,-114.32,21,-115.52
1036,4147.50,6720.47,3.00,3,16,0.04,NLOS,122.60,-13.96,-88.42,-60.64,13.77,24.74,0,15,-105.03,20,-108.64,27,-108.69,10,-109.84,14,-114.23,21,-115.52
1037,4147.50,6713.60,3.00,3,16,0.04,NLOS,122.85,-0.90,-101.73,-73.95,-1.94,24.74,0,15,-100.25,21,-113.02,10,-116.89,20,-117.25,5,-117.42,8,-119.34
1038,4147.50,6706.73,3.00,3,16,0.04,NLOS,123.09,-0.90,-101.97,-74.19,-2.42,24.74,0,15,-99.98,21,-113.02,10,-116.89,20,-117.18,5,-117.45,8,-119.28
1039,4147.50,6699.85,3.00,3,16,0.04,NLOS,123.33,-0.90,-102.21,-74.43,-2.90,24.74,0,15,-99.71,21,-113.03,10,-116.90,20,-117.12,5,-117.47,8,-119.22
1040,4147.50,6692.98,3.00,3,15,0.05,NLOS,120.67,-1.01,-99.44,-71.66,2.30,24.74,1,16,-102.45,21,-113.03,10,-116.91,20,-117.05,5,-117.50,8,-119.16
1041,4147.50,6686.11,3.00,3,16,0.04,NLOS,123.80,-9.05,-94.54,-66.76,5.32,24.74,1,15,-99.99,32,-112.21,14,-115.75,4,-116.06,10,-118.34,19,-118.72
1042,4147.50,6679.24,3.00,3,16,0.04,NLOS,124.03,-9.05,-94.77,-66.99,4.81,24.74,0,15,-99.71,32,-112.21,14,-115.66,4,-116.04,10,-118.36,19,-118.67
1043,4147.50,6672.36,3.00,3,16,0.04,NLOS,124.26,-9.05,-95.00,-67.22,4.30,24.74,0,15,-99.42,32,-112.21,14,-115.57,4,-116.01,10,-118.37,19,-118.61
1044,4147.50,6665.49,3.00,3,16,0.04,NLOS,124.49,-9.05,-95.22,-67.44,3.79,24.74,0,15,-99.13,32,-112.21,14,-115.47,4,-115.99,10,-118.39,19,-118.56
1045,4147.50,6658.62,3.00,3,15,0.05,NLOS,119.23,-9.80,-89.21,-61.43,8.09,24.74,1,16,-98.22,10,-106.18,26,-111.42,8,-113.25,14,-113.32,20,-113.79
1046,4147.50,6651.74,3.00,3,15,0.05,NLOS,118.93,-9.80,-88.91,-61.13,8.57,24.74,0,16,-98.44,10,-106.20,26,-111.40,8,-113.19,14,-113.22,20,-113.72
1047,4147.50,6650.13,3.00,1,15,0.05,NLOS,118.86,-9.80,-88.84,-61.06,8.68,24.74,0,16,-98.49,10,-106.21,26,-111.40,8,-113.18,14,-113.20,20,-113.71
1048,4147.50,6657.00,3.00,1,15,0.05,NLOS,119.16,-9.80,-89.14,-61.36,8.21,24.74,0,16,-98.27,10,-106.19,26,-111.41,8,-113.24,14,-113.29,20,-113.78
1049,4147.50,6663.87,3.00,1,15,0.05,NLOS,119.46,-9.80,-89.44,-61.66,7.73,24.74,0,16,-98.05,10,-106.17,26,-111.43,8,-113.30,14,-113.39,20,-113.84
1050,4147.50,6670.75,3.00,1,15,0.05,NLOS,119.75,-7.55,-91.98,-64.20,12.28,24.74,0,21,-107.70,16,-109.12,10,-113.72,27,-114.01,4,-115.69,20,-116.26
1051,4147.50,6677.62,3.00,1,15,0.05,NLOS,120.04,-7.55,-92.27,-64.49,11.92,24.74,0,21,-107.69,16,-108.89,10,-113.71,27,-113.99,4,-115.71,20,-116.33
1052,4147.50,6684.49,3.00,1,15,0.05,NLOS,120.33,-7.55,-92.55,-64.77,11.56,24.74,0,21,-107.68,16,-108.66,10,-113.69,27,-113.97,4,-115.73,20,-116.40
1053,4147.50,6691.36,3.00,1,15,0.05,NLOS,120.61,-7.55,-92.83,-65.05,11.19,24.74,0,21,-107.67,16,-108.43,10,-113.68,27,-113.95,4,-115.75,20,-116.47
1054,4147.50,6698.24,3.00,1,15,0.05,NLOS,120.88,-2.83,-97.83,-70.05,-1.93,24.74,0,16,-96.56,10,-107.12,14,-110.30,21,-114.67,3,-116.17,20,-116.44
1055,4147.50,6705.11,3.00,1,15,0.04,NLOS,121.15,-2.83,-98.10,-70.32,-2.40,24.74,0,16,-96.32,10,-107.11,14,-110.39,21,-114.67,3,-116.21,20,-116.50
1056,4147.50,6711.98,3.00,1,15,0.04,NLOS,121.42,-2.83,-98.37,-70.59,-2.88,24.74,0,16,-96.08,10,-107.10,14,-110.48,21,-114.66,3,-116.25,20,-116.57
1057,4147.50,6718.86,3.00,1,15,0.04,NLOS,121.68,-2.83,-98.63,-70.85,-3.35,24.74,0,16,-95.83,10,-107.10,14,-110.57,21,-114.66,3,-116.29,20,-116.64
1058,4147.50,6725.73,3.00,1,15,0.04,NLOS,121.94,-8.34,-93.39,-65.61,7.46,24.74,0,21,-105.78,16,-107.48,9,-108.08,10,-109.63,20,-109.77,5,-111.06
1059,4147.50,6732.60,3.00,1,15,0.04,NLOS,122.20,-8.34,-93.64,-65.86,7.18,24.74,0,21,-105.78,16,-107.23,9,-108.17,10,-109.63,20,-109.84,5,-111.04
1060,4147.50,6739.47,3.00,1,15,0.04,NLOS,122.45,-8.34,-93.90,-66.11,6.89,24.74,0,21,-105.78,16,-106.97,9,-108.26,10,-109.63,20,-109.91,5,-111.01
1061,4147.50,6746.35,3.00,1,15,0.04,NLOS,122.70,-8.34,-94.14,-66.36,6.60,24.74,0,21,-105.78,16,-106.71,9,-108.34,10,-109.63,20,-109.98,5,-110.99
1062,4147.50,6753.22,3.00,1,16,0.04,NLOS,121.38,-7.05,-94.10,-66.32,9.36,24.74,1,15,-106.49,9,-109.34,21,-111.79,14,-112.75,20,-113.07,10,-115.05
1063,4147.50,6760.09,3.00,1,16,0.04,NLOS,121.11,-7.05,-93.84,-66.05,9.77,24.74,0,15,-106.73,9,-109.43,21,-111.79,14,-112.84,20,-113.14,10,-115.06
1064,4147.50,6766.97,3.00,1,16,0.05,NLOS,120.84,-7.05,-93.56,-65.78,10.18,24.74,0,15,-106.97,9,-109.51,21,-111.80,14,-112.93,20,-113.21,10,-115.06
1065,4147.50,6773.84,3.00,1,16,0.05,NLOS,120.56,-7.05,-93.29,-65.51,10.59,24.74,0,15,-107.20,9,-109.60,21,-111.80,14,-113.01,20,-113.28,10,-115.07
1066,4147.50,6780.71,3.00,1,16,0.05,NLOS,120.28,-4.86,-95.20,-67.42,1.04,24.74,0,15,-97.73,10,-103.62,9,-106.19,3,-116.88,4,-117.87,14,-118.54
1067,4147.50,6787.58,3.00,1,16,0.05,NLOS,120.00,-4.86,-94.91,-67.13,1.50,24.74,0,15,-97.96,10,-103.63,9,-106.27,3,-116.92,4,-117.90,14,-118.63
1068,4147.50,6794.46,3.00,1,16,0.05,NLOS,119.71,-4.86,-94.62,-66.84,1.96,24.74,0,15,-98.19,10,-103.65,9,-106.36,3,-116.96,4,-117.92,14,-118.72
1069,4147.50,6801.33,3.00,1,16,0.05,NLOS,119.41,-4.86,-94.33,-66.55,2.42,24.74,0,15,-98.42,10,-103.67,9,-106.44,3,-117.00,4,-117.95,14,-118.80
1070,4147.50,6808.20,3.00,1,16,0.05,NLOS,119.11,2.20,-101.10,-73.32,3.68,24.74,0,21,-106.86,15,-110.20,14,-117.02,10,-117.81,26,-118.59,2,-121.03
1071,4147.50,6815.07,3.00,1,16,0.05,NLOS,118.81,2.20,-100.80,-73.01,4.06,24.74,0,21,-106.87,15,-110.42,14,-117.10,10,-117.83,26,-118.61,2,-121.07
1072,4147.50,6821.95,3.00,1,16,0.05,NLOS,118.50,2.20,-100.49,-72.71,4.44,24.74,0,21,-106.89,15,-110.63,14,-117.18,10,-117.85,26,-118.63,2,-121.11
1073,4147.50,6828.82,3.00,1,16,0.05,NLOS,118.19,2.20,-100.17,-72.39,4.82,24.74,0,21,-106.90,15,-110.85,14,-117.27,10,-117.88,26,-118.65,2,-121.15
1074,4147.50,6835.69,3.00,1,15,0.03,NLOS,125.65,-6.00,-99.44,-71.66,-0.40,24.74,1,10,-102.31,16,-105.67,9,-106.09,21,-109.80,13,-111.60,19,-113.31
1075,4147.50,6842.57,3.00,1,15,0.03,NLOS,125.86,-6.00,-99.65,-71.87,-0.65,24.74,0,10,-102.34,16,-105.34,9,-106.18,21,-109.82,13,-111.66,19,-113.37
1076,4147.50,6849.44,3.00,1,15,0.03,NLOS,126.07,-6.00,-99.85,-72.07,-0.90,24.74,0,10,-102.37,16,-105.01,9,-106.26,21,-109.84,13,-111.71,19,-113.42
1077,4147.50,6856.31,3.00,1,15,0.03,NLOS,126.27,-6.00,-100.06,-72.28,-1.16,24.74,0,10,-102.40,16,-104.68,9,-106.34,21,-109.85,13,-111.76,19,-113.47
1078,4147.50,6863.18,3.00,1,16,0.06,NLOS,116.54,0.52,-96.84,-69.06,7.26,24.74,1,15,-104.63,14,-116.52,10,-118.37,31,-118.87,21,-120.26,20,-120.58
1079,4147.50,6870.06,3.00,1,16,0.06,NLOS,116.19,0.52,-96.49,-68.71,7.79,24.74,0,15,-104.83,14,-116.60,10,-118.40,31,-118.89,21,-120.28,20,-120.64
1080,4147.50,6876.93,3.00,1,16,0.07,NLOS,115.84,0.52,-96.14,-68.36,8.32,24.74,0,15,-105.02,14,-116.68,10,-118.44,31,-118.91,21,-120.30,20,-120.71
1081,4147.50,6883.80,3.00,1,16,0.07,NLOS,115.48,0.52,-95.78,-68.00,8.86,24.74,0,15,-105.22,14,-116.76,10,-118.48,31,-118.92,21,-120.32,20,-120.78
1082,4147.50,6890.67,3.00,1,16,0.07,NLOS,115.11,7.95,-102.84,-75.06,1.75,24.74,0,15,-105.93,21,-114.09,20,-114.26,5,-116.42,8,-118.23,27,-119.18
1083,4147.50,6897.55,3.00,1,16,0.07,NLOS,114.73,7.95,-102.46,-74.68,2.27,24.74,0,15,-106.12,21,-114.12,20,-114.33,5,-116.40,8,-118.28,27,-119.17
1084,4147.50,6904.42,3.00,1,16,0.08,NLOS,114.35,7.95,-102.08,-74.30,2.79,24.74,0,15,-106.30,21,-114.15,20,-114.40,5,-116.39,8,-118.34,27,-119.16
1085,4147.50,6911.29,3.00,1,16,0.08,NLOS,113.96,7.95,-101.69,-73.91,3.31,24.74,0,15,-106.49,21,-114.17,20,-114.46,5,-116.37,8,-118.39,27,-119.15
1086,4147.50,6918.17,3.00,1,16,0.08,NLOS,113.57,1.20,-94.55,-66.77,2.72,24.74,0,10,-99.74,15,-103.85,21,-104.38,4,-114.39,3,-117.00,5,-117.27
1087,4147.50,6925.04,3.00,1,16,0.08,NLOS,113.16,1.20,-94.15,-66.37,3.19,24.74,0,10,-99.79,15,-104.04,21,-104.41,4,-114.42,3,-117.04,5,-117.26
1088,4147.50,6931.91,3.00,1,16,0.09,NLOS,112.75,1.20,-93.74,-65.96,3.68,24.74,0,10,-99.84,15,-104.22,21,-104.44,4,-114.45,3,-117.08,5,-117.24
1089,4147.50,6938.78,3.00,1,16,0.09,NLOS,112.33,1.20,-93.32,-65.53,4.17,24.74,0,10,-99.89,15,-104.39,21,-104.47,4,-114.49,3,-117.12,5,-117.23
1090,4147.50,6945.66,3.00,1,16,0.09,NLOS,111.90,3.31,-95.00,-67.21,8.12,24.74,0,5,-106.81,10,-108.19,15,-111.39,21,-115.33,9,-118.86,27,-121.02
1091,4147.47,6952.50,3.00,2,16,0.10,NLOS,111.47,3.31,-94.56,-66.78,8.59,24.74,0,5,-106.80,10,-108.24,15,-111.57,21,-115.36,9,-118.94,27,-121.01
1092,4140.60,6952.50,3.00,2,16,0.10,NLOS,111.68,3.31,-94.78,-67.00,8.30,24.74,0,5,-106.71,10,-108.08,15,-111.59,21,-115.49,9,-118.89,27,-121.08
1093,4133.73,6952.50,3.00,2,16,0.09,NLOS,111.91,3.31,-95.00,-67.22,8.00,24.74,0,5,-106.63,10,-107.92,15,-111.62,21,-115.61,9,-118.84,27,-121.15
1094,4126.85,6952.50,3.00,2,16,0.09,NLOS,112.14,-1.00,-90.92,-63.14,9.08,24.74,0,10,-103.09,15,-105.33,5,-110.63,21,-111.60,9,-112.89,4,-114.96
1095,4119.98,6952.50,3.00,2,16,0.09,NLOS,112.38,-1.00,-91.16,-63.38,8.77,24.74,0,10,-102.92,15,-105.36,5,-110.55,21,-111.73,9,-112.84,4,-114.89
1096,4113.11,6952.50,3.00,2,16,0.09,NLOS,112.63,-1.00,-91.41,-63.63,8.45,24.74,0,10,-102.75,15,-105.40,5,-110.47,21,-111.85,9,-112.80,4,-114.82
1097,4106.23,6952.50,3.00,2,16,0.09,NLOS,112.88,-1.00,-91.66,-63.88,8.12,24.74,0,10,-102.58,15,-105.43,5,-110.38,21,-111.97,9,-112.75,4,-114.75
1098,4099.36,6952.50,3.00,2,16,0.08,NLOS,113.13,-4.03,-88.88,-61.10,12.92,24.74,0,21,-105.85,10,-107.61,15,-108.33,5,-111.46,3,-118.12,20,-118.22
1099,4092.49,6952.50,3.00,2,16,0.08,NLOS,113.39,-4.03,-89.14,-61.36,12.66,24.74,0,21,-105.97,10,-107.44,15,-108.37,5,-111.37,3,-118.08,20,-118.27
1100,4085.62,6952.50,3.00,2,16,0.08,NLOS,113.65,-4.03,-89.41,-61.62,12.40,24.74,0,21,-106.09,10,-107.27,15,-108.41,5,-111.29,3,-118.04,20,-118.33
1101,4078.74,6952.50,3.00,2,16,0.08,NLOS,113.92,-4.03,-89.67,-61.89,12.13,24.74,0,21,-106.21,10,-107.09,15,-108.45,5,-111.20,3,-118.00,20,-118.38
1102,4071.87,6952.50,3.00,2,16,0.08,NLOS,114.19,-4.18,-89.79,-62.01,18.61,24.74,0,10,-110.04,9,-118.42,15,-118.59,20,-119.16,26,-120.10,5,-121.97
1103,4065.00,6952.50,3.00,2,16,0.07,NLOS,114.46,-4.18,-90.06,-62.28,18.22,24.74,0,10,-109.86,9,-118.38,15,-118.63,20,-119.22,26,-120.16,5,-121.88
1104,4058.13,6952.50,3.00,2,16,0.07,NLOS,114.73,-4.18,-90.33,-62.55,17.82,24.74,0,10,-109.68,9,-118.33,15,-118.68,20,-119.27,26,-120.22,5,-121.80
1105,4051.25,6952.50,3.00,2,16,0.07,NLOS,115.00,-4.18,-90.60,-62.82,17.42,24.74,0,10,-109.50,9,-118.29,15,-118.73,20,-119.32,26,-120.28,5,-121.71
1106,4044.38,6952.50,3.00,2,16,0.07,NLOS,115.27,4.64,-99.70,-71.92,10.55,24.74,0,10,-113.61,15,-115.09,21,-121.72,14,-122.89,27,-123.99,8,-125.38
1107,4037.51,6952.50,3.00,2,16,0.07,NLOS,115.54,4.64,-99.97,-72.19,10.22,24.74,0,10,-113.42,15,-115.14,21,-121.83,14,-122.90,27,-124.05,8,-125.37
1108,4030.63,6952.50,3.00,2,16,0.07,NLOS,115.82,4.64,-100.24,-72.46,9.88,24.74,0,10,-113.24,15,-115.19,21,-121.95,14,-122.91,27,-124.12,8,-125.35
1109,4023.76,6952.50,3.00,2,16,0.06,NLOS,116.09,4.64,-100.52,-72.73,9.54,24.74,0,10,-113.05,15,-115.25,21,-122.06,14,-122.92,27,-124.19,8,-125.34
1110,4016.89,6952.50,3.00,2,16,0.06,NLOS,116.36,3.12,-99.26,-71.48,2.58,24.74,0,15,-104.95,10,-105.77,9,-114.94,5,-117.50,21,-119.29,7,-119.56
1111,4010.02,6952.50,3.00,2,16,0.06,NLOS,116.63,3.12,-99.53,-71.75,2.26,24.74,0,15,-105.01,10,-105.58,9,-114.90,5,-117.41,21,-119.40,7,-119.55
1112,4003.14,6952.50,3.00,2,16,0.06,NLOS,116.90,3.12,-99.80,-72.02,1.93,24.74,0,15,-105.06,10,-105.39,9,-114.85,5,-117.32,21,-119.51,7,-119.55
1113,3996.27,6952.50,3.00,2,16,0.06,NLOS,117.17,3.12,-100.07,-72.29,1.60,24.74,0,15,-105.12,10,-105.19,9,-114.81,5,-117.23,7,-119.54,21,-119.62
1114,3989.40,6952.50,3.00,2,16,0.06,NLOS,117.44,3.11,-100.34,-72.55,4.47,24.74,0,15,-107.91,21,-111.65,10,-112.58,8,-114.61,27,-117.13,5,-117.21
1115,3982.53,6952.50,3.00,2,16,0.06,NLOS,117.71,3.11,-100.60,-72.82,4.22,24.74,0,15,-107.97,21,-111.76,10,-112.39,8,-114.59,5,-117.11,27,-117.19
1116,3975.65,6952.50,3.00,2,16,0.06,NLOS,117.97,3.11,-100.87,-73.09,3.97,24.74,0,15,-108.03,21,-111.87,10,-112.18,8,-114.58,5,-117.02,27,-117.26
1117,3968.78,6952.50,3.00,2,16,0.05,NLOS,118.24,3.11,-101.13,-73.35,3.71,24.74,0,15,-108.10,21,-111.98,10,-111.98,8,-114.57,5,-116.93,27,-117.32
1118,3961.91,6952.50,3.00,2,16,0.05,NLOS,118.50,-0.39,-97.89,-70.11,5.40,24.74,0,15,-106.51,10,-107.45,9,-116.98,3,-117.23,21,-117.40,5,-118.05
1119,3955.03,6952.50,3.00,2,16,0.05,NLOS,118.76,-0.39,-98.15,-70.37,5.09,24.74,0,15,-106.58,10,-107.24,9,-116.94,3,-117.19,21,-117.51,5,-117.95
1120,3948.16,6952.50,3.00,2,16,0.05,NLOS,119.02,-0.39,-98.41,-70.63,4.78,24.74,0,15,-106.64,10,-107.03,9,-116.90,3,-117.15,21,-117.61,5,-117.86
1121,3953.71,6952.50,3.00,0,16,0.05,NLOS,118.81,-0.39,-98.20,-70.42,5.03,24.74,0,15,-106.59,10,-107.20,9,-116.93,3,-117.18,21,-117.53,5,-117.94
1122,3960.58,6952.50,3.00,0,16,0.05,NLOS,118.55,0.38,-98.72,-70.93,3.32,24.74,0,10,-104.76,15,-108.27,21,-109.06,9,-120.63,32,-121.27,14,-122.24
1123,3967.46,6952.50,3.00,0,16,0.05,NLOS,118.29,0.38,-98.45,-70.67,3.66,24.74,0,10,-104.97,15,-108.20,21,-108.95,9,-120.67,32,-121.23,14,-122.23
1124,3974.33,6952.50,3.00,0,16,0.06,NLOS,118.02,0.38,-98.19,-70.41,3.98,24.74,0,10,-105.17,15,-108.14,21,-108.84,9,-120.71,32,-121.18,14,-122.21
1125,3981.20,6952.50,3.00,0,16,0.06,NLOS,117.76,0.38,-97.93,-70.14,4.31,24.74,0,10,-105.37,15,-108.07,21,-108.73,9,-120.75,32,-121.14,14,-122.20
1126,3988.07,6952.50,3.00,0,16,0.06,NLOS,117.49,1.26,-98.53,-70.75,3.05,24.74,0,10,-103.47,21,-109.82,9,-110.16,20,-114.01,14,-116.13,15,-117.36
1127,3994.95,6952.50,3.00,0,16,0.06,NLOS,117.22,1.26,-98.27,-70.48,3.44,24.74,0,10,-103.67,21,-109.71,9,-110.20,20,-113.95,14,-116.11,15,-117.30
1128,4001.82,6952.50,3.00,0,16,0.06,NLOS,116.96,1.26,-98.00,-70.21,3.82,24.74,0,10,-103.86,21,-109.60,9,-110.24,20,-113.90,14,-116.10,15,-117.24
1129,4008.69,6952.50,3.00,0,16,0.06,NLOS,116.68,1.26,-97.73,-69.94,4.19,24.74,0,10,-104.06,21,-109.48,9,-110.28,20,-113.84,14,-116.09,15,-117.19
1130,4015.57,6952.50,3.00,0,16,0.06,NLOS,116.41,7.74,-103.94,-76.15,-2.56,24.74,0,10,-104.61,21,-107.99,15,-108.07,27,-114.31,9,-116.29,4,-122.03
1131,4022.44,6952.50,3.00,0,16,0.06,NLOS,116.14,7.74,-103.66,-75.88,-2.24,24.74,0,10,-104.80,21,-107.88,15,-108.02,27,-114.25,9,-116.33,4,-122.10
1132,4029.31,6952.50,3.00,0,16,0.07,NLOS,115.87,7.74,-103.39,-75.61,-1.92,24.74,0,10,-104.99,21,-107.76,15,-107.96,27,-114.18,9,-116.37,4,-122.17
1133,4036.18,6952.50,3.00,0,16,0.07,NLOS,115.60,7.74,-103.12,-75.34,-1.61,24.74,0,10,-105.18,21,-107.65,15,-107.91,27,-114.11,9,-116.42,4,-122.25
1134,4043.06,6952.50,3.00,0,16,0.07,NLOS,115.32,-10.23,-84.88,-57.10,7.40,24.74,0,10,-92.46,21,-109.15,15,-110.51,27,-117.46,9,-118.78,4,-120.32
1135,4049.93,6952.50,3.00,0,16,0.07,NLOS,115.05,-10.23,-84.61,-56.82,7.84,24.74,0,10,-92.64,21,-109.03,15,-110.45,27,-117.40,9,-118.83,4,-120.39
1136,4056.80,6952.50,3.00,0,16,0.07,NLOS,114.78,-10.23,-84.33,-56.55,8.28,24.74,0,10,-92.82,21,-108.91,15,-110.41,27,-117.33,9,-118.87,4,-120.46
1137,4063.67,6952.50,3.00,0,16,0.07,NLOS,114.51,-10.23,-84.06,-56.28,8.72,24.74,0,10,-93.01,21,-108.79,15,-110.36,27,-117.26,9,-118.91,4,-120.53
1138,4070.55,6952.50,3.00,0,16,0.08,NLOS,114.24,-13.40,-80.61,-52.83,24.64,24.74,0,10,-108.79,15,-110.75,5,-111.85,4,-113.30,13,-117.28,25,-118.75
1139,4077.42,6952.50,3.00,0,16,0.08,NLOS,113.97,-13.40,-80.35,-52.57,24.99,24.74,0,10,-108.97,15,-110.70,5,-111.94,4,-113.37,13,-117.27,25,-118.71
1140,4084.29,6952.50,3.00,0,16,0.08,NLOS,113.70,-13.40,-80.08,-52.30,25.33,24.74,0,10,-109.14,15,-110.66,5,-112.02,4,-113.44,13,-117.27,25,-118.67
1141,4091.17,6952.50,3.00,0,16,0.08,NLOS,113.44,-13.40,-79.82,-52.04,25.66,24.74,0,10,-109.31,15,-110.62,5,-112.11,4,-113.51,13,-117.26,25,-118.64
1142,4098.04,6952.50,3.00,0,16,0.08,NLOS,113.18,3.29,-96.26,-68.48,9.99,24.74,0,10,-110.13,15,-112.60,21,-113.59,9,-115.01,24,-118.07,25,-118.76
1143,4104.91,6952.50,3.00,0,16,0.09,NLOS,112.93,3.29,-96.00,-68.22,10.29,24.74,0,10,-110.30,15,-112.56,21,-113.46,9,-115.05,24,-118.05,25,-118.72
1144,4111.78,6952.50,3.00,0,16,0.09,NLOS,112.67,3.29,-95.75,-67.97,10.59,24.74,0,10,-110.47,15,-112.52,21,-113.34,9,-115.10,24,-118.02,25,-118.68
1145,4118.66,6952.50,3.00,0,16,0.09,NLOS,112.43,3.29,-95.51,-67.72,10.87,24.74,0,10,-110.63,15,-112.49,21,-113.22,9,-115.14,24,-118.00,25,-118.64
1146,4125.53,6952.50,3.00,0,16,0.09,NLOS,112.19,-14.49,-77.48,-49.70,25.21,24.74,0,21,-107.92,10,-108.47,15,-108.69,27,-113.57,9,-114.70,26,-117.75
1147,4132.40,6952.50,3.00,0,16,0.09,NLOS,111.95,-14.49,-77.25,-49.47,25.44,24.74,0,21,-107.79,10,-108.63,15,-108.65,27,-113.50,9,-114.75,26,-117.69
1148,4139.27,6952.50,3.00,0,16,0.10,NLOS,111.73,-14.49,-77.02,-49.24,25.66,24.74,0,21,-107.66,15,-108.62,10,-108.80,27,-113.43,9,-114.80,26,-117.63
1149,4146.15,6952.50,3.00,0,16,0.10,NLOS,111.51,-14.49,-76.80,-49.02,25.87,24.74,0,21,-107.54,15,-108.59,10,-108.96,27,-113.35,9,-114.84,26,-117.57
1150,4147.50,6946.98,3.00,3,16,0.09,NLOS,111.82,-1.91,-89.69,-61.91,9.58,24.74,0,15,-100.60,10,-108.05,21,-109.84,9,-114.97,5,-119.11,25,-119.28
1151,4147.50,6940.11,3.00,3,16,0.09,NLOS,112.25,-1.91,-90.12,-62.34,9.01,24.74,0,15,-100.42,10,-108.00,21,-109.80,9,-114.89,5,-119.12,25,-119.24
1152,4147.50,6933.23,3.00,3,16,0.09,NLOS,112.67,-1.91,-90.54,-62.76,8.44,24.74,0,15,-100.24,10,-107.95,21,-109.77,9,-114.81,5,-119.13,25,-119.21
1153,4147.50,6926.36,3.00,3,16,0.08,NLOS,113.08,-1.91,-90.96,-63.18,7.88,24.74,0,15,-100.06,10,-107.90,21,-109.74,9,-114.73,5,-119.15,25,-119.17
1154,4147.50,6919.49,3.00,3,16,0.08,NLOS,113.49,-1.08,-92.20,-64.41,12.64,24.74,0,15,-107.39,21,-109.91,9,-117.06,8,-118.92,1,-118.99,10,-119.36
1155,4147.50,6912.62,3.00,3,16,0.08,NLOS,113.89,-1.08,-92.59,-64.81,12.13,24.74,0,15,-107.21,21,-109.88,9,-116.98,8,-118.87,1,-118.96,10,-119.31
1156,4147.50,6905.74,3.00,3,16,0.08,NLOS,114.28,-1.08,-92.98,-65.20,11.62,24.74,0,15,-107.02,21,-109.86,9,-116.90,8,-118.82,1,-118.93,10,-119.27
1157,4147.50,6898.87,3.00,3,16,0.07,NLOS,114.66,-1.08,-93.37,-65.59,11.11,24.74,0,15,-106.83,21,-109.83,9,-116.82,8,-118.76,1,-118.90,10,-119.22
1158,4147.50,6892.00,3.00,3,16,0.07,NLOS,115.04,-3.44,-91.37,-63.59,14.23,24.74,0,10,-107.74,5,-112.63,15,-115.11,20,-117.09,4,-118.40,9,-120.19
1159,4147.50,6885.12,3.00,3,16,0.07,NLOS,115.41,-3.44,-91.74,-63.96,13.82,24.74,0,10,-107.70,5,-112.64,15,-114.92,20,-117.02,4,-118.37,9,-120.11
1160,4147.50,6878.25,3.00,3,16,0.07,NLOS,115.77,-3.44,-92.11,-64.32,13.41,24.74,0,10,-107.66,5,-112.66,15,-114.73,20,-116.95,4,-118.34,9,-120.03
1161,4147.50,6871.38,3.00,3,16,0.06,NLOS,116.12,-3.44,-92.46,-64.68,13.01,24.74,0,10,-107.62,5,-112.67,15,-114.53,20,-116.88,4,-118.31,9,-119.95
1162,4147.50,6864.51,3.00,3,16,0.06,NLOS,116.47,4.52,-100.77,-72.99,-1.09,24.74,0,15,-100.34,5,-110.37,10,-116.00,26,-116.81,8,-118.05,4,-118.27
1163,4147.50,6857.63,3.00,3,16,0.06,NLOS,116.82,4.52,-101.11,-73.33,-1.61,24.74,0,15,-100.14,5,-110.39,10,-115.96,26,-116.79,8,-117.99,4,-118.24
1164,4147.50,6850.76,3.00,3,16,0.06,NLOS,117.15,4.52,-101.45,-73.67,-2.12,24.74,0,15,-99.94,5,-110.40,10,-115.93,26,-116.77,8,-117.93,4,-118.21
1165,4147.50,6843.89,3.00,3,16,0.06,NLOS,117.48,4.52,-101.78,-74.00,-2.63,24.74,0,15,-99.73,5,-110.42,10,-115.90,26,-116.75,8,-117.88,9,-118.17
1166,4147.50,6837.02,3.00,3,16,0.06,NLOS,117.81,1.03,-98.62,-70.84,3.24,24.74,0,10,-104.24,15,-108.36,21,-109.60,20,-118.48,14,-119.00,8,-119.86
1167,4147.50,6830.14,3.00,3,16,0.06,NLOS,118.13,1.03,-98.94,-71.16,2.86,24.74,0,10,-104.21,15,-108.15,21,-109.59,20,-118.41,14,-118.91,8,-119.80
1168,4147.50,6823.27,3.00,3,16,0.05,NLOS,118.44,1.03,-99.26,-71.48,2.47,24.74,0,10,-104.18,15,-107.94,21,-109.57,20,-118.35,14,-118.83,8,-119.75
1169,4147.50,6816.40,3.00,3,16,0.05,NLOS,118.75,1.03,-99.57,-71.79,2.10,24.74,0,10,-104.16,15,-107.72,21,-109.56,20,-118.28,14,-118.75,8,-119.69
1170,4147.50,6809.52,3.00,3,15,0.03,NLOS,124.84,-11.57,-93.05,-65.27,7.62,24.74,1,16,-101.22,9,-114.70,21,-115.00,10,-116.44,4,-117.48,27,-120.06
1171,4147.50,6802.65,3.00,3,15,0.04,NLOS,124.62,-11.57,-92.83,-65.05,8.10,24.74,0,16,-101.52,9,-114.62,21,-114.99,10,-116.42,4,-117.45,27,-120.08
1172,4147.50,6795.78,3.00,3,15,0.04,NLOS,124.40,-11.57,-92.61,-64.82,8.57,24.74,0,16,-101.81,9,-114.54,21,-114.97,10,-116.41,4,-117.42,27,-120.10
1173,4147.50,6788.91,3.00,3,15,0.04,NLOS,124.17,-11.57,-92.38,-64.60,9.04,24.74,0,16,-102.10,9,-114.45,21,-114.96,10,-116.39,4,-117.40,27,-120.11
1174,4147.50,6782.03,3.00,3,15,0.04,NLOS,123.94,-5.99,-97.73,-69.95,1.06,24.74,0,10,-99.53,16,-110.36,21,-110.85,14,-116.72,26,-118.91,8,-121.15
1175,4147.50,6775.16,3.00,3,15,0.04,NLOS,123.71,-5.99,-97.50,-69.71,1.30,24.74,0,10,-99.52,16,-110.64,21,-110.85,14,-116.63,26,-118.89,8,-121.09
1176,4147.50,6768.29,3.00,3,15,0.04,NLOS,123.47,-5.99,-97.26,-69.48,1.54,24.74,0,10,-99.51,21,-110.84,16,-110.92,14,-116.55,26,-118.87,8,-121.03
1177,4147.50,6761.42,3.00,3,15,0.04,NLOS,123.23,-5.99,-97.02,-69.24,1.79,24.74,0,10,-99.50,21,-110.83,16,-111.19,14,-116.46,26,-118.85,8,-120.97
1178,4147.50,6754.54,3.00,3,16,0.04,NLOS,121.33,-1.81,-99.30,-71.51,3.63,24.74,1,15,-105.84,10,-109.12,9,-109.74,20,-116.55,5,-121.90,27,-123.26
1179,4147.50,6747.67,3.00,3,16,0.04,NLOS,121.59,-1.81,-99.56,-71.78,3.22,24.74,0,15,-105.60,10,-109.12,9,-109.66,20,-116.48,5,-121.92,27,-123.27
1180,4147.50,6740.80,3.00,3,16,0.04,NLOS,121.85,-1.81,-99.82,-72.04,2.81,24.74,0,15,-105.35,10,-109.11,9,-109.57,20,-116.41,5,-121.94,21,-123.28
1181,4147.50,6733.92,3.00,3,16,0.04,NLOS,122.11,-1.81,-100.08,-72.30,2.40,24.74,0,15,-105.10,10,-109.11,9,-109.49,20,-116.34,5,-121.97,21,-123.28
1182,4147.50,6727.05,3.00,3,15,0.04,NLOS,121.99,-1.30,-100.48,-72.70,0.09,24.74,1,21,-103.32,16,-106.88,9,-109.86,10,-111.43,14,-116.64,13,-122.37
1183,4147.50,6720.18,3.00,3,15,0.04,NLOS,121.73,-1.30,-100.22,-72.44,0.39,24.74,0,21,-103.32,16,-107.13,9,-109.77,10,-111.43,14,-116.55,13,-122.31
1184,4147.50,6713.31,3.00,3,15,0.04,NLOS,121.47,-1.30,-99.96,-72.18,0.70,24.74,0,21,-103.33,16,-107.37,9,-109.68,10,-111.44,14,-116.46,13,-122.26
1185,4147.50,6706.43,3.00,3,15,0.04,NLOS,121.20,-1.30,-99.69,-71.91,1.00,24.74,0,21,-103.33,16,-107.62,9,-109.60,10,-111.44,14,-116.37,13,-122.20
1186,4147.50,6699.56,3.00,3,16,0.04,NLOS,123.34,-4.59,-98.53,-70.75,-0.00,24.74,1,10,-100.79,15,-102.76,14,-110.26,3,-115.49,9,-118.20,20,-118.34
1187,4147.50,6692.69,3.00,3,16,0.04,NLOS,123.58,-4.59,-98.77,-70.99,-0.34,24.74,0,10,-100.80,15,-102.48,14,-110.16,3,-115.45,9,-118.12,20,-118.27
1188,4147.50,6685.82,3.00,3,16,0.04,NLOS,123.81,-4.59,-99.00,-71.22,-0.68,24.74,0,10,-100.81,15,-102.20,14,-110.07,3,-115.41,9,-118.03,20,-118.20
1189,4147.50,6678.94,3.00,3,16,0.04,NLOS,124.04,-4.59,-99.24,-71.45,-1.02,24.74,0,10,-100.83,15,-101.92,14,-109.98,3,-115.37,9,-117.94,20,-118.13
1190,4147.50,6672.07,3.00,3,16,0.04,NLOS,124.27,-0.53,-103.52,-75.74,-5.02,24.74,0,15,-101.36,21,-102.81,10,-108.34,20,-111.87,32,-114.00,14,-115.51
1191,4147.50,6665.20,3.00,3,16,0.04,NLOS,124.50,-0.53,-103.75,-75.97,-5.39,24.74,0,15,-101.07,21,-102.82,10,-108.36,20,-111.80,32,-114.00,14,-115.42
1192,4147.50,6658.32,3.00,3,15,0.05,NLOS,119.22,1.77,-100.77,-72.99,-1.46,24.74,1,21,-102.83,16,-103.97,10,-108.38,20,-111.73,32,-114.00,14,-115.32
1193,4147.50,6651.45,3.00,3,15,0.05,NLOS,118.92,1.77,-100.47,-72.69,-1.08,24.74,0,21,-102.84,16,-104.19,10,-108.40,20,-111.67,32,-114.00,14,-115.23
1194,4150.42,6647.50,3.00,0,15,0.05,NLOS,118.71,-3.61,-94.88,-67.10,3.63,24.74,0,21,-100.30,16,-106.31,9,-108.47,10,-110.95,8,-112.51,4,-115.03
1195,4157.29,6647.50,3.00,0,15,0.05,NLOS,118.62,-3.61,-94.80,-67.01,3.63,24.74,0,21,-100.16,16,-106.27,9,-108.54,10,-111.13,8,-112.53,4,-115.11
1196,4164.17,6647.50,3.00,0,15,0.05,NLOS,118.54,-3.61,-94.72,-66.93,3.63,24.74,0,21,-100.03,16,-106.23,9,-108.62,10,-111.30,8,-112.56,4,-115.18
1197,4171.04,6647.50,3.00,0,15,0.05,NLOS,118.47,-3.61,-94.64,-66.86,3.62,24.74,0,21,-99.89,16,-106.20,9,-108.69,10,-111.47,8,-112.58,4,-115.26
1198,4177.91,6647.50,3.00,0,16,0.03,NLOS,124.90,-7.33,-97.35,-69.57,5.52,24.74,1,15,-105.99,5,-110.27,10,-111.30,21,-113.86,9,-114.34,20,-116.89
1199,4184.78,6647.50,3.00,0,16,0.03,NLOS,124.87,-7.33,-97.32,-69.54,5.54,24.74,0,15,-105.92,5,-110.34,10,-111.47,21,-113.72,9,-114.41,20,-116.81
1200,4191.66,6647.50,3.00,0,16,0.03,NLOS,124.84,-7.33,-97.29,-69.51,5.57,24.74,0,15,-105.86,5,-110.41,10,-111.64,21,-113.57,9,-114.49,20,-116.74
1201,4198.53,6647.50,3.00,0,16,0.03,NLOS,124.82,-7.33,-97.27,-69.49,5.59,24.74,0,15,-105.81,5,-110.48,10,-111.81,21,-113.43,9,-114.56,20,-116.67
1202,4205.40,6647.50,3.00,0,16,0.03,NLOS,124.80,-15.66,-88.92,-61.14,2.05,24.74,0,15,-92.71,21,-95.98,14,-109.61,10,-111.16,20,-114.05,5,-115.91
1203,4212.28,6647.50,3.00,0,16,0.03,NLOS,124.78,-15.66,-88.90,-61.12,2.00,24.74,0,15,-92.67,21,-95.83,14,-109.61,10,-111.32,20,-113.97,5,-115.98
1204,4219.15,6647.50,3.00,0,16,0.03,NLOS,124.77,-15.66,-88.89,-61.10,1.95,24.74,0,15,-92.64,21,-95.69,14,-109.61,10,-111.48,20,-113.90,5,-116.05
1205,4226.02,6647.50,3.00,0,16,0.03,NLOS,124.76,-15.66,-88.87,-61.09,1.90,24.74,0,15,-92.61,21,-95.54,14,-109.61,10,-111.64,20,-113.82,5,-116.12
1206,4232.89,6647.50,3.00,0,16,0.04,NLOS,124.75,1.78,-106.31,-78.53,-2.03,24.74,0,15,-107.10,9,-110.07,21,-113.38,10,-115.83,4,-117.56,26,-118.18
1207,4239.77,6647.50,3.00,0,16,0.04,NLOS,124.74,1.78,-106.31,-78.52,-2.02,24.74,0,15,-107.09,9,-110.14,21,-113.23,10,-115.99,4,-117.63,26,-118.10
1208,4246.64,6647.50,3.00,0,16,0.04,NLOS,124.74,1.78,-106.30,-78.52,-2.01,24.74,0,15,-107.08,9,-110.22,21,-113.07,10,-116.14,4,-117.70,26,-118.03
1209,4253.51,6647.50,3.00,0,16,0.04,NLOS,124.74,1.78,-106.30,-78.52,-2.01,24.74,0,15,-107.08,9,-110.29,21,-112.92,10,-116.30,4,-117.78,26,-117.96
1210,4260.38,6647.50,3.00,0,16,0.04,NLOS,124.74,-1.85,-102.67,-74.89,-2.05,24.74,0,15,-101.14,4,-107.83,21,-112.46,3,-113.17,10,-115.33,20,-118.03
1211,4267.26,6647.50,3.00,0,16,0.04,NLOS,124.75,-1.85,-102.68,-74.90,-2.05,24.74,0,15,-101.15,4,-107.90,21,-112.31,3,-113.22,10,-115.48,20,-117.96
1212,4274.13,6647.50,3.00,0,16,0.03,NLOS,124.76,-1.85,-102.69,-74.91,-2.05,24.74,0,15,-101.17,4,-107.98,21,-112.15,3,-113.27,10,-115.63,20,-117.88
1213,4281.00,6647.50,3.00,0,16,0.03,NLOS,124.77,-1.85,-102.70,-74.92,-2.05,24.74,0,15,-101.20,4,-108.05,21,-111.99,3,-113.31,10,-115.78,20,-117.81
1214,4287.88,6647.50,3.00,0,15,0.05,NLOS,118.14,-0.30,-97.62,-69.84,3.01,24.74,1,21,-103.26,9,-107.26,16,-110.74,20,-112.30,14,-115.33,10,-115.60
1215,4294.75,6647.50,3.00,0,15,0.05,NLOS,118.18,-0.30,-97.66,-69.88,2.90,24.74,0,21,-103.10,9,-107.33,16,-110.75,20,-112.23,14,-115.33,10,-115.74
1216,4301.62,6647.50,3.00,0,15,0.05,NLOS,118.23,-0.30,-97.71,-69.93,2.77,24.74,0,21,-102.94,9,-107.41,16,-110.78,20,-112.15,14,-115.34,10,-115.89
1217,4308.49,6647.50,3.00,0,15,0.05,NLOS,118.28,-0.30,-97.76,-69.98,2.64,24.74,0,21,-102.77,9,-107.48,16,-110.80,20,-112.08,14,-115.34,10,-116.03
1218,4315.37,6647.50,3.00,0,15,0.05,NLOS,118.33,2.45,-100.56,-72.78,1.30,24.74,0,16,-104.54,14,-108.10,9,-112.60,25,-113.11,7,-114.17,20,-114.19
1219,4322.24,6647.50,3.00,0,15,0.05,NLOS,118.40,2.45,-100.62,-72.84,1.25,24.74,0,16,-104.57,14,-108.10,9,-112.67,25,-113.06,20,-114.11,7,-114.19
1220,4329.11,6647.50,3.00,0,15,0.05,NLOS,118.47,2.45,-100.69,-72.91,1.19,24.74,0,16,-104.60,14,-108.11,9,-112.75,25,-113.01,20,-114.04,7,-114.20
1221,4335.98,6647.50,3.00,0,15,0.05,NLOS,118.54,2.45,-100.77,-72.99,1.13,24.74,0,16,-104.64,14,-108.12,9,-112.82,25,-112.97,20,-113.97,7,-114.22
1222,4342.86,6647.50,3.00,0,15,0.05,NLOS,118.62,0.13,-98.53,-70.75,0.55,24.74,0,21,-102.74,20,-104.68,16,-107.02,9,-108.97,10,-114.94,32,-120.44
1223,4345.27,6647.50,3.00,2,15,0.05,NLOS,118.65,0.13,-98.56,-70.78,0.49,24.74,0,21,-102.68,20,-104.65,16,-107.03,9,-108.99,10,-114.99,32,-120.42
1224,4338.40,6647.50,3.00,2,15,0.05,NLOS,118.57,0.13,-98.48,-70.70,0.65,24.74,0,21,-102.85,20,-104.72,16,-106.99,9,-108.92,10,-114.85,32,-120.48
1225,4331.52,6647.50,3.00,2,15,0.05,NLOS,118.49,0.13,-98.40,-70.62,0.80,24.74,0,21,-103.02,20,-104.80,16,-106.96,9,-108.85,10,-114.72,32,-120.53
1226,4324.65,6647.50,3.00,2,15,0.05,NLOS,118.42,0.13,-98.33,-70.55,0.95,24.74,0,21,-103.20,20,-104.87,16,-106.92,9,-108.77,10,-114.58,32,-120.58
1227,4317.78,6647.50,3.00,2,15,0.05,NLOS,118.36,1.71,-99.85,-72.07,-0.93,24.74,0,10,-99.59,16,-110.18,20,-112.85,26,-116.57,21,-117.07,4,-118.03
1228,4310.91,6647.50,3.00,2,15,0.05,NLOS,118.30,1.71,-99.79,-72.01,-0.99,24.74,0,10,-99.45,16,-110.15,20,-112.93,26,-116.65,21,-117.24,4,-117.96
1229,4304.03,6647.50,3.00,2,15,0.05,NLOS,118.24,1.71,-99.74,-71.95,-1.06,24.74,0,10,-99.31,16,-110.13,20,-113.00,26,-116.72,21,-117.40,4,-117.89
1230,4297.16,6647.50,3.00,2,15,0.05,NLOS,118.20,1.71,-99.69,-71.91,-1.13,24.74,0,10,-99.16,16,-110.11,20,-113.07,26,-116.80,21,-117.57,4,-117.82
1231,4290.29,6647.50,3.00,2,15,0.05,NLOS,118.15,2.27,-100.21,-72.43,1.13,24.74,0,16,-102.93,20,-108.76,21,-114.37,5,-116.11,10,-116.78,9,-118.17
1232,4283.42,6647.50,3.00,2,15,0.06,NLOS,118.12,2.27,-100.17,-72.39,1.16,24.74,0,16,-102.91,20,-108.83,21,-114.54,5,-116.04,10,-116.63,9,-118.09
1233,4276.54,6647.50,3.00,2,15,0.06,NLOS,118.09,2.27,-100.14,-72.36,1.20,24.74,0,16,-102.90,20,-108.91,21,-114.70,5,-115.97,10,-116.48,9,-118.02
1234,4269.67,6647.50,3.00,2,15,0.06,NLOS,118.07,2.27,-100.12,-72.34,1.23,24.74,0,16,-102.89,20,-108.98,21,-114.85,5,-115.90,10,-116.33,9,-117.94
1235,4262.80,6647.50,3.00,2,15,0.06,NLOS,118.05,5.21,-103.04,-75.26,-2.44,24.74,0,14,-101.12,27,-105.39,16,-114.02,25,-114.02,9,-114.82,4,-115.29
1236,4255.92,6647.50,3.00,2,15,0.06,NLOS,118.04,5.21,-103.03,-75.25,-2.44,24.74,0,14,-101.12,27,-105.46,16,-114.02,25,-114.07,9,-114.75,4,-115.22
1237,4249.05,6647.50,3.00,2,15,0.06,NLOS,118.04,5.21,-103.03,-75.25,-2.44,24.74,0,14,-101.11,27,-105.53,16,-114.02,25,-114.12,9,-114.68,4,-115.14
1238,4242.18,6647.50,3.00,2,15,0.06,NLOS,118.05,5.21,-103.03,-75.25,-2.45,24.74,0,14,-101.12,27,-105.60,16,-114.02,25,-114.16,9,-114.60,4,-115.07
1239,4235.31,6647.50,3.00,2,15,0.06,NLOS,118.06,7.53,-105.37,-77.59,-0.14,24.74,0,10,-108.38,16,-111.86,21,-115.09,27,-115.21,14,-115.52,9,-116.72
1240,4228.43,6647.50,3.00,2,15,0.06,NLOS,118.07,7.53,-105.39,-77.60,-0.22,24.74,0,10,-108.22,16,-111.87,21,-115.24,27,-115.28,14,-115.52,9,-116.65
1241,4221.56,6647.50,3.00,2,15,0.06,NLOS,118.10,7.53,-105.41,-77.63,-0.31,24.74,0,10,-108.06,16,-111.88,27,-115.35,21,-115.39,14,-115.52,9,-116.57
1242,4214.69,6647.50,3.00,2,15,0.06,NLOS,118.13,7.53,-105.44,-77.66,-0.41,24.74,0,10,-107.90,16,-111.90,27,-115.42,14,-115.52,21,-115.53,9,-116.50
1243,4207.82,6647.50,3.00,2,15,0.05,NLOS,118.16,-1.80,-96.15,-68.36,0.93,24.74,0,10,-98.17,16,-105.84,14,-110.94,9,-111.94,21,-116.53,32,-116.87
1244,4200.94,6647.50,3.00,2,15,0.05,NLOS,118.21,-1.80,-96.19,-68.41,0.76,24.74,0,10,-98.01,16,-105.86,14,-110.94,9,-111.86,21,-116.68,32,-116.92
1245,4194.07,6647.50,3.00,2,15,0.05,NLOS,118.26,-1.80,-96.24,-68.46,0.59,24.74,0,10,-97.85,16,-105.88,14,-110.95,9,-111.79,21,-116.82,32,-116.97
1246,4187.20,6647.50,3.00,2,15,0.05,NLOS,118.31,-1.80,-96.29,-68.51,0.40,24.74,0,10,-97.68,16,-105.91,14,-110.95,9,-111.72,21,-116.96,32,-117.02
1247,4180.32,6647.50,3.00,2,15,0.05,NLOS,118.37,-6.84,-91.32,-63.54,14.11,24.74,0,16,-109.30,21,-110.36,20,-115.18,4,-116.08,10,-116.13,26,-116.90
1248,4173.45,6647.50,3.00,2,15,0.05,NLOS,118.44,-6.84,-91.39,-63.60,14.09,24.74,0,16,-109.33,21,-110.50,20,-115.25,10,-115.96,4,-116.00,26,-116.97
1249,4166.58,6647.50,3.00,2,15,0.05,NLOS,118.51,-6.84,-91.46,-63.68,14.07,24.74,0,16,-109.37,21,-110.64,20,-115.33,10,-115.79,4,-115.92,26,-117.04
1250,4159.71,6647.50,3.00,2,15,0.05,NLOS,118.59,-6.84,-91.54,-63.75,14.04,24.74,0,16,-109.40,21,-110.78,20,-115.40,10,-115.61,4,-115.85,26,-117.11
1251,4152.83,6647.50,3.00,2,15,0.05,NLOS,118.67,-6.26,-92.19,-64.41,8.69,24.74,0,16,-103.15,9,-107.12,10,-110.64,21,-116.68,27,-117.05,20,-118.99
1252,4145.96,6647.50,3.00,2,15,0.05,NLOS,118.76,-6.26,-92.28,-64.50,8.60,24.74,0,16,-103.19,9,-107.04,10,-110.46,21,-116.82,27,-117.12,3,-119.03
1253,4139.09,6647.50,3.00,2,15,0.05,NLOS,118.86,-6.26,-92.38,-64.60,8.50,24.74,0,16,-103.24,9,-106.97,10,-110.28,21,-116.95,27,-117.18,3,-118.99
1254,4132.21,6647.50,3.00,2,15,0.05,NLOS,118.96,-6.26,-92.48,-64.69,8.39,24.74,0,16,-103.28,9,-106.90,10,-110.10,21,-117.09,27,-117.25,3,-118.94
1255,4125.34,6647.50,3.00,2,15,0.05,NLOS,119.06,2.45,-101.29,-73.51,2.45,24.74,0,16,-106.06,21,-108.92,26,-114.24,4,-115.85,9,-116.35,10,-118.18
1256,4118.47,6647.50,3.00,2,15,0.05,NLOS,119.17,2.45,-101.40,-73.62,2.41,24.74,0,16,-106.11,21,-109.06,26,-114.31,4,-115.77,9,-116.28,10,-118.00
1257,4111.60,6647.50,3.00,2,15,0.05,NLOS,119.28,2.45,-101.51,-73.73,2.35,24.74,0,16,-106.16,21,-109.19,26,-114.38,4,-115.69,9,-116.21,10,-117.81
1258,4104.72,6647.50,3.00,2,15,0.05,NLOS,119.40,2.45,-101.63,-73.84,2.30,24.74,0,16,-106.22,21,-109.32,26,-114.44,4,-115.61,9,-116.13,10,-117.62
1259,4097.85,6647.50,3.00,2,15,0.05,NLOS,119.52,-7.33,-91.97,-64.19,10.10,24.74,0,16,-105.88,21,-108.74,14,-108.91,10,-114.07,20,-114.91,9,-116.37
1260,4090.98,6647.50,3.00,2,15,0.05,NLOS,119.64,-7.33,-92.10,-64.31,10.02,24.74,0,16,-105.94,21,-108.87,14,-108.92,10,-113.88,20,-114.98,9,-116.30
1261,4084.11,6647.50,3.00,2,15,0.05,NLOS,119.77,-7.33,-92.22,-64.44,9.94,24.74,0,16,-106.01,14,-108.94,21,-109.00,10,-113.69,20,-115.06,9,-116.23
1262,4077.23,6647.50,3.00,2,15,0.05,NLOS,119.90,-7.33,-92.35,-64.57,9.85,24.74,0,16,-106.07,14,-108.95,21,-109.12,10,-113.49,20,-115.13,9,-116.16
1263,4070.36,6647.50,3.00,2,15,0.05,NLOS,120.03,-6.77,-93.05,-65.27,4.79,24.74,0,16,-98.34,10,-108.85,5,-113.45,14,-116.33,19,-116.64,21,-118.91
1264,4063.49,6647.50,3.00,2,15,0.05,NLOS,120.17,-6.77,-93.18,-65.40,4.70,24.74,0,16,-98.41,10,-108.65,5,-113.37,14,-116.34,19,-116.67,21,-119.03
1265,4056.61,6647.50,3.00,2,15,0.05,NLOS,120.31,-6.77,-93.32,-65.54,4.61,24.74,0,16,-98.48,10,-108.45,5,-113.29,14,-116.36,19,-116.70,21,-119.16
1266,4049.74,6647.50,3.00,2,15,0.05,NLOS,120.46,-6.77,-93.47,-65.69,4.51,24.74,0,16,-98.56,10,-108.24,5,-113.21,14,-116.37,19,-116.73,21,-119.28
1267,4042.87,6647.50,3.00,2,16,0.03,NLOS,126.00,-10.63,-95.15,-67.37,1.21,24.74,1,15,-99.32,10,-101.20,9,-106.46,5,-108.94,20,-110.17,3,-111.02
1268,4036.00,6647.50,3.00,2,16,0.03,NLOS,126.07,-10.63,-95.23,-67.45,1.13,24.74,0,15,-99.47,10,-100.99,9,-106.39,5,-108.86,20,-110.24,3,-110.97
1269,4029.12,6647.50,3.00,2,16,0.03,NLOS,126.16,-10.63,-95.31,-67.53,1.03,24.74,0,15,-99.62,10,-100.78,9,-106.32,5,-108.78,20,-110.31,3,-110.92
1270,4022.25,6647.50,3.00,2,16,0.03,NLOS,126.24,-10.63,-95.39,-67.61,0.93,24.74,0,15,-99.77,10,-100.56,9,-106.25,5,-108.71,20,-110.39,3,-110.87
1271,4015.38,6647.50,3.00,2,15,0.04,NLOS,121.20,-9.43,-91.55,-63.77,10.13,24.74,1,16,-102.68,10,-110.14,5,-114.72,26,-115.15,20,-118.25,8,-119.24
1272,4008.51,6647.50,3.00,2,15,0.04,NLOS,121.36,-9.43,-91.71,-63.93,10.02,24.74,0,16,-102.76,10,-109.92,5,-114.64,26,-115.21,20,-118.33,8,-119.22
1273,4001.63,6647.50,3.00,2,15,0.04,NLOS,121.52,-9.43,-91.86,-64.08,9.89,24.74,0,16,-102.85,10,-109.70,5,-114.56,26,-115.28,20,-118.40,8,-119.20
1274,3994.76,6647.50,3.00,2,15,0.04,NLOS,121.67,-9.43,-92.02,-64.24,9.77,24.74,0,16,-102.94,10,-109.47,5,-114.48,26,-115.34,20,-118.47,8,-119.18
1275,3987.89,6647.50,3.00,2,15,0.04,NLOS,121.83,4.98,-106.60,-78.82,-2.71,24.74,0,10,-107.10,16,-109.18,9,-113.77,20,-116.34,21,-116.73,5,-121.14
1276,3981.01,6647.50,3.00,2,15,0.04,NLOS,122.00,4.98,-106.76,-78.98,-2.96,24.74,0,10,-106.87,16,-109.28,9,-113.70,20,-116.42,21,-116.84,5,-121.06
1277,3974.14,6647.50,3.00,2,15,0.04,NLOS,122.16,4.98,-106.92,-79.14,-3.21,24.74,0,10,-106.63,16,-109.37,9,-113.64,20,-116.49,21,-116.95,5,-120.98
1278,3967.27,6647.50,3.00,2,15,0.04,NLOS,122.32,4.98,-107.08,-79.30,-3.47,24.74,0,10,-106.39,16,-109.46,9,-113.57,20,-116.56,21,-117.07,5,-120.90
1279,3960.40,6647.50,3.00,2,15,0.04,NLOS,122.48,-12.44,-89.83,-62.04,8.40,24.74,0,16,-101.06,10,-102.04,20,-112.38,9,-116.10,26,-117.17,14,-120.70
1280,3953.52,6647.50,3.00,2,15,0.04,NLOS,122.65,-12.44,-89.99,-62.21,8.18,24.74,0,16,-101.16,10,-101.79,20,-112.46,9,-116.03,26,-117.23,14,-120.72
1281,3946.65,6647.50,3.00,2,15,0.04,NLOS,122.81,-12.44,-90.16,-62.37,7.95,24.74,0,16,-101.26,10,-101.54,20,-112.53,9,-115.97,26,-117.30,14,-120.74
1282,3939.78,6647.50,3.00,2,15,0.04,NLOS,122.98,-12.44,-90.32,-62.54,7.72,24.74,0,10,-101.29,16,-101.36,20,-112.60,9,-115.90,26,-117.36,14,-120.77
1283,3932.91,6647.50,3.00,2,15,0.04,NLOS,123.15,-5.62,-97.31,-69.53,4.15,24.74,0,10,-104.77,9,-105.42,20,-112.87,3,-116.26,21,-116.96,12,-117.08
1284,3926.03,6647.50,3.00,2,15,0.04,NLOS,123.31,-5.62,-97.48,-69.70,3.84,24.74,0,10,-104.51,9,-105.36,20,-112.94,3,-116.21,21,-117.06,12,-117.08
1285,3919.16,6647.50,3.00,2,15,0.04,NLOS,123.48,-5.62,-97.65,-69.86,3.53,24.74,0,10,-104.24,9,-105.29,20,-113.01,3,-116.16,12,-117.09,21,-117.17
1286,3912.29,6647.50,3.00,2,15,0.04,NLOS,123.65,-5.62,-97.81,-70.03,3.22,24.74,0,10,-103.98,9,-105.23,20,-113.08,3,-116.11,12,-117.09,21,-117.28
1287,3905.41,6647.50,3.00,2,10,0.04,NLOS,120.96,2.53,-103.28,-75.50,1.25,24.74,1,21,-108.56,15,-109.27,20,-111.40,9,-113.61,5,-114.84,26,-117.01
1288,3898.54,6647.50,3.00,2,10,0.05,NLOS,120.69,2.53,-103.00,-75.22,1.61,24.74,0,21,-108.66,15,-109.43,20,-111.48,9,-113.54,5,-114.76,26,-117.07
1289,3891.67,6647.50,3.00,2,10,0.05,NLOS,120.40,2.53,-102.72,-74.94,1.97,24.74,0,21,-108.77,15,-109.60,20,-111.55,9,-113.48,5,-114.67,26,-117.13
1290,3884.80,6647.50,3.00,2,10,0.05,NLOS,120.12,2.53,-102.43,-74.65,2.34,24.74,0,21,-108.87,15,-109.77,20,-111.62,9,-113.43,5,-114.59,26,-117.20
1291,3877.92,6647.50,3.00,2,10,0.05,NLOS,119.83,-14.90,-84.70,-56.92,14.88,24.74,0,16,-102.91,15,-105.23,9,-106.86,4,-113.31,21,-117.26,5,-118.93
1292,3871.05,6647.50,3.00,2,10,0.05,NLOS,119.53,-14.90,-84.41,-56.63,15.25,24.74,0,16,-103.02,15,-105.39,9,-106.80,4,-113.21,21,-117.36,5,-118.85
1293,3864.18,6647.50,3.00,2,10,0.05,NLOS,119.23,-14.90,-84.11,-56.33,15.63,24.74,0,16,-103.12,15,-105.56,9,-106.74,4,-113.12,21,-117.46,5,-118.76
1294,3857.31,6647.50,3.00,2,10,0.05,NLOS,118.93,-14.90,-83.80,-56.02,16.01,24.74,0,16,-103.23,15,-105.73,9,-106.68,4,-113.02,21,-117.57,5,-118.67
1295,3850.43,6647.50,3.00,2,10,0.05,NLOS,118.62,-3.96,-94.44,-66.66,4.65,24.74,0,21,-100.10,15,-108.43,9,-114.28,3,-114.52,26,-114.68,16,-114.93
1296,3843.56,6647.50,3.00,2,10,0.05,NLOS,118.30,-3.96,-94.12,-66.34,5.06,24.74,0,21,-100.20,15,-108.60,9,-114.23,3,-114.48,26,-114.73,4,-115.04
1297,3836.69,6647.50,3.00,2,10,0.06,NLOS,117.98,-3.96,-93.80,-66.02,5.48,24.74,0,21,-100.30,15,-108.76,9,-114.17,3,-114.43,26,-114.79,4,-114.94
1298,3829.81,6647.50,3.00,2,10,0.06,NLOS,117.65,-3.96,-93.47,-65.69,5.90,24.74,0,21,-100.40,15,-108.93,9,-114.12,3,-114.38,4,-114.85,26,-114.85
1299,3822.94,6647.50,3.00,2,10,0.06,NLOS,117.32,7.30,-104.40,-76.62,0.35,24.74,0,15,-107.17,16,-110.89,4,-114.22,14,-116.92,8,-119.35,21,-119.48
1300,3816.07,6647.50,3.00,2,10,0.06,NLOS,116.98,7.30,-104.06,-76.28,0.80,24.74,0,15,-107.34,16,-111.00,4,-114.12,14,-116.95,8,-119.33,21,-119.58
1301,3809.20,6647.50,3.00,2,10,0.06,NLOS,116.63,7.30,-103.72,-75.94,1.25,24.74,0,15,-107.50,16,-111.11,4,-114.02,14,-116.98,8,-119.32,21,-119.68
1302,3802.32,6647.50,3.00,2,10,0.06,NLOS,116.28,7.30,-103.36,-75.58,1.71,24.74,0,15,-107.66,16,-111.22,4,-113.92,14,-117.01,8,-119.31,21,-119.78
1303,3795.45,6647.50,3.00,2,10,0.07,NLOS,115.92,1.09,-96.79,-69.01,10.43,24.74,0,5,-112.07,9,-113.31,15,-114.76,21,-116.86,20,-118.08,3,-118.23
1304,3788.58,6647.50,3.00,2,10,0.07,NLOS,115.55,1.09,-96.42,-68.64,10.79,24.74,0,5,-111.98,9,-113.26,15,-114.92,21,-116.95,20,-118.15,3,-118.19
1305,3781.71,6647.50,3.00,2,10,0.07,NLOS,115.18,1.09,-96.05,-68.27,11.16,24.74,0,5,-111.89,9,-113.21,15,-115.08,21,-117.05,3,-118.14,20,-118.22
1306,3774.83,6647.50,3.00,2,10,0.07,NLOS,114.80,1.09,-95.67,-67.89,11.53,24.74,0,5,-111.80,9,-113.16,15,-115.24,21,-117.14,3,-118.09,20,-118.28
1307,3767.96,6647.50,3.00,2,10,0.07,NLOS,114.41,-5.98,-88.21,-60.43,10.79,24.74,0,16,-100.18,15,-106.16,9,-116.29,5,-117.46,14,-118.22,3,-120.65
1308,3761.09,6647.50,3.00,2,10,0.08,NLOS,114.01,-5.98,-87.81,-60.03,11.30,24.74,0,16,-100.29,15,-106.31,9,-116.24,5,-117.37,14,-118.25,3,-120.60
1309,3754.21,6647.50,3.00,2,10,0.08,NLOS,113.60,-5.98,-87.41,-59.63,11.82,24.74,0,16,-100.40,15,-106.47,9,-116.20,5,-117.28,14,-118.29,3,-120.55
1310,3747.66,6647.50,3.00,0,10,0.08,NLOS,113.21,-5.98,-87.01,-59.23,12.33,24.74,0,16,-100.51,15,-106.62,9,-116.16,5,-117.19,14,-118.32,3,-120.51
1311,3754.53,6647.50,3.00,0,10,0.08,NLOS,113.62,-12.69,-80.72,-52.93,13.07,24.74,0,15,-94.09,9,-107.34,16,-113.32,3,-117.59,5,-117.70,21,-118.51
1312,3761.40,6647.50,3.00,0,10,0.08,NLOS,114.03,-12.69,-81.12,-53.34,12.52,24.74,0,15,-93.93,9,-107.39,16,-113.21,3,-117.64,5,-117.79,21,-118.42
1313,3768.28,6647.50,3.00,0,10,0.07,NLOS,114.42,-12.69,-81.52,-53.74,11.97,24.74,0,15,-93.77,9,-107.43,16,-113.10,3,-117.69,5,-117.88,21,-118.33
1314,3775.15,6647.50,3.00,0,10,0.07,NLOS,114.81,-12.69,-81.91,-54.13,11.44,24.74,0,15,-93.61,9,-107.48,16,-112.99,3,-117.73,5,-117.98,21,-118.23
1315,3782.02,6647.50,3.00,0,10,0.07,NLOS,115.20,-10.16,-84.81,-57.03,13.24,24.74,0,15,-99.54,16,-106.96,9,-108.92,21,-111.88,4,-115.30,27,-115.84
1316,3788.89,6647.50,3.00,0,10,0.07,NLOS,115.57,-10.16,-85.19,-57.40,12.74,24.74,0,15,-99.38,16,-106.85,9,-108.96,21,-111.79,4,-115.40,27,-115.79
1317,3795.77,6647.50,3.00,0,10,0.07,NLOS,115.94,-10.16,-85.55,-57.77,12.25,24.74,0,15,-99.22,16,-106.74,9,-109.01,21,-111.69,4,-115.50,27,-115.73
1318,3802.64,6647.50,3.00,0,10,0.06,NLOS,116.29,-10.16,-85.91,-58.13,11.76,24.74,0,15,-99.05,16,-106.63,9,-109.06,21,-111.59,4,-115.60,27,-115.67
1319,3809.51,6647.50,3.00,0,10,0.06,NLOS,116.65,9.02,-105.45,-77.67,2.56,24.74,0,15,-110.07,9,-117.82,16,-118.42,4,-119.97,5,-120.34,8,-121.50
1320,3816.39,6647.50,3.00,0,10,0.06,NLOS,116.99,9.02,-105.79,-78.01,2.11,24.74,0,15,-109.91,9,-117.87,16,-118.31,4,-120.07,5,-120.43,8,-121.51
1321,3823.26,6647.50,3.00,0,10,0.06,NLOS,117.33,9.02,-106.13,-78.35,1.67,24.74,0,15,-109.74,9,-117.93,16,-118.20,4,-120.16,5,-120.52,8,-121.53
1322,3830.13,6647.50,3.00,0,10,0.06,NLOS,117.67,9.02,-106.47,-78.69,1.24,24.74,0,15,-109.58,9,-117.98,16,-118.09,4,-120.26,5,-120.61,8,-121.54
1323,3837.00,6647.50,3.00,0,10,0.06,NLOS,117.99,5.33,-103.10,-75.32,1.98,24.74,0,15,-108.26,9,-109.38,8,-113.59,14,-116.14,16,-117.27,18,-117.37
1324,3843.88,6647.50,3.00,0,10,0.05,NLOS,118.31,5.33,-103.42,-75.64,1.60,24.74,0,15,-108.10,9,-109.43,8,-113.60,14,-116.11,16,-117.16,18,-117.35
1325,3850.75,6647.50,3.00,0,10,0.05,NLOS,118.63,5.33,-103.74,-75.96,1.22,24.74,0,15,-107.93,9,-109.49,8,-113.62,14,-116.08,16,-117.05,18,-117.33
1326,3857.62,6647.50,3.00,0,10,0.05,NLOS,118.94,5.33,-104.05,-76.27,0.84,24.74,0,15,-107.77,9,-109.54,8,-113.63,14,-116.05,16,-116.94,18,-117.31
1327,3864.49,6647.50,3.00,0,10,0.05,NLOS,119.25,-13.20,-85.83,-58.05,19.34,24.74,0,16,-106.44,9,-115.59,21,-117.97,4,-118.18,15,-119.51,20,-120.36
1328,3871.37,6647.50,3.00,0,10,0.05,NLOS,119.55,-13.20,-86.13,-58.35,18.96,24.74,0,16,-106.34,9,-115.65,21,-117.87,4,-118.27,15,-119.35,20,-120.29
1329,3878.24,6647.50,3.00,0,10,0.05,NLOS,119.84,-13.20,-86.42,-58.64,18.58,24.74,0,16,-106.23,9,-115.70,21,-117.76,4,-118.37,15,-119.18,20,-120.22
1330,3885.11,6647.50,3.00,0,10,0.05,NLOS,120.13,-13.20,-86.71,-58.93,18.21,24.74,0,16,-106.12,9,-115.76,21,-117.66,4,-118.46,15,-119.01,20,-120.15
1331,3891.99,6647.50,3.00,0,10,0.05,NLOS,120.42,0.86,-101.06,-73.27,-4.93,24.74,0,15,-98.99,16,-100.74,21,-108.18,5,-109.43,20,-111.30,4,-113.17
1332,3898.86,6647.50,3.00,0,10,0.05,NLOS,120.70,0.86,-101.34,-73.56,-5.34,24.74,0,15,-98.82,16,-100.63,21,-108.08,5,-109.51,20,-111.22,4,-113.27
1333,3905.73,6647.50,3.00,0,10,0.04,NLOS,120.98,0.86,-101.61,-73.83,-5.74,24.74,0,15,-98.66,16,-100.53,21,-107.97,5,-109.60,20,-111.15,4,-113.36
1334,3912.60,6647.50,3.00,0,15,0.04,NLOS,123.64,-4.93,-98.49,-70.71,-1.12,24.74,1,16,-100.43,10,-101.89,21,-107.87,5,-109.68,20,-111.08,4,-113.45
1335,3919.48,6647.50,3.00,0,10,0.04,NLOS,121.52,-6.19,-95.11,-67.32,4.85,24.74,1,15,-101.25,16,-107.38,14,-109.10,5,-114.35,9,-116.28,25,-118.16
1336,3926.35,6647.50,3.00,0,10,0.04,NLOS,121.78,-6.19,-95.37,-67.59,4.44,24.74,0,15,-101.08,16,-107.28,14,-109.08,5,-114.43,9,-116.34,25,-118.12
1337,3933.22,6647.50,3.00,0,10,0.04,NLOS,122.04,-6.19,-95.63,-67.85,4.04,24.74,0,15,-100.92,16,-107.18,14,-109.05,5,-114.51,9,-116.40,25,-118.08
1338,3940.10,6647.50,3.00,0,10,0.04,NLOS,122.30,-6.19,-95.89,-68.11,3.65,24.74,0,15,-100.75,16,-107.08,14,-109.03,5,-114.60,9,-116.47,25,-118.03
1339,3946.97,6647.50,3.00,0,10,0.04,NLOS,122.55,-7.94,-94.40,-66.61,7.56,24.74,0,9,-105.94,16,-107.25,15,-107.91,20,-113.03,14,-114.08,27,-115.93
1340,3941.16,6647.50,3.00,2,10,0.04,NLOS,122.34,-7.94,-94.18,-66.40,7.81,24.74,0,9,-105.88,16,-107.33,15,-108.05,20,-113.09,14,-114.10,27,-115.98
1341,3934.29,6647.50,3.00,2,10,0.04,NLOS,122.08,-7.94,-93.93,-66.14,8.11,24.74,0,9,-105.82,16,-107.43,15,-108.22,20,-113.16,14,-114.12,27,-116.04
1342,3927.41,6647.50,3.00,2,10,0.04,NLOS,121.82,-7.94,-93.67,-65.88,8.41,24.74,0,9,-105.76,16,-107.53,15,-108.39,20,-113.23,14,-114.15,27,-116.10
1343,3920.54,6647.50,3.00,2,16,0.03,NLOS,127.62,-14.02,-93.38,-65.60,1.11,24.74,1,15,-94.78,9,-109.69,10,-110.98,5,-116.96,3,-117.94,21,-118.15
1344,3913.67,6647.50,3.00,2,16,0.03,NLOS,127.72,-14.02,-93.48,-65.70,1.16,24.74,0,15,-94.95,9,-109.63,10,-110.71,5,-116.87,3,-117.89,21,-118.25
1345,3906.80,6647.50,3.00,2,16,0.03,NLOS,127.83,-14.02,-93.58,-65.80,1.20,24.74,0,15,-95.11,9,-109.57,10,-110.44,5,-116.79,3,-117.84,21,-118.36
1346,3899.92,6647.50,3.00,2,16,0.03,NLOS,127.93,-14.02,-93.69,-65.91,1.24,24.74,0,15,-95.28,9,-109.51,10,-110.16,5,-116.71,3,-117.79,21,-118.46
1347,3893.05,6647.50,3.00,2,10,0.05,NLOS,120.46,-5.07,-95.17,-67.39,0.69,24.74,1,9,-96.24,14,-105.94,16,-110.02,5,-112.46,15,-113.53,30,-119.66
1348,3886.18,6647.50,3.00,2,10,0.05,NLOS,120.18,-5.07,-94.89,-67.10,0.93,24.74,0,9,-96.18,14,-105.97,16,-110.12,5,-112.37,15,-113.70,30,-119.69
1349,3879.30,6647.50,3.00,2,10,0.05,NLOS,119.89,-5.07,-94.60,-66.81,1.17,24.74,0,9,-96.12,14,-106.00,16,-110.23,5,-112.29,15,-113.87,30,-119.72
1350,3872.43,6647.50,3.00,2,10,0.05,NLOS,119.59,-5.07,-94.30,-66.52,1.41,24.74,0,9,-96.06,14,-106.02,16,-110.33,5,-112.20,15,-114.03,30,-119.75
1351,3865.56,6647.50,3.00,2,10,0.05,NLOS,119.29,2.26,-101.33,-73.55,-0.86,24.74,0,16,-102.03,15,-108.10,21,-112.61,5,-116.98,9,-117.38,4,-117.46
1352,3858.69,6647.50,3.00,2,10,0.05,NLOS,118.99,2.26,-101.03,-73.24,-0.45,24.74,0,16,-102.14,15,-108.27,21,-112.71,5,-116.89,9,-117.33,4,-117.36
1353,3851.81,6647.50,3.00,2,10,0.05,NLOS,118.68,2.26,-100.72,-72.93,-0.04,24.74,0,16,-102.24,15,-108.43,21,-112.82,5,-116.80,4,-117.27,9,-117.27
1354,3844.94,6647.50,3.00,2,10,0.05,NLOS,118.36,2.26,-100.40,-72.62,0.38,24.74,0,16,-102.35,15,-108.60,21,-112.92,5,-116.72,4,-117.17,9,-117.22
1355,3838.07,6647.50,3.00,2,10,0.06,NLOS,118.04,-7.53,-90.29,-62.51,10.95,24.74,0,16,-104.68,15,-105.45,21,-110.72,26,-112.42,14,-116.21,4,-116.87
1356,3831.20,6647.50,3.00,2,10,0.06,NLOS,117.72,-7.53,-89.97,-62.19,11.40,24.74,0,16,-104.79,15,-105.62,21,-110.82,26,-112.48,14,-116.24,4,-116.78
1357,3824.32,6647.50,3.00,2,10,0.06,NLOS,117.38,-7.53,-89.63,-61.85,11.85,24.74,0,16,-104.90,15,-105.78,21,-110.92,26,-112.54,14,-116.27,4,-116.68
1358,3817.45,6647.50,3.00,2,10,0.06,NLOS,117.05,-7.53,-89.30,-61.51,12.31,24.74,0,16,-105.01,15,-105.94,21,-111.02,26,-112.60,14,-116.30,4,-116.58
1359,3810.58,6647.50,3.00,2,10,0.06,NLOS,116.70,2.32,-98.80,-71.02,6.56,24.74,0,21,-109.54,16,-110.93,15,-113.30,20,-116.24,5,-117.31,9,-118.01
1360,3803.70,6647.50,3.00,2,10,0.06,NLOS,116.35,2.32,-98.45,-70.67,6.99,24.74,0,21,-109.64,16,-111.05,15,-113.46,20,-116.31,5,-117.22,9,-117.96
1361,3796.83,6647.50,3.00,2,10,0.07,NLOS,115.99,2.32,-98.09,-70.31,7.43,24.74,0,21,-109.74,16,-111.16,15,-113.62,20,-116.38,5,-117.13,9,-117.91
1362,3789.96,6647.50,3.00,2,10,0.07,NLOS,115.63,2.32,-97.73,-69.94,7.87,24.74,0,21,-109.83,16,-111.27,15,-113.78,20,-116.45,5,-117.04,9,-117.86
1363,3783.09,6647.50,3.00,2,10,0.07,NLOS,115.25,0.44,-95.47,-67.69,5.07,24.74,0,15,-104.54,16,-104.58,4,-109.73,9,-112.58,14,-115.23,3,-117.17
1364,3776.21,6647.50,3.00,2,10,0.07,NLOS,114.87,0.44,-95.09,-67.31,5.55,24.74,0,16,-104.70,15,-104.70,4,-109.63,9,-112.53,14,-115.26,3,-117.12
1365,3769.34,6647.50,3.00,2,10,0.07,NLOS,114.49,0.44,-94.71,-66.92,6.03,24.74,0,16,-104.81,15,-104.86,4,-109.53,9,-112.49,14,-115.29,3,-117.08
1366,3762.47,6647.50,3.00,2,10,0.08,NLOS,114.09,0.44,-94.31,-66.53,6.51,24.74,0,16,-104.92,15,-105.02,4,-109.43,9,-112.44,14,-115.33,3,-117.03
1367,3755.60,6647.50,3.00,2,10,0.08,NLOS,113.69,1.84,-95.30,-67.52,4.58,24.74,0,15,-102.76,16,-106.28,21,-108.65,5,-111.83,9,-115.50,4,-115.92
1368,3748.72,6647.50,3.00,2,10,0.08,NLOS,113.27,1.84,-94.89,-67.11,5.11,24.74,0,15,-102.92,16,-106.39,21,-108.74,5,-111.74,9,-115.46,4,-115.82
1369,3747.50,6641.85,3.00,3,10,0.08,NLOS,113.32,1.84,-94.94,-67.16,5.05,24.74,0,15,-102.86,16,-106.51,21,-108.76,5,-111.76,9,-115.34,4,-115.77
1370,3747.50,6634.98,3.00,3,10,0.08,NLOS,113.47,1.84,-95.09,-67.31,4.87,24.74,0,15,-102.75,16,-106.63,21,-108.77,5,-111.81,9,-115.20,4,-115.74
1371,3747.50,6628.10,3.00,3,10,0.08,NLOS,113.64,-1.03,-92.39,-64.61,6.62,24.74,0,15,-100.39,4,-105.89,16,-111.77,25,-114.50,3,-116.28,13,-120.13
1372,3747.50,6621.23,3.00,3,10,0.08,NLOS,113.81,-1.03,-92.56,-64.78,6.37,24.74,0,15,-100.28,4,-105.86,16,-111.88,25,-114.48,3,-116.23,13,-120.08
1373,3747.50,6614.36,3.00,3,10,0.08,NLOS,113.99,-1.03,-92.74,-64.96,6.12,24.74,0,15,-100.18,4,-105.83,16,-112.00,25,-114.45,3,-116.17,13,-120.03
1374,3747.50,6607.49,3.00,3,10,0.08,NLOS,114.17,-1.03,-92.92,-65.14,5.85,24.74,0,15,-100.07,4,-105.79,16,-112.11,25,-114.43,3,-116.11,13,-119.97
1375,3747.50,6600.61,3.00,3,10,0.08,NLOS,114.36,-7.65,-86.49,-58.71,16.76,24.74,0,9,-106.50,5,-111.42,15,-112.26,16,-112.54,21,-114.10,26,-117.16
1376,3747.50,6593.74,3.00,3,10,0.07,NLOS,114.56,-7.65,-86.69,-58.91,16.51,24.74,0,9,-106.35,5,-111.47,15,-112.16,16,-112.66,21,-114.11,26,-117.15
1377,3747.50,6586.87,3.00,3,10,0.07,NLOS,114.76,-7.65,-86.89,-59.11,16.24,24.74,0,9,-106.21,5,-111.52,15,-112.06,16,-112.77,21,-114.12,26,-117.15
1378,3747.50,6580.00,3.00,3,10,0.07,NLOS,114.97,-7.65,-87.10,-59.32,15.97,24.74,0,9,-106.07,5,-111.57,15,-111.96,16,-112.89,21,-114.13,26,-117.14
1379,3747.50,6573.12,3.00,3,10,0.07,NLOS,115.18,6.25,-101.21,-73.43,4.83,24.74,0,9,-107.47,20,-113.58,15,-114.48,8,-114.95,16,-119.83,4,-121.14
1380,3747.50,6566.25,3.00,3,10,0.07,NLOS,115.39,6.25,-101.42,-73.64,4.50,24.74,0,9,-107.32,20,-113.54,15,-114.38,8,-114.88,16,-119.94,4,-121.11
1381,3747.50,6559.38,3.00,3,10,0.07,NLOS,115.61,6.25,-101.64,-73.86,4.16,24.74,0,9,-107.17,20,-113.50,15,-114.29,8,-114.81,16,-120.06,4,-121.08
1382,3747.50,6552.50,3.00,3,10,0.07,NLOS,115.83,6.25,-101.86,-74.08,3.82,24.74,0,9,-107.02,20,-113.46,15,-114.19,8,-114.74,16,-120.17,4,-121.06
1383,3747.50,6545.63,3.00,3,10,0.06,NLOS,116.06,-8.34,-87.50,-59.72,14.08,24.74,0,16,-105.27,15,-105.64,9,-111.52,21,-115.23,20,-116.57,5,-117.46
1384,3747.50,6538.76,3.00,3,10,0.06,NLOS,116.28,-8.34,-87.73,-59.95,13.85,24.74,0,16,-105.39,15,-105.55,9,-111.37,21,-115.25,20,-116.53,5,-117.52
1385,3747.50,6531.89,3.00,3,10,0.06,NLOS,116.51,-8.34,-87.96,-60.18,13.62,24.74,0,15,-105.46,16,-105.50,9,-111.21,21,-115.26,20,-116.49,5,-117.57
1386,3747.50,6525.01,3.00,3,10,0.06,NLOS,116.74,-8.34,-88.19,-60.41,13.38,24.74,0,15,-105.37,16,-105.61,9,-111.06,21,-115.28,20,-116.46,5,-117.62
1387,3747.50,6518.14,3.00,3,10,0.06,NLOS,116.97,-2.56,-94.19,-66.41,4.19,24.74,0,9,-101.65,4,-104.13,16,-107.47,20,-108.09,15,-108.48,5,-114.79
1388,3747.50,6511.27,3.00,3,10,0.06,NLOS,117.21,-2.56,-94.43,-66.64,3.88,24.74,0,9,-101.49,4,-104.10,16,-107.58,20,-108.05,15,-108.40,5,-114.84
1389,3747.50,6504.40,3.00,3,10,0.06,NLOS,117.44,-2.56,-94.66,-66.88,3.57,24.74,0,9,-101.33,4,-104.08,16,-107.69,20,-108.01,15,-108.32,5,-114.90
1390,3747.50,6497.52,3.00,3,10,0.06,NLOS,117.67,-2.56,-94.89,-67.11,3.26,24.74,0,9,-101.17,4,-104.06,16,-107.80,20,-107.97,15,-108.24,5,-114.95
1391,3747.50,6490.65,3.00,3,10,0.06,NLOS,117.91,7.89,-105.58,-77.80,-1.99,24.74,0,15,-107.06,16,-109.11,9,-110.31,26,-116.95,14,-117.06,4,-119.88
1392,3747.50,6483.78,3.00,3,10,0.05,NLOS,118.14,7.89,-105.82,-78.04,-2.26,24.74,0,15,-106.98,16,-109.22,9,-110.14,26,-116.94,14,-116.97,4,-119.86
1393,3747.50,6476.90,3.00,3,10,0.05,NLOS,118.38,7.89,-106.05,-78.27,-2.54,24.74,0,15,-106.91,16,-109.33,9,-109.98,14,-116.88,26,-116.94,4,-119.84
1394,3747.50,6470.03,3.00,3,10,0.05,NLOS,118.61,7.89,-106.29,-78.51,-2.81,24.74,0,15,-106.83,16,-109.44,9,-109.82,14,-116.79,26,-116.93,4,-119.82
1395,3747.50,6463.16,3.00,3,10,0.05,NLOS,118.85,-0.88,-97.75,-69.97,1.45,24.74,0,15,-101.57,9,-105.46,8,-108.05,4,-110.52,25,-113.07,16,-113.10
1396,3747.50,6456.29,3.00,3,10,0.05,NLOS,119.08,-0.88,-97.98,-70.20,1.14,24.74,0,15,-101.50,9,-105.30,8,-107.97,4,-110.50,25,-113.05,16,-113.21
1397,3747.50,6449.41,3.00,3,10,0.05,NLOS,119.31,-0.88,-98.21,-70.43,0.83,24.74,0,15,-101.44,9,-105.13,8,-107.89,4,-110.49,25,-113.03,16,-113.32
1398,3747.50,6442.54,3.00,3,10,0.05,NLOS,119.55,-0.88,-98.45,-70.67,0.53,24.74,0,15,-101.37,9,-104.96,8,-107.82,4,-110.47,25,-113.00,16,-113.43
1399,3747.50,6435.67,3.00,3,10,0.05,NLOS,119.78,-4.08,-95.48,-67.70,9.35,24.74,0,4,-109.17,9,-110.98,15,-112.12,5,-114.32,16,-117.50,13,-121.35
1400,3747.50,6428.80,3.00,3,10,0.05,NLOS,120.01,-4.08,-95.71,-67.93,9.07,24.74,0,4,-109.16,9,-110.80,15,-112.06,5,-114.37,16,-117.61,13,-121.29
1401,3747.50,6421.92,3.00,3,10,0.05,NLOS,120.24,-4.08,-95.94,-68.16,8.79,24.74,0,4,-109.14,9,-110.63,15,-112.01,5,-114.43,16,-117.72,13,-121.23
1402,3747.50,6415.05,3.00,3,10,0.05,NLOS,120.47,-4.08,-96.17,-68.39,8.51,24.74,0,4,-109.13,9,-110.45,15,-111.95,5,-114.49,16,-117.82,13,-121.17
1403,3747.50,6408.18,3.00,3,10,0.05,NLOS,120.69,-7.30,-93.17,-65.39,8.28,24.74,0,15,-102.43,5,-110.80,4,-116.22,26,-117.06,16,-118.16,3,-118.31
1404,3747.50,6401.30,3.00,3,10,0.04,NLOS,120.92,-7.30,-93.40,-65.62,8.02,24.74,0,15,-102.38,5,-110.85,4,-116.21,26,-117.06,3,-118.25,16,-118.27
1405,3747.50,6394.43,3.00,3,10,0.04,NLOS,121.14,-7.30,-93.62,-65.84,7.76,24.74,0,15,-102.33,5,-110.91,4,-116.20,26,-117.05,3,-118.19,16,-118.37
1406,3747.50,6387.56,3.00,3,10,0.04,NLOS,121.37,-7.30,-93.85,-66.07,7.51,24.74,0,15,-102.29,5,-110.97,4,-116.19,26,-117.05,3,-118.13,16,-118.48
1407,3747.50,6380.69,3.00,3,10,0.04,NLOS,121.59,-1.40,-99.97,-72.19,5.70,24.74,0,14,-107.04,9,-107.61,15,-110.91,8,-111.10,13,-111.65,20,-113.91
1408,3747.50,6373.81,3.00,3,10,0.04,NLOS,121.81,-1.40,-100.19,-72.41,5.35,24.74,0,14,-106.95,9,-107.42,15,-110.87,8,-111.02,13,-111.59,20,-113.88
1409,3747.50,6366.94,3.00,3,10,0.04,NLOS,122.03,-1.40,-100.41,-72.63,5.00,24.74,0,14,-106.85,9,-107.24,15,-110.84,8,-110.94,13,-111.53,20,-113.84
1410,3747.50,6360.07,3.00,3,10,0.04,NLOS,122.25,-1.40,-100.63,-72.85,4.65,24.74,0,14,-106.75,9,-107.05,15,-110.81,8,-110.86,13,-111.47,20,-113.81
1411,3747.50,6353.20,3.00,3,10,0.04,NLOS,122.46,-0.41,-101.84,-74.06,-3.60,24.74,0,15,-100.45,16,-104.69,9,-107.49,14,-111.45,4,-112.21,8,-113.85
1412,3747.50,6346.32,3.00,3,10,0.04,NLOS,122.68,-0.41,-102.05,-74.27,-3.83,24.74,0,15,-100.42,16,-104.79,9,-107.30,14,-111.35,4,-112.20,8,-113.77
1413,3747.50,6339.45,3.00,3,10,0.04,NLOS,122.89,-0.41,-102.26,-74.48,-4.06,24.74,0,15,-100.40,16,-104.89,9,-107.11,14,-111.26,4,-112.20,8,-113.68
1414,3747.50,6332.58,3.00,3,10,0.04,NLOS,123.10,-0.41,-102.48,-74.69,-4.28,24.74,0,15,-100.39,16,-105.00,9,-106.92,14,-111.16,4,-112.19,8,-113.60
1415,3747.50,6325.70,3.00,3,10,0.04,NLOS,123.31,-1.73,-101.36,-73.58,0.66,24.74,0,9,-105.44,15,-106.62,4,-112.68,16,-113.95,5,-117.67,2,-120.61
1416,3747.50,6318.83,3.00,3,10,0.04,NLOS,123.52,-1.73,-101.57,-73.79,0.36,24.74,0,9,-105.25,15,-106.61,4,-112.67,16,-114.06,5,-117.72,2,-120.56
1417,3747.50,6311.96,3.00,3,10,0.04,NLOS,123.73,-1.73,-101.78,-74.00,0.07,24.74,0,9,-105.05,15,-106.60,4,-112.67,16,-114.16,5,-117.78,2,-120.51
1418,3747.50,6305.09,3.00,3,10,0.04,NLOS,123.93,-1.73,-101.98,-74.20,-0.23,24.74,0,9,-104.85,15,-106.60,4,-112.67,16,-114.26,5,-117.84,2,-120.46
1419,3747.50,6298.21,3.00,3,10,0.04,NLOS,124.13,-4.46,-99.46,-71.68,1.74,24.74,0,15,-102.97,9,-107.18,14,-112.38,4,-115.71,16,-116.33,3,-118.69
1420,3747.50,6291.34,3.00,3,10,0.04,NLOS,124.34,-4.46,-99.66,-71.88,1.49,24.74,0,15,-102.97,9,-106.98,14,-112.27,4,-115.71,16,-116.43,3,-118.63
1421,3747.50,6284.47,3.00,3,10,0.04,NLOS,124.54,-4.46,-99.86,-72.08,1.24,24.74,0,15,-102.98,9,-106.77,14,-112.17,4,-115.71,16,-116.53,3,-118.58
1422,3747.50,6277.60,3.00,3,10,0.04,NLOS,124.73,-4.46,-100.06,-72.28,1.00,24.74,0,15,-102.99,9,-106.57,14,-112.07,4,-115.71,16,-116.63,3,-118.52
1423,3747.50,6270.72,3.00,3,9,0.04,NLOS,123.26,-4.08,-98.96,-71.18,6.42,24.74,1,15,-108.11,8,-111.97,16,-114.10,10,-115.98,20,-116.48,4,-116.69
1424,3747.50,6263.85,3.00,3,9,0.04,NLOS,123.05,-4.08,-98.75,-70.97,6.63,24.74,0,15,-108.12,8,-111.88,16,-114.20,10,-116.18,20,-116.45,4,-116.70
1425,3747.50,6256.98,3.00,3,9,0.04,NLOS,122.84,-4.08,-98.54,-70.76,6.84,24.74,0,15,-108.14,8,-111.79,16,-114.29,10,-116.37,20,-116.42,4,-116.70
1426,3747.50,6250.10,3.00,3,9,0.04,NLOS,122.63,-4.08,-98.33,-70.55,7.05,24.74,0,15,-108.16,8,-111.70,16,-114.39,20,-116.40,10,-116.56,4,-116.71
1427,3751.77,6247.50,3.00,0,9,0.04,NLOS,122.63,-0.99,-101.42,-73.64,3.45,24.74,0,10,-107.83,4,-110.04,21,-114.75,5,-114.96,14,-116.19,15,-116.25
1428,3758.64,6247.50,3.00,0,9,0.04,NLOS,122.77,-0.99,-101.57,-73.78,3.37,24.74,0,10,-107.93,4,-110.15,21,-114.66,5,-115.02,15,-116.02,14,-116.12
1429,3765.51,6247.50,3.00,0,9,0.04,NLOS,122.92,-0.99,-101.71,-73.93,3.30,24.74,0,10,-108.03,4,-110.27,21,-114.58,5,-115.08,15,-115.79,14,-116.06
1430,3772.39,6247.50,3.00,0,9,0.04,NLOS,123.06,-0.99,-101.85,-74.07,3.21,24.74,0,10,-108.13,4,-110.38,21,-114.50,5,-115.15,15,-115.55,14,-116.00
1431,3779.26,6247.50,3.00,0,10,0.03,NLOS,126.05,-5.86,-99.97,-72.19,3.19,24.74,1,15,-106.44,16,-109.08,8,-109.15,9,-109.49,14,-112.86,25,-114.75
1432,3786.13,6247.50,3.00,0,10,0.03,NLOS,126.16,-5.86,-100.07,-72.29,2.99,24.74,0,15,-106.20,16,-109.02,8,-109.17,9,-109.64,14,-112.80,25,-114.70
1433,3793.01,6247.50,3.00,0,10,0.03,NLOS,126.26,-5.86,-100.18,-72.40,2.78,24.74,0,15,-105.95,16,-108.97,8,-109.19,9,-109.79,14,-112.74,25,-114.65
1434,3799.88,6247.50,3.00,0,10,0.03,NLOS,126.37,-5.86,-100.29,-72.50,2.56,24.74,0,15,-105.69,16,-108.92,8,-109.21,9,-109.93,14,-112.68,25,-114.60
1435,3806.75,6247.50,3.00,0,16,0.02,NLOS,136.22,-12.57,-103.44,-75.66,-2.00,24.74,1,15,-105.45,9,-105.76,10,-109.30,3,-110.09,19,-111.68,27,-115.63
1436,3813.62,6247.50,3.00,0,16,0.02,NLOS,136.17,-12.57,-103.39,-75.61,-1.98,24.74,0,15,-105.19,9,-105.91,10,-109.41,3,-110.16,19,-111.64,27,-115.58
1437,3820.50,6247.50,3.00,0,16,0.02,NLOS,136.13,-12.57,-103.34,-75.56,-1.98,24.74,0,15,-104.92,9,-106.06,10,-109.52,3,-110.23,19,-111.59,27,-115.54
1438,3827.37,6247.50,3.00,0,16,0.02,NLOS,136.08,-12.57,-103.29,-75.51,-1.99,24.74,0,15,-104.65,9,-106.21,10,-109.63,3,-110.30,19,-111.54,27,-115.49
1439,3834.24,6247.50,3.00,0,9,0.04,NLOS,124.39,2.10,-106.27,-78.49,-3.41,24.74,1,14,-106.57,15,-108.49,10,-109.21,21,-110.87,25,-114.89,4,-116.34
1440,3841.11,6247.50,3.00,0,9,0.04,NLOS,124.55,2.10,-106.43,-78.64,-3.64,24.74,0,14,-106.51,15,-108.21,10,-109.33,21,-110.78,25,-114.84,4,-116.44
1441,3847.99,6247.50,3.00,0,9,0.04,NLOS,124.70,2.10,-106.58,-78.80,-3.87,24.74,0,14,-106.46,15,-107.93,10,-109.44,21,-110.70,25,-114.79,4,-116.55
1442,3854.86,6247.50,3.00,0,9,0.03,NLOS,124.85,2.10,-106.73,-78.95,-4.10,24.74,0,14,-106.40,15,-107.64,10,-109.55,21,-110.61,25,-114.74,20,-116.62
1443,3861.73,6247.50,3.00,0,10,0.03,NLOS,127.37,-5.54,-101.61,-73.83,1.27,24.74,1,9,-104.81,14,-107.15,15,-108.67,20,-112.28,3,-117.35,5,-117.61
1444,3868.61,6247.50,3.00,0,10,0.03,NLOS,127.49,-5.54,-101.73,-73.95,1.17,24.74,0,9,-104.97,14,-107.09,15,-108.37,20,-112.19,3,-117.42,5,-117.67
1445,3875.48,6247.50,3.00,0,10,0.03,NLOS,127.61,-5.54,-101.84,-74.06,1.06,24.74,0,9,-105.12,14,-107.04,15,-108.07,20,-112.10,3,-117.49,16,-117.64
1446,3882.35,6247.50,3.00,0,10,0.03,NLOS,127.72,-5.54,-101.96,-74.18,0.94,24.74,0,9,-105.27,14,-106.99,15,-107.76,20,-112.01,3,-117.55,16,-117.60
1447,3889.22,6247.50,3.00,0,15,0.05,NLOS,118.80,0.10,-98.68,-70.90,-0.55,24.74,1,9,-99.49,10,-105.91,14,-111.25,5,-113.03,20,-113.71,8,-113.98
1448,3896.10,6247.50,3.00,0,15,0.05,NLOS,118.48,0.10,-98.36,-70.58,-0.11,24.74,0,9,-99.65,10,-106.03,14,-111.19,5,-113.09,20,-113.61,8,-114.01
1449,3902.97,6247.50,3.00,0,15,0.05,NLOS,118.16,0.10,-98.04,-70.25,0.34,24.74,0,9,-99.80,10,-106.15,14,-111.14,5,-113.16,20,-113.52,8,-114.04
1450,3909.84,6247.50,3.00,0,15,0.06,NLOS,117.83,0.10,-97.71,-69.92,0.80,24.74,0,9,-99.95,10,-106.26,14,-111.09,5,-113.22,20,-113.42,8,-114.06
1451,3916.71,6247.50,3.00,0,15,0.06,NLOS,117.49,-2.20,-95.07,-67.28,0.96,24.74,0,9,-96.56,10,-107.96,21,-110.27,26,-117.88,16,-118.18,4,-118.85
1452,3923.59,6247.50,3.00,0,15,0.06,NLOS,117.15,-2.20,-94.72,-66.94,1.44,24.74,0,9,-96.72,10,-108.08,21,-110.18,26,-117.82,16,-118.14,4,-118.94
1453,3930.46,6247.50,3.00,0,15,0.06,NLOS,116.79,-2.20,-94.37,-66.59,1.92,24.74,0,9,-96.87,10,-108.20,21,-110.09,26,-117.75,16,-118.10,4,-119.04
1454,3937.33,6247.50,3.00,0,15,0.06,NLOS,116.44,-2.20,-94.01,-66.23,2.42,24.74,0,9,-97.02,10,-108.32,21,-110.00,26,-117.69,16,-118.06,14,-119.00
1455,3944.21,6247.50,3.00,0,15,0.06,NLOS,116.07,8.86,-104.72,-76.93,-4.56,24.74,0,14,-104.69,10,-104.75,9,-107.38,4,-109.27,16,-110.67,19,-113.54
1456,3943.92,6247.50,3.00,2,15,0.06,NLOS,116.09,8.86,-104.73,-76.95,-4.57,24.74,0,14,-104.69,10,-104.75,9,-107.37,4,-109.26,16,-110.68,19,-113.54
1457,3937.05,6247.50,3.00,2,15,0.06,NLOS,116.45,8.86,-105.10,-77.31,-4.99,24.74,0,10,-104.63,14,-104.74,9,-107.22,4,-109.16,16,-110.71,19,-113.59
1458,3930.18,6247.50,3.00,2,15,0.06,NLOS,116.81,8.86,-105.45,-77.67,-5.40,24.74,0,10,-104.51,14,-104.79,9,-107.07,4,-109.07,16,-110.75,19,-113.63
1459,3923.30,6247.50,3.00,2,15,0.06,NLOS,117.16,8.86,-105.80,-78.02,-5.80,24.74,0,10,-104.39,14,-104.84,9,-106.92,4,-108.97,16,-110.79,19,-113.68
1460,3916.43,6247.50,3.00,2,15,0.06,NLOS,117.50,13.21,-110.50,-82.72,-2.76,24.74,0,20,-110.81,9,-112.93,10,-116.61,3,-119.02,26,-119.09,4,-122.07
1461,3909.56,6247.50,3.00,2,15,0.06,NLOS,117.84,13.21,-110.83,-83.05,-3.11,24.74,0,20,-110.90,9,-112.78,10,-116.49,3,-118.96,26,-119.15,4,-121.97
1462,3902.69,6247.50,3.00,2,15,0.05,NLOS,118.17,13.21,-111.16,-83.38,-3.46,24.74,0,20,-111.00,9,-112.62,10,-116.37,3,-118.89,26,-119.21,4,-121.87
1463,3895.81,6247.50,3.00,2,15,0.05,NLOS,118.49,13.21,-111.49,-83.71,-3.80,24.74,0,20,-111.09,9,-112.47,10,-116.26,3,-118.82,26,-119.28,4,-121.77
1464,3888.94,6247.50,3.00,2,10,0.03,NLOS,127.83,-9.73,-97.89,-70.11,5.63,24.74,1,9,-106.09,20,-106.50,15,-108.30,30,-115.80,5,-117.34,14,-118.89
1465,3882.07,6247.50,3.00,2,10,0.03,NLOS,127.72,-9.73,-97.77,-69.99,5.76,24.74,0,9,-105.94,20,-106.59,15,-108.61,30,-115.84,5,-117.28,14,-118.94
1466,3875.19,6247.50,3.00,2,10,0.03,NLOS,127.60,-9.73,-97.65,-69.87,5.88,24.74,0,9,-105.79,20,-106.68,15,-108.92,30,-115.87,5,-117.21,14,-118.99
1467,3868.32,6247.50,3.00,2,10,0.03,NLOS,127.48,-9.73,-97.54,-69.76,5.98,24.74,0,9,-105.63,20,-106.78,15,-109.22,30,-115.91,5,-117.15,13,-119.01
1468,3861.45,6247.50,3.00,2,15,0.05,NLOS,120.03,0.77,-100.58,-72.80,-2.67,24.74,1,16,-100.73,9,-104.73,10,-105.78,14,-109.91,21,-113.43,13,-114.57
1469,3854.58,6247.50,3.00,2,15,0.05,NLOS,120.32,0.77,-100.87,-73.09,-2.98,24.74,0,16,-100.77,9,-104.58,10,-105.67,14,-109.97,21,-113.51,13,-114.58
1470,3847.70,6247.50,3.00,2,15,0.05,NLOS,120.61,0.77,-101.16,-73.38,-3.29,24.74,0,16,-100.82,9,-104.43,10,-105.55,14,-110.02,21,-113.60,13,-114.60
1471,3840.83,6247.50,3.00,2,15,0.05,NLOS,120.89,0.77,-101.44,-73.66,-3.60,24.74,0,16,-100.87,9,-104.28,10,-105.44,14,-110.08,21,-113.69,13,-114.61
1472,3833.96,6247.50,3.00,2,15,0.04,NLOS,121.17,-3.55,-97.40,-69.62,1.89,24.74,0,10,-100.86,9,-108.28,20,-109.41,14,-113.01,16,-114.68,3,-115.74
1473,3827.09,6247.50,3.00,2,15,0.04,NLOS,121.44,-3.55,-97.67,-69.89,1.53,24.74,0,10,-100.74,9,-108.13,20,-109.50,14,-113.06,16,-114.73,3,-115.68
1474,3820.21,6247.50,3.00,2,15,0.04,NLOS,121.71,-3.55,-97.94,-70.16,1.18,24.74,0,10,-100.63,9,-107.98,20,-109.59,14,-113.12,16,-114.78,3,-115.61
1475,3813.34,6247.50,3.00,2,15,0.04,NLOS,121.98,-3.55,-98.21,-70.43,0.83,24.74,0,10,-100.52,9,-107.83,20,-109.67,14,-113.18,16,-114.82,3,-115.54
1476,3806.47,6247.50,3.00,2,9,0.04,NLOS,123.79,-10.11,-93.46,-65.68,9.47,24.74,1,15,-106.83,14,-107.91,10,-112.33,4,-113.88,3,-116.23,16,-117.65
1477,3799.59,6247.50,3.00,2,9,0.04,NLOS,123.64,-10.11,-93.31,-65.53,9.72,24.74,0,15,-107.09,14,-107.97,10,-112.22,4,-113.77,3,-116.16,16,-117.70
1478,3792.72,6247.50,3.00,2,9,0.04,NLOS,123.49,-10.11,-93.17,-65.38,9.96,24.74,0,15,-107.34,14,-108.03,10,-112.11,4,-113.66,3,-116.10,16,-117.75
1479,3785.85,6247.50,3.00,2,9,0.04,NLOS,123.34,-10.11,-93.02,-65.24,10.19,24.74,0,15,-107.59,14,-108.09,10,-112.00,4,-113.55,3,-116.03,16,-117.80
1480,3778.98,6247.50,3.00,2,15,0.04,NLOS,123.24,-1.24,-101.79,-74.01,0.19,24.74,1,16,-105.50,9,-107.98,20,-111.96,14,-112.86,10,-113.47,25,-114.25
1481,3772.10,6247.50,3.00,2,15,0.04,NLOS,123.48,-1.24,-102.03,-74.25,-0.05,24.74,0,16,-105.55,9,-107.84,20,-112.04,14,-112.92,10,-113.36,25,-114.30
1482,3765.23,6247.50,3.00,2,15,0.04,NLOS,123.72,-1.24,-102.27,-74.49,-0.30,24.74,0,16,-105.60,9,-107.70,20,-112.13,14,-112.98,10,-113.26,25,-114.35
1483,3758.36,6247.50,3.00,2,15,0.04,NLOS,123.96,-1.24,-102.50,-74.72,-0.54,24.74,0,16,-105.65,9,-107.55,20,-112.22,14,-113.05,10,-113.16,25,-114.40
1484,3751.49,6247.50,3.00,2,9,0.04,NLOS,122.63,-3.48,-98.93,-71.15,4.64,24.74,1,15,-106.69,10,-108.74,4,-113.13,21,-115.44,20,-117.25,5,-117.37
1485,3744.61,6247.50,3.00,2,9,0.04,NLOS,122.49,-3.48,-98.79,-71.01,4.84,24.74,0,15,-106.92,10,-108.64,4,-113.02,21,-115.52,5,-117.31,20,-117.34
1486,3737.74,6247.50,3.00,2,9,0.04,NLOS,122.35,-3.48,-98.65,-70.87,5.04,24.74,0,15,-107.15,10,-108.54,4,-112.90,21,-115.60,5,-117.25,20,-117.42
1487,3730.87,6247.50,3.00,2,9,0.04,NLOS,122.21,-3.48,-98.52,-70.73,5.23,24.74,0,15,-107.37,10,-108.45,4,-112.78,21,-115.68,5,-117.18,20,-117.51
1488,3723.99,6247.50,3.00,2,9,0.04,NLOS,122.08,-5.65,-96.21,-68.43,8.55,24.74,0,10,-106.99,15,-110.12,20,-112.63,19,-114.67,16,-114.72,3,-119.66
1489,3717.12,6247.50,3.00,2,9,0.04,NLOS,121.95,-5.65,-96.08,-68.30,8.69,24.74,0,10,-106.90,15,-110.34,20,-112.72,19,-114.72,16,-114.77,3,-119.59
1490,3710.25,6247.50,3.00,2,9,0.04,NLOS,121.82,-5.65,-95.95,-68.17,8.82,24.74,0,10,-106.81,15,-110.55,20,-112.80,19,-114.76,16,-114.83,3,-119.52
1491,3703.38,6247.50,3.00,2,9,0.04,NLOS,121.69,-5.65,-95.82,-68.04,8.94,24.74,0,10,-106.72,15,-110.76,20,-112.88,19,-114.81,16,-114.88,3,-119.44
1492,3696.50,6247.50,3.00,2,15,0.03,NLOS,125.95,-1.83,-103.90,-76.12,1.40,24.74,1,10,-106.26,9,-115.69,4,-116.93,14,-119.26,3,-119.84,21,-121.36
1493,3689.63,6247.50,3.00,2,15,0.03,NLOS,126.16,-1.83,-104.10,-76.32,1.12,24.74,0,10,-106.18,9,-115.57,4,-116.81,14,-119.33,3,-119.77,21,-121.44
1494,3682.76,6247.50,3.00,2,15,0.03,NLOS,126.36,-1.83,-104.31,-76.53,0.85,24.74,0,10,-106.10,9,-115.45,4,-116.68,14,-119.39,3,-119.70,5,-121.40
1495,3675.89,6247.50,3.00,2,15,0.03,NLOS,126.56,-1.83,-104.51,-76.73,0.58,24.74,0,10,-106.02,9,-115.33,4,-116.56,14,-119.46,3,-119.62,5,-121.33
1496,3669.01,6247.50,3.00,2,9,0.04,NLOS,121.09,-5.96,-94.91,-67.13,5.55,24.74,1,10,-101.34,15,-111.67,14,-113.78,3,-114.20,16,-118.82,21,-119.88
1497,3662.14,6247.50,3.00,2,9,0.04,NLOS,120.98,-5.96,-94.80,-67.02,5.62,24.74,0,10,-101.27,15,-111.87,14,-113.84,3,-114.13,16,-118.88,21,-119.95
1498,3655.27,6247.50,3.00,2,9,0.05,NLOS,120.87,-5.96,-94.69,-66.91,5.68,24.74,0,10,-101.20,15,-112.06,14,-113.91,3,-114.06,16,-118.94,21,-120.03
1499,3648.39,6247.50,3.00,2,9,0.05,NLOS,120.76,-5.96,-94.59,-66.81,5.74,24.74,0,10,-101.13,15,-112.26,14,-113.98,3,-113.99,16,-119.00,21,-120.11
1500,3641.52,6247.50,3.00,2,9,0.05,NLOS,120.66,0.84,-101.29,-73.51,3.39,24.74,0,10,-107.78,15,-109.91,8,-116.95,4,-116.96,14,-117.85,27,-118.50
1501,3634.65,6247.50,3.00,2,9,0.05,NLOS,120.57,0.84,-101.19,-73.41,3.50,24.74,0,10,-107.72,15,-110.10,4,-116.83,8,-116.94,14,-117.92,27,-118.55
1502,3627.78,6247.50,3.00,2,9,0.05,NLOS,120.47,0.84,-101.10,-73.31,3.61,24.74,0,10,-107.66,15,-110.29,4,-116.70,8,-116.93,14,-117.99,27,-118.59
1503,3620.90,6247.50,3.00,2,9,0.05,NLOS,120.38,0.84,-101.01,-73.23,3.71,24.74,0,10,-107.60,15,-110.47,4,-116.57,8,-116.92,14,-118.06,27,-118.64
1504,3614.03,6247.50,3.00,2,9,0.05,NLOS,120.30,-1.10,-98.98,-71.20,-0.92,24.74,0,10,-100.70,15,-102.55,3,-111.80,4,-113.93,16,-115.12,2,-115.42
1505,3607.16,6247.50,3.00,2,9,0.05,NLOS,120.21,-1.10,-98.90,-71.11,-0.81,24.74,0,10,-100.65,15,-102.73,3,-111.73,4,-113.79,16,-115.18,2,-115.39
1506,3600.29,6247.50,3.00,2,9,0.05,NLOS,120.14,-1.10,-98.82,-71.04,-0.70,24.74,0,10,-100.60,15,-102.91,3,-111.66,4,-113.66,16,-115.24,2,-115.36
1507,3593.41,6247.50,3.00,2,9,0.05,NLOS,120.07,-1.10,-98.75,-70.96,-0.60,24.74,0,10,-100.55,15,-103.09,3,-111.59,4,-113.52,16,-115.30,2,-115.34
1508,3586.54,6247.50,3.00,2,9,0.05,NLOS,120.00,-1.99,-97.79,-70.01,-1.56,24.74,0,10,-98.88,15,-99.91,4,-114.58,21,-114.64,14,-116.47,20,-116.94
1509,3579.67,6247.50,3.00,2,9,0.05,NLOS,119.93,-1.99,-97.73,-69.95,-1.44,24.74,0,10,-98.84,15,-100.08,4,-114.44,21,-114.71,14,-116.54,20,-117.02
1510,3572.79,6247.50,3.00,2,9,0.05,NLOS,119.87,-1.99,-97.67,-69.89,-1.34,24.74,0,10,-98.81,15,-100.26,4,-114.30,21,-114.78,14,-116.61,20,-117.10
1511,3565.92,6247.50,3.00,2,9,0.05,NLOS,119.82,-1.99,-97.62,-69.83,-1.24,24.74,0,10,-98.77,15,-100.43,4,-114.16,21,-114.86,14,-116.68,20,-117.17
1512,3559.05,6247.50,3.00,2,9,0.05,NLOS,119.77,-3.42,-96.14,-68.36,6.28,24.74,0,15,-106.49,10,-108.16,14,-108.90,16,-111.78,3,-114.46,4,-116.82
1513,3552.18,6247.50,3.00,2,9,0.05,NLOS,119.73,-3.42,-96.09,-68.31,6.39,24.74,0,15,-106.66,10,-108.14,14,-108.98,16,-111.84,3,-114.38,4,-116.68
1514,3549.70,6247.50,3.00,0,9,0.05,NLOS,119.71,-3.42,-96.08,-68.30,6.43,24.74,0,15,-106.72,10,-108.13,14,-109.00,16,-111.86,3,-114.36,4,-116.63
1515,3556.57,6247.50,3.00,0,9,0.05,NLOS,119.76,-3.42,-96.12,-68.34,6.32,24.74,0,15,-106.55,10,-108.15,14,-108.93,16,-111.80,3,-114.43,4,-116.77
1516,3563.44,6247.50,3.00,0,9,0.05,NLOS,119.80,-3.42,-96.17,-68.39,6.21,24.74,0,15,-106.39,10,-108.18,14,-108.86,16,-111.74,3,-114.50,4,-116.91
1517,3570.31,6247.50,3.00,0,10,0.04,NLOS,123.80,-4.09,-99.49,-71.71,3.79,24.74,1,9,-104.38,4,-114.30,13,-114.64,21,-116.05,15,-116.16,20,-117.89
1518,3577.19,6247.50,3.00,0,10,0.04,NLOS,123.83,-4.09,-99.52,-71.74,3.79,24.74,0,9,-104.44,4,-114.44,13,-114.62,21,-115.98,15,-115.99,20,-117.81
1519,3584.06,6247.50,3.00,0,10,0.04,NLOS,123.87,-4.09,-99.56,-71.78,3.80,24.74,0,9,-104.50,4,-114.58,13,-114.59,15,-115.82,21,-115.90,20,-117.73
1520,3590.93,6247.50,3.00,0,10,0.04,NLOS,123.91,-4.09,-99.61,-71.82,3.80,24.74,0,9,-104.57,13,-114.57,4,-114.72,15,-115.64,21,-115.83,20,-117.66
1521,3597.81,6247.50,3.00,0,9,0.05,NLOS,120.11,3.25,-103.14,-75.36,2.43,24.74,1,16,-105.29,10,-108.98,3,-110.68,4,-114.96,20,-119.15,14,-119.68
1522,3604.68,6247.50,3.00,0,9,0.05,NLOS,120.19,3.25,-103.22,-75.43,2.41,24.74,0,16,-105.23,10,-109.03,3,-110.75,4,-115.10,20,-119.07,14,-119.61
1523,3611.55,6247.50,3.00,0,9,0.05,NLOS,120.27,3.25,-103.30,-75.51,2.38,24.74,0,16,-105.17,10,-109.08,3,-110.83,4,-115.23,20,-118.99,14,-119.54
1524,3618.42,6247.50,3.00,0,9,0.05,NLOS,120.35,3.25,-103.38,-75.60,2.35,24.74,0,16,-105.11,10,-109.14,3,-110.90,4,-115.37,20,-118.91,14,-119.47
1525,3625.30,6247.50,3.00,0,9,0.05,NLOS,120.44,-6.61,-93.61,-65.83,3.24,24.74,0,10,-98.46,15,-102.62,16,-105.86,4,-113.26,26,-117.04,8,-118.15
1526,3632.17,6247.50,3.00,0,9,0.05,NLOS,120.53,-6.61,-93.70,-65.92,3.14,24.74,0,10,-98.52,15,-102.44,16,-105.80,4,-113.39,26,-116.99,8,-118.16
1527,3639.04,6247.50,3.00,0,9,0.05,NLOS,120.63,-6.61,-93.80,-66.02,3.03,24.74,0,10,-98.58,15,-102.25,16,-105.75,4,-113.52,26,-116.93,8,-118.17
1528,3645.92,6247.50,3.00,0,9,0.05,NLOS,120.73,-6.61,-93.90,-66.12,2.92,24.74,0,10,-98.64,15,-102.06,16,-105.69,4,-113.65,26,-116.88,8,-118.18
1529,3652.79,6247.50,3.00,0,9,0.05,NLOS,120.83,-3.22,-97.39,-69.61,5.82,24.74,0,10,-106.38,14,-108.44,8,-113.89,4,-115.75,15,-116.55,7,-116.65
1530,3659.66,6247.50,3.00,0,9,0.04,NLOS,120.94,-3.22,-97.50,-69.72,5.73,24.74,0,10,-106.45,14,-108.37,8,-113.90,4,-115.88,15,-116.36,7,-116.65
1531,3666.53,6247.50,3.00,0,9,0.04,NLOS,121.05,-3.22,-97.61,-69.83,5.63,24.74,0,10,-106.53,14,-108.30,8,-113.91,4,-116.00,15,-116.16,7,-116.66
1532,3673.41,6247.50,3.00,0,9,0.04,NLOS,121.16,-3.22,-97.72,-69.94,5.53,24.74,0,10,-106.60,14,-108.23,8,-113.93,15,-115.96,4,-116.13,7,-116.66
1533,3680.28,6247.50,3.00,0,9,0.04,NLOS,121.28,-4.63,-96.43,-68.65,5.36,24.74,0,15,-103.01,21,-107.45,14,-111.73,10,-112.33,16,-114.69,3,-116.99
1534,3687.15,6247.50,3.00,0,9,0.04,NLOS,121.40,-4.63,-96.55,-68.77,5.09,24.74,0,15,-102.81,21,-107.37,14,-111.67,10,-112.41,16,-114.64,3,-117.06
1535,3694.02,6247.50,3.00,0,9,0.04,NLOS,121.52,-4.63,-96.68,-68.89,4.81,24.74,0,15,-102.60,21,-107.29,14,-111.60,10,-112.49,16,-114.58,3,-117.13
1536,3700.90,6247.50,3.00,0,9,0.04,NLOS,121.64,-4.63,-96.80,-69.02,4.52,24.74,0,15,-102.39,21,-107.22,14,-111.53,10,-112.57,16,-114.53,3,-117.20
1537,3707.77,6247.50,3.00,0,10,0.03,NLOS,125.05,-6.15,-98.68,-70.90,1.02,24.74,1,9,-102.92,15,-104.25,14,-108.68,4,-109.50,8,-111.94,16,-114.17
1538,3714.64,6247.50,3.00,0,10,0.03,NLOS,125.14,-6.15,-98.77,-70.99,0.93,24.74,0,9,-103.05,15,-104.04,14,-108.61,4,-109.62,8,-111.95,16,-114.11
1539,3721.52,6247.50,3.00,0,10,0.03,NLOS,125.23,-6.15,-98.86,-71.08,0.83,24.74,0,9,-103.18,15,-103.82,14,-108.55,4,-109.74,8,-111.97,16,-114.05
1540,3728.39,6247.50,3.00,0,10,0.03,NLOS,125.32,-6.15,-98.95,-71.17,0.72,24.74,0,9,-103.31,15,-103.60,14,-108.48,4,-109.86,8,-111.98,16,-114.00
1541,3735.26,6247.50,3.00,0,14,0.02,NLOS,135.27,-12.08,-102.98,-75.20,1.18,24.74,1,15,-104.98,10,-106.83,9,-112.46,3,-115.49,4,-116.11,16,-117.00
1542,3742.13,6247.50,3.00,0,14,0.02,NLOS,135.21,-12.08,-102.92,-75.13,1.07,24.74,0,15,-104.75,10,-106.93,9,-112.60,3,-115.56,4,-116.23,16,-116.95
1543,3745.99,6247.50,3.00,2,14,0.02,NLOS,135.17,-12.08,-102.88,-75.10,1.01,24.74,0,15,-104.63,10,-106.98,9,-112.68,3,-115.60,4,-116.30,16,-116.92
1544,3739.12,6247.50,3.00,2,14,0.02,NLOS,135.24,-12.08,-102.94,-75.16,1.12,24.74,0,15,-104.85,10,-106.89,9,-112.54,3,-115.53,4,-116.18,16,-116.97
1545,3732.25,6247.50,3.00,2,14,0.02,NLOS,135.30,-12.08,-103.01,-75.23,1.22,24.74,0,15,-105.08,10,-106.79,9,-112.40,3,-115.46,4,-116.06,16,-117.03
1546,3725.38,6247.50,3.00,2,16,0.02,NLOS,136.84,-14.67,-101.96,-74.18,-1.21,24.74,1,15,-102.60,10,-107.17,14,-112.72,4,-113.08,9,-113.42,21,-114.20
1547,3718.50,6247.50,3.00,2,16,0.02,NLOS,136.90,-14.67,-102.01,-74.23,-1.15,24.74,0,15,-102.82,10,-107.08,14,-112.78,4,-112.96,9,-113.29,21,-114.28
1548,3711.63,6247.50,3.00,2,16,0.02,NLOS,136.95,-14.67,-102.07,-74.29,-1.09,24.74,0,15,-103.03,10,-106.99,4,-112.84,14,-112.85,9,-113.16,21,-114.36
1549,3704.76,6247.50,3.00,2,16,0.02,NLOS,137.01,-14.67,-102.12,-74.34,-1.05,24.74,0,15,-103.24,10,-106.91,4,-112.72,14,-112.92,9,-113.03,21,-114.44
1550,3697.88,6247.50,3.00,2,9,0.04,NLOS,121.59,1.89,-103.26,-75.48,-2.83,24.74,1,4,-103.41,15,-106.74,10,-108.26,21,-110.97,14,-111.29,5,-111.30
1551,3691.01,6247.50,3.00,2,9,0.04,NLOS,121.47,1.89,-103.14,-75.36,-2.73,24.74,0,4,-103.28,15,-106.95,10,-108.18,21,-111.05,5,-111.24,14,-111.36
1552,3684.14,6247.50,3.00,2,9,0.04,NLOS,121.34,1.89,-103.02,-75.24,-2.64,24.74,0,4,-103.16,15,-107.15,10,-108.10,21,-111.13,5,-111.17,14,-111.42
1553,3677.27,6247.50,3.00,2,9,0.04,NLOS,121.23,1.89,-102.90,-75.12,-2.55,24.74,0,4,-103.03,15,-107.35,10,-108.02,5,-111.11,21,-111.21,14,-111.49
1554,3670.39,6247.50,3.00,2,9,0.04,NLOS,121.11,-0.23,-100.66,-72.88,2.40,24.74,0,15,-107.67,4,-109.50,10,-109.62,16,-110.34,8,-111.15,5,-116.78
1555,3663.52,6247.50,3.00,2,9,0.04,NLOS,121.00,-0.23,-100.55,-72.77,2.53,24.74,0,15,-107.86,4,-109.38,10,-109.55,16,-110.40,8,-111.14,5,-116.72
1556,3656.65,6247.50,3.00,2,9,0.05,NLOS,120.89,-0.23,-100.44,-72.66,2.66,24.74,0,15,-108.06,4,-109.25,10,-109.47,16,-110.46,8,-111.13,5,-116.65
1557,3649.78,6247.50,3.00,2,9,0.05,NLOS,120.79,-0.23,-100.33,-72.55,2.77,24.74,0,15,-108.25,4,-109.12,10,-109.40,16,-110.52,8,-111.12,5,-116.59
1558,3642.90,6247.50,3.00,2,3,0.01,NLOS,139.12,-18.00,-100.90,-73.12,1.97,24.74,1,10,-101.93,14,-104.33,15,-108.63,9,-109.70,16,-110.66,4,-116.35
1559,3636.03,6247.50,3.00,2,3,0.01,NLOS,139.05,-18.00,-100.83,-73.05,2.07,24.74,0,10,-101.86,14,-104.40,15,-108.82,9,-109.60,16,-110.72,4,-116.22
1560,3629.16,6247.50,3.00,2,3,0.02,NLOS,138.98,-18.00,-100.76,-72.98,2.16,24.74,0,10,-101.80,14,-104.47,15,-109.01,9,-109.51,16,-110.78,4,-116.09
1561,3622.28,6247.50,3.00,2,3,0.02,NLOS,138.90,-18.00,-100.69,-72.90,2.25,24.74,0,10,-101.75,14,-104.53,15,-109.19,9,-109.42,16,-110.84,4,-115.95
1562,3615.41,6247.50,3.00,2,9,0.05,NLOS,120.31,-1.89,-98.20,-70.42,4.48,24.74,1,15,-106.54,4,-107.45,10,-108.97,5,-115.44,21,-116.32,2,-117.65
1563,3608.54,6247.50,3.00,2,9,0.05,NLOS,120.23,-1.89,-98.12,-70.34,4.58,24.74,0,15,-106.72,4,-107.32,10,-108.92,5,-115.38,21,-116.39,2,-117.62
1564,3601.67,6247.50,3.00,2,9,0.05,NLOS,120.15,-1.89,-98.04,-70.26,4.66,24.74,0,15,-106.90,4,-107.18,10,-108.87,5,-115.31,21,-116.47,2,-117.60
1565,3594.79,6247.50,3.00,2,9,0.05,NLOS,120.08,-1.89,-97.97,-70.19,4.74,24.74,0,4,-107.04,15,-107.08,10,-108.82,5,-115.25,21,-116.54,2,-117.57
1566,3587.92,6247.50,3.00,2,9,0.05,NLOS,120.01,-0.84,-98.96,-71.17,0.71,24.74,0,8,-103.63,10,-104.93,4,-107.81,14,-110.98,15,-111.32,16,-115.59
1567,3581.05,6247.50,3.00,2,9,0.05,NLOS,119.95,-0.84,-98.89,-71.11,0.75,24.74,0,8,-103.63,10,-104.88,4,-107.68,14,-111.05,15,-111.49,16,-115.65
1568,3574.18,6247.50,3.00,2,9,0.05,NLOS,119.89,-0.84,-98.83,-71.05,0.79,24.74,0,8,-103.62,10,-104.85,4,-107.54,14,-111.12,15,-111.66,16,-115.71
1569,3567.30,6247.50,3.00,2,9,0.05,NLOS,119.83,-0.84,-98.78,-71.00,0.82,24.74,0,8,-103.62,10,-104.81,4,-107.39,14,-111.19,15,-111.83,16,-115.77
1570,3560.43,6247.50,3.00,2,10,0.04,NLOS,123.75,-7.55,-95.98,-68.20,11.16,24.74,1,9,-111.84,3,-112.96,5,-113.83,16,-114.78,15,-115.31,21,-120.27
1571,3553.56,6247.50,3.00,2,10,0.04,NLOS,123.72,-7.55,-95.95,-68.17,11.19,24.74,0,9,-111.79,3,-112.88,5,-113.76,16,-114.84,15,-115.47,21,-120.34
1572,3547.50,6248.32,3.00,1,10,0.04,NLOS,123.67,-7.55,-95.90,-68.12,11.25,24.74,0,9,-111.79,3,-112.83,5,-113.70,16,-114.88,15,-115.62,4,-120.31
1573,3547.50,6255.19,3.00,1,10,0.04,NLOS,123.43,-7.55,-95.66,-67.88,11.56,24.74,0,9,-112.09,3,-112.90,5,-113.63,16,-114.80,15,-115.61,4,-120.30
1574,3547.50,6262.06,3.00,1,9,0.05,NLOS,120.33,1.63,-101.74,-73.96,-0.20,24.74,1,10,-104.83,4,-107.48,5,-108.42,15,-109.27,2,-114.20,3,-114.72
1575,3547.50,6268.93,3.00,1,9,0.05,NLOS,120.61,1.63,-102.03,-74.25,-0.60,24.74,0,10,-104.58,4,-107.48,5,-108.34,15,-109.27,2,-114.26,3,-114.80
1576,3547.50,6275.81,3.00,1,9,0.05,NLOS,120.90,1.63,-102.31,-74.53,-1.00,24.74,0,10,-104.33,4,-107.47,5,-108.27,15,-109.26,2,-114.32,3,-114.87
1577,3547.50,6282.68,3.00,1,9,0.04,NLOS,121.17,1.63,-102.59,-74.81,-1.40,24.74,0,10,-104.08,4,-107.47,5,-108.20,15,-109.26,2,-114.37,3,-114.94
1578,3547.50,6289.55,3.00,1,9,0.04,NLOS,121.45,0.27,-101.50,-73.72,-1.40,24.74,0,4,-103.81,15,-105.97,10,-107.46,8,-110.85,20,-114.46,7,-115.21
1579,3547.50,6296.42,3.00,1,9,0.04,NLOS,121.72,0.27,-101.77,-73.99,-1.71,24.74,0,4,-103.81,15,-105.97,10,-107.19,8,-110.94,20,-114.48,7,-115.27
1580,3547.50,6303.30,3.00,1,9,0.04,NLOS,121.98,0.27,-102.04,-74.26,-2.01,24.74,0,4,-103.81,15,-105.97,10,-106.93,8,-111.03,20,-114.50,7,-115.32
1581,3547.50,6310.17,3.00,1,9,0.04,NLOS,122.24,0.27,-102.30,-74.52,-2.32,24.74,0,4,-103.81,15,-105.97,10,-106.66,8,-111.12,20,-114.52,7,-115.38
1582,3547.50,6317.04,3.00,1,10,0.04,NLOS,121.11,-0.74,-100.15,-72.37,1.44,24.74,1,5,-103.46,3,-107.42,9,-108.86,14,-109.41,15,-110.75,8,-113.01
1583,3547.50,6323.92,3.00,1,10,0.05,NLOS,120.83,-0.74,-99.87,-72.09,1.72,24.74,0,5,-103.39,3,-107.49,9,-109.12,14,-109.49,15,-110.76,8,-113.10
1584,3547.50,6330.79,3.00,1,10,0.05,NLOS,120.55,-0.74,-99.59,-71.80,2.00,24.74,0,5,-103.32,3,-107.56,9,-109.37,14,-109.57,15,-110.77,8,-113.18
1585,3547.50,6337.66,3.00,1,10,0.05,NLOS,120.26,-0.74,-99.30,-71.52,2.27,24.74,0,5,-103.24,3,-107.63,9,-109.61,14,-109.65,15,-110.77,8,-113.27
1586,3547.50,6344.53,3.00,1,10,0.05,NLOS,119.96,3.77,-103.51,-75.73,-0.84,24.74,0,15,-105.01,4,-108.59,16,-114.97,9,-115.17,3,-117.40,21,-120.15
1587,3547.50,6351.41,3.00,1,10,0.05,NLOS,119.67,3.77,-103.21,-75.43,-0.52,24.74,0,15,-105.02,4,-108.60,16,-114.89,9,-115.41,3,-117.47,21,-120.13
1588,3547.50,6358.28,3.00,1,10,0.05,NLOS,119.36,3.77,-102.91,-75.13,-0.21,24.74,0,15,-105.04,4,-108.61,16,-114.81,9,-115.65,3,-117.55,21,-120.11
1589,3547.50,6365.15,3.00,1,10,0.05,NLOS,119.05,3.77,-102.60,-74.82,0.12,24.74,0,15,-105.05,4,-108.62,16,-114.73,9,-115.88,3,-117.62,21,-120.09
1590,3547.50,6372.02,3.00,1,4,0.02,NLOS,132.14,-9.57,-102.35,-74.57,-2.41,24.74,1,9,-102.40,10,-106.95,15,-107.93,14,-110.90,8,-113.78,3,-115.62
1591,3547.50,6378.90,3.00,1,4,0.02,NLOS,132.15,-9.57,-102.36,-74.58,-2.35,24.74,0,9,-102.63,10,-106.63,15,-107.94,14,-110.98,8,-113.87,3,-115.69
1592,3547.50,6385.77,3.00,1,4,0.02,NLOS,132.17,-9.57,-102.38,-74.59,-2.32,24.74,0,9,-102.85,10,-106.30,15,-107.96,14,-111.05,8,-113.95,3,-115.76
1593,3547.50,6392.64,3.00,1,4,0.02,NLOS,132.18,-9.57,-102.39,-74.61,-2.29,24.74,0,9,-103.07,10,-105.97,15,-107.98,14,-111.13,8,-114.03,3,-115.83
1594,3547.50,6399.52,3.00,1,10,0.06,NLOS,117.42,2.85,-100.06,-72.28,3.33,24.74,1,9,-105.70,4,-109.66,13,-113.07,20,-113.74,16,-114.72,3,-115.21
1595,3547.50,6406.39,3.00,1,10,0.06,NLOS,117.08,2.85,-99.71,-71.93,3.79,24.74,0,9,-105.92,4,-109.68,13,-113.13,20,-113.76,16,-114.64,3,-115.29
1596,3547.50,6413.26,3.00,1,10,0.06,NLOS,116.72,2.85,-99.36,-71.58,4.26,24.74,0,9,-106.13,4,-109.70,13,-113.18,20,-113.79,16,-114.56,21,-115.27
1597,3547.50,6420.13,3.00,1,10,0.06,NLOS,116.36,2.85,-99.00,-71.22,4.74,24.74,0,9,-106.34,4,-109.72,13,-113.24,20,-113.82,16,-114.48,21,-115.26
1598,3547.50,6427.01,3.00,1,10,0.07,NLOS,116.00,-5.15,-90.63,-62.85,4.47,24.74,0,15,-96.54,9,-101.06,5,-116.17,16,-116.18,4,-116.28,21,-118.97
1599,3547.50,6433.88,3.00,1,10,0.07,NLOS,115.62,-5.15,-90.26,-62.47,4.91,24.74,0,15,-96.57,9,-101.26,16,-116.09,5,-116.10,4,-116.31,21,-118.96
1600,3547.50,6440.75,3.00,1,10,0.07,NLOS,115.24,-5.15,-89.87,-62.09,5.37,24.74,0,15,-96.60,9,-101.46,16,-116.01,5,-116.03,4,-116.33,21,-118.94
1601,3547.38,6447.50,3.00,2,10,0.07,NLOS,114.85,-5.15,-89.49,-61.70,5.82,24.74,0,15,-96.64,9,-101.66,16,-115.93,5,-115.95,4,-116.35,21,-118.93
1602,3540.50,6447.50,3.00,2,10,0.07,NLOS,114.79,-3.98,-90.59,-62.81,3.64,24.74,0,9,-94.65,4,-107.11,16,-109.57,20,-110.98,15,-116.27,8,-117.42
1603,3533.63,6447.50,3.00,2,10,0.07,NLOS,114.74,-3.98,-90.54,-62.76,3.67,24.74,0,9,-94.64,4,-106.97,16,-109.65,20,-111.04,15,-116.43,8,-117.42
1604,3526.76,6447.50,3.00,2,10,0.07,NLOS,114.69,-3.98,-90.50,-62.71,3.70,24.74,0,9,-94.63,4,-106.82,16,-109.73,20,-111.11,15,-116.58,8,-117.42
1605,3519.88,6447.50,3.00,2,10,0.07,NLOS,114.66,-3.98,-90.46,-62.68,3.72,24.74,0,9,-94.62,4,-106.68,16,-109.82,20,-111.18,15,-116.74,8,-117.42
1606,3513.01,6447.50,3.00,2,10,0.07,NLOS,114.64,-2.10,-92.32,-64.54,9.36,24.74,0,9,-103.10,8,-108.78,4,-110.92,15,-111.85,14,-114.35,16,-117.08
1607,3506.14,6447.50,3.00,2,10,0.07,NLOS,114.62,-2.10,-92.31,-64.53,9.37,24.74,0,9,-103.10,8,-108.78,4,-110.77,15,-112.00,14,-114.41,16,-117.16
1608,3499.27,6447.50,3.00,2,10,0.07,NLOS,114.62,-2.10,-92.30,-64.52,9.37,24.74,0,9,-103.10,8,-108.78,4,-110.62,15,-112.15,14,-114.46,16,-117.25
1609,3492.39,6447.50,3.00,2,10,0.07,NLOS,114.63,-2.10,-92.31,-64.53,9.36,24.74,0,9,-103.10,8,-108.78,4,-110.47,15,-112.30,14,-114.52,16,-117.33
1610,3485.52,6447.50,3.00,2,10,0.07,NLOS,114.64,-6.75,-87.67,-59.89,13.23,24.74,0,9,-103.59,15,-104.99,20,-115.11,16,-116.36,4,-116.90,2,-117.27
1611,3478.65,6447.50,3.00,2,10,0.07,NLOS,114.67,-6.75,-87.70,-59.92,13.26,24.74,0,9,-103.60,15,-105.14,20,-115.18,16,-116.44,4,-116.75,2,-117.25
1612,3471.78,6447.50,3.00,2,10,0.07,NLOS,114.70,-6.75,-87.73,-59.95,13.28,24.74,0,9,-103.61,15,-105.28,20,-115.25,16,-116.52,4,-116.60,2,-117.23
1613,3464.90,6447.50,3.00,2,10,0.07,NLOS,114.75,-6.75,-87.78,-60.00,13.29,24.74,0,9,-103.62,15,-105.42,20,-115.31,4,-116.44,16,-116.60,2,-117.21
1614,3458.03,6447.50,3.00,2,10,0.07,NLOS,114.80,-8.08,-86.50,-58.72,14.28,24.74,0,15,-103.71,9,-104.97,8,-111.75,21,-113.90,4,-115.02,3,-117.87
1615,3451.16,6447.50,3.00,2,10,0.07,NLOS,114.86,-8.08,-86.56,-58.78,14.29,24.74,0,15,-103.85,9,-104.98,8,-111.75,21,-113.98,4,-114.86,3,-117.82
1616,3444.28,6447.50,3.00,2,10,0.07,NLOS,114.94,-8.08,-86.63,-58.85,14.29,24.74,0,15,-103.99,9,-105.00,8,-111.76,21,-114.05,4,-114.70,3,-117.77
1617,3437.41,6447.50,3.00,2,10,0.07,NLOS,115.02,-8.08,-86.72,-58.93,14.28,24.74,0,15,-104.13,9,-105.02,8,-111.76,21,-114.12,4,-114.54,3,-117.71
1618,3430.54,6447.50,3.00,2,10,0.07,NLOS,115.11,-5.34,-89.55,-61.77,13.61,24.74,0,9,-104.18,8,-110.67,15,-113.91,5,-115.26,4,-117.18,20,-121.51
1619,3423.67,6447.50,3.00,2,10,0.07,NLOS,115.21,-5.34,-89.65,-61.87,13.53,24.74,0,9,-104.21,8,-110.68,15,-114.05,5,-115.18,4,-117.02,20,-121.57
1620,3416.79,6447.50,3.00,2,10,0.07,NLOS,115.31,-5.34,-89.75,-61.97,13.44,24.74,0,9,-104.23,8,-110.68,15,-114.18,5,-115.10,4,-116.85,20,-121.64
1621,3409.92,6447.50,3.00,2,10,0.07,NLOS,115.43,-5.34,-89.87,-62.09,13.35,24.74,0,9,-104.26,8,-110.69,15,-114.32,5,-115.02,4,-116.69,20,-121.70
1622,3403.05,6447.50,3.00,2,10,0.07,NLOS,115.55,5.83,-101.16,-73.38,1.65,24.74,0,9,-106.19,4,-107.64,3,-108.33,5,-110.99,14,-115.63,15,-116.79
1623,3396.17,6447.50,3.00,2,10,0.07,NLOS,115.67,5.83,-101.28,-73.50,1.47,24.74,0,9,-106.23,4,-107.47,3,-108.28,5,-110.91,14,-115.69,15,-116.92
1624,3389.30,6447.50,3.00,2,10,0.07,NLOS,115.81,5.83,-101.42,-73.64,1.29,24.74,0,9,-106.26,4,-107.30,3,-108.22,5,-110.83,14,-115.74,15,-117.06
1625,3382.43,6447.50,3.00,2,10,0.07,NLOS,115.95,5.83,-101.56,-73.78,1.10,24.74,0,9,-106.30,4,-107.13,3,-108.17,5,-110.75,14,-115.80,15,-117.19
1626,3375.56,6447.50,3.00,2,10,0.06,NLOS,116.10,2.58,-98.46,-70.68,-1.88,24.74,0,9,-97.26,4,-106.44,14,-109.35,5,-111.52,3,-113.45,20,-117.96
1627,3368.68,6447.50,3.00,2,10,0.06,NLOS,116.25,2.58,-98.61,-70.83,-2.01,24.74,0,9,-97.30,4,-106.27,14,-109.41,5,-111.44,3,-113.40,20,-118.02
1628,3361.81,6447.50,3.00,2,10,0.06,NLOS,116.41,2.58,-98.77,-70.99,-2.16,24.74,0,9,-97.35,4,-106.09,14,-109.47,5,-111.36,3,-113.35,20,-118.09
1629,3354.94,6447.50,3.00,2,10,0.06,NLOS,116.57,2.58,-98.93,-71.15,-2.30,24.74,0,9,-97.39,4,-105.91,14,-109.52,5,-111.28,3,-113.30,20,-118.15
1630,3348.07,6447.50,3.00,2,10,0.06,NLOS,116.74,-0.14,-96.38,-68.60,7.82,24.74,0,9,-107.99,5,-109.49,4,-112.29,15,-114.73,3,-116.22,14,-118.35
1631,3353.81,6447.50,3.00,0,10,0.06,NLOS,116.60,-0.14,-96.24,-68.46,7.98,24.74,0,9,-107.95,5,-109.56,4,-112.45,15,-114.63,3,-116.26,14,-118.30
1632,3360.68,6447.50,3.00,0,10,0.06,NLOS,116.43,-0.14,-96.08,-68.30,8.16,24.74,0,9,-107.91,5,-109.64,4,-112.63,15,-114.50,3,-116.31,14,-118.25
1633,3367.55,6447.50,3.00,0,10,0.06,NLOS,116.27,-0.14,-95.92,-68.14,8.33,24.74,0,9,-107.86,5,-109.72,4,-112.81,15,-114.37,3,-116.36,14,-118.19
1634,3374.43,6447.50,3.00,0,10,0.06,NLOS,116.12,-4.88,-91.03,-63.25,13.97,24.74,0,4,-110.05,9,-110.26,14,-110.47,15,-112.29,5,-113.30,16,-119.41
1635,3381.30,6447.50,3.00,0,10,0.07,NLOS,115.97,-4.88,-90.88,-63.10,14.15,24.74,0,4,-110.22,9,-110.22,14,-110.41,15,-112.16,5,-113.38,16,-119.33
1636,3388.17,6447.50,3.00,0,10,0.07,NLOS,115.83,-4.88,-90.74,-62.96,14.31,24.74,0,9,-110.18,14,-110.35,4,-110.40,15,-112.03,5,-113.46,16,-119.25
1637,3395.04,6447.50,3.00,0,10,0.07,NLOS,115.70,-4.88,-90.60,-62.82,14.47,24.74,0,9,-110.15,14,-110.30,4,-110.57,15,-111.90,5,-113.54,16,-119.17
1638,3401.92,6447.50,3.00,0,10,0.07,NLOS,115.57,-0.11,-95.24,-67.46,7.11,24.74,0,9,-104.31,4,-110.29,15,-112.02,5,-116.03,3,-117.60,21,-118.52
1639,3408.79,6447.50,3.00,0,10,0.07,NLOS,115.45,-0.11,-95.12,-67.33,7.23,24.74,0,9,-104.27,4,-110.46,15,-111.88,5,-116.11,3,-117.65,21,-118.45
1640,3415.66,6447.50,3.00,0,10,0.07,NLOS,115.33,-0.11,-95.00,-67.22,7.33,24.74,0,9,-104.25,4,-110.62,15,-111.75,5,-116.19,3,-117.71,21,-118.38
1641,3422.53,6447.50,3.00,0,10,0.07,NLOS,115.22,-0.11,-94.89,-67.11,7.43,24.74,0,9,-104.22,4,-110.79,15,-111.61,5,-116.27,3,-117.76,21,-118.31
1642,3429.41,6447.50,3.00,0,10,0.07,NLOS,115.12,3.36,-98.27,-70.49,2.27,24.74,0,4,-104.13,9,-104.23,3,-109.41,21,-112.37,5,-113.62,14,-116.51
1643,3436.28,6447.50,3.00,0,10,0.07,NLOS,115.03,3.36,-98.18,-70.39,2.42,24.74,0,9,-104.20,4,-104.29,3,-109.46,21,-112.29,5,-113.70,14,-116.45
1644,3443.15,6447.50,3.00,0,10,0.07,NLOS,114.95,3.36,-98.09,-70.31,2.56,24.74,0,9,-104.18,4,-104.46,3,-109.51,21,-112.22,5,-113.78,14,-116.40
1645,3450.03,6447.50,3.00,0,10,0.07,NLOS,114.88,3.36,-98.02,-70.24,2.69,24.74,0,9,-104.17,4,-104.62,3,-109.57,21,-112.15,5,-113.86,14,-116.34
1646,3456.90,6447.50,3.00,0,10,0.07,NLOS,114.81,8.93,-103.52,-75.74,3.18,24.74,0,14,-106.14,4,-110.92,15,-113.33,5,-114.06,9,-115.84,8,-116.75
1647,3463.77,6447.50,3.00,0,10,0.07,NLOS,114.76,8.93,-103.47,-75.69,3.27,24.74,0,14,-106.09,4,-111.07,15,-113.19,5,-114.14,9,-115.83,8,-116.75
1648,3470.64,6447.50,3.00,0,10,0.07,NLOS,114.71,8.93,-103.42,-75.64,3.35,24.74,0,14,-106.03,4,-111.23,15,-113.04,5,-114.22,9,-115.82,8,-116.75
1649,3477.52,6447.50,3.00,0,10,0.07,NLOS,114.67,8.93,-103.38,-75.60,3.41,24.74,0,14,-105.98,4,-111.38,15,-112.90,5,-114.31,9,-115.81,8,-116.75
1650,3484.39,6447.50,3.00,0,9,0.03,NLOS,126.72,-16.50,-90.00,-62.22,5.34,24.74,1,10,-96.26,4,-104.67,15,-107.08,20,-115.61,21,-116.93,5,-117.41
1651,3491.26,6447.50,3.00,0,9,0.03,NLOS,126.71,-16.50,-90.00,-62.22,5.34,24.74,0,10,-96.24,4,-104.82,15,-106.94,20,-115.54,21,-116.85,5,-117.50
1652,3498.13,6447.50,3.00,0,9,0.03,NLOS,126.71,-16.50,-89.99,-62.21,5.34,24.74,0,10,-96.23,4,-104.97,15,-106.79,20,-115.48,21,-116.78,5,-117.58
1653,3505.01,6447.50,3.00,0,9,0.03,NLOS,126.71,-16.50,-90.00,-62.21,5.35,24.74,0,10,-96.24,4,-105.12,15,-106.64,20,-115.41,21,-116.70,5,-117.66
1654,3511.88,6447.50,3.00,0,10,0.07,NLOS,114.63,-2.72,-91.69,-63.91,6.13,24.74,1,9,-98.22,5,-112.07,4,-113.48,15,-117.10,19,-117.59,14,-118.52
1655,3518.75,6447.50,3.00,0,10,0.07,NLOS,114.66,-2.72,-91.72,-63.93,6.12,24.74,0,9,-98.22,5,-112.15,4,-113.63,15,-116.95,19,-117.55,14,-118.47
1656,3525.63,6447.50,3.00,0,10,0.07,NLOS,114.69,-2.72,-91.75,-63.97,6.10,24.74,0,9,-98.23,5,-112.23,4,-113.78,15,-116.80,19,-117.51,14,-118.41
1657,3532.50,6447.50,3.00,0,10,0.07,NLOS,114.73,-2.72,-91.79,-64.01,6.07,24.74,0,9,-98.24,5,-112.31,4,-113.92,15,-116.64,19,-117.47,14,-118.36
1658,3539.37,6447.50,3.00,0,10,0.07,NLOS,114.78,-14.27,-80.29,-52.51,19.03,24.74,0,9,-102.10,15,-103.21,20,-105.59,3,-114.77,5,-114.93,16,-115.63
1659,3546.24,6447.50,3.00,0,10,0.07,NLOS,114.84,-14.27,-80.35,-52.57,18.91,24.74,0,9,-102.11,15,-103.05,20,-105.52,3,-114.82,5,-115.01,16,-115.55
1660,3553.12,6447.50,3.00,0,10,0.07,NLOS,114.91,-14.27,-80.42,-52.64,18.79,24.74,0,9,-102.13,15,-102.89,20,-105.45,3,-114.88,5,-115.10,16,-115.47
1661,3559.99,6447.50,3.00,0,10,0.07,NLOS,114.99,-14.27,-80.50,-52.72,18.65,24.74,0,9,-102.15,15,-102.73,20,-105.38,3,-114.94,5,-115.18,16,-115.39
1662,3566.86,6447.50,3.00,0,10,0.07,NLOS,115.07,-0.39,-94.46,-66.68,2.97,24.74,0,4,-102.51,9,-102.86,15,-103.84,5,-105.33,3,-112.11,14,-112.79
1663,3573.73,6447.50,3.00,0,10,0.07,NLOS,115.17,-0.39,-94.55,-66.77,2.89,24.74,0,4,-102.65,9,-102.88,15,-103.68,5,-105.41,3,-112.17,14,-112.74
1664,3580.61,6447.50,3.00,0,10,0.07,NLOS,115.27,-0.39,-94.66,-66.88,2.81,24.74,0,4,-102.78,9,-102.91,15,-103.51,5,-105.49,3,-112.22,14,-112.68
1665,3587.48,6447.50,3.00,0,10,0.07,NLOS,115.38,-0.39,-94.77,-66.99,2.72,24.74,0,4,-102.92,9,-102.94,15,-103.35,5,-105.57,3,-112.28,14,-112.63
1666,3594.35,6447.50,3.00,0,10,0.07,NLOS,115.50,-1.24,-94.04,-66.26,5.67,24.74,0,15,-101.67,9,-105.99,3,-109.01,16,-111.91,4,-113.80,8,-116.53
1667,3601.23,6447.50,3.00,0,10,0.07,NLOS,115.63,-1.24,-94.16,-66.38,5.45,24.74,0,15,-101.50,9,-106.02,3,-109.07,16,-111.83,4,-113.93,8,-116.54
1668,3608.10,6447.50,3.00,0,10,0.07,NLOS,115.76,-1.24,-94.29,-66.51,5.21,24.74,0,15,-101.33,9,-106.06,3,-109.13,16,-111.75,4,-114.07,8,-116.55
1669,3614.97,6447.50,3.00,0,10,0.07,NLOS,115.90,-1.24,-94.43,-66.65,4.97,24.74,0,15,-101.16,9,-106.09,3,-109.18,16,-111.67,4,-114.20,8,-116.55
1670,3621.84,6447.50,3.00,0,10,0.07,NLOS,116.04,-2.30,-93.52,-65.74,8.77,24.74,0,9,-104.04,15,-111.79,5,-112.01,4,-113.78,21,-118.30,13,-120.18
1671,3628.72,6447.50,3.00,0,10,0.06,NLOS,116.19,-2.30,-93.67,-65.89,8.64,24.74,0,9,-104.08,15,-111.61,5,-112.09,4,-113.91,21,-118.22,13,-120.17
1672,3635.59,6447.50,3.00,0,10,0.06,NLOS,116.35,-2.30,-93.82,-66.04,8.50,24.74,0,9,-104.12,15,-111.43,5,-112.17,4,-114.04,21,-118.14,13,-120.15
1673,3642.46,6447.50,3.00,0,10,0.06,NLOS,116.51,-2.30,-93.98,-66.20,8.36,24.74,0,9,-104.17,15,-111.25,5,-112.25,4,-114.17,21,-118.05,13,-120.13
1674,3649.33,6447.50,3.00,0,10,0.06,NLOS,116.67,1.21,-97.66,-69.88,1.49,24.74,0,9,-102.59,15,-104.54,4,-106.83,3,-111.39,5,-112.11,7,-115.15
1675,3656.21,6447.50,3.00,0,10,0.06,NLOS,116.84,1.21,-97.83,-70.05,1.31,24.74,0,9,-102.64,15,-104.36,4,-106.95,3,-111.44,5,-112.19,7,-115.16
1676,3663.08,6447.50,3.00,0,10,0.06,NLOS,117.02,1.21,-98.00,-70.22,1.13,24.74,0,9,-102.69,15,-104.17,4,-107.08,3,-111.50,5,-112.27,7,-115.16
1677,3669.95,6447.50,3.00,0,10,0.06,NLOS,117.20,1.21,-98.18,-70.40,0.93,24.74,0,9,-102.74,15,-103.98,4,-107.20,3,-111.56,5,-112.35,7,-115.16
1678,3676.83,6447.50,3.00,0,10,0.06,NLOS,117.38,3.65,-100.81,-73.03,-1.01,24.74,0,9,-103.14,15,-105.61,16,-108.03,4,-110.16,14,-114.17,5,-115.67
1679,3683.70,6447.50,3.00,0,10,0.06,NLOS,117.56,3.65,-100.99,-73.21,-1.22,24.74,0,9,-103.20,15,-105.42,16,-107.95,4,-110.28,14,-114.12,5,-115.75
1680,3690.57,6447.50,3.00,0,10,0.06,NLOS,117.75,3.65,-101.18,-73.40,-1.43,24.74,0,9,-103.26,15,-105.23,16,-107.87,4,-110.40,14,-114.07,5,-115.82
1681,3697.44,6447.50,3.00,0,10,0.06,NLOS,117.94,3.65,-101.37,-73.59,-1.65,24.74,0,9,-103.32,15,-105.03,16,-107.80,4,-110.52,14,-114.03,5,-115.90
1682,3704.32,6447.50,3.00,0,10,0.06,NLOS,118.13,1.89,-99.80,-72.02,0.28,24.74,0,9,-101.73,16,-108.59,15,-109.45,4,-114.27,26,-117.58,21,-120.09
1683,3711.19,6447.50,3.00,0,10,0.05,NLOS,118.33,1.89,-100.00,-72.21,0.10,24.74,0,9,-101.79,16,-108.52,15,-109.25,4,-114.39,26,-117.52,21,-120.00
1684,3718.06,6447.50,3.00,0,10,0.05,NLOS,118.52,1.89,-100.19,-72.41,-0.09,24.74,0,9,-101.86,16,-108.44,15,-109.04,4,-114.50,26,-117.46,21,-119.91
1685,3724.93,6447.50,3.00,0,10,0.05,NLOS,118.72,1.89,-100.39,-72.61,-0.27,24.74,0,9,-101.92,16,-108.36,15,-108.84,4,-114.62,26,-117.41,21,-119.83
1686,3731.81,6447.50,3.00,0,10,0.05,NLOS,118.92,-0.79,-97.91,-70.12,3.53,24.74,0,9,-103.59,15,-107.12,16,-112.17,4,-120.79,21,-121.05,14,-121.73
1687,3738.68,6447.50,3.00,0,10,0.05,NLOS,119.12,-0.79,-98.11,-70.33,3.31,24.74,0,9,-103.66,15,-106.91,16,-112.10,4,-120.90,21,-120.97,14,-121.68
1688,3745.55,6447.50,3.00,0,10,0.05,NLOS,119.32,-0.79,-98.31,-70.53,3.08,24.74,0,9,-103.74,15,-106.70,16,-112.02,21,-120.88,4,-121.02,14,-121.63
1689,3742.57,6447.50,3.00,2,10,0.05,NLOS,119.23,-0.79,-98.22,-70.44,3.18,24.74,0,9,-103.70,15,-106.79,16,-112.05,21,-120.92,4,-120.97,14,-121.65
1690,3735.70,6447.50,3.00,2,10,0.05,NLOS,119.03,-0.79,-98.02,-70.24,3.40,24.74,0,9,-103.63,15,-107.00,16,-112.13,4,-120.85,21,-121.01,14,-121.70
1691,3728.83,6447.50,3.00,2,15,0.03,NLOS,125.52,-2.08,-103.22,-75.44,1.86,24.74,1,10,-106.60,3,-114.10,8,-114.92,9,-115.42,16,-115.47,20,-118.01
1692,3721.96,6447.50,3.00,2,15,0.03,NLOS,125.72,-2.08,-103.43,-75.64,1.52,24.74,0,10,-106.40,3,-114.04,8,-114.91,9,-115.35,16,-115.54,20,-118.08
1693,3715.08,6447.50,3.00,2,15,0.03,NLOS,125.93,-2.08,-103.63,-75.85,1.18,24.74,0,10,-106.20,3,-113.98,8,-114.90,9,-115.28,16,-115.62,20,-118.16
1694,3708.21,6447.50,3.00,2,15,0.03,NLOS,126.13,-2.08,-103.83,-76.05,0.85,24.74,0,10,-106.01,3,-113.92,8,-114.89,9,-115.22,16,-115.70,20,-118.23
1695,3701.34,6447.50,3.00,2,10,0.06,NLOS,118.05,-5.53,-92.30,-64.52,9.27,24.74,1,9,-103.78,15,-106.64,16,-113.64,8,-116.22,31,-117.07,20,-118.84
1696,3694.47,6447.50,3.00,2,10,0.06,NLOS,117.86,-5.53,-92.11,-64.33,9.49,24.74,0,9,-103.71,15,-106.84,16,-113.72,8,-116.21,31,-117.11,20,-118.92
1697,3687.59,6447.50,3.00,2,10,0.06,NLOS,117.67,-5.53,-91.92,-64.14,9.70,24.74,0,9,-103.65,15,-107.04,16,-113.80,8,-116.20,31,-117.14,20,-118.99
1698,3680.72,6447.50,3.00,2,10,0.06,NLOS,117.48,-5.53,-91.73,-63.95,9.91,24.74,0,9,-103.60,15,-107.23,16,-113.88,8,-116.19,31,-117.18,20,-119.07
1699,3673.85,6447.50,3.00,2,10,0.06,NLOS,117.30,-2.57,-94.51,-66.73,8.62,24.74,0,15,-105.24,5,-111.23,4,-112.31,16,-114.60,20,-115.20,19,-115.68
1700,3666.97,6447.50,3.00,2,10,0.06,NLOS,117.12,-2.57,-94.33,-66.55,8.89,24.74,0,15,-105.43,5,-111.15,4,-112.19,16,-114.68,20,-115.27,19,-115.72
1701,3660.10,6447.50,3.00,2,10,0.06,NLOS,116.94,-2.57,-94.16,-66.37,9.15,24.74,0,15,-105.62,5,-111.07,4,-112.07,16,-114.76,20,-115.35,19,-115.76
1702,3653.23,6447.50,3.00,2,10,0.06,NLOS,116.77,-2.57,-93.98,-66.20,9.40,24.74,0,15,-105.80,5,-110.99,4,-111.94,16,-114.84,20,-115.42,19,-115.80
1703,3646.36,6447.50,3.00,2,10,0.06,NLOS,116.60,-5.57,-90.81,-63.03,17.25,24.74,0,14,-102.71,15,-111.05,9,-113.13,8,-119.18,16,-120.35,26,-122.11
1704,3639.48,6447.50,3.00,2,10,0.06,NLOS,116.44,-5.57,-90.65,-62.86,17.49,24.74,0,14,-102.76,15,-111.23,9,-113.09,8,-119.17,16,-120.43,26,-122.16
1705,3632.61,6447.50,3.00,2,10,0.06,NLOS,116.28,-5.57,-90.49,-62.71,17.72,24.74,0,14,-102.81,15,-111.41,9,-113.04,8,-119.16,16,-120.51,26,-122.22
1706,3625.74,6447.50,3.00,2,10,0.06,NLOS,116.13,-5.57,-90.33,-62.55,17.95,24.74,0,14,-102.87,15,-111.59,9,-113.00,8,-119.15,16,-120.59,26,-122.27
1707,3618.86,6447.50,3.00,2,10,0.07,NLOS,115.98,4.19,-99.95,-72.16,-2.76,24.74,0,9,-99.47,16,-102.79,5,-108.11,13,-109.75,3,-113.07,21,-113.56
1708,3611.99,6447.50,3.00,2,10,0.07,NLOS,115.84,4.19,-99.80,-72.02,-2.62,24.74,0,9,-99.43,16,-102.87,5,-108.03,13,-109.76,3,-113.02,21,-113.64
1709,3605.12,6447.50,3.00,2,10,0.07,NLOS,115.70,4.19,-99.67,-71.89,-2.50,24.74,0,9,-99.39,16,-102.95,5,-107.95,13,-109.78,3,-112.96,21,-113.72
1710,3598.25,6447.50,3.00,2,10,0.07,NLOS,115.57,4.19,-99.54,-71.76,-2.37,24.74,0,9,-99.36,16,-103.03,5,-107.87,13,-109.80,3,-112.90,21,-113.80
1711,3591.37,6447.50,3.00,2,10,0.07,NLOS,115.45,-3.42,-91.81,-64.03,13.72,24.74,0,16,-111.08,9,-111.66,21,-113.62,15,-114.23,4,-114.92,8,-116.59
1712,3584.50,6447.50,3.00,2,10,0.07,NLOS,115.33,-3.42,-91.69,-63.91,13.86,24.74,0,16,-111.16,9,-111.63,21,-113.70,15,-114.40,4,-114.78,8,-116.59
1713,3577.63,6447.50,3.00,2,10,0.07,NLOS,115.23,-3.42,-91.58,-63.80,14.00,24.74,0,16,-111.24,9,-111.60,21,-113.78,15,-114.56,4,-114.65,8,-116.58
1714,3570.76,6447.50,3.00,2,10,0.07,NLOS,115.13,-3.42,-91.48,-63.70,14.12,24.74,0,16,-111.33,9,-111.57,21,-113.86,4,-114.51,15,-114.73,8,-116.58
1715,3563.88,6447.50,3.00,2,10,0.07,NLOS,115.03,4.34,-99.16,-71.38,0.81,24.74,0,16,-103.73,9,-104.01,4,-108.25,20,-109.49,14,-114.53,5,-116.15
1716,3557.01,6447.50,3.00,2,10,0.07,NLOS,114.95,4.34,-99.08,-71.30,0.90,24.74,0,16,-103.81,9,-103.99,4,-108.11,20,-109.56,14,-114.58,5,-116.07
1717,3550.14,6447.50,3.00,2,10,0.07,NLOS,114.88,4.34,-99.00,-71.22,0.97,24.74,0,16,-103.89,9,-103.97,4,-107.97,20,-109.63,14,-114.63,5,-115.99
1718,3547.50,6443.26,3.00,3,10,0.07,NLOS,115.09,4.34,-99.22,-71.44,0.73,24.74,0,9,-103.84,16,-103.97,4,-107.90,20,-109.64,14,-114.60,5,-116.01
1719,3547.50,6436.39,3.00,3,10,0.07,NLOS,115.48,-4.00,-91.26,-63.48,13.69,24.74,0,9,-109.40,16,-110.42,15,-110.99,3,-112.80,19,-113.93,5,-117.77
1720,3547.50,6429.52,3.00,3,10,0.07,NLOS,115.86,-4.00,-91.64,-63.86,13.25,24.74,0,9,-109.20,16,-110.50,15,-110.96,3,-112.73,19,-113.89,5,-117.84
1721,3547.50,6422.65,3.00,3,10,0.06,NLOS,116.23,-4.00,-92.01,-64.23,12.82,24.74,0,9,-108.99,16,-110.58,15,-110.93,3,-112.66,19,-113.85,5,-117.92
1722,3547.50,6415.77,3.00,3,10,0.06,NLOS,116.59,-4.00,-92.37,-64.59,12.40,24.74,0,9,-108.78,16,-110.67,15,-110.91,3,-112.59,19,-113.81,5,-117.99
1723,3547.50,6408.90,3.00,3,10,0.06,NLOS,116.95,7.95,-104.68,-76.90,-2.30,24.74,0,15,-103.12,14,-105.11,9,-115.47,4,-115.71,8,-115.77,5,-115.90
1724,3547.50,6402.03,3.00,3,10,0.06,NLOS,117.30,7.95,-105.03,-77.25,-2.68,24.74,0,15,-103.09,14,-105.03,9,-115.26,8,-115.68,4,-115.69,5,-115.98
1725,3547.50,6395.16,3.00,3,10,0.06,NLOS,117.64,7.95,-105.37,-77.59,-3.05,24.74,0,15,-103.07,14,-104.95,9,-115.04,8,-115.60,4,-115.67,5,-116.05
1726,3547.50,6388.28,3.00,3,10,0.06,NLOS,117.97,7.95,-105.71,-77.92,-3.41,24.74,0,15,-103.05,14,-104.87,9,-114.82,8,-115.52,4,-115.66,5,-116.12
1727,3547.50,6381.41,3.00,3,4,0.02,NLOS,132.16,-14.34,-97.60,-69.82,0.38,24.74,1,10,-100.67,15,-103.60,9,-106.42,8,-113.76,14,-115.23,5,-117.64
1728,3547.50,6374.54,3.00,3,4,0.02,NLOS,132.14,-14.34,-97.59,-69.80,0.53,24.74,0,10,-100.99,15,-103.58,9,-106.20,8,-113.67,14,-115.15,5,-117.72
1729,3547.50,6367.66,3.00,3,4,0.02,NLOS,132.13,-14.34,-97.57,-69.79,0.66,24.74,0,10,-101.31,15,-103.56,9,-105.97,8,-113.59,14,-115.07,5,-117.79
1730,3547.50,6360.79,3.00,3,4,0.02,NLOS,132.12,-14.34,-97.56,-69.78,0.77,24.74,0,10,-101.62,15,-103.55,9,-105.74,8,-113.50,14,-114.99,5,-117.86
1731,3547.50,6353.92,3.00,3,4,0.02,NLOS,132.11,-14.81,-97.08,-69.30,-1.98,24.74,0,10,-97.15,9,-100.64,15,-105.60,16,-110.72,5,-118.50,14,-119.35
1732,3547.50,6347.05,3.00,3,4,0.02,NLOS,132.10,-14.81,-97.07,-69.29,-1.85,24.74,0,10,-97.45,9,-100.41,15,-105.58,16,-110.80,5,-118.57,14,-119.27
1733,3547.50,6340.17,3.00,3,4,0.02,NLOS,132.09,-14.81,-97.06,-69.28,-1.75,24.74,0,10,-97.74,9,-100.16,15,-105.57,16,-110.88,5,-118.64,14,-119.19
1734,3547.50,6333.30,3.00,3,4,0.02,NLOS,132.08,-14.81,-97.05,-69.27,-1.66,24.74,0,10,-98.03,9,-99.92,15,-105.56,16,-110.96,5,-118.72,14,-119.11
1735,3547.50,6326.43,3.00,3,9,0.04,NLOS,122.85,-1.26,-101.37,-73.59,1.58,24.74,1,15,-106.76,10,-107.34,16,-109.99,4,-112.65,14,-113.27,26,-117.15
1736,3547.50,6319.56,3.00,3,9,0.04,NLOS,122.59,-1.26,-101.12,-73.33,1.92,24.74,0,15,-106.75,10,-107.62,16,-110.07,4,-112.64,14,-113.19,26,-117.15
1737,3547.50,6312.68,3.00,3,9,0.04,NLOS,122.34,-1.26,-100.86,-73.08,2.26,24.74,0,15,-106.75,10,-107.90,16,-110.15,4,-112.64,14,-113.11,26,-117.15
1738,3547.50,6305.81,3.00,3,9,0.04,NLOS,122.08,-1.26,-100.60,-72.82,2.59,24.74,0,15,-106.75,10,-108.17,16,-110.23,4,-112.64,14,-113.03,26,-117.15
1739,3547.50,6298.94,3.00,3,15,0.03,NLOS,129.92,-7.18,-102.52,-74.73,1.18,24.74,1,10,-106.10,8,-111.55,9,-111.94,16,-112.98,14,-113.82,2,-117.73
1740,3547.50,6292.06,3.00,3,15,0.03,NLOS,129.92,-7.18,-102.52,-74.74,1.29,24.74,0,10,-106.36,8,-111.46,9,-111.67,16,-113.06,14,-113.74,2,-117.68
1741,3547.50,6285.19,3.00,3,15,0.03,NLOS,129.92,-7.18,-102.52,-74.74,1.38,24.74,0,10,-106.62,8,-111.37,9,-111.40,16,-113.14,14,-113.66,2,-117.62
1742,3547.50,6278.32,3.00,3,15,0.03,NLOS,129.92,-7.18,-102.52,-74.74,1.46,24.74,0,10,-106.88,9,-111.12,8,-111.28,16,-113.22,14,-113.58,2,-117.56
1743,3547.50,6271.45,3.00,3,15,0.03,NLOS,129.93,-3.64,-106.07,-78.29,-4.34,24.74,0,9,-104.28,10,-106.82,14,-113.26,8,-114.76,20,-116.23,5,-117.89
1744,3547.50,6264.57,3.00,3,15,0.03,NLOS,129.94,-3.64,-106.08,-78.30,-4.44,24.74,0,9,-104.00,10,-107.07,14,-113.18,8,-114.67,20,-116.21,5,-117.96
1745,3547.50,6257.70,3.00,3,15,0.03,NLOS,129.95,-3.64,-106.09,-78.31,-4.56,24.74,0,9,-103.71,10,-107.31,14,-113.10,8,-114.58,20,-116.19,5,-118.03
1746,3547.50,6250.83,3.00,3,15,0.03,NLOS,129.96,-3.64,-106.10,-78.32,-4.70,24.74,0,9,-103.41,10,-107.55,14,-113.02,8,-114.48,20,-116.17,5,-118.11
1747,3543.96,6247.50,3.00,2,10,0.04,NLOS,123.69,-8.91,-94.56,-66.78,2.75,24.74,1,9,-100.27,15,-101.40,4,-109.82,16,-111.04,8,-114.02,3,-119.05
1748,3537.08,6247.50,3.00,2,10,0.04,NLOS,123.67,-8.91,-94.54,-66.76,2.81,24.74,0,9,-100.24,15,-101.56,4,-109.67,16,-111.10,8,-114.02,3,-118.98
1749,3530.21,6247.50,3.00,2,10,0.04,NLOS,123.65,-8.91,-94.53,-66.74,2.87,24.74,0,9,-100.21,15,-101.72,4,-109.52,16,-111.16,8,-114.01,3,-118.91
1750,3523.34,6247.50,3.00,2,10,0.04,NLOS,123.64,-8.91,-94.51,-66.73,2.92,24.74,0,9,-100.19,15,-101.88,4,-109.37,16,-111.22,8,-114.01,3,-118.84
1751,3516.46,6247.50,3.00,2,10,0.04,NLOS,123.63,-7.30,-96.11,-68.33,-0.47,24.74,0,9,-96.45,16,-106.60,4,-106.68,3,-109.66,26,-118.63,5,-118.84
1752,3509.59,6247.50,3.00,2,10,0.04,NLOS,123.62,-7.30,-96.10,-68.32,-0.48,24.74,0,9,-96.44,4,-106.53,16,-106.66,3,-109.59,26,-118.69,5,-118.78
1753,3502.72,6247.50,3.00,2,10,0.04,NLOS,123.62,-7.30,-96.10,-68.32,-0.49,24.74,0,9,-96.43,4,-106.38,16,-106.73,3,-109.51,5,-118.72,26,-118.74
1754,3495.85,6247.50,3.00,2,10,0.04,NLOS,123.62,-7.30,-96.10,-68.32,-0.49,24.74,0,9,-96.43,4,-106.22,16,-106.79,3,-109.44,5,-118.66,26,-118.79
1755,3488.97,6247.50,3.00,2,10,0.04,NLOS,123.63,-0.31,-103.10,-75.32,-3.73,24.74,0,4,-102.09,9,-103.12,15,-116.21,8,-117.94,14,-118.77,5,-119.10
1756,3482.10,6247.50,3.00,2,10,0.04,NLOS,123.63,-0.31,-103.10,-75.32,-3.81,24.74,0,4,-101.94,9,-103.13,15,-116.36,8,-117.94,14,-118.84,5,-119.04
1757,3475.23,6247.50,3.00,2,10,0.04,NLOS,123.64,-0.31,-103.12,-75.33,-3.90,24.74,0,4,-101.78,9,-103.14,15,-116.51,8,-117.95,14,-118.91,5,-118.98
1758,3468.36,6247.50,3.00,2,10,0.04,NLOS,123.66,-0.31,-103.13,-75.35,-3.99,24.74,0,4,-101.62,9,-103.17,15,-116.66,8,-117.95,5,-118.91,14,-118.99
1759,3461.48,6247.50,3.00,2,9,0.05,NLOS,119.66,-8.28,-91.16,-63.38,4.47,24.74,1,10,-97.38,15,-102.10,8,-108.13,4,-110.58,14,-115.00,5,-115.36
1760,3454.61,6247.50,3.00,2,9,0.05,NLOS,119.69,-8.28,-91.20,-63.42,4.48,24.74,0,10,-97.40,15,-102.24,8,-108.13,4,-110.42,14,-115.07,5,-115.30
1761,3447.74,6247.50,3.00,2,9,0.05,NLOS,119.73,-8.28,-91.24,-63.45,4.49,24.74,0,10,-97.43,15,-102.39,8,-108.14,4,-110.25,14,-115.14,5,-115.24
1762,3440.86,6247.50,3.00,2,9,0.05,NLOS,119.77,-8.28,-91.28,-63.50,4.49,24.74,0,10,-97.45,15,-102.53,8,-108.14,4,-110.09,5,-115.18,14,-115.21
1763,3433.99,6247.50,3.00,2,9,0.05,NLOS,119.82,1.38,-100.98,-73.20,2.28,24.74,0,15,-106.58,10,-106.92,5,-112.95,16,-115.16,20,-115.82,4,-117.00
1764,3427.12,6247.50,3.00,2,9,0.05,NLOS,119.88,1.38,-101.04,-73.26,2.30,24.74,0,15,-106.72,10,-106.95,5,-112.89,16,-115.22,20,-115.89,4,-116.83
1765,3420.25,6247.50,3.00,2,9,0.05,NLOS,119.93,1.38,-101.10,-73.32,2.32,24.74,0,15,-106.86,10,-106.99,5,-112.83,16,-115.29,20,-115.96,4,-116.66
1766,3413.37,6247.50,3.00,2,9,0.05,NLOS,120.00,1.38,-101.16,-73.38,2.33,24.74,0,15,-107.00,10,-107.03,5,-112.77,16,-115.35,20,-116.03,4,-116.49
1767,3406.50,6247.50,3.00,2,9,0.05,NLOS,120.07,1.52,-101.36,-73.58,-2.08,24.74,0,10,-100.17,4,-109.66,15,-110.92,20,-117.55,8,-117.74,16,-118.15
1768,3399.63,6247.50,3.00,2,9,0.05,NLOS,120.14,1.52,-101.44,-73.65,-2.12,24.74,0,10,-100.22,4,-109.48,15,-111.06,20,-117.62,8,-117.75,16,-118.22
1769,3392.76,6247.50,3.00,2,9,0.05,NLOS,120.22,1.52,-101.51,-73.73,-2.17,24.74,0,10,-100.27,4,-109.30,15,-111.19,20,-117.69,8,-117.76,16,-118.28
1770,3385.88,6247.50,3.00,2,9,0.05,NLOS,120.30,1.52,-101.60,-73.81,-2.22,24.74,0,10,-100.32,4,-109.12,15,-111.33,20,-117.75,8,-117.77,16,-118.34
1771,3379.01,6247.50,3.00,2,10,0.04,NLOS,124.13,-6.79,-97.13,-69.35,1.73,24.74,1,4,-100.63,9,-104.97,3,-107.79,15,-110.93,7,-113.34,5,-115.23
1772,3372.14,6247.50,3.00,2,10,0.04,NLOS,124.19,-6.79,-97.19,-69.41,1.57,24.74,0,4,-100.45,9,-105.06,3,-107.72,15,-111.06,7,-113.35,5,-115.17
1773,3365.26,6247.50,3.00,2,10,0.04,NLOS,124.25,-6.79,-97.25,-69.47,1.41,24.74,0,4,-100.26,9,-105.15,3,-107.65,15,-111.19,7,-113.35,5,-115.11
1774,3358.39,6247.50,3.00,2,10,0.04,NLOS,124.32,-6.79,-97.31,-69.53,1.24,24.74,0,4,-100.07,9,-105.25,3,-107.59,15,-111.32,7,-113.35,5,-115.05
1775,3351.52,6247.50,3.00,2,9,0.05,NLOS,120.77,-7.35,-93.19,-65.41,8.16,24.74,1,10,-103.60,16,-104.05,4,-106.19,5,-113.12,8,-115.93,2,-116.68
1776,3347.50,6250.35,3.00,1,9,0.04,NLOS,120.94,-7.35,-93.36,-65.58,7.92,24.74,0,10,-103.55,16,-104.06,4,-106.07,5,-113.05,8,-115.97,2,-116.69
1777,3347.50,6257.23,3.00,1,9,0.04,NLOS,121.20,-7.35,-93.62,-65.84,7.53,24.74,0,10,-103.33,16,-103.99,4,-106.06,5,-112.96,8,-116.07,2,-116.75
1778,3347.50,6264.10,3.00,1,9,0.04,NLOS,121.45,-7.35,-93.88,-66.10,7.13,24.74,0,10,-103.11,16,-103.93,4,-106.05,5,-112.87,8,-116.16,2,-116.81
1779,3347.50,6270.97,3.00,1,9,0.04,NLOS,121.71,5.06,-106.54,-78.76,-0.05,24.74,0,4,-110.36,10,-112.01,3,-113.47,16,-113.91,18,-117.80,6,-119.30
1780,3347.50,6277.84,3.00,1,9,0.04,NLOS,121.96,5.06,-106.79,-79.01,-0.35,24.74,0,4,-110.36,10,-111.78,3,-113.56,16,-113.85,18,-117.83,6,-119.34
1781,3347.50,6284.72,3.00,1,9,0.04,NLOS,122.20,5.06,-107.04,-79.26,-0.64,24.74,0,4,-110.35,10,-111.55,3,-113.65,16,-113.78,18,-117.87,6,-119.38
1782,3347.50,6291.59,3.00,1,9,0.04,NLOS,122.45,5.06,-107.29,-79.50,-0.94,24.74,0,4,-110.35,10,-111.31,16,-113.72,3,-113.74,18,-117.90,6,-119.42
1783,3347.50,6298.46,3.00,1,9,0.04,NLOS,122.69,-4.59,-97.88,-70.10,4.00,24.74,0,10,-104.84,4,-108.03,14,-112.67,15,-113.39,3,-113.86,7,-116.11
1784,3347.50,6305.34,3.00,1,9,0.04,NLOS,122.92,-4.59,-98.12,-70.33,3.65,24.74,0,10,-104.60,4,-108.03,14,-112.73,15,-113.39,3,-113.95,7,-116.17
1785,3347.50,6312.21,3.00,1,9,0.04,NLOS,123.16,-4.59,-98.35,-70.57,3.30,24.74,0,10,-104.35,4,-108.03,14,-112.80,15,-113.39,3,-114.04,7,-116.22
1786,3347.50,6319.08,3.00,1,9,0.04,NLOS,123.39,-4.59,-98.58,-70.80,2.94,24.74,0,10,-104.11,4,-108.04,14,-112.86,15,-113.39,3,-114.13,7,-116.27
1787,3347.50,6325.95,3.00,1,4,0.03,NLOS,127.19,-7.58,-99.39,-71.61,1.01,24.74,1,9,-104.49,10,-104.51,15,-107.98,5,-115.73,14,-119.14,19,-119.22
1788,3347.50,6332.83,3.00,1,4,0.03,NLOS,127.20,-7.58,-99.40,-71.62,0.99,24.74,0,10,-104.26,9,-104.72,15,-107.99,5,-115.64,14,-119.20,19,-119.26
1789,3347.50,6339.70,3.00,1,4,0.03,NLOS,127.21,-7.58,-99.41,-71.63,0.95,24.74,0,10,-104.00,9,-104.94,15,-107.99,5,-115.55,14,-119.27,19,-119.29
1790,3347.50,6346.57,3.00,1,4,0.03,NLOS,127.22,-7.58,-99.43,-71.65,0.89,24.74,0,10,-103.74,9,-105.16,15,-108.00,5,-115.46,19,-119.33,14,-119.33
1791,3347.50,6353.44,3.00,1,10,0.05,NLOS,120.72,6.07,-106.56,-78.78,-0.94,24.74,1,19,-110.56,5,-110.74,9,-110.78,4,-113.37,21,-114.75,16,-117.00
1792,3347.50,6360.32,3.00,1,10,0.05,NLOS,120.45,6.07,-106.30,-78.52,-0.64,24.74,0,19,-110.60,5,-110.64,9,-111.00,4,-113.39,21,-114.73,16,-116.93
1793,3347.50,6367.19,3.00,1,10,0.05,NLOS,120.18,6.07,-106.03,-78.25,-0.35,24.74,0,5,-110.55,19,-110.63,9,-111.21,4,-113.41,21,-114.72,16,-116.87
1794,3347.50,6374.06,3.00,1,10,0.05,NLOS,119.91,6.07,-105.76,-77.97,-0.05,24.74,0,5,-110.46,19,-110.67,9,-111.43,4,-113.43,21,-114.70,16,-116.80
1795,3347.50,6380.94,3.00,1,10,0.05,NLOS,119.63,-7.62,-91.79,-64.01,5.93,24.74,0,9,-98.22,14,-109.14,4,-111.75,5,-112.47,3,-112.63,15,-115.11
1796,3347.50,6387.81,3.00,1,10,0.05,NLOS,119.35,-7.62,-91.51,-63.73,6.40,24.74,0,9,-98.43,14,-109.21,4,-111.78,5,-112.37,3,-112.72,15,-115.12
1797,3347.50,6394.68,3.00,1,10,0.05,NLOS,119.07,-7.62,-91.23,-63.45,6.86,24.74,0,9,-98.63,14,-109.27,4,-111.81,5,-112.28,3,-112.81,15,-115.14
1798,3347.50,6401.55,3.00,1,10,0.05,NLOS,118.78,-7.62,-90.94,-63.16,7.32,24.74,0,9,-98.83,14,-109.34,4,-111.84,5,-112.18,3,-112.90,15,-115.15
1799,3347.50,6408.43,3.00,1,10,0.05,NLOS,118.49,-9.06,-89.21,-61.42,8.39,24.74,0,9,-99.39,4,-103.27,16,-112.36,5,-114.87,8,-117.52,15,-118.30
1800,3347.50,6415.30,3.00,1,10,0.05,NLOS,118.19,-9.06,-88.91,-61.13,8.82,24.74,0,9,-99.59,4,-103.31,16,-112.30,5,-114.77,8,-117.61,15,-118.31
1801,3347.50,6422.17,3.00,1,10,0.06,NLOS,117.89,-9.06,-88.61,-60.83,9.26,24.74,0,9,-99.79,4,-103.34,16,-112.23,5,-114.68,8,-117.69,15,-118.33
1802,3347.50,6429.05,3.00,1,10,0.06,NLOS,117.59,-9.06,-88.31,-60.52,9.69,24.74,0,9,-99.98,4,-103.38,16,-112.17,5,-114.58,8,-117.77,15,-118.35
1803,3347.50,6435.92,3.00,1,10,0.06,NLOS,117.28,-1.42,-95.64,-67.86,4.84,24.74,0,4,-104.11,9,-106.74,15,-107.94,5,-109.22,13,-119.49,16,-120.74
1804,3347.50,6442.79,3.00,1,10,0.06,NLOS,116.97,-1.42,-95.33,-67.54,5.20,24.74,0,4,-104.15,9,-106.93,15,-107.96,5,-109.12,13,-119.54,16,-120.68
1805,3347.50,6449.66,3.00,1,10,0.06,NLOS,116.65,-1.42,-95.01,-67.23,5.57,24.74,0,4,-104.20,9,-107.12,15,-107.98,5,-109.03,13,-119.59,16,-120.62
1806,3347.50,6456.54,3.00,1,10,0.06,NLOS,116.33,-1.42,-94.69,-66.91,5.94,24.74,0,4,-104.24,9,-107.30,15,-108.00,5,-108.93,13,-119.65,16,-120.55
1807,3347.50,6463.41,3.00,1,10,0.07,NLOS,116.01,-0.96,-94.82,-67.04,5.50,24.74,0,9,-101.23,4,-110.69,5,-112.26,15,-116.96,3,-119.45,13,-119.63
1808,3347.50,6470.28,3.00,1,10,0.07,NLOS,115.68,-0.96,-94.49,-66.71,5.97,24.74,0,9,-101.41,4,-110.74,5,-112.17,15,-116.99,3,-119.54,13,-119.68
1809,3347.50,6477.15,3.00,1,10,0.07,NLOS,115.34,-0.96,-94.16,-66.38,6.45,24.74,0,9,-101.59,4,-110.79,5,-112.07,15,-117.01,3,-119.62,13,-119.73
1810,3347.50,6484.03,3.00,1,10,0.07,NLOS,115.01,-0.96,-93.82,-66.04,6.92,24.74,0,9,-101.77,4,-110.85,5,-111.97,15,-117.04,3,-119.70,13,-119.78
1811,3347.50,6490.90,3.00,1,10,0.07,NLOS,114.67,-9.16,-85.28,-57.50,20.32,24.74,0,4,-110.39,15,-111.56,9,-112.99,5,-114.64,14,-117.22,16,-118.29
1812,3347.50,6497.77,3.00,1,10,0.08,NLOS,114.32,-9.16,-84.94,-57.16,20.71,24.74,0,4,-110.45,15,-111.59,9,-113.17,5,-114.54,14,-117.28,16,-118.23
1813,3347.50,6504.65,3.00,1,10,0.08,NLOS,113.97,-9.16,-84.59,-56.81,21.10,24.74,0,4,-110.51,15,-111.62,9,-113.34,5,-114.44,14,-117.34,16,-118.17
1814,3347.50,6511.52,3.00,1,10,0.08,NLOS,113.62,-9.16,-84.23,-56.45,21.49,24.74,0,4,-110.57,15,-111.65,9,-113.51,5,-114.35,14,-117.41,16,-118.11
1815,3347.50,6518.39,3.00,1,10,0.08,NLOS,113.26,-4.15,-88.89,-61.10,11.13,24.74,0,4,-102.05,9,-105.89,5,-113.36,15,-113.84,16,-116.74,27,-117.88
1816,3347.50,6525.26,3.00,1,10,0.09,NLOS,112.90,-4.15,-88.53,-60.74,11.57,24.74,0,4,-102.12,9,-106.05,5,-113.26,15,-113.87,16,-116.67,27,-117.87
1817,3347.50,6532.14,3.00,1,10,0.09,NLOS,112.53,-4.15,-88.16,-60.38,12.01,24.74,0,4,-102.18,9,-106.22,5,-113.17,15,-113.90,16,-116.61,27,-117.86
1818,3347.50,6539.01,3.00,1,10,0.09,NLOS,112.17,-4.15,-87.79,-60.01,12.46,24.74,0,4,-102.25,9,-106.39,5,-113.07,15,-113.93,16,-116.55,27,-117.84
1819,3347.50,6545.88,3.00,1,10,0.10,NLOS,111.80,-6.78,-84.80,-57.02,17.01,24.74,0,4,-102.88,9,-112.58,3,-113.21,16,-113.79,15,-116.01,21,-119.03
1820,3347.50,6552.75,3.00,1,10,0.10,NLOS,111.42,-6.78,-84.42,-56.64,17.45,24.74,0,4,-102.95,9,-112.74,3,-113.30,16,-113.73,15,-116.05,21,-119.02
1821,3347.50,6559.63,3.00,1,10,0.10,NLOS,111.05,-6.78,-84.05,-56.27,17.89,24.74,0,4,-103.02,9,-112.91,3,-113.38,16,-113.67,15,-116.08,21,-119.01
1822,3347.50,6566.50,3.00,1,10,0.11,NLOS,110.67,-6.78,-83.67,-55.89,18.33,24.74,0,4,-103.09,9,-113.06,3,-113.46,16,-113.61,15,-116.11,21,-119.01
1823,3347.50,6573.37,3.00,1,10,0.11,NLOS,110.29,0.85,-90.92,-63.14,12.25,24.74,0,4,-105.15,9,-110.51,15,-113.52,14,-117.07,26,-117.56,21,-118.34
1824,3347.50,6580.25,3.00,1,10,0.11,NLOS,109.91,0.85,-90.54,-62.76,12.70,24.74,0,4,-105.23,9,-110.67,15,-113.56,14,-117.13,26,-117.56,21,-118.33
1825,3347.50,6587.12,3.00,1,10,0.12,NLOS,109.54,0.85,-90.16,-62.38,13.16,24.74,0,4,-105.30,9,-110.83,15,-113.60,14,-117.20,26,-117.57,21,-118.32
1826,3347.50,6593.99,3.00,1,10,0.12,NLOS,109.16,0.85,-89.79,-62.01,13.61,24.74,0,4,-105.38,9,-110.98,15,-113.63,14,-117.26,26,-117.58,21,-118.32
1827,3347.50,6600.86,3.00,1,10,0.13,NLOS,108.78,-7.13,-81.44,-53.66,25.61,24.74,0,4,-110.19,9,-113.81,16,-114.85,8,-116.66,14,-117.34,15,-119.30
1828,3347.50,6607.74,3.00,1,10,0.13,NLOS,108.41,-7.13,-81.06,-53.28,26.04,24.74,0,4,-110.27,9,-113.97,16,-114.79,8,-116.73,14,-117.40,15,-119.33
1829,3347.50,6614.61,3.00,1,10,0.14,NLOS,108.04,-7.13,-80.70,-52.92,26.47,24.74,0,4,-110.35,9,-114.12,16,-114.74,8,-116.80,14,-117.47,15,-119.37
1830,3347.50,6621.48,3.00,1,10,0.14,NLOS,107.68,-7.13,-80.34,-52.55,26.89,24.74,0,4,-110.43,9,-114.26,16,-114.68,8,-116.87,14,-117.53,15,-119.42
1831,3347.50,6628.35,3.00,1,10,0.15,NLOS,107.33,-0.98,-86.12,-58.34,15.05,24.74,0,9,-105.37,4,-105.60,5,-108.73,16,-112.82,3,-115.90,0,-120.57
1832,3347.50,6635.23,3.00,1,10,0.15,NLOS,106.98,-0.98,-85.78,-58.00,15.46,24.74,0,9,-105.52,4,-105.69,5,-108.64,16,-112.76,3,-115.97,0,-120.60
1833,3347.50,6642.10,3.00,1,10,0.16,NLOS,106.65,-0.98,-85.44,-57.66,15.85,24.74,0,9,-105.67,4,-105.77,5,-108.54,16,-112.70,3,-116.05,0,-120.63
1834,3348.97,6647.50,3.00,0,10,0.16,NLOS,106.27,-0.98,-85.06,-57.28,16.29,24.74,0,9,-105.77,4,-105.87,5,-108.49,16,-112.64,3,-116.12,0,-120.66
1835,3355.85,6647.50,3.00,0,10,0.17,NLOS,105.68,-3.17,-82.29,-54.51,15.17,24.74,0,4,-99.56,9,-102.84,15,-111.95,16,-112.96,3,-113.41,5,-113.55
1836,3362.72,6647.50,3.00,0,10,0.18,NLOS,105.08,-3.17,-81.69,-53.91,15.85,24.74,0,4,-99.70,9,-102.81,15,-111.83,16,-112.87,3,-113.45,5,-113.66
1837,3369.59,6647.50,3.00,0,10,0.19,NLOS,104.47,-3.17,-81.08,-53.30,16.53,24.74,0,4,-99.85,9,-102.78,15,-111.72,16,-112.77,3,-113.49,5,-113.77
1838,3376.46,6647.50,3.00,0,10,0.20,NLOS,103.85,-3.17,-80.46,-52.68,17.23,24.74,0,4,-99.99,9,-102.76,15,-111.60,16,-112.67,3,-113.53,5,-113.89
1839,3383.34,6647.50,3.00,0,10,0.21,NLOS,103.21,11.31,-94.30,-66.52,4.95,24.74,0,4,-100.79,9,-105.19,3,-109.80,16,-115.98,5,-117.23,13,-119.58
1840,3390.21,6647.50,3.00,0,10,0.23,NLOS,102.57,11.31,-93.66,-65.87,5.69,24.74,0,4,-100.93,9,-105.17,3,-109.84,16,-115.89,5,-117.34,13,-119.56
1841,3397.08,6647.50,3.00,0,10,0.24,NLOS,101.91,11.31,-93.00,-65.22,6.44,24.74,0,4,-101.07,9,-105.15,3,-109.88,16,-115.79,5,-117.45,13,-119.54
1842,3403.95,6647.50,3.00,0,10,0.25,NLOS,101.25,11.31,-92.34,-64.56,7.19,24.74,0,4,-101.21,9,-105.13,3,-109.92,16,-115.69,5,-117.56,13,-119.53
1843,3410.83,6647.50,3.00,0,10,0.27,NLOS,100.59,-8.01,-72.36,-44.58,20.28,24.74,0,4,-92.74,15,-112.20,5,-114.64,9,-119.93,16,-120.11,26,-121.98
1844,3417.70,6647.50,3.00,0,10,0.28,NLOS,99.92,-8.01,-71.69,-43.91,21.08,24.74,0,4,-92.88,15,-112.08,5,-114.74,9,-119.91,16,-120.01,26,-121.93
1845,3424.57,6647.50,3.00,0,10,0.30,NLOS,99.25,-8.01,-71.03,-43.25,21.87,24.74,0,4,-93.01,15,-111.96,5,-114.85,9,-119.90,16,-119.91,26,-121.88
1846,3431.45,6647.50,3.00,0,10,0.31,NLOS,98.60,-8.01,-70.38,-42.59,22.66,24.74,0,4,-93.15,15,-111.84,5,-114.96,16,-119.81,9,-119.89,26,-121.83
1847,3438.32,6647.50,3.00,0,10,0.33,NLOS,97.96,1.11,-78.85,-51.07,26.71,24.74,0,4,-110.18,5,-111.79,9,-112.04,15,-116.55,16,-117.92,8,-118.98
1848,3445.19,6647.50,3.00,0,10,0.34,NLOS,97.34,1.11,-78.23,-50.45,27.37,24.74,0,4,-110.32,5,-111.90,9,-112.03,15,-116.42,16,-117.82,8,-118.97
1849,3452.06,6647.50,3.00,0,10,0.36,NLOS,96.76,1.11,-77.65,-49.87,28.00,24.74,0,4,-110.45,5,-112.00,9,-112.02,15,-116.30,16,-117.72,8,-118.97
1850,3458.94,6647.50,3.00,0,10,0.37,NLOS,96.22,1.11,-77.11,-49.33,28.59,24.74,0,4,-110.59,9,-112.02,5,-112.11,15,-116.18,16,-117.62,8,-118.97
1851,3465.81,6647.50,3.00,0,10,0.39,NLOS,95.74,0.60,-76.12,-48.34,22.56,24.74,0,9,-99.46,15,-109.34,8,-111.39,16,-112.15,4,-115.48,5,-119.21
1852,3472.68,6647.50,3.00,0,10,0.40,NLOS,95.32,0.60,-75.70,-47.92,22.96,24.74,0,9,-99.46,15,-109.21,8,-111.38,16,-112.05,4,-115.61,5,-119.31
1853,3479.55,6647.50,3.00,0,10,0.41,NLOS,94.98,0.60,-75.36,-47.58,23.29,24.74,0,9,-99.45,15,-109.09,8,-111.38,16,-111.95,4,-115.74,5,-119.42
1854,3486.43,6647.50,3.00,0,10,0.41,NLOS,94.73,0.60,-75.11,-47.33,23.52,24.74,0,9,-99.45,15,-108.96,8,-111.38,16,-111.84,4,-115.87,5,-119.53
1855,3493.30,6647.50,3.00,0,10,0.42,NLOS,94.58,-4.64,-69.72,-41.94,29.58,24.74,0,16,-102.29,5,-104.70,9,-110.20,4,-110.88,15,-112.08,26,-117.35
1856,3500.17,6647.50,3.00,0,10,0.42,NLOS,94.53,-4.64,-69.67,-41.89,29.61,24.74,0,16,-102.19,5,-104.81,9,-110.20,4,-111.01,15,-111.95,26,-117.30
1857,3507.05,6647.50,3.00,0,10,0.42,NLOS,94.58,-4.64,-69.72,-41.94,29.53,24.74,0,16,-102.08,5,-104.91,9,-110.20,4,-111.14,15,-111.82,26,-117.25
1858,3513.92,6647.50,3.00,0,10,0.41,NLOS,94.74,-4.64,-69.88,-42.10,29.34,24.74,0,16,-101.97,5,-105.02,9,-110.20,4,-111.27,15,-111.69,26,-117.20
1859,3520.79,6647.50,3.00,0,10,0.41,NLOS,95.00,-1.31,-73.47,-45.69,27.90,24.74,0,15,-104.66,5,-106.53,14,-107.15,16,-111.30,21,-112.81,9,-116.09
1860,3527.66,6647.50,3.00,0,10,0.40,NLOS,95.34,-1.31,-73.82,-46.03,27.51,24.74,0,15,-104.53,5,-106.64,14,-107.10,16,-111.20,21,-112.73,9,-116.09
1861,3534.54,6647.50,3.00,0,10,0.39,NLOS,95.76,-1.31,-74.24,-46.45,27.04,24.74,0,15,-104.39,5,-106.74,14,-107.06,16,-111.09,21,-112.65,9,-116.10
1862,3541.41,6647.50,3.00,0,10,0.37,NLOS,96.25,-1.31,-74.72,-46.94,26.50,24.74,0,15,-104.26,5,-106.84,14,-107.02,16,-110.98,21,-112.57,9,-116.10
1863,3548.28,6647.50,3.00,0,10,0.36,NLOS,96.79,-0.44,-76.13,-48.35,31.59,24.74,0,9,-111.58,15,-113.73,14,-115.91,5,-117.61,16,-118.10,4,-119.59
1864,3555.15,6647.50,3.00,0,10,0.34,NLOS,97.37,-0.44,-76.71,-48.93,30.98,24.74,0,9,-111.59,15,-113.60,14,-115.87,5,-117.72,16,-117.99,4,-119.71
1865,3562.03,6647.50,3.00,0,10,0.33,NLOS,97.99,-0.44,-77.33,-49.55,30.34,24.74,0,9,-111.60,15,-113.46,14,-115.83,5,-117.82,16,-117.88,4,-119.83
1866,3568.90,6647.50,3.00,0,10,0.31,NLOS,98.63,-0.44,-77.97,-50.19,29.67,24.74,0,9,-111.61,15,-113.33,14,-115.78,16,-117.78,5,-117.92,4,-119.96
1867,3575.77,6647.50,3.00,0,10,0.30,NLOS,99.29,12.01,-91.08,-63.30,11.55,24.74,0,15,-105.07,4,-109.39,5,-111.29,14,-116.06,3,-117.08,20,-117.49
1868,3582.65,6647.50,3.00,0,10,0.28,NLOS,99.95,12.01,-91.74,-63.96,10.84,24.74,0,15,-104.93,4,-109.51,5,-111.39,14,-116.02,3,-117.12,20,-117.43
1869,3589.52,6647.50,3.00,0,10,0.27,NLOS,100.62,12.01,-92.41,-64.63,10.12,24.74,0,15,-104.79,4,-109.63,5,-111.49,14,-115.98,3,-117.17,20,-117.37
1870,3596.39,6647.50,3.00,0,10,0.25,NLOS,101.29,12.01,-93.08,-65.29,9.40,24.74,0,15,-104.66,4,-109.75,5,-111.59,14,-115.94,3,-117.21,20,-117.30
1871,3603.26,6647.50,3.00,0,10,0.24,NLOS,101.95,1.34,-83.07,-55.29,23.01,24.74,0,4,-109.59,27,-111.20,9,-112.76,15,-113.19,8,-115.98,5,-117.51
1872,3610.14,6647.50,3.00,0,10,0.23,NLOS,102.60,1.34,-83.72,-55.94,22.39,24.74,0,4,-109.70,27,-111.15,9,-112.78,15,-113.05,8,-115.99,5,-117.61
1873,3617.01,6647.50,3.00,0,10,0.21,NLOS,103.25,1.34,-84.37,-56.59,21.77,24.74,0,4,-109.82,27,-111.10,9,-112.81,15,-112.91,8,-115.99,5,-117.70
1874,3623.88,6647.50,3.00,0,10,0.20,NLOS,103.88,1.34,-85.00,-57.22,21.16,24.74,0,4,-109.94,27,-111.05,15,-112.77,9,-112.83,8,-116.00,5,-117.80
1875,3630.75,6647.50,3.00,0,10,0.19,NLOS,104.50,-2.41,-81.87,-54.09,19.39,24.74,0,4,-104.45,15,-105.08,19,-110.61,16,-112.94,7,-113.35,14,-114.98
1876,3637.63,6647.50,3.00,0,10,0.18,NLOS,105.11,-2.41,-82.48,-54.70,18.77,24.74,0,4,-104.57,15,-104.93,19,-110.58,16,-112.83,7,-113.35,14,-114.94
1877,3644.50,6647.50,3.00,0,10,0.17,NLOS,105.71,-2.41,-83.08,-55.30,18.15,24.74,0,4,-104.68,15,-104.79,19,-110.54,16,-112.72,7,-113.35,14,-114.90
1878,3651.37,6647.50,3.00,0,10,0.16,NLOS,106.30,-2.41,-83.67,-55.88,17.55,24.74,0,15,-104.64,4,-104.79,19,-110.51,16,-112.61,7,-113.36,14,-114.87
1879,3658.25,6647.50,3.00,0,10,0.15,NLOS,106.87,-7.38,-79.27,-51.49,26.04,24.74,0,15,-107.00,14,-110.69,16,-115.31,5,-116.60,9,-117.25,3,-118.04
1880,3665.12,6647.50,3.00,0,10,0.14,NLOS,107.43,-7.38,-79.83,-52.05,25.38,24.74,0,15,-106.86,14,-110.65,16,-115.20,5,-116.70,9,-117.28,3,-118.09
1881,3671.99,6647.50,3.00,0,10,0.14,NLOS,107.97,-7.38,-80.38,-52.60,24.74,24.74,0,15,-106.71,14,-110.61,16,-115.09,5,-116.80,9,-117.31,3,-118.13
1882,3678.86,6647.50,3.00,0,10,0.13,NLOS,108.50,-7.38,-80.91,-53.13,24.10,24.74,0,15,-106.56,14,-110.57,16,-114.97,5,-116.89,9,-117.34,3,-118.18
1883,3685.74,6647.50,3.00,0,10,0.12,NLOS,109.03,2.68,-91.49,-63.70,15.59,24.74,0,16,-113.28,9,-113.52,3,-114.09,15,-114.69,4,-114.93,5,-114.96
1884,3692.61,6647.50,3.00,0,10,0.12,NLOS,109.53,2.68,-91.99,-64.21,15.07,24.74,0,16,-113.17,9,-113.55,3,-114.13,15,-114.54,4,-115.04,5,-115.05
1885,3699.48,6647.50,3.00,0,10,0.11,NLOS,110.03,2.68,-92.49,-64.71,14.55,24.74,0,16,-113.06,9,-113.58,3,-114.18,15,-114.38,5,-115.15,4,-115.15
1886,3706.35,6647.50,3.00,0,10,0.11,NLOS,110.51,2.68,-92.97,-65.19,14.05,24.74,0,16,-112.95,9,-113.62,3,-114.23,15,-114.23,5,-115.24,4,-115.26
1887,3713.23,6647.50,3.00,0,10,0.10,NLOS,110.99,-0.76,-90.01,-62.23,16.27,24.74,0,15,-109.65,9,-112.79,16,-115.12,21,-117.85,26,-118.12,5,-118.76
1888,3720.10,6647.50,3.00,0,10,0.10,NLOS,111.45,-0.76,-90.48,-62.69,15.73,24.74,0,15,-109.50,9,-112.83,16,-115.01,21,-117.76,26,-118.07,5,-118.85
1889,3726.97,6647.50,3.00,0,10,0.09,NLOS,111.90,-0.76,-90.93,-63.15,15.20,24.74,0,15,-109.35,9,-112.86,16,-114.90,21,-117.66,26,-118.01,5,-118.94
1890,3733.85,6647.50,3.00,0,10,0.09,NLOS,112.35,-0.76,-91.37,-63.59,14.68,24.74,0,15,-109.19,9,-112.91,16,-114.78,21,-117.57,26,-117.96,5,-119.04
1891,3740.72,6647.50,3.00,0,10,0.09,NLOS,112.78,13.53,-106.09,-78.31,-3.48,24.74,0,5,-106.38,20,-107.02,15,-109.86,9,-110.02,16,-111.52,4,-114.26
1892,3747.41,6647.50,3.00,2,10,0.08,NLOS,113.19,13.53,-106.50,-78.72,-3.89,24.74,0,5,-106.47,20,-106.96,15,-109.71,9,-110.06,16,-111.41,4,-114.36
1893,3740.54,6647.50,3.00,2,10,0.09,NLOS,112.77,13.53,-106.08,-78.30,-3.47,24.74,0,5,-106.37,20,-107.03,15,-109.87,9,-110.02,16,-111.52,4,-114.25
1894,3733.66,6647.50,3.00,2,10,0.09,NLOS,112.34,13.53,-105.65,-77.87,-3.05,24.74,0,5,-106.28,20,-107.09,9,-109.97,15,-110.02,16,-111.63,4,-114.15
1895,3726.79,6647.50,3.00,2,10,0.09,NLOS,111.89,4.84,-96.52,-68.73,3.32,24.74,0,15,-101.88,5,-105.92,9,-111.21,14,-113.86,20,-115.65,16,-115.89
1896,3719.92,6647.50,3.00,2,10,0.10,NLOS,111.44,4.84,-96.06,-68.28,3.84,24.74,0,15,-102.03,5,-105.83,9,-111.17,14,-113.90,20,-115.72,16,-116.00
1897,3713.04,6647.50,3.00,2,10,0.10,NLOS,110.98,4.84,-95.60,-67.82,4.37,24.74,0,15,-102.19,5,-105.74,9,-111.13,14,-113.93,20,-115.78,16,-116.11
1898,3706.17,6647.50,3.00,2,10,0.11,NLOS,110.50,4.84,-95.13,-67.34,4.91,24.74,0,15,-102.34,5,-105.64,9,-111.10,14,-113.97,20,-115.85,16,-116.22
1899,3699.30,6647.50,3.00,2,10,0.11,NLOS,110.02,-2.94,-86.86,-59.08,16.44,24.74,0,15,-105.76,4,-109.04,9,-114.85,16,-114.89,3,-117.85,12,-119.23
1900,3692.43,6647.50,3.00,2,10,0.12,NLOS,109.52,-2.94,-86.37,-58.58,17.00,24.74,0,15,-105.91,4,-108.93,9,-114.81,16,-115.01,3,-117.80,12,-119.23
1901,3685.55,6647.50,3.00,2,10,0.12,NLOS,109.01,-2.94,-85.86,-58.08,17.56,24.74,0,15,-106.06,4,-108.82,9,-114.78,16,-115.12,3,-117.76,12,-119.24
1902,3678.68,6647.50,3.00,2,10,0.13,NLOS,108.49,-2.94,-85.34,-57.55,18.14,24.74,0,15,-106.21,4,-108.71,9,-114.75,16,-115.23,3,-117.71,12,-119.25
1903,3671.81,6647.50,3.00,2,10,0.14,NLOS,107.96,15.28,-103.02,-75.24,2.68,24.74,0,4,-108.15,14,-110.55,16,-113.73,15,-113.76,9,-117.56,21,-121.47
1904,3664.94,6647.50,3.00,2,10,0.14,NLOS,107.41,15.28,-102.47,-74.69,3.20,24.74,0,4,-108.04,14,-110.59,16,-113.84,15,-113.91,9,-117.53,21,-121.56
1905,3658.06,6647.50,3.00,2,10,0.15,NLOS,106.85,15.28,-101.92,-74.13,3.73,24.74,0,4,-107.93,14,-110.63,16,-113.95,15,-114.06,9,-117.50,21,-121.64
1906,3651.19,6647.50,3.00,2,10,0.16,NLOS,106.28,15.28,-101.34,-73.56,4.27,24.74,0,4,-107.82,14,-110.67,16,-114.07,15,-114.20,9,-117.47,21,-121.73
1907,3644.32,6647.50,3.00,2,10,0.17,NLOS,105.70,-0.08,-85.40,-57.62,14.27,24.74,0,4,-102.66,15,-104.78,9,-110.03,16,-113.44,5,-114.78,27,-116.26
1908,3637.44,6647.50,3.00,2,10,0.18,NLOS,105.10,-0.08,-84.80,-57.02,14.85,24.74,0,4,-102.55,15,-104.93,9,-110.00,16,-113.55,5,-114.68,27,-116.31
1909,3630.57,6647.50,3.00,2,10,0.19,NLOS,104.49,-0.08,-84.19,-56.41,15.45,24.74,0,4,-102.44,15,-105.07,9,-109.98,16,-113.66,5,-114.58,27,-116.36
1910,3623.70,6647.50,3.00,2,10,0.20,NLOS,103.86,-0.08,-83.57,-55.79,16.05,24.74,0,4,-102.32,15,-105.21,9,-109.95,16,-113.77,5,-114.48,27,-116.42
1911,3616.83,6647.50,3.00,2,10,0.21,NLOS,103.23,5.15,-88.17,-60.38,16.92,24.74,0,5,-108.10,4,-111.04,9,-114.24,2,-115.70,15,-116.79,20,-117.44
1912,3609.95,6647.50,3.00,2,10,0.23,NLOS,102.58,5.15,-87.52,-59.74,17.50,24.74,0,5,-108.01,4,-110.92,9,-114.22,2,-115.68,15,-116.93,20,-117.50
1913,3603.08,6647.50,3.00,2,10,0.24,NLOS,101.93,5.15,-86.87,-59.08,18.08,24.74,0,5,-107.91,4,-110.80,9,-114.20,2,-115.66,15,-117.07,20,-117.56
1914,3596.21,6647.50,3.00,2,10,0.25,NLOS,101.27,5.15,-86.20,-58.42,18.67,24.74,0,5,-107.81,4,-110.69,9,-114.18,2,-115.64,15,-117.21,20,-117.63
1915,3589.34,6647.50,3.00,2,10,0.27,NLOS,100.60,-3.64,-76.75,-48.96,21.02,24.74,0,15,-98.50,9,-109.74,4,-111.97,16,-112.11,5,-117.06,27,-117.32
1916,3582.46,6647.50,3.00,2,10,0.28,NLOS,99.93,-3.64,-76.08,-48.30,21.81,24.74,0,15,-98.64,9,-109.73,4,-111.85,16,-112.22,5,-116.96,27,-117.37
1917,3575.59,6647.50,3.00,2,10,0.30,NLOS,99.27,-3.64,-75.41,-47.63,22.58,24.74,0,15,-98.78,9,-109.71,4,-111.73,16,-112.33,5,-116.85,27,-117.42
1918,3568.72,6647.50,3.00,2,10,0.31,NLOS,98.62,-3.64,-74.76,-46.98,23.35,24.74,0,15,-98.91,9,-109.70,4,-111.61,16,-112.44,5,-116.75,27,-117.47
1919,3561.84,6647.50,3.00,2,10,0.33,NLOS,97.98,2.51,-80.27,-52.49,20.78,24.74,0,16,-105.32,15,-105.61,9,-107.50,4,-117.15,8,-119.17,3,-119.84
1920,3554.97,6647.50,3.00,2,10,0.34,NLOS,97.36,2.51,-79.65,-51.87,21.48,24.74,0,16,-105.43,15,-105.75,9,-107.49,4,-117.03,8,-119.17,3,-119.79
1921,3548.10,6647.50,3.00,2,10,0.36,NLOS,96.77,2.51,-79.07,-51.29,22.14,24.74,0,16,-105.54,15,-105.88,9,-107.48,4,-116.91,8,-119.16,3,-119.75
1922,3547.50,6641.23,3.00,3,10,0.34,NLOS,97.62,2.51,-79.91,-52.13,21.28,24.74,0,16,-105.62,15,-105.83,9,-107.35,4,-116.85,8,-119.10,3,-119.69
1923,3547.50,6634.35,3.00,3,10,0.31,NLOS,98.57,-0.89,-77.46,-49.68,26.37,24.74,0,15,-106.05,5,-114.06,4,-114.38,21,-114.47,9,-114.80,14,-116.72
1924,3547.50,6627.48,3.00,3,10,0.29,NLOS,99.48,-0.89,-78.37,-50.59,25.41,24.74,0,15,-105.99,5,-114.13,4,-114.33,21,-114.48,9,-114.65,14,-116.65
1925,3547.50,6620.61,3.00,3,10,0.27,NLOS,100.35,-0.89,-79.24,-51.46,24.49,24.74,0,15,-105.92,5,-114.20,4,-114.28,21,-114.49,9,-114.49,14,-116.58
1926,3547.50,6613.74,3.00,3,10,0.25,NLOS,101.19,-0.89,-80.08,-52.30,23.60,24.74,0,15,-105.86,4,-114.23,5,-114.27,9,-114.34,21,-114.49,14,-116.50
1927,3547.50,6606.86,3.00,3,10,0.24,NLOS,102.00,2.09,-83.87,-56.09,23.70,24.74,0,5,-111.73,9,-111.94,8,-112.26,16,-116.11,14,-116.12,15,-119.54
1928,3547.50,6599.99,3.00,3,10,0.22,NLOS,102.78,2.09,-84.65,-56.87,22.89,24.74,0,9,-111.78,5,-111.79,8,-112.19,14,-116.05,16,-116.19,15,-119.48
1929,3547.50,6593.12,3.00,3,10,0.21,NLOS,103.53,2.09,-85.40,-57.61,22.12,24.74,0,9,-111.63,5,-111.86,8,-112.11,14,-115.98,16,-116.27,15,-119.42
1930,3547.50,6586.24,3.00,3,10,0.19,NLOS,104.25,2.09,-86.12,-58.34,21.36,24.74,0,9,-111.47,5,-111.93,8,-112.04,14,-115.90,16,-116.35,15,-119.36
1931,3547.50,6579.37,3.00,3,10,0.18,NLOS,104.95,5.11,-89.84,-62.06,13.72,24.74,0,15,-105.55,16,-111.73,4,-113.32,9,-116.02,14,-116.60,5,-118.23
1932,3547.50,6572.50,3.00,3,10,0.17,NLOS,105.62,5.11,-90.51,-62.73,13.02,24.74,0,15,-105.49,16,-111.81,4,-113.27,9,-115.86,14,-116.53,5,-118.30
1933,3547.50,6565.63,3.00,3,10,0.16,NLOS,106.27,5.11,-91.16,-63.38,12.33,24.74,0,15,-105.44,16,-111.90,4,-113.23,9,-115.69,14,-116.45,5,-118.37
1934,3547.50,6558.75,3.00,3,10,0.15,NLOS,106.89,5.11,-91.79,-64.01,11.67,24.74,0,15,-105.38,16,-111.98,4,-113.19,9,-115.52,14,-116.38,5,-118.44
1935,3547.50,6551.88,3.00,3,10,0.14,NLOS,107.50,5.68,-92.96,-65.18,9.29,24.74,0,5,-104.36,16,-109.54,9,-111.39,21,-115.17,15,-120.92,14,-122.00
1936,3547.50,6545.01,3.00,3,10,0.14,NLOS,108.09,5.68,-93.55,-65.76,8.74,24.74,0,5,-104.43,16,-109.62,9,-111.22,21,-115.18,15,-120.87,14,-121.92
1937,3547.50,6538.14,3.00,3,10,0.13,NLOS,108.66,5.68,-94.11,-66.33,8.20,24.74,0,5,-104.50,16,-109.71,9,-111.05,21,-115.19,15,-120.82,14,-121.85
1938,3547.50,6531.26,3.00,3,10,0.12,NLOS,109.21,5.68,-94.67,-66.89,7.68,24.74,0,5,-104.58,16,-109.79,9,-110.88,21,-115.20,15,-120.77,14,-121.77
1939,3547.50,6524.39,3.00,3,10,0.12,NLOS,109.75,-8.34,-81.19,-53.41,20.31,24.74,0,9,-102.41,14,-112.18,5,-112.91,15,-113.77,8,-114.52,16,-116.21
1940,3547.50,6517.52,3.00,3,10,0.11,NLOS,110.27,-8.34,-81.71,-53.93,19.65,24.74,0,9,-102.24,14,-112.11,5,-112.99,15,-113.72,8,-114.44,16,-116.30
1941,3547.50,6510.64,3.00,3,10,0.10,NLOS,110.77,-8.34,-82.22,-54.44,19.00,24.74,0,9,-102.06,14,-112.03,5,-113.06,15,-113.68,8,-114.37,16,-116.38
1942,3547.50,6503.77,3.00,3,10,0.10,NLOS,111.26,-8.34,-82.71,-54.93,18.37,24.74,0,9,-101.88,14,-111.95,5,-113.13,15,-113.63,8,-114.29,16,-116.46
1943,3547.50,6496.90,3.00,3,10,0.10,NLOS,111.74,-6.12,-85.41,-57.63,11.34,24.74,0,5,-101.33,15,-101.88,9,-103.33,4,-106.51,16,-115.12,14,-115.98
1944,3547.50,6490.03,3.00,3,10,0.09,NLOS,112.21,-6.12,-85.88,-58.09,10.84,24.74,0,5,-101.40,15,-101.84,9,-103.14,4,-106.48,16,-115.21,14,-115.90
1945,3547.50,6483.15,3.00,3,10,0.09,NLOS,112.66,-6.12,-86.33,-58.55,10.36,24.74,0,5,-101.48,15,-101.80,9,-102.96,4,-106.45,16,-115.29,14,-115.83
1946,3547.50,6476.28,3.00,3,10,0.08,NLOS,113.11,-6.12,-86.77,-58.99,9.88,24.74,0,5,-101.55,15,-101.76,9,-102.77,4,-106.42,16,-115.37,14,-115.75
1947,3547.50,6469.41,3.00,3,10,0.08,NLOS,113.54,2.14,-95.46,-67.68,4.51,24.74,0,9,-104.72,15,-104.95,4,-107.02,16,-110.60,5,-113.25,14,-115.40
1948,3547.50,6462.54,3.00,3,10,0.08,NLOS,113.96,2.14,-95.89,-68.10,4.02,24.74,0,9,-104.53,15,-104.91,4,-106.99,16,-110.68,5,-113.33,14,-115.33
1949,3547.50,6455.66,3.00,3,10,0.08,NLOS,114.37,2.14,-96.30,-68.52,3.53,24.74,0,9,-104.33,15,-104.88,4,-106.96,16,-110.76,5,-113.40,14,-115.25
1950,3547.50,6448.79,3.00,3,10,0.07,NLOS,114.78,2.14,-96.70,-68.92,3.05,24.74,0,9,-104.14,15,-104.84,4,-106.93,16,-110.85,5,-113.47,14,-115.17
1951,3541.92,6447.50,3.00,2,10,0.07,NLOS,114.80,-5.52,-89.07,-61.29,10.73,24.74,0,9,-101.77,15,-105.87,4,-110.66,14,-112.10,16,-117.85,3,-118.20
1952,3535.04,6447.50,3.00,2,10,0.07,NLOS,114.75,-5.52,-89.01,-61.23,10.81,24.74,0,9,-101.76,15,-106.03,4,-110.52,14,-112.15,16,-117.93,3,-118.15
1953,3528.17,6447.50,3.00,2,10,0.07,NLOS,114.70,-5.52,-88.97,-61.19,10.87,24.74,0,9,-101.75,15,-106.18,4,-110.37,14,-112.21,16,-118.02,3,-118.09
1954,3521.30,6447.50,3.00,2,10,0.07,NLOS,114.67,-5.52,-88.93,-61.15,10.93,24.74,0,9,-101.74,15,-106.34,4,-110.23,14,-112.26,3,-118.04,16,-118.10
1955,3514.43,6447.50,3.00,2,10,0.07,NLOS,114.64,3.80,-98.23,-70.45,6.96,24.74,0,9,-108.98,4,-111.40,15,-112.96,5,-115.74,3,-116.89,21,-119.39
1956,3507.55,6447.50,3.00,2,10,0.07,NLOS,114.63,3.80,-98.21,-70.43,6.96,24.74,0,9,-108.98,4,-111.25,15,-113.11,5,-115.66,3,-116.83,21,-119.47
1957,3500.68,6447.50,3.00,2,10,0.07,NLOS,114.62,3.80,-98.21,-70.42,6.95,24.74,0,9,-108.98,4,-111.10,15,-113.26,5,-115.58,3,-116.78,21,-119.54
1958,3493.81,6447.50,3.00,2,10,0.07,NLOS,114.62,3.80,-98.21,-70.43,6.93,24.74,0,9,-108.98,4,-110.95,15,-113.41,5,-115.50,3,-116.72,21,-119.62
1959,3486.94,6447.50,3.00,2,10,0.07,NLOS,114.64,0.60,-95.02,-67.24,12.81,24.74,0,4,-109.89,20,-112.38,5,-116.39,16,-116.86,19,-121.14,9,-121.82
1960,3480.06,6447.50,3.00,2,10,0.07,NLOS,114.66,0.60,-95.05,-67.27,12.69,24.74,0,4,-109.74,20,-112.44,5,-116.31,16,-116.94,19,-121.18,9,-121.83
1961,3473.19,6447.50,3.00,2,10,0.07,NLOS,114.69,0.60,-95.08,-67.30,12.57,24.74,0,4,-109.59,20,-112.51,5,-116.22,16,-117.02,19,-121.22,9,-121.84
1962,3466.32,6447.50,3.00,2,10,0.07,NLOS,114.74,0.60,-95.12,-67.34,12.43,24.74,0,4,-109.43,20,-112.58,5,-116.14,16,-117.10,19,-121.26,9,-121.85
1963,3459.44,6447.50,3.00,2,10,0.07,NLOS,114.79,1.67,-96.24,-68.46,10.64,24.74,0,15,-110.99,9,-113.13,14,-114.12,4,-115.06,1,-115.38,5,-115.64
1964,3452.57,6447.50,3.00,2,10,0.07,NLOS,114.85,1.67,-96.31,-68.52,10.60,24.74,0,15,-111.13,9,-113.14,14,-114.17,4,-114.90,1,-115.37,5,-115.56
1965,3445.70,6447.50,3.00,2,10,0.07,NLOS,114.92,1.67,-96.38,-68.59,10.56,24.74,0,15,-111.27,9,-113.16,14,-114.23,4,-114.74,1,-115.36,5,-115.48
1966,3438.83,6447.50,3.00,2,10,0.07,NLOS,115.00,1.67,-96.46,-68.67,10.50,24.74,0,15,-111.41,9,-113.18,14,-114.29,4,-114.58,1,-115.35,5,-115.40
1967,3431.95,6447.50,3.00,2,10,0.07,NLOS,115.09,1.61,-96.48,-68.70,8.18,24.74,0,3,-108.51,5,-108.72,15,-108.92,8,-108.92,4,-114.13,9,-115.41
1968,3425.08,6447.50,3.00,2,10,0.07,NLOS,115.19,1.61,-96.58,-68.80,8.09,24.74,0,3,-108.45,5,-108.64,8,-108.93,15,-109.06,4,-113.97,9,-115.44
1969,3418.21,6447.50,3.00,2,10,0.07,NLOS,115.29,1.61,-96.69,-68.90,7.99,24.74,0,3,-108.40,5,-108.56,8,-108.93,15,-109.20,4,-113.80,9,-115.46
1970,3411.34,6447.50,3.00,2,10,0.07,NLOS,115.40,1.61,-96.80,-69.02,7.87,24.74,0,3,-108.35,5,-108.48,8,-108.94,15,-109.33,4,-113.64,9,-115.49
1971,3404.46,6447.50,3.00,2,10,0.07,NLOS,115.52,-2.18,-93.12,-65.34,11.03,24.74,0,16,-108.56,9,-108.85,4,-111.04,7,-115.40,5,-116.40,14,-119.44
1972,3397.59,6447.50,3.00,2,10,0.07,NLOS,115.65,-2.18,-93.25,-65.46,10.90,24.74,0,16,-108.64,9,-108.88,4,-110.87,7,-115.40,5,-116.32,14,-119.50
1973,3390.72,6447.50,3.00,2,10,0.07,NLOS,115.78,-2.18,-93.38,-65.60,10.77,24.74,0,16,-108.72,9,-108.92,4,-110.70,7,-115.40,5,-116.24,14,-119.56
1974,3383.84,6447.50,3.00,2,10,0.07,NLOS,115.92,-2.18,-93.52,-65.74,10.63,24.74,0,16,-108.80,9,-108.96,4,-110.52,7,-115.41,5,-116.16,14,-119.61
1975,3376.97,6447.50,3.00,2,10,0.06,NLOS,116.07,-6.69,-89.16,-61.37,9.55,24.74,0,4,-102.40,15,-104.88,9,-107.87,5,-108.46,21,-108.81,8,-115.40
1976,3370.10,6447.50,3.00,2,10,0.06,NLOS,116.22,-6.69,-89.31,-61.53,9.35,24.74,0,4,-102.22,15,-105.01,9,-107.91,5,-108.38,21,-108.88,8,-115.40
1977,3363.23,6447.50,3.00,2,10,0.06,NLOS,116.37,-6.69,-89.46,-61.68,9.15,24.74,0,4,-102.04,15,-105.14,9,-107.95,5,-108.30,21,-108.95,8,-115.41
1978,3356.35,6447.50,3.00,2,10,0.06,NLOS,116.54,-6.69,-89.63,-61.84,8.94,24.74,0,4,-101.86,15,-105.27,9,-108.00,5,-108.22,21,-109.02,8,-115.42
1979,3349.48,6447.50,3.00,2,10,0.06,NLOS,116.70,7.57,-104.06,-76.28,-0.96,24.74,0,9,-106.83,4,-107.62,15,-111.50,3,-115.58,5,-116.33,14,-117.02
1980,3347.50,6452.39,3.00,1,10,0.06,NLOS,116.52,7.57,-103.88,-76.10,-0.73,24.74,0,9,-106.98,4,-107.60,15,-111.55,3,-115.63,5,-116.24,14,-117.09
1981,3347.50,6459.26,3.00,1,10,0.06,NLOS,116.20,7.57,-103.56,-75.78,-0.32,24.74,0,9,-107.17,4,-107.64,15,-111.58,3,-115.71,5,-116.15,14,-117.15
1982,3347.50,6466.14,3.00,1,10,0.07,NLOS,115.88,7.57,-103.23,-75.45,0.10,24.74,0,9,-107.35,4,-107.69,15,-111.60,3,-115.80,5,-116.05,14,-117.21
1983,3347.50,6473.01,3.00,1,10,0.07,NLOS,115.55,-1.21,-94.12,-66.34,1.41,24.74,0,9,-95.87,16,-109.28,4,-114.13,5,-115.60,15,-118.14,27,-118.80
1984,3347.50,6479.88,3.00,1,10,0.07,NLOS,115.21,-1.21,-93.79,-66.01,1.91,24.74,0,9,-96.05,16,-109.22,4,-114.18,5,-115.50,15,-118.17,27,-118.78
1985,3347.50,6486.76,3.00,1,10,0.07,NLOS,114.87,-1.21,-93.45,-65.67,2.41,24.74,0,9,-96.22,16,-109.15,4,-114.23,5,-115.41,15,-118.19,27,-118.77
1986,3347.50,6493.63,3.00,1,10,0.07,NLOS,114.53,-1.21,-93.10,-65.32,2.91,24.74,0,9,-96.40,16,-109.09,4,-114.29,5,-115.31,15,-118.22,27,-118.76
1987,3347.50,6500.50,3.00,1,10,0.08,NLOS,114.18,-6.49,-87.47,-59.69,14.90,24.74,0,9,-105.08,16,-107.33,4,-112.49,14,-116.39,15,-118.25,20,-119.62
1988,3347.50,6507.37,3.00,1,10,0.08,NLOS,113.83,-6.49,-87.12,-59.34,15.33,24.74,0,9,-105.25,16,-107.27,4,-112.55,14,-116.45,15,-118.28,20,-119.65
1989,3347.50,6514.25,3.00,1,10,0.08,NLOS,113.48,-6.49,-86.77,-58.98,15.75,24.74,0,9,-105.42,16,-107.20,4,-112.61,14,-116.52,15,-118.31,20,-119.67
1990,3347.50,6521.12,3.00,1,10,0.08,NLOS,113.12,-6.49,-86.41,-58.63,16.18,24.74,0,9,-105.59,16,-107.14,4,-112.67,14,-116.58,15,-118.34,20,-119.69
1991,3347.50,6527.99,3.00,1,10,0.09,NLOS,112.75,3.46,-96.00,-68.22,7.48,24.74,0,9,-105.80,14,-110.29,4,-111.88,5,-112.09,15,-114.55,16,-118.54
1992,3347.50,6534.87,3.00,1,10,0.09,NLOS,112.39,3.46,-95.63,-67.85,7.94,24.74,0,9,-105.96,14,-110.35,4,-111.94,5,-111.99,15,-114.58,16,-118.48
1993,3347.50,6541.74,3.00,1,10,0.09,NLOS,112.02,3.46,-95.26,-67.48,8.40,24.74,0,9,-106.13,14,-110.42,5,-111.90,4,-112.01,15,-114.61,16,-118.42
1994,3347.50,6548.61,3.00,1,10,0.10,NLOS,111.65,3.46,-94.89,-67.11,8.86,24.74,0,9,-106.29,14,-110.48,5,-111.80,4,-112.08,15,-114.64,16,-118.36
1995,3347.50,6555.48,3.00,1,10,0.10,NLOS,111.27,-2.80,-88.25,-60.47,4.88,24.74,0,9,-93.60,15,-107.57,5,-108.42,4,-109.16,16,-114.32,3,-117.47
1996,3347.50,6562.36,3.00,1,10,0.10,NLOS,110.90,-2.80,-87.88,-60.10,5.40,24.74,0,9,-93.76,15,-107.61,5,-108.33,4,-109.23,16,-114.26,3,-117.56
1997,3347.50,6569.23,3.00,1,10,0.11,NLOS,110.52,-2.80,-87.50,-59.72,5.92,24.74,0,9,-93.91,15,-107.64,5,-108.23,4,-109.30,16,-114.20,3,-117.64
1998,3347.50,6576.10,3.00,1,10,0.11,NLOS,110.14,-2.80,-87.12,-59.34,6.44,24.74,0,9,-94.07,15,-107.68,5,-108.13,4,-109.38,16,-114.14,3,-117.72
1999,3347.50,6582.97,3.00,1,10,0.12,NLOS,109.76,3.23,-92.78,-65.00,9.11,24.74,0,15,-105.00,9,-107.59,5,-109.14,3,-115.05,4,-115.74,12,-120.65
